Objeto actual,Objeto futuro,Acción,Dominio funcional,Responsabilidad,Datos existentes,PK,FK,Restricciones,Índices,Triggers,Funciones relacionadas,Escritores,Lectores,Endpoints consumidores,Dependencias React,Dependencias migraciones,Dependencias científicas,Dependencias,Riesgo,Prueba
alembic_version,alembic_version,KEEP,DBA / plataforma,"Head canónico de migración; Alembic lo administra, no el runtime científico.",1 (captura E10.10.1; no conteo nuevo),PRIMARY KEY (version_num),,,alembic_version_pkc: CREATE UNIQUE INDEX alembic_version_pkc ON public.alembic_version USING btree (version_num),,,Escritura procedimental/servicio: [scripts/db/verify_alembic_adoption.py:98](../../scripts/db/verify_alembic_adoption.py#L98),backend_api/app/routes/health.py:33; malaria_dl_local_project/src/malaria_dl/execution/schema.py:86; malaria_dl_local_project/src/malaria_dl/execution/schema.py:89; malaria_dataset_split_project/src/malaria_split/discovery/system_contract_auditor.py:12; malaria_dataset_split_project/src/malaria_split/discovery/system_contract_auditor.py:103; malaria_dataset_split_project/src/malaria_split/discovery/system_contract_auditor.py:104,backend_api/app/routes/health.py:33,Indirecta por frontend/src/services/api.ts; ver matriz de dependencias por dominio,,Preservar linaje/FK; no inferir resultados por tabla vacía,Sin padres FK,Medio: conservar contrato,Catálogo equivalente y prueba de contrato del consumidor; fixtures aisladas futuras; no ejecutadas
artifacts,artifacts,KEEP,ML / persistencia y consulta de ejecuciones,"Registro de archivos de run/checkpoint, URI, hash y disponibilidad; no almacén de bytes.",0 (captura E10.10.1; no conteo nuevo),PRIMARY KEY (id),artifacts_run_id_fkey: FOREIGN KEY (run_id) REFERENCES runs(id) ON DELETE CASCADE,"chk_artifacts_governance_status: CHECK (artifact_status = ANY (ARRAY['unknown'::text, 'available'::text, 'missing'::text, 'mutated'::text, 'archived'::text]))","artifacts_pkey: CREATE UNIQUE INDEX artifacts_pkey ON public.artifacts USING btree (id); idx_artifacts_artifact_type: CREATE INDEX idx_artifacts_artifact_type ON public.artifacts USING btree (artifact_type); idx_artifacts_checksum: CREATE INDEX idx_artifacts_checksum ON public.artifacts USING btree (checksum); idx_artifacts_governance_status: CREATE INDEX idx_artifacts_governance_status ON public.artifacts USING btree (artifact_status); idx_artifacts_metadata_source: CREATE INDEX idx_artifacts_metadata_source ON public.artifacts USING btree (((metadata ->> 'source'::text))); idx_artifacts_run_id: CREATE INDEX idx_artifacts_run_id ON public.artifacts USING btree (run_id); idx_artifacts_type_path: CREATE INDEX idx_artifacts_type_path ON public.artifacts USING btree (artifact_type, path); idx_artifacts_uri: CREATE INDEX idx_artifacts_uri ON public.artifacts USING btree (artifact_uri) WHERE (artifact_uri IS NOT NULL); uq_artifacts_id_run_id: CREATE UNIQUE INDEX uq_artifacts_id_run_id ON public.artifacts USING btree (id, run_id)",trg_artifacts_protect_governed_identity: CREATE TRIGGER trg_artifacts_protect_governed_identity BEFORE UPDATE ON artifacts FOR EACH ROW EXECUTE FUNCTION protect_governed_artifact_identity(),validate_deployed_model_version(),backend_api/app/services/case_gradcam.py:251; malaria_dl_local_project/src/malaria_dl/persistence/run_repository.py:1013; malaria_dl_local_project/src/malaria_dl/governance/services/contract_service.py:408; malaria_dl_local_project/src/malaria_dl/governance/services/training_model_version_finalizer.py:227; malaria_dl_local_project/src/malaria_dl/governance/services/stage2_availability_service.py:187; malaria_dl_local_project/src/malaria_dl/governance/services/stage2_availability_service.py:277; malaria_dl_local_project/db/init/024_model_version_artifact_governance.sql:66; malaria_dl_local_project/db/init/027_model_governance_backfill_constraints.sql:926,backend_api/app/config.py:127; backend_api/app/security.py:35; backend_api/app/main.py:8; backend_api/app/main.py:52; backend_api/app/repositories/cell_classification.py:220; backend_api/app/routes/artifacts.py:4; backend_api/app/routes/artifacts.py:7; backend_api/app/routes/runs.py:603; backend_api/app/routes/runs.py:664; backend_api/app/routes/runs.py:666; backend_api/app/routes/runs.py:682; backend_api/app/routes/runs.py:745; backend_api/app/routes/runs.py:746; backend_api/app/routes/runs.py:747; backend_api/app/routes/runs.py:748; backend_api/app/routes/assessments.py:82; backend_api/app/routes/assessments.py:83; backend_api/app/services/model_explanation_storage.py:10; backend_api/app/services/dataset_browser.py:10; backend_api/app/services/productive_model.py:392; backend_api/app/services/productive_model.py:1060; backend_api/app/services/cell_explanation_storage.py:32; backend_api/app/services/cell_explanation_storage.py:195; backend_api/app/services/cell_explanation_storage.py:196; backend_api/app/services/cell_explanation_storage.py:206; backend_api/app/services/case_gradcam.py:19; backend_api/app/services/case_gradcam.py:251; backend_api/app/services/artifacts.py:23; backend_api/app/services/artifacts.py:119; backend_api/app/services/explainability.py:8; backend_api/app/services/explainability.py:83; backend_api/app/services/explainability.py:87; malaria_dl_local_project/src/malaria_dl/local_execution/backend.py:12; malaria_dl_local_project/src/malaria_dl/local_execution/backend.py:25; malaria_dl_local_project/src/malaria_dl/training/trainer.py:403; malaria_dl_local_project/src/malaria_dl/training/trainer.py:468; malaria_dl_local_project/src/malaria_dl/training/trainer.py:1728; malaria_dl_local_project/src/malaria_dl/training/trainer.py:1777; malaria_dl_local_project/src/malaria_dl/science/comparison.py:111; malaria_dl_local_project/src/malaria_dl/assessment/service.py:8; malaria_dl_local_project/src/malaria_dl/assessment/service.py:143; malaria_dl_local_project/src/malaria_dl/assessment/service.py:145; malaria_dl_local_project/src/malaria_dl/assessment/service.py:154; malaria_dl_local_project/src/malaria_dl/assessment/service.py:155; malaria_dl_local_project/src/malaria_dl/assessment/service.py:167; malaria_dl_local_project/src/malaria_dl/assessment/service.py:170; malaria_dl_local_project/src/malaria_dl/assessment/service.py:175; malaria_dl_local_project/src/malaria_dl/assessment/service.py:186; malaria_dl_local_project/src/malaria_dl/assessment/service.py:222; malaria_dl_local_project/src/malaria_dl/assessment/service.py:225; malaria_dl_local_project/src/malaria_dl/assessment/service.py:233; malaria_dl_local_project/src/malaria_dl/assessment/runtime.py:8; malaria_dl_local_project/src/malaria_dl/assessment/cli.py:28; malaria_dl_local_project/src/malaria_dl/assessment/lineage.py:15; malaria_dl_local_project/src/malaria_dl/assessment/lineage.py:103; malaria_dl_local_project/src/malaria_dl/assessment/repository.py:113; malaria_dl_local_project/src/malaria_dl/execution/process_verification.py:21; malaria_dl_local_project/src/malaria_dl/execution/completion.py:195; malaria_dl_local_project/src/malaria_dl/execution/completion.py:196; malaria_dl_local_project/src/malaria_dl/execution/completion.py:198; malaria_dl_local_project/src/malaria_dl/execution/controlled.py:124; malaria_dl_local_project/src/malaria_dl/execution/controlled.py:201; malaria_dl_local_project/src/malaria_dl/execution/controlled.py:253; malaria_dl_local_project/src/malaria_dl/execution/campaign.py:19; malaria_dl_local_project/src/malaria_dl/execution/train.py:8; malaria_dl_local_project/src/malaria_dl/execution/train.py:321; malaria_dl_local_project/src/malaria_dl/execution/artifacts.py:32; malaria_dl_local_project/src/malaria_dl/execution/artifacts.py:72; malaria_dl_local_project/src/malaria_dl/execution/repository.py:309; malaria_dl_local_project/src/malaria_dl/persistence/run_repository.py:987; malaria_dl_local_project/src/malaria_dl/persistence/run_repository.py:1013; malaria_dl_local_project/src/malaria_dl/persistence/lineage.py:199; malaria_dl_local_project/src/malaria_dl/persistence/lineage.py:324; malaria_dl_local_project/src/malaria_dl/persistence/lineage.py:326; malaria_dl_local_project/src/malaria_dl/persistence/tracking.py:1285; malaria_dl_local_project/src/malaria_dl/persistence/tracking.py:1286; malaria_dl_local_project/src/malaria_dl/persistence/tracking.py:1290; malaria_dl_local_project/src/malaria_dl/governance/releases.py:49; malaria_dl_local_project/src/malaria_dl/governance/repository.py:208; malaria_dl_local_project/src/malaria_dl/inference/traceable.py:49; malaria_dl_local_project/src/malaria_dl/inference/ensemble.py:90; malaria_dl_local_project/src/malaria_dl/evaluation/evaluation_training_lineage_service.py:136; malaria_dl_local_project/src/malaria_dl/evaluation/evaluation_training_lineage_service.py:314; malaria_dl_local_project/src/malaria_dl/governance/services/prepare_release_service.py:179; malaria_dl_local_project/src/malaria_dl/governance/services/deployment_service.py:18; malaria_dl_local_project/src/malaria_dl/governance/services/deployment_service.py:46; malaria_dl_local_project/src/malaria_dl/governance/services/deployment_service.py:147; malaria_dl_local_project/src/malaria_dl/governance/services/contract_service.py:71; malaria_dl_local_project/src/malaria_dl/governance/services/contract_service.py:408; malaria_dl_local_project/src/malaria_dl/governance/services/stage2_publication_service.py:30; malaria_dl_local_project/src/malaria_dl/governance/services/stage2_publication_service.py:218; malaria_dl_local_project/src/malaria_dl/governance/services/training_model_version_finalizer.py:127; malaria_dl_local_project/src/malaria_dl/governance/services/training_model_version_finalizer.py:131; malaria_dl_local_project/src/malaria_dl/governance/services/training_model_version_finalizer.py:140; malaria_dl_local_project/src/malaria_dl/governance/services/training_model_version_finalizer.py:144; malaria_dl_local_project/src/malaria_dl/governance/services/training_model_version_finalizer.py:152; malaria_dl_local_project/src/malaria_dl/governance/services/training_model_version_finalizer.py:157; malaria_dl_local_project/src/malaria_dl/governance/services/training_model_version_finalizer.py:227; malaria_dl_local_project/src/malaria_dl/governance/services/stage2_availability_service.py:182; malaria_dl_local_project/src/malaria_dl/governance/services/stage2_availability_service.py:187; malaria_dl_local_project/src/malaria_dl/governance/services/stage2_availability_service.py:277; malaria_dl_local_project/src/malaria_dl/governance/services/stage2_availability_service.py:334; malaria_dataset_split_project/src/malaria_split/discovery/system_contract_auditor.py:10; frontend/src/types/api.ts:556; frontend/src/pages/RunDetail.tsx:433; frontend/src/pages/RunDetail.tsx:664; frontend/src/pages/RunDetail.tsx:1097; frontend/src/services/api.ts:618; frontend/src/services/api.ts:1224,backend_api/app/routes/artifacts.py:4; backend_api/app/routes/artifacts.py:7; backend_api/app/routes/runs.py:603; backend_api/app/routes/runs.py:664; backend_api/app/routes/runs.py:666; backend_api/app/routes/runs.py:682; backend_api/app/routes/runs.py:745; backend_api/app/routes/runs.py:746; backend_api/app/routes/runs.py:747; backend_api/app/routes/runs.py:748; backend_api/app/routes/assessments.py:82; backend_api/app/routes/assessments.py:83,Indirecta por frontend/src/services/api.ts; ver matriz de dependencias por dominio,alembic/versions/20260728_01_cell_classification_and_explainability.py:1; alembic/versions/20260829_01_persist_training_release_status.py:53; alembic/versions/20260829_01_persist_training_release_status.py:133; malaria_dl_local_project/db/init/009_uploaded_predictions_views.sql:5; malaria_dl_local_project/db/init/009_uploaded_predictions_views.sql:7; malaria_dl_local_project/db/init/009_uploaded_predictions_views.sql:86; malaria_dl_local_project/db/init/007_case_level_explainability_views.sql:145; malaria_dl_local_project/db/init/007_case_level_explainability_views.sql:146; malaria_dl_local_project/db/init/007_case_level_explainability_views.sql:147; malaria_dl_local_project/db/init/007_case_level_explainability_views.sql:148; malaria_dl_local_project/db/init/007_case_level_explainability_views.sql:149; malaria_dl_local_project/db/init/007_case_level_explainability_views.sql:151; malaria_dl_local_project/db/init/007_case_level_explainability_views.sql:152; malaria_dl_local_project/db/init/007_case_level_explainability_views.sql:153; malaria_dl_local_project/db/init/007_case_level_explainability_views.sql:157; malaria_dl_local_project/db/init/007_case_level_explainability_views.sql:158; malaria_dl_local_project/db/init/007_case_level_explainability_views.sql:161; malaria_dl_local_project/db/init/028_stage2_model_availability.sql:25; malaria_dl_local_project/db/init/001_schema.sql:182; malaria_dl_local_project/db/init/024_model_version_artifact_governance.sql:59; malaria_dl_local_project/db/init/024_model_version_artifact_governance.sql:62; malaria_dl_local_project/db/init/024_model_version_artifact_governance.sql:66; malaria_dl_local_project/db/init/024_model_version_artifact_governance.sql:70; malaria_dl_local_project/db/init/024_model_version_artifact_governance.sql:73; malaria_dl_local_project/db/init/024_model_version_artifact_governance.sql:76; malaria_dl_local_project/db/init/024_model_version_artifact_governance.sql:239; malaria_dl_local_project/db/init/024_model_version_artifact_governance.sql:242; malaria_dl_local_project/db/init/024_model_version_artifact_governance.sql:288; malaria_dl_local_project/db/init/024_model_version_artifact_governance.sql:332; malaria_dl_local_project/db/init/024_model_version_artifact_governance.sql:335; malaria_dl_local_project/db/init/024_model_version_artifact_governance.sql:338; malaria_dl_local_project/db/init/024_model_version_artifact_governance.sql:371; malaria_dl_local_project/db/init/024_model_version_artifact_governance.sql:397; malaria_dl_local_project/db/init/024_model_version_artifact_governance.sql:436; malaria_dl_local_project/db/init/024_model_version_artifact_governance.sql:475; malaria_dl_local_project/db/init/024_model_version_artifact_governance.sql:494; malaria_dl_local_project/db/init/017_clinical_run_tracking.sql:248; malaria_dl_local_project/db/init/002_indexes.sql:13; malaria_dl_local_project/db/init/026_inference_jobs.sql:71; malaria_dl_local_project/db/init/026_inference_jobs.sql:558; malaria_dl_local_project/db/init/026_inference_jobs.sql:571; malaria_dl_local_project/db/init/018_visual_audit_views.sql:444; malaria_dl_local_project/db/init/018_visual_audit_views.sql:462; malaria_dl_local_project/db/init/008_case_level_explainability_indexes.sql:17; malaria_dl_local_project/db/init/027_model_governance_backfill_constraints.sql:27; malaria_dl_local_project/db/init/027_model_governance_backfill_constraints.sql:143; malaria_dl_local_project/db/init/027_model_governance_backfill_constraints.sql:349; malaria_dl_local_project/db/init/027_model_governance_backfill_constraints.sql:602; malaria_dl_local_project/db/init/027_model_governance_backfill_constraints.sql:921; malaria_dl_local_project/db/init/027_model_governance_backfill_constraints.sql:926,Preservar linaje/FK; no inferir resultados por tabla vacía,`runs`,Medio: conservar contrato,Catálogo equivalente y prueba de contrato del consumidor; fixtures aisladas futuras; no ejecutadas
assessment_artifacts,assessment_artifacts,KEEP,Evaluación científica / assessments,"Evidencia de archivos por intento/muestra/rol, con payload inmutable y artifact_id único.",0 (captura E10.10.1; no conteo nuevo),"PRIMARY KEY (attempt_id, sample_id, role)",assessment_artifacts_attempt_id_fkey: FOREIGN KEY (attempt_id) REFERENCES assessment_attempts(id),assessment_artifacts_artifact_id_key: UNIQUE (artifact_id); assessment_artifacts_payload_check: CHECK (jsonb_typeof(payload) = 'object'::text); assessment_artifacts_payload_check1: CHECK ((payload ->> 'sha256'::text) IS NOT NULL AND (payload ->> 'sha256'::text) ~ '^[a-f0-9]{64}$'::text); assessment_artifacts_payload_check2: CHECK (NOT jsonb_typeof(payload -> 'bytes'::text) IS DISTINCT FROM 'number'::text AND ((payload ->> 'bytes'::text)::bigint) > 0); assessment_artifacts_payload_check3: CHECK (NOT (payload ->> 'state'::text) IS DISTINCT FROM 'finalized'::text),"assessment_artifacts_artifact_id_key: CREATE UNIQUE INDEX assessment_artifacts_artifact_id_key ON public.assessment_artifacts USING btree (artifact_id); assessment_artifacts_pkey: CREATE UNIQUE INDEX assessment_artifacts_pkey ON public.assessment_artifacts USING btree (attempt_id, sample_id, role)",assessment_artifact_guard: CREATE TRIGGER assessment_artifact_guard BEFORE INSERT OR DELETE OR UPDATE ON assessment_artifacts FOR EACH ROW EXECUTE FUNCTION assessment_result_guard(),assessment_attempt_guard(),malaria_dl_local_project/src/malaria_dl/assessment/repository.py:162; alembic/versions/20260912_02_assessments.py:141,backend_api/app/routes/assessments.py:91; malaria_dl_local_project/src/malaria_dl/assessment/repository.py:118; malaria_dl_local_project/src/malaria_dl/assessment/repository.py:162,backend_api/app/routes/assessments.py:91,Indirecta por frontend/src/services/api.ts; ver matriz de dependencias por dominio,alembic/versions/20260912_02_assessments.py:94; alembic/versions/20260912_02_assessments.py:141; alembic/versions/20260912_02_assessments.py:162,Preservar linaje/FK; no inferir resultados por tabla vacía,`assessment_attempts`,Medio: conservar contrato,Catálogo equivalente y prueba de contrato del consumidor; fixtures aisladas futuras; no ejecutadas
assessment_attempts,assessment_attempts,KEEP,Evaluación científica / assessments,"Intento autorizado evaluate/explain; owner, ordinal, estado y verificación final.",0 (captura E10.10.1; no conteo nuevo),PRIMARY KEY (id),assessment_attempts_identity_id_fkey: FOREIGN KEY (identity_id) REFERENCES assessment_identities(id),"assessment_attempts_artifact_root_key: UNIQUE (artifact_root); assessment_attempts_check: CHECK (state <> 'verified'::text OR verification IS NOT NULL); assessment_attempts_identity_id_ordinal_key: UNIQUE (identity_id, ordinal); assessment_attempts_ordinal_check: CHECK (ordinal > 0); assessment_attempts_pid_check: CHECK (pid > 0); assessment_attempts_state_check: CHECK (state = ANY (ARRAY['active'::text, 'verified'::text, 'failed'::text, 'interrupted'::text]))","assessment_attempts_artifact_root_key: CREATE UNIQUE INDEX assessment_attempts_artifact_root_key ON public.assessment_attempts USING btree (artifact_root); assessment_attempts_identity_id_ordinal_key: CREATE UNIQUE INDEX assessment_attempts_identity_id_ordinal_key ON public.assessment_attempts USING btree (identity_id, ordinal); assessment_attempts_pkey: CREATE UNIQUE INDEX assessment_attempts_pkey ON public.assessment_attempts USING btree (id); uq_assessment_live: CREATE UNIQUE INDEX uq_assessment_live ON public.assessment_attempts USING btree (identity_id) WHERE (state = ANY (ARRAY['active'::text, 'verified'::text])); uq_global_assessment_active: CREATE UNIQUE INDEX uq_global_assessment_active ON public.assessment_attempts USING btree ((true)) WHERE (state = 'active'::text)",assessment_attempt_guard: CREATE TRIGGER assessment_attempt_guard BEFORE INSERT OR DELETE OR UPDATE ON assessment_attempts FOR EACH ROW EXECUTE FUNCTION assessment_attempt_guard(); global_assessment_reservation: CREATE TRIGGER global_assessment_reservation BEFORE INSERT OR UPDATE ON assessment_attempts FOR EACH ROW EXECUTE FUNCTION experiment_reservation_guard(),assessment_result_guard(); experiment_reservation_guard(),malaria_dl_local_project/src/malaria_dl/assessment/repository.py:70; malaria_dl_local_project/src/malaria_dl/assessment/repository.py:129; malaria_dl_local_project/src/malaria_dl/assessment/repository.py:179; alembic/versions/20260912_02_assessments.py:115; alembic/versions/20260912_02_assessments.py:168; alembic/versions/20260914_02_global_execution.py:40,backend_api/app/routes/assessments.py:24; backend_api/app/routes/assessments.py:47; malaria_dl_local_project/src/malaria_dl/local_execution/backend.py:99; malaria_dl_local_project/src/malaria_dl/science/repository.py:109; malaria_dl_local_project/src/malaria_dl/assessment/repository.py:53; malaria_dl_local_project/src/malaria_dl/assessment/repository.py:64; malaria_dl_local_project/src/malaria_dl/assessment/repository.py:70; malaria_dl_local_project/src/malaria_dl/assessment/repository.py:87; malaria_dl_local_project/src/malaria_dl/assessment/repository.py:129; malaria_dl_local_project/src/malaria_dl/assessment/repository.py:179; malaria_dl_local_project/src/malaria_dl/execution/global_gate.py:329,backend_api/app/routes/assessments.py:24; backend_api/app/routes/assessments.py:47,Indirecta por frontend/src/services/api.ts; ver matriz de dependencias por dominio,alembic/versions/20260912_02_assessments.py:80; alembic/versions/20260912_02_assessments.py:88; alembic/versions/20260912_02_assessments.py:90; alembic/versions/20260912_02_assessments.py:95; alembic/versions/20260912_02_assessments.py:115; alembic/versions/20260912_02_assessments.py:168; alembic/versions/20260914_02_global_execution.py:31; alembic/versions/20260914_02_global_execution.py:33; alembic/versions/20260914_02_global_execution.py:40; alembic/versions/20260914_02_global_execution.py:42,Preservar linaje/FK; no inferir resultados por tabla vacía,`assessment_identities`,Medio: conservar contrato,Catálogo equivalente y prueba de contrato del consumidor; fixtures aisladas futuras; no ejecutadas
assessment_campaign_consumers,assessment_campaign_consumers,KEEP,Evaluación científica / assessments,"Consumo gobernado de identidad assessment por campaña/miembro, sin duplicar ejecución.",0 (captura E10.10.1; no conteo nuevo),"PRIMARY KEY (campaign_id, member_id, identity_id)",assessment_campaign_consumers_campaign_id_fkey: FOREIGN KEY (campaign_id) REFERENCES experimental_campaigns(id); assessment_campaign_consumers_identity_id_fkey: FOREIGN KEY (identity_id) REFERENCES assessment_identities(id); assessment_campaign_consumers_member_id_fkey: FOREIGN KEY (member_id) REFERENCES campaign_members(id),,"assessment_campaign_consumers_pkey: CREATE UNIQUE INDEX assessment_campaign_consumers_pkey ON public.assessment_campaign_consumers USING btree (campaign_id, member_id, identity_id)",assessment_consumer_guard: CREATE TRIGGER assessment_consumer_guard BEFORE INSERT ON assessment_campaign_consumers FOR EACH ROW EXECUTE FUNCTION assessment_consumer_guard(); assessment_consumer_immutable: CREATE TRIGGER assessment_consumer_immutable BEFORE DELETE OR UPDATE ON assessment_campaign_consumers FOR EACH ROW EXECUTE FUNCTION assessment_immutable(),,malaria_dl_local_project/src/malaria_dl/assessment/repository.py:191; alembic/versions/20260912_02_assessments.py:110,backend_api/app/routes/assessments.py:26; malaria_dl_local_project/src/malaria_dl/assessment/repository.py:191,backend_api/app/routes/assessments.py:26,Indirecta por frontend/src/services/api.ts; ver matriz de dependencias por dominio,alembic/versions/20260912_02_assessments.py:102; alembic/versions/20260912_02_assessments.py:110; alembic/versions/20260912_02_assessments.py:183,Preservar linaje/FK; no inferir resultados por tabla vacía,"`assessment_identities`, `campaign_members`, `experimental_campaigns`",Medio: conservar contrato,Catálogo equivalente y prueba de contrato del consumidor; fixtures aisladas futuras; no ejecutadas
assessment_final_locks,assessment_final_locks,KEEP,Evaluación científica / assessments,Compromiso previo de candidato/decisión que habilita evaluación final TEST.,0 (captura E10.10.1; no conteo nuevo),PRIMARY KEY (id),,assessment_final_locks_check: CHECK (NOT (evidence ->> 'identity_hash'::text) IS DISTINCT FROM identity_hash); assessment_final_locks_evidence_check: CHECK (jsonb_typeof(evidence) = 'object'::text); assessment_final_locks_evidence_check1: CHECK (NOT (evidence ->> 'status'::text) IS DISTINCT FROM 'locked'::text); assessment_final_locks_evidence_check2: CHECK (NOT jsonb_typeof(evidence -> 'candidate'::text) IS DISTINCT FROM 'object'::text); assessment_final_locks_evidence_check3: CHECK (NOT jsonb_typeof(evidence -> 'decision'::text) IS DISTINCT FROM 'object'::text); assessment_final_locks_identity_hash_check: CHECK (identity_hash ~ '^[a-f0-9]{64}$'::text); assessment_final_locks_identity_hash_key: UNIQUE (identity_hash),assessment_final_locks_identity_hash_key: CREATE UNIQUE INDEX assessment_final_locks_identity_hash_key ON public.assessment_final_locks USING btree (identity_hash); assessment_final_locks_pkey: CREATE UNIQUE INDEX assessment_final_locks_pkey ON public.assessment_final_locks USING btree (id),assessment_lock_immutable: CREATE TRIGGER assessment_lock_immutable BEFORE DELETE OR UPDATE ON assessment_final_locks FOR EACH ROW EXECUTE FUNCTION assessment_immutable(),assessment_attempt_guard(),malaria_dl_local_project/src/malaria_dl/science/repository.py:228; alembic/versions/20260912_02_assessments.py:109,malaria_dl_local_project/src/malaria_dl/science/repository.py:228; malaria_dl_local_project/src/malaria_dl/science/repository.py:236,Indirectos por servicio o CLI; ver responsabilidad,Indirecta por frontend/src/services/api.ts; ver matriz de dependencias por dominio,alembic/versions/20260912_02_assessments.py:71; alembic/versions/20260912_02_assessments.py:109; alembic/versions/20260912_02_assessments.py:149,Preservar linaje/FK; no inferir resultados por tabla vacía,Sin padres FK,Medio: conservar contrato,Catálogo equivalente y prueba de contrato del consumidor; fixtures aisladas futuras; no ejecutadas
assessment_identities,assessment_identities,KEEP,Evaluación científica / assessments,Identidad canónica y hashes de modelo/dataset/población/protocolo de assessment.,0 (captura E10.10.1; no conteo nuevo),PRIMARY KEY (id),assessment_identities_training_run_id_fkey: FOREIGN KEY (training_run_id) REFERENCES runs(id),"assessment_identities_check: CHECK (NOT canonical_identity::jsonb IS DISTINCT FROM identity); assessment_identities_check1: CHECK (identity_hash = encode(sha256(convert_to(canonical_identity, 'UTF8'::name)), 'hex'::text)); assessment_identities_check2: CHECK (NOT (identity ->> 'kind'::text) IS DISTINCT FROM kind); assessment_identities_check3: CHECK (NOT ((identity -> 'model'::text) ->> 'training_run_id'::text) IS DISTINCT FROM training_run_id::text); assessment_identities_identity_check: CHECK (jsonb_typeof(identity) = 'object'::text); assessment_identities_identity_check1: CHECK (NOT (identity ->> 'schema'::text) IS DISTINCT FROM 'assessment_identity_v1'::text); assessment_identities_identity_check10: CHECK (NOT jsonb_typeof((identity -> 'decision'::text) -> 'effective'::text) IS DISTINCT FROM 'number'::text); assessment_identities_identity_check11: CHECK ((((identity -> 'decision'::text) ->> 'effective'::text)::numeric) >= 0::numeric AND (((identity -> 'decision'::text) ->> 'effective'::text)::numeric) <= 1::numeric); assessment_identities_identity_check12: CHECK (NOT ((identity -> 'decision'::text) ->> 'score_domain'::text) IS DISTINCT FROM 'raw'::text); assessment_identities_identity_check13: CHECK (NOT ((identity -> 'decision'::text) ->> 'comparison'::text) IS DISTINCT FROM '>='::text); assessment_identities_identity_check14: CHECK (NOT jsonb_typeof(identity -> 'dataset'::text) IS DISTINCT FROM 'object'::text); assessment_identities_identity_check2: CHECK (NOT jsonb_typeof(identity -> 'samples'::text) IS DISTINCT FROM 'array'::text); assessment_identities_identity_check3: CHECK (jsonb_array_length(identity -> 'samples'::text) > 0); assessment_identities_identity_check4: CHECK ((identity ->> 'purpose'::text) = 'development'::text AND ((identity ->> 'split'::text) = ANY (ARRAY['train'::text, 'val'::text])) OR (identity ->> 'purpose'::text) = 'final'::text AND (identity ->> 'split'::text) = 'test'::text); assessment_identities_identity_check5: CHECK ((identity ->> 'purpose'::text) IS NOT NULL AND (identity ->> 'split'::text) IS NOT NULL); assessment_identities_identity_check6: CHECK (NOT jsonb_typeof((identity -> 'model'::text) -> 'input_contract'::text) IS DISTINCT FROM 'object'::text); assessment_identities_identity_check7: CHECK (((identity -> 'model'::text) ->> 'sha256'::text) IS NOT NULL AND ((identity -> 'model'::text) ->> 'sha256'::text) ~ '^[a-f0-9]{64}$'::text); assessment_identities_identity_check8: CHECK (((identity -> 'model'::text) ->> 'model_version_id'::text) IS NOT NULL AND (((identity -> 'model'::text) ->> 'model_version_id'::text)::uuid) IS NOT NULL); assessment_identities_identity_check9: CHECK (((identity -> 'model'::text) ->> 'checkpoint_artifact_id'::text) IS NOT NULL AND (((identity -> 'model'::text) ->> 'checkpoint_artifact_id'::text)::uuid) IS NOT NULL); assessment_identities_identity_hash_check: CHECK (identity_hash ~ '^[a-f0-9]{64}$'::text); assessment_identities_identity_hash_key: UNIQUE (identity_hash); assessment_identities_kind_check: CHECK (kind = ANY (ARRAY['evaluate'::text, 'explain'::text])); assessment_identities_structural_hash_key: UNIQUE (structural_hash)",assessment_identities_identity_hash_key: CREATE UNIQUE INDEX assessment_identities_identity_hash_key ON public.assessment_identities USING btree (identity_hash); assessment_identities_pkey: CREATE UNIQUE INDEX assessment_identities_pkey ON public.assessment_identities USING btree (id); assessment_identities_structural_hash_key: CREATE UNIQUE INDEX assessment_identities_structural_hash_key ON public.assessment_identities USING btree (structural_hash),assessment_identity_guard: CREATE TRIGGER assessment_identity_guard BEFORE INSERT ON assessment_identities FOR EACH ROW EXECUTE FUNCTION assessment_identity_guard(); assessment_identity_immutable: CREATE TRIGGER assessment_identity_immutable BEFORE DELETE OR UPDATE ON assessment_identities FOR EACH ROW EXECUTE FUNCTION assessment_immutable(),assessment_attempt_guard(); assessment_consumer_guard(); assessment_result_guard(),malaria_dl_local_project/src/malaria_dl/assessment/repository.py:27; malaria_dl_local_project/src/malaria_dl/assessment/repository.py:40; alembic/versions/20260912_02_assessments.py:108; alembic/versions/20260912_02_assessments.py:146,backend_api/app/routes/assessments.py:24; backend_api/app/routes/assessments.py:48; malaria_dl_local_project/src/malaria_dl/science/repository.py:110; malaria_dl_local_project/src/malaria_dl/assessment/repository.py:27; malaria_dl_local_project/src/malaria_dl/assessment/repository.py:40; malaria_dl_local_project/src/malaria_dl/assessment/repository.py:99,backend_api/app/routes/assessments.py:24; backend_api/app/routes/assessments.py:48,Indirecta por frontend/src/services/api.ts; ver matriz de dependencias por dominio,alembic/versions/20260912_02_assessments.py:28; alembic/versions/20260912_02_assessments.py:70; alembic/versions/20260912_02_assessments.py:81; alembic/versions/20260912_02_assessments.py:104; alembic/versions/20260912_02_assessments.py:108; alembic/versions/20260912_02_assessments.py:118; alembic/versions/20260912_02_assessments.py:120; alembic/versions/20260912_02_assessments.py:146; alembic/versions/20260912_02_assessments.py:172,Preservar linaje/FK; no inferir resultados por tabla vacía,`runs`,Medio: conservar contrato,Catálogo equivalente y prueba de contrato del consumidor; fixtures aisladas futuras; no ejecutadas
assessment_results,assessment_results,REFACTOR,Evaluación científica / assessments,"Evidencia por intento/muestra; scores o explicación, append-only, proyección tipada v2.",0 (captura E10.10.1; no conteo nuevo),"PRIMARY KEY (attempt_id, sample_id)",assessment_results_attempt_id_fkey: FOREIGN KEY (attempt_id) REFERENCES assessment_attempts(id),assessment_results_check: CHECK (NOT (payload ->> 'sample_id'::text) IS DISTINCT FROM sample_id::text); assessment_results_payload_check: CHECK (jsonb_typeof(payload) = 'object'::text),"assessment_results_pkey: CREATE UNIQUE INDEX assessment_results_pkey ON public.assessment_results USING btree (attempt_id, sample_id)",assessment_result_guard: CREATE TRIGGER assessment_result_guard BEFORE INSERT OR DELETE OR UPDATE ON assessment_results FOR EACH ROW EXECUTE FUNCTION assessment_result_guard(),assessment_attempt_guard(); assessment_result_guard(),malaria_dl_local_project/src/malaria_dl/assessment/repository.py:151; alembic/versions/20260912_02_assessments.py:140,backend_api/app/routes/assessments.py:72; malaria_dl_local_project/src/malaria_dl/science/comparison.py:229; malaria_dl_local_project/src/malaria_dl/assessment/repository.py:108; malaria_dl_local_project/src/malaria_dl/assessment/repository.py:142; malaria_dl_local_project/src/malaria_dl/assessment/repository.py:151,backend_api/app/routes/assessments.py:72,Indirecta por frontend/src/services/api.ts; ver matriz de dependencias por dominio,alembic/versions/20260912_02_assessments.py:89; alembic/versions/20260912_02_assessments.py:122; alembic/versions/20260912_02_assessments.py:140; alembic/versions/20260912_02_assessments.py:158,Preservar linaje/FK; no inferir resultados por tabla vacía,`assessment_attempts`,Alto,Catálogo equivalente y prueba de contrato del consumidor; fixtures aisladas futuras; no ejecutadas
audit_events,audit_events,KEEP,Backend / seguridad y auditoría,Auditoría de seguridad y operaciones; login no es ejecución experimental.,1 (captura E10.10.1; no conteo nuevo),PRIMARY KEY (id),audit_events_actor_user_id_fkey: FOREIGN KEY (actor_user_id) REFERENCES users(id) ON DELETE RESTRICT,,"audit_events_pkey: CREATE UNIQUE INDEX audit_events_pkey ON public.audit_events USING btree (id); ix_audit_events_actor: CREATE INDEX ix_audit_events_actor ON public.audit_events USING btree (actor_user_id, created_at); ix_audit_events_created_at: CREATE INDEX ix_audit_events_created_at ON public.audit_events USING btree (created_at); ix_audit_events_resource: CREATE INDEX ix_audit_events_resource ON public.audit_events USING btree (resource_type, resource_id, created_at)",audit_events_append_only: CREATE TRIGGER audit_events_append_only BEFORE DELETE OR UPDATE ON audit_events FOR EACH ROW EXECUTE FUNCTION prevent_audit_event_mutation(),campaign_audit(); campaign_guard(); prevent_audit_event_mutation(),backend_api/app/audit.py:61; malaria_dl_local_project/src/malaria_dl/science/repository.py:124; malaria_dl_local_project/src/malaria_dl/persistence/dataset_evidence.py:54; alembic/versions/20260911_01_experimental_campaigns.py:267; alembic/versions/20260726_02_audit_events.py:39,backend_api/app/audit.py:61; backend_api/app/audit.py:98; malaria_dl_local_project/src/malaria_dl/science/repository.py:124; malaria_dl_local_project/src/malaria_dl/science/repository.py:146; malaria_dl_local_project/src/malaria_dl/persistence/dataset_evidence.py:1; malaria_dl_local_project/src/malaria_dl/persistence/dataset_evidence.py:33; malaria_dl_local_project/src/malaria_dl/persistence/dataset_evidence.py:54,Indirectos por servicio o CLI; ver responsabilidad,Indirecta por frontend/src/services/api.ts; ver matriz de dependencias por dominio,alembic/versions/20260911_01_experimental_campaigns.py:21; alembic/versions/20260911_01_experimental_campaigns.py:102; alembic/versions/20260911_01_experimental_campaigns.py:267; alembic/versions/20260726_02_audit_events.py:13; alembic/versions/20260726_02_audit_events.py:31; alembic/versions/20260726_02_audit_events.py:32; alembic/versions/20260726_02_audit_events.py:33; alembic/versions/20260726_02_audit_events.py:36; alembic/versions/20260726_02_audit_events.py:39; alembic/versions/20260726_02_audit_events.py:46; alembic/versions/20260726_02_audit_events.py:48,Preservar linaje/FK; no inferir resultados por tabla vacía,`users`,Medio: conservar contrato,Catálogo equivalente y prueba de contrato del consumidor; fixtures aisladas futuras; no ejecutadas
blood_samples,blood_samples,KEEP,Backend / microscopía científica,"Muestra biológica de un caso y su identidad de ingestión, archivo y procedencia.",0 (captura E10.10.1; no conteo nuevo),PRIMARY KEY (id),blood_samples_archived_by_fkey: FOREIGN KEY (archived_by) REFERENCES users(id) ON DELETE RESTRICT; blood_samples_case_id_fkey: FOREIGN KEY (case_id) REFERENCES scientific_cases(id) ON DELETE RESTRICT; blood_samples_created_by_fkey: FOREIGN KEY (created_by) REFERENCES users(id) ON DELETE RESTRICT; blood_samples_updated_by_fkey: FOREIGN KEY (updated_by) REFERENCES users(id) ON DELETE RESTRICT,"blood_samples_metadata_json_check: CHECK (jsonb_typeof(metadata_json) = 'object'::text); blood_samples_sample_code_check: CHECK (btrim(sample_code::text) <> ''::text); blood_samples_status_check: CHECK (status::text = ANY (ARRAY['registered'::character varying::text, 'received'::character varying::text, 'prepared'::character varying::text, 'archived'::character varying::text])); ck_blood_sample_archive_state: CHECK (status::text <> 'archived'::text AND archived_at IS NULL AND archived_by IS NULL OR status::text = 'archived'::text AND archived_at IS NOT NULL AND archived_by IS NOT NULL); ck_blood_sample_chronology: CHECK (collected_at IS NULL OR received_at IS NULL OR received_at >= collected_at); ck_blood_samples_expected_count: CHECK (expected_image_count IS NULL OR expected_image_count > 0); ck_blood_samples_identity_origin: CHECK (sample_identity_origin::text = ANY (ARRAY['external_system'::character varying::text, 'generated_by_capstone'::character varying::text, 'derived_import_profile'::character varying::text])); ck_blood_samples_ingestion_status: CHECK (ingestion_status IS NULL OR (ingestion_status::text = ANY (ARRAY['pending'::character varying::text, 'incomplete'::character varying::text, 'complete'::character varying::text, 'inconsistent'::character varying::text, 'rejected'::character varying::text]))); uq_blood_samples_case_code: UNIQUE (case_id, sample_code)","blood_samples_pkey: CREATE UNIQUE INDEX blood_samples_pkey ON public.blood_samples USING btree (id); ix_blood_samples_case: CREATE INDEX ix_blood_samples_case ON public.blood_samples USING btree (case_id); ix_blood_samples_status_created: CREATE INDEX ix_blood_samples_status_created ON public.blood_samples USING btree (status, created_at DESC); uq_blood_samples_case_code: CREATE UNIQUE INDEX uq_blood_samples_case_code ON public.blood_samples USING btree (case_id, sample_code); uq_blood_samples_external_identity: CREATE UNIQUE INDEX uq_blood_samples_external_identity ON public.blood_samples USING btree (case_id, source_system, external_sample_id) WHERE (external_sample_id IS NOT NULL)",,,backend_api/app/services/image_ingestion.py:205; backend_api/app/services/image_ingestion.py:502,backend_api/app/repositories/cell_classification.py:268; backend_api/app/repositories/cell_analysis.py:18; backend_api/app/repositories/cell_analysis.py:117; backend_api/app/repositories/cell_analysis.py:158; backend_api/app/repositories/scientific_validation.py:185; backend_api/app/repositories/scientific_validation.py:219; backend_api/app/repositories/scientific.py:13; backend_api/app/repositories/scientific.py:133; backend_api/app/repositories/scientific.py:156; backend_api/app/services/smear_workflow.py:413; backend_api/app/services/smear_workflow.py:552; backend_api/app/services/smear_workflow.py:622; backend_api/app/services/image_ingestion.py:58; backend_api/app/services/image_ingestion.py:139; backend_api/app/services/image_ingestion.py:205; backend_api/app/services/image_ingestion.py:311; backend_api/app/services/image_ingestion.py:335; backend_api/app/services/image_ingestion.py:502; backend_api/app/services/quality_queue.py:69; backend_api/app/services/microscopy_analysis.py:77; backend_api/app/services/microscopy_analysis.py:91; backend_api/app/services/microscopy_analysis.py:238; backend_api/app/services/microscopy_analysis.py:253,Indirectos por servicio o CLI; ver responsabilidad,frontend/src/pages/SmearWorkflow.tsx; SmearAnalysisHistory.tsx; components/cell-review; services/api.ts; relación indirecta por servicios clínicos.,alembic/versions/20260810_04_sample_validation_annotations.py:15; alembic/versions/20260727_01_scientific_data_model.py:65; alembic/versions/20260727_01_scientific_data_model.py:94; alembic/versions/20260727_01_scientific_data_model.py:95; alembic/versions/20260727_01_scientific_data_model.py:99; alembic/versions/20260727_01_scientific_data_model.py:171; alembic/versions/20260727_02_secure_image_ingestion.py:21; alembic/versions/20260727_02_secure_image_ingestion.py:38; alembic/versions/20260727_02_secure_image_ingestion.py:45; alembic/versions/20260727_02_secure_image_ingestion.py:107; alembic/versions/20260727_03_microscopy_quality_gate.py:17,Preservar linaje/FK; no inferir resultados por tabla vacía,"`scientific_cases`, `users`",Medio: conservar contrato,Catálogo equivalente y prueba de contrato del consumidor; fixtures aisladas futuras; no ejecutadas
campaign_attempts,campaign_attempts,KEEP,MLOps / coordinación E10,"Ordinal e historial de intentos por miembro, TRAIN asociado, estado y aceptación.",0 (captura E10.10.1; no conteo nuevo),PRIMARY KEY (id),campaign_attempts_member_id_fkey: FOREIGN KEY (member_id) REFERENCES campaign_members(id) ON DELETE RESTRICT; campaign_attempts_training_run_id_fkey: FOREIGN KEY (training_run_id) REFERENCES runs(id) ON DELETE RESTRICT,"campaign_attempts_check: CHECK ((state = 'active'::text) = (finished_at IS NULL)); campaign_attempts_check1: CHECK ((state <> ALL (ARRAY['failed'::text, 'interrupted'::text])) OR cause IS NOT NULL AND length(btrim(cause)) > 0); campaign_attempts_check2: CHECK ((state <> ALL (ARRAY['completed'::text, 'verified'::text])) OR training_run_id IS NOT NULL); campaign_attempts_member_id_id_key: UNIQUE (member_id, id); campaign_attempts_member_id_ordinal_key: UNIQUE (member_id, ordinal); campaign_attempts_ordinal_check: CHECK (ordinal > 0); campaign_attempts_state_check: CHECK (state = ANY (ARRAY['active'::text, 'failed'::text, 'interrupted'::text, 'completed'::text, 'verified'::text])); campaign_attempts_training_run_id_key: UNIQUE (training_run_id)","campaign_attempts_member_id_id_key: CREATE UNIQUE INDEX campaign_attempts_member_id_id_key ON public.campaign_attempts USING btree (member_id, id); campaign_attempts_member_id_ordinal_key: CREATE UNIQUE INDEX campaign_attempts_member_id_ordinal_key ON public.campaign_attempts USING btree (member_id, ordinal); campaign_attempts_pkey: CREATE UNIQUE INDEX campaign_attempts_pkey ON public.campaign_attempts USING btree (id); campaign_attempts_training_run_id_key: CREATE UNIQUE INDEX campaign_attempts_training_run_id_key ON public.campaign_attempts USING btree (training_run_id); ix_campaign_attempt_state: CREATE INDEX ix_campaign_attempt_state ON public.campaign_attempts USING btree (state); uq_campaign_one_active_attempt: CREATE UNIQUE INDEX uq_campaign_one_active_attempt ON public.campaign_attempts USING btree (member_id) WHERE (state = 'active'::text)",campaign_attempt_audit: CREATE TRIGGER campaign_attempt_audit AFTER INSERT OR UPDATE ON campaign_attempts FOR EACH ROW EXECUTE FUNCTION campaign_audit(); campaign_attempt_guard: CREATE TRIGGER campaign_attempt_guard BEFORE INSERT OR DELETE OR UPDATE ON campaign_attempts FOR EACH ROW EXECUTE FUNCTION campaign_attempt_guard(); campaign_attempt_state: CREATE TRIGGER campaign_attempt_state AFTER INSERT OR UPDATE ON campaign_attempts FOR EACH ROW EXECUTE FUNCTION campaign_attempt_state(); global_attempt_reservation: CREATE TRIGGER global_attempt_reservation BEFORE INSERT ON campaign_attempts FOR EACH ROW EXECUTE FUNCTION experiment_reservation_guard(),assessment_consumer_guard(); campaign_attempt_guard(); campaign_attempt_state(); campaign_catalog_identity_guard(); campaign_member_guard(); campaign_run_identity_guard(); campaign_technical_guard(); controlled_binding_guard(); controlled_pause_guard(); experiment_reservation_guard(); train_revision_binding_guard(),malaria_dl_local_project/src/malaria_dl/execution/controlled.py:107; malaria_dl_local_project/src/malaria_dl/execution/controlled.py:111; malaria_dl_local_project/src/malaria_dl/execution/repository.py:128; malaria_dl_local_project/src/malaria_dl/execution/repository.py:147; malaria_dl_local_project/src/malaria_dl/execution/repository.py:289; malaria_dl_local_project/src/malaria_dl/execution/repository.py:329; malaria_dl_local_project/src/malaria_dl/campaigns/repository.py:303; malaria_dl_local_project/src/malaria_dl/campaigns/repository.py:326; alembic/versions/20260911_01_experimental_campaigns.py:243; alembic/versions/20260911_01_experimental_campaigns.py:246; alembic/versions/20260911_01_experimental_campaigns.py:277,malaria_dl_local_project/src/malaria_dl/local_execution/event_context.py:49; malaria_dl_local_project/src/malaria_dl/execution/worker.py:74; malaria_dl_local_project/src/malaria_dl/execution/controlled.py:69; malaria_dl_local_project/src/malaria_dl/execution/controlled.py:72; malaria_dl_local_project/src/malaria_dl/execution/controlled.py:74; malaria_dl_local_project/src/malaria_dl/execution/controlled.py:107; malaria_dl_local_project/src/malaria_dl/execution/controlled.py:111; malaria_dl_local_project/src/malaria_dl/execution/repository.py:97; malaria_dl_local_project/src/malaria_dl/execution/repository.py:123; malaria_dl_local_project/src/malaria_dl/execution/repository.py:128; malaria_dl_local_project/src/malaria_dl/execution/repository.py:147; malaria_dl_local_project/src/malaria_dl/execution/repository.py:275; malaria_dl_local_project/src/malaria_dl/execution/repository.py:289; malaria_dl_local_project/src/malaria_dl/execution/repository.py:329; malaria_dl_local_project/src/malaria_dl/execution/repository.py:357; malaria_dl_local_project/src/malaria_dl/execution/repository.py:435; malaria_dl_local_project/src/malaria_dl/persistence/result_repository.py:147; malaria_dl_local_project/src/malaria_dl/persistence/result_repository.py:153; malaria_dl_local_project/src/malaria_dl/campaigns/repository.py:99; malaria_dl_local_project/src/malaria_dl/campaigns/repository.py:298; malaria_dl_local_project/src/malaria_dl/campaigns/repository.py:303; malaria_dl_local_project/src/malaria_dl/campaigns/repository.py:326,Indirectos por servicio o CLI; ver responsabilidad,Sin acceso SQL; seguimiento HTTP de runs/campañas y Local CLI,alembic/versions/20260911_01_experimental_campaigns.py:64; alembic/versions/20260911_01_experimental_campaigns.py:78; alembic/versions/20260911_01_experimental_campaigns.py:79; alembic/versions/20260911_01_experimental_campaigns.py:81; alembic/versions/20260911_01_experimental_campaigns.py:194; alembic/versions/20260911_01_experimental_campaigns.py:211; alembic/versions/20260911_01_experimental_campaigns.py:243; alembic/versions/20260911_01_experimental_campaigns.py:246; alembic/versions/20260911_01_experimental_campaigns.py:250; alembic/versions/20260911_01_experimental_campaigns.py:277; alembic/versions/20260911_02_campaign_integrity.py:267; alembic/versions/20260911_02_campaign_integrity.py:281; alembic/versions/20260911_02_campaign_integrity.py:287; alembic/versions/20260911_02_campaign_integrity.py:302; alembic/versions/20260912_02_assessments.py:171; alembic/versions/20260912_01_train_execution.py:13; alembic/versions/20260912_01_train_execution.py:68; alembic/versions/20260912_01_train_execution.py:82; alembic/versions/20260912_01_train_execution.py:130; alembic/versions/20260912_01_train_execution.py:134; alembic/versions/20260915_01_local_execution.py:53; alembic/versions/20260915_01_local_execution.py:56; alembic/versions/20260914_01_controlled_train.py:22; alembic/versions/20260914_01_controlled_train.py:23; alembic/versions/20260914_01_controlled_train.py:53; alembic/versions/20260914_01_controlled_train.py:56; alembic/versions/20260914_01_controlled_train.py:76; alembic/versions/20260914_01_controlled_train.py:89; alembic/versions/20260914_01_controlled_train.py:105; alembic/versions/20260914_02_global_execution.py:33; alembic/versions/20260914_02_global_execution.py:39; alembic/versions/20260914_02_global_execution.py:47; alembic/versions/20260914_02_global_execution.py:55; alembic/versions/20260914_02_global_execution.py:73,Preservar linaje/FK; no inferir resultados por tabla vacía,"`campaign_members`, `runs`",Medio: conservar contrato,Catálogo equivalente y prueba de contrato del consumidor; fixtures aisladas futuras; no ejecutadas
campaign_configurations,campaign_configurations,REFACTOR,MLOps / coordinación E10,"Configuración y hash canónicos por campaña; snapshot/request para reserva, columnas por run en v2.",0 (captura E10.10.1; no conteo nuevo),"PRIMARY KEY (campaign_id, configuration_hash)",campaign_configurations_campaign_id_fkey: FOREIGN KEY (campaign_id) REFERENCES experimental_campaigns(id) ON DELETE RESTRICT,campaign_configurations_configuration_check: CHECK (jsonb_typeof(configuration) = 'object'::text); campaign_configurations_configuration_hash_check: CHECK (configuration_hash ~ '^[a-f0-9]{64}$'::text); campaign_configurations_requests_check: CHECK (jsonb_typeof(requests) = 'array'::text); ck_campaign_configuration_required_v2: CHECK ((campaign_configuration_valid(configuration) AND jsonb_typeof(requests) = 'array'::text AND jsonb_array_length(requests) > 0) IS TRUE),"campaign_configurations_pkey: CREATE UNIQUE INDEX campaign_configurations_pkey ON public.campaign_configurations USING btree (campaign_id, configuration_hash)",campaign_configuration_audit: CREATE TRIGGER campaign_configuration_audit AFTER INSERT OR DELETE OR UPDATE ON campaign_configurations FOR EACH ROW EXECUTE FUNCTION campaign_audit(); campaign_configuration_guard: CREATE TRIGGER campaign_configuration_guard BEFORE INSERT OR DELETE OR UPDATE ON campaign_configurations FOR EACH ROW EXECUTE FUNCTION campaign_configuration_guard(),"campaign_attempt_guard(); campaign_guard(); campaign_model_matches(run_id uuid, member uuid)",malaria_dl_local_project/src/malaria_dl/campaigns/repository.py:223; alembic/versions/20260911_01_experimental_campaigns.py:179; alembic/versions/20260911_01_experimental_campaigns.py:275,malaria_dl_local_project/src/malaria_dl/execution/controlled.py:108; malaria_dl_local_project/src/malaria_dl/campaigns/repository.py:81; malaria_dl_local_project/src/malaria_dl/campaigns/repository.py:223,Indirectos por servicio o CLI; ver responsabilidad,Sin acceso SQL; seguimiento HTTP de runs/campañas y Local CLI,alembic/versions/20260911_01_experimental_campaigns.py:40; alembic/versions/20260911_01_experimental_campaigns.py:57; alembic/versions/20260911_01_experimental_campaigns.py:113; alembic/versions/20260911_01_experimental_campaigns.py:130; alembic/versions/20260911_01_experimental_campaigns.py:179; alembic/versions/20260911_01_experimental_campaigns.py:223; alembic/versions/20260911_01_experimental_campaigns.py:275; alembic/versions/20260911_02_campaign_integrity.py:242; alembic/versions/20260911_02_campaign_integrity.py:245; alembic/versions/20260911_02_campaign_integrity.py:257; alembic/versions/20260911_02_campaign_integrity.py:316; alembic/versions/20260912_01_train_execution.py:97; alembic/versions/20260914_01_controlled_train.py:120; alembic/versions/20260914_02_global_execution.py:88,Preservar linaje/FK; no inferir resultados por tabla vacía,`experimental_campaigns`,Alto,Catálogo equivalente y prueba de contrato del consumidor; fixtures aisladas futuras; no ejecutadas
campaign_controlled_requests,campaign_controlled_requests,KEEP,MLOps / coordinación E10,Request idempotente de un reintento autorizado sobre campaña pausada y revisión técnica.,0 (captura E10.10.1; no conteo nuevo),PRIMARY KEY (id),"campaign_controlled_requests_attempt_id_fkey: FOREIGN KEY (attempt_id) REFERENCES campaign_attempts(id) DEFERRABLE INITIALLY DEFERRED; campaign_controlled_requests_campaign_id_fkey: FOREIGN KEY (campaign_id) REFERENCES experimental_campaigns(id); campaign_controlled_requests_campaign_id_revision_id_fkey: FOREIGN KEY (campaign_id, revision_id) REFERENCES campaign_technical_revisions(campaign_id, id); campaign_controlled_requests_member_id_fkey: FOREIGN KEY (member_id) REFERENCES campaign_members(id); campaign_controlled_requests_previous_attempt_id_fkey: FOREIGN KEY (previous_attempt_id) REFERENCES campaign_attempts(id); campaign_controlled_requests_run_id_fkey: FOREIGN KEY (run_id) REFERENCES runs(id) DEFERRABLE INITIALLY DEFERRED",campaign_controlled_requests_attempt_id_key: UNIQUE (attempt_id); campaign_controlled_requests_previous_attempt_id_key: UNIQUE (previous_attempt_id); campaign_controlled_requests_reason_check: CHECK (length(TRIM(BOTH FROM reason)) > 0); campaign_controlled_requests_run_id_key: UNIQUE (run_id),campaign_controlled_requests_attempt_id_key: CREATE UNIQUE INDEX campaign_controlled_requests_attempt_id_key ON public.campaign_controlled_requests USING btree (attempt_id); campaign_controlled_requests_pkey: CREATE UNIQUE INDEX campaign_controlled_requests_pkey ON public.campaign_controlled_requests USING btree (id); campaign_controlled_requests_previous_attempt_id_key: CREATE UNIQUE INDEX campaign_controlled_requests_previous_attempt_id_key ON public.campaign_controlled_requests USING btree (previous_attempt_id); campaign_controlled_requests_run_id_key: CREATE UNIQUE INDEX campaign_controlled_requests_run_id_key ON public.campaign_controlled_requests USING btree (run_id),controlled_binding_guard: CREATE CONSTRAINT TRIGGER controlled_binding_guard AFTER INSERT ON campaign_controlled_requests DEFERRABLE INITIALLY DEFERRED FOR EACH ROW EXECUTE FUNCTION controlled_binding_guard(); controlled_request_guard: CREATE TRIGGER controlled_request_guard BEFORE INSERT OR DELETE OR UPDATE ON campaign_controlled_requests FOR EACH ROW EXECUTE FUNCTION campaign_technical_guard(),campaign_attempt_guard(); controlled_pause_guard(); controlled_run_guard(),malaria_dl_local_project/src/malaria_dl/execution/controlled.py:106; alembic/versions/20260914_01_controlled_train.py:63,malaria_dl_local_project/src/malaria_dl/execution/controlled.py:94; malaria_dl_local_project/src/malaria_dl/execution/controlled.py:106; malaria_dl_local_project/src/malaria_dl/execution/controlled.py:118; malaria_dl_local_project/src/malaria_dl/execution/controlled.py:147,Indirectos por servicio o CLI; ver responsabilidad,Sin acceso SQL; seguimiento HTTP de runs/campañas y Local CLI,alembic/versions/20260914_01_controlled_train.py:19; alembic/versions/20260914_01_controlled_train.py:63; alembic/versions/20260914_01_controlled_train.py:67; alembic/versions/20260914_01_controlled_train.py:85; alembic/versions/20260914_01_controlled_train.py:89; alembic/versions/20260914_01_controlled_train.py:103; alembic/versions/20260914_02_global_execution.py:71; alembic/versions/20260914_02_global_execution.py:74,Preservar linaje/FK; no inferir resultados por tabla vacía,"`campaign_attempts`, `campaign_members`, `campaign_technical_revisions`, `experimental_campaigns`, `runs`",Medio: conservar contrato,Catálogo equivalente y prueba de contrato del consumidor; fixtures aisladas futuras; no ejecutadas
campaign_execution_events,campaign_execution_events,KEEP,MLOps / coordinación E10,Historial append-only de coordinación de una campaña.,0 (captura E10.10.1; no conteo nuevo),PRIMARY KEY (id),campaign_execution_events_campaign_id_fkey: FOREIGN KEY (campaign_id) REFERENCES experimental_campaigns(id),,campaign_execution_events_pkey: CREATE UNIQUE INDEX campaign_execution_events_pkey ON public.campaign_execution_events USING btree (id),,,malaria_dl_local_project/src/malaria_dl/execution/repository.py:382,malaria_dl_local_project/src/malaria_dl/execution/repository.py:382; malaria_dl_local_project/src/malaria_dl/execution/repository.py:424,Indirectos por servicio o CLI; ver responsabilidad,Sin acceso SQL; seguimiento HTTP de runs/campañas y Local CLI,alembic/versions/20260912_01_train_execution.py:28,Preservar linaje/FK; no inferir resultados por tabla vacía,`experimental_campaigns`,Medio: conservar contrato,Catálogo equivalente y prueba de contrato del consumidor; fixtures aisladas futuras; no ejecutadas
campaign_members,campaign_members,KEEP,MLOps / coordinación E10,"Posición, configuración/semilla y estado del candidato; referencia al intento aceptado.",0 (captura E10.10.1; no conteo nuevo),PRIMARY KEY (id),"campaign_members_campaign_id_configuration_hash_fkey: FOREIGN KEY (campaign_id, configuration_hash) REFERENCES campaign_configurations(campaign_id, configuration_hash) ON DELETE RESTRICT; campaign_members_campaign_id_fkey: FOREIGN KEY (campaign_id) REFERENCES experimental_campaigns(id) ON DELETE RESTRICT; fk_member_accepted_attempt: FOREIGN KEY (id, accepted_attempt_id) REFERENCES campaign_attempts(member_id, id) DEFERRABLE INITIALLY DEFERRED","campaign_members_campaign_id_configuration_hash_seed_key: UNIQUE (campaign_id, configuration_hash, seed); campaign_members_campaign_id_position_key: UNIQUE (campaign_id, ""position""); campaign_members_check: CHECK ((state = 'excluded'::text) = (exclusion_reason IS NOT NULL)); campaign_members_check1: CHECK ((state = 'verified'::text) = (accepted_attempt_id IS NOT NULL)); campaign_members_exclusion_reason_check: CHECK (exclusion_reason IS NULL OR length(btrim(exclusion_reason)) > 0); campaign_members_position_check: CHECK (""position"" >= 0); campaign_members_seed_check: CHECK (seed >= 0); campaign_members_state_check: CHECK (state = ANY (ARRAY['pending'::text, 'active'::text, 'failed'::text, 'interrupted'::text, 'completed'::text, 'verified'::text, 'excluded'::text]))","campaign_members_campaign_id_configuration_hash_seed_key: CREATE UNIQUE INDEX campaign_members_campaign_id_configuration_hash_seed_key ON public.campaign_members USING btree (campaign_id, configuration_hash, seed); campaign_members_campaign_id_position_key: CREATE UNIQUE INDEX campaign_members_campaign_id_position_key ON public.campaign_members USING btree (campaign_id, ""position""); campaign_members_pkey: CREATE UNIQUE INDEX campaign_members_pkey ON public.campaign_members USING btree (id); ix_campaign_member_state: CREATE INDEX ix_campaign_member_state ON public.campaign_members USING btree (campaign_id, state)",campaign_member_audit: CREATE TRIGGER campaign_member_audit AFTER INSERT OR DELETE OR UPDATE ON campaign_members FOR EACH ROW EXECUTE FUNCTION campaign_audit(); campaign_member_guard: CREATE TRIGGER campaign_member_guard BEFORE INSERT OR DELETE OR UPDATE ON campaign_members FOR EACH ROW EXECUTE FUNCTION campaign_member_guard(),"assessment_consumer_guard(); campaign_attempt_guard(); campaign_attempt_state(); campaign_guard(); campaign_model_matches(run_id uuid, member uuid); campaign_technical_guard(); train_revision_binding_guard()",malaria_dl_local_project/src/malaria_dl/execution/repository.py:284; malaria_dl_local_project/src/malaria_dl/campaigns/repository.py:234; alembic/versions/20260911_01_experimental_campaigns.py:200; alembic/versions/20260911_01_experimental_campaigns.py:207; alembic/versions/20260911_01_experimental_campaigns.py:208; alembic/versions/20260911_01_experimental_campaigns.py:245; alembic/versions/20260911_01_experimental_campaigns.py:276; alembic/versions/20260911_02_campaign_integrity.py:298; alembic/versions/20260911_02_campaign_integrity.py:299; alembic/versions/20260912_01_train_execution.py:66; alembic/versions/20260912_01_train_execution.py:78; alembic/versions/20260912_01_train_execution.py:79; alembic/versions/20260915_01_local_execution.py:52; alembic/versions/20260914_01_controlled_train.py:52; alembic/versions/20260914_01_controlled_train.py:100; alembic/versions/20260914_01_controlled_train.py:101; alembic/versions/20260914_02_global_execution.py:68; alembic/versions/20260914_02_global_execution.py:69,malaria_dl_local_project/src/malaria_dl/local_execution/event_context.py:50; malaria_dl_local_project/src/malaria_dl/execution/worker.py:74; malaria_dl_local_project/src/malaria_dl/execution/controlled.py:68; malaria_dl_local_project/src/malaria_dl/execution/controlled.py:72; malaria_dl_local_project/src/malaria_dl/execution/repository.py:95; malaria_dl_local_project/src/malaria_dl/execution/repository.py:275; malaria_dl_local_project/src/malaria_dl/execution/repository.py:284; malaria_dl_local_project/src/malaria_dl/execution/repository.py:356; malaria_dl_local_project/src/malaria_dl/execution/repository.py:435; malaria_dl_local_project/src/malaria_dl/execution/repository.py:487; malaria_dl_local_project/src/malaria_dl/persistence/result_repository.py:148; malaria_dl_local_project/src/malaria_dl/persistence/result_repository.py:152; malaria_dl_local_project/src/malaria_dl/campaigns/repository.py:90; malaria_dl_local_project/src/malaria_dl/campaigns/repository.py:99; malaria_dl_local_project/src/malaria_dl/campaigns/repository.py:234; malaria_dl_local_project/src/malaria_dl/campaigns/repository.py:286; malaria_dl_local_project/src/malaria_dl/campaigns/repository.py:328,Indirectos por servicio o CLI; ver responsabilidad,Sin acceso SQL; seguimiento HTTP de runs/campañas y Local CLI,alembic/versions/20260911_01_experimental_campaigns.py:48; alembic/versions/20260911_01_experimental_campaigns.py:63; alembic/versions/20260911_01_experimental_campaigns.py:66; alembic/versions/20260911_01_experimental_campaigns.py:80; alembic/versions/20260911_01_experimental_campaigns.py:97; alembic/versions/20260911_01_experimental_campaigns.py:115; alembic/versions/20260911_01_experimental_campaigns.py:131; alembic/versions/20260911_01_experimental_campaigns.py:159; alembic/versions/20260911_01_experimental_campaigns.py:160; alembic/versions/20260911_01_experimental_campaigns.py:200; alembic/versions/20260911_01_experimental_campaigns.py:207; alembic/versions/20260911_01_experimental_campaigns.py:208; alembic/versions/20260911_01_experimental_campaigns.py:245; alembic/versions/20260911_01_experimental_campaigns.py:276; alembic/versions/20260911_02_campaign_integrity.py:256; alembic/versions/20260911_02_campaign_integrity.py:298; alembic/versions/20260911_02_campaign_integrity.py:299; alembic/versions/20260912_02_assessments.py:103; alembic/versions/20260912_02_assessments.py:171; alembic/versions/20260912_01_train_execution.py:66; alembic/versions/20260912_01_train_execution.py:78; alembic/versions/20260912_01_train_execution.py:79; alembic/versions/20260915_01_local_execution.py:52; alembic/versions/20260915_01_local_execution.py:56; alembic/versions/20260914_01_controlled_train.py:21; alembic/versions/20260914_01_controlled_train.py:52; alembic/versions/20260914_01_controlled_train.py:56; alembic/versions/20260914_01_controlled_train.py:100; alembic/versions/20260914_01_controlled_train.py:101; alembic/versions/20260914_02_global_execution.py:55; alembic/versions/20260914_02_global_execution.py:68; alembic/versions/20260914_02_global_execution.py:69,Preservar linaje/FK; no inferir resultados por tabla vacía,"`campaign_attempts`, `campaign_configurations`, `experimental_campaigns`",Medio: conservar contrato,Catálogo equivalente y prueba de contrato del consumidor; fixtures aisladas futuras; no ejecutadas
campaign_technical_revisions,campaign_technical_revisions,KEEP,MLOps / coordinación E10,Cambio técnico autorizado de entorno sin modificar contrato científico congelado.,0 (captura E10.10.1; no conteo nuevo),PRIMARY KEY (id),campaign_technical_revisions_campaign_id_fkey: FOREIGN KEY (campaign_id) REFERENCES experimental_campaigns(id),"campaign_technical_revisions_campaign_id_id_key: UNIQUE (campaign_id, id); campaign_technical_revisions_check: CHECK (canonical_payload::jsonb = payload); campaign_technical_revisions_check1: CHECK (encode(sha256(convert_to(canonical_payload, 'UTF8'::name)), 'hex'::text) = payload_hash); campaign_technical_revisions_payload_hash_check: CHECK (payload_hash ~ '^[a-f0-9]{64}$'::text)","campaign_technical_revisions_campaign_id_id_key: CREATE UNIQUE INDEX campaign_technical_revisions_campaign_id_id_key ON public.campaign_technical_revisions USING btree (campaign_id, id); campaign_technical_revisions_pkey: CREATE UNIQUE INDEX campaign_technical_revisions_pkey ON public.campaign_technical_revisions USING btree (id)",technical_revision_guard: CREATE TRIGGER technical_revision_guard BEFORE INSERT OR DELETE OR UPDATE ON campaign_technical_revisions FOR EACH ROW EXECUTE FUNCTION campaign_technical_guard(),campaign_attempt_guard(); campaign_technical_guard(); controlled_binding_guard(); train_revision_binding_guard(),malaria_dl_local_project/src/malaria_dl/execution/controlled.py:54; alembic/versions/20260914_01_controlled_train.py:62,malaria_dl_local_project/src/malaria_dl/execution/controlled.py:42; malaria_dl_local_project/src/malaria_dl/execution/controlled.py:50; malaria_dl_local_project/src/malaria_dl/execution/controlled.py:54; malaria_dl_local_project/src/malaria_dl/execution/controlled.py:57; malaria_dl_local_project/src/malaria_dl/execution/repository.py:142,Indirectos por servicio o CLI; ver responsabilidad,Sin acceso SQL; seguimiento HTTP de runs/campañas y Local CLI,alembic/versions/20260915_01_local_execution.py:35; alembic/versions/20260914_01_controlled_train.py:10; alembic/versions/20260914_01_controlled_train.py:27; alembic/versions/20260914_01_controlled_train.py:35; alembic/versions/20260914_01_controlled_train.py:62; alembic/versions/20260914_01_controlled_train.py:77; alembic/versions/20260914_01_controlled_train.py:103; alembic/versions/20260914_02_global_execution.py:50; alembic/versions/20260914_02_global_execution.py:56; alembic/versions/20260914_02_global_execution.py:71,Preservar linaje/FK; no inferir resultados por tabla vacía,`experimental_campaigns`,Medio: conservar contrato,Catálogo equivalente y prueba de contrato del consumidor; fixtures aisladas futuras; no ejecutadas
cell_classification_events,cell_classification_events,KEEP,Backend / microscopía científica,"Progreso, errores y resultados de clasificación celular por ejecución/entrada.",0 (captura E10.10.1; no conteo nuevo),PRIMARY KEY (id),"cell_classification_events_cell_detection_id_fkey: FOREIGN KEY (cell_detection_id) REFERENCES cell_detections(id) ON DELETE RESTRICT; cell_classification_events_classification_run_id_fkey: FOREIGN KEY (classification_run_id) REFERENCES cell_classification_runs(id) ON DELETE RESTRICT; fk_cell_classification_event_prediction: FOREIGN KEY (cell_prediction_id, classification_run_id) REFERENCES cell_predictions(id, classification_run_id) ON DELETE RESTRICT",cell_classification_events_event_type_check: CHECK (btrim(event_type::text) <> ''::text); cell_classification_events_metadata_json_check: CHECK (jsonb_typeof(metadata_json) = 'object'::text); cell_classification_events_progress_current_check: CHECK (progress_current IS NULL OR progress_current >= 0); cell_classification_events_progress_total_check: CHECK (progress_total IS NULL OR progress_total >= 0); cell_classification_events_status_check: CHECK (btrim(status::text) <> ''::text); ck_cell_classification_event_progress: CHECK (progress_current IS NULL OR progress_total IS NULL OR progress_current <= progress_total),"cell_classification_events_pkey: CREATE UNIQUE INDEX cell_classification_events_pkey ON public.cell_classification_events USING btree (id); ix_cell_classification_events_run_created: CREATE INDEX ix_cell_classification_events_run_created ON public.cell_classification_events USING btree (classification_run_id, created_at, id); ix_cell_classification_events_run_detection: CREATE INDEX ix_cell_classification_events_run_detection ON public.cell_classification_events USING btree (classification_run_id, cell_detection_id, created_at, id); ix_cell_classification_events_run_prediction: CREATE INDEX ix_cell_classification_events_run_prediction ON public.cell_classification_events USING btree (classification_run_id, cell_prediction_id, created_at, id)",trg_cell_classification_events_append_only: CREATE TRIGGER trg_cell_classification_events_append_only BEFORE DELETE OR UPDATE ON cell_classification_events FOR EACH ROW EXECUTE FUNCTION reject_cell_classification_row_mutation(),,backend_api/app/repositories/cell_classification.py:644; alembic/versions/20260728_01_cell_classification_and_explainability.py:1223,backend_api/app/repositories/cell_classification.py:644; backend_api/app/repositories/cell_classification.py:1583,Indirectos por servicio o CLI; ver responsabilidad,frontend/src/pages/SmearWorkflow.tsx; SmearAnalysisHistory.tsx; components/cell-review; services/api.ts; relación indirecta por servicios clínicos.,alembic/versions/20260728_01_cell_classification_and_explainability.py:643; alembic/versions/20260728_01_cell_classification_and_explainability.py:673; alembic/versions/20260728_01_cell_classification_and_explainability.py:677; alembic/versions/20260728_01_cell_classification_and_explainability.py:681; alembic/versions/20260728_01_cell_classification_and_explainability.py:1223; alembic/versions/20260728_01_cell_classification_and_explainability.py:1554,Preservar linaje/FK; no inferir resultados por tabla vacía,"`cell_classification_runs`, `cell_detections`, `cell_predictions`",Medio: conservar contrato,Catálogo equivalente y prueba de contrato del consumidor; fixtures aisladas futuras; no ejecutadas
cell_classification_inputs,cell_classification_inputs,KEEP,Backend / microscopía científica,"Conjunto ordenado congelado de crops/detecciones, elegibilidad y checksum del input.",0 (captura E10.10.1; no conteo nuevo),PRIMARY KEY (id),"fk_cell_classification_input_crop: FOREIGN KEY (crop_id, cell_detection_id) REFERENCES cell_crops(id, cell_detection_id) ON DELETE RESTRICT; fk_cell_classification_input_detection: FOREIGN KEY (cell_detection_id, detection_run_id, microscopy_image_id) REFERENCES cell_detections(id, detection_run_id, microscopy_image_id) ON DELETE RESTRICT; fk_cell_classification_input_run_detection: FOREIGN KEY (classification_run_id, detection_run_id) REFERENCES cell_classification_runs(id, detection_run_id) ON DELETE RESTRICT","cell_classification_inputs_cell_code_check: CHECK (cell_code::text ~ '^CELL-[A-F0-9]{12}$'::text); cell_classification_inputs_cell_index_check: CHECK (cell_index > 0); cell_classification_inputs_detector_algorithm_version_check: CHECK (btrim(detector_algorithm_version::text) <> ''::text); cell_classification_inputs_detector_key_check: CHECK (btrim(detector_key::text) <> ''::text); cell_classification_inputs_detector_version_check: CHECK (btrim(detector_version::text) <> ''::text); cell_classification_inputs_image_sequence_number_check: CHECK (image_sequence_number > 0); cell_classification_inputs_input_order_check: CHECK (input_order > 0); ck_cell_classification_input_crop_metadata: CHECK (crop_id IS NULL AND NOT eligible AND crop_sha256 IS NULL AND crop_width_px IS NULL AND crop_height_px IS NULL OR crop_id IS NOT NULL AND crop_sha256 IS NOT NULL AND crop_sha256 ~ '^[0-9a-f]{64}$'::text AND crop_width_px IS NOT NULL AND crop_width_px > 0 AND crop_height_px IS NOT NULL AND crop_height_px > 0); ck_cell_classification_input_eligibility: CHECK (eligible AND crop_id IS NOT NULL AND exclusion_reason IS NULL OR NOT eligible AND exclusion_reason IS NOT NULL AND btrim(exclusion_reason::text) <> ''::text); ck_cell_classification_input_review: CHECK (detection_review_status_at_creation IS NULL OR (detection_review_status_at_creation::text = ANY (ARRAY['unreviewed'::character varying::text, 'accepted'::character varying::text, 'rejected'::character varying::text, 'needs_attention'::character varying::text]))); uq_cell_classification_inputs_crop: UNIQUE (classification_run_id, crop_id); uq_cell_classification_inputs_detection: UNIQUE (classification_run_id, cell_detection_id); uq_cell_classification_inputs_order: UNIQUE (classification_run_id, input_order); uq_cell_classification_inputs_prediction_owner: UNIQUE (id, classification_run_id, cell_detection_id, crop_id)","cell_classification_inputs_pkey: CREATE UNIQUE INDEX cell_classification_inputs_pkey ON public.cell_classification_inputs USING btree (id); ix_cell_classification_inputs_crop: CREATE INDEX ix_cell_classification_inputs_crop ON public.cell_classification_inputs USING btree (crop_id) WHERE (crop_id IS NOT NULL); ix_cell_classification_inputs_detection: CREATE INDEX ix_cell_classification_inputs_detection ON public.cell_classification_inputs USING btree (cell_detection_id); ix_cell_classification_inputs_run_eligible_order: CREATE INDEX ix_cell_classification_inputs_run_eligible_order ON public.cell_classification_inputs USING btree (classification_run_id, eligible, input_order); ix_cell_classification_inputs_run_image_cell: CREATE INDEX ix_cell_classification_inputs_run_image_cell ON public.cell_classification_inputs USING btree (classification_run_id, image_sequence_number, cell_index, id); uq_cell_classification_inputs_crop: CREATE UNIQUE INDEX uq_cell_classification_inputs_crop ON public.cell_classification_inputs USING btree (classification_run_id, crop_id); uq_cell_classification_inputs_detection: CREATE UNIQUE INDEX uq_cell_classification_inputs_detection ON public.cell_classification_inputs USING btree (classification_run_id, cell_detection_id); uq_cell_classification_inputs_order: CREATE UNIQUE INDEX uq_cell_classification_inputs_order ON public.cell_classification_inputs USING btree (classification_run_id, input_order); uq_cell_classification_inputs_prediction_owner: CREATE UNIQUE INDEX uq_cell_classification_inputs_prediction_owner ON public.cell_classification_inputs USING btree (id, classification_run_id, cell_detection_id, crop_id)",trg_cell_classification_inputs_append_only: CREATE TRIGGER trg_cell_classification_inputs_append_only BEFORE DELETE OR UPDATE ON cell_classification_inputs FOR EACH ROW EXECUTE FUNCTION reject_cell_classification_row_mutation(); trg_cell_classification_inputs_insert_state: CREATE TRIGGER trg_cell_classification_inputs_insert_state BEFORE INSERT ON cell_classification_inputs FOR EACH ROW EXECUTE FUNCTION validate_cell_classification_insert_state(); trg_cell_classification_inputs_snapshot: CREATE TRIGGER trg_cell_classification_inputs_snapshot BEFORE INSERT ON cell_classification_inputs FOR EACH ROW EXECUTE FUNCTION validate_cell_classification_input_snapshot(),protect_cell_classification_run(); validate_cell_classification_insert_state(); validate_cell_prediction_input(); validate_smear_analysis_summary(),backend_api/app/repositories/cell_classification.py:574; alembic/versions/20260728_01_cell_classification_and_explainability.py:1214,backend_api/app/repositories/cell_classification.py:92; backend_api/app/repositories/cell_classification.py:574; backend_api/app/repositories/cell_classification.py:1090; backend_api/app/repositories/cell_classification.py:1548; backend_api/app/repositories/scientific_validation.py:34; backend_api/app/repositories/scientific_validation.py:38,Indirectos por servicio o CLI; ver responsabilidad,frontend/src/pages/SmearWorkflow.tsx; SmearAnalysisHistory.tsx; components/cell-review; services/api.ts; relación indirecta por servicios clínicos.,alembic/versions/20260728_02_cell_classification_summary_integrity.py:130; alembic/versions/20260728_01_cell_classification_and_explainability.py:161; alembic/versions/20260728_01_cell_classification_and_explainability.py:252; alembic/versions/20260728_01_cell_classification_and_explainability.py:256; alembic/versions/20260728_01_cell_classification_and_explainability.py:260; alembic/versions/20260728_01_cell_classification_and_explainability.py:262; alembic/versions/20260728_01_cell_classification_and_explainability.py:297; alembic/versions/20260728_01_cell_classification_and_explainability.py:947; alembic/versions/20260728_01_cell_classification_and_explainability.py:967; alembic/versions/20260728_01_cell_classification_and_explainability.py:980; alembic/versions/20260728_01_cell_classification_and_explainability.py:1031; alembic/versions/20260728_01_cell_classification_and_explainability.py:1159; alembic/versions/20260728_01_cell_classification_and_explainability.py:1214; alembic/versions/20260728_01_cell_classification_and_explainability.py:1263; alembic/versions/20260728_01_cell_classification_and_explainability.py:1379; alembic/versions/20260728_01_cell_classification_and_explainability.py:1558; alembic/versions/20260728_03_align_smear_summary_contract.py:130,Preservar linaje/FK; no inferir resultados por tabla vacía,"`cell_classification_runs`, `cell_crops`, `cell_detections`",Medio: conservar contrato,Catálogo equivalente y prueba de contrato del consumidor; fixtures aisladas futuras; no ejecutadas
cell_classification_reviews,cell_classification_reviews,KEEP,Backend / microscopía científica,Decisión humana sobre predicción celular; no altera la salida automática.,0 (captura E10.10.1; no conteo nuevo),PRIMARY KEY (id),cell_classification_reviews_actor_user_id_fkey: FOREIGN KEY (actor_user_id) REFERENCES users(id) ON DELETE RESTRICT; cell_classification_reviews_cell_prediction_id_fkey: FOREIGN KEY (cell_prediction_id) REFERENCES cell_predictions(id) ON DELETE RESTRICT,"cell_classification_reviews_decision_check: CHECK (decision::text = ANY (ARRAY['confirmed'::character varying::text, 'corrected'::character varying::text, 'needs_attention'::character varying::text, 'comment_only'::character varying::text])); cell_classification_reviews_reviewed_label_check: CHECK (reviewed_label IS NULL OR (reviewed_label::text = ANY (ARRAY['parasitized'::character varying::text, 'uninfected'::character varying::text]))); ck_cell_classification_review_payload: CHECK (decision::text = 'confirmed'::text AND (comment IS NULL OR btrim(comment) <> ''::text) OR decision::text = 'corrected'::text AND reviewed_label IS NOT NULL AND (comment IS NULL OR btrim(comment) <> ''::text) OR (decision::text = ANY (ARRAY['needs_attention'::character varying::text, 'comment_only'::character varying::text])) AND reviewed_label IS NULL AND comment IS NOT NULL AND btrim(comment) <> ''::text)","cell_classification_reviews_pkey: CREATE UNIQUE INDEX cell_classification_reviews_pkey ON public.cell_classification_reviews USING btree (id); ix_cell_classification_reviews_actor_created: CREATE INDEX ix_cell_classification_reviews_actor_created ON public.cell_classification_reviews USING btree (actor_user_id, created_at DESC, id DESC); ix_cell_classification_reviews_prediction_created: CREATE INDEX ix_cell_classification_reviews_prediction_created ON public.cell_classification_reviews USING btree (cell_prediction_id, created_at, id)",trg_cell_classification_reviews_append_only: CREATE TRIGGER trg_cell_classification_reviews_append_only BEFORE DELETE OR UPDATE ON cell_classification_reviews FOR EACH ROW EXECUTE FUNCTION reject_cell_classification_row_mutation(); trg_cell_classification_reviews_validate: CREATE TRIGGER trg_cell_classification_reviews_validate BEFORE INSERT ON cell_classification_reviews FOR EACH ROW EXECUTE FUNCTION validate_cell_classification_review(),,backend_api/app/repositories/cell_classification.py:1394; alembic/versions/20260728_01_cell_classification_and_explainability.py:1226,backend_api/app/repositories/cell_classification.py:50; backend_api/app/repositories/cell_classification.py:109; backend_api/app/repositories/cell_classification.py:1394; backend_api/app/repositories/cell_classification.py:1431; backend_api/app/repositories/cell_classification.py:1452; backend_api/app/repositories/cell_classification.py:1460; backend_api/app/repositories/cell_classification.py:1494; backend_api/app/repositories/cell_classification.py:1506; backend_api/app/repositories/cell_classification.py:1561,Indirectos por servicio o CLI; ver responsabilidad,frontend/src/pages/SmearWorkflow.tsx; SmearAnalysisHistory.tsx; components/cell-review; services/api.ts; relación indirecta por servicios clínicos.,alembic/versions/20260810_03_optional_human_classification_comment.py:14; alembic/versions/20260810_03_optional_human_classification_comment.py:16; alembic/versions/20260810_03_optional_human_classification_comment.py:32; alembic/versions/20260810_03_optional_human_classification_comment.py:39; alembic/versions/20260810_03_optional_human_classification_comment.py:41; alembic/versions/20260810_03_optional_human_classification_comment.py:58; alembic/versions/20260728_01_cell_classification_and_explainability.py:685; alembic/versions/20260728_01_cell_classification_and_explainability.py:727; alembic/versions/20260728_01_cell_classification_and_explainability.py:731; alembic/versions/20260728_01_cell_classification_and_explainability.py:768; alembic/versions/20260728_01_cell_classification_and_explainability.py:1226; alembic/versions/20260728_01_cell_classification_and_explainability.py:1553,Preservar linaje/FK; no inferir resultados por tabla vacía,"`cell_predictions`, `users`",Medio: conservar contrato,Catálogo equivalente y prueba de contrato del consumidor; fixtures aisladas futuras; no ejecutadas
cell_classification_runs,cell_classification_runs,KEEP,Backend / microscopía científica,"Ejecución clínica con snapshot de modelo/política, manifiesto de inputs y máquina de estado.",0 (captura E10.10.1; no conteo nuevo),PRIMARY KEY (id),"cell_classification_runs_requested_by_fkey: FOREIGN KEY (requested_by) REFERENCES users(id) ON DELETE RESTRICT; cell_classification_runs_retry_of_run_id_fkey: FOREIGN KEY (retry_of_run_id) REFERENCES cell_classification_runs(id) ON DELETE RESTRICT; fk_cell_classification_run_deployment_version: FOREIGN KEY (production_model_id, model_registry_id) REFERENCES deployed_model_versions(id, model_version_id) ON DELETE RESTRICT; fk_cell_classification_run_detection_analysis: FOREIGN KEY (detection_run_id, analysis_run_id) REFERENCES cell_detection_runs(id, analysis_run_id) ON DELETE RESTRICT; fk_cell_classification_run_publication_version: FOREIGN KEY (stage2_publication_id, model_registry_id) REFERENCES stage2_model_publications(id, model_version_id) ON DELETE RESTRICT","cell_classification_runs_classification_run_code_check: CHECK (classification_run_code::text ~ '^CLS-[A-F0-9]{8}$'::text); cell_classification_runs_classification_run_code_key: UNIQUE (classification_run_code); cell_classification_runs_eligible_count_check: CHECK (eligible_count >= 0); cell_classification_runs_excluded_count_check: CHECK (excluded_count >= 0); cell_classification_runs_failed_count_check: CHECK (failed_count >= 0); cell_classification_runs_input_count_check: CHECK (input_count >= 0); cell_classification_runs_input_manifest_sha256_check: CHECK (input_manifest_sha256 ~ '^[0-9a-f]{64}$'::text); cell_classification_runs_model_name_check: CHECK (btrim(model_name::text) <> ''::text); cell_classification_runs_model_snapshot_check: CHECK (jsonb_typeof(model_snapshot) = 'object'::text); cell_classification_runs_near_threshold_count_check: CHECK (near_threshold_count >= 0); cell_classification_runs_parasitized_count_check: CHECK (parasitized_count >= 0); cell_classification_runs_processed_count_check: CHECK (processed_count >= 0); cell_classification_runs_status_check: CHECK (status::text = ANY (ARRAY['created'::character varying::text, 'processing'::character varying::text, 'completed'::character varying::text, 'completed_with_warnings'::character varying::text, 'failed'::character varying::text])); cell_classification_runs_uninfected_count_check: CHECK (uninfected_count >= 0); ck_cell_classification_run_counts: CHECK (input_count = (eligible_count + excluded_count) AND processed_count <= eligible_count AND processed_count = (parasitized_count + uninfected_count + failed_count) AND near_threshold_count <= (parasitized_count + uninfected_count)); ck_cell_classification_run_model_version: CHECK (model_version IS NULL OR btrim(model_version::text) <> ''::text); ck_cell_classification_run_retry: CHECK (retry_of_run_id IS NULL OR retry_of_run_id <> id); ck_cell_classification_run_terminal_state: CHECK (status::text = 'created'::text AND started_at IS NULL AND completed_at IS NULL AND failed_at IS NULL AND error_code IS NULL AND error_message IS NULL OR status::text = 'processing'::text AND started_at IS NOT NULL AND completed_at IS NULL AND failed_at IS NULL AND error_code IS NULL AND error_message IS NULL OR (status::text = ANY (ARRAY['completed'::character varying::text, 'completed_with_warnings'::character varying::text])) AND started_at IS NOT NULL AND completed_at IS NOT NULL AND failed_at IS NULL AND error_code IS NULL AND error_message IS NULL AND processed_count = eligible_count OR status::text = 'failed'::text AND started_at IS NOT NULL AND completed_at IS NULL AND failed_at IS NOT NULL AND error_code IS NOT NULL AND btrim(error_code::text) <> ''::text); ck_cell_classification_run_time_order: CHECK (updated_at >= created_at AND (started_at IS NULL OR started_at >= created_at) AND (completed_at IS NULL OR completed_at >= started_at) AND (failed_at IS NULL OR failed_at >= started_at)); uq_cell_classification_runs_detection_identity: UNIQUE (id, detection_run_id); uq_cell_classification_runs_identity: UNIQUE (id, analysis_run_id, detection_run_id)","cell_classification_runs_classification_run_code_key: CREATE UNIQUE INDEX cell_classification_runs_classification_run_code_key ON public.cell_classification_runs USING btree (classification_run_code); cell_classification_runs_pkey: CREATE UNIQUE INDEX cell_classification_runs_pkey ON public.cell_classification_runs USING btree (id); ix_cell_classification_runs_analysis_created: CREATE INDEX ix_cell_classification_runs_analysis_created ON public.cell_classification_runs USING btree (analysis_run_id, created_at DESC, id DESC); ix_cell_classification_runs_detection_created: CREATE INDEX ix_cell_classification_runs_detection_created ON public.cell_classification_runs USING btree (detection_run_id, created_at DESC, id DESC); ix_cell_classification_runs_model_created: CREATE INDEX ix_cell_classification_runs_model_created ON public.cell_classification_runs USING btree (production_model_id, created_at DESC, id DESC); ix_cell_classification_runs_status_created: CREATE INDEX ix_cell_classification_runs_status_created ON public.cell_classification_runs USING btree (status, created_at DESC, id DESC); uq_cell_classification_runs_detection_identity: CREATE UNIQUE INDEX uq_cell_classification_runs_detection_identity ON public.cell_classification_runs USING btree (id, detection_run_id); uq_cell_classification_runs_equivalent_active: CREATE UNIQUE INDEX uq_cell_classification_runs_equivalent_active ON public.cell_classification_runs USING btree (detection_run_id, production_model_id, COALESCE(model_version, ''::character varying), COALESCE((model_snapshot ->> 'checkpoint_sha256'::text), ''::text), COALESCE((model_snapshot ->> 'inference_version'::text), ''::text), input_manifest_sha256) WHERE ((status)::text = ANY (ARRAY[('created'::character varying)::text, ('processing'::character varying)::text, ('completed'::character varying)::text, ('completed_with_warnings'::character varying)::text])); uq_cell_classification_runs_identity: CREATE UNIQUE INDEX uq_cell_classification_runs_identity ON public.cell_classification_runs USING btree (id, analysis_run_id, detection_run_id)",trg_cell_classification_runs_protected: CREATE TRIGGER trg_cell_classification_runs_protected BEFORE DELETE OR UPDATE ON cell_classification_runs FOR EACH ROW EXECUTE FUNCTION protect_cell_classification_run(); trg_cell_classification_runs_snapshot: CREATE TRIGGER trg_cell_classification_runs_snapshot BEFORE INSERT ON cell_classification_runs FOR EACH ROW EXECUTE FUNCTION validate_cell_classification_run_snapshot(),protect_cell_classification_run(); validate_cell_classification_insert_state(); validate_cell_explanation_contract(); validate_cell_prediction_input(); validate_smear_analysis_summary(),backend_api/app/repositories/cell_classification.py:523; backend_api/app/repositories/cell_classification.py:616; backend_api/app/repositories/cell_classification.py:737; backend_api/app/repositories/cell_classification.py:777; backend_api/app/repositories/cell_classification.py:814; alembic/versions/20260728_01_cell_classification_and_explainability.py:1366,backend_api/app/repositories/cell_classification.py:30; backend_api/app/repositories/cell_classification.py:96; backend_api/app/repositories/cell_classification.py:275; backend_api/app/repositories/cell_classification.py:425; backend_api/app/repositories/cell_classification.py:469; backend_api/app/repositories/cell_classification.py:523; backend_api/app/repositories/cell_classification.py:616; backend_api/app/repositories/cell_classification.py:737; backend_api/app/repositories/cell_classification.py:777; backend_api/app/repositories/cell_classification.py:814; backend_api/app/repositories/cell_classification.py:961; backend_api/app/repositories/cell_classification.py:1093; backend_api/app/repositories/scientific_validation.py:16; backend_api/app/repositories/scientific_validation.py:33; backend_api/app/repositories/scientific_validation.py:37; backend_api/app/repositories/scientific_validation.py:171; backend_api/app/repositories/scientific_validation.py:195; backend_api/app/services/smear_workflow.py:438; backend_api/app/services/smear_workflow.py:657; backend_api/app/services/scientific_validation.py:54; backend_api/app/services/scientific_validation.py:68,Indirectos por servicio o CLI; ver responsabilidad,frontend/src/pages/SmearWorkflow.tsx; SmearAnalysisHistory.tsx; components/cell-review; services/api.ts; relación indirecta por servicios clínicos.,alembic/versions/20260728_02_cell_classification_summary_integrity.py:44; alembic/versions/20260810_01_scientific_validation_sessions.py:63; alembic/versions/20260728_01_cell_classification_and_explainability.py:23; alembic/versions/20260728_01_cell_classification_and_explainability.py:55; alembic/versions/20260728_01_cell_classification_and_explainability.py:139; alembic/versions/20260728_01_cell_classification_and_explainability.py:151; alembic/versions/20260728_01_cell_classification_and_explainability.py:153; alembic/versions/20260728_01_cell_classification_and_explainability.py:155; alembic/versions/20260728_01_cell_classification_and_explainability.py:157; alembic/versions/20260728_01_cell_classification_and_explainability.py:195; alembic/versions/20260728_01_cell_classification_and_explainability.py:586; alembic/versions/20260728_01_cell_classification_and_explainability.py:646; alembic/versions/20260728_01_cell_classification_and_explainability.py:873; alembic/versions/20260728_01_cell_classification_and_explainability.py:970; alembic/versions/20260728_01_cell_classification_and_explainability.py:985; alembic/versions/20260728_01_cell_classification_and_explainability.py:1000; alembic/versions/20260728_01_cell_classification_and_explainability.py:1073; alembic/versions/20260728_01_cell_classification_and_explainability.py:1243; alembic/versions/20260728_01_cell_classification_and_explainability.py:1247; alembic/versions/20260728_01_cell_classification_and_explainability.py:1358; alembic/versions/20260728_01_cell_classification_and_explainability.py:1366; alembic/versions/20260728_01_cell_classification_and_explainability.py:1380; alembic/versions/20260728_01_cell_classification_and_explainability.py:1497; alembic/versions/20260728_01_cell_classification_and_explainability.py:1559; alembic/versions/20260728_03_align_smear_summary_contract.py:44,Preservar linaje/FK; no inferir resultados por tabla vacía,"`cell_classification_runs`, `cell_detection_runs`, `deployed_model_versions`, `stage2_model_publications`, `users`",Medio: conservar contrato,Catálogo equivalente y prueba de contrato del consumidor; fixtures aisladas futuras; no ejecutadas
cell_crops,cell_crops,KEEP,Backend / microscopía científica,Artefacto de recorte y geometría por detección; entrada de clasificación/XAI.,0 (captura E10.10.1; no conteo nuevo),PRIMARY KEY (id),fk_cell_crops_detection: FOREIGN KEY (cell_detection_id) REFERENCES cell_detections(id) ON DELETE RESTRICT,cell_crops_file_size_bytes_check: CHECK (file_size_bytes > 0); cell_crops_format_check: CHECK (format::text = 'PNG'::text); cell_crops_height_px_check: CHECK (height_px > 0); cell_crops_padding_px_check: CHECK (padding_px >= 0); cell_crops_relative_storage_key_check: CHECK (relative_storage_key ~ '^cell-crops/[0-9a-f]{8}-[0-9a-f]{4}-[0-9a-f]{4}-[0-9a-f]{4}-[0-9a-f]{12}/[0-9a-f]{8}-[0-9a-f]{4}-[0-9a-f]{4}-[0-9a-f]{4}-[0-9a-f]{12}/[0-9a-f]{8}-[0-9a-f]{4}-[0-9a-f]{4}-[0-9a-f]{4}-[0-9a-f]{12}/[0-9a-f]{8}-[0-9a-f]{4}-[0-9a-f]{4}-[0-9a-f]{4}-[0-9a-f]{12}/crop[.]png$'::text); cell_crops_sha256_check: CHECK (sha256 ~ '^[0-9a-f]{64}$'::text); cell_crops_width_px_check: CHECK (width_px > 0); uq_cell_crops_detection: UNIQUE (cell_detection_id); uq_cell_crops_storage_key: UNIQUE (relative_storage_key),"cell_crops_pkey: CREATE UNIQUE INDEX cell_crops_pkey ON public.cell_crops USING btree (id); uq_cell_crops_detection: CREATE UNIQUE INDEX uq_cell_crops_detection ON public.cell_crops USING btree (cell_detection_id); uq_cell_crops_id_detection: CREATE UNIQUE INDEX uq_cell_crops_id_detection ON public.cell_crops USING btree (id, cell_detection_id); uq_cell_crops_storage_key: CREATE UNIQUE INDEX uq_cell_crops_storage_key ON public.cell_crops USING btree (relative_storage_key)",trg_cell_crops_append_only: CREATE TRIGGER trg_cell_crops_append_only BEFORE DELETE OR UPDATE ON cell_crops FOR EACH ROW EXECUTE FUNCTION reject_cell_analysis_row_mutation(),validate_cell_classification_input_snapshot(),backend_api/app/repositories/cell_analysis.py:376; alembic/versions/20260727_05_cell_detection_and_review.py:257,backend_api/app/repositories/cell_classification.py:95; backend_api/app/repositories/cell_classification.py:387; backend_api/app/repositories/cell_classification.py:1092; backend_api/app/repositories/cell_analysis.py:376; backend_api/app/repositories/cell_analysis.py:578; backend_api/app/repositories/cell_analysis.py:719,Indirectos por servicio o CLI; ver responsabilidad,frontend/src/pages/SmearWorkflow.tsx; SmearAnalysisHistory.tsx; components/cell-review; services/api.ts; relación indirecta por servicios clínicos.,alembic/versions/20260727_05_cell_detection_and_review.py:172; alembic/versions/20260727_05_cell_detection_and_review.py:257; alembic/versions/20260727_05_cell_detection_and_review.py:316; alembic/versions/20260728_01_cell_classification_and_explainability.py:21; alembic/versions/20260728_01_cell_classification_and_explainability.py:199; alembic/versions/20260728_01_cell_classification_and_explainability.py:918,Preservar linaje/FK; no inferir resultados por tabla vacía,`cell_detections`,Medio: conservar contrato,Catálogo equivalente y prueba de contrato del consumidor; fixtures aisladas futuras; no ejecutadas
cell_detection_events,cell_detection_events,KEEP,Backend / microscopía científica,Progreso y eventos de detección sobre imágenes del análisis.,0 (captura E10.10.1; no conteo nuevo),PRIMARY KEY (id),cell_detection_events_detection_run_id_fkey: FOREIGN KEY (detection_run_id) REFERENCES cell_detection_runs(id) ON DELETE RESTRICT; cell_detection_events_microscopy_image_id_fkey: FOREIGN KEY (microscopy_image_id) REFERENCES microscopy_images(id) ON DELETE RESTRICT,cell_detection_events_event_type_check: CHECK (btrim(event_type::text) <> ''::text); cell_detection_events_metadata_json_check: CHECK (jsonb_typeof(metadata_json) = 'object'::text); cell_detection_events_progress_current_check: CHECK (progress_current IS NULL OR progress_current >= 0); cell_detection_events_progress_total_check: CHECK (progress_total IS NULL OR progress_total >= 0); cell_detection_events_stage_check: CHECK (btrim(stage::text) <> ''::text); cell_detection_events_status_check: CHECK (btrim(status::text) <> ''::text); ck_cell_detection_event_progress: CHECK (progress_current IS NULL OR progress_total IS NULL OR progress_current <= progress_total),"cell_detection_events_pkey: CREATE UNIQUE INDEX cell_detection_events_pkey ON public.cell_detection_events USING btree (id); ix_cell_detection_events_run_created: CREATE INDEX ix_cell_detection_events_run_created ON public.cell_detection_events USING btree (detection_run_id, created_at, id); ix_cell_detection_events_run_image: CREATE INDEX ix_cell_detection_events_run_image ON public.cell_detection_events USING btree (detection_run_id, microscopy_image_id, created_at, id)",trg_cell_detection_events_append_only: CREATE TRIGGER trg_cell_detection_events_append_only BEFORE DELETE OR UPDATE ON cell_detection_events FOR EACH ROW EXECUTE FUNCTION reject_cell_analysis_row_mutation(),,backend_api/app/repositories/cell_analysis.py:303; alembic/versions/20260727_05_cell_detection_and_review.py:260,backend_api/app/repositories/cell_analysis.py:303; backend_api/app/repositories/cell_analysis.py:555; backend_api/app/repositories/cell_analysis.py:627; backend_api/app/repositories/cell_analysis.py:754; backend_api/app/repositories/cell_analysis.py:860,Indirectos por servicio o CLI; ver responsabilidad,frontend/src/pages/SmearWorkflow.tsx; SmearAnalysisHistory.tsx; components/cell-review; services/api.ts; relación indirecta por servicios clínicos.,alembic/versions/20260727_05_cell_detection_and_review.py:193; alembic/versions/20260727_05_cell_detection_and_review.py:215; alembic/versions/20260727_05_cell_detection_and_review.py:217; alembic/versions/20260727_05_cell_detection_and_review.py:260; alembic/versions/20260727_05_cell_detection_and_review.py:315,Preservar linaje/FK; no inferir resultados por tabla vacía,"`cell_detection_runs`, `microscopy_images`",Medio: conservar contrato,Catálogo equivalente y prueba de contrato del consumidor; fixtures aisladas futuras; no ejecutadas
cell_detection_runs,cell_detection_runs,KEEP,Backend / microscopía científica,"Identidad/versiones del detector, perfil y estado sobre análisis de microscopía.",0 (captura E10.10.1; no conteo nuevo),PRIMARY KEY (id),cell_detection_runs_analysis_run_id_fkey: FOREIGN KEY (analysis_run_id) REFERENCES microscopy_analysis_runs(id) ON DELETE RESTRICT; cell_detection_runs_requested_by_fkey: FOREIGN KEY (requested_by) REFERENCES users(id) ON DELETE RESTRICT,"cell_detection_runs_algorithm_version_check: CHECK (btrim(algorithm_version::text) <> ''::text); cell_detection_runs_check: CHECK (processed_image_count >= 0 AND processed_image_count <= image_count); cell_detection_runs_component_count_check: CHECK (component_count >= 0); cell_detection_runs_crop_count_check: CHECK (crop_count >= 0); cell_detection_runs_detection_count_check: CHECK (detection_count >= 0); cell_detection_runs_detection_run_code_check: CHECK (detection_run_code::text ~ '^DET-[A-F0-9]{8}$'::text); cell_detection_runs_detection_run_code_key: UNIQUE (detection_run_code); cell_detection_runs_detector_key_check: CHECK (btrim(detector_key::text) <> ''::text); cell_detection_runs_detector_version_check: CHECK (btrim(detector_version::text) <> ''::text); cell_detection_runs_image_count_check: CHECK (image_count > 0); cell_detection_runs_input_manifest_sha256_check: CHECK (input_manifest_sha256 ~ '^[0-9a-f]{64}$'::text); cell_detection_runs_profile_snapshot_check: CHECK (jsonb_typeof(profile_snapshot) = 'object'::text); cell_detection_runs_status_check: CHECK (status::text = ANY (ARRAY['created'::character varying::text, 'processing'::character varying::text, 'completed'::character varying::text, 'completed_with_warnings'::character varying::text, 'failed'::character varying::text])); cell_detection_runs_warning_count_check: CHECK (warning_count >= 0); ck_cell_detection_run_terminal_state: CHECK (status::text = 'created'::text AND started_at IS NULL AND completed_at IS NULL AND failed_at IS NULL AND error_code IS NULL AND error_message IS NULL OR status::text = 'processing'::text AND started_at IS NOT NULL AND completed_at IS NULL AND failed_at IS NULL AND error_code IS NULL AND error_message IS NULL OR (status::text = ANY (ARRAY['completed'::character varying::text, 'completed_with_warnings'::character varying::text])) AND started_at IS NOT NULL AND completed_at IS NOT NULL AND failed_at IS NULL AND error_code IS NULL AND error_message IS NULL OR status::text = 'failed'::text AND started_at IS NOT NULL AND completed_at IS NULL AND failed_at IS NOT NULL AND error_code IS NOT NULL); uq_cell_detection_runs_identity: UNIQUE (id, analysis_run_id)","cell_detection_runs_detection_run_code_key: CREATE UNIQUE INDEX cell_detection_runs_detection_run_code_key ON public.cell_detection_runs USING btree (detection_run_code); cell_detection_runs_pkey: CREATE UNIQUE INDEX cell_detection_runs_pkey ON public.cell_detection_runs USING btree (id); ix_cell_detection_runs_analysis_created: CREATE INDEX ix_cell_detection_runs_analysis_created ON public.cell_detection_runs USING btree (analysis_run_id, created_at DESC, id DESC); ix_cell_detection_runs_status_created: CREATE INDEX ix_cell_detection_runs_status_created ON public.cell_detection_runs USING btree (status, created_at DESC, id DESC); uq_cell_detection_runs_equivalent_active: CREATE UNIQUE INDEX uq_cell_detection_runs_equivalent_active ON public.cell_detection_runs USING btree (analysis_run_id, detector_key, detector_version, algorithm_version, input_manifest_sha256) WHERE ((status)::text = ANY (ARRAY[('created'::character varying)::text, ('processing'::character varying)::text, ('completed'::character varying)::text, ('completed_with_warnings'::character varying)::text])); uq_cell_detection_runs_identity: CREATE UNIQUE INDEX uq_cell_detection_runs_identity ON public.cell_detection_runs USING btree (id, analysis_run_id)",trg_cell_detection_runs_immutable_identity: CREATE TRIGGER trg_cell_detection_runs_immutable_identity BEFORE DELETE OR UPDATE ON cell_detection_runs FOR EACH ROW EXECUTE FUNCTION protect_cell_detection_run_identity(),protect_cell_detection_run_identity(); validate_cell_classification_input_snapshot(),backend_api/app/repositories/cell_analysis.py:245; backend_api/app/repositories/cell_analysis.py:277; backend_api/app/repositories/cell_analysis.py:402; backend_api/app/repositories/cell_analysis.py:425; alembic/versions/20260727_05_cell_detection_and_review.py:307,backend_api/app/repositories/cell_classification.py:31; backend_api/app/repositories/cell_classification.py:264; backend_api/app/repositories/cell_classification.py:347; backend_api/app/repositories/cell_classification.py:383; backend_api/app/repositories/cell_analysis.py:15; backend_api/app/repositories/cell_analysis.py:103; backend_api/app/repositories/cell_analysis.py:205; backend_api/app/repositories/cell_analysis.py:245; backend_api/app/repositories/cell_analysis.py:277; backend_api/app/repositories/cell_analysis.py:402; backend_api/app/repositories/cell_analysis.py:425; backend_api/app/repositories/cell_analysis.py:494; backend_api/app/repositories/cell_analysis.py:547; backend_api/app/repositories/cell_analysis.py:574; backend_api/app/repositories/cell_analysis.py:648; backend_api/app/repositories/cell_analysis.py:748; backend_api/app/repositories/cell_analysis.py:853; backend_api/app/repositories/scientific_validation.py:16; backend_api/app/repositories/scientific_validation.py:31; backend_api/app/repositories/scientific_validation.py:166; backend_api/app/repositories/scientific_validation.py:189; backend_api/app/services/smear_workflow.py:426; backend_api/app/services/smear_workflow.py:641; backend_api/app/services/scientific_validation.py:53; backend_api/app/services/scientific_validation.py:68,Indirectos por servicio o CLI; ver responsabilidad,frontend/src/pages/SmearWorkflow.tsx; SmearAnalysisHistory.tsx; components/cell-review; services/api.ts; relación indirecta por servicios clínicos.,alembic/versions/20260810_01_scientific_validation_sessions.py:56; alembic/versions/20260727_05_cell_detection_and_review.py:14; alembic/versions/20260727_05_cell_detection_and_review.py:63; alembic/versions/20260727_05_cell_detection_and_review.py:71; alembic/versions/20260727_05_cell_detection_and_review.py:73; alembic/versions/20260727_05_cell_detection_and_review.py:103; alembic/versions/20260727_05_cell_detection_and_review.py:153; alembic/versions/20260727_05_cell_detection_and_review.py:196; alembic/versions/20260727_05_cell_detection_and_review.py:270; alembic/versions/20260727_05_cell_detection_and_review.py:274; alembic/versions/20260727_05_cell_detection_and_review.py:300; alembic/versions/20260727_05_cell_detection_and_review.py:307; alembic/versions/20260727_05_cell_detection_and_review.py:319; alembic/versions/20260728_01_cell_classification_and_explainability.py:65; alembic/versions/20260728_01_cell_classification_and_explainability.py:914,Preservar linaje/FK; no inferir resultados por tabla vacía,"`microscopy_analysis_runs`, `users`",Medio: conservar contrato,Catálogo equivalente y prueba de contrato del consumidor; fixtures aisladas futuras; no ejecutadas
cell_detections,cell_detections,KEEP,Backend / microscopía científica,Detecciones propuestas y revisadas a partir de componentes; geometría por célula.,0 (captura E10.10.1; no conteo nuevo),PRIMARY KEY (id),"fk_cell_detections_component: FOREIGN KEY (connected_component_id, detection_run_id, analysis_run_image_id, microscopy_image_id) REFERENCES image_connected_components(id, detection_run_id, analysis_run_image_id, microscopy_image_id) ON DELETE RESTRICT; fk_cell_detections_run_analysis: FOREIGN KEY (detection_run_id, analysis_run_id) REFERENCES cell_detection_runs(id, analysis_run_id) ON DELETE RESTRICT","cell_detections_automated_status_check: CHECK (automated_status::text = 'candidate'::text); cell_detections_bbox_height_check: CHECK (bbox_height > 0); cell_detections_bbox_width_check: CHECK (bbox_width > 0); cell_detections_bbox_x_check: CHECK (bbox_x >= 0); cell_detections_bbox_y_check: CHECK (bbox_y >= 0); cell_detections_cell_code_check: CHECK (cell_code::text ~ '^CELL-[A-F0-9]{12}$'::text); cell_detections_cell_index_check: CHECK (cell_index > 0); cell_detections_coordinate_space_check: CHECK (coordinate_space::text = 'original_image_pixels'::text); cell_detections_detector_score_check: CHECK (detector_score IS NULL OR detector_score >= 0::double precision AND detector_score <= 1::double precision); uq_cell_detections_cell_code: UNIQUE (cell_code); uq_cell_detections_component: UNIQUE (connected_component_id); uq_cell_detections_identity: UNIQUE (id, detection_run_id, microscopy_image_id); uq_cell_detections_run_index: UNIQUE (detection_run_id, cell_index)","cell_detections_pkey: CREATE UNIQUE INDEX cell_detections_pkey ON public.cell_detections USING btree (id); ix_cell_detections_run_image: CREATE INDEX ix_cell_detections_run_image ON public.cell_detections USING btree (detection_run_id, microscopy_image_id, cell_index); uq_cell_detections_cell_code: CREATE UNIQUE INDEX uq_cell_detections_cell_code ON public.cell_detections USING btree (cell_code); uq_cell_detections_component: CREATE UNIQUE INDEX uq_cell_detections_component ON public.cell_detections USING btree (connected_component_id); uq_cell_detections_identity: CREATE UNIQUE INDEX uq_cell_detections_identity ON public.cell_detections USING btree (id, detection_run_id, microscopy_image_id); uq_cell_detections_run_index: CREATE UNIQUE INDEX uq_cell_detections_run_index ON public.cell_detections USING btree (detection_run_id, cell_index)",trg_cell_detections_append_only: CREATE TRIGGER trg_cell_detections_append_only BEFORE DELETE OR UPDATE ON cell_detections FOR EACH ROW EXECUTE FUNCTION reject_cell_analysis_row_mutation(),validate_cell_classification_input_snapshot(),backend_api/app/repositories/cell_analysis.py:356; alembic/versions/20260727_05_cell_detection_and_review.py:254,backend_api/app/repositories/cell_classification.py:94; backend_api/app/repositories/cell_classification.py:382; backend_api/app/repositories/cell_analysis.py:26; backend_api/app/repositories/cell_analysis.py:356; backend_api/app/repositories/cell_analysis.py:505; backend_api/app/repositories/cell_analysis.py:516; backend_api/app/repositories/cell_analysis.py:573; backend_api/app/repositories/cell_analysis.py:720; backend_api/app/repositories/cell_analysis.py:783; backend_api/app/repositories/cell_analysis.py:815; backend_api/app/repositories/scientific_validation.py:154; backend_api/app/repositories/scientific_validation.py:217; backend_api/app/services/smear_workflow.py:450,Indirectos por servicio o CLI; ver responsabilidad,frontend/src/pages/SmearWorkflow.tsx; SmearAnalysisHistory.tsx; components/cell-review; services/api.ts; relación indirecta por servicios clínicos.,alembic/versions/20260810_02_scientific_validation_annotations.py:19; alembic/versions/20260727_05_cell_detection_and_review.py:130; alembic/versions/20260727_05_cell_detection_and_review.py:170; alembic/versions/20260727_05_cell_detection_and_review.py:190; alembic/versions/20260727_05_cell_detection_and_review.py:222; alembic/versions/20260727_05_cell_detection_and_review.py:254; alembic/versions/20260727_05_cell_detection_and_review.py:317; alembic/versions/20260728_01_cell_classification_and_explainability.py:189; alembic/versions/20260728_01_cell_classification_and_explainability.py:648; alembic/versions/20260728_01_cell_classification_and_explainability.py:913,Preservar linaje/FK; no inferir resultados por tabla vacía,"`cell_detection_runs`, `image_connected_components`",Medio: conservar contrato,Catálogo equivalente y prueba de contrato del consumidor; fixtures aisladas futuras; no ejecutadas
cell_explanations,cell_explanations,REFACTOR,Backend / microscopía científica,Ciclo de vida y artefactos Grad-CAM de una predicción celular; extensión reproducible xai_evidence.,0 (captura E10.10.1; no conteo nuevo),PRIMARY KEY (id),cell_explanations_cell_prediction_id_fkey: FOREIGN KEY (cell_prediction_id) REFERENCES cell_predictions(id) ON DELETE RESTRICT,"cell_explanations_cell_prediction_id_key: UNIQUE (cell_prediction_id); cell_explanations_method_check: CHECK (method::text = 'gradcam'::text); cell_explanations_method_version_check: CHECK (btrim(method_version::text) <> ''::text); cell_explanations_parameters_json_check: CHECK (jsonb_typeof(parameters_json) = 'object'::text); cell_explanations_status_check: CHECK (status::text = ANY (ARRAY['pending'::character varying::text, 'generated'::character varying::text, 'failed'::character varying::text, 'unsupported'::character varying::text, 'not_requested'::character varying::text])); ck_cell_explanation_dimensions: CHECK ((width_px IS NULL OR width_px > 0) AND (height_px IS NULL OR height_px > 0) AND (width_px IS NULL AND height_px IS NULL OR width_px IS NOT NULL AND height_px IS NOT NULL)); ck_cell_explanation_hashes: CHECK ((heatmap_sha256 IS NULL OR heatmap_sha256 ~ '^[0-9a-f]{64}$'::text) AND (overlay_sha256 IS NULL OR overlay_sha256 ~ '^[0-9a-f]{64}$'::text)); ck_cell_explanation_heatmap_key: CHECK (heatmap_storage_key IS NULL OR heatmap_storage_key ~ '^cell-explanations/[0-9a-f]{8}-[0-9a-f]{4}-[0-9a-f]{4}-[0-9a-f]{4}-[0-9a-f]{12}/[0-9a-f]{8}-[0-9a-f]{4}-[0-9a-f]{4}-[0-9a-f]{4}-[0-9a-f]{12}/[0-9a-f]{8}-[0-9a-f]{4}-[0-9a-f]{4}-[0-9a-f]{4}-[0-9a-f]{12}/gradcam_heatmap[.]png$'::text); ck_cell_explanation_overlay_key: CHECK (overlay_storage_key IS NULL OR overlay_storage_key ~ '^cell-explanations/[0-9a-f]{8}-[0-9a-f]{4}-[0-9a-f]{4}-[0-9a-f]{4}-[0-9a-f]{12}/[0-9a-f]{8}-[0-9a-f]{4}-[0-9a-f]{4}-[0-9a-f]{4}-[0-9a-f]{12}/[0-9a-f]{8}-[0-9a-f]{4}-[0-9a-f]{4}-[0-9a-f]{4}-[0-9a-f]{12}/gradcam_overlay[.]png$'::text); ck_cell_explanation_sizes: CHECK ((heatmap_file_size_bytes IS NULL OR heatmap_file_size_bytes > 0) AND (overlay_file_size_bytes IS NULL OR overlay_file_size_bytes > 0)); ck_cell_explanation_state: CHECK (status::text = 'not_requested'::text AND started_at IS NULL AND completed_at IS NULL AND error_code IS NULL AND error_message IS NULL AND heatmap_storage_key IS NULL AND heatmap_sha256 IS NULL AND heatmap_file_size_bytes IS NULL AND overlay_storage_key IS NULL AND overlay_sha256 IS NULL AND overlay_file_size_bytes IS NULL AND width_px IS NULL AND height_px IS NULL OR status::text = 'pending'::text AND started_at IS NOT NULL AND completed_at IS NULL AND error_code IS NULL AND error_message IS NULL AND heatmap_storage_key IS NULL AND heatmap_sha256 IS NULL AND heatmap_file_size_bytes IS NULL AND overlay_storage_key IS NULL AND overlay_sha256 IS NULL AND overlay_file_size_bytes IS NULL AND width_px IS NULL AND height_px IS NULL OR status::text = 'generated'::text AND started_at IS NOT NULL AND completed_at IS NOT NULL AND last_conv_layer IS NOT NULL AND btrim(last_conv_layer::text) <> ''::text AND heatmap_storage_key IS NOT NULL AND heatmap_sha256 IS NOT NULL AND heatmap_file_size_bytes IS NOT NULL AND overlay_storage_key IS NOT NULL AND overlay_sha256 IS NOT NULL AND overlay_file_size_bytes IS NOT NULL AND width_px IS NOT NULL AND height_px IS NOT NULL AND error_code IS NULL AND error_message IS NULL OR (status::text = ANY (ARRAY['failed'::character varying::text, 'unsupported'::character varying::text])) AND started_at IS NOT NULL AND completed_at IS NOT NULL AND error_code IS NOT NULL AND btrim(error_code::text) <> ''::text AND heatmap_storage_key IS NULL AND heatmap_sha256 IS NULL AND heatmap_file_size_bytes IS NULL AND overlay_storage_key IS NULL AND overlay_sha256 IS NULL AND overlay_file_size_bytes IS NULL AND width_px IS NULL AND height_px IS NULL); ck_cell_explanation_time_order: CHECK ((started_at IS NULL OR started_at >= created_at) AND (completed_at IS NULL OR completed_at >= started_at))","cell_explanations_cell_prediction_id_key: CREATE UNIQUE INDEX cell_explanations_cell_prediction_id_key ON public.cell_explanations USING btree (cell_prediction_id); cell_explanations_pkey: CREATE UNIQUE INDEX cell_explanations_pkey ON public.cell_explanations USING btree (id); ix_cell_explanations_status_created: CREATE INDEX ix_cell_explanations_status_created ON public.cell_explanations USING btree (status, created_at DESC, id DESC)",trg_cell_explanations_contract: CREATE TRIGGER trg_cell_explanations_contract BEFORE INSERT OR UPDATE ON cell_explanations FOR EACH ROW EXECUTE FUNCTION validate_cell_explanation_contract(); trg_cell_explanations_protected: CREATE TRIGGER trg_cell_explanations_protected BEFORE DELETE OR UPDATE ON cell_explanations FOR EACH ROW EXECUTE FUNCTION protect_cell_explanation(),protect_cell_explanation(),backend_api/app/repositories/cell_classification.py:1152; backend_api/app/repositories/cell_classification.py:1190; backend_api/app/repositories/cell_classification.py:1222; backend_api/app/repositories/cell_classification.py:1256; backend_api/app/repositories/cell_classification.py:1303; alembic/versions/20260728_01_cell_classification_and_explainability.py:1461; alembic/versions/20260728_01_cell_classification_and_explainability.py:1546,backend_api/app/repositories/cell_classification.py:98; backend_api/app/repositories/cell_classification.py:1111; backend_api/app/repositories/cell_classification.py:1128; backend_api/app/repositories/cell_classification.py:1152; backend_api/app/repositories/cell_classification.py:1190; backend_api/app/repositories/cell_classification.py:1222; backend_api/app/repositories/cell_classification.py:1256; backend_api/app/repositories/cell_classification.py:1303; backend_api/app/repositories/cell_classification.py:1339,Indirectos por servicio o CLI; ver responsabilidad,frontend/src/pages/Explainability.tsx; components/explainability/CaseExplainabilityView.tsx; components/cell-review; services/api.ts.,alembic/versions/20260728_01_cell_classification_and_explainability.py:417; alembic/versions/20260728_01_cell_classification_and_explainability.py:550; alembic/versions/20260728_01_cell_classification_and_explainability.py:1427; alembic/versions/20260728_01_cell_classification_and_explainability.py:1461; alembic/versions/20260728_01_cell_classification_and_explainability.py:1546; alembic/versions/20260728_01_cell_classification_and_explainability.py:1556,Preservar linaje/FK; no inferir resultados por tabla vacía,`cell_predictions`,Alto,Catálogo equivalente y prueba de contrato del consumidor; fixtures aisladas futuras; no ejecutadas
cell_predictions,cell_predictions,KEEP,Backend / microscopía científica,"Salida IA por input congelado, probabilidades, umbral, preprocessing y estado; no diagnóstico humano.",0 (captura E10.10.1; no conteo nuevo),PRIMARY KEY (id),"fk_cell_prediction_input_owner: FOREIGN KEY (classification_input_id, classification_run_id, cell_detection_id, crop_id) REFERENCES cell_classification_inputs(id, classification_run_id, cell_detection_id, crop_id) ON DELETE RESTRICT","cell_predictions_classification_input_id_key: UNIQUE (classification_input_id); cell_predictions_prediction_status_check: CHECK (prediction_status::text = ANY (ARRAY['completed'::character varying::text, 'failed'::character varying::text])); cell_predictions_preprocessing_snapshot_check: CHECK (jsonb_typeof(preprocessing_snapshot) = 'object'::text); cell_predictions_raw_output_check: CHECK (jsonb_typeof(raw_output) = ANY (ARRAY['object'::text, 'array'::text])); cell_predictions_threshold_source_check: CHECK (btrim(threshold_source::text) <> ''::text); ck_cell_prediction_class_index: CHECK (predicted_class_index IS NULL OR (predicted_class_index = ANY (ARRAY[0, 1]))); ck_cell_prediction_completed_payload: CHECK (prediction_status::text = 'completed'::text AND probability_parasitized IS NOT NULL AND probability_uninfected IS NOT NULL AND (predicted_label::text = ANY (ARRAY['parasitized'::character varying::text, 'uninfected'::character varying::text])) AND (predicted_class_index = ANY (ARRAY[0, 1])) AND decision_margin IS NOT NULL AND error_code IS NULL AND error_message IS NULL OR prediction_status::text = 'failed'::text AND probability_parasitized IS NULL AND probability_uninfected IS NULL AND predicted_label IS NULL AND predicted_class_index IS NULL AND decision_margin IS NULL AND NOT near_threshold AND error_code IS NOT NULL AND btrim(error_code::text) <> ''::text); ck_cell_prediction_decision_margin: CHECK (decision_margin IS NULL OR probability_parasitized IS NULL OR abs(decision_margin - abs(probability_parasitized - threshold_used)) <= 0.000000001::double precision); ck_cell_prediction_duration: CHECK (inference_duration_ms IS NULL OR inference_duration_ms >= 0::double precision AND inference_duration_ms < 'Infinity'::double precision); ck_cell_prediction_label_index: CHECK (prediction_status::text <> 'completed'::text OR predicted_class_index = 1 AND predicted_label::text = 'parasitized'::text AND probability_parasitized >= threshold_used OR predicted_class_index = 0 AND predicted_label::text = 'uninfected'::text AND probability_parasitized < threshold_used); ck_cell_prediction_margin: CHECK (decision_margin IS NULL OR decision_margin >= 0::double precision AND decision_margin < 'Infinity'::double precision); ck_cell_prediction_positive_class: CHECK (positive_label::text = 'parasitized'::text AND positive_class_index = 1); ck_cell_prediction_probability_parasitized: CHECK (probability_parasitized IS NULL OR probability_parasitized >= 0::double precision AND probability_parasitized <= 1::double precision AND probability_parasitized < 'Infinity'::double precision); ck_cell_prediction_probability_sum: CHECK (probability_parasitized IS NULL OR probability_uninfected IS NULL OR abs(probability_parasitized + probability_uninfected - 1.0::double precision) <= 0.000000001::double precision); ck_cell_prediction_probability_uninfected: CHECK (probability_uninfected IS NULL OR probability_uninfected >= 0::double precision AND probability_uninfected <= 1::double precision AND probability_uninfected < 'Infinity'::double precision); ck_cell_prediction_threshold: CHECK (threshold_used >= 0::double precision AND threshold_used <= 1::double precision AND threshold_used < 'Infinity'::double precision); uq_cell_predictions_run_identity: UNIQUE (id, classification_run_id)","cell_predictions_classification_input_id_key: CREATE UNIQUE INDEX cell_predictions_classification_input_id_key ON public.cell_predictions USING btree (classification_input_id); cell_predictions_pkey: CREATE UNIQUE INDEX cell_predictions_pkey ON public.cell_predictions USING btree (id); ix_cell_predictions_crop: CREATE INDEX ix_cell_predictions_crop ON public.cell_predictions USING btree (crop_id); ix_cell_predictions_detection: CREATE INDEX ix_cell_predictions_detection ON public.cell_predictions USING btree (cell_detection_id); ix_cell_predictions_run_label: CREATE INDEX ix_cell_predictions_run_label ON public.cell_predictions USING btree (classification_run_id, predicted_label, created_at, id) WHERE ((prediction_status)::text = 'completed'::text); ix_cell_predictions_run_near_threshold: CREATE INDEX ix_cell_predictions_run_near_threshold ON public.cell_predictions USING btree (classification_run_id, near_threshold, created_at, id); ix_cell_predictions_run_status: CREATE INDEX ix_cell_predictions_run_status ON public.cell_predictions USING btree (classification_run_id, prediction_status, created_at, id); uq_cell_predictions_run_identity: CREATE UNIQUE INDEX uq_cell_predictions_run_identity ON public.cell_predictions USING btree (id, classification_run_id)",trg_cell_predictions_append_only: CREATE TRIGGER trg_cell_predictions_append_only BEFORE DELETE OR UPDATE ON cell_predictions FOR EACH ROW EXECUTE FUNCTION reject_cell_classification_row_mutation(); trg_cell_predictions_insert_state: CREATE TRIGGER trg_cell_predictions_insert_state BEFORE INSERT ON cell_predictions FOR EACH ROW EXECUTE FUNCTION validate_cell_classification_insert_state(); trg_cell_predictions_validate_input: CREATE TRIGGER trg_cell_predictions_validate_input BEFORE INSERT ON cell_predictions FOR EACH ROW EXECUTE FUNCTION validate_cell_prediction_input(),protect_cell_classification_run(); validate_cell_classification_insert_state(); validate_cell_classification_review(); validate_cell_explanation_contract(); validate_smear_analysis_summary(),backend_api/app/repositories/cell_classification.py:683; alembic/versions/20260728_01_cell_classification_and_explainability.py:1217,backend_api/app/repositories/cell_classification.py:47; backend_api/app/repositories/cell_classification.py:91; backend_api/app/repositories/cell_classification.py:683; backend_api/app/repositories/cell_classification.py:1089; backend_api/app/repositories/cell_classification.py:1129; backend_api/app/repositories/cell_classification.py:1359; backend_api/app/repositories/cell_classification.py:1381; backend_api/app/repositories/cell_classification.py:1408; backend_api/app/repositories/cell_classification.py:1429; backend_api/app/repositories/cell_classification.py:1444; backend_api/app/repositories/cell_classification.py:1454; backend_api/app/repositories/cell_classification.py:1477; backend_api/app/repositories/cell_classification.py:1547,Indirectos por servicio o CLI; ver responsabilidad,frontend/src/pages/SmearWorkflow.tsx; SmearAnalysisHistory.tsx; components/cell-review; services/api.ts; relación indirecta por servicios clínicos.,alembic/versions/20260728_02_cell_classification_summary_integrity.py:80; alembic/versions/20260728_02_cell_classification_summary_integrity.py:131; alembic/versions/20260728_01_cell_classification_and_explainability.py:14; alembic/versions/20260728_01_cell_classification_and_explainability.py:265; alembic/versions/20260728_01_cell_classification_and_explainability.py:400; alembic/versions/20260728_01_cell_classification_and_explainability.py:404; alembic/versions/20260728_01_cell_classification_and_explainability.py:409; alembic/versions/20260728_01_cell_classification_and_explainability.py:413; alembic/versions/20260728_01_cell_classification_and_explainability.py:415; alembic/versions/20260728_01_cell_classification_and_explainability.py:420; alembic/versions/20260728_01_cell_classification_and_explainability.py:663; alembic/versions/20260728_01_cell_classification_and_explainability.py:688; alembic/versions/20260728_01_cell_classification_and_explainability.py:743; alembic/versions/20260728_01_cell_classification_and_explainability.py:982; alembic/versions/20260728_01_cell_classification_and_explainability.py:995; alembic/versions/20260728_01_cell_classification_and_explainability.py:1035; alembic/versions/20260728_01_cell_classification_and_explainability.py:1109; alembic/versions/20260728_01_cell_classification_and_explainability.py:1160; alembic/versions/20260728_01_cell_classification_and_explainability.py:1217; alembic/versions/20260728_01_cell_classification_and_explainability.py:1303; alembic/versions/20260728_01_cell_classification_and_explainability.py:1420; alembic/versions/20260728_01_cell_classification_and_explainability.py:1496; alembic/versions/20260728_01_cell_classification_and_explainability.py:1557; alembic/versions/20260728_01_cell_classification_and_explainability.py:1575; alembic/versions/20260728_01_cell_classification_and_explainability.py:1576; alembic/versions/20260728_03_align_smear_summary_contract.py:80; alembic/versions/20260728_03_align_smear_summary_contract.py:131; malaria_dl_local_project/db/init/026_inference_jobs.sql:2; malaria_dl_local_project/db/init/026_inference_jobs.sql:651; malaria_dl_local_project/db/init/026_inference_jobs.sql:691,Preservar linaje/FK; no inferir resultados por tabla vacía,`cell_classification_inputs`,Medio: conservar contrato,Catálogo equivalente y prueba de contrato del consumidor; fixtures aisladas futuras; no ejecutadas
classification_reports,run_clinical_metrics + vista classification_reports,MERGE,ML / persistencia y consulta de ejecuciones,"Reporte binario por clase, consolidado en conteos/medición y vista calculada; escritores se trasladan.",0 (captura E10.10.1; no conteo nuevo),PRIMARY KEY (id),classification_reports_run_id_fkey: FOREIGN KEY (run_id) REFERENCES runs(id) ON DELETE CASCADE,,classification_reports_pkey: CREATE UNIQUE INDEX classification_reports_pkey ON public.classification_reports USING btree (id); idx_classification_reports_run_id: CREATE INDEX idx_classification_reports_run_id ON public.classification_reports USING btree (run_id),,,malaria_dl_local_project/src/malaria_dl/persistence/run_repository.py:852,backend_api/app/routes/metrics.py:46; malaria_dl_local_project/src/malaria_dl/persistence/run_repository.py:852,"backend_api/app/routes/metrics.py: /confusion-matrix/{run_id}, /classification-report/{run_id}; backend_api/app/routes/runs.py; services/training_summaries.py",frontend/src/pages/Runs.tsx; RunDetail.tsx; ModelComparison.tsx; components/reports; services/api.ts.,malaria_dl_local_project/db/init/001_schema.sql:152; malaria_dl_local_project/db/init/002_indexes.sql:20,Preservar linaje/FK; no inferir resultados por tabla vacía,`runs`,Alto: INSERT legacy deja de funcionar; classification_reports cambia identidad por clase; conservar metadata/IDs en manifiesto.,Reconciliar run/split/checkpoint/umbral; matriz TN/FP/FN/TP y reporte por clase; API metrics.py y v2; todos los writers trasladados antes de sustituir tabla por vista.
clinical_identities,clinical_identities,PROTECTED,Gobernanza científica / dataset,Identidad científica de paciente usada para agrupar el split; protegida.,201 (captura E10.10.1; no conteo nuevo),PRIMARY KEY (id),clinical_identities_dataset_id_fkey: FOREIGN KEY (dataset_id) REFERENCES datasets(id) ON DELETE RESTRICT,"chk_clinical_identities_metadata_object: CHECK (jsonb_typeof(metadata) = 'object'::text); chk_clinical_identities_status: CHECK (status = ANY (ARRAY['VERIFIED'::text, 'UNRESOLVED'::text, 'CONFLICT'::text])); chk_clinical_identities_type: CHECK (identity_type = 'PATIENT'::text); uq_clinical_identities_source: UNIQUE (dataset_id, identity_type, source_identifier)","clinical_identities_pkey: CREATE UNIQUE INDEX clinical_identities_pkey ON public.clinical_identities USING btree (id); uq_clinical_identities_source: CREATE UNIQUE INDEX uq_clinical_identities_source ON public.clinical_identities USING btree (dataset_id, identity_type, source_identifier)",,,malaria_dataset_split_project/src/malaria_split/persistence/bootstrap.py:405,malaria_dl_local_project/src/malaria_dl/data/dataset_integrity.py:71; malaria_dataset_split_project/src/malaria_split/persistence/bootstrap.py:283; malaria_dataset_split_project/src/malaria_split/persistence/bootstrap.py:290; malaria_dataset_split_project/src/malaria_split/persistence/bootstrap.py:381; malaria_dataset_split_project/src/malaria_split/persistence/bootstrap.py:405; malaria_dataset_split_project/src/malaria_split/persistence/bootstrap.py:547; malaria_dataset_split_project/src/malaria_split/persistence/bootstrap.py:571; malaria_dataset_split_project/src/malaria_split/persistence/bootstrap.py:583; malaria_dataset_split_project/src/malaria_split/persistence/bootstrap.py:584; malaria_dataset_split_project/src/malaria_split/persistence/bootstrap.py:585; malaria_dataset_split_project/src/malaria_split/persistence/bootstrap.py:586; malaria_dataset_split_project/src/malaria_split/persistence/formal_validation.py:77; malaria_dataset_split_project/src/malaria_split/persistence/formal_validation.py:96; malaria_dataset_split_project/src/malaria_split/persistence/repositories.py:80; malaria_dataset_split_project/src/malaria_split/splitting/patient_profiles.py:54; malaria_dataset_split_project/src/malaria_split/governance/freeze.py:80; malaria_dataset_split_project/src/malaria_split/governance/freeze.py:126,Indirectos por servicio o CLI; ver responsabilidad,"frontend/src/pages/DatasetBrowser.tsx; UploadedPredictions.tsx; Deployments.tsx vía API de versión/inventario, según scope; no lectura directa SQL.",alembic/versions/20260811_01_scientific_dataset_versioning_foundation.py:87; alembic/versions/20260811_01_scientific_dataset_versioning_foundation.py:111; alembic/versions/20260811_01_scientific_dataset_versioning_foundation.py:162; alembic/versions/20260811_01_scientific_dataset_versioning_foundation.py:183,"Inmutable; preservar filas, rutas y hashes",`datasets`,Alto,Catálogo equivalente y prueba de contrato del consumidor; fixtures aisladas futuras; no ejecutadas
confusion_matrices,run_clinical_metrics + vista confusion_matrices,MERGE,ML / persistencia y consulta de ejecuciones,"Matriz binaria por run/split, consolidada en TP/FP/FN/TN; conserva lectura como vista.",0 (captura E10.10.1; no conteo nuevo),PRIMARY KEY (id),confusion_matrices_run_id_fkey: FOREIGN KEY (run_id) REFERENCES runs(id) ON DELETE CASCADE,,confusion_matrices_pkey: CREATE UNIQUE INDEX confusion_matrices_pkey ON public.confusion_matrices USING btree (id); idx_confusion_matrices_run_id: CREATE INDEX idx_confusion_matrices_run_id ON public.confusion_matrices USING btree (run_id),,,malaria_dl_local_project/src/malaria_dl/persistence/run_repository.py:811,backend_api/app/routes/metrics.py:31; backend_api/app/routes/runs.py:360; backend_api/app/services/lineage_children.py:152; backend_api/app/services/training_summaries.py:168; backend_api/app/services/training_summaries.py:211; backend_api/app/services/run_lineage.py:101; backend_api/app/services/run_lineage.py:263; malaria_dl_local_project/src/malaria_dl/persistence/run_repository.py:811,"backend_api/app/routes/metrics.py: /confusion-matrix/{run_id}, /classification-report/{run_id}; backend_api/app/routes/runs.py; services/training_summaries.py",frontend/src/pages/Runs.tsx; RunDetail.tsx; ModelComparison.tsx; components/reports; services/api.ts.,malaria_dl_local_project/db/init/001_schema.sql:138; malaria_dl_local_project/db/init/002_indexes.sql:19,Preservar linaje/FK; no inferir resultados por tabla vacía,`runs`,Alto: INSERT legacy deja de funcionar; classification_reports cambia identidad por clase; conservar metadata/IDs en manifiesto.,Reconciliar run/split/checkpoint/umbral; matriz TN/FP/FN/TP y reporte por clase; API metrics.py y v2; todos los writers trasladados antes de sustituir tabla por vista.
dataset_materialization_activations,dataset_materialization_activations,PROTECTED,Gobernanza científica / dataset,Historial de activación de una materialización científica sin alterar assignments.,0 (captura E10.10.1; no conteo nuevo),PRIMARY KEY (id),dataset_materialization_activations_dataset_version_id_fkey: FOREIGN KEY (dataset_version_id) REFERENCES dataset_versions(id) ON DELETE RESTRICT; dataset_materialization_activations_materialization_id_fkey: FOREIGN KEY (materialization_id) REFERENCES dataset_materializations(id) ON DELETE RESTRICT,chk_dataset_materialization_activations_interval: CHECK (deactivated_at IS NULL OR deactivated_at >= activated_at); chk_dataset_materialization_activations_metadata_object: CHECK (jsonb_typeof(metadata) = 'object'::text),dataset_materialization_activations_pkey: CREATE UNIQUE INDEX dataset_materialization_activations_pkey ON public.dataset_materialization_activations USING btree (id); ix_dataset_materialization_activations_dataset_version_id: CREATE INDEX ix_dataset_materialization_activations_dataset_version_id ON public.dataset_materialization_activations USING btree (dataset_version_id); ix_dataset_materialization_activations_materialization_id: CREATE INDEX ix_dataset_materialization_activations_materialization_id ON public.dataset_materialization_activations USING btree (materialization_id); uq_dataset_materialization_activations_current_family: CREATE UNIQUE INDEX uq_dataset_materialization_activations_current_family ON public.dataset_materialization_activations USING btree (dataset_family) WHERE (deactivated_at IS NULL),trg_activation_materialization_consistency: CREATE TRIGGER trg_activation_materialization_consistency BEFORE INSERT OR UPDATE ON dataset_materialization_activations FOR EACH ROW EXECUTE FUNCTION enforce_activation_materialization_consistency(),,alembic/versions/20260812_01_scientific_dataset_invariants_and_trainability.py:172,malaria_dataset_split_project/src/malaria_split/persistence/bootstrap.py:608,Indirectos por servicio o CLI; ver responsabilidad,"frontend/src/pages/DatasetBrowser.tsx; UploadedPredictions.tsx; Deployments.tsx vía API de versión/inventario, según scope; no lectura directa SQL.",alembic/versions/20260812_01_scientific_dataset_invariants_and_trainability.py:172; alembic/versions/20260811_01_scientific_dataset_versioning_foundation.py:282; alembic/versions/20260811_01_scientific_dataset_versioning_foundation.py:298; alembic/versions/20260811_01_scientific_dataset_versioning_foundation.py:300; alembic/versions/20260811_01_scientific_dataset_versioning_foundation.py:302,"Inmutable; preservar filas, rutas y hashes","`dataset_materializations`, `dataset_versions`",Alto,Catálogo equivalente y prueba de contrato del consumidor; fixtures aisladas futuras; no ejecutadas
dataset_materializations,dataset_materializations,PROTECTED,Gobernanza científica / dataset,Materialización con ruta/estado/fingerprint y validación; protegida.,1 (captura E10.10.1; no conteo nuevo),PRIMARY KEY (id),dataset_materializations_dataset_version_id_fkey: FOREIGN KEY (dataset_version_id) REFERENCES dataset_versions(id) ON DELETE RESTRICT,"chk_dataset_materializations_attempt: CHECK (attempt_number > 0); chk_dataset_materializations_manifest_object: CHECK (jsonb_typeof(manifest_metadata) = 'object'::text); chk_dataset_materializations_metadata_object: CHECK (jsonb_typeof(metadata) = 'object'::text); chk_dataset_materializations_reconciliation: CHECK (reconciliation_status = ANY (ARRAY['PENDING'::text, 'PASS'::text, 'FAIL'::text])); chk_dataset_materializations_record_count: CHECK (record_count >= 0); chk_dataset_materializations_relative_root: CHECK (relative_root <> ''::text AND relative_root !~ '^/'::text); chk_dataset_materializations_status: CHECK (status = ANY (ARRAY['NOT_MATERIALIZED'::text, 'MATERIALIZING'::text, 'READY'::text, 'FAILED'::text])); uq_dataset_materializations_attempt: UNIQUE (dataset_version_id, attempt_number)","dataset_materializations_pkey: CREATE UNIQUE INDEX dataset_materializations_pkey ON public.dataset_materializations USING btree (id); ix_dataset_materializations_dataset_version_id: CREATE INDEX ix_dataset_materializations_dataset_version_id ON public.dataset_materializations USING btree (dataset_version_id); uq_dataset_materializations_attempt: CREATE UNIQUE INDEX uq_dataset_materializations_attempt ON public.dataset_materializations USING btree (dataset_version_id, attempt_number)",,enforce_activation_materialization_consistency(),malaria_dataset_split_project/src/malaria_split/persistence/materialization.py:220; malaria_dataset_split_project/src/malaria_split/persistence/materialization.py:246; malaria_dataset_split_project/src/malaria_split/persistence/materialization.py:255,malaria_dl_local_project/src/malaria_dl/data/governed_dataset.py:132; malaria_dataset_split_project/src/malaria_split/persistence/bootstrap.py:607; malaria_dataset_split_project/src/malaria_split/persistence/materialization.py:201; malaria_dataset_split_project/src/malaria_split/persistence/materialization.py:220; malaria_dataset_split_project/src/malaria_split/persistence/materialization.py:246; malaria_dataset_split_project/src/malaria_split/persistence/materialization.py:255; malaria_dataset_split_project/src/malaria_split/governance/trainability.py:46,Indirectos por servicio o CLI; ver responsabilidad,"frontend/src/pages/DatasetBrowser.tsx; UploadedPredictions.tsx; Deployments.tsx vía API de versión/inventario, según scope; no lectura directa SQL.",alembic/versions/20260812_01_scientific_dataset_invariants_and_trainability.py:162; alembic/versions/20260811_01_scientific_dataset_versioning_foundation.py:244; alembic/versions/20260811_01_scientific_dataset_versioning_foundation.py:280; alembic/versions/20260811_01_scientific_dataset_versioning_foundation.py:285; alembic/versions/20260811_01_scientific_dataset_versioning_foundation.py:307; alembic/versions/20260811_01_scientific_dataset_versioning_foundation.py:319,"Inmutable; preservar filas, rutas y hashes",`dataset_versions`,Alto,Catálogo equivalente y prueba de contrato del consumidor; fixtures aisladas futuras; no ejecutadas
dataset_source_records,dataset_source_records,PROTECTED,Gobernanza científica / dataset,"Registro fuente de cada imagen, identidad, etiqueta y hashes verificados.",27558 (captura E10.10.1; no conteo nuevo),PRIMARY KEY (id),dataset_source_records_clinical_identity_id_fkey: FOREIGN KEY (clinical_identity_id) REFERENCES clinical_identities(id) ON DELETE RESTRICT; dataset_source_records_dataset_id_fkey: FOREIGN KEY (dataset_id) REFERENCES datasets(id) ON DELETE RESTRICT,"chk_dataset_source_records_dimensions: CHECK ((image_width IS NULL OR image_width > 0) AND (image_height IS NULL OR image_height > 0) AND (file_size_bytes IS NULL OR file_size_bytes >= 0)); chk_dataset_source_records_identity_status: CHECK (identity_status = ANY (ARRAY['VERIFIED'::text, 'UNRESOLVED'::text, 'CONFLICT'::text])); chk_dataset_source_records_metadata_object: CHECK (jsonb_typeof(metadata) = 'object'::text); chk_dataset_source_records_pixel_sha256: CHECK (decoded_pixel_sha256 IS NULL OR decoded_pixel_sha256 ~ '^[0-9a-fA-F]{64}$'::text); chk_dataset_source_records_source_sha256: CHECK (source_file_sha256 IS NULL OR source_file_sha256 ~ '^[0-9a-fA-F]{64}$'::text); uq_dataset_source_records_key: UNIQUE (dataset_id, source_record_key)","dataset_source_records_pkey: CREATE UNIQUE INDEX dataset_source_records_pkey ON public.dataset_source_records USING btree (id); ix_dataset_source_records_clinical_identity_id: CREATE INDEX ix_dataset_source_records_clinical_identity_id ON public.dataset_source_records USING btree (clinical_identity_id); ix_dataset_source_records_dataset_id: CREATE INDEX ix_dataset_source_records_dataset_id ON public.dataset_source_records USING btree (dataset_id); ix_dataset_source_records_decoded_pixel_sha256: CREATE INDEX ix_dataset_source_records_decoded_pixel_sha256 ON public.dataset_source_records USING btree (decoded_pixel_sha256) WHERE (decoded_pixel_sha256 IS NOT NULL); ix_dataset_source_records_source_file_sha256: CREATE INDEX ix_dataset_source_records_source_file_sha256 ON public.dataset_source_records USING btree (source_file_sha256) WHERE (source_file_sha256 IS NOT NULL); uq_dataset_source_records_key: CREATE UNIQUE INDEX uq_dataset_source_records_key ON public.dataset_source_records USING btree (dataset_id, source_record_key)",,enforce_dataset_assignment_consistency(),malaria_dataset_split_project/src/malaria_split/persistence/bootstrap.py:443,malaria_dl_local_project/src/malaria_dl/assessment/lineage.py:161; malaria_dl_local_project/src/malaria_dl/data/dataset_integrity.py:63; malaria_dl_local_project/src/malaria_dl/data/dataset_integrity.py:124; malaria_dataset_split_project/src/malaria_split/cli.py:259; malaria_dataset_split_project/src/malaria_split/persistence/bootstrap.py:290; malaria_dataset_split_project/src/malaria_split/persistence/bootstrap.py:411; malaria_dataset_split_project/src/malaria_split/persistence/bootstrap.py:443; malaria_dataset_split_project/src/malaria_split/persistence/bootstrap.py:548; malaria_dataset_split_project/src/malaria_split/persistence/bootstrap.py:571; malaria_dataset_split_project/src/malaria_split/persistence/bootstrap.py:576; malaria_dataset_split_project/src/malaria_split/persistence/bootstrap.py:587; malaria_dataset_split_project/src/malaria_split/persistence/bootstrap.py:588; malaria_dataset_split_project/src/malaria_split/persistence/bootstrap.py:589; malaria_dataset_split_project/src/malaria_split/persistence/bootstrap.py:592; malaria_dataset_split_project/src/malaria_split/persistence/bootstrap.py:593; malaria_dataset_split_project/src/malaria_split/persistence/bootstrap.py:594; malaria_dataset_split_project/src/malaria_split/persistence/bootstrap.py:595; malaria_dataset_split_project/src/malaria_split/persistence/bootstrap.py:596; malaria_dataset_split_project/src/malaria_split/persistence/split_generation.py:115; malaria_dataset_split_project/src/malaria_split/persistence/split_generation.py:214; malaria_dataset_split_project/src/malaria_split/persistence/formal_validation.py:76; malaria_dataset_split_project/src/malaria_split/persistence/formal_validation.py:82; malaria_dataset_split_project/src/malaria_split/persistence/materialization.py:116; malaria_dataset_split_project/src/malaria_split/persistence/repositories.py:64; malaria_dataset_split_project/src/malaria_split/persistence/repositories.py:81; malaria_dataset_split_project/src/malaria_split/splitting/patient_profiles.py:56; malaria_dataset_split_project/src/malaria_split/governance/freeze.py:67,Indirectos por servicio o CLI; ver responsabilidad,"frontend/src/pages/DatasetBrowser.tsx; UploadedPredictions.tsx; Deployments.tsx vía API de versión/inventario, según scope; no lectura directa SQL.",alembic/versions/20260812_01_scientific_dataset_invariants_and_trainability.py:37; alembic/versions/20260811_01_scientific_dataset_versioning_foundation.py:108; alembic/versions/20260811_01_scientific_dataset_versioning_foundation.py:149; alembic/versions/20260811_01_scientific_dataset_versioning_foundation.py:151; alembic/versions/20260811_01_scientific_dataset_versioning_foundation.py:153; alembic/versions/20260811_01_scientific_dataset_versioning_foundation.py:156; alembic/versions/20260811_01_scientific_dataset_versioning_foundation.py:161; alembic/versions/20260811_01_scientific_dataset_versioning_foundation.py:182,"Inmutable; preservar filas, rutas y hashes","`clinical_identities`, `datasets`",Alto,Catálogo equivalente y prueba de contrato del consumidor; fixtures aisladas futuras; no ejecutadas
dataset_split_assignments,dataset_split_assignments,PROTECTED,Gobernanza científica / dataset,Asignación científica versionada por fuente/paciente; autoridad del universo oficial.,27558 (captura E10.10.1; no conteo nuevo),PRIMARY KEY (id),dataset_split_assignments_clinical_identity_id_fkey: FOREIGN KEY (clinical_identity_id) REFERENCES clinical_identities(id) ON DELETE RESTRICT; dataset_split_assignments_dataset_version_id_fkey: FOREIGN KEY (dataset_version_id) REFERENCES dataset_versions(id) ON DELETE RESTRICT; dataset_split_assignments_source_record_id_fkey: FOREIGN KEY (source_record_id) REFERENCES dataset_source_records(id) ON DELETE RESTRICT,"chk_dataset_split_assignments_metadata_object: CHECK (jsonb_typeof(metadata) = 'object'::text); chk_dataset_split_assignments_split: CHECK (split_name = ANY (ARRAY['train'::text, 'val'::text, 'test'::text, 'external_validation'::text])); uq_dataset_split_assignments_record: UNIQUE (dataset_version_id, source_record_id)","dataset_split_assignments_pkey: CREATE UNIQUE INDEX dataset_split_assignments_pkey ON public.dataset_split_assignments USING btree (id); ix_dataset_split_assignments_clinical_identity_id: CREATE INDEX ix_dataset_split_assignments_clinical_identity_id ON public.dataset_split_assignments USING btree (clinical_identity_id); ix_dataset_split_assignments_dataset_version_id: CREATE INDEX ix_dataset_split_assignments_dataset_version_id ON public.dataset_split_assignments USING btree (dataset_version_id); uq_dataset_split_assignments_record: CREATE UNIQUE INDEX uq_dataset_split_assignments_record ON public.dataset_split_assignments USING btree (dataset_version_id, source_record_id)",trg_dataset_assignment_consistency: CREATE TRIGGER trg_dataset_assignment_consistency BEFORE INSERT OR UPDATE ON dataset_split_assignments FOR EACH ROW EXECUTE FUNCTION enforce_dataset_assignment_consistency(); trg_protect_frozen_dataset_assignment_updates: CREATE TRIGGER trg_protect_frozen_dataset_assignment_updates BEFORE UPDATE ON dataset_split_assignments FOR EACH ROW EXECUTE FUNCTION protect_frozen_dataset_assignment_updates(); trg_protect_frozen_dataset_assignments_delete: CREATE TRIGGER trg_protect_frozen_dataset_assignments_delete BEFORE DELETE ON dataset_split_assignments FOR EACH ROW EXECUTE FUNCTION protect_frozen_dataset_assignments(),enforce_dataset_assignment_consistency(),malaria_dataset_split_project/src/malaria_split/persistence/split_generation.py:141; alembic/versions/20260812_01_scientific_dataset_invariants_and_trainability.py:67; alembic/versions/20260812_02_harden_frozen_assignment_updates.py:36,malaria_dl_local_project/src/malaria_dl/assessment/lineage.py:161; malaria_dl_local_project/src/malaria_dl/data/dataset_integrity.py:46; malaria_dl_local_project/src/malaria_dl/data/dataset_integrity.py:55; malaria_dl_local_project/src/malaria_dl/data/dataset_integrity.py:124; malaria_dataset_split_project/src/malaria_split/cli.py:326; malaria_dataset_split_project/src/malaria_split/cli.py:409; malaria_dataset_split_project/src/malaria_split/persistence/bootstrap.py:313; malaria_dataset_split_project/src/malaria_split/persistence/bootstrap.py:604; malaria_dataset_split_project/src/malaria_split/persistence/split_generation.py:101; malaria_dataset_split_project/src/malaria_split/persistence/split_generation.py:141; malaria_dataset_split_project/src/malaria_split/persistence/split_generation.py:162; malaria_dataset_split_project/src/malaria_split/persistence/split_generation.py:168; malaria_dataset_split_project/src/malaria_split/persistence/split_generation.py:179; malaria_dataset_split_project/src/malaria_split/persistence/split_generation.py:184; malaria_dataset_split_project/src/malaria_split/persistence/split_generation.py:187; malaria_dataset_split_project/src/malaria_split/persistence/split_generation.py:200; malaria_dataset_split_project/src/malaria_split/persistence/split_generation.py:206; malaria_dataset_split_project/src/malaria_split/persistence/split_generation.py:213; malaria_dataset_split_project/src/malaria_split/persistence/split_generation.py:244; malaria_dataset_split_project/src/malaria_split/persistence/formal_validation.py:84; malaria_dataset_split_project/src/malaria_split/persistence/formal_validation.py:88; malaria_dataset_split_project/src/malaria_split/persistence/formal_validation.py:92; malaria_dataset_split_project/src/malaria_split/persistence/formal_validation.py:99; malaria_dataset_split_project/src/malaria_split/persistence/formal_validation.py:124; malaria_dataset_split_project/src/malaria_split/persistence/materialization.py:116; malaria_dataset_split_project/src/malaria_split/governance/freeze.py:123,Indirectos por servicio o CLI; ver responsabilidad,"frontend/src/pages/DatasetBrowser.tsx; UploadedPredictions.tsx; Deployments.tsx vía API de versión/inventario, según scope; no lectura directa SQL.",alembic/versions/20260812_01_scientific_dataset_invariants_and_trainability.py:52; alembic/versions/20260812_01_scientific_dataset_invariants_and_trainability.py:67; alembic/versions/20260812_01_scientific_dataset_invariants_and_trainability.py:85; alembic/versions/20260811_01_scientific_dataset_versioning_foundation.py:179; alembic/versions/20260811_01_scientific_dataset_versioning_foundation.py:200; alembic/versions/20260811_01_scientific_dataset_versioning_foundation.py:202; alembic/versions/20260812_02_harden_frozen_assignment_updates.py:36,"Inmutable; preservar filas, rutas y hashes","`clinical_identities`, `dataset_source_records`, `dataset_versions`",Alto,Catálogo equivalente y prueba de contrato del consumidor; fixtures aisladas futuras; no ejecutadas
dataset_split_images,dataset_split_images,PROTECTED,Gobernanza científica / dataset,"Inventario físico de imágenes por raíz; dos representaciones, no doble población.",55116 (captura E10.10.1; no conteo nuevo),PRIMARY KEY (image_id),dataset_split_images_dataset_id_fkey: FOREIGN KEY (dataset_id) REFERENCES datasets(id) ON DELETE SET NULL; dataset_split_images_dataset_materialization_id_fkey: FOREIGN KEY (dataset_materialization_id) REFERENCES dataset_materializations(id) ON DELETE RESTRICT; dataset_split_images_dataset_version_id_fkey: FOREIGN KEY (dataset_version_id) REFERENCES dataset_versions(id) ON DELETE RESTRICT,"chk_dataset_split_images_class_index: CHECK (class_index = ANY (ARRAY[0, 1])); chk_dataset_split_images_class_name: CHECK (class_name = ANY (ARRAY['uninfected'::text, 'parasitized'::text])); chk_dataset_split_images_split: CHECK (split_name = ANY (ARRAY['train'::text, 'val'::text, 'validation'::text, 'test'::text])); uq_dataset_split_images_path: UNIQUE (dataset_dir, relative_path)","dataset_split_images_pkey: CREATE UNIQUE INDEX dataset_split_images_pkey ON public.dataset_split_images USING btree (image_id); idx_dataset_split_images_class: CREATE INDEX idx_dataset_split_images_class ON public.dataset_split_images USING btree (class_name); idx_dataset_split_images_dataset_dir: CREATE INDEX idx_dataset_split_images_dataset_dir ON public.dataset_split_images USING btree (dataset_dir); idx_dataset_split_images_dataset_id: CREATE INDEX idx_dataset_split_images_dataset_id ON public.dataset_split_images USING btree (dataset_id); idx_dataset_split_images_relative_path: CREATE INDEX idx_dataset_split_images_relative_path ON public.dataset_split_images USING btree (relative_path); idx_dataset_split_images_split: CREATE INDEX idx_dataset_split_images_split ON public.dataset_split_images USING btree (split_name); ix_dataset_split_images_dataset_materialization_id: CREATE INDEX ix_dataset_split_images_dataset_materialization_id ON public.dataset_split_images USING btree (dataset_materialization_id); ix_dataset_split_images_dataset_version_id: CREATE INDEX ix_dataset_split_images_dataset_version_id ON public.dataset_split_images USING btree (dataset_version_id); uq_dataset_split_images_path: CREATE UNIQUE INDEX uq_dataset_split_images_path ON public.dataset_split_images USING btree (dataset_dir, relative_path)",,,malaria_dl_local_project/src/malaria_dl/data/registry.py:435,malaria_dl_local_project/src/malaria_dl/governance/repository.py:1053; malaria_dl_local_project/src/malaria_dl/inference/traceable.py:60; malaria_dl_local_project/src/malaria_dl/data/registry.py:435; malaria_dl_local_project/src/malaria_dl/data/registry.py:464; malaria_dl_local_project/src/malaria_dl/data/registry.py:466; malaria_dl_local_project/src/malaria_dl/data/registry.py:594; malaria_dl_local_project/src/malaria_dl/governance/services/deployment_service.py:152; malaria_dl_local_project/src/malaria_dl/governance/services/deployment_service.py:277; malaria_dl_local_project/src/malaria_dl/governance/services/stage2_availability_service.py:336; malaria_dl_local_project/src/malaria_dl/governance/services/stage2_availability_service.py:338; malaria_dataset_split_project/src/malaria_split/discovery/system_contract_auditor.py:9; malaria_dataset_split_project/src/malaria_split/discovery/system_contract_auditor.py:60; malaria_dataset_split_project/src/malaria_split/discovery/system_contract_auditor.py:64; malaria_dataset_split_project/src/malaria_split/discovery/system_contract_auditor.py:78; malaria_dataset_split_project/src/malaria_split/discovery/system_contract_auditor.py:83,Indirectos por servicio o CLI; ver responsabilidad,"frontend/src/pages/DatasetBrowser.tsx; UploadedPredictions.tsx; Deployments.tsx vía API de versión/inventario, según scope; no lectura directa SQL.",alembic/versions/20260811_01_scientific_dataset_versioning_foundation.py:305; alembic/versions/20260811_01_scientific_dataset_versioning_foundation.py:309; alembic/versions/20260811_01_scientific_dataset_versioning_foundation.py:311; malaria_dl_local_project/db/init/017_clinical_run_tracking.sql:107; malaria_dl_local_project/db/init/026_inference_jobs.sql:75; malaria_dl_local_project/db/init/026_inference_jobs.sql:545; malaria_dl_local_project/db/init/018_visual_audit_views.sql:387; malaria_dl_local_project/db/init/018_visual_audit_views.sql:431; malaria_dl_local_project/db/init/012_dataset_split_image_tracking.sql:1; malaria_dl_local_project/db/init/012_dataset_split_image_tracking.sql:35; malaria_dl_local_project/db/init/012_dataset_split_image_tracking.sql:88; malaria_dl_local_project/db/init/012_dataset_split_image_tracking.sql:90; malaria_dl_local_project/db/init/012_dataset_split_image_tracking.sql:92; malaria_dl_local_project/db/init/012_dataset_split_image_tracking.sql:94; malaria_dl_local_project/db/init/012_dataset_split_image_tracking.sql:96; malaria_dl_local_project/db/init/012_dataset_split_image_tracking.sql:131; malaria_dl_local_project/db/init/012_dataset_split_image_tracking.sql:160; malaria_dl_local_project/db/init/013_dataset_browser_views.sql:35; malaria_dl_local_project/db/init/013_dataset_browser_views.sql:85,"Inmutable; preservar filas, rutas y hashes","`dataset_materializations`, `dataset_versions`, `datasets`",Alto,Catálogo equivalente y prueba de contrato del consumidor; fixtures aisladas futuras; no ejecutadas
dataset_split_statistics,dataset_split_statistics,PROTECTED,Gobernanza científica / dataset,Estadísticas congeladas del split científico por versión.,1 (captura E10.10.1; no conteo nuevo),PRIMARY KEY (id),dataset_split_statistics_dataset_version_id_fkey: FOREIGN KEY (dataset_version_id) REFERENCES dataset_versions(id) ON DELETE RESTRICT,chk_dataset_split_statistics_details_object: CHECK (details_json IS NULL OR jsonb_typeof(details_json) = 'object'::text); chk_dataset_split_statistics_value: CHECK (numeric_value IS NOT NULL OR text_value IS NOT NULL OR details_json IS NOT NULL),"dataset_split_statistics_pkey: CREATE UNIQUE INDEX dataset_split_statistics_pkey ON public.dataset_split_statistics USING btree (id); ix_dataset_split_statistics_version_metric: CREATE INDEX ix_dataset_split_statistics_version_metric ON public.dataset_split_statistics USING btree (dataset_version_id, scope, metric_name)",,,malaria_dataset_split_project/src/malaria_split/persistence/formal_validation.py:191,backend_api/app/services/governed_datasets.py:45; malaria_dataset_split_project/src/malaria_split/cli.py:468; malaria_dataset_split_project/src/malaria_split/persistence/bootstrap.py:605; malaria_dataset_split_project/src/malaria_split/persistence/formal_validation.py:163; malaria_dataset_split_project/src/malaria_split/persistence/formal_validation.py:191,Indirectos por servicio o CLI; ver responsabilidad,"frontend/src/pages/DatasetBrowser.tsx; UploadedPredictions.tsx; Deployments.tsx vía API de versión/inventario, según scope; no lectura directa SQL.",alembic/versions/20260811_01_scientific_dataset_versioning_foundation.py:204; alembic/versions/20260811_01_scientific_dataset_versioning_foundation.py:221,"Inmutable; preservar filas, rutas y hashes",`dataset_versions`,Alto,Catálogo equivalente y prueba de contrato del consumidor; fixtures aisladas futuras; no ejecutadas
dataset_split_validation_checks,dataset_split_validation_checks,PROTECTED,Gobernanza científica / dataset,Evidencia de validaciones PASS/FAIL del split por versión.,12 (captura E10.10.1; no conteo nuevo),PRIMARY KEY (id),dataset_split_validation_checks_dataset_version_id_fkey: FOREIGN KEY (dataset_version_id) REFERENCES dataset_versions(id) ON DELETE RESTRICT,"chk_dataset_split_validation_checks_details_object: CHECK (jsonb_typeof(details_json) = 'object'::text); chk_dataset_split_validation_checks_status: CHECK (status = ANY (ARRAY['PASS'::text, 'FAIL'::text, 'WARNING'::text]))","dataset_split_validation_checks_pkey: CREATE UNIQUE INDEX dataset_split_validation_checks_pkey ON public.dataset_split_validation_checks USING btree (id); ix_dataset_split_validation_checks_version_name: CREATE INDEX ix_dataset_split_validation_checks_version_name ON public.dataset_split_validation_checks USING btree (dataset_version_id, check_name, executed_at)",,,malaria_dataset_split_project/src/malaria_split/persistence/formal_validation.py:197,backend_api/app/services/governed_datasets.py:36; malaria_dl_local_project/src/malaria_dl/data/governed_dataset.py:154; malaria_dataset_split_project/src/malaria_split/cli.py:471; malaria_dataset_split_project/src/malaria_split/persistence/bootstrap.py:606; malaria_dataset_split_project/src/malaria_split/persistence/formal_validation.py:168; malaria_dataset_split_project/src/malaria_split/persistence/formal_validation.py:197; malaria_dataset_split_project/src/malaria_split/persistence/formal_validation.py:208; malaria_dataset_split_project/src/malaria_split/persistence/materialization.py:109; malaria_dataset_split_project/src/malaria_split/governance/trainability.py:65,Indirectos por servicio o CLI; ver responsabilidad,"frontend/src/pages/DatasetBrowser.tsx; UploadedPredictions.tsx; Deployments.tsx vía API de versión/inventario, según scope; no lectura directa SQL.",alembic/versions/20260811_01_scientific_dataset_versioning_foundation.py:223; alembic/versions/20260811_01_scientific_dataset_versioning_foundation.py:242,"Inmutable; preservar filas, rutas y hashes",`dataset_versions`,Alto,Catálogo equivalente y prueba de contrato del consumidor; fixtures aisladas futuras; no ejecutadas
dataset_splits,dataset_splits,PROTECTED,Gobernanza científica / dataset,Distribuciones históricas por dataset requeridas por contratos de descubrimiento/features.,0 (captura E10.10.1; no conteo nuevo),PRIMARY KEY (id),dataset_splits_dataset_id_fkey: FOREIGN KEY (dataset_id) REFERENCES datasets(id) ON DELETE CASCADE,,dataset_splits_pkey: CREATE UNIQUE INDEX dataset_splits_pkey ON public.dataset_splits USING btree (id),,,malaria_dl_local_project/db/init/004_seed.sql:53,malaria_dl_local_project/src/malaria_dl/feature_engineering/svm_features.py:257; malaria_dataset_split_project/src/malaria_split/discovery/system_contract_auditor.py:9,Indirectos por servicio o CLI; ver responsabilidad,"frontend/src/pages/DatasetBrowser.tsx; UploadedPredictions.tsx; Deployments.tsx vía API de versión/inventario, según scope; no lectura directa SQL.",malaria_dl_local_project/db/init/004_seed.sql:53; malaria_dl_local_project/db/init/004_seed.sql:79; malaria_dl_local_project/db/init/001_schema.sql:31,"Inmutable; preservar filas, rutas y hashes",`datasets`,Alto,Catálogo equivalente y prueba de contrato del consumidor; fixtures aisladas futuras; no ejecutadas
dataset_version_sources,dataset_version_sources,PROTECTED,Gobernanza científica / dataset,Fuentes vinculadas a la versión científica congelada.,1 (captura E10.10.1; no conteo nuevo),"PRIMARY KEY (dataset_version_id, dataset_id, role)",dataset_version_sources_dataset_id_fkey: FOREIGN KEY (dataset_id) REFERENCES datasets(id) ON DELETE RESTRICT; dataset_version_sources_dataset_version_id_fkey: FOREIGN KEY (dataset_version_id) REFERENCES dataset_versions(id) ON DELETE RESTRICT,"chk_dataset_version_sources_role: CHECK (role = ANY (ARRAY['PRIMARY'::text, 'EXTERNAL_VALIDATION'::text, 'AUXILIARY'::text]))","dataset_version_sources_pkey: CREATE UNIQUE INDEX dataset_version_sources_pkey ON public.dataset_version_sources USING btree (dataset_version_id, dataset_id, role); ix_dataset_version_sources_dataset_id: CREATE INDEX ix_dataset_version_sources_dataset_id ON public.dataset_version_sources USING btree (dataset_id)",trg_protect_frozen_dataset_version_sources: CREATE TRIGGER trg_protect_frozen_dataset_version_sources BEFORE INSERT OR DELETE OR UPDATE ON dataset_version_sources FOR EACH ROW EXECUTE FUNCTION protect_frozen_dataset_version_sources(),,malaria_dataset_split_project/src/malaria_split/persistence/bootstrap.py:542; alembic/versions/20260812_01_scientific_dataset_invariants_and_trainability.py:154,malaria_dl_local_project/src/malaria_dl/data/dataset_integrity.py:64; malaria_dl_local_project/src/malaria_dl/data/dataset_integrity.py:72; malaria_dataset_split_project/src/malaria_split/persistence/bootstrap.py:263; malaria_dataset_split_project/src/malaria_split/persistence/bootstrap.py:535; malaria_dataset_split_project/src/malaria_split/persistence/bootstrap.py:542; malaria_dataset_split_project/src/malaria_split/persistence/bootstrap.py:579; malaria_dataset_split_project/src/malaria_split/persistence/bootstrap.py:581; malaria_dataset_split_project/src/malaria_split/persistence/bootstrap.py:582; malaria_dataset_split_project/src/malaria_split/persistence/formal_validation.py:75; malaria_dataset_split_project/src/malaria_split/persistence/formal_validation.py:81; malaria_dataset_split_project/src/malaria_split/persistence/formal_validation.py:96; malaria_dataset_split_project/src/malaria_split/splitting/patient_profiles.py:52; malaria_dataset_split_project/src/malaria_split/governance/freeze.py:68; malaria_dataset_split_project/src/malaria_split/governance/freeze.py:81; malaria_dataset_split_project/src/malaria_split/governance/freeze.py:127,Indirectos por servicio o CLI; ver responsabilidad,"frontend/src/pages/DatasetBrowser.tsx; UploadedPredictions.tsx; Deployments.tsx vía API de versión/inventario, según scope; no lectura directa SQL.",alembic/versions/20260812_01_scientific_dataset_invariants_and_trainability.py:154; alembic/versions/20260811_01_scientific_dataset_versioning_foundation.py:74; alembic/versions/20260811_01_scientific_dataset_versioning_foundation.py:85,"Inmutable; preservar filas, rutas y hashes","`dataset_versions`, `datasets`",Alto,Catálogo equivalente y prueba de contrato del consumidor; fixtures aisladas futuras; no ejecutadas
dataset_versions,dataset_versions,PROTECTED,Gobernanza científica / dataset,"Versión FROZEN, protocolo/semilla/identidad científica del dataset.",1 (captura E10.10.1; no conteo nuevo),PRIMARY KEY (id),,"chk_dataset_versions_class_mapping_object: CHECK (jsonb_typeof(class_mapping) = 'object'::text); chk_dataset_versions_methodology_object: CHECK (jsonb_typeof(methodology_json) = 'object'::text); chk_dataset_versions_ratio_sum: CHECK ((target_train_ratio + target_val_ratio + target_test_ratio) = 1.0); chk_dataset_versions_source_count: CHECK (source_record_count >= 0); chk_dataset_versions_status: CHECK (status = ANY (ARRAY['DRAFT'::text, 'GENERATED'::text, 'VALIDATED'::text, 'FROZEN'::text, 'ARCHIVED'::text])); chk_dataset_versions_test_ratio: CHECK (target_test_ratio >= 0::numeric AND target_test_ratio <= 1::numeric); chk_dataset_versions_train_ratio: CHECK (target_train_ratio >= 0::numeric AND target_train_ratio <= 1::numeric); chk_dataset_versions_val_ratio: CHECK (target_val_ratio >= 0::numeric AND target_val_ratio <= 1::numeric); uq_dataset_versions_name_semver: UNIQUE (name, semantic_version)","dataset_versions_pkey: CREATE UNIQUE INDEX dataset_versions_pkey ON public.dataset_versions USING btree (id); ix_dataset_versions_status: CREATE INDEX ix_dataset_versions_status ON public.dataset_versions USING btree (status); uq_dataset_versions_name_semver: CREATE UNIQUE INDEX uq_dataset_versions_name_semver ON public.dataset_versions USING btree (name, semantic_version)",trg_dataset_version_lifecycle: CREATE TRIGGER trg_dataset_version_lifecycle BEFORE UPDATE ON dataset_versions FOR EACH ROW EXECUTE FUNCTION enforce_dataset_version_lifecycle(),enforce_dataset_assignment_consistency(); protect_frozen_dataset_assignment_updates(); protect_frozen_dataset_assignments(); protect_frozen_dataset_version_sources(),malaria_dataset_split_project/src/malaria_split/persistence/bootstrap.py:498; malaria_dataset_split_project/src/malaria_split/persistence/bootstrap.py:520; malaria_dataset_split_project/src/malaria_split/persistence/split_generation.py:241; malaria_dataset_split_project/src/malaria_split/persistence/split_generation.py:291; malaria_dataset_split_project/src/malaria_split/persistence/formal_validation.py:160; malaria_dataset_split_project/src/malaria_split/persistence/materialization.py:198; malaria_dataset_split_project/src/malaria_split/persistence/repositories.py:27; malaria_dataset_split_project/src/malaria_split/governance/dataset_lifecycle.py:27; malaria_dataset_split_project/src/malaria_split/governance/dataset_lifecycle.py:34; malaria_dataset_split_project/src/malaria_split/governance/freeze.py:102; malaria_dataset_split_project/src/malaria_split/governance/freeze.py:177; alembic/versions/20260812_01_scientific_dataset_invariants_and_trainability.py:132,backend_api/app/main.py:8; backend_api/app/main.py:50; backend_api/app/routes/dataset_versions.py:20; backend_api/app/services/governed_datasets.py:91; backend_api/app/services/governed_datasets.py:101; malaria_dl_local_project/src/malaria_dl/data/governed_dataset.py:97; malaria_dataset_split_project/src/malaria_split/cli.py:323; malaria_dataset_split_project/src/malaria_split/cli.py:406; malaria_dataset_split_project/src/malaria_split/cli.py:412; malaria_dataset_split_project/src/malaria_split/cli.py:465; malaria_dataset_split_project/src/malaria_split/persistence/bootstrap.py:240; malaria_dataset_split_project/src/malaria_split/persistence/bootstrap.py:498; malaria_dataset_split_project/src/malaria_split/persistence/bootstrap.py:520; malaria_dataset_split_project/src/malaria_split/persistence/bootstrap.py:552; malaria_dataset_split_project/src/malaria_split/persistence/bootstrap.py:563; malaria_dataset_split_project/src/malaria_split/persistence/split_generation.py:97; malaria_dataset_split_project/src/malaria_split/persistence/split_generation.py:241; malaria_dataset_split_project/src/malaria_split/persistence/split_generation.py:291; malaria_dataset_split_project/src/malaria_split/persistence/split_generation.py:297; malaria_dataset_split_project/src/malaria_split/persistence/split_generation.py:300; malaria_dataset_split_project/src/malaria_split/persistence/formal_validation.py:58; malaria_dataset_split_project/src/malaria_split/persistence/formal_validation.py:160; malaria_dataset_split_project/src/malaria_split/persistence/materialization.py:99; malaria_dataset_split_project/src/malaria_split/persistence/materialization.py:198; malaria_dataset_split_project/src/malaria_split/persistence/repositories.py:18; malaria_dataset_split_project/src/malaria_split/persistence/repositories.py:27; malaria_dataset_split_project/src/malaria_split/persistence/repositories.py:47; malaria_dataset_split_project/src/malaria_split/splitting/patient_profiles.py:51; malaria_dataset_split_project/src/malaria_split/governance/trainability.py:91; malaria_dataset_split_project/src/malaria_split/governance/trainability.py:119; malaria_dataset_split_project/src/malaria_split/governance/dataset_lifecycle.py:27; malaria_dataset_split_project/src/malaria_split/governance/dataset_lifecycle.py:34; malaria_dataset_split_project/src/malaria_split/governance/freeze.py:102; malaria_dataset_split_project/src/malaria_split/governance/freeze.py:177; malaria_dataset_split_project/src/malaria_split/governance/freeze.py:184,backend_api/app/routes/dataset_versions.py:20,"frontend/src/pages/DatasetBrowser.tsx; UploadedPredictions.tsx; Deployments.tsx vía API de versión/inventario, según scope; no lectura directa SQL.",alembic/versions/20260911_01_experimental_campaigns.py:19; alembic/versions/20260812_01_scientific_dataset_invariants_and_trainability.py:29; alembic/versions/20260812_01_scientific_dataset_invariants_and_trainability.py:75; alembic/versions/20260812_01_scientific_dataset_invariants_and_trainability.py:132; alembic/versions/20260812_01_scientific_dataset_invariants_and_trainability.py:140; alembic/versions/20260812_01_scientific_dataset_invariants_and_trainability.py:143; alembic/versions/20260811_01_scientific_dataset_versioning_foundation.py:25; alembic/versions/20260811_01_scientific_dataset_versioning_foundation.py:72; alembic/versions/20260811_01_scientific_dataset_versioning_foundation.py:75; alembic/versions/20260811_01_scientific_dataset_versioning_foundation.py:181; alembic/versions/20260811_01_scientific_dataset_versioning_foundation.py:206; alembic/versions/20260811_01_scientific_dataset_versioning_foundation.py:225; alembic/versions/20260811_01_scientific_dataset_versioning_foundation.py:246; alembic/versions/20260811_01_scientific_dataset_versioning_foundation.py:284; alembic/versions/20260811_01_scientific_dataset_versioning_foundation.py:306; alembic/versions/20260811_01_scientific_dataset_versioning_foundation.py:314; alembic/versions/20260811_01_scientific_dataset_versioning_foundation.py:318; alembic/versions/20260812_02_harden_frozen_assignment_updates.py:24; alembic/versions/20260812_02_harden_frozen_assignment_updates.py:26,"Inmutable; preservar filas, rutas y hashes",Sin padres FK,Alto,Catálogo equivalente y prueba de contrato del consumidor; fixtures aisladas futuras; no ejecutadas
datasets,datasets,PROTECTED,Gobernanza científica / dataset,Catálogo de datasets y origen; no confundir ID con dataset_version_id.,2 (captura E10.10.1; no conteo nuevo),PRIMARY KEY (id),,,datasets_pkey: CREATE UNIQUE INDEX datasets_pkey ON public.datasets USING btree (id); idx_datasets_metadata_gin: CREATE INDEX idx_datasets_metadata_gin ON public.datasets USING gin (metadata),,,malaria_dl_local_project/src/malaria_dl/persistence/run_repository.py:260; malaria_dl_local_project/src/malaria_dl/data/registry.py:320; malaria_dl_local_project/src/malaria_dl/data/registry.py:361; malaria_dataset_split_project/src/malaria_split/persistence/bootstrap.py:348; malaria_dataset_split_project/src/malaria_split/persistence/bootstrap.py:370; malaria_dl_local_project/db/init/004_seed.sql:16,backend_api/app/security.py:34; backend_api/app/routes/catalog.py:52; backend_api/app/routes/catalog.py:53; backend_api/app/routes/catalog.py:58; backend_api/app/routes/dataset_versions.py:13; backend_api/app/routes/runs.py:651; backend_api/app/services/lineage_children.py:271; backend_api/app/services/dataset_browser.py:17; backend_api/app/services/training_summaries.py:166; malaria_dl_local_project/src/malaria_dl/execution/train.py:62; malaria_dl_local_project/src/malaria_dl/execution/train.py:77; malaria_dl_local_project/src/malaria_dl/execution/train.py:175; malaria_dl_local_project/src/malaria_dl/execution/train.py:199; malaria_dl_local_project/src/malaria_dl/execution/train.py:226; malaria_dl_local_project/src/malaria_dl/execution/train.py:227; malaria_dl_local_project/src/malaria_dl/execution/train.py:253; malaria_dl_local_project/src/malaria_dl/persistence/run_repository.py:248; malaria_dl_local_project/src/malaria_dl/persistence/run_repository.py:260; malaria_dl_local_project/src/malaria_dl/persistence/tracking.py:589; malaria_dl_local_project/src/malaria_dl/data/registry.py:27; malaria_dl_local_project/src/malaria_dl/data/registry.py:308; malaria_dl_local_project/src/malaria_dl/data/registry.py:320; malaria_dl_local_project/src/malaria_dl/data/registry.py:361; malaria_dataset_split_project/src/malaria_split/discovery/system_contract_auditor.py:9; malaria_dataset_split_project/src/malaria_split/discovery/system_contract_auditor.py:72; malaria_dataset_split_project/src/malaria_split/discovery/system_contract_auditor.py:75; malaria_dataset_split_project/src/malaria_split/persistence/bootstrap.py:264; malaria_dataset_split_project/src/malaria_split/persistence/bootstrap.py:348; malaria_dataset_split_project/src/malaria_split/persistence/bootstrap.py:370; frontend/src/router.ts:22; frontend/src/pages/DatasetsModels.tsx:15; frontend/src/pages/DatasetsModels.tsx:30; frontend/src/pages/DatasetsModels.tsx:45; frontend/src/services/api.ts:1344; frontend/src/services/api.ts:1348; frontend/src/services/api.ts:1352; frontend/src/components/navigation/NavigationIcon.tsx:14; frontend/src/components/navigation/navigationConfig.ts:5; frontend/src/components/navigation/navigationConfig.ts:41,backend_api/app/routes/catalog.py:52; backend_api/app/routes/catalog.py:53; backend_api/app/routes/catalog.py:58; backend_api/app/routes/dataset_versions.py:13; backend_api/app/routes/runs.py:651,"frontend/src/pages/DatasetBrowser.tsx; UploadedPredictions.tsx; Deployments.tsx vía API de versión/inventario, según scope; no lectura directa SQL.",alembic/versions/20260811_01_scientific_dataset_versioning_foundation.py:19; alembic/versions/20260811_01_scientific_dataset_versioning_foundation.py:76; alembic/versions/20260811_01_scientific_dataset_versioning_foundation.py:89; alembic/versions/20260811_01_scientific_dataset_versioning_foundation.py:110; malaria_dl_local_project/db/init/009_uploaded_predictions_views.sql:83; malaria_dl_local_project/db/init/007_case_level_explainability_views.sql:142; malaria_dl_local_project/db/init/004_seed.sql:16; malaria_dl_local_project/db/init/004_seed.sql:39; malaria_dl_local_project/db/init/004_seed.sql:43; malaria_dl_local_project/db/init/004_seed.sql:49; malaria_dl_local_project/db/init/001_schema.sql:13; malaria_dl_local_project/db/init/001_schema.sql:33; malaria_dl_local_project/db/init/001_schema.sql:63; malaria_dl_local_project/db/init/001_schema.sql:168; malaria_dl_local_project/db/init/001_schema.sql:248; malaria_dl_local_project/db/init/002_indexes.sql:27; malaria_dl_local_project/db/init/003_views.sql:59; malaria_dl_local_project/db/init/018_visual_audit_views.sql:433; malaria_dl_local_project/db/init/012_dataset_split_image_tracking.sql:3; malaria_dl_local_project/db/init/013_dataset_browser_views.sql:36; malaria_dl_local_project/db/init/013_dataset_browser_views.sql:86,"Inmutable; preservar filas, rutas y hashes",Sin padres FK,Alto,Catálogo equivalente y prueba de contrato del consumidor; fixtures aisladas futuras; no ejecutadas
deployed_model_versions,deployed_model_versions,KEEP,MLOps / gobernanza de modelos,"Versión desplegada, ámbito y snapshots de umbral/preprocessing/contrato de entrada.",0 (captura E10.10.1; no conteo nuevo),PRIMARY KEY (id),"fk_deployed_model_versions_rollback: FOREIGN KEY (rollback_of_deployment_id) REFERENCES deployed_model_versions(id) ON DELETE RESTRICT; fk_deployed_model_versions_supersedes: FOREIGN KEY (supersedes_deployment_id) REFERENCES deployed_model_versions(id) ON DELETE RESTRICT; fk_deployed_model_versions_threshold_version: FOREIGN KEY (threshold_calibration_id, model_version_id) REFERENCES run_threshold_calibration(run_threshold_calibration_id, model_version_id) ON DELETE RESTRICT; fk_deployed_model_versions_version_artifact: FOREIGN KEY (model_version_id, checkpoint_artifact_id) REFERENCES model_versions(id, checkpoint_artifact_id) ON DELETE RESTRICT","chk_deployed_model_versions_active_mapping: CHECK (status <> 'active'::text OR label_mapping_snapshot @> '{""0"": ""uninfected"", ""1"": ""parasitized""}'::jsonb); chk_deployed_model_versions_active_timestamps: CHECK (status <> 'active'::text OR deployed_at IS NOT NULL AND retired_at IS NULL AND NULLIF(btrim(deployed_by), ''::text) IS NOT NULL); chk_deployed_model_versions_artifact_size: CHECK (artifact_size_bytes IS NULL OR artifact_size_bytes >= 0); chk_deployed_model_versions_clinical_convention: CHECK (positive_label = 'parasitized'::text AND score_name = 'probability_parasitized'::text); chk_deployed_model_versions_distinct_history: CHECK ((supersedes_deployment_id IS NULL OR supersedes_deployment_id <> id) AND (rollback_of_deployment_id IS NULL OR rollback_of_deployment_id <> id)); chk_deployed_model_versions_names: CHECK (btrim(deployment_name) <> ''::text AND btrim(environment) <> ''::text AND btrim(alias) <> ''::text); chk_deployed_model_versions_retired_timestamp: CHECK (status <> 'retired'::text OR retired_at IS NOT NULL); chk_deployed_model_versions_sha256: CHECK (artifact_sha256 ~ '^[0-9a-f]{64}$'::text); chk_deployed_model_versions_snapshots: CHECK (jsonb_typeof(threshold_profile_snapshot) = 'object'::text AND jsonb_typeof(preprocessing_profile_snapshot) = 'object'::text AND jsonb_typeof(image_quality_policy_snapshot) = 'object'::text AND jsonb_typeof(label_mapping_snapshot) = 'object'::text AND jsonb_typeof(metadata) = 'object'::text); chk_deployed_model_versions_status: CHECK (status = ANY (ARRAY['pending'::text, 'active'::text, 'inactive'::text, 'retired'::text, 'failed'::text])); chk_deployed_model_versions_threshold: CHECK (threshold_value >= 0::numeric AND threshold_value <= 1::numeric); chk_deployed_model_versions_timestamp_order: CHECK (retired_at IS NULL OR deployed_at IS NULL OR retired_at >= deployed_at)","deployed_model_versions_pkey: CREATE UNIQUE INDEX deployed_model_versions_pkey ON public.deployed_model_versions USING btree (id); idx_deployed_model_versions_checkpoint_artifact: CREATE INDEX idx_deployed_model_versions_checkpoint_artifact ON public.deployed_model_versions USING btree (checkpoint_artifact_id); idx_deployed_model_versions_model_version: CREATE INDEX idx_deployed_model_versions_model_version ON public.deployed_model_versions USING btree (model_version_id); idx_deployed_model_versions_slot_history: CREATE INDEX idx_deployed_model_versions_slot_history ON public.deployed_model_versions USING btree (deployment_name, environment, alias, created_at DESC); idx_deployed_model_versions_status: CREATE INDEX idx_deployed_model_versions_status ON public.deployed_model_versions USING btree (status, created_at DESC); idx_deployed_model_versions_threshold_calibration: CREATE INDEX idx_deployed_model_versions_threshold_calibration ON public.deployed_model_versions USING btree (threshold_calibration_id) WHERE (threshold_calibration_id IS NOT NULL); uq_deployed_model_versions_active_slot: CREATE UNIQUE INDEX uq_deployed_model_versions_active_slot ON public.deployed_model_versions USING btree (deployment_name, environment, alias) WHERE (status = 'active'::text); uq_deployed_model_versions_id_version: CREATE UNIQUE INDEX uq_deployed_model_versions_id_version ON public.deployed_model_versions USING btree (id, model_version_id); uq_deployed_model_versions_one_production_champion: CREATE UNIQUE INDEX uq_deployed_model_versions_one_production_champion ON public.deployed_model_versions USING btree (environment, alias) WHERE ((status = 'active'::text) AND (environment = 'production'::text) AND (alias = 'champion'::text))",trg_deployed_model_versions_10_immutable: CREATE TRIGGER trg_deployed_model_versions_10_immutable BEFORE UPDATE ON deployed_model_versions FOR EACH ROW EXECUTE FUNCTION protect_deployed_model_version_payload(); trg_deployed_model_versions_20_validate: CREATE TRIGGER trg_deployed_model_versions_20_validate BEFORE INSERT OR UPDATE ON deployed_model_versions FOR EACH ROW EXECUTE FUNCTION validate_deployed_model_version(),protect_deployed_model_version_payload(); validate_image_analysis_job(); validate_run_model_deployment(),malaria_dl_local_project/src/malaria_dl/governance/repository.py:536; malaria_dl_local_project/src/malaria_dl/governance/services/deployment_service.py:177; malaria_dl_local_project/src/malaria_dl/governance/services/deployment_service.py:194; malaria_dl_local_project/src/malaria_dl/governance/services/deployment_service.py:200; malaria_dl_local_project/src/malaria_dl/governance/services/deployment_service.py:203; malaria_dl_local_project/src/malaria_dl/governance/services/deployment_service.py:231; malaria_dl_local_project/src/malaria_dl/governance/services/deployment_service.py:345; malaria_dl_local_project/src/malaria_dl/governance/services/deployment_service.py:355; malaria_dl_local_project/src/malaria_dl/governance/services/deployment_service.py:360; malaria_dl_local_project/src/malaria_dl/governance/services/stage2_availability_service.py:210; malaria_dl_local_project/src/malaria_dl/governance/services/stage2_availability_service.py:224; malaria_dl_local_project/src/malaria_dl/governance/services/stage2_availability_service.py:323; malaria_dl_local_project/src/malaria_dl/governance/services/stage2_availability_service.py:357; malaria_dl_local_project/src/malaria_dl/governance/services/stage2_availability_service.py:365; malaria_dl_local_project/src/malaria_dl/governance/services/stage2_availability_service.py:368; malaria_dl_local_project/src/malaria_dl/governance/services/stage2_availability_service.py:375; malaria_dl_local_project/src/malaria_dl/governance/services/stage2_availability_service.py:398; malaria_dl_local_project/db/init/027_model_governance_backfill_constraints.sql:878; malaria_dl_local_project/db/init/027_model_governance_backfill_constraints.sql:890,backend_api/app/repositories/cell_classification.py:33; backend_api/app/repositories/cell_classification.py:216; backend_api/app/routes/governance.py:138; backend_api/app/routes/governance.py:255; backend_api/app/routes/governance.py:357; backend_api/app/routes/governance.py:399; backend_api/app/routes/governance.py:404; backend_api/app/routes/governance.py:410; backend_api/app/routes/governance.py:415; backend_api/app/services/productive_model.py:379; backend_api/app/services/productive_model.py:1058; malaria_dl_local_project/src/malaria_dl/governance/repository.py:536; malaria_dl_local_project/src/malaria_dl/governance/repository.py:635; malaria_dl_local_project/src/malaria_dl/governance/repository.py:818; malaria_dl_local_project/src/malaria_dl/governance/repository.py:1300; malaria_dl_local_project/src/malaria_dl/inference/traceable.py:48; malaria_dl_local_project/src/malaria_dl/governance/services/prepare_release_service.py:395; malaria_dl_local_project/src/malaria_dl/governance/services/deployment_service.py:88; malaria_dl_local_project/src/malaria_dl/governance/services/deployment_service.py:127; malaria_dl_local_project/src/malaria_dl/governance/services/deployment_service.py:145; malaria_dl_local_project/src/malaria_dl/governance/services/deployment_service.py:177; malaria_dl_local_project/src/malaria_dl/governance/services/deployment_service.py:185; malaria_dl_local_project/src/malaria_dl/governance/services/deployment_service.py:194; malaria_dl_local_project/src/malaria_dl/governance/services/deployment_service.py:200; malaria_dl_local_project/src/malaria_dl/governance/services/deployment_service.py:203; malaria_dl_local_project/src/malaria_dl/governance/services/deployment_service.py:212; malaria_dl_local_project/src/malaria_dl/governance/services/deployment_service.py:213; malaria_dl_local_project/src/malaria_dl/governance/services/deployment_service.py:231; malaria_dl_local_project/src/malaria_dl/governance/services/deployment_service.py:242; malaria_dl_local_project/src/malaria_dl/governance/services/deployment_service.py:267; malaria_dl_local_project/src/malaria_dl/governance/services/deployment_service.py:272; malaria_dl_local_project/src/malaria_dl/governance/services/deployment_service.py:338; malaria_dl_local_project/src/malaria_dl/governance/services/deployment_service.py:345; malaria_dl_local_project/src/malaria_dl/governance/services/deployment_service.py:355; malaria_dl_local_project/src/malaria_dl/governance/services/deployment_service.py:360; malaria_dl_local_project/src/malaria_dl/governance/services/contract_service.py:445; malaria_dl_local_project/src/malaria_dl/governance/services/stage2_availability_service.py:95; malaria_dl_local_project/src/malaria_dl/governance/services/stage2_availability_service.py:210; malaria_dl_local_project/src/malaria_dl/governance/services/stage2_availability_service.py:216; malaria_dl_local_project/src/malaria_dl/governance/services/stage2_availability_service.py:224; malaria_dl_local_project/src/malaria_dl/governance/services/stage2_availability_service.py:294; malaria_dl_local_project/src/malaria_dl/governance/services/stage2_availability_service.py:323; malaria_dl_local_project/src/malaria_dl/governance/services/stage2_availability_service.py:333; malaria_dl_local_project/src/malaria_dl/governance/services/stage2_availability_service.py:357; malaria_dl_local_project/src/malaria_dl/governance/services/stage2_availability_service.py:365; malaria_dl_local_project/src/malaria_dl/governance/services/stage2_availability_service.py:368; malaria_dl_local_project/src/malaria_dl/governance/services/stage2_availability_service.py:375; malaria_dl_local_project/src/malaria_dl/governance/services/stage2_availability_service.py:388; malaria_dl_local_project/src/malaria_dl/governance/services/stage2_availability_service.py:398; malaria_dl_local_project/src/malaria_dl/governance/services/stage2_availability_service.py:417; malaria_dl_local_project/src/malaria_dl/governance/services/stage2_availability_service.py:423; malaria_dl_local_project/src/malaria_dl/governance/services/stage2_availability_service.py:447,backend_api/app/routes/governance.py:138; backend_api/app/routes/governance.py:255; backend_api/app/routes/governance.py:357; backend_api/app/routes/governance.py:399; backend_api/app/routes/governance.py:404; backend_api/app/routes/governance.py:410; backend_api/app/routes/governance.py:415,Indirecta por frontend/src/services/api.ts; ver matriz de dependencias por dominio,alembic/versions/20260728_01_cell_classification_and_explainability.py:69; alembic/versions/20260829_01_persist_training_release_status.py:31; alembic/versions/20260829_01_persist_training_release_status.py:42; alembic/versions/20260829_01_persist_training_release_status.py:122; malaria_dl_local_project/db/init/028_stage2_model_availability.sql:91; malaria_dl_local_project/db/init/026_inference_jobs.sql:493; malaria_dl_local_project/db/init/025_deployed_model_versions.sql:5; malaria_dl_local_project/db/init/025_deployed_model_versions.sql:46; malaria_dl_local_project/db/init/025_deployed_model_versions.sql:50; malaria_dl_local_project/db/init/025_deployed_model_versions.sql:110; malaria_dl_local_project/db/init/025_deployed_model_versions.sql:113; malaria_dl_local_project/db/init/025_deployed_model_versions.sql:117; malaria_dl_local_project/db/init/025_deployed_model_versions.sql:120; malaria_dl_local_project/db/init/025_deployed_model_versions.sql:123; malaria_dl_local_project/db/init/025_deployed_model_versions.sql:127; malaria_dl_local_project/db/init/025_deployed_model_versions.sql:135; malaria_dl_local_project/db/init/025_deployed_model_versions.sql:153; malaria_dl_local_project/db/init/025_deployed_model_versions.sql:198; malaria_dl_local_project/db/init/025_deployed_model_versions.sql:201; malaria_dl_local_project/db/init/027_model_governance_backfill_constraints.sql:716; malaria_dl_local_project/db/init/027_model_governance_backfill_constraints.sql:746; malaria_dl_local_project/db/init/027_model_governance_backfill_constraints.sql:785; malaria_dl_local_project/db/init/027_model_governance_backfill_constraints.sql:873; malaria_dl_local_project/db/init/027_model_governance_backfill_constraints.sql:878; malaria_dl_local_project/db/init/027_model_governance_backfill_constraints.sql:885; malaria_dl_local_project/db/init/027_model_governance_backfill_constraints.sql:890,Preservar linaje/FK; no inferir resultados por tabla vacía,"`deployed_model_versions`, `model_versions`, `run_threshold_calibration`",Medio: conservar contrato,Catálogo equivalente y prueba de contrato del consumidor; fixtures aisladas futuras; no ejecutadas
environment_packages,environment_packages,KEEP,ML / persistencia y consulta de ejecuciones,Versiones de paquetes del entorno de ejecución por run.,0 (captura E10.10.1; no conteo nuevo),PRIMARY KEY (id),environment_packages_run_id_fkey: FOREIGN KEY (run_id) REFERENCES runs(id) ON DELETE CASCADE,,environment_packages_pkey: CREATE UNIQUE INDEX environment_packages_pkey ON public.environment_packages USING btree (id); idx_environment_packages_run_id: CREATE INDEX idx_environment_packages_run_id ON public.environment_packages USING btree (run_id),,,malaria_dl_local_project/src/malaria_dl/persistence/run_repository.py:1741,malaria_dl_local_project/src/malaria_dl/persistence/run_repository.py:1741,Indirectos por servicio o CLI; ver responsabilidad,Indirecta por frontend/src/services/api.ts; ver matriz de dependencias por dominio,malaria_dl_local_project/db/init/001_schema.sql:235; malaria_dl_local_project/db/init/002_indexes.sql:23,Preservar linaje/FK; no inferir resultados por tabla vacía,`runs`,Medio: conservar contrato,Catálogo equivalente y prueba de contrato del consumidor; fixtures aisladas futuras; no ejecutadas
errors,errors,KEEP,ML / persistencia y consulta de ejecuciones,"Errores técnicos de run/script, distintos de métricas de modelo.",0 (captura E10.10.1; no conteo nuevo),PRIMARY KEY (id),errors_run_id_fkey: FOREIGN KEY (run_id) REFERENCES runs(id) ON DELETE CASCADE,,errors_pkey: CREATE UNIQUE INDEX errors_pkey ON public.errors USING btree (id); idx_errors_run_id: CREATE INDEX idx_errors_run_id ON public.errors USING btree (run_id),,,malaria_dl_local_project/src/malaria_dl/persistence/run_repository.py:1698,backend_api/app/main.py:41; backend_api/app/routes/observability.py:10; backend_api/app/routes/observability.py:11; backend_api/app/routes/observability.py:23; backend_api/app/routes/runs.py:674; backend_api/app/routes/runs.py:676; backend_api/app/routes/runs.py:684; backend_api/app/routes/local_execution.py:25; backend_api/app/routes/local_execution.py:54; malaria_dl_local_project/src/model_governance/__init__.py:25; malaria_dl_local_project/src/model_governance/errors.py:1; malaria_dl_local_project/src/model_governance/errors.py:3; malaria_dl_local_project/src/malaria_dl/local_execution/event_backend.py:5; malaria_dl_local_project/src/malaria_dl/local_execution/event_backend.py:45; malaria_dl_local_project/src/malaria_dl/local_execution/event_context.py:10; malaria_dl_local_project/src/malaria_dl/training/plots.py:42; malaria_dl_local_project/src/malaria_dl/results/service.py:5; malaria_dl_local_project/src/malaria_dl/results/errors.py:1; malaria_dl_local_project/src/malaria_dl/results/repository.py:31; malaria_dl_local_project/src/malaria_dl/results/repository.py:52; malaria_dl_local_project/src/malaria_dl/execution/global_gate.py:63; malaria_dl_local_project/src/malaria_dl/execution/train.py:30; malaria_dl_local_project/src/malaria_dl/execution/repository.py:344; malaria_dl_local_project/src/malaria_dl/persistence/run_repository.py:1698; malaria_dl_local_project/src/malaria_dl/persistence/result_repository.py:12; malaria_dl_local_project/src/malaria_dl/governance/errors.py:1; malaria_dl_local_project/src/malaria_dl/governance/entities.py:14; malaria_dl_local_project/src/malaria_dl/governance/repository.py:36; malaria_dl_local_project/src/malaria_dl/evaluation/evaluation_finalization_service.py:287; malaria_dl_local_project/src/malaria_dl/data/dataset_integrity.py:36; malaria_dl_local_project/src/malaria_dl/governance/services/deployment_service.py:8; malaria_dl_local_project/src/malaria_dl/governance/services/deployment_service.py:59; malaria_dl_local_project/src/malaria_dl/governance/services/deployment_service.py:60; malaria_dl_local_project/src/malaria_dl/governance/services/deployment_service.py:62; malaria_dl_local_project/src/malaria_dl/governance/services/deployment_service.py:64; malaria_dl_local_project/src/malaria_dl/governance/services/deployment_service.py:66; malaria_dl_local_project/src/malaria_dl/governance/services/deployment_service.py:67; malaria_dl_local_project/src/malaria_dl/governance/services/deployment_service.py:68; malaria_dl_local_project/src/malaria_dl/governance/services/deployment_service.py:69; malaria_dl_local_project/src/malaria_dl/governance/services/deployment_service.py:70; malaria_dl_local_project/src/malaria_dl/governance/services/deployment_service.py:71; malaria_dl_local_project/src/malaria_dl/governance/services/deployment_service.py:73; malaria_dl_local_project/src/malaria_dl/governance/services/deployment_service.py:74; malaria_dl_local_project/src/malaria_dl/governance/services/deployment_service.py:75; malaria_dl_local_project/src/malaria_dl/governance/services/deployment_service.py:76; malaria_dl_local_project/src/malaria_dl/governance/services/deployment_service.py:79; malaria_dl_local_project/src/malaria_dl/governance/services/deployment_service.py:80; malaria_dl_local_project/src/malaria_dl/governance/services/deployment_service.py:105; malaria_dl_local_project/src/malaria_dl/governance/services/deployment_service.py:154; malaria_dl_local_project/src/malaria_dl/governance/services/deployment_service.py:170; malaria_dl_local_project/src/malaria_dl/governance/services/deployment_service.py:172; malaria_dl_local_project/src/malaria_dl/governance/services/deployment_service.py:175; malaria_dl_local_project/src/malaria_dl/governance/services/lifecycle_service.py:11; malaria_dl_local_project/src/malaria_dl/governance/services/contract_service.py:12; malaria_dl_local_project/src/malaria_dl/governance/services/stage2_publication_service.py:9; malaria_dl_local_project/src/malaria_dl/governance/services/stage2_availability_service.py:16; malaria_dl_local_project/src/malaria_dl/execution/contracts/events.py:70; malaria_dataset_split_project/src/malaria_split/identity/source_identity_index.py:23; malaria_dataset_split_project/src/malaria_split/identity/source_identity_index.py:28; malaria_dataset_split_project/src/malaria_split/identity/source_identity_index.py:35; malaria_dataset_split_project/src/malaria_split/identity/source_identity_index.py:38; malaria_dataset_split_project/src/malaria_split/identity/source_identity_index.py:42; malaria_dataset_split_project/src/malaria_split/identity/source_identity_index.py:49; malaria_dataset_split_project/src/malaria_split/identity/source_identity_index.py:75; malaria_dataset_split_project/src/malaria_split/discovery/current_split_scanner.py:27; malaria_dataset_split_project/src/malaria_split/discovery/current_split_scanner.py:52; malaria_dataset_split_project/src/malaria_split/discovery/current_split_scanner.py:58; malaria_dataset_split_project/src/malaria_split/discovery/current_split_scanner.py:69; malaria_dataset_split_project/src/malaria_split/discovery/current_split_scanner.py:75; malaria_dataset_split_project/src/malaria_split/discovery/current_split_scanner.py:82; malaria_dataset_split_project/src/malaria_split/discovery/current_split_scanner.py:102; frontend/src/types/api.ts:558; frontend/src/pages/ErrorsLogs.tsx:14; frontend/src/pages/ErrorsLogs.tsx:29; frontend/src/pages/ErrorsLogs.tsx:43; frontend/src/pages/RunDetail.tsx:241; frontend/src/pages/RunDetail.tsx:250; frontend/src/pages/RunDetail.tsx:320; frontend/src/pages/RunDetail.tsx:321; frontend/src/pages/RunDetail.tsx:652; frontend/src/services/api.ts:348; frontend/src/services/api.ts:1431,backend_api/app/routes/observability.py:10; backend_api/app/routes/observability.py:11; backend_api/app/routes/observability.py:23; backend_api/app/routes/runs.py:674; backend_api/app/routes/runs.py:676; backend_api/app/routes/runs.py:684; backend_api/app/routes/local_execution.py:25; backend_api/app/routes/local_execution.py:54,Indirecta por frontend/src/services/api.ts; ver matriz de dependencias por dominio,malaria_dl_local_project/db/init/001_schema.sql:224; malaria_dl_local_project/db/init/002_indexes.sql:21,Preservar linaje/FK; no inferir resultados por tabla vacía,`runs`,Medio: conservar contrato,Catálogo equivalente y prueba de contrato del consumidor; fixtures aisladas futuras; no ejecutadas
execution_logs,execution_logs,KEEP,ML / persistencia y consulta de ejecuciones,"Logs estructurados de ejecución, fuente/nivel/mensaje para observabilidad.",0 (captura E10.10.1; no conteo nuevo),PRIMARY KEY (id),execution_logs_run_id_fkey: FOREIGN KEY (run_id) REFERENCES runs(id) ON DELETE CASCADE,,execution_logs_pkey: CREATE UNIQUE INDEX execution_logs_pkey ON public.execution_logs USING btree (id); idx_execution_logs_run_id: CREATE INDEX idx_execution_logs_run_id ON public.execution_logs USING btree (run_id),,,malaria_dl_local_project/src/malaria_dl/persistence/run_repository.py:1765; malaria_dl_local_project/src/malaria_dl/governance/services/prepare_release_service.py:774,backend_api/app/routes/observability.py:47; malaria_dl_local_project/src/malaria_dl/persistence/run_repository.py:1765; malaria_dl_local_project/src/malaria_dl/governance/services/prepare_release_service.py:774,backend_api/app/routes/observability.py:47,Indirecta por frontend/src/services/api.ts; ver matriz de dependencias por dominio,malaria_dl_local_project/db/init/001_schema.sql:214; malaria_dl_local_project/db/init/002_indexes.sql:22,Preservar linaje/FK; no inferir resultados por tabla vacía,`runs`,Medio: conservar contrato,Catálogo equivalente y prueba de contrato del consumidor; fixtures aisladas futuras; no ejecutadas
experiment_execution_events,experiment_execution_events,KEEP,MLOps / coordinación E10,"Evidencia global append-only owner/event/payload, distinta del stream RunEvent.",0 (captura E10.10.1; no conteo nuevo),PRIMARY KEY (id),,,experiment_execution_events_pkey: CREATE UNIQUE INDEX experiment_execution_events_pkey ON public.experiment_execution_events USING btree (id),global_execution_event_immutable: CREATE TRIGGER global_execution_event_immutable BEFORE DELETE OR UPDATE ON experiment_execution_events FOR EACH ROW EXECUTE FUNCTION execution_event_immutable(),,malaria_dl_local_project/src/malaria_dl/execution/global_gate.py:148; alembic/versions/20260914_02_global_execution.py:45,malaria_dl_local_project/src/malaria_dl/execution/global_gate.py:148,Indirectos por servicio o CLI; ver responsabilidad,Sin acceso SQL; seguimiento HTTP de runs/campañas y Local CLI,alembic/versions/20260914_02_global_execution.py:15; alembic/versions/20260914_02_global_execution.py:45,Preservar linaje/FK; no inferir resultados por tabla vacía,Sin padres FK,Medio: conservar contrato,Catálogo equivalente y prueba de contrato del consumidor; fixtures aisladas futuras; no ejecutadas
experiment_execution_gate,experiment_execution_gate,KEEP,MLOps / coordinación E10,Singleton de exclusión global y fencing con owner/PID/evidencia de procesos.,1 (captura E10.10.1; no conteo nuevo),PRIMARY KEY (singleton),,experiment_execution_gate_singleton_check: CHECK (singleton),experiment_execution_gate_pkey: CREATE UNIQUE INDEX experiment_execution_gate_pkey ON public.experiment_execution_gate USING btree (singleton),,experiment_require_owner(),malaria_dl_local_project/src/malaria_dl/local_execution/backend.py:89; malaria_dl_local_project/src/malaria_dl/local_execution/backend.py:106; malaria_dl_local_project/src/malaria_dl/local_execution/backend.py:128; malaria_dl_local_project/src/malaria_dl/local_execution/backend.py:169; malaria_dl_local_project/src/malaria_dl/execution/global_gate.py:183; malaria_dl_local_project/src/malaria_dl/execution/global_gate.py:211; malaria_dl_local_project/src/malaria_dl/execution/global_gate.py:219; malaria_dl_local_project/src/malaria_dl/execution/global_gate.py:249; malaria_dl_local_project/src/malaria_dl/execution/global_gate.py:253; malaria_dl_local_project/src/malaria_dl/execution/global_gate.py:261; malaria_dl_local_project/src/malaria_dl/execution/global_gate.py:280; malaria_dl_local_project/src/malaria_dl/execution/global_gate.py:282; alembic/versions/20260915_01_local_execution.py:23; alembic/versions/20260914_02_global_execution.py:14; alembic/versions/20260914_02_global_execution.py:22,malaria_dl_local_project/src/malaria_dl/local_execution/backend.py:89; malaria_dl_local_project/src/malaria_dl/local_execution/backend.py:106; malaria_dl_local_project/src/malaria_dl/local_execution/backend.py:128; malaria_dl_local_project/src/malaria_dl/local_execution/backend.py:169; malaria_dl_local_project/src/malaria_dl/execution/global_gate.py:159; malaria_dl_local_project/src/malaria_dl/execution/global_gate.py:164; malaria_dl_local_project/src/malaria_dl/execution/global_gate.py:183; malaria_dl_local_project/src/malaria_dl/execution/global_gate.py:205; malaria_dl_local_project/src/malaria_dl/execution/global_gate.py:211; malaria_dl_local_project/src/malaria_dl/execution/global_gate.py:219; malaria_dl_local_project/src/malaria_dl/execution/global_gate.py:249; malaria_dl_local_project/src/malaria_dl/execution/global_gate.py:253; malaria_dl_local_project/src/malaria_dl/execution/global_gate.py:261; malaria_dl_local_project/src/malaria_dl/execution/global_gate.py:280; malaria_dl_local_project/src/malaria_dl/execution/global_gate.py:282; malaria_dl_local_project/src/malaria_dl/execution/global_gate.py:314; malaria_dl_local_project/src/malaria_dl/execution/global_gate.py:325; malaria_dl_local_project/src/malaria_dl/execution/global_gate.py:328,Indirectos por servicio o CLI; ver responsabilidad,Sin acceso SQL; seguimiento HTTP de runs/campañas y Local CLI,alembic/versions/20260915_01_local_execution.py:23; alembic/versions/20260914_02_global_execution.py:9; alembic/versions/20260914_02_global_execution.py:14; alembic/versions/20260914_02_global_execution.py:22,Preservar linaje/FK; no inferir resultados por tabla vacía,Sin padres FK,Medio: conservar contrato,Catálogo equivalente y prueba de contrato del consumidor; fixtures aisladas futuras; no ejecutadas
experimental_campaigns,experimental_campaigns,KEEP,MLOps / coordinación E10,"Contrato científico y presupuesto de campaña, dataset/entorno y máquina de estado.",0 (captura E10.10.1; no conteo nuevo),PRIMARY KEY (id),experimental_campaigns_dataset_evidence_id_fkey: FOREIGN KEY (dataset_evidence_id) REFERENCES audit_events(id) ON DELETE RESTRICT; experimental_campaigns_dataset_version_id_fkey: FOREIGN KEY (dataset_version_id) REFERENCES dataset_versions(id) ON DELETE RESTRICT; experimental_campaigns_experiment_id_fkey: FOREIGN KEY (experiment_id) REFERENCES experiments(id) ON DELETE RESTRICT,"ck_campaign_frozen_required_v2: CHECK (state = 'draft'::text OR (contract IS NOT NULL AND canonical_contract IS NOT NULL AND contract_hash IS NOT NULL AND contract_hash ~ '^[a-f0-9]{64}$'::text AND NOT contract_hash IS DISTINCT FROM encode(sha256(convert_to(canonical_contract, 'UTF8'::name)), 'hex'::text) AND NOT canonical_contract::jsonb IS DISTINCT FROM contract AND campaign_contract_valid(contract)) IS TRUE); experimental_campaigns_actor_check: CHECK (length(btrim(actor)) > 0); experimental_campaigns_check: CHECK (state = 'draft'::text AND contract IS NULL AND canonical_contract IS NULL AND contract_hash IS NULL AND frozen_at IS NULL OR state <> 'draft'::text AND contract IS NOT NULL AND canonical_contract IS NOT NULL AND contract_hash ~ '^[a-f0-9]{64}$'::text AND registry_snapshot IS NOT NULL AND frozen_at IS NOT NULL AND expected_count > 0); experimental_campaigns_check1: CHECK (NOT (dataset_snapshot ->> 'dataset_version_id'::text) IS DISTINCT FROM dataset_version_id::text); experimental_campaigns_dataset_snapshot_check: CHECK (jsonb_typeof(dataset_snapshot) = 'object'::text); experimental_campaigns_environment_check: CHECK (jsonb_typeof(environment) = 'object'::text); experimental_campaigns_expected_count_check: CHECK (expected_count >= 0); experimental_campaigns_name_check: CHECK (length(btrim(name)) > 0); experimental_campaigns_protocol_check: CHECK (jsonb_typeof(protocol) = 'object'::text); experimental_campaigns_purpose_check: CHECK (length(btrim(purpose)) > 0); experimental_campaigns_requested_check: CHECK (jsonb_typeof(requested) = 'object'::text); experimental_campaigns_state_check: CHECK (state = ANY (ARRAY['draft'::text, 'frozen'::text, 'active'::text, 'paused'::text, 'finalized'::text]))","experimental_campaigns_pkey: CREATE UNIQUE INDEX experimental_campaigns_pkey ON public.experimental_campaigns USING btree (id); ix_campaign_dataset_state: CREATE INDEX ix_campaign_dataset_state ON public.experimental_campaigns USING btree (dataset_version_id, state)",campaign_audit: CREATE TRIGGER campaign_audit AFTER INSERT OR UPDATE ON experimental_campaigns FOR EACH ROW EXECUTE FUNCTION campaign_audit(); campaign_guard: CREATE TRIGGER campaign_guard BEFORE INSERT OR DELETE OR UPDATE ON experimental_campaigns FOR EACH ROW EXECUTE FUNCTION campaign_guard(); controlled_pause_guard: CREATE TRIGGER controlled_pause_guard BEFORE UPDATE ON experimental_campaigns FOR EACH ROW EXECUTE FUNCTION controlled_pause_guard(),"campaign_attempt_guard(); campaign_configuration_guard(); campaign_member_guard(); campaign_model_matches(run_id uuid, member uuid); campaign_technical_guard()",malaria_dl_local_project/src/malaria_dl/execution/repository.py:168; malaria_dl_local_project/src/malaria_dl/execution/repository.py:377; malaria_dl_local_project/src/malaria_dl/execution/repository.py:392; malaria_dl_local_project/src/malaria_dl/execution/repository.py:493; malaria_dl_local_project/src/malaria_dl/campaigns/repository.py:166; malaria_dl_local_project/src/malaria_dl/campaigns/repository.py:202; malaria_dl_local_project/src/malaria_dl/campaigns/repository.py:246; malaria_dl_local_project/src/malaria_dl/campaigns/repository.py:273; alembic/versions/20260911_01_experimental_campaigns.py:165; alembic/versions/20260911_01_experimental_campaigns.py:170; alembic/versions/20260911_01_experimental_campaigns.py:184; alembic/versions/20260911_01_experimental_campaigns.py:207; alembic/versions/20260911_01_experimental_campaigns.py:274; alembic/versions/20260911_02_campaign_integrity.py:298; alembic/versions/20260912_01_train_execution.py:78; alembic/versions/20260912_01_train_execution.py:120; alembic/versions/20260915_01_local_execution.py:33; alembic/versions/20260914_01_controlled_train.py:33; alembic/versions/20260914_01_controlled_train.py:94; alembic/versions/20260914_01_controlled_train.py:100; alembic/versions/20260914_02_global_execution.py:68,malaria_dl_local_project/src/malaria_dl/local_execution/event_context.py:51; malaria_dl_local_project/src/malaria_dl/execution/repository.py:168; malaria_dl_local_project/src/malaria_dl/execution/repository.py:355; malaria_dl_local_project/src/malaria_dl/execution/repository.py:377; malaria_dl_local_project/src/malaria_dl/execution/repository.py:392; malaria_dl_local_project/src/malaria_dl/execution/repository.py:493; malaria_dl_local_project/src/malaria_dl/persistence/result_repository.py:151; malaria_dl_local_project/src/malaria_dl/campaigns/repository.py:60; malaria_dl_local_project/src/malaria_dl/campaigns/repository.py:166; malaria_dl_local_project/src/malaria_dl/campaigns/repository.py:202; malaria_dl_local_project/src/malaria_dl/campaigns/repository.py:246; malaria_dl_local_project/src/malaria_dl/campaigns/repository.py:273,Indirectos por servicio o CLI; ver responsabilidad,Sin acceso SQL; seguimiento HTTP de runs/campañas y Local CLI,alembic/versions/20260911_01_experimental_campaigns.py:13; alembic/versions/20260911_01_experimental_campaigns.py:39; alembic/versions/20260911_01_experimental_campaigns.py:41; alembic/versions/20260911_01_experimental_campaigns.py:50; alembic/versions/20260911_01_experimental_campaigns.py:165; alembic/versions/20260911_01_experimental_campaigns.py:170; alembic/versions/20260911_01_experimental_campaigns.py:184; alembic/versions/20260911_01_experimental_campaigns.py:207; alembic/versions/20260911_01_experimental_campaigns.py:274; alembic/versions/20260911_02_campaign_integrity.py:232; alembic/versions/20260911_02_campaign_integrity.py:241; alembic/versions/20260911_02_campaign_integrity.py:258; alembic/versions/20260911_02_campaign_integrity.py:298; alembic/versions/20260912_02_assessments.py:103; alembic/versions/20260912_01_train_execution.py:29; alembic/versions/20260912_01_train_execution.py:78; alembic/versions/20260912_01_train_execution.py:120; alembic/versions/20260915_01_local_execution.py:12; alembic/versions/20260915_01_local_execution.py:33; alembic/versions/20260914_01_controlled_train.py:11; alembic/versions/20260914_01_controlled_train.py:18; alembic/versions/20260914_01_controlled_train.py:20; alembic/versions/20260914_01_controlled_train.py:33; alembic/versions/20260914_01_controlled_train.py:94; alembic/versions/20260914_01_controlled_train.py:100; alembic/versions/20260914_02_global_execution.py:48; alembic/versions/20260914_02_global_execution.py:68,Preservar linaje/FK; no inferir resultados por tabla vacía,"`audit_events`, `dataset_versions`, `experiments`",Medio: conservar contrato,Catálogo equivalente y prueba de contrato del consumidor; fixtures aisladas futuras; no ejecutadas
experiments,experiments,KEEP,ML / persistencia y consulta de ejecuciones,Agrupación de runs por proyecto/experimento científico.,0 (captura E10.10.1; no conteo nuevo),PRIMARY KEY (id),,,experiments_pkey: CREATE UNIQUE INDEX experiments_pkey ON public.experiments USING btree (id),,,malaria_dl_local_project/src/malaria_dl/persistence/run_repository.py:217; malaria_dl_local_project/db/init/004_seed.sql:1,backend_api/app/routes/runs.py:649; malaria_dl_local_project/src/malaria_dl/science/cli.py:1; malaria_dl_local_project/src/malaria_dl/science/ensemble_reporting.py:132; malaria_dl_local_project/src/malaria_dl/persistence/run_repository.py:209; malaria_dl_local_project/src/malaria_dl/persistence/run_repository.py:217,backend_api/app/routes/runs.py:649,Indirecta por frontend/src/services/api.ts; ver matriz de dependencias por dominio,alembic/versions/20260911_01_experimental_campaigns.py:15; malaria_dl_local_project/db/init/004_seed.sql:1; malaria_dl_local_project/db/init/004_seed.sql:13; malaria_dl_local_project/db/init/001_schema.sql:3; malaria_dl_local_project/db/init/001_schema.sql:61,Preservar linaje/FK; no inferir resultados por tabla vacía,Sin padres FK,Medio: conservar contrato,Catálogo equivalente y prueba de contrato del consumidor; fixtures aisladas futuras; no ejecutadas
explainability_results,explainability_results,REFACTOR,ML / persistencia y consulta de ejecuciones,"Resultado XAI ML ligado a run/predicción, caso y salida visual; padre de evidencia v2.",0 (captura E10.10.1; no conteo nuevo),PRIMARY KEY (id),explainability_results_prediction_id_fkey: FOREIGN KEY (prediction_id) REFERENCES predictions(id) ON DELETE SET NULL; explainability_results_run_id_fkey: FOREIGN KEY (run_id) REFERENCES runs(id) ON DELETE CASCADE,,"explainability_results_pkey: CREATE UNIQUE INDEX explainability_results_pkey ON public.explainability_results USING btree (id); idx_explainability_case_method: CREATE INDEX idx_explainability_case_method ON public.explainability_results USING btree (case_type, method); idx_explainability_method: CREATE INDEX idx_explainability_method ON public.explainability_results USING btree (method); idx_explainability_output_path: CREATE INDEX idx_explainability_output_path ON public.explainability_results USING btree (output_path); idx_explainability_run_id: CREATE INDEX idx_explainability_run_id ON public.explainability_results USING btree (run_id); idx_explainability_success: CREATE INDEX idx_explainability_success ON public.explainability_results USING btree (success)",,,backend_api/app/services/case_gradcam.py:232; backend_api/app/services/case_gradcam.py:276; malaria_dl_local_project/src/malaria_dl/persistence/run_repository.py:1652,backend_api/app/routes/explainability.py:233; backend_api/app/services/lineage_children.py:174; backend_api/app/services/case_gradcam.py:232; backend_api/app/services/case_gradcam.py:276; malaria_dl_local_project/src/malaria_dl/persistence/run_repository.py:1652,backend_api/app/routes/explainability.py:233,frontend/src/pages/Explainability.tsx; components/explainability/CaseExplainabilityView.tsx; components/cell-review; services/api.ts.,malaria_dl_local_project/db/init/009_uploaded_predictions_views.sql:101; malaria_dl_local_project/db/init/007_case_level_explainability_views.sql:138; malaria_dl_local_project/db/init/001_schema.sql:195; malaria_dl_local_project/db/init/002_indexes.sql:15; malaria_dl_local_project/db/init/002_indexes.sql:16; malaria_dl_local_project/db/init/022_run_lineage.sql:216; malaria_dl_local_project/db/init/003_views.sql:84; malaria_dl_local_project/db/init/018_visual_audit_views.sql:369; malaria_dl_local_project/db/init/008_case_level_explainability_indexes.sql:8; malaria_dl_local_project/db/init/008_case_level_explainability_indexes.sql:11; malaria_dl_local_project/db/init/008_case_level_explainability_indexes.sql:14,Preservar linaje/FK; no inferir resultados por tabla vacía,"`predictions`, `runs`",Alto,Catálogo equivalente y prueba de contrato del consumidor; fixtures aisladas futuras; no ejecutadas
identity_evidence,identity_evidence,PROTECTED,Gobernanza científica / dataset,Procedencia/verificación de asociación imagen fuente–identidad clínica.,27558 (captura E10.10.1; no conteo nuevo),PRIMARY KEY (id),identity_evidence_clinical_identity_id_fkey: FOREIGN KEY (clinical_identity_id) REFERENCES clinical_identities(id) ON DELETE RESTRICT; identity_evidence_source_record_id_fkey: FOREIGN KEY (source_record_id) REFERENCES dataset_source_records(id) ON DELETE RESTRICT,chk_identity_evidence_json_object: CHECK (jsonb_typeof(evidence_json) = 'object'::text),identity_evidence_pkey: CREATE UNIQUE INDEX identity_evidence_pkey ON public.identity_evidence USING btree (id); ix_identity_evidence_clinical_identity_id: CREATE INDEX ix_identity_evidence_clinical_identity_id ON public.identity_evidence USING btree (clinical_identity_id); ix_identity_evidence_source_record_id: CREATE INDEX ix_identity_evidence_source_record_id ON public.identity_evidence USING btree (source_record_id),,,malaria_dataset_split_project/src/malaria_split/persistence/bootstrap.py:485,malaria_dataset_split_project/src/malaria_split/identity/source_identity_index.py:9; malaria_dataset_split_project/src/malaria_split/identity/patient_identity_resolver.py:4; malaria_dataset_split_project/src/malaria_split/identity/__init__.py:1; malaria_dataset_split_project/src/malaria_split/identity/leakage_analysis.py:4; malaria_dataset_split_project/src/malaria_split/persistence/bootstrap.py:457; malaria_dataset_split_project/src/malaria_split/persistence/bootstrap.py:485; malaria_dataset_split_project/src/malaria_split/persistence/bootstrap.py:550; malaria_dataset_split_project/src/malaria_split/persistence/bootstrap.py:590; malaria_dataset_split_project/src/malaria_split/persistence/bootstrap.py:591; malaria_dataset_split_project/src/malaria_split/persistence/bootstrap.py:592; malaria_dataset_split_project/src/malaria_split/persistence/repositories.py:82,Indirectos por servicio o CLI; ver responsabilidad,"frontend/src/pages/DatasetBrowser.tsx; UploadedPredictions.tsx; Deployments.tsx vía API de versión/inventario, según scope; no lectura directa SQL.",alembic/versions/20260811_01_scientific_dataset_versioning_foundation.py:159; alembic/versions/20260811_01_scientific_dataset_versioning_foundation.py:175; alembic/versions/20260811_01_scientific_dataset_versioning_foundation.py:177,"Inmutable; preservar filas, rutas y hashes","`clinical_identities`, `dataset_source_records`",Alto,Catálogo equivalente y prueba de contrato del consumidor; fixtures aisladas futuras; no ejecutadas
image_analysis_jobs,image_analysis_jobs,KEEP,ML / persistencia y consulta de ejecuciones,"Trabajo de inferencia trazable por imagen, input/checksum y despliegue.",0 (captura E10.10.1; no conteo nuevo),PRIMARY KEY (id),"fk_image_analysis_jobs_input_artifact: FOREIGN KEY (input_artifact_id) REFERENCES artifacts(id) ON DELETE RESTRICT; fk_image_analysis_jobs_run_deployment_version: FOREIGN KEY (inference_run_id, deployed_model_version_id, model_version_id) REFERENCES run_model_deployments(run_id, deployed_model_version_id, model_version_id) ON DELETE RESTRICT; fk_image_analysis_jobs_source_image: FOREIGN KEY (source_image_id) REFERENCES dataset_split_images(image_id) ON DELETE RESTRICT","chk_image_analysis_jobs_counts: CHECK ((total_cells IS NULL OR total_cells >= 0) AND (positive_cells IS NULL OR positive_cells >= 0) AND (total_cells IS NULL OR positive_cells IS NULL OR positive_cells <= total_cells)); chk_image_analysis_jobs_idempotency_key: CHECK (idempotency_key IS NULL OR NULLIF(btrim(idempotency_key), ''::text) IS NOT NULL); chk_image_analysis_jobs_payload_objects: CHECK (jsonb_typeof(quality_metrics) = 'object'::text AND jsonb_typeof(summary) = 'object'::text AND jsonb_typeof(metadata) = 'object'::text); chk_image_analysis_jobs_quality_status: CHECK (quality_status = ANY (ARRAY['not_assessed'::text, 'pending'::text, 'passed'::text, 'warning'::text, 'rejected'::text, 'failed'::text, 'skipped'::text])); chk_image_analysis_jobs_source: CHECK (input_artifact_id IS NOT NULL OR source_image_id IS NOT NULL); chk_image_analysis_jobs_status: CHECK (status = ANY (ARRAY['pending'::text, 'running'::text, 'completed'::text, 'failed'::text, 'rejected'::text, 'cancelled'::text])); chk_image_analysis_jobs_status_timestamps: CHECK (((status <> ALL (ARRAY['running'::text, 'completed'::text])) OR started_at IS NOT NULL) AND ((status <> ALL (ARRAY['completed'::text, 'failed'::text, 'rejected'::text, 'cancelled'::text])) OR completed_at IS NOT NULL)); chk_image_analysis_jobs_threshold: CHECK (threshold_used IS NULL OR threshold_used >= 0::numeric AND threshold_used <= 1::numeric); chk_image_analysis_jobs_timestamp_order: CHECK (completed_at IS NULL OR started_at IS NULL OR completed_at >= started_at)","idx_image_analysis_jobs_deployment: CREATE INDEX idx_image_analysis_jobs_deployment ON public.image_analysis_jobs USING btree (deployed_model_version_id); idx_image_analysis_jobs_input_artifact: CREATE INDEX idx_image_analysis_jobs_input_artifact ON public.image_analysis_jobs USING btree (input_artifact_id) WHERE (input_artifact_id IS NOT NULL); idx_image_analysis_jobs_model_version: CREATE INDEX idx_image_analysis_jobs_model_version ON public.image_analysis_jobs USING btree (model_version_id); idx_image_analysis_jobs_run: CREATE INDEX idx_image_analysis_jobs_run ON public.image_analysis_jobs USING btree (inference_run_id); idx_image_analysis_jobs_source_image: CREATE INDEX idx_image_analysis_jobs_source_image ON public.image_analysis_jobs USING btree (source_image_id) WHERE (source_image_id IS NOT NULL); idx_image_analysis_jobs_status_created: CREATE INDEX idx_image_analysis_jobs_status_created ON public.image_analysis_jobs USING btree (status, created_at DESC); image_analysis_jobs_pkey: CREATE UNIQUE INDEX image_analysis_jobs_pkey ON public.image_analysis_jobs USING btree (id); uq_image_analysis_jobs_idempotency: CREATE UNIQUE INDEX uq_image_analysis_jobs_idempotency ON public.image_analysis_jobs USING btree (inference_run_id, idempotency_key) WHERE (idempotency_key IS NOT NULL); uq_image_analysis_jobs_identity: CREATE UNIQUE INDEX uq_image_analysis_jobs_identity ON public.image_analysis_jobs USING btree (id, inference_run_id, deployed_model_version_id, model_version_id)",trg_image_analysis_jobs_validate: CREATE TRIGGER trg_image_analysis_jobs_validate BEFORE INSERT OR UPDATE ON image_analysis_jobs FOR EACH ROW EXECUTE FUNCTION validate_image_analysis_job(),validate_image_analysis_job(),malaria_dl_local_project/src/malaria_dl/governance/repository.py:912; malaria_dl_local_project/src/malaria_dl/inference/traceable.py:103; malaria_dl_local_project/src/malaria_dl/inference/traceable.py:106; malaria_dl_local_project/db/init/027_model_governance_backfill_constraints.sql:914,backend_api/app/routes/governance.py:465; malaria_dl_local_project/src/malaria_dl/governance/repository.py:912; malaria_dl_local_project/src/malaria_dl/governance/repository.py:962; malaria_dl_local_project/src/malaria_dl/governance/repository.py:1050; malaria_dl_local_project/src/malaria_dl/governance/repository.py:1308; malaria_dl_local_project/src/malaria_dl/inference/traceable.py:103; malaria_dl_local_project/src/malaria_dl/inference/traceable.py:106,backend_api/app/routes/governance.py:465,Indirecta por frontend/src/services/api.ts; ver matriz de dependencias por dominio,malaria_dl_local_project/db/init/026_inference_jobs.sql:32; malaria_dl_local_project/db/init/026_inference_jobs.sql:134; malaria_dl_local_project/db/init/026_inference_jobs.sql:142; malaria_dl_local_project/db/init/026_inference_jobs.sql:146; malaria_dl_local_project/db/init/026_inference_jobs.sql:149; malaria_dl_local_project/db/init/026_inference_jobs.sql:152; malaria_dl_local_project/db/init/026_inference_jobs.sql:155; malaria_dl_local_project/db/init/026_inference_jobs.sql:159; malaria_dl_local_project/db/init/026_inference_jobs.sql:163; malaria_dl_local_project/db/init/026_inference_jobs.sql:467; malaria_dl_local_project/db/init/026_inference_jobs.sql:589; malaria_dl_local_project/db/init/026_inference_jobs.sql:685; malaria_dl_local_project/db/init/027_model_governance_backfill_constraints.sql:778; malaria_dl_local_project/db/init/027_model_governance_backfill_constraints.sql:909; malaria_dl_local_project/db/init/027_model_governance_backfill_constraints.sql:914,Preservar linaje/FK; no inferir resultados por tabla vacía,"`artifacts`, `dataset_split_images`, `run_model_deployments`",Medio: conservar contrato,Catálogo equivalente y prueba de contrato del consumidor; fixtures aisladas futuras; no ejecutadas
image_connected_components,image_connected_components,KEEP,ML / persistencia y consulta de ejecuciones,Componentes numéricos/geometría extraídos por detector de imagen.,0 (captura E10.10.1; no conteo nuevo),PRIMARY KEY (id),"fk_components_detection_analysis: FOREIGN KEY (detection_run_id, analysis_run_id) REFERENCES cell_detection_runs(id, analysis_run_id) ON DELETE RESTRICT; fk_components_frozen_image: FOREIGN KEY (analysis_run_image_id, analysis_run_id, microscopy_image_id) REFERENCES microscopy_analysis_run_images(id, analysis_run_id, microscopy_image_id) ON DELETE RESTRICT","ck_connected_component_rejection: CHECK (component_status::text = 'rejected_by_filter'::text AND rejection_code IS NOT NULL OR component_status::text <> 'rejected_by_filter'::text AND rejection_code IS NULL); image_connected_components_area_px_check: CHECK (area_px > 0); image_connected_components_bbox_height_check: CHECK (bbox_height > 0); image_connected_components_bbox_width_check: CHECK (bbox_width > 0); image_connected_components_bbox_x_check: CHECK (bbox_x >= 0); image_connected_components_bbox_y_check: CHECK (bbox_y >= 0); image_connected_components_centroid_x_check: CHECK (centroid_x >= 0::double precision); image_connected_components_centroid_y_check: CHECK (centroid_y >= 0::double precision); image_connected_components_circularity_check: CHECK (circularity IS NULL OR circularity >= 0::double precision AND circularity <= 1::double precision); image_connected_components_component_index_check: CHECK (component_index > 0); image_connected_components_component_status_check: CHECK (component_status::text = ANY (ARRAY['candidate'::character varying::text, 'accepted'::character varying::text, 'rejected_by_filter'::character varying::text])); image_connected_components_metrics_json_check: CHECK (jsonb_typeof(metrics_json) = 'object'::text); image_connected_components_perimeter_px_check: CHECK (perimeter_px IS NULL OR perimeter_px >= 0::double precision); image_connected_components_solidity_check: CHECK (solidity IS NULL OR solidity >= 0::double precision AND solidity <= 1::double precision); uq_image_connected_components_identity: UNIQUE (id, detection_run_id, analysis_run_image_id, microscopy_image_id); uq_image_connected_components_run_image_index: UNIQUE (detection_run_id, analysis_run_image_id, component_index)","image_connected_components_pkey: CREATE UNIQUE INDEX image_connected_components_pkey ON public.image_connected_components USING btree (id); ix_image_connected_components_run_image: CREATE INDEX ix_image_connected_components_run_image ON public.image_connected_components USING btree (detection_run_id, microscopy_image_id, component_index); ix_image_connected_components_status: CREATE INDEX ix_image_connected_components_status ON public.image_connected_components USING btree (detection_run_id, component_status, component_index); uq_image_connected_components_identity: CREATE UNIQUE INDEX uq_image_connected_components_identity ON public.image_connected_components USING btree (id, detection_run_id, analysis_run_image_id, microscopy_image_id); uq_image_connected_components_run_image_index: CREATE UNIQUE INDEX uq_image_connected_components_run_image_index ON public.image_connected_components USING btree (detection_run_id, analysis_run_image_id, component_index)",trg_image_connected_components_append_only: CREATE TRIGGER trg_image_connected_components_append_only BEFORE DELETE OR UPDATE ON image_connected_components FOR EACH ROW EXECUTE FUNCTION reject_cell_analysis_row_mutation(),,backend_api/app/repositories/cell_analysis.py:334; alembic/versions/20260727_05_cell_detection_and_review.py:251,backend_api/app/repositories/cell_analysis.py:334; backend_api/app/repositories/cell_analysis.py:527; backend_api/app/repositories/cell_analysis.py:577,Indirectos por servicio o CLI; ver responsabilidad,Indirecta por frontend/src/services/api.ts; ver matriz de dependencias por dominio,alembic/versions/20260727_05_cell_detection_and_review.py:75; alembic/versions/20260727_05_cell_detection_and_review.py:122; alembic/versions/20260727_05_cell_detection_and_review.py:126; alembic/versions/20260727_05_cell_detection_and_review.py:159; alembic/versions/20260727_05_cell_detection_and_review.py:251; alembic/versions/20260727_05_cell_detection_and_review.py:318,Preservar linaje/FK; no inferir resultados por tabla vacía,"`cell_detection_runs`, `microscopy_analysis_run_images`",Medio: conservar contrato,Catálogo equivalente y prueba de contrato del consumidor; fixtures aisladas futuras; no ejecutadas
image_ingestion_batches,image_ingestion_batches,KEEP,Backend / microscopía científica,Lote de ingestión vinculado a caso/muestra/lámina e identidad de origen.,0 (captura E10.10.1; no conteo nuevo),PRIMARY KEY (id),image_ingestion_batches_case_id_fkey: FOREIGN KEY (case_id) REFERENCES scientific_cases(id) ON DELETE RESTRICT; image_ingestion_batches_created_by_fkey: FOREIGN KEY (created_by) REFERENCES users(id) ON DELETE RESTRICT; image_ingestion_batches_sample_id_fkey: FOREIGN KEY (sample_id) REFERENCES blood_samples(id) ON DELETE RESTRICT; image_ingestion_batches_slide_id_fkey: FOREIGN KEY (slide_id) REFERENCES smear_slides(id) ON DELETE RESTRICT; image_ingestion_batches_subject_id_fkey: FOREIGN KEY (subject_id) REFERENCES research_subjects(id) ON DELETE RESTRICT,"image_ingestion_batches_acquisition_origin_check: CHECK (acquisition_origin::text = ANY (ARRAY['manual_upload'::character varying::text, 'research_dataset_import'::character varying::text, 'external_capture_system'::character varying::text])); image_ingestion_batches_expected_image_count_check: CHECK (expected_image_count IS NULL OR expected_image_count > 0); image_ingestion_batches_metadata_json_check: CHECK (jsonb_typeof(metadata_json) = 'object'::text); image_ingestion_batches_received_image_count_check: CHECK (received_image_count >= 0); image_ingestion_batches_status_check: CHECK (status::text = ANY (ARRAY['pending'::character varying::text, 'incomplete'::character varying::text, 'complete'::character varying::text, 'inconsistent'::character varying::text, 'failed'::character varying::text]))","image_ingestion_batches_pkey: CREATE UNIQUE INDEX image_ingestion_batches_pkey ON public.image_ingestion_batches USING btree (id); ix_ingestion_batches_sample: CREATE INDEX ix_ingestion_batches_sample ON public.image_ingestion_batches USING btree (sample_id, created_at DESC); uq_ingestion_batches_source_group: CREATE UNIQUE INDEX uq_ingestion_batches_source_group ON public.image_ingestion_batches USING btree (source_system, source_group_key) WHERE ((source_system IS NOT NULL) AND (source_group_key IS NOT NULL))",,,backend_api/app/services/image_ingestion.py:378; backend_api/app/services/image_ingestion.py:497,backend_api/app/services/smear_workflow.py:415; backend_api/app/services/smear_workflow.py:549; backend_api/app/services/image_ingestion.py:55; backend_api/app/services/image_ingestion.py:271; backend_api/app/services/image_ingestion.py:354; backend_api/app/services/image_ingestion.py:378; backend_api/app/services/image_ingestion.py:497; backend_api/app/services/microscopy_analysis.py:76; backend_api/app/services/microscopy_analysis.py:90; backend_api/app/services/microscopy_analysis.py:239; backend_api/app/services/microscopy_analysis.py:254,Indirectos por servicio o CLI; ver responsabilidad,frontend/src/pages/SmearWorkflow.tsx; SmearAnalysisHistory.tsx; components/cell-review; services/api.ts; relación indirecta por servicios clínicos.,alembic/versions/20260727_02_secure_image_ingestion.py:41; alembic/versions/20260727_02_secure_image_ingestion.py:64; alembic/versions/20260727_02_secure_image_ingestion.py:66; alembic/versions/20260727_02_secure_image_ingestion.py:79; alembic/versions/20260727_02_secure_image_ingestion.py:105; alembic/versions/20260727_03_microscopy_quality_gate.py:14,Preservar linaje/FK; no inferir resultados por tabla vacía,"`blood_samples`, `research_subjects`, `scientific_cases`, `smear_slides`, `users`",Medio: conservar contrato,Catálogo equivalente y prueba de contrato del consumidor; fixtures aisladas futuras; no ejecutadas
image_quality_assessments,image_quality_assessments,KEEP,Backend / microscopía científica,"Control de calidad de imagen dentro de análisis, mediciones/decisión y explicación.",0 (captura E10.10.1; no conteo nuevo),PRIMARY KEY (id),"image_quality_assessments_analysis_run_id_fkey: FOREIGN KEY (analysis_run_id) REFERENCES microscopy_analysis_runs(id) ON DELETE RESTRICT; image_quality_assessments_analysis_run_image_id_analysis_r_fkey: FOREIGN KEY (analysis_run_image_id, analysis_run_id, microscopy_image_id) REFERENCES microscopy_analysis_run_images(id, analysis_run_id, microscopy_image_id) ON DELETE RESTRICT; image_quality_assessments_microscopy_image_id_fkey: FOREIGN KEY (microscopy_image_id) REFERENCES microscopy_images(id) ON DELETE RESTRICT","image_quality_assessments_analysis_run_id_microscopy_image__key: UNIQUE (analysis_run_id, microscopy_image_id); image_quality_assessments_analysis_scale_check: CHECK (analysis_scale > 0::double precision); image_quality_assessments_analyzed_height_px_check: CHECK (analyzed_height_px > 0); image_quality_assessments_analyzed_width_px_check: CHECK (analyzed_width_px > 0); image_quality_assessments_assessment_status_check: CHECK (assessment_status::text = ANY (ARRAY['pending'::character varying::text, 'processing'::character varying::text, 'completed'::character varying::text, 'error'::character varying::text])); image_quality_assessments_bright_pixel_ratio_check: CHECK (bright_pixel_ratio >= 0::double precision AND bright_pixel_ratio <= 1::double precision); image_quality_assessments_dark_pixel_ratio_check: CHECK (dark_pixel_ratio >= 0::double precision AND dark_pixel_ratio <= 1::double precision); image_quality_assessments_failure_codes_check: CHECK (jsonb_typeof(failure_codes) = 'array'::text); image_quality_assessments_height_px_check: CHECK (height_px > 0); image_quality_assessments_metrics_json_check: CHECK (jsonb_typeof(metrics_json) = 'object'::text); image_quality_assessments_near_black_border_ratio_check: CHECK (near_black_border_ratio >= 0::double precision AND near_black_border_ratio <= 1::double precision); image_quality_assessments_pixel_count_check: CHECK (pixel_count > 0); image_quality_assessments_quality_verdict_check: CHECK (quality_verdict::text = ANY (ARRAY['pending'::character varying::text, 'pass'::character varying::text, 'warning'::character varying::text, 'fail'::character varying::text, 'error'::character varying::text])); image_quality_assessments_usable_field_ratio_check: CHECK (usable_field_ratio >= 0::double precision AND usable_field_ratio <= 1::double precision); image_quality_assessments_warning_codes_check: CHECK (jsonb_typeof(warning_codes) = 'array'::text); image_quality_assessments_width_px_check: CHECK (width_px > 0)","image_quality_assessments_analysis_run_id_microscopy_image__key: CREATE UNIQUE INDEX image_quality_assessments_analysis_run_id_microscopy_image__key ON public.image_quality_assessments USING btree (analysis_run_id, microscopy_image_id); image_quality_assessments_pkey: CREATE UNIQUE INDEX image_quality_assessments_pkey ON public.image_quality_assessments USING btree (id)",,,backend_api/app/services/microscopy_analysis.py:181,backend_api/app/services/microscopy_analysis.py:181; backend_api/app/services/microscopy_analysis.py:262,Indirectos por servicio o CLI; ver responsabilidad,frontend/src/pages/SmearWorkflow.tsx; SmearAnalysisHistory.tsx; components/cell-review; services/api.ts; relación indirecta por servicios clínicos.,alembic/versions/20260727_03_microscopy_quality_gate.py:51; alembic/versions/20260727_03_microscopy_quality_gate.py:104,Preservar linaje/FK; no inferir resultados por tabla vacía,"`microscopy_analysis_run_images`, `microscopy_analysis_runs`, `microscopy_images`",Medio: conservar contrato,Catálogo equivalente y prueba de contrato del consumidor; fixtures aisladas futuras; no ejecutadas
local_execution_jobs,local_execution_jobs,KEEP,MLOps / coordinación E10,"Reserva remota, identidad principal/agente, heartbeat/resultado/exit; retiene gate hasta salida.",0 (captura E10.10.1; no conteo nuevo),PRIMARY KEY (id),local_execution_jobs_campaign_id_fkey: FOREIGN KEY (campaign_id) REFERENCES experimental_campaigns(id); local_execution_jobs_run_id_fkey: FOREIGN KEY (run_id) REFERENCES runs(id),"local_execution_jobs_owner_key: UNIQUE (owner); local_execution_jobs_run_id_key: UNIQUE (run_id); local_execution_jobs_state_check: CHECK (state = ANY (ARRAY['held'::text, 'calculation_reported'::text, 'released'::text, 'failed'::text]))","local_execution_jobs_owner_key: CREATE UNIQUE INDEX local_execution_jobs_owner_key ON public.local_execution_jobs USING btree (owner); local_execution_jobs_pkey: CREATE UNIQUE INDEX local_execution_jobs_pkey ON public.local_execution_jobs USING btree (id); local_execution_jobs_run_id_key: CREATE UNIQUE INDEX local_execution_jobs_run_id_key ON public.local_execution_jobs USING btree (run_id); local_one_active: CREATE UNIQUE INDEX local_one_active ON public.local_execution_jobs USING btree ((true)) WHERE (state = ANY (ARRAY['held'::text, 'calculation_reported'::text]))",,experiment_require_owner(),malaria_dl_local_project/src/malaria_dl/local_execution/backend.py:45; malaria_dl_local_project/src/malaria_dl/local_execution/backend.py:105; malaria_dl_local_project/src/malaria_dl/local_execution/backend.py:122; malaria_dl_local_project/src/malaria_dl/local_execution/backend.py:144; malaria_dl_local_project/src/malaria_dl/local_execution/backend.py:156; malaria_dl_local_project/src/malaria_dl/local_execution/backend.py:168,malaria_dl_local_project/src/malaria_dl/local_execution/backend.py:45; malaria_dl_local_project/src/malaria_dl/local_execution/backend.py:75; malaria_dl_local_project/src/malaria_dl/local_execution/backend.py:91; malaria_dl_local_project/src/malaria_dl/local_execution/backend.py:105; malaria_dl_local_project/src/malaria_dl/local_execution/backend.py:122; malaria_dl_local_project/src/malaria_dl/local_execution/backend.py:144; malaria_dl_local_project/src/malaria_dl/local_execution/backend.py:156; malaria_dl_local_project/src/malaria_dl/local_execution/backend.py:168; malaria_dl_local_project/src/malaria_dl/local_execution/event_context.py:40,Indirectos por servicio o CLI; ver responsabilidad,Sin acceso SQL; seguimiento HTTP de runs/campañas y Local CLI,alembic/versions/20260915_01_local_execution.py:9; alembic/versions/20260915_01_local_execution.py:19; alembic/versions/20260915_01_local_execution.py:26,Preservar linaje/FK; no inferir resultados por tabla vacía,"`experimental_campaigns`, `runs`",Medio: conservar contrato,Catálogo equivalente y prueba de contrato del consumidor; fixtures aisladas futuras; no ejecutadas
microscopy_analysis_events,microscopy_analysis_events,KEEP,Backend / microscopía científica,Historial de cambios/progreso del análisis de microscopía.,0 (captura E10.10.1; no conteo nuevo),PRIMARY KEY (id),microscopy_analysis_events_analysis_run_id_fkey: FOREIGN KEY (analysis_run_id) REFERENCES microscopy_analysis_runs(id) ON DELETE RESTRICT; microscopy_analysis_events_microscopy_image_id_fkey: FOREIGN KEY (microscopy_image_id) REFERENCES microscopy_images(id) ON DELETE RESTRICT,microscopy_analysis_events_progress_current_check: CHECK (progress_current IS NULL OR progress_current >= 0); microscopy_analysis_events_progress_total_check: CHECK (progress_total IS NULL OR progress_total >= 0),"ix_microscopy_analysis_events_run: CREATE INDEX ix_microscopy_analysis_events_run ON public.microscopy_analysis_events USING btree (analysis_run_id, created_at, id); microscopy_analysis_events_pkey: CREATE UNIQUE INDEX microscopy_analysis_events_pkey ON public.microscopy_analysis_events USING btree (id)",,,backend_api/app/services/microscopy_analysis.py:41,backend_api/app/services/microscopy_analysis.py:41; backend_api/app/services/microscopy_analysis.py:264; backend_api/app/services/microscopy_analysis.py:275; backend_api/app/services/microscopy_analysis.py:277,Indirectos por servicio o CLI; ver responsabilidad,frontend/src/pages/SmearWorkflow.tsx; SmearAnalysisHistory.tsx; components/cell-review; services/api.ts; relación indirecta por servicios clínicos.,alembic/versions/20260727_03_microscopy_quality_gate.py:79; alembic/versions/20260727_03_microscopy_quality_gate.py:87; alembic/versions/20260727_03_microscopy_quality_gate.py:103,Preservar linaje/FK; no inferir resultados por tabla vacía,"`microscopy_analysis_runs`, `microscopy_images`",Medio: conservar contrato,Catálogo equivalente y prueba de contrato del consumidor; fixtures aisladas futuras; no ejecutadas
microscopy_analysis_run_images,microscopy_analysis_run_images,KEEP,Backend / microscopía científica,"Binding ordenado e inmutable análisis–imagen, entrada de QC y detección.",0 (captura E10.10.1; no conteo nuevo),PRIMARY KEY (id),microscopy_analysis_run_images_analysis_run_id_fkey: FOREIGN KEY (analysis_run_id) REFERENCES microscopy_analysis_runs(id) ON DELETE RESTRICT; microscopy_analysis_run_images_microscopy_image_id_fkey: FOREIGN KEY (microscopy_image_id) REFERENCES microscopy_images(id) ON DELETE RESTRICT,"microscopy_analysis_run_image_analysis_run_id_microscopy_im_key: UNIQUE (analysis_run_id, microscopy_image_id); microscopy_analysis_run_image_analysis_run_id_sequence_numb_key: UNIQUE (analysis_run_id, sequence_number); microscopy_analysis_run_image_id_analysis_run_id_microscopy_key: UNIQUE (id, analysis_run_id, microscopy_image_id); microscopy_analysis_run_images_input_file_size_bytes_check: CHECK (input_file_size_bytes > 0); microscopy_analysis_run_images_input_height_px_check: CHECK (input_height_px > 0); microscopy_analysis_run_images_input_width_px_check: CHECK (input_width_px > 0); microscopy_analysis_run_images_quality_status_check: CHECK (quality_status::text = ANY (ARRAY['pending'::character varying::text, 'pass'::character varying::text, 'warning'::character varying::text, 'fail'::character varying::text, 'error'::character varying::text])); microscopy_analysis_run_images_sequence_number_check: CHECK (sequence_number > 0)","microscopy_analysis_run_image_analysis_run_id_microscopy_im_key: CREATE UNIQUE INDEX microscopy_analysis_run_image_analysis_run_id_microscopy_im_key ON public.microscopy_analysis_run_images USING btree (analysis_run_id, microscopy_image_id); microscopy_analysis_run_image_analysis_run_id_sequence_numb_key: CREATE UNIQUE INDEX microscopy_analysis_run_image_analysis_run_id_sequence_numb_key ON public.microscopy_analysis_run_images USING btree (analysis_run_id, sequence_number); microscopy_analysis_run_image_id_analysis_run_id_microscopy_key: CREATE UNIQUE INDEX microscopy_analysis_run_image_id_analysis_run_id_microscopy_key ON public.microscopy_analysis_run_images USING btree (id, analysis_run_id, microscopy_image_id); microscopy_analysis_run_images_pkey: CREATE UNIQUE INDEX microscopy_analysis_run_images_pkey ON public.microscopy_analysis_run_images USING btree (id)",,validate_cell_classification_input_snapshot(),backend_api/app/services/microscopy_analysis.py:130; backend_api/app/services/microscopy_analysis.py:187,backend_api/app/repositories/cell_classification.py:385; backend_api/app/repositories/cell_analysis.py:86; backend_api/app/repositories/cell_analysis.py:91; backend_api/app/repositories/cell_analysis.py:181; backend_api/app/repositories/cell_analysis.py:548; backend_api/app/repositories/cell_analysis.py:575; backend_api/app/repositories/cell_analysis.py:649; backend_api/app/repositories/cell_analysis.py:749; backend_api/app/repositories/scientific_validation.py:32; backend_api/app/repositories/scientific_validation.py:176; backend_api/app/repositories/scientific_validation.py:201; backend_api/app/services/microscopy_analysis.py:130; backend_api/app/services/microscopy_analysis.py:152; backend_api/app/services/microscopy_analysis.py:187; backend_api/app/services/microscopy_analysis.py:261,Indirectos por servicio o CLI; ver responsabilidad,frontend/src/pages/SmearWorkflow.tsx; SmearAnalysisHistory.tsx; components/cell-review; services/api.ts; relación indirecta por servicios clínicos.,alembic/versions/20260727_03_microscopy_quality_gate.py:38; alembic/versions/20260727_03_microscopy_quality_gate.py:76; alembic/versions/20260727_03_microscopy_quality_gate.py:105; alembic/versions/20260727_05_cell_detection_and_review.py:106; alembic/versions/20260728_01_cell_classification_and_explainability.py:916,Preservar linaje/FK; no inferir resultados por tabla vacía,"`microscopy_analysis_runs`, `microscopy_images`",Medio: conservar contrato,Catálogo equivalente y prueba de contrato del consumidor; fixtures aisladas futuras; no ejecutadas
microscopy_analysis_runs,microscopy_analysis_runs,KEEP,Backend / microscopía científica,"Proceso de análisis de frotis, caso/muestra/lámina y estado; no TRAIN.",0 (captura E10.10.1; no conteo nuevo),PRIMARY KEY (id),microscopy_analysis_runs_case_id_fkey: FOREIGN KEY (case_id) REFERENCES scientific_cases(id) ON DELETE RESTRICT; microscopy_analysis_runs_ingestion_batch_id_fkey: FOREIGN KEY (ingestion_batch_id) REFERENCES image_ingestion_batches(id) ON DELETE RESTRICT; microscopy_analysis_runs_requested_by_fkey: FOREIGN KEY (requested_by) REFERENCES users(id) ON DELETE RESTRICT; microscopy_analysis_runs_sample_id_fkey: FOREIGN KEY (sample_id) REFERENCES blood_samples(id) ON DELETE RESTRICT; microscopy_analysis_runs_slide_id_fkey: FOREIGN KEY (slide_id) REFERENCES smear_slides(id) ON DELETE RESTRICT; microscopy_analysis_runs_subject_id_fkey: FOREIGN KEY (subject_id) REFERENCES research_subjects(id) ON DELETE RESTRICT,"microscopy_analysis_runs_active_stage_check: CHECK (active_stage::text = ANY (ARRAY['created'::character varying::text, 'integrity_check'::character varying::text, 'quality_assessment'::character varying::text, 'quality_aggregation'::character varying::text, 'technical_review'::character varying::text, 'completed'::character varying::text, 'failed'::character varying::text])); microscopy_analysis_runs_input_image_count_check: CHECK (input_image_count > 0); microscopy_analysis_runs_quality_gate_status_check: CHECK (quality_gate_status::text = ANY (ARRAY['pending'::character varying::text, 'pass'::character varying::text, 'warning'::character varying::text, 'fail'::character varying::text, 'error'::character varying::text])); microscopy_analysis_runs_quality_profile_snapshot_check: CHECK (jsonb_typeof(quality_profile_snapshot) = 'object'::text); microscopy_analysis_runs_run_code_key: UNIQUE (run_code); microscopy_analysis_runs_run_status_check: CHECK (run_status::text = ANY (ARRAY['created'::character varying::text, 'quality_pending'::character varying::text, 'quality_processing'::character varying::text, 'quality_completed'::character varying::text, 'review_required'::character varying::text, 'ready_for_analysis'::character varying::text, 'blocked'::character varying::text, 'failed'::character varying::text, 'cancelled'::character varying::text]))","ix_microscopy_analysis_runs_status: CREATE INDEX ix_microscopy_analysis_runs_status ON public.microscopy_analysis_runs USING btree (run_status, created_at DESC); ix_microscopy_analysis_runs_subject: CREATE INDEX ix_microscopy_analysis_runs_subject ON public.microscopy_analysis_runs USING btree (subject_id, created_at DESC); microscopy_analysis_runs_pkey: CREATE UNIQUE INDEX microscopy_analysis_runs_pkey ON public.microscopy_analysis_runs USING btree (id); microscopy_analysis_runs_run_code_key: CREATE UNIQUE INDEX microscopy_analysis_runs_run_code_key ON public.microscopy_analysis_runs USING btree (run_code); uq_microscopy_analysis_equivalent: CREATE UNIQUE INDEX uq_microscopy_analysis_equivalent ON public.microscopy_analysis_runs USING btree (ingestion_batch_id, quality_profile_key, quality_profile_version, quality_algorithm_version, input_manifest_sha256)",,,backend_api/app/services/microscopy_analysis.py:118; backend_api/app/services/microscopy_analysis.py:159; backend_api/app/services/microscopy_analysis.py:161; backend_api/app/services/microscopy_analysis.py:194; backend_api/app/services/microscopy_analysis.py:209; backend_api/app/services/microscopy_analysis.py:218,backend_api/app/repositories/cell_classification.py:32; backend_api/app/repositories/cell_classification.py:265; backend_api/app/repositories/cell_classification.py:348; backend_api/app/repositories/cell_analysis.py:16; backend_api/app/repositories/cell_analysis.py:115; backend_api/app/repositories/cell_analysis.py:156; backend_api/app/repositories/scientific_validation.py:162; backend_api/app/repositories/scientific_validation.py:190; backend_api/app/repositories/scientific_validation.py:196; backend_api/app/repositories/scientific_validation.py:203; backend_api/app/repositories/scientific_validation.py:218; backend_api/app/services/smear_workflow.py:411; backend_api/app/services/smear_workflow.py:517; backend_api/app/services/smear_workflow.py:581; backend_api/app/services/smear_workflow.py:619; backend_api/app/services/quality_queue.py:35; backend_api/app/services/quality_queue.py:67; backend_api/app/services/microscopy_analysis.py:82; backend_api/app/services/microscopy_analysis.py:108; backend_api/app/services/microscopy_analysis.py:118; backend_api/app/services/microscopy_analysis.py:148; backend_api/app/services/microscopy_analysis.py:159; backend_api/app/services/microscopy_analysis.py:161; backend_api/app/services/microscopy_analysis.py:194; backend_api/app/services/microscopy_analysis.py:209; backend_api/app/services/microscopy_analysis.py:218; backend_api/app/services/microscopy_analysis.py:237; backend_api/app/services/microscopy_analysis.py:252; backend_api/app/services/microscopy_analysis.py:273,Indirectos por servicio o CLI; ver responsabilidad,frontend/src/pages/SmearWorkflow.tsx; SmearAnalysisHistory.tsx; components/cell-review; services/api.ts; relación indirecta por servicios clínicos.,alembic/versions/20260727_04_quality_assessment_queue.py:15; alembic/versions/20260810_02_scientific_validation_annotations.py:20; alembic/versions/20260727_03_microscopy_quality_gate.py:13; alembic/versions/20260727_03_microscopy_quality_gate.py:33; alembic/versions/20260727_03_microscopy_quality_gate.py:35; alembic/versions/20260727_03_microscopy_quality_gate.py:36; alembic/versions/20260727_03_microscopy_quality_gate.py:39; alembic/versions/20260727_03_microscopy_quality_gate.py:52; alembic/versions/20260727_03_microscopy_quality_gate.py:80; alembic/versions/20260727_03_microscopy_quality_gate.py:90; alembic/versions/20260727_03_microscopy_quality_gate.py:106; alembic/versions/20260727_05_cell_detection_and_review.py:17,Preservar linaje/FK; no inferir resultados por tabla vacía,"`blood_samples`, `image_ingestion_batches`, `research_subjects`, `scientific_cases`, `smear_slides`, `users`",Medio: conservar contrato,Catálogo equivalente y prueba de contrato del consumidor; fixtures aisladas futuras; no ejecutadas
microscopy_images,microscopy_images,KEEP,Backend / microscopía científica,"Imagen clínica capturada, storage, orientación/dimensiones/procedencia y muestra.",0 (captura E10.10.1; no conteo nuevo),PRIMARY KEY (id),microscopy_images_archived_by_fkey: FOREIGN KEY (archived_by) REFERENCES users(id) ON DELETE RESTRICT; microscopy_images_created_by_fkey: FOREIGN KEY (created_by) REFERENCES users(id) ON DELETE RESTRICT; microscopy_images_ingestion_batch_id_fkey: FOREIGN KEY (ingestion_batch_id) REFERENCES image_ingestion_batches(id) ON DELETE RESTRICT; microscopy_images_slide_id_fkey: FOREIGN KEY (slide_id) REFERENCES smear_slides(id) ON DELETE RESTRICT; microscopy_images_updated_by_fkey: FOREIGN KEY (updated_by) REFERENCES users(id) ON DELETE RESTRICT,"ck_microscopy_image_archive_state: CHECK (status::text <> 'archived'::text AND archived_at IS NULL AND archived_by IS NULL OR status::text = 'archived'::text AND archived_at IS NOT NULL AND archived_by IS NOT NULL); ck_microscopy_images_acquisition_origin: CHECK (acquisition_origin::text = ANY (ARRAY['manual_upload'::character varying::text, 'research_dataset_import'::character varying::text, 'external_capture_system'::character varying::text])); ck_microscopy_images_channels: CHECK (channel_count IS NULL OR channel_count > 0); ck_microscopy_images_sequence: CHECK (image_sequence_number IS NULL OR image_sequence_number > 0); microscopy_images_bit_depth_check: CHECK (bit_depth IS NULL OR bit_depth > 0); microscopy_images_file_size_bytes_check: CHECK (file_size_bytes > 0); microscopy_images_height_px_check: CHECK (height_px > 0); microscopy_images_image_code_check: CHECK (btrim(image_code::text) <> ''::text); microscopy_images_magnification_check: CHECK (magnification IS NULL OR magnification > 0::numeric); microscopy_images_metadata_json_check: CHECK (jsonb_typeof(metadata_json) = 'object'::text); microscopy_images_mime_type_check: CHECK (btrim(mime_type::text) <> ''::text); microscopy_images_sha256_check: CHECK (sha256 ~ '^[0-9a-fA-F]{64}$'::text); microscopy_images_status_check: CHECK (status::text = ANY (ARRAY['registered'::character varying::text, 'available'::character varying::text, 'unavailable'::character varying::text, 'rejected'::character varying::text, 'archived'::character varying::text])); microscopy_images_storage_key_check: CHECK (btrim(storage_key) <> ''::text); microscopy_images_width_px_check: CHECK (width_px > 0); uq_microscopy_images_slide_code: UNIQUE (slide_id, image_code); uq_microscopy_images_slide_sha256: UNIQUE (slide_id, sha256)","ix_microscopy_images_ingestion_batch: CREATE INDEX ix_microscopy_images_ingestion_batch ON public.microscopy_images USING btree (ingestion_batch_id); ix_microscopy_images_sha256: CREATE INDEX ix_microscopy_images_sha256 ON public.microscopy_images USING btree (sha256); ix_microscopy_images_slide: CREATE INDEX ix_microscopy_images_slide ON public.microscopy_images USING btree (slide_id); ix_microscopy_images_status_created: CREATE INDEX ix_microscopy_images_status_created ON public.microscopy_images USING btree (status, created_at DESC); microscopy_images_pkey: CREATE UNIQUE INDEX microscopy_images_pkey ON public.microscopy_images USING btree (id); uq_microscopy_images_external_path: CREATE UNIQUE INDEX uq_microscopy_images_external_path ON public.microscopy_images USING btree (source_system, source_relative_path) WHERE ((source_system IS NOT NULL) AND (source_relative_path IS NOT NULL)); uq_microscopy_images_slide_code: CREATE UNIQUE INDEX uq_microscopy_images_slide_code ON public.microscopy_images USING btree (slide_id, image_code); uq_microscopy_images_slide_sha256: CREATE UNIQUE INDEX uq_microscopy_images_slide_sha256 ON public.microscopy_images USING btree (slide_id, sha256)",,,backend_api/app/services/image_ingestion.py:440,backend_api/app/repositories/cell_analysis.py:92; backend_api/app/repositories/cell_analysis.py:182; backend_api/app/repositories/cell_analysis.py:550; backend_api/app/repositories/cell_analysis.py:576; backend_api/app/repositories/cell_analysis.py:751; backend_api/app/repositories/scientific_validation.py:16; backend_api/app/repositories/scientific.py:15; backend_api/app/repositories/scientific.py:135; backend_api/app/repositories/scientific.py:158; backend_api/app/services/smear_workflow.py:570; backend_api/app/services/image_ingestion.py:65; backend_api/app/services/image_ingestion.py:404; backend_api/app/services/image_ingestion.py:416; backend_api/app/services/image_ingestion.py:429; backend_api/app/services/image_ingestion.py:440; backend_api/app/services/image_ingestion.py:489; backend_api/app/services/scientific_validation.py:52; backend_api/app/services/microscopy_analysis.py:67; backend_api/app/services/microscopy_analysis.py:68; backend_api/app/services/microscopy_analysis.py:99; backend_api/app/services/microscopy_analysis.py:152; backend_api/app/services/microscopy_analysis.py:261,Indirectos por servicio o CLI; ver responsabilidad,frontend/src/pages/SmearWorkflow.tsx; SmearAnalysisHistory.tsx; components/cell-review; services/api.ts; relación indirecta por servicios clínicos.,alembic/versions/20260727_01_scientific_data_model.py:125; alembic/versions/20260727_01_scientific_data_model.py:160; alembic/versions/20260727_01_scientific_data_model.py:161; alembic/versions/20260727_01_scientific_data_model.py:163; alembic/versions/20260727_01_scientific_data_model.py:169; alembic/versions/20260727_02_secure_image_ingestion.py:68; alembic/versions/20260727_02_secure_image_ingestion.py:90; alembic/versions/20260727_02_secure_image_ingestion.py:92; alembic/versions/20260727_02_secure_image_ingestion.py:100; alembic/versions/20260727_03_microscopy_quality_gate.py:40; alembic/versions/20260727_03_microscopy_quality_gate.py:53; alembic/versions/20260727_03_microscopy_quality_gate.py:81; alembic/versions/20260810_01_scientific_validation_sessions.py:46; alembic/versions/20260727_05_cell_detection_and_review.py:198,Preservar linaje/FK; no inferir resultados por tabla vacía,"`image_ingestion_batches`, `smear_slides`, `users`",Medio: conservar contrato,Catálogo equivalente y prueba de contrato del consumidor; fixtures aisladas futuras; no ejecutadas
model_governance_backfill_audit,model_governance_backfill_audit,KEEP,MLOps / gobernanza de modelos,"Evidencia de acreditación/backfill de linaje de versiones, no fuente científica alterna.",0 (captura E10.10.1; no conteo nuevo),PRIMARY KEY (id),fk_model_governance_audit_reversal: FOREIGN KEY (reversal_of_audit_id) REFERENCES model_governance_backfill_audit(id) ON DELETE RESTRICT,"chk_model_governance_audit_after_object: CHECK (jsonb_typeof(after_values) = 'object'::text); chk_model_governance_audit_before_object: CHECK (jsonb_typeof(before_values) = 'object'::text); chk_model_governance_audit_event_type: CHECK (event_type = ANY (ARRAY['apply'::text, 'revert'::text])); chk_model_governance_audit_metadata_object: CHECK (jsonb_typeof(metadata) = 'object'::text); chk_model_governance_audit_result_status: CHECK (result_status = ANY (ARRAY['applied'::text, 'reverted'::text, 'exact'::text, 'ambiguous'::text, 'missing'::text, 'checksum_mismatch'::text, 'skipped'::text])); chk_model_governance_audit_reversal: CHECK (event_type = 'apply'::text AND reversal_of_audit_id IS NULL OR event_type = 'revert'::text AND reversal_of_audit_id IS NOT NULL)","idx_model_governance_audit_batch: CREATE INDEX idx_model_governance_audit_batch ON public.model_governance_backfill_audit USING btree (batch_id, event_at); idx_model_governance_audit_record: CREATE INDEX idx_model_governance_audit_record ON public.model_governance_backfill_audit USING btree (table_name, record_id, event_at); idx_model_governance_audit_reversal: CREATE INDEX idx_model_governance_audit_reversal ON public.model_governance_backfill_audit USING btree (reversal_of_audit_id) WHERE (reversal_of_audit_id IS NOT NULL); model_governance_backfill_audit_pkey: CREATE UNIQUE INDEX model_governance_backfill_audit_pkey ON public.model_governance_backfill_audit USING btree (id)",trg_model_governance_audit_append_only: CREATE TRIGGER trg_model_governance_audit_append_only BEFORE DELETE OR UPDATE ON model_governance_backfill_audit FOR EACH ROW EXECUTE FUNCTION prevent_model_governance_audit_mutation(),prevent_model_governance_audit_mutation(),malaria_dl_local_project/db/init/023_schema_migrations_baseline.sql:101; malaria_dl_local_project/db/init/027_model_governance_backfill_constraints.sql:108; malaria_dl_local_project/db/init/027_model_governance_backfill_constraints.sql:197,Ledger/migrador; no consumidor científico directo,Indirectos por servicio o CLI; ver responsabilidad,No localizada; no se infiere retiro,malaria_dl_local_project/db/init/023_schema_migrations_baseline.sql:17; malaria_dl_local_project/db/init/023_schema_migrations_baseline.sql:34; malaria_dl_local_project/db/init/023_schema_migrations_baseline.sql:64; malaria_dl_local_project/db/init/023_schema_migrations_baseline.sql:67; malaria_dl_local_project/db/init/023_schema_migrations_baseline.sql:70; malaria_dl_local_project/db/init/023_schema_migrations_baseline.sql:73; malaria_dl_local_project/db/init/023_schema_migrations_baseline.sql:76; malaria_dl_local_project/db/init/023_schema_migrations_baseline.sql:85; malaria_dl_local_project/db/init/023_schema_migrations_baseline.sql:96; malaria_dl_local_project/db/init/023_schema_migrations_baseline.sql:101; malaria_dl_local_project/db/init/027_model_governance_backfill_constraints.sql:108; malaria_dl_local_project/db/init/027_model_governance_backfill_constraints.sql:197,Preservar linaje/FK; no inferir resultados por tabla vacía,`model_governance_backfill_audit`,Medio: conservar contrato,Catálogo equivalente y prueba de contrato del consumidor; fixtures aisladas futuras; no ejecutadas
model_versions,model_versions,KEEP,MLOps / gobernanza de modelos,"Versión y checkpoint exactos ligados a TRAIN, signatures/snapshots y estado de gobernanza.",0 (captura E10.10.1; no conteo nuevo),PRIMARY KEY (id),"fk_model_versions_checkpoint_artifact_owner: FOREIGN KEY (checkpoint_artifact_id, training_run_id) REFERENCES artifacts(id, run_id) ON DELETE RESTRICT; model_versions_model_id_fkey: FOREIGN KEY (model_id) REFERENCES models(id) ON DELETE RESTRICT; model_versions_training_run_id_fkey: FOREIGN KEY (training_run_id) REFERENCES runs(id) ON DELETE RESTRICT","chk_model_versions_artifact_requires_training: CHECK (checkpoint_artifact_id IS NULL OR training_run_id IS NOT NULL); chk_model_versions_artifact_size: CHECK (artifact_size_bytes IS NULL OR artifact_size_bytes >= 0); chk_model_versions_governed_hash: CHECK ((status <> ALL (ARRAY['candidate'::text, 'validated'::text, 'approved'::text, 'deployed'::text, 'rejected'::text, 'retired'::text])) OR checkpoint_artifact_id IS NOT NULL AND artifact_sha256 IS NOT NULL); chk_model_versions_lineage_status: CHECK (lineage_status = ANY (ARRAY['unresolved'::text, 'resolved'::text, 'ambiguous'::text, 'artifact_missing'::text, 'checksum_mismatch'::text, 'legacy_unresolved'::text])); chk_model_versions_profile_objects: CHECK (jsonb_typeof(preprocessing_profile_snapshot) = 'object'::text AND jsonb_typeof(class_mapping) = 'object'::text AND jsonb_typeof(input_signature) = 'object'::text AND jsonb_typeof(output_signature) = 'object'::text); chk_model_versions_resolved_training: CHECK (lineage_status <> 'resolved'::text OR training_run_id IS NOT NULL); chk_model_versions_sha256: CHECK (artifact_sha256 IS NULL OR artifact_sha256 ~ '^[0-9a-f]{64}$'::text); chk_model_versions_status: CHECK (status = ANY (ARRAY['discovered'::text, 'candidate'::text, 'validated'::text, 'approved'::text, 'deployed'::text, 'rejected'::text, 'retired'::text])); chk_model_versions_version_number: CHECK (version_number IS NULL OR version_number > 0)","idx_model_versions_checkpoint_artifact: CREATE INDEX idx_model_versions_checkpoint_artifact ON public.model_versions USING btree (checkpoint_artifact_id); idx_model_versions_model: CREATE INDEX idx_model_versions_model ON public.model_versions USING btree (model_id); idx_model_versions_sha256: CREATE INDEX idx_model_versions_sha256 ON public.model_versions USING btree (artifact_sha256); idx_model_versions_status_lineage: CREATE INDEX idx_model_versions_status_lineage ON public.model_versions USING btree (status, lineage_status); idx_model_versions_training_run: CREATE INDEX idx_model_versions_training_run ON public.model_versions USING btree (training_run_id); model_versions_pkey: CREATE UNIQUE INDEX model_versions_pkey ON public.model_versions USING btree (id); uq_model_versions_checkpoint_artifact: CREATE UNIQUE INDEX uq_model_versions_checkpoint_artifact ON public.model_versions USING btree (checkpoint_artifact_id) WHERE (checkpoint_artifact_id IS NOT NULL); uq_model_versions_id_checkpoint_artifact: CREATE UNIQUE INDEX uq_model_versions_id_checkpoint_artifact ON public.model_versions USING btree (id, checkpoint_artifact_id); uq_model_versions_id_training_run: CREATE UNIQUE INDEX uq_model_versions_id_training_run ON public.model_versions USING btree (id, training_run_id); uq_model_versions_name_number: CREATE UNIQUE INDEX uq_model_versions_name_number ON public.model_versions USING btree (model_name, version_number) WHERE ((model_name IS NOT NULL) AND (version_number IS NOT NULL)); uq_model_versions_training_version_name: CREATE UNIQUE INDEX uq_model_versions_training_version_name ON public.model_versions USING btree (training_run_id, version_name) WHERE ((training_run_id IS NOT NULL) AND (version_name IS NOT NULL)); uq_model_versions_unjustified_sha256: CREATE UNIQUE INDEX uq_model_versions_unjustified_sha256 ON public.model_versions USING btree (artifact_sha256) WHERE ((artifact_sha256 IS NOT NULL) AND (NULLIF(btrim(artifact_hash_reuse_justification), ''::text) IS NULL))",trg_model_versions_governance: CREATE TRIGGER trg_model_versions_governance BEFORE INSERT OR UPDATE ON model_versions FOR EACH ROW EXECUTE FUNCTION enforce_model_version_governance(),enforce_model_version_governance(); protect_governed_artifact_identity(); validate_deployed_model_version(),malaria_dl_local_project/src/malaria_dl/persistence/run_repository.py:1608; malaria_dl_local_project/src/malaria_dl/governance/repository.py:330; malaria_dl_local_project/src/malaria_dl/governance/services/lifecycle_service.py:44; malaria_dl_local_project/src/malaria_dl/governance/services/lifecycle_service.py:56; malaria_dl_local_project/src/malaria_dl/governance/services/lifecycle_service.py:71; malaria_dl_local_project/src/malaria_dl/governance/services/contract_service.py:370; malaria_dl_local_project/src/malaria_dl/governance/services/contract_service.py:425; malaria_dl_local_project/src/malaria_dl/governance/services/training_model_version_finalizer.py:172; malaria_dl_local_project/src/malaria_dl/governance/services/training_model_version_finalizer.py:213; malaria_dl_local_project/db/init/027_model_governance_backfill_constraints.sql:69; malaria_dl_local_project/db/init/027_model_governance_backfill_constraints.sql:854,backend_api/app/repositories/cell_classification.py:217; backend_api/app/routes/governance.py:299; backend_api/app/routes/governance.py:307; backend_api/app/routes/governance.py:342; backend_api/app/routes/governance.py:349; backend_api/app/routes/governance.py:363; backend_api/app/routes/governance.py:399; backend_api/app/routes/governance.py:404; backend_api/app/routes/governance.py:410; backend_api/app/services/productive_model.py:391; backend_api/app/services/productive_model.py:1059; backend_api/app/services/case_gradcam.py:128; malaria_dl_local_project/src/malaria_dl/persistence/run_repository.py:1608; malaria_dl_local_project/src/malaria_dl/persistence/lineage.py:198; malaria_dl_local_project/src/malaria_dl/persistence/lineage.py:306; malaria_dl_local_project/src/malaria_dl/persistence/lineage.py:308; malaria_dl_local_project/src/malaria_dl/governance/repository.py:313; malaria_dl_local_project/src/malaria_dl/governance/repository.py:330; malaria_dl_local_project/src/malaria_dl/governance/repository.py:438; malaria_dl_local_project/src/malaria_dl/governance/repository.py:636; malaria_dl_local_project/src/malaria_dl/governance/repository.py:1299; malaria_dl_local_project/src/malaria_dl/inference/traceable.py:48; malaria_dl_local_project/src/malaria_dl/evaluation/evaluation_training_lineage_service.py:125; malaria_dl_local_project/src/malaria_dl/evaluation/evaluation_training_lineage_service.py:289; malaria_dl_local_project/src/malaria_dl/evaluation/evaluation_training_lineage_service.py:298; malaria_dl_local_project/src/malaria_dl/governance/services/prepare_release_service.py:159; malaria_dl_local_project/src/malaria_dl/governance/services/prepare_release_service.py:702; malaria_dl_local_project/src/malaria_dl/governance/services/prepare_release_service.py:721; malaria_dl_local_project/src/malaria_dl/governance/services/model_version_resolver.py:50; malaria_dl_local_project/src/malaria_dl/governance/services/model_version_resolver.py:60; malaria_dl_local_project/src/malaria_dl/governance/services/model_version_resolver.py:75; malaria_dl_local_project/src/malaria_dl/governance/services/deployment_service.py:46; malaria_dl_local_project/src/malaria_dl/governance/services/deployment_service.py:88; malaria_dl_local_project/src/malaria_dl/governance/services/deployment_service.py:146; malaria_dl_local_project/src/malaria_dl/governance/services/deployment_service.py:198; malaria_dl_local_project/src/malaria_dl/governance/services/deployment_service.py:339; malaria_dl_local_project/src/malaria_dl/governance/services/lifecycle_service.py:25; malaria_dl_local_project/src/malaria_dl/governance/services/lifecycle_service.py:44; malaria_dl_local_project/src/malaria_dl/governance/services/lifecycle_service.py:56; malaria_dl_local_project/src/malaria_dl/governance/services/lifecycle_service.py:71; malaria_dl_local_project/src/malaria_dl/governance/services/contract_service.py:70; malaria_dl_local_project/src/malaria_dl/governance/services/contract_service.py:370; malaria_dl_local_project/src/malaria_dl/governance/services/contract_service.py:425; malaria_dl_local_project/src/malaria_dl/governance/services/stage2_publication_service.py:28; malaria_dl_local_project/src/malaria_dl/governance/services/stage2_publication_service.py:92; malaria_dl_local_project/src/malaria_dl/governance/services/stage2_publication_service.py:217; malaria_dl_local_project/src/malaria_dl/governance/services/training_model_version_finalizer.py:92; malaria_dl_local_project/src/malaria_dl/governance/services/training_model_version_finalizer.py:172; malaria_dl_local_project/src/malaria_dl/governance/services/training_model_version_finalizer.py:213; malaria_dl_local_project/src/malaria_dl/governance/services/stage2_availability_service.py:91; malaria_dl_local_project/src/malaria_dl/governance/services/stage2_availability_service.py:96; malaria_dl_local_project/src/malaria_dl/governance/services/stage2_availability_service.py:334; malaria_dl_local_project/src/malaria_dl/governance/services/stage2_availability_service.py:417; malaria_dl_local_project/src/malaria_dl/governance/services/stage2_availability_service.py:447; malaria_dataset_split_project/src/malaria_split/discovery/system_contract_auditor.py:10,backend_api/app/routes/governance.py:299; backend_api/app/routes/governance.py:307; backend_api/app/routes/governance.py:342; backend_api/app/routes/governance.py:349; backend_api/app/routes/governance.py:363; backend_api/app/routes/governance.py:399; backend_api/app/routes/governance.py:404; backend_api/app/routes/governance.py:410,Indirecta por frontend/src/services/api.ts; ver matriz de dependencias por dominio,alembic/versions/20260829_01_persist_training_release_status.py:49; alembic/versions/20260829_01_persist_training_release_status.py:129; malaria_dl_local_project/db/init/028_stage2_model_availability.sql:24; malaria_dl_local_project/db/init/001_schema.sql:93; malaria_dl_local_project/db/init/024_model_version_artifact_governance.sql:5; malaria_dl_local_project/db/init/024_model_version_artifact_governance.sql:8; malaria_dl_local_project/db/init/024_model_version_artifact_governance.sql:11; malaria_dl_local_project/db/init/024_model_version_artifact_governance.sql:14; malaria_dl_local_project/db/init/024_model_version_artifact_governance.sql:17; malaria_dl_local_project/db/init/024_model_version_artifact_governance.sql:20; malaria_dl_local_project/db/init/024_model_version_artifact_governance.sql:23; malaria_dl_local_project/db/init/024_model_version_artifact_governance.sql:26; malaria_dl_local_project/db/init/024_model_version_artifact_governance.sql:29; malaria_dl_local_project/db/init/024_model_version_artifact_governance.sql:32; malaria_dl_local_project/db/init/024_model_version_artifact_governance.sql:35; malaria_dl_local_project/db/init/024_model_version_artifact_governance.sql:38; malaria_dl_local_project/db/init/024_model_version_artifact_governance.sql:41; malaria_dl_local_project/db/init/024_model_version_artifact_governance.sql:44; malaria_dl_local_project/db/init/024_model_version_artifact_governance.sql:47; malaria_dl_local_project/db/init/024_model_version_artifact_governance.sql:50; malaria_dl_local_project/db/init/024_model_version_artifact_governance.sql:53; malaria_dl_local_project/db/init/024_model_version_artifact_governance.sql:56; malaria_dl_local_project/db/init/024_model_version_artifact_governance.sql:109; malaria_dl_local_project/db/init/024_model_version_artifact_governance.sql:112; malaria_dl_local_project/db/init/024_model_version_artifact_governance.sql:129; malaria_dl_local_project/db/init/024_model_version_artifact_governance.sql:132; malaria_dl_local_project/db/init/024_model_version_artifact_governance.sql:148; malaria_dl_local_project/db/init/024_model_version_artifact_governance.sql:151; malaria_dl_local_project/db/init/024_model_version_artifact_governance.sql:159; malaria_dl_local_project/db/init/024_model_version_artifact_governance.sql:162; malaria_dl_local_project/db/init/024_model_version_artifact_governance.sql:178; malaria_dl_local_project/db/init/024_model_version_artifact_governance.sql:181; malaria_dl_local_project/db/init/024_model_version_artifact_governance.sql:191; malaria_dl_local_project/db/init/024_model_version_artifact_governance.sql:194; malaria_dl_local_project/db/init/024_model_version_artifact_governance.sql:202; malaria_dl_local_project/db/init/024_model_version_artifact_governance.sql:205; malaria_dl_local_project/db/init/024_model_version_artifact_governance.sql:213; malaria_dl_local_project/db/init/024_model_version_artifact_governance.sql:216; malaria_dl_local_project/db/init/024_model_version_artifact_governance.sql:228; malaria_dl_local_project/db/init/024_model_version_artifact_governance.sql:231; malaria_dl_local_project/db/init/024_model_version_artifact_governance.sql:291; malaria_dl_local_project/db/init/024_model_version_artifact_governance.sql:294; malaria_dl_local_project/db/init/024_model_version_artifact_governance.sql:297; malaria_dl_local_project/db/init/024_model_version_artifact_governance.sql:301; malaria_dl_local_project/db/init/024_model_version_artifact_governance.sql:305; malaria_dl_local_project/db/init/024_model_version_artifact_governance.sql:309; malaria_dl_local_project/db/init/024_model_version_artifact_governance.sql:317; malaria_dl_local_project/db/init/024_model_version_artifact_governance.sql:320; malaria_dl_local_project/db/init/024_model_version_artifact_governance.sql:323; malaria_dl_local_project/db/init/024_model_version_artifact_governance.sql:326; malaria_dl_local_project/db/init/024_model_version_artifact_governance.sql:329; malaria_dl_local_project/db/init/024_model_version_artifact_governance.sql:365; malaria_dl_local_project/db/init/024_model_version_artifact_governance.sql:368; malaria_dl_local_project/db/init/024_model_version_artifact_governance.sql:384; malaria_dl_local_project/db/init/024_model_version_artifact_governance.sql:410; malaria_dl_local_project/db/init/024_model_version_artifact_governance.sql:423; malaria_dl_local_project/db/init/024_model_version_artifact_governance.sql:449; malaria_dl_local_project/db/init/024_model_version_artifact_governance.sql:462; malaria_dl_local_project/db/init/024_model_version_artifact_governance.sql:482; malaria_dl_local_project/db/init/024_model_version_artifact_governance.sql:485; malaria_dl_local_project/db/init/024_model_version_artifact_governance.sql:488; malaria_dl_local_project/db/init/024_model_version_artifact_governance.sql:491; malaria_dl_local_project/db/init/026_inference_jobs.sql:480; malaria_dl_local_project/db/init/026_inference_jobs.sql:519; malaria_dl_local_project/db/init/026_inference_jobs.sql:532; malaria_dl_local_project/db/init/025_deployed_model_versions.sql:35; malaria_dl_local_project/db/init/029_stage2_model_publications.sql:24; malaria_dl_local_project/db/init/027_model_governance_backfill_constraints.sql:26; malaria_dl_local_project/db/init/027_model_governance_backfill_constraints.sql:51; malaria_dl_local_project/db/init/027_model_governance_backfill_constraints.sql:69; malaria_dl_local_project/db/init/027_model_governance_backfill_constraints.sql:123; malaria_dl_local_project/db/init/027_model_governance_backfill_constraints.sql:140; malaria_dl_local_project/db/init/027_model_governance_backfill_constraints.sql:234; malaria_dl_local_project/db/init/027_model_governance_backfill_constraints.sql:238; malaria_dl_local_project/db/init/027_model_governance_backfill_constraints.sql:243; malaria_dl_local_project/db/init/027_model_governance_backfill_constraints.sql:246; malaria_dl_local_project/db/init/027_model_governance_backfill_constraints.sql:256; malaria_dl_local_project/db/init/027_model_governance_backfill_constraints.sql:260; malaria_dl_local_project/db/init/027_model_governance_backfill_constraints.sql:265; malaria_dl_local_project/db/init/027_model_governance_backfill_constraints.sql:268; malaria_dl_local_project/db/init/027_model_governance_backfill_constraints.sql:324; malaria_dl_local_project/db/init/027_model_governance_backfill_constraints.sql:326; malaria_dl_local_project/db/init/027_model_governance_backfill_constraints.sql:328; malaria_dl_local_project/db/init/027_model_governance_backfill_constraints.sql:330; malaria_dl_local_project/db/init/027_model_governance_backfill_constraints.sql:332; malaria_dl_local_project/db/init/027_model_governance_backfill_constraints.sql:334; malaria_dl_local_project/db/init/027_model_governance_backfill_constraints.sql:336; malaria_dl_local_project/db/init/027_model_governance_backfill_constraints.sql:338; malaria_dl_local_project/db/init/027_model_governance_backfill_constraints.sql:340; malaria_dl_local_project/db/init/027_model_governance_backfill_constraints.sql:342; malaria_dl_local_project/db/init/027_model_governance_backfill_constraints.sql:344; malaria_dl_local_project/db/init/027_model_governance_backfill_constraints.sql:346; malaria_dl_local_project/db/init/027_model_governance_backfill_constraints.sql:444; malaria_dl_local_project/db/init/027_model_governance_backfill_constraints.sql:601; malaria_dl_local_project/db/init/027_model_governance_backfill_constraints.sql:822; malaria_dl_local_project/db/init/027_model_governance_backfill_constraints.sql:849; malaria_dl_local_project/db/init/027_model_governance_backfill_constraints.sql:854,Preservar linaje/FK; no inferir resultados por tabla vacía,"`artifacts`, `models`, `runs`",Medio: conservar contrato,Catálogo equivalente y prueba de contrato del consumidor; fixtures aisladas futuras; no ejecutadas
models,models,PROTECTED,ML / persistencia y consulta de ejecuciones,"Catálogo protegido de arquitecturas, tres modelos vigentes.",3 (captura E10.10.1; no conteo nuevo),PRIMARY KEY (id),,,models_pkey: CREATE UNIQUE INDEX models_pkey ON public.models USING btree (id),campaign_catalog_identity_guard: CREATE TRIGGER campaign_catalog_identity_guard BEFORE UPDATE ON models FOR EACH ROW EXECUTE FUNCTION campaign_catalog_identity_guard(),"campaign_attempt_guard(); campaign_model_matches(run_id uuid, member uuid)",malaria_dl_local_project/src/malaria_dl/persistence/run_repository.py:312; alembic/versions/20260911_02_campaign_integrity.py:285; malaria_dl_local_project/db/init/004_seed.sql:84,backend_api/app/security.py:27; backend_api/app/security.py:28; backend_api/app/security.py:29; backend_api/app/security.py:30; backend_api/app/repositories/cell_classification.py:219; backend_api/app/models/__init__.py:1; backend_api/app/routes/catalog.py:10; backend_api/app/routes/catalog.py:11; backend_api/app/routes/catalog.py:26; backend_api/app/routes/catalog.py:33; backend_api/app/routes/catalog.py:34; backend_api/app/routes/observability.py:25; backend_api/app/routes/observability.py:49; backend_api/app/routes/runs.py:537; backend_api/app/routes/runs.py:650; backend_api/app/routes/explainability.py:235; backend_api/app/routes/explainability.py:250; backend_api/app/routes/governance.py:293; backend_api/app/routes/governance.py:295; backend_api/app/routes/governance.py:406; backend_api/app/services/lineage_children.py:269; backend_api/app/services/lineage_children.py:270; backend_api/app/services/cell_analysis.py:14; backend_api/app/services/productive_model.py:318; backend_api/app/services/training_summaries.py:165; backend_api/app/services/case_gradcam.py:169; backend_api/app/services/run_lineage.py:390; backend_api/app/services/governed_datasets.py:121; backend_api/app/services/detectors/connected_components_v1.py:11; malaria_dl_local_project/src/models.py:4; malaria_dl_local_project/src/malaria_dl/local_execution/worker.py:18; malaria_dl_local_project/src/malaria_dl/training/cli.py:7; malaria_dl_local_project/src/malaria_dl/training/cli.py:9; malaria_dl_local_project/src/malaria_dl/training/cli.py:10; malaria_dl_local_project/src/malaria_dl/training/trainer.py:38; malaria_dl_local_project/src/malaria_dl/training/trainer.py:39; malaria_dl_local_project/src/malaria_dl/training/trainer.py:1424; malaria_dl_local_project/src/malaria_dl/science/protocol.py:154; malaria_dl_local_project/src/malaria_dl/science/cli.py:29; malaria_dl_local_project/src/malaria_dl/models/registry.py:92; malaria_dl_local_project/src/malaria_dl/models/registry.py:117; malaria_dl_local_project/src/malaria_dl/models/architectures.py:2; malaria_dl_local_project/src/malaria_dl/models/architectures.py:209; malaria_dl_local_project/src/malaria_dl/models/architectures.py:269; malaria_dl_local_project/src/malaria_dl/models/architectures.py:325; malaria_dl_local_project/src/malaria_dl/assessment/runtime.py:22; malaria_dl_local_project/src/malaria_dl/explainability/pipeline.py:905; malaria_dl_local_project/src/malaria_dl/explainability/pipeline.py:922; malaria_dl_local_project/src/malaria_dl/explainability/pipeline.py:930; malaria_dl_local_project/src/malaria_dl/results/service.py:10; malaria_dl_local_project/src/malaria_dl/results/__init__.py:2; malaria_dl_local_project/src/malaria_dl/results/repository.py:6; malaria_dl_local_project/src/malaria_dl/execution/worker.py:98; malaria_dl_local_project/src/malaria_dl/execution/campaign.py:50; malaria_dl_local_project/src/malaria_dl/execution/train.py:42; malaria_dl_local_project/src/malaria_dl/execution/train.py:252; malaria_dl_local_project/src/malaria_dl/execution/train.py:319; malaria_dl_local_project/src/malaria_dl/execution/artifacts.py:113; malaria_dl_local_project/src/malaria_dl/execution/repository.py:179; malaria_dl_local_project/src/malaria_dl/execution/repository.py:182; malaria_dl_local_project/src/malaria_dl/execution/repository.py:188; malaria_dl_local_project/src/malaria_dl/execution/repository.py:202; malaria_dl_local_project/src/malaria_dl/persistence/run_repository.py:304; malaria_dl_local_project/src/malaria_dl/persistence/run_repository.py:312; malaria_dl_local_project/src/malaria_dl/persistence/result_repository.py:15; malaria_dl_local_project/src/malaria_dl/persistence/lineage.py:159; malaria_dl_local_project/src/malaria_dl/persistence/lineage.py:244; malaria_dl_local_project/src/malaria_dl/persistence/lineage.py:310; malaria_dl_local_project/src/malaria_dl/persistence/lineage.py:328; malaria_dl_local_project/src/malaria_dl/persistence/tracking.py:434; malaria_dl_local_project/src/malaria_dl/persistence/tracking.py:457; malaria_dl_local_project/src/malaria_dl/governance/releases.py:49; malaria_dl_local_project/src/malaria_dl/inference/predictor.py:100; malaria_dl_local_project/src/malaria_dl/inference/predictor.py:1025; malaria_dl_local_project/src/malaria_dl/inference/predictor.py:1029; malaria_dl_local_project/src/malaria_dl/inference/predictor.py:1064; malaria_dl_local_project/src/malaria_dl/inference/predictor.py:1136; malaria_dl_local_project/src/malaria_dl/inference/predictor.py:1195; malaria_dl_local_project/src/malaria_dl/inference/predictor.py:1218; malaria_dl_local_project/src/malaria_dl/inference/predictor.py:1242; malaria_dl_local_project/src/malaria_dl/inference/predictor.py:1270; malaria_dl_local_project/src/malaria_dl/inference/predictor.py:1314; malaria_dl_local_project/src/malaria_dl/inference/predictor.py:1454; malaria_dl_local_project/src/malaria_dl/inference/tta.py:170; malaria_dl_local_project/src/malaria_dl/inference/traceable.py:35; malaria_dl_local_project/src/malaria_dl/inference/pipeline.py:175; malaria_dl_local_project/src/malaria_dl/inference/pipeline.py:184; malaria_dl_local_project/src/malaria_dl/inference/pipeline.py:187; malaria_dl_local_project/src/malaria_dl/inference/ensemble.py:28; malaria_dl_local_project/src/malaria_dl/evaluation/calibration_cli.py:454; malaria_dl_local_project/src/malaria_dl/feature_engineering/svm_features.py:146; malaria_dl_local_project/src/malaria_dl/campaigns/contracts.py:236; malaria_dl_local_project/src/malaria_dl/campaigns/contracts.py:237; malaria_dl_local_project/src/malaria_dl/campaigns/contracts.py:240; malaria_dl_local_project/src/malaria_dl/campaigns/contracts.py:252; malaria_dl_local_project/src/malaria_dl/campaigns/contracts.py:256; malaria_dl_local_project/src/malaria_dl/campaigns/contracts.py:270; malaria_dl_local_project/src/malaria_dl/campaigns/contracts.py:294; malaria_dl_local_project/src/malaria_dl/governance/services/prepare_release_service.py:99; malaria_dl_local_project/src/malaria_dl/governance/services/prepare_release_service.py:138; malaria_dl_local_project/src/malaria_dl/governance/services/deployment_service.py:37; malaria_dl_local_project/src/malaria_dl/governance/services/stage2_publication_service.py:211; malaria_dl_local_project/src/malaria_dl/governance/services/training_model_version_finalizer.py:93; malaria_dl_local_project/src/malaria_dl/governance/services/stage2_availability_service.py:60; malaria_dl_local_project/src/malaria_dl/governance/services/stage2_availability_service.py:444; malaria_dataset_split_project/src/malaria_split/persistence/models.py:4; frontend/src/utils/runDetail.ts:103; frontend/src/pages/DatasetsModels.tsx:16; frontend/src/pages/DatasetsModels.tsx:30; frontend/src/pages/DatasetsModels.tsx:60; frontend/src/pages/ModelComparison.tsx:21; frontend/src/pages/ModelComparison.tsx:37; frontend/src/pages/ModelComparison.tsx:100; frontend/src/pages/ModelVersions.tsx:50; frontend/src/pages/ModelVersions.tsx:52; frontend/src/pages/UploadedPredictions.tsx:82; frontend/src/services/api.ts:1178; frontend/src/services/api.ts:1244; frontend/src/services/api.ts:1288; frontend/src/services/api.ts:1340; frontend/src/components/navigation/navigationConfig.ts:41,backend_api/app/routes/catalog.py:10; backend_api/app/routes/catalog.py:11; backend_api/app/routes/catalog.py:26; backend_api/app/routes/catalog.py:33; backend_api/app/routes/catalog.py:34; backend_api/app/routes/observability.py:25; backend_api/app/routes/observability.py:49; backend_api/app/routes/runs.py:537; backend_api/app/routes/runs.py:650; backend_api/app/routes/explainability.py:235; backend_api/app/routes/explainability.py:250; backend_api/app/routes/governance.py:293; backend_api/app/routes/governance.py:295; backend_api/app/routes/governance.py:406,Indirecta por frontend/src/services/api.ts; ver matriz de dependencias por dominio,alembic/versions/20260911_02_campaign_integrity.py:255; alembic/versions/20260911_02_campaign_integrity.py:285; alembic/versions/20260911_02_campaign_integrity.py:314; alembic/versions/20260912_01_train_execution.py:95; alembic/versions/20260914_01_controlled_train.py:118; alembic/versions/20260914_02_global_execution.py:86; malaria_dl_local_project/db/init/009_uploaded_predictions_views.sql:82; malaria_dl_local_project/db/init/007_case_level_explainability_views.sql:141; malaria_dl_local_project/db/init/004_seed.sql:84; malaria_dl_local_project/db/init/004_seed.sql:182; malaria_dl_local_project/db/init/001_schema.sql:43; malaria_dl_local_project/db/init/001_schema.sql:62; malaria_dl_local_project/db/init/001_schema.sql:95; malaria_dl_local_project/db/init/017_clinical_run_tracking.sql:14; malaria_dl_local_project/db/init/017_clinical_run_tracking.sql:333; malaria_dl_local_project/db/init/022_run_lineage.sql:109; malaria_dl_local_project/db/init/003_views.sql:22; malaria_dl_local_project/db/init/003_views.sql:58; malaria_dl_local_project/db/init/018_visual_audit_views.sql:372; malaria_dl_local_project/db/init/012_dataset_split_image_tracking.sql:159; malaria_dl_local_project/db/init/012_dataset_split_image_tracking.sql:190; malaria_dl_local_project/db/init/027_model_governance_backfill_constraints.sql:30; malaria_dl_local_project/db/init/027_model_governance_backfill_constraints.sql:271,"Inmutable; preservar filas, rutas y hashes",Sin padres FK,Alto,Catálogo equivalente y prueba de contrato del consumidor; fixtures aisladas futuras; no ejecutadas
predictions,predictions,REFACTOR,ML / persistencia y consulta de ejecuciones,Predicción ML/evaluación/inferencia trazable; v2 agrega evaluación y fuente científica tipadas.,0 (captura E10.10.1; no conteo nuevo),PRIMARY KEY (id),"fk_predictions_analysis_job: FOREIGN KEY (image_analysis_job_id) REFERENCES image_analysis_jobs(id) ON DELETE RESTRICT; fk_predictions_classifier_model_version: FOREIGN KEY (classifier_model_version_id) REFERENCES model_versions(id) ON DELETE RESTRICT; fk_predictions_crop_artifact: FOREIGN KEY (crop_artifact_id) REFERENCES artifacts(id) ON DELETE RESTRICT; fk_predictions_deployed_model_version: FOREIGN KEY (deployed_model_version_id) REFERENCES deployed_model_versions(id) ON DELETE RESTRICT; fk_predictions_detector_model_version: FOREIGN KEY (detector_model_version_id) REFERENCES model_versions(id) ON DELETE RESTRICT; fk_predictions_explanation_artifact: FOREIGN KEY (explanation_artifact_id) REFERENCES artifacts(id) ON DELETE RESTRICT; fk_predictions_inference_run: FOREIGN KEY (inference_run_id) REFERENCES runs(id) ON DELETE RESTRICT; fk_predictions_job_provenance: FOREIGN KEY (image_analysis_job_id, inference_run_id, deployed_model_version_id, model_version_id) REFERENCES image_analysis_jobs(id, inference_run_id, deployed_model_version_id, model_version_id) ON DELETE RESTRICT; fk_predictions_model_version: FOREIGN KEY (model_version_id) REFERENCES model_versions(id) ON DELETE RESTRICT; fk_predictions_source_image: FOREIGN KEY (source_image_id) REFERENCES dataset_split_images(image_id) ON DELETE RESTRICT; predictions_dataset_id_fkey: FOREIGN KEY (dataset_id) REFERENCES datasets(id) ON DELETE SET NULL; predictions_run_id_fkey: FOREIGN KEY (run_id) REFERENCES runs(id) ON DELETE CASCADE","chk_predictions_bbox: CHECK ((bbox_x IS NULL OR bbox_x >= 0::numeric) AND (bbox_y IS NULL OR bbox_y >= 0::numeric) AND (bbox_width IS NULL OR bbox_width > 0::numeric) AND (bbox_height IS NULL OR bbox_height > 0::numeric)); chk_predictions_cell_requirements: CHECK (prediction_scope <> 'cell'::text OR image_analysis_job_id IS NOT NULL AND inference_run_id IS NOT NULL AND deployed_model_version_id IS NOT NULL AND model_version_id IS NOT NULL AND classifier_model_version_id IS NOT NULL AND model_version_id = classifier_model_version_id AND run_id IS NOT NULL AND run_id = inference_run_id AND cell_index IS NOT NULL AND cell_index >= 0 AND bbox_x IS NOT NULL AND bbox_y IS NOT NULL AND bbox_width IS NOT NULL AND bbox_height IS NOT NULL AND probability_parasitized IS NOT NULL AND probability_uninfected IS NOT NULL AND threshold_used IS NOT NULL AND predicted_class IS NOT NULL AND predicted_label IS NOT NULL); chk_predictions_class_label: CHECK (predicted_class IS NULL OR predicted_class = 0 AND predicted_label = 'uninfected'::text OR predicted_class = 1 AND predicted_label = 'parasitized'::text); chk_predictions_confidence_level: CHECK (confidence_level IS NULL OR (confidence_level = ANY (ARRAY['low'::text, 'medium'::text, 'high'::text, 'uncertain'::text, 'not_assessed'::text]))); chk_predictions_predicted_class: CHECK (predicted_class IS NULL OR (predicted_class = ANY (ARRAY[0, 1]))); chk_predictions_probability_parasitized: CHECK (probability_parasitized IS NULL OR probability_parasitized >= 0::numeric AND probability_parasitized <= 1::numeric); chk_predictions_probability_uninfected: CHECK (probability_uninfected IS NULL OR probability_uninfected >= 0::numeric AND probability_uninfected <= 1::numeric); chk_predictions_quality_status: CHECK (quality_status IS NULL OR (quality_status = ANY (ARRAY['not_assessed'::text, 'pending'::text, 'passed'::text, 'warning'::text, 'rejected'::text, 'failed'::text, 'skipped'::text]))); chk_predictions_review_status: CHECK (review_status = ANY (ARRAY['unreviewed'::text, 'pending'::text, 'confirmed'::text, 'corrected'::text, 'rejected'::text])); chk_predictions_reviewed_label: CHECK (reviewed_label IS NULL OR (reviewed_label = ANY (ARRAY['uninfected'::text, 'parasitized'::text]))); chk_predictions_scope: CHECK (prediction_scope = ANY (ARRAY['legacy_image'::text, 'image'::text, 'cell'::text])); chk_predictions_threshold_used: CHECK (threshold_used IS NULL OR threshold_used >= 0::numeric AND threshold_used <= 1::numeric)","idx_predictions_analysis_job: CREATE INDEX idx_predictions_analysis_job ON public.predictions USING btree (image_analysis_job_id); idx_predictions_case_type: CREATE INDEX idx_predictions_case_type ON public.predictions USING btree (case_type); idx_predictions_case_type_run: CREATE INDEX idx_predictions_case_type_run ON public.predictions USING btree (case_type, run_id); idx_predictions_classifier_model_version: CREATE INDEX idx_predictions_classifier_model_version ON public.predictions USING btree (classifier_model_version_id); idx_predictions_created_at: CREATE INDEX idx_predictions_created_at ON public.predictions USING btree (created_at); idx_predictions_deployed_model_version: CREATE INDEX idx_predictions_deployed_model_version ON public.predictions USING btree (deployed_model_version_id); idx_predictions_detector_model_version: CREATE INDEX idx_predictions_detector_model_version ON public.predictions USING btree (detector_model_version_id) WHERE (detector_model_version_id IS NOT NULL); idx_predictions_inference_run: CREATE INDEX idx_predictions_inference_run ON public.predictions USING btree (inference_run_id); idx_predictions_metadata_source: CREATE INDEX idx_predictions_metadata_source ON public.predictions USING btree (((metadata ->> 'source'::text))); idx_predictions_metadata_workflow: CREATE INDEX idx_predictions_metadata_workflow ON public.predictions USING btree (((metadata ->> 'workflow'::text))); idx_predictions_model_version: CREATE INDEX idx_predictions_model_version ON public.predictions USING btree (model_version_id); idx_predictions_predicted_label: CREATE INDEX idx_predictions_predicted_label ON public.predictions USING btree (predicted_label); idx_predictions_review_status: CREATE INDEX idx_predictions_review_status ON public.predictions USING btree (review_status, created_at DESC); idx_predictions_run_id: CREATE INDEX idx_predictions_run_id ON public.predictions USING btree (run_id); idx_predictions_true_pred: CREATE INDEX idx_predictions_true_pred ON public.predictions USING btree (true_label, predicted_label); predictions_pkey: CREATE UNIQUE INDEX predictions_pkey ON public.predictions USING btree (id); uq_predictions_job_cell_index: CREATE UNIQUE INDEX uq_predictions_job_cell_index ON public.predictions USING btree (image_analysis_job_id, cell_index) WHERE (prediction_scope = 'cell'::text)",,protect_cell_classification_run(); reject_cell_classification_row_mutation(); validate_cell_classification_insert_state(); validate_cell_classification_review(); validate_smear_analysis_summary(),malaria_dl_local_project/src/malaria_dl/persistence/run_repository.py:895; malaria_dl_local_project/src/malaria_dl/governance/repository.py:1170; malaria_dl_local_project/src/malaria_dl/inference/traceable.py:97,backend_api/app/security.py:32; backend_api/app/security.py:33; backend_api/app/main.py:8; backend_api/app/main.py:51; backend_api/app/routes/cell_classification.py:138; backend_api/app/routes/cell_classification.py:188; backend_api/app/routes/cell_classification.py:198; backend_api/app/routes/cell_classification.py:222; backend_api/app/routes/cell_classification.py:272; backend_api/app/routes/cell_classification.py:295; backend_api/app/routes/cell_classification.py:309; backend_api/app/routes/cell_classification.py:319; backend_api/app/routes/cell_classification.py:333; backend_api/app/routes/predictions.py:7; backend_api/app/routes/runs.py:766; backend_api/app/routes/runs.py:767; backend_api/app/routes/assessments.py:1; backend_api/app/routes/governance.py:468; backend_api/app/routes/governance.py:472; backend_api/app/services/cell_classification.py:393; backend_api/app/services/cell_classification.py:399; backend_api/app/services/cell_classification.py:402; backend_api/app/services/cell_classification.py:406; backend_api/app/services/cell_classification.py:447; backend_api/app/services/cell_classification.py:1753; backend_api/app/services/cell_classification.py:1758; backend_api/app/services/cell_classification.py:1970; backend_api/app/services/cell_classification.py:1981; backend_api/app/services/cell_classification.py:1986; backend_api/app/services/cell_classification.py:1988; backend_api/app/services/cell_classification.py:1990; backend_api/app/services/cell_classification.py:1993; backend_api/app/services/cell_classification.py:1995; backend_api/app/services/cell_classification.py:2002; backend_api/app/services/cell_classification.py:2037; backend_api/app/services/cell_classification.py:2226; backend_api/app/services/cell_classification.py:2236; malaria_dl_local_project/src/malaria_dl/science/protocol.py:209; malaria_dl_local_project/src/malaria_dl/science/ensemble_cli.py:21; malaria_dl_local_project/src/malaria_dl/science/ensemble_cli.py:32; malaria_dl_local_project/src/malaria_dl/science/comparison.py:458; malaria_dl_local_project/src/malaria_dl/science/ensemble.py:1; malaria_dl_local_project/src/malaria_dl/science/statistics.py:174; malaria_dl_local_project/src/malaria_dl/explainability/pipeline.py:306; malaria_dl_local_project/src/malaria_dl/explainability/pipeline.py:307; malaria_dl_local_project/src/malaria_dl/explainability/pipeline.py:311; malaria_dl_local_project/src/malaria_dl/explainability/pipeline.py:315; malaria_dl_local_project/src/malaria_dl/explainability/pipeline.py:316; malaria_dl_local_project/src/malaria_dl/explainability/pipeline.py:317; malaria_dl_local_project/src/malaria_dl/explainability/pipeline.py:319; malaria_dl_local_project/src/malaria_dl/explainability/pipeline.py:352; malaria_dl_local_project/src/malaria_dl/explainability/pipeline.py:354; malaria_dl_local_project/src/malaria_dl/explainability/pipeline.py:355; malaria_dl_local_project/src/malaria_dl/explainability/pipeline.py:357; malaria_dl_local_project/src/malaria_dl/explainability/pipeline.py:427; malaria_dl_local_project/src/malaria_dl/explainability/pipeline.py:435; malaria_dl_local_project/src/malaria_dl/execution/completion.py:213; malaria_dl_local_project/src/malaria_dl/execution/completion.py:214; malaria_dl_local_project/src/malaria_dl/execution/completion.py:215; malaria_dl_local_project/src/malaria_dl/execution/completion.py:219; malaria_dl_local_project/src/malaria_dl/execution/train.py:109; malaria_dl_local_project/src/malaria_dl/execution/train.py:116; malaria_dl_local_project/src/malaria_dl/execution/train.py:180; malaria_dl_local_project/src/malaria_dl/execution/artifacts.py:57; malaria_dl_local_project/src/malaria_dl/execution/artifacts.py:60; malaria_dl_local_project/src/malaria_dl/persistence/run_repository.py:895; malaria_dl_local_project/src/malaria_dl/persistence/run_repository.py:1414; malaria_dl_local_project/src/malaria_dl/persistence/run_repository.py:1418; malaria_dl_local_project/src/malaria_dl/persistence/run_repository.py:1444; malaria_dl_local_project/src/malaria_dl/persistence/run_repository.py:1480; malaria_dl_local_project/src/malaria_dl/persistence/run_repository.py:1483; malaria_dl_local_project/src/malaria_dl/persistence/run_repository.py:1584; malaria_dl_local_project/src/malaria_dl/persistence/tracking.py:1314; malaria_dl_local_project/src/malaria_dl/persistence/tracking.py:1315; malaria_dl_local_project/src/malaria_dl/persistence/tracking.py:1323; malaria_dl_local_project/src/malaria_dl/governance/entities.py:657; malaria_dl_local_project/src/malaria_dl/governance/repository.py:1110; malaria_dl_local_project/src/malaria_dl/governance/repository.py:1170; malaria_dl_local_project/src/malaria_dl/governance/repository.py:1312; malaria_dl_local_project/src/malaria_dl/inference/predictor.py:42; malaria_dl_local_project/src/malaria_dl/inference/predictor.py:158; malaria_dl_local_project/src/malaria_dl/inference/predictor.py:161; malaria_dl_local_project/src/malaria_dl/inference/tta.py:89; malaria_dl_local_project/src/malaria_dl/inference/tta.py:91; malaria_dl_local_project/src/malaria_dl/inference/traceable.py:97; malaria_dl_local_project/src/malaria_dl/inference/pipeline.py:42; malaria_dl_local_project/src/malaria_dl/inference/pipeline.py:43; malaria_dl_local_project/src/malaria_dl/inference/pipeline.py:44; malaria_dl_local_project/src/malaria_dl/inference/pipeline.py:51; malaria_dl_local_project/src/malaria_dl/inference/pipeline.py:60; malaria_dl_local_project/src/malaria_dl/inference/pipeline.py:123; malaria_dl_local_project/src/malaria_dl/inference/pipeline.py:124; malaria_dl_local_project/src/malaria_dl/inference/pipeline.py:126; malaria_dl_local_project/src/malaria_dl/evaluation/clinical_metrics.py:443; malaria_dl_local_project/src/malaria_dl/evaluation/clinical_metrics.py:444; malaria_dl_local_project/src/malaria_dl/evaluation/clinical_metrics.py:447; malaria_dl_local_project/src/malaria_dl/evaluation/calibration_cli.py:103; malaria_dl_local_project/src/malaria_dl/evaluation/calibration_cli.py:105; malaria_dl_local_project/src/malaria_dl/evaluation/validation.py:14; malaria_dataset_split_project/src/malaria_split/discovery/system_contract_auditor.py:10; frontend/src/App.tsx:99; frontend/src/App.tsx:148; frontend/src/router.ts:20; frontend/src/pages/UploadedPredictions.tsx:62; frontend/src/pages/UploadedPredictions.tsx:122; frontend/src/pages/UploadedPredictions.tsx:242; frontend/src/pages/UploadedPredictions.tsx:245; frontend/src/services/api.ts:820; frontend/src/services/api.ts:840; frontend/src/services/api.ts:845; frontend/src/services/api.ts:859; frontend/src/services/api.ts:886; frontend/src/services/api.ts:903; frontend/src/services/api.ts:908; frontend/src/services/api.ts:917; frontend/src/services/api.ts:930; frontend/src/services/api.ts:1228; frontend/src/services/api.ts:1424; frontend/src/components/cell-review/CellReviewWorkspace.tsx:331; frontend/src/components/cell-review/CellReviewWorkspace.tsx:614; frontend/src/components/cell-review/CellReviewWorkspace.tsx:615,backend_api/app/routes/cell_classification.py:138; backend_api/app/routes/cell_classification.py:188; backend_api/app/routes/cell_classification.py:198; backend_api/app/routes/cell_classification.py:222; backend_api/app/routes/cell_classification.py:272; backend_api/app/routes/cell_classification.py:295; backend_api/app/routes/cell_classification.py:309; backend_api/app/routes/cell_classification.py:319; backend_api/app/routes/cell_classification.py:333; backend_api/app/routes/predictions.py:7; backend_api/app/routes/runs.py:766; backend_api/app/routes/runs.py:767; backend_api/app/routes/assessments.py:1; backend_api/app/routes/governance.py:468; backend_api/app/routes/governance.py:472,Indirecta por frontend/src/services/api.ts; ver matriz de dependencias por dominio,alembic/versions/20260728_02_cell_classification_summary_integrity.py:1; alembic/versions/20260728_02_cell_classification_summary_integrity.py:178; alembic/versions/20260728_01_cell_classification_and_explainability.py:16; alembic/versions/20260728_01_cell_classification_and_explainability.py:752; alembic/versions/20260728_01_cell_classification_and_explainability.py:955; alembic/versions/20260728_01_cell_classification_and_explainability.py:990; alembic/versions/20260728_01_cell_classification_and_explainability.py:1202; alembic/versions/20260728_01_cell_classification_and_explainability.py:1312; alembic/versions/20260728_01_cell_classification_and_explainability.py:1577; alembic/versions/20260728_03_align_smear_summary_contract.py:178; malaria_dl_local_project/db/init/009_uploaded_predictions_views.sql:1; malaria_dl_local_project/db/init/009_uploaded_predictions_views.sql:2; malaria_dl_local_project/db/init/009_uploaded_predictions_views.sql:4; malaria_dl_local_project/db/init/009_uploaded_predictions_views.sql:80; malaria_dl_local_project/db/init/007_case_level_explainability_views.sql:139; malaria_dl_local_project/db/init/001_schema.sql:165; malaria_dl_local_project/db/init/001_schema.sql:198; malaria_dl_local_project/db/init/002_indexes.sql:10; malaria_dl_local_project/db/init/002_indexes.sql:11; malaria_dl_local_project/db/init/026_inference_jobs.sql:1; malaria_dl_local_project/db/init/026_inference_jobs.sql:165; malaria_dl_local_project/db/init/026_inference_jobs.sql:168; malaria_dl_local_project/db/init/026_inference_jobs.sql:171; malaria_dl_local_project/db/init/026_inference_jobs.sql:174; malaria_dl_local_project/db/init/026_inference_jobs.sql:177; malaria_dl_local_project/db/init/026_inference_jobs.sql:180; malaria_dl_local_project/db/init/026_inference_jobs.sql:183; malaria_dl_local_project/db/init/026_inference_jobs.sql:186; malaria_dl_local_project/db/init/026_inference_jobs.sql:189; malaria_dl_local_project/db/init/026_inference_jobs.sql:192; malaria_dl_local_project/db/init/026_inference_jobs.sql:195; malaria_dl_local_project/db/init/026_inference_jobs.sql:198; malaria_dl_local_project/db/init/026_inference_jobs.sql:201; malaria_dl_local_project/db/init/026_inference_jobs.sql:204; malaria_dl_local_project/db/init/026_inference_jobs.sql:207; malaria_dl_local_project/db/init/026_inference_jobs.sql:210; malaria_dl_local_project/db/init/026_inference_jobs.sql:213; malaria_dl_local_project/db/init/026_inference_jobs.sql:216; malaria_dl_local_project/db/init/026_inference_jobs.sql:219; malaria_dl_local_project/db/init/026_inference_jobs.sql:222; malaria_dl_local_project/db/init/026_inference_jobs.sql:225; malaria_dl_local_project/db/init/026_inference_jobs.sql:228; malaria_dl_local_project/db/init/026_inference_jobs.sql:231; malaria_dl_local_project/db/init/026_inference_jobs.sql:234; malaria_dl_local_project/db/init/026_inference_jobs.sql:237; malaria_dl_local_project/db/init/026_inference_jobs.sql:244; malaria_dl_local_project/db/init/026_inference_jobs.sql:247; malaria_dl_local_project/db/init/026_inference_jobs.sql:260; malaria_dl_local_project/db/init/026_inference_jobs.sql:263; malaria_dl_local_project/db/init/026_inference_jobs.sql:276; malaria_dl_local_project/db/init/026_inference_jobs.sql:279; malaria_dl_local_project/db/init/026_inference_jobs.sql:287; malaria_dl_local_project/db/init/026_inference_jobs.sql:290; malaria_dl_local_project/db/init/026_inference_jobs.sql:301; malaria_dl_local_project/db/init/026_inference_jobs.sql:304; malaria_dl_local_project/db/init/026_inference_jobs.sql:314; malaria_dl_local_project/db/init/026_inference_jobs.sql:317; malaria_dl_local_project/db/init/026_inference_jobs.sql:325; malaria_dl_local_project/db/init/026_inference_jobs.sql:328; malaria_dl_local_project/db/init/026_inference_jobs.sql:340; malaria_dl_local_project/db/init/026_inference_jobs.sql:343; malaria_dl_local_project/db/init/026_inference_jobs.sql:356; malaria_dl_local_project/db/init/026_inference_jobs.sql:359; malaria_dl_local_project/db/init/026_inference_jobs.sql:371; malaria_dl_local_project/db/init/026_inference_jobs.sql:374; malaria_dl_local_project/db/init/026_inference_jobs.sql:385; malaria_dl_local_project/db/init/026_inference_jobs.sql:388; malaria_dl_local_project/db/init/026_inference_jobs.sql:398; malaria_dl_local_project/db/init/026_inference_jobs.sql:401; malaria_dl_local_project/db/init/026_inference_jobs.sql:432; malaria_dl_local_project/db/init/026_inference_jobs.sql:436; malaria_dl_local_project/db/init/026_inference_jobs.sql:439; malaria_dl_local_project/db/init/026_inference_jobs.sql:442; malaria_dl_local_project/db/init/026_inference_jobs.sql:445; malaria_dl_local_project/db/init/026_inference_jobs.sql:448; malaria_dl_local_project/db/init/026_inference_jobs.sql:451; malaria_dl_local_project/db/init/026_inference_jobs.sql:455; malaria_dl_local_project/db/init/026_inference_jobs.sql:461; malaria_dl_local_project/db/init/026_inference_jobs.sql:464; malaria_dl_local_project/db/init/026_inference_jobs.sql:474; malaria_dl_local_project/db/init/026_inference_jobs.sql:477; malaria_dl_local_project/db/init/026_inference_jobs.sql:487; malaria_dl_local_project/db/init/026_inference_jobs.sql:490; malaria_dl_local_project/db/init/026_inference_jobs.sql:500; malaria_dl_local_project/db/init/026_inference_jobs.sql:503; malaria_dl_local_project/db/init/026_inference_jobs.sql:513; malaria_dl_local_project/db/init/026_inference_jobs.sql:516; malaria_dl_local_project/db/init/026_inference_jobs.sql:526; malaria_dl_local_project/db/init/026_inference_jobs.sql:529; malaria_dl_local_project/db/init/026_inference_jobs.sql:539; malaria_dl_local_project/db/init/026_inference_jobs.sql:542; malaria_dl_local_project/db/init/026_inference_jobs.sql:552; malaria_dl_local_project/db/init/026_inference_jobs.sql:555; malaria_dl_local_project/db/init/026_inference_jobs.sql:565; malaria_dl_local_project/db/init/026_inference_jobs.sql:568; malaria_dl_local_project/db/init/026_inference_jobs.sql:578; malaria_dl_local_project/db/init/026_inference_jobs.sql:581; malaria_dl_local_project/db/init/026_inference_jobs.sql:682; malaria_dl_local_project/db/init/026_inference_jobs.sql:692; malaria_dl_local_project/db/init/010_clinical_inference_tracking.sql:2; malaria_dl_local_project/db/init/018_visual_audit_views.sql:370; malaria_dl_local_project/db/init/008_case_level_explainability_indexes.sql:2; malaria_dl_local_project/db/init/008_case_level_explainability_indexes.sql:5; malaria_dl_local_project/db/init/027_model_governance_backfill_constraints.sql:384; malaria_dl_local_project/db/init/027_model_governance_backfill_constraints.sql:386; malaria_dl_local_project/db/init/027_model_governance_backfill_constraints.sql:388; malaria_dl_local_project/db/init/027_model_governance_backfill_constraints.sql:390; malaria_dl_local_project/db/init/027_model_governance_backfill_constraints.sql:392; malaria_dl_local_project/db/init/027_model_governance_backfill_constraints.sql:394; malaria_dl_local_project/db/init/027_model_governance_backfill_constraints.sql:396; malaria_dl_local_project/db/init/027_model_governance_backfill_constraints.sql:398; malaria_dl_local_project/db/init/027_model_governance_backfill_constraints.sql:400; malaria_dl_local_project/db/init/027_model_governance_backfill_constraints.sql:402; malaria_dl_local_project/db/init/027_model_governance_backfill_constraints.sql:404; malaria_dl_local_project/db/init/027_model_governance_backfill_constraints.sql:406; malaria_dl_local_project/db/init/027_model_governance_backfill_constraints.sql:408; malaria_dl_local_project/db/init/027_model_governance_backfill_constraints.sql:410; malaria_dl_local_project/db/init/027_model_governance_backfill_constraints.sql:412; malaria_dl_local_project/db/init/027_model_governance_backfill_constraints.sql:414; malaria_dl_local_project/db/init/027_model_governance_backfill_constraints.sql:416; malaria_dl_local_project/db/init/027_model_governance_backfill_constraints.sql:418; malaria_dl_local_project/db/init/027_model_governance_backfill_constraints.sql:420; malaria_dl_local_project/db/init/027_model_governance_backfill_constraints.sql:422; malaria_dl_local_project/db/init/027_model_governance_backfill_constraints.sql:424; malaria_dl_local_project/db/init/027_model_governance_backfill_constraints.sql:426,Preservar linaje/FK; no inferir resultados por tabla vacía,"`artifacts`, `dataset_split_images`, `datasets`, `deployed_model_versions`, `image_analysis_jobs`, `model_versions`, `runs`",Alto,Catálogo equivalente y prueba de contrato del consumidor; fixtures aisladas futuras; no ejecutadas
quality_assessment_queue_items,quality_assessment_queue_items,KEEP,Backend / microscopía científica,"Cola e identidad del trabajo QC, reintentos y estado técnico.",0 (captura E10.10.1; no conteo nuevo),PRIMARY KEY (id),quality_assessment_queue_items_analysis_run_id_fkey: FOREIGN KEY (analysis_run_id) REFERENCES microscopy_analysis_runs(id) ON DELETE RESTRICT; quality_assessment_queue_items_requested_by_fkey: FOREIGN KEY (requested_by) REFERENCES users(id) ON DELETE RESTRICT,"quality_assessment_queue_items_attempt_count_check: CHECK (attempt_count >= 0); quality_assessment_queue_items_priority_check: CHECK (priority = ANY (ARRAY[1, 50, 100])); quality_assessment_queue_items_status_check: CHECK (status::text = ANY (ARRAY['queued'::character varying::text, 'running'::character varying::text, 'completed'::character varying::text, 'failed'::character varying::text]))","ix_quality_queue_order: CREATE INDEX ix_quality_queue_order ON public.quality_assessment_queue_items USING btree (status, priority DESC, requested_at); ix_quality_queue_priority_requested: CREATE INDEX ix_quality_queue_priority_requested ON public.quality_assessment_queue_items USING btree (priority DESC, requested_at); quality_assessment_queue_items_pkey: CREATE UNIQUE INDEX quality_assessment_queue_items_pkey ON public.quality_assessment_queue_items USING btree (id); uq_quality_queue_active_run: CREATE UNIQUE INDEX uq_quality_queue_active_run ON public.quality_assessment_queue_items USING btree (analysis_run_id) WHERE ((status)::text = ANY (ARRAY[('queued'::character varying)::text, ('running'::character varying)::text]))",,,backend_api/app/services/quality_queue.py:43; backend_api/app/services/quality_queue.py:89; backend_api/app/services/quality_queue.py:98; backend_api/app/services/quality_queue.py:108; backend_api/app/services/quality_queue.py:138,backend_api/app/services/smear_workflow.py:419; backend_api/app/services/smear_workflow.py:618; backend_api/app/services/quality_queue.py:43; backend_api/app/services/quality_queue.py:66; backend_api/app/services/quality_queue.py:83; backend_api/app/services/quality_queue.py:89; backend_api/app/services/quality_queue.py:98; backend_api/app/services/quality_queue.py:108; backend_api/app/services/quality_queue.py:132; backend_api/app/services/quality_queue.py:138,Indirectos por servicio o CLI; ver responsabilidad,frontend/src/pages/SmearWorkflow.tsx; SmearAnalysisHistory.tsx; components/cell-review; services/api.ts; relación indirecta por servicios clínicos.,alembic/versions/20260727_04_quality_assessment_queue.py:13; alembic/versions/20260727_04_quality_assessment_queue.py:31; alembic/versions/20260727_04_quality_assessment_queue.py:34; alembic/versions/20260727_04_quality_assessment_queue.py:36; alembic/versions/20260727_04_quality_assessment_queue.py:41,Preservar linaje/FK; no inferir resultados por tabla vacía,"`microscopy_analysis_runs`, `users`",Medio: conservar contrato,Catálogo equivalente y prueba de contrato del consumidor; fixtures aisladas futuras; no ejecutadas
quality_gate_decisions,quality_gate_decisions,KEEP,Backend / microscopía científica,Decisión del gate QC y política aplicada para permitir etapas posteriores.,0 (captura E10.10.1; no conteo nuevo),PRIMARY KEY (id),quality_gate_decisions_actor_user_id_fkey: FOREIGN KEY (actor_user_id) REFERENCES users(id) ON DELETE RESTRICT; quality_gate_decisions_analysis_run_id_fkey: FOREIGN KEY (analysis_run_id) REFERENCES microscopy_analysis_runs(id) ON DELETE RESTRICT,"quality_gate_decisions_comment_check: CHECK (length(btrim(comment)) > 0); quality_gate_decisions_decision_check: CHECK (decision::text = ANY (ARRAY['approve_with_warnings'::character varying::text, 'reject'::character varying::text]))","ix_quality_gate_decisions_run: CREATE INDEX ix_quality_gate_decisions_run ON public.quality_gate_decisions USING btree (analysis_run_id, created_at, id); quality_gate_decisions_pkey: CREATE UNIQUE INDEX quality_gate_decisions_pkey ON public.quality_gate_decisions USING btree (id)",,,backend_api/app/services/microscopy_analysis.py:214,backend_api/app/repositories/cell_analysis.py:80; backend_api/app/repositories/cell_analysis.py:152; backend_api/app/services/microscopy_analysis.py:214; backend_api/app/services/microscopy_analysis.py:265,Indirectos por servicio o CLI; ver responsabilidad,frontend/src/pages/SmearWorkflow.tsx; SmearAnalysisHistory.tsx; components/cell-review; services/api.ts; relación indirecta por servicios clínicos.,alembic/versions/20260727_03_microscopy_quality_gate.py:89; alembic/versions/20260727_03_microscopy_quality_gate.py:96; alembic/versions/20260727_03_microscopy_quality_gate.py:102,Preservar linaje/FK; no inferir resultados por tabla vacía,"`microscopy_analysis_runs`, `users`",Medio: conservar contrato,Catálogo equivalente y prueba de contrato del consumidor; fixtures aisladas futuras; no ejecutadas
research_subjects,research_subjects,KEEP,Backend / microscopía científica,Sujeto del dominio clínico/investigación; no recrear identidades científicas del split.,0 (captura E10.10.1; no conteo nuevo),PRIMARY KEY (id),research_subjects_archived_by_fkey: FOREIGN KEY (archived_by) REFERENCES users(id) ON DELETE RESTRICT; research_subjects_created_by_fkey: FOREIGN KEY (created_by) REFERENCES users(id) ON DELETE RESTRICT; research_subjects_updated_by_fkey: FOREIGN KEY (updated_by) REFERENCES users(id) ON DELETE RESTRICT,"ck_research_subject_archive_state: CHECK (status::text = 'active'::text AND archived_at IS NULL AND archived_by IS NULL OR status::text = 'archived'::text AND archived_at IS NOT NULL); research_subjects_metadata_json_check: CHECK (jsonb_typeof(metadata_json) = 'object'::text); research_subjects_status_check: CHECK (status::text = ANY (ARRAY['active'::character varying::text, 'archived'::character varying::text])); research_subjects_subject_code_check: CHECK (btrim(subject_code::text) <> ''::text); research_subjects_subject_code_key: UNIQUE (subject_code)","ix_research_subjects_status_created: CREATE INDEX ix_research_subjects_status_created ON public.research_subjects USING btree (status, created_at DESC); research_subjects_pkey: CREATE UNIQUE INDEX research_subjects_pkey ON public.research_subjects USING btree (id); research_subjects_subject_code_key: CREATE UNIQUE INDEX research_subjects_subject_code_key ON public.research_subjects USING btree (subject_code); uq_research_subjects_external_identity: CREATE UNIQUE INDEX uq_research_subjects_external_identity ON public.research_subjects USING btree (source_system, external_patient_id) WHERE (external_patient_id IS NOT NULL)",,,backend_api/app/services/image_ingestion.py:165,backend_api/app/repositories/cell_classification.py:267; backend_api/app/repositories/cell_analysis.py:17; backend_api/app/repositories/cell_analysis.py:116; backend_api/app/repositories/cell_analysis.py:157; backend_api/app/repositories/scientific.py:11; backend_api/app/repositories/scientific.py:155; backend_api/app/services/smear_workflow.py:412; backend_api/app/services/smear_workflow.py:550; backend_api/app/services/smear_workflow.py:621; backend_api/app/services/image_ingestion.py:56; backend_api/app/services/image_ingestion.py:116; backend_api/app/services/image_ingestion.py:127; backend_api/app/services/image_ingestion.py:153; backend_api/app/services/image_ingestion.py:165; backend_api/app/services/image_ingestion.py:288; backend_api/app/services/image_ingestion.py:298; backend_api/app/services/quality_queue.py:68; backend_api/app/services/microscopy_analysis.py:76; backend_api/app/services/microscopy_analysis.py:90; backend_api/app/services/microscopy_analysis.py:237; backend_api/app/services/microscopy_analysis.py:252,Indirectos por servicio o CLI; ver responsabilidad,frontend/src/pages/SmearWorkflow.tsx; SmearAnalysisHistory.tsx; components/cell-review; services/api.ts; relación indirecta por servicios clínicos.,alembic/versions/20260727_01_scientific_data_model.py:14; alembic/versions/20260727_01_scientific_data_model.py:35; alembic/versions/20260727_01_scientific_data_model.py:40; alembic/versions/20260727_01_scientific_data_model.py:173; alembic/versions/20260727_02_secure_image_ingestion.py:14; alembic/versions/20260727_02_secure_image_ingestion.py:18; alembic/versions/20260727_02_secure_image_ingestion.py:43; alembic/versions/20260727_02_secure_image_ingestion.py:111; alembic/versions/20260727_03_microscopy_quality_gate.py:15,Preservar linaje/FK; no inferir resultados por tabla vacía,`users`,Medio: conservar contrato,Catálogo equivalente y prueba de contrato del consumidor; fixtures aisladas futuras; no ejecutadas
roles,roles,PROTECTED,Backend / seguridad y auditoría,"Roles de autenticación protegidos, no modificar por añadir XAI.",5 (captura E10.10.1; no conteo nuevo),PRIMARY KEY (id),,roles_name_key: UNIQUE (name),roles_name_key: CREATE UNIQUE INDEX roles_name_key ON public.roles USING btree (name); roles_pkey: CREATE UNIQUE INDEX roles_pkey ON public.roles USING btree (id),,campaign_contract_valid(v jsonb); campaign_guard(),alembic/versions/20260726_01_auth_rbac.py:29,backend_api/app/security.py:133; backend_api/app/security.py:148; backend_api/app/security.py:152; backend_api/app/security.py:173; backend_api/app/security.py:181; backend_api/app/security.py:182; backend_api/app/security.py:183; backend_api/app/routes/auth.py:26; backend_api/app/routes/auth.py:28; backend_api/app/routes/auth.py:39; backend_api/app/routes/auth.py:42; backend_api/app/routes/auth.py:49; malaria_dl_local_project/src/malaria_dl/science/protocol.py:177; malaria_dl_local_project/src/malaria_dl/campaigns/contracts.py:75; malaria_dl_local_project/src/malaria_dl/campaigns/contracts.py:92; malaria_dl_local_project/src/malaria_dl/campaigns/contracts.py:93; malaria_dl_local_project/src/malaria_dl/campaigns/contracts.py:100; malaria_dl_local_project/src/malaria_dl/campaigns/contracts.py:138; frontend/src/auth.tsx:12; frontend/src/services/api.ts:598,backend_api/app/routes/auth.py:26; backend_api/app/routes/auth.py:28; backend_api/app/routes/auth.py:39; backend_api/app/routes/auth.py:42; backend_api/app/routes/auth.py:49,Indirecta por frontend/src/services/api.ts; ver matriz de dependencias por dominio,alembic/versions/20260911_01_experimental_campaigns.py:135; alembic/versions/20260911_01_experimental_campaigns.py:137; alembic/versions/20260911_02_campaign_integrity.py:122; alembic/versions/20260911_02_campaign_integrity.py:125; alembic/versions/20260726_01_auth_rbac.py:20; alembic/versions/20260726_01_auth_rbac.py:26; alembic/versions/20260726_01_auth_rbac.py:29; alembic/versions/20260726_01_auth_rbac.py:36,"Inmutable; preservar filas, rutas y hashes",Sin padres FK,Alto,Catálogo equivalente y prueba de contrato del consumidor; fixtures aisladas futuras; no ejecutadas
run_checkpoint_policy,run_checkpoint_policy,KEEP,ML / persistencia y consulta de ejecuciones,"Selección de checkpoint, monitor/criterios/warnings y binding a versión/artefacto.",0 (captura E10.10.1; no conteo nuevo),PRIMARY KEY (run_checkpoint_policy_id),"fk_run_checkpoint_policy_artifact_owner: FOREIGN KEY (checkpoint_artifact_id, run_id) REFERENCES artifacts(id, run_id) ON DELETE RESTRICT; fk_run_checkpoint_policy_model_version_owner: FOREIGN KEY (model_version_id, run_id) REFERENCES model_versions(id, training_run_id) ON DELETE RESTRICT; fk_run_checkpoint_policy_version_artifact: FOREIGN KEY (model_version_id, checkpoint_artifact_id) REFERENCES model_versions(id, checkpoint_artifact_id) ON DELETE RESTRICT; run_checkpoint_policy_run_id_fkey: FOREIGN KEY (run_id) REFERENCES runs(id) ON DELETE CASCADE",,idx_run_checkpoint_policy_artifact: CREATE INDEX idx_run_checkpoint_policy_artifact ON public.run_checkpoint_policy USING btree (checkpoint_artifact_id); idx_run_checkpoint_policy_model_version: CREATE INDEX idx_run_checkpoint_policy_model_version ON public.run_checkpoint_policy USING btree (model_version_id); idx_run_checkpoint_policy_run_id: CREATE INDEX idx_run_checkpoint_policy_run_id ON public.run_checkpoint_policy USING btree (run_id); run_checkpoint_policy_pkey: CREATE UNIQUE INDEX run_checkpoint_policy_pkey ON public.run_checkpoint_policy USING btree (run_checkpoint_policy_id),,,malaria_dl_local_project/src/malaria_dl/persistence/run_repository.py:1233; malaria_dl_local_project/src/malaria_dl/governance/services/training_model_version_finalizer.py:236,malaria_dl_local_project/src/malaria_dl/persistence/run_repository.py:1233; malaria_dl_local_project/src/malaria_dl/governance/services/prepare_release_service.py:182; malaria_dl_local_project/src/malaria_dl/governance/services/training_model_version_finalizer.py:236,Indirectos por servicio o CLI; ver responsabilidad,frontend/src/pages/Runs.tsx; RunDetail.tsx; ModelComparison.tsx; components/reports; services/api.ts.,malaria_dl_local_project/db/init/024_model_version_artifact_governance.sql:79; malaria_dl_local_project/db/init/024_model_version_artifact_governance.sql:82; malaria_dl_local_project/db/init/024_model_version_artifact_governance.sql:348; malaria_dl_local_project/db/init/024_model_version_artifact_governance.sql:351; malaria_dl_local_project/db/init/024_model_version_artifact_governance.sql:417; malaria_dl_local_project/db/init/024_model_version_artifact_governance.sql:420; malaria_dl_local_project/db/init/024_model_version_artifact_governance.sql:430; malaria_dl_local_project/db/init/024_model_version_artifact_governance.sql:433; malaria_dl_local_project/db/init/024_model_version_artifact_governance.sql:443; malaria_dl_local_project/db/init/024_model_version_artifact_governance.sql:446; malaria_dl_local_project/db/init/017_clinical_run_tracking.sql:45; malaria_dl_local_project/db/init/017_clinical_run_tracking.sql:171; malaria_dl_local_project/db/init/017_clinical_run_tracking.sql:207; malaria_dl_local_project/db/init/017_clinical_run_tracking.sql:287; malaria_dl_local_project/db/init/027_model_governance_backfill_constraints.sql:363; malaria_dl_local_project/db/init/027_model_governance_backfill_constraints.sql:365; malaria_dl_local_project/db/init/027_model_governance_backfill_constraints.sql:367,Preservar linaje/FK; no inferir resultados por tabla vacía,"`artifacts`, `model_versions`, `runs`",Medio: conservar contrato,Catálogo equivalente y prueba de contrato del consumidor; fixtures aisladas futuras; no ejecutadas
run_clinical_metrics,run_clinical_metrics,REFACTOR,ML / persistencia y consulta de ejecuciones,"Única medición binaria por evaluación: conteos, tasas, AUC, aliases controlados y razones NULL.",0 (captura E10.10.1; no conteo nuevo),PRIMARY KEY (run_clinical_metric_id),run_clinical_metrics_model_id_fkey: FOREIGN KEY (model_id) REFERENCES models(id) ON DELETE SET NULL; run_clinical_metrics_run_id_fkey: FOREIGN KEY (run_id) REFERENCES runs(id) ON DELETE CASCADE,"chk_run_clinical_metrics_split: CHECK (split_name = ANY (ARRAY['train'::text, 'val'::text, 'validation'::text, 'test'::text, 'external'::text]))",idx_run_clinical_metrics_model_name: CREATE INDEX idx_run_clinical_metrics_model_name ON public.run_clinical_metrics USING btree (model_name); idx_run_clinical_metrics_run_id: CREATE INDEX idx_run_clinical_metrics_run_id ON public.run_clinical_metrics USING btree (run_id); idx_run_clinical_metrics_split_name: CREATE INDEX idx_run_clinical_metrics_split_name ON public.run_clinical_metrics USING btree (split_name); run_clinical_metrics_pkey: CREATE UNIQUE INDEX run_clinical_metrics_pkey ON public.run_clinical_metrics USING btree (run_clinical_metric_id),,,malaria_dl_local_project/src/malaria_dl/persistence/run_repository.py:1153,backend_api/app/routes/runs.py:345; backend_api/app/routes/runs.py:563; backend_api/app/routes/runs.py:698; backend_api/app/routes/governance.py:351; backend_api/app/services/lineage_children.py:132; backend_api/app/services/training_summaries.py:168; backend_api/app/services/training_summaries.py:196; backend_api/app/services/run_lineage.py:86; backend_api/app/services/run_lineage.py:244; malaria_dl_local_project/src/malaria_dl/persistence/run_repository.py:1153; malaria_dl_local_project/src/malaria_dl/governance/services/prepare_release_service.py:295; malaria_dataset_split_project/src/malaria_split/discovery/system_contract_auditor.py:11,backend_api/app/routes/runs.py:345; backend_api/app/routes/runs.py:563; backend_api/app/routes/runs.py:698; backend_api/app/routes/governance.py:351,frontend/src/pages/Runs.tsx; RunDetail.tsx; ModelComparison.tsx; components/reports; services/api.ts.,malaria_dl_local_project/db/init/017_clinical_run_tracking.sql:11; malaria_dl_local_project/db/init/017_clinical_run_tracking.sql:164; malaria_dl_local_project/db/init/017_clinical_run_tracking.sql:166; malaria_dl_local_project/db/init/017_clinical_run_tracking.sql:168; malaria_dl_local_project/db/init/017_clinical_run_tracking.sql:280; malaria_dl_local_project/db/init/022_run_lineage.sql:169,Preservar linaje/FK; no inferir resultados por tabla vacía; A-01 aprobada: external complementario con evaluación y procedencia explícitas; no selección/calibración ni agregado TEST,"`models`, `runs`",Alto,Catálogo equivalente y prueba de contrato del consumidor; fixtures aisladas futuras; no ejecutadas; prueba estática external separado de train/val/test y de external_validation
run_dataset_images,run_dataset_images,KEEP,ML / persistencia y consulta de ejecuciones,Uso efectivo de imagen física por run y contexto TRAIN/val/evaluate/inference.,0 (captura E10.10.1; no conteo nuevo),PRIMARY KEY (run_dataset_image_id),run_dataset_images_image_id_fkey: FOREIGN KEY (image_id) REFERENCES dataset_split_images(image_id) ON DELETE CASCADE; run_dataset_images_run_id_fkey: FOREIGN KEY (run_id) REFERENCES runs(id) ON DELETE CASCADE,"chk_run_dataset_images_class_index: CHECK (class_index = ANY (ARRAY[0, 1])); chk_run_dataset_images_class_name: CHECK (class_name = ANY (ARRAY['uninfected'::text, 'parasitized'::text])); chk_run_dataset_images_split: CHECK (split_name = ANY (ARRAY['train'::text, 'val'::text, 'validation'::text, 'test'::text])); chk_run_dataset_images_usage_context: CHECK (usage_context = ANY (ARRAY['train'::text, 'validation'::text, 'evaluation'::text, 'explainability'::text, 'tta'::text, 'ensemble'::text, 'svm_features'::text, 'inference'::text])); uq_run_dataset_images_usage: UNIQUE (run_id, image_id, usage_context)","idx_run_dataset_images_image_id: CREATE INDEX idx_run_dataset_images_image_id ON public.run_dataset_images USING btree (image_id); idx_run_dataset_images_run_id: CREATE INDEX idx_run_dataset_images_run_id ON public.run_dataset_images USING btree (run_id); idx_run_dataset_images_split: CREATE INDEX idx_run_dataset_images_split ON public.run_dataset_images USING btree (split_name); idx_run_dataset_images_usage_context: CREATE INDEX idx_run_dataset_images_usage_context ON public.run_dataset_images USING btree (usage_context); run_dataset_images_pkey: CREATE UNIQUE INDEX run_dataset_images_pkey ON public.run_dataset_images USING btree (run_dataset_image_id); uq_run_dataset_images_usage: CREATE UNIQUE INDEX uq_run_dataset_images_usage ON public.run_dataset_images USING btree (run_id, image_id, usage_context)",,,malaria_dl_local_project/src/malaria_dl/persistence/run_repository.py:1495,malaria_dl_local_project/src/malaria_dl/persistence/run_repository.py:1495; malaria_dl_local_project/src/malaria_dl/persistence/run_repository.py:1518; malaria_dataset_split_project/src/malaria_split/discovery/system_contract_auditor.py:9,Indirectos por servicio o CLI; ver responsabilidad,frontend/src/pages/Runs.tsx; RunDetail.tsx; ModelComparison.tsx; components/reports; services/api.ts.,malaria_dl_local_project/db/init/018_visual_audit_views.sql:386; malaria_dl_local_project/db/init/018_visual_audit_views.sql:429; malaria_dl_local_project/db/init/012_dataset_split_image_tracking.sql:32; malaria_dl_local_project/db/init/012_dataset_split_image_tracking.sql:99; malaria_dl_local_project/db/init/012_dataset_split_image_tracking.sql:101; malaria_dl_local_project/db/init/012_dataset_split_image_tracking.sql:103; malaria_dl_local_project/db/init/012_dataset_split_image_tracking.sql:105; malaria_dl_local_project/db/init/012_dataset_split_image_tracking.sql:157,Preservar linaje/FK; no inferir resultados por tabla vacía,"`dataset_split_images`, `runs`",Medio: conservar contrato,Catálogo equivalente y prueba de contrato del consumidor; fixtures aisladas futuras; no ejecutadas
run_image_predictions,run_image_predictions,KEEP,ML / persistencia y consulta de ejecuciones,Trazabilidad de imagen/predicción específica del contrato clínico de tracking histórico.,0 (captura E10.10.1; no conteo nuevo),PRIMARY KEY (run_image_prediction_id),run_image_predictions_image_id_fkey: FOREIGN KEY (image_id) REFERENCES dataset_split_images(image_id) ON DELETE SET NULL; run_image_predictions_run_id_fkey: FOREIGN KEY (run_id) REFERENCES runs(id) ON DELETE CASCADE,"chk_run_image_predictions_case_type: CHECK (case_type IS NULL OR (case_type = ANY (ARRAY['true_positive'::text, 'true_negative'::text, 'false_positive'::text, 'false_negative'::text, 'low_confidence'::text, 'unknown'::text]))); chk_run_image_predictions_split: CHECK (split_name IS NULL OR (split_name = ANY (ARRAY['train'::text, 'val'::text, 'validation'::text, 'test'::text, 'external'::text]))); chk_run_image_predictions_usage_context: CHECK (usage_context IS NULL OR (usage_context = ANY (ARRAY['train'::text, 'validation'::text, 'evaluation'::text, 'explainability'::text, 'tta'::text, 'ensemble'::text, 'svm_features'::text, 'inference'::text])))",idx_run_image_predictions_case_type: CREATE INDEX idx_run_image_predictions_case_type ON public.run_image_predictions USING btree (case_type); idx_run_image_predictions_run_id: CREATE INDEX idx_run_image_predictions_run_id ON public.run_image_predictions USING btree (run_id); idx_run_image_predictions_split: CREATE INDEX idx_run_image_predictions_split ON public.run_image_predictions USING btree (split_name); run_image_predictions_pkey: CREATE UNIQUE INDEX run_image_predictions_pkey ON public.run_image_predictions USING btree (run_image_prediction_id),,,malaria_dl_local_project/src/malaria_dl/persistence/run_repository.py:1423,backend_api/app/routes/runs.py:612; backend_api/app/routes/runs.py:800; backend_api/app/routes/runs.py:809; malaria_dl_local_project/src/malaria_dl/persistence/run_repository.py:1423,backend_api/app/routes/runs.py:612; backend_api/app/routes/runs.py:800; backend_api/app/routes/runs.py:809,frontend/src/pages/Runs.tsx; RunDetail.tsx; ModelComparison.tsx; components/reports; services/api.ts.,malaria_dl_local_project/db/init/017_clinical_run_tracking.sql:104; malaria_dl_local_project/db/init/017_clinical_run_tracking.sql:176; malaria_dl_local_project/db/init/017_clinical_run_tracking.sql:178; malaria_dl_local_project/db/init/017_clinical_run_tracking.sql:180; malaria_dl_local_project/db/init/017_clinical_run_tracking.sql:265,Preservar linaje/FK; no inferir resultados por tabla vacía,"`dataset_split_images`, `runs`",Medio: conservar contrato,Catálogo equivalente y prueba de contrato del consumidor; fixtures aisladas futuras; no ejecutadas
run_io_records,run_io_records,KEEP,ML / persistencia y consulta de ejecuciones,Manifiestos de entradas/salidas de run y evidencia de dataset/modelo/preprocessing.,0 (captura E10.10.1; no conteo nuevo),PRIMARY KEY (run_io_id),run_io_records_dataset_materialization_id_fkey: FOREIGN KEY (dataset_materialization_id) REFERENCES dataset_materializations(id) ON DELETE RESTRICT; run_io_records_dataset_version_id_fkey: FOREIGN KEY (dataset_version_id) REFERENCES dataset_versions(id) ON DELETE RESTRICT; run_io_records_run_id_fkey: FOREIGN KEY (run_id) REFERENCES runs(id) ON DELETE CASCADE,,idx_run_io_records_clinical_metadata_gin: CREATE INDEX idx_run_io_records_clinical_metadata_gin ON public.run_io_records USING gin (clinical_metadata); idx_run_io_records_created_at: CREATE INDEX idx_run_io_records_created_at ON public.run_io_records USING btree (created_at); idx_run_io_records_model_metadata_gin: CREATE INDEX idx_run_io_records_model_metadata_gin ON public.run_io_records USING gin (model_metadata); idx_run_io_records_model_name: CREATE INDEX idx_run_io_records_model_name ON public.run_io_records USING btree (model_name); idx_run_io_records_run_id: CREATE INDEX idx_run_io_records_run_id ON public.run_io_records USING btree (run_id); idx_run_io_records_run_type: CREATE INDEX idx_run_io_records_run_type ON public.run_io_records USING btree (run_type); idx_run_io_records_script_name: CREATE INDEX idx_run_io_records_script_name ON public.run_io_records USING btree (script_name); ix_run_io_records_dataset_materialization_id: CREATE INDEX ix_run_io_records_dataset_materialization_id ON public.run_io_records USING btree (dataset_materialization_id); ix_run_io_records_dataset_version_id: CREATE INDEX ix_run_io_records_dataset_version_id ON public.run_io_records USING btree (dataset_version_id); run_io_records_pkey: CREATE UNIQUE INDEX run_io_records_pkey ON public.run_io_records USING btree (run_io_id),,,malaria_dl_local_project/src/malaria_dl/persistence/run_repository.py:1081,backend_api/app/routes/runs.py:830; malaria_dl_local_project/src/malaria_dl/persistence/run_repository.py:1081; malaria_dataset_split_project/src/malaria_split/discovery/system_contract_auditor.py:10,backend_api/app/routes/runs.py:830,frontend/src/pages/Runs.tsx; RunDetail.tsx; ModelComparison.tsx; components/reports; services/api.ts.,alembic/versions/20260811_01_scientific_dataset_versioning_foundation.py:317; alembic/versions/20260811_01_scientific_dataset_versioning_foundation.py:321; alembic/versions/20260811_01_scientific_dataset_versioning_foundation.py:323; malaria_dl_local_project/db/init/017_clinical_run_tracking.sql:1; malaria_dl_local_project/db/init/017_clinical_run_tracking.sql:7; malaria_dl_local_project/db/init/017_clinical_run_tracking.sql:155; malaria_dl_local_project/db/init/017_clinical_run_tracking.sql:157; malaria_dl_local_project/db/init/017_clinical_run_tracking.sql:159; malaria_dl_local_project/db/init/017_clinical_run_tracking.sql:161; malaria_dl_local_project/db/init/017_clinical_run_tracking.sql:274; malaria_dl_local_project/db/init/012_dataset_split_image_tracking.sql:72; malaria_dl_local_project/db/init/012_dataset_split_image_tracking.sql:108; malaria_dl_local_project/db/init/012_dataset_split_image_tracking.sql:110; malaria_dl_local_project/db/init/012_dataset_split_image_tracking.sql:112; malaria_dl_local_project/db/init/012_dataset_split_image_tracking.sql:188,Preservar linaje/FK; no inferir resultados por tabla vacía,"`dataset_materializations`, `dataset_versions`, `runs`",Medio: conservar contrato,Catálogo equivalente y prueba de contrato del consumidor; fixtures aisladas futuras; no ejecutadas
run_lineage,run_lineage,KEEP,ML / persistencia y consulta de ejecuciones,"Linaje TRAIN/EVALUATE/EXPLAIN con checkpoint/versión, claves compuestas.",0 (captura E10.10.1; no conteo nuevo),PRIMARY KEY (id),"fk_run_lineage_checkpoint_artifact_owner: FOREIGN KEY (checkpoint_artifact_id, parent_run_id) REFERENCES artifacts(id, run_id) ON DELETE RESTRICT; fk_run_lineage_model_version_owner: FOREIGN KEY (model_version_id, parent_run_id) REFERENCES model_versions(id, training_run_id) ON DELETE RESTRICT; fk_run_lineage_version_artifact: FOREIGN KEY (model_version_id, checkpoint_artifact_id) REFERENCES model_versions(id, checkpoint_artifact_id) ON DELETE RESTRICT; run_lineage_child_run_id_fkey: FOREIGN KEY (child_run_id) REFERENCES runs(id) ON DELETE RESTRICT; run_lineage_parent_run_id_fkey: FOREIGN KEY (parent_run_id) REFERENCES runs(id) ON DELETE RESTRICT","chk_run_lineage_confidence: CHECK (confidence = ANY (ARRAY['explicit'::text, 'inferred_exact_checkpoint'::text, 'inferred_model_version'::text, 'inferred_heuristic'::text, 'unknown'::text])); chk_run_lineage_distinct_runs: CHECK (parent_run_id <> child_run_id); chk_run_lineage_relationship_type: CHECK (relationship_type = ANY (ARRAY['evaluates_checkpoint_from'::text, 'explains_checkpoint_from'::text, 'derived_from'::text])); uq_run_lineage_parent_child_type: UNIQUE (parent_run_id, child_run_id, relationship_type)","idx_run_lineage_checkpoint_artifact: CREATE INDEX idx_run_lineage_checkpoint_artifact ON public.run_lineage USING btree (checkpoint_artifact_id); idx_run_lineage_checkpoint_path: CREATE INDEX idx_run_lineage_checkpoint_path ON public.run_lineage USING btree (checkpoint_path); idx_run_lineage_child_run_id: CREATE INDEX idx_run_lineage_child_run_id ON public.run_lineage USING btree (child_run_id); idx_run_lineage_model_version: CREATE INDEX idx_run_lineage_model_version ON public.run_lineage USING btree (model_version_id); idx_run_lineage_parent_run_id: CREATE INDEX idx_run_lineage_parent_run_id ON public.run_lineage USING btree (parent_run_id); idx_run_lineage_relationship_type: CREATE INDEX idx_run_lineage_relationship_type ON public.run_lineage USING btree (relationship_type); run_lineage_pkey: CREATE UNIQUE INDEX run_lineage_pkey ON public.run_lineage USING btree (id); uq_run_lineage_parent_child_type: CREATE UNIQUE INDEX uq_run_lineage_parent_child_type ON public.run_lineage USING btree (parent_run_id, child_run_id, relationship_type); uq_run_lineage_single_evaluation_training_parent: CREATE UNIQUE INDEX uq_run_lineage_single_evaluation_training_parent ON public.run_lineage USING btree (child_run_id) WHERE (relationship_type = 'evaluates_checkpoint_from'::text)",trg_run_lineage_governance: CREATE TRIGGER trg_run_lineage_governance BEFORE INSERT OR UPDATE ON run_lineage FOR EACH ROW EXECUTE FUNCTION enforce_run_lineage_governance(),,malaria_dl_local_project/src/malaria_dl/persistence/lineage.py:551; malaria_dl_local_project/src/malaria_dl/evaluation/evaluation_training_lineage_service.py:164; malaria_dl_local_project/db/init/027_model_governance_backfill_constraints.sql:177; malaria_dl_local_project/db/init/027_model_governance_backfill_constraints.sql:866,backend_api/app/routes/runs.py:14; backend_api/app/routes/runs.py:46; backend_api/app/routes/runs.py:57; backend_api/app/routes/runs.py:70; backend_api/app/routes/runs.py:83; backend_api/app/routes/governance.py:351; backend_api/app/routes/governance.py:355; backend_api/app/routes/governance.py:369; backend_api/app/services/lineage_children.py:51; backend_api/app/services/productive_model.py:371; backend_api/app/services/productive_model.py:1074; backend_api/app/services/training_summaries.py:71; malaria_dl_local_project/src/malaria_dl/explainability/pipeline.py:188; malaria_dl_local_project/src/malaria_dl/persistence/lineage.py:551; malaria_dl_local_project/src/malaria_dl/persistence/lineage.py:567; malaria_dl_local_project/src/malaria_dl/persistence/lineage.py:571; malaria_dl_local_project/src/malaria_dl/persistence/lineage.py:575; malaria_dl_local_project/src/malaria_dl/persistence/lineage.py:578; malaria_dl_local_project/src/malaria_dl/governance/repository.py:1318; malaria_dl_local_project/src/malaria_dl/evaluation/evaluation_training_lineage_service.py:155; malaria_dl_local_project/src/malaria_dl/evaluation/evaluation_training_lineage_service.py:164; malaria_dl_local_project/src/malaria_dl/evaluation/evaluation_training_lineage_service.py:366; malaria_dl_local_project/src/malaria_dl/evaluation/evaluator.py:108; malaria_dl_local_project/src/malaria_dl/governance/services/prepare_release_service.py:291; malaria_dl_local_project/src/malaria_dl/governance/services/prepare_release_service.py:326; malaria_dl_local_project/src/malaria_dl/governance/services/model_version_resolver.py:95; malaria_dl_local_project/src/malaria_dl/governance/services/deployment_service.py:42; malaria_dl_local_project/src/malaria_dl/governance/services/deployment_service.py:44; malaria_dl_local_project/src/malaria_dl/governance/services/training_release_eligibility_service.py:97; malaria_dl_local_project/src/malaria_dl/governance/services/contract_service.py:197; malaria_dl_local_project/src/malaria_dl/governance/services/contract_service.py:218; malaria_dl_local_project/src/malaria_dl/governance/services/stage2_publication_service.py:38; malaria_dl_local_project/src/malaria_dl/governance/services/stage2_availability_service.py:77; malaria_dl_local_project/src/malaria_dl/governance/services/stage2_availability_service.py:84; malaria_dataset_split_project/src/malaria_split/discovery/system_contract_auditor.py:11; malaria_dataset_split_project/src/malaria_split/discovery/system_contract_auditor.py:97; malaria_dataset_split_project/src/malaria_split/discovery/system_contract_auditor.py:99,backend_api/app/routes/runs.py:14; backend_api/app/routes/runs.py:46; backend_api/app/routes/runs.py:57; backend_api/app/routes/runs.py:70; backend_api/app/routes/runs.py:83; backend_api/app/routes/governance.py:351; backend_api/app/routes/governance.py:355; backend_api/app/routes/governance.py:369,frontend/src/pages/Runs.tsx; RunDetail.tsx; ModelComparison.tsx; components/reports; services/api.ts.,alembic/versions/20260901_01_single_evaluation_training_parent.py:24; alembic/versions/20260901_01_single_evaluation_training_parent.py:47; alembic/versions/20260901_01_single_evaluation_training_parent.py:57; alembic/versions/20260829_01_persist_training_release_status.py:64; alembic/versions/20260829_01_persist_training_release_status.py:144; alembic/versions/20260829_01_persist_training_release_status.py:165; malaria_dl_local_project/db/init/024_model_version_artifact_governance.sql:342; malaria_dl_local_project/db/init/024_model_version_artifact_governance.sql:345; malaria_dl_local_project/db/init/024_model_version_artifact_governance.sql:378; malaria_dl_local_project/db/init/024_model_version_artifact_governance.sql:381; malaria_dl_local_project/db/init/024_model_version_artifact_governance.sql:391; malaria_dl_local_project/db/init/024_model_version_artifact_governance.sql:394; malaria_dl_local_project/db/init/024_model_version_artifact_governance.sql:404; malaria_dl_local_project/db/init/024_model_version_artifact_governance.sql:407; malaria_dl_local_project/db/init/022_run_lineage.sql:4; malaria_dl_local_project/db/init/022_run_lineage.sql:46; malaria_dl_local_project/db/init/022_run_lineage.sql:49; malaria_dl_local_project/db/init/022_run_lineage.sql:52; malaria_dl_local_project/db/init/022_run_lineage.sql:55; malaria_dl_local_project/db/init/022_run_lineage.sql:57; malaria_dl_local_project/db/init/022_run_lineage.sql:60; malaria_dl_local_project/db/init/022_run_lineage.sql:63; malaria_dl_local_project/db/init/022_run_lineage.sql:106; malaria_dl_local_project/db/init/027_model_governance_backfill_constraints.sql:139; malaria_dl_local_project/db/init/027_model_governance_backfill_constraints.sql:164; malaria_dl_local_project/db/init/027_model_governance_backfill_constraints.sql:177; malaria_dl_local_project/db/init/027_model_governance_backfill_constraints.sql:212; malaria_dl_local_project/db/init/027_model_governance_backfill_constraints.sql:278; malaria_dl_local_project/db/init/027_model_governance_backfill_constraints.sql:282; malaria_dl_local_project/db/init/027_model_governance_backfill_constraints.sql:287; malaria_dl_local_project/db/init/027_model_governance_backfill_constraints.sql:290; malaria_dl_local_project/db/init/027_model_governance_backfill_constraints.sql:300; malaria_dl_local_project/db/init/027_model_governance_backfill_constraints.sql:304; malaria_dl_local_project/db/init/027_model_governance_backfill_constraints.sql:309; malaria_dl_local_project/db/init/027_model_governance_backfill_constraints.sql:312; malaria_dl_local_project/db/init/027_model_governance_backfill_constraints.sql:352; malaria_dl_local_project/db/init/027_model_governance_backfill_constraints.sql:354; malaria_dl_local_project/db/init/027_model_governance_backfill_constraints.sql:356; malaria_dl_local_project/db/init/027_model_governance_backfill_constraints.sql:358; malaria_dl_local_project/db/init/027_model_governance_backfill_constraints.sql:360; malaria_dl_local_project/db/init/027_model_governance_backfill_constraints.sql:861; malaria_dl_local_project/db/init/027_model_governance_backfill_constraints.sql:866,Preservar linaje/FK; no inferir resultados por tabla vacía,"`artifacts`, `model_versions`, `runs`",Medio: conservar contrato,Catálogo equivalente y prueba de contrato del consumidor; fixtures aisladas futuras; no ejecutadas
run_metrics,run_metrics,REFACTOR,ML / persistencia y consulta de ejecuciones,Métricas extensibles EAV; v2 reserva las métricas binarias estables al registro tipado.,0 (captura E10.10.1; no conteo nuevo),PRIMARY KEY (id),run_metrics_run_id_fkey: FOREIGN KEY (run_id) REFERENCES runs(id) ON DELETE CASCADE,,idx_run_metrics_name: CREATE INDEX idx_run_metrics_name ON public.run_metrics USING btree (metric_name); idx_run_metrics_run_id: CREATE INDEX idx_run_metrics_run_id ON public.run_metrics USING btree (run_id); run_metrics_pkey: CREATE UNIQUE INDEX run_metrics_pkey ON public.run_metrics USING btree (id),,,malaria_dl_local_project/src/malaria_dl/persistence/run_repository.py:670,backend_api/app/routes/metrics.py:16; backend_api/app/routes/runs.py:661; backend_api/app/services/lineage_children.py:108; backend_api/app/services/training_summaries.py:57; backend_api/app/services/training_summaries.py:168; malaria_dl_local_project/src/malaria_dl/persistence/run_repository.py:670; malaria_dataset_split_project/src/malaria_split/discovery/system_contract_auditor.py:11,backend_api/app/routes/metrics.py:16; backend_api/app/routes/runs.py:661,frontend/src/pages/Runs.tsx; RunDetail.tsx; ModelComparison.tsx; components/reports; services/api.ts.,malaria_dl_local_project/db/init/001_schema.sql:105; malaria_dl_local_project/db/init/002_indexes.sql:7; malaria_dl_local_project/db/init/002_indexes.sql:8; malaria_dl_local_project/db/init/022_run_lineage.sql:158; malaria_dl_local_project/db/init/003_views.sql:24; malaria_dl_local_project/db/init/003_views.sql:60,Preservar linaje/FK; no inferir resultados por tabla vacía,`runs`,Alto,Catálogo equivalente y prueba de contrato del consumidor; fixtures aisladas futuras; no ejecutadas
run_model_deployments,run_model_deployments,KEEP,MLOps / gobernanza de modelos,"Versiones/despliegues consumidos por run, rol/ordinal/peso (incluidos ensembles).",0 (captura E10.10.1; no conteo nuevo),PRIMARY KEY (id),"fk_run_model_deployments_deployment_version: FOREIGN KEY (deployed_model_version_id, model_version_id) REFERENCES deployed_model_versions(id, model_version_id) ON DELETE RESTRICT; fk_run_model_deployments_run: FOREIGN KEY (run_id) REFERENCES runs(id) ON DELETE RESTRICT","chk_run_model_deployments_metadata: CHECK (jsonb_typeof(metadata) = 'object'::text); chk_run_model_deployments_ordinal: CHECK (ordinal >= 0); chk_run_model_deployments_role: CHECK (role = ANY (ARRAY['primary'::text, 'classifier'::text, 'detector'::text, 'ensemble_member'::text, 'explainer'::text])); chk_run_model_deployments_weight: CHECK (weight IS NULL OR weight >= 0::numeric AND weight <= 1::numeric)","idx_run_model_deployments_deployment: CREATE INDEX idx_run_model_deployments_deployment ON public.run_model_deployments USING btree (deployed_model_version_id); idx_run_model_deployments_model_version: CREATE INDEX idx_run_model_deployments_model_version ON public.run_model_deployments USING btree (model_version_id); run_model_deployments_pkey: CREATE UNIQUE INDEX run_model_deployments_pkey ON public.run_model_deployments USING btree (id); uq_run_model_deployments_binding: CREATE UNIQUE INDEX uq_run_model_deployments_binding ON public.run_model_deployments USING btree (run_id, deployed_model_version_id, role, ordinal); uq_run_model_deployments_primary: CREATE UNIQUE INDEX uq_run_model_deployments_primary ON public.run_model_deployments USING btree (run_id) WHERE (role = 'primary'::text); uq_run_model_deployments_run_deployment_version: CREATE UNIQUE INDEX uq_run_model_deployments_run_deployment_version ON public.run_model_deployments USING btree (run_id, deployed_model_version_id, model_version_id)",trg_run_model_deployments_validate: CREATE TRIGGER trg_run_model_deployments_validate BEFORE INSERT OR UPDATE ON run_model_deployments FOR EACH ROW EXECUTE FUNCTION validate_run_model_deployment(),validate_run_model_deployment(),malaria_dl_local_project/src/malaria_dl/governance/repository.py:744; malaria_dl_local_project/db/init/027_model_governance_backfill_constraints.sql:902,backend_api/app/routes/governance.py:477; malaria_dl_local_project/src/malaria_dl/governance/repository.py:744; malaria_dl_local_project/src/malaria_dl/governance/repository.py:815; malaria_dl_local_project/src/malaria_dl/governance/repository.py:1302,backend_api/app/routes/governance.py:477,frontend/src/pages/Runs.tsx; RunDetail.tsx; ModelComparison.tsx; components/reports; services/api.ts.,malaria_dl_local_project/db/init/026_inference_jobs.sql:63; malaria_dl_local_project/db/init/026_inference_jobs.sql:626; malaria_dl_local_project/db/init/026_inference_jobs.sql:646; malaria_dl_local_project/db/init/025_deployed_model_versions.sql:137; malaria_dl_local_project/db/init/025_deployed_model_versions.sql:174; malaria_dl_local_project/db/init/025_deployed_model_versions.sql:182; malaria_dl_local_project/db/init/025_deployed_model_versions.sql:189; malaria_dl_local_project/db/init/025_deployed_model_versions.sql:193; malaria_dl_local_project/db/init/025_deployed_model_versions.sql:196; malaria_dl_local_project/db/init/025_deployed_model_versions.sql:204; malaria_dl_local_project/db/init/027_model_governance_backfill_constraints.sql:735; malaria_dl_local_project/db/init/027_model_governance_backfill_constraints.sql:897; malaria_dl_local_project/db/init/027_model_governance_backfill_constraints.sql:902,Preservar linaje/FK; no inferir resultados por tabla vacía,"`deployed_model_versions`, `runs`",Medio: conservar contrato,Catálogo equivalente y prueba de contrato del consumidor; fixtures aisladas futuras; no ejecutadas
run_threshold_calibration,run_threshold_calibration,REFACTOR,ML / persistencia y consulta de ejecuciones,Evidencia de calibración val y umbral elegido; v2 enlaza evaluaciones default/seleccionada.,0 (captura E10.10.1; no conteo nuevo),PRIMARY KEY (run_threshold_calibration_id),"fk_run_threshold_calibration_artifact_owner: FOREIGN KEY (calibration_artifact_id, run_id) REFERENCES artifacts(id, run_id) ON DELETE RESTRICT; fk_run_threshold_calibration_model_version: FOREIGN KEY (model_version_id) REFERENCES model_versions(id) ON DELETE RESTRICT; run_threshold_calibration_run_id_fkey: FOREIGN KEY (run_id) REFERENCES runs(id) ON DELETE CASCADE","chk_run_threshold_calibration_positive_label: CHECK (positive_label = 'parasitized'::text); chk_run_threshold_calibration_score_name: CHECK (score_name = 'probability_parasitized'::text); chk_run_threshold_calibration_split: CHECK (calibration_split = ANY (ARRAY['val'::text, 'validation'::text])); chk_run_threshold_calibration_status: CHECK (calibration_status = ANY (ARRAY['recorded'::text, 'validated'::text, 'rejected'::text, 'retired'::text]))","idx_run_threshold_calibration_artifact: CREATE INDEX idx_run_threshold_calibration_artifact ON public.run_threshold_calibration USING btree (calibration_artifact_id); idx_run_threshold_calibration_model_version: CREATE INDEX idx_run_threshold_calibration_model_version ON public.run_threshold_calibration USING btree (model_version_id); idx_run_threshold_calibration_run_id: CREATE INDEX idx_run_threshold_calibration_run_id ON public.run_threshold_calibration USING btree (run_id); run_threshold_calibration_pkey: CREATE UNIQUE INDEX run_threshold_calibration_pkey ON public.run_threshold_calibration USING btree (run_threshold_calibration_id); uq_run_threshold_calibration_id_version: CREATE UNIQUE INDEX uq_run_threshold_calibration_id_version ON public.run_threshold_calibration USING btree (run_threshold_calibration_id, model_version_id)",,validate_deployed_model_version(),malaria_dl_local_project/src/malaria_dl/persistence/run_repository.py:1337; malaria_dl_local_project/src/malaria_dl/governance/services/contract_service.py:394; malaria_dl_local_project/src/malaria_dl/governance/services/training_model_version_finalizer.py:251; malaria_dl_local_project/src/malaria_dl/governance/services/stage2_availability_service.py:274,backend_api/app/repositories/cell_classification.py:230; backend_api/app/routes/governance.py:353; backend_api/app/services/productive_model.py:396; backend_api/app/services/productive_model.py:1067; malaria_dl_local_project/src/malaria_dl/persistence/run_repository.py:1337; malaria_dl_local_project/src/malaria_dl/governance/services/prepare_release_service.py:355; malaria_dl_local_project/src/malaria_dl/governance/services/deployment_service.py:56; malaria_dl_local_project/src/malaria_dl/governance/services/deployment_service.py:262; malaria_dl_local_project/src/malaria_dl/governance/services/contract_service.py:213; malaria_dl_local_project/src/malaria_dl/governance/services/contract_service.py:394; malaria_dl_local_project/src/malaria_dl/governance/services/contract_service.py:460; malaria_dl_local_project/src/malaria_dl/governance/services/training_model_version_finalizer.py:251; malaria_dl_local_project/src/malaria_dl/governance/services/stage2_availability_service.py:274,backend_api/app/routes/governance.py:353,frontend/src/pages/Runs.tsx; RunDetail.tsx; ModelComparison.tsx; components/reports; services/api.ts.,malaria_dl_local_project/db/init/028_stage2_model_availability.sql:49; malaria_dl_local_project/db/init/024_model_version_artifact_governance.sql:85; malaria_dl_local_project/db/init/024_model_version_artifact_governance.sql:88; malaria_dl_local_project/db/init/024_model_version_artifact_governance.sql:91; malaria_dl_local_project/db/init/024_model_version_artifact_governance.sql:94; malaria_dl_local_project/db/init/024_model_version_artifact_governance.sql:97; malaria_dl_local_project/db/init/024_model_version_artifact_governance.sql:100; malaria_dl_local_project/db/init/024_model_version_artifact_governance.sql:254; malaria_dl_local_project/db/init/024_model_version_artifact_governance.sql:257; malaria_dl_local_project/db/init/024_model_version_artifact_governance.sql:264; malaria_dl_local_project/db/init/024_model_version_artifact_governance.sql:267; malaria_dl_local_project/db/init/024_model_version_artifact_governance.sql:274; malaria_dl_local_project/db/init/024_model_version_artifact_governance.sql:277; malaria_dl_local_project/db/init/024_model_version_artifact_governance.sql:314; malaria_dl_local_project/db/init/024_model_version_artifact_governance.sql:354; malaria_dl_local_project/db/init/024_model_version_artifact_governance.sql:357; malaria_dl_local_project/db/init/024_model_version_artifact_governance.sql:456; malaria_dl_local_project/db/init/024_model_version_artifact_governance.sql:459; malaria_dl_local_project/db/init/024_model_version_artifact_governance.sql:469; malaria_dl_local_project/db/init/024_model_version_artifact_governance.sql:472; malaria_dl_local_project/db/init/017_clinical_run_tracking.sql:72; malaria_dl_local_project/db/init/017_clinical_run_tracking.sql:173; malaria_dl_local_project/db/init/017_clinical_run_tracking.sql:227; malaria_dl_local_project/db/init/017_clinical_run_tracking.sql:293; malaria_dl_local_project/db/init/025_deployed_model_versions.sql:39; malaria_dl_local_project/db/init/018_visual_audit_views.sql:437; malaria_dl_local_project/db/init/027_model_governance_backfill_constraints.sql:370; malaria_dl_local_project/db/init/027_model_governance_backfill_constraints.sql:372; malaria_dl_local_project/db/init/027_model_governance_backfill_constraints.sql:374; malaria_dl_local_project/db/init/027_model_governance_backfill_constraints.sql:376; malaria_dl_local_project/db/init/027_model_governance_backfill_constraints.sql:378; malaria_dl_local_project/db/init/027_model_governance_backfill_constraints.sql:637,Preservar linaje/FK; no inferir resultados por tabla vacía,"`artifacts`, `model_versions`, `runs`",Alto,Catálogo equivalente y prueba de contrato del consumidor; fixtures aisladas futuras; no ejecutadas
runs,runs,REFACTOR,ML / persistencia y consulta de ejecuciones,"Identidad/ciclo de vida, entorno y resumen técnico; resultados/config consultables fuera del JSON.",0 (captura E10.10.1; no conteo nuevo),PRIMARY KEY (id),runs_campaign_id_fkey: FOREIGN KEY (campaign_id) REFERENCES experimental_campaigns(id); runs_dataset_id_fkey: FOREIGN KEY (dataset_id) REFERENCES datasets(id) ON DELETE SET NULL; runs_dataset_version_id_fkey: FOREIGN KEY (dataset_version_id) REFERENCES dataset_versions(id) ON DELETE RESTRICT; runs_experiment_id_fkey: FOREIGN KEY (experiment_id) REFERENCES experiments(id) ON DELETE SET NULL; runs_model_id_fkey: FOREIGN KEY (model_id) REFERENCES models(id) ON DELETE SET NULL,"chk_runs_configuration_object: CHECK (configuration IS NULL OR jsonb_typeof(configuration) = 'object'::text); ck_runs_release_status_requires_timestamp: CHECK (release_status IS NULL OR release_updated_at IS NOT NULL); ck_runs_release_status_training_vocabulary: CHECK (release_status IS NULL OR run_type = 'training'::text AND (release_status = ANY (ARRAY['not_available'::text, 'available_to_publish'::text, 'productive_stage2'::text])))","idx_runs_dataset_id: CREATE INDEX idx_runs_dataset_id ON public.runs USING btree (dataset_id); idx_runs_execution_parameters_gin: CREATE INDEX idx_runs_execution_parameters_gin ON public.runs USING gin (execution_parameters); idx_runs_execution_type: CREATE INDEX idx_runs_execution_type ON public.runs USING btree (execution_type); idx_runs_inference_script: CREATE INDEX idx_runs_inference_script ON public.runs USING btree (run_type, script_name); idx_runs_metadata_gin: CREATE INDEX idx_runs_metadata_gin ON public.runs USING gin (metadata); idx_runs_model_id: CREATE INDEX idx_runs_model_id ON public.runs USING btree (model_id); idx_runs_parameters_gin: CREATE INDEX idx_runs_parameters_gin ON public.runs USING gin (parameters); idx_runs_run_type: CREATE INDEX idx_runs_run_type ON public.runs USING btree (run_type); idx_runs_started_at: CREATE INDEX idx_runs_started_at ON public.runs USING btree (started_at); idx_runs_status: CREATE INDEX idx_runs_status ON public.runs USING btree (status); idx_runs_training_release_status: CREATE INDEX idx_runs_training_release_status ON public.runs USING btree (release_status) WHERE (run_type = 'training'::text); ix_runs_dataset_version_id: CREATE INDEX ix_runs_dataset_version_id ON public.runs USING btree (dataset_version_id); runs_pkey: CREATE UNIQUE INDEX runs_pkey ON public.runs USING btree (id); uq_runs_single_productive_stage2: CREATE UNIQUE INDEX uq_runs_single_productive_stage2 ON public.runs USING btree (release_status) WHERE ((run_type = 'training'::text) AND (release_status = 'productive_stage2'::text))",campaign_run_identity_guard: CREATE TRIGGER campaign_run_identity_guard BEFORE UPDATE ON runs FOR EACH ROW EXECUTE FUNCTION campaign_run_identity_guard(); controlled_run_guard: CREATE TRIGGER controlled_run_guard BEFORE INSERT OR UPDATE ON runs FOR EACH ROW EXECUTE FUNCTION controlled_run_guard(),"assessment_identity_guard(); campaign_attempt_guard(); campaign_catalog_identity_guard(); campaign_model_matches(run_id uuid, member uuid); controlled_binding_guard(); enforce_model_version_governance(); enforce_run_lineage_governance(); validate_image_analysis_job(); validate_run_model_deployment()",malaria_dl_local_project/src/malaria_dl/execution/repository.py:197; malaria_dl_local_project/src/malaria_dl/execution/repository.py:293; malaria_dl_local_project/src/malaria_dl/execution/repository.py:336; malaria_dl_local_project/src/malaria_dl/persistence/model_configuration.py:85; malaria_dl_local_project/src/malaria_dl/persistence/training_release.py:136; malaria_dl_local_project/src/malaria_dl/persistence/run_repository.py:375; malaria_dl_local_project/src/malaria_dl/persistence/run_repository.py:463; malaria_dl_local_project/src/malaria_dl/persistence/run_repository.py:559; malaria_dl_local_project/src/malaria_dl/persistence/run_repository.py:632; malaria_dl_local_project/src/malaria_dl/persistence/run_repository.py:778; malaria_dl_local_project/src/malaria_dl/persistence/result_repository.py:72; malaria_dl_local_project/src/malaria_dl/persistence/dataset_evidence.py:166; malaria_dl_local_project/src/malaria_dl/persistence/lineage.py:651; malaria_dl_local_project/src/malaria_dl/persistence/lineage.py:756; malaria_dl_local_project/src/malaria_dl/governance/repository.py:707; malaria_dl_local_project/src/malaria_dl/inference/traceable.py:104; malaria_dl_local_project/src/malaria_dl/inference/traceable.py:107; malaria_dl_local_project/src/malaria_dl/evaluation/evaluation_finalization_service.py:115; malaria_dl_local_project/src/malaria_dl/evaluation/evaluation_finalization_service.py:141; alembic/versions/20260911_01_experimental_campaigns.py:222; alembic/versions/20260911_01_experimental_campaigns.py:259; alembic/versions/20260911_02_campaign_integrity.py:313; alembic/versions/20260912_01_train_execution.py:94; alembic/versions/20260914_01_controlled_train.py:72; alembic/versions/20260914_01_controlled_train.py:117; alembic/versions/20260914_02_global_execution.py:85; alembic/versions/20260829_01_persist_training_release_status.py:106; alembic/versions/20260829_01_persist_training_release_status.py:181; malaria_dl_local_project/db/init/019_model_execution_parameters.sql:22; malaria_dl_local_project/db/init/019_model_execution_parameters.sql:26,backend_api/app/security.py:31; backend_api/app/main.py:8; backend_api/app/main.py:49; backend_api/app/repositories/cell_classification.py:227; backend_api/app/repositories/cell_classification.py:228; backend_api/app/repositories/scientific_validation.py:39; backend_api/app/repositories/scientific_validation.py:40; backend_api/app/repositories/scientific_validation.py:47; backend_api/app/repositories/scientific_validation.py:48; backend_api/app/routes/cell_classification.py:54; backend_api/app/routes/cell_classification.py:74; backend_api/app/routes/cell_classification.py:95; backend_api/app/routes/cell_classification.py:128; backend_api/app/routes/cell_classification.py:138; backend_api/app/routes/cell_classification.py:178; backend_api/app/routes/analysis.py:26; backend_api/app/routes/analysis.py:31; backend_api/app/routes/analysis.py:38; backend_api/app/routes/analysis.py:45; backend_api/app/routes/analysis.py:49; backend_api/app/routes/analysis.py:54; backend_api/app/routes/cell_analysis.py:28; backend_api/app/routes/cell_analysis.py:39; backend_api/app/routes/cell_analysis.py:58; backend_api/app/routes/cell_analysis.py:79; backend_api/app/routes/cell_analysis.py:89; backend_api/app/routes/cell_analysis.py:100; backend_api/app/routes/cell_analysis.py:130; backend_api/app/routes/observability.py:24; backend_api/app/routes/observability.py:48; backend_api/app/routes/dashboard.py:21; backend_api/app/routes/runs.py:19; backend_api/app/routes/runs.py:36; backend_api/app/routes/runs.py:71; backend_api/app/routes/runs.py:86; backend_api/app/routes/runs.py:288; backend_api/app/routes/runs.py:289; backend_api/app/routes/runs.py:329; backend_api/app/routes/runs.py:432; backend_api/app/routes/runs.py:436; backend_api/app/routes/runs.py:447; backend_api/app/routes/runs.py:455; backend_api/app/routes/runs.py:482; backend_api/app/routes/runs.py:483; backend_api/app/routes/runs.py:488; backend_api/app/routes/runs.py:492; backend_api/app/routes/runs.py:493; backend_api/app/routes/runs.py:524; backend_api/app/routes/runs.py:525; backend_api/app/routes/runs.py:536; backend_api/app/routes/runs.py:636; backend_api/app/routes/runs.py:637; backend_api/app/routes/runs.py:648; backend_api/app/routes/runs.py:688; backend_api/app/routes/runs.py:689; backend_api/app/routes/runs.py:707; backend_api/app/routes/runs.py:708; backend_api/app/routes/runs.py:726; backend_api/app/routes/runs.py:727; backend_api/app/routes/runs.py:745; backend_api/app/routes/runs.py:746; backend_api/app/routes/runs.py:747; backend_api/app/routes/runs.py:748; backend_api/app/routes/runs.py:766; backend_api/app/routes/runs.py:767; backend_api/app/routes/runs.py:820; backend_api/app/routes/runs.py:821; backend_api/app/routes/runs.py:839; backend_api/app/routes/runs.py:840; backend_api/app/routes/assessments.py:1; backend_api/app/routes/explainability.py:234; backend_api/app/routes/explainability.py:249; backend_api/app/routes/governance.py:153; backend_api/app/routes/governance.py:160; backend_api/app/routes/governance.py:178; backend_api/app/routes/governance.py:188; backend_api/app/routes/governance.py:278; backend_api/app/routes/governance.py:282; backend_api/app/routes/governance.py:317; backend_api/app/routes/governance.py:327; backend_api/app/routes/governance.py:351; backend_api/app/routes/governance.py:355; backend_api/app/routes/governance.py:473; backend_api/app/routes/governance.py:476; backend_api/app/services/lineage_children.py:18; backend_api/app/services/lineage_children.py:52; backend_api/app/services/lineage_children.py:268; backend_api/app/services/cell_analysis.py:544; backend_api/app/services/cell_analysis.py:612; backend_api/app/services/productive_model.py:394; backend_api/app/services/productive_model.py:395; backend_api/app/services/productive_model.py:1071; backend_api/app/services/productive_model.py:1072; backend_api/app/services/scientific_validation.py:58; backend_api/app/services/scientific_validation.py:63; backend_api/app/services/scientific_validation.py:74; backend_api/app/services/training_summaries.py:35; backend_api/app/services/training_summaries.py:72; backend_api/app/services/case_gradcam.py:61; backend_api/app/services/artifacts.py:68; backend_api/app/services/run_lineage.py:1; backend_api/app/services/run_lineage.py:10; backend_api/app/services/run_lineage.py:67; backend_api/app/services/run_lineage.py:172; backend_api/app/services/run_lineage.py:227; backend_api/app/services/run_lineage.py:334; backend_api/app/services/run_lineage.py:351; backend_api/app/services/run_lineage.py:389; backend_api/app/services/governed_datasets.py:121; backend_api/app/services/governed_datasets.py:177; malaria_dl_local_project/src/model_governance/reconcile_training_versions.py:1; malaria_dl_local_project/src/model_governance/reconcile_training_versions.py:34; malaria_dl_local_project/src/malaria_dl/local_execution/event_context.py:48; malaria_dl_local_project/src/malaria_dl/training/trainer.py:519; malaria_dl_local_project/src/malaria_dl/training/trainer.py:584; malaria_dl_local_project/src/malaria_dl/training/trainer.py:587; malaria_dl_local_project/src/malaria_dl/training/trainer.py:1038; malaria_dl_local_project/src/malaria_dl/training/trainer.py:1123; malaria_dl_local_project/src/malaria_dl/results/repository.py:46; malaria_dl_local_project/src/malaria_dl/execution/repository.py:47; malaria_dl_local_project/src/malaria_dl/execution/repository.py:197; malaria_dl_local_project/src/malaria_dl/execution/repository.py:293; malaria_dl_local_project/src/malaria_dl/execution/repository.py:336; malaria_dl_local_project/src/malaria_dl/execution/repository.py:348; malaria_dl_local_project/src/malaria_dl/execution/schema.py:1; malaria_dl_local_project/src/malaria_dl/persistence/model_configuration.py:1; malaria_dl_local_project/src/malaria_dl/persistence/model_configuration.py:85; malaria_dl_local_project/src/malaria_dl/persistence/model_configuration.py:100; malaria_dl_local_project/src/malaria_dl/persistence/training_release.py:108; malaria_dl_local_project/src/malaria_dl/persistence/training_release.py:117; malaria_dl_local_project/src/malaria_dl/persistence/training_release.py:124; malaria_dl_local_project/src/malaria_dl/persistence/training_release.py:129; malaria_dl_local_project/src/malaria_dl/persistence/training_release.py:136; malaria_dl_local_project/src/malaria_dl/persistence/run_repository.py:375; malaria_dl_local_project/src/malaria_dl/persistence/run_repository.py:463; malaria_dl_local_project/src/malaria_dl/persistence/run_repository.py:559; malaria_dl_local_project/src/malaria_dl/persistence/run_repository.py:632; malaria_dl_local_project/src/malaria_dl/persistence/run_repository.py:778; malaria_dl_local_project/src/malaria_dl/persistence/result_repository.py:72; malaria_dl_local_project/src/malaria_dl/persistence/result_repository.py:155; malaria_dl_local_project/src/malaria_dl/persistence/dataset_evidence.py:166; malaria_dl_local_project/src/malaria_dl/persistence/lineage.py:158; malaria_dl_local_project/src/malaria_dl/persistence/lineage.py:243; malaria_dl_local_project/src/malaria_dl/persistence/lineage.py:309; malaria_dl_local_project/src/malaria_dl/persistence/lineage.py:327; malaria_dl_local_project/src/malaria_dl/persistence/lineage.py:651; malaria_dl_local_project/src/malaria_dl/persistence/lineage.py:673; malaria_dl_local_project/src/malaria_dl/persistence/lineage.py:756; malaria_dl_local_project/src/malaria_dl/governance/releases.py:16; malaria_dl_local_project/src/malaria_dl/governance/releases.py:78; malaria_dl_local_project/src/malaria_dl/governance/entities.py:68; malaria_dl_local_project/src/malaria_dl/governance/entities.py:485; malaria_dl_local_project/src/malaria_dl/governance/repository.py:207; malaria_dl_local_project/src/malaria_dl/governance/repository.py:707; malaria_dl_local_project/src/malaria_dl/governance/repository.py:814; malaria_dl_local_project/src/malaria_dl/governance/repository.py:1051; malaria_dl_local_project/src/malaria_dl/governance/repository.py:1305; malaria_dl_local_project/src/malaria_dl/governance/repository.py:1320; malaria_dl_local_project/src/malaria_dl/inference/traceable.py:104; malaria_dl_local_project/src/malaria_dl/inference/traceable.py:107; malaria_dl_local_project/src/malaria_dl/evaluation/evaluation_finalization_service.py:1; malaria_dl_local_project/src/malaria_dl/evaluation/evaluation_finalization_service.py:103; malaria_dl_local_project/src/malaria_dl/evaluation/evaluation_finalization_service.py:110; malaria_dl_local_project/src/malaria_dl/evaluation/evaluation_finalization_service.py:115; malaria_dl_local_project/src/malaria_dl/evaluation/evaluation_finalization_service.py:141; malaria_dl_local_project/src/malaria_dl/evaluation/evaluation_finalization_service.py:336; malaria_dl_local_project/src/malaria_dl/evaluation/evaluation_training_lineage_service.py:104; malaria_dl_local_project/src/malaria_dl/evaluation/evaluation_training_lineage_service.py:113; malaria_dl_local_project/src/malaria_dl/data/governed_dataset.py:250; malaria_dl_local_project/src/malaria_dl/data/governed_dataset.py:262; malaria_dl_local_project/src/malaria_dl/governance/services/prepare_release_service.py:114; malaria_dl_local_project/src/malaria_dl/governance/services/prepare_release_service.py:137; malaria_dl_local_project/src/malaria_dl/governance/services/prepare_release_service.py:204; malaria_dl_local_project/src/malaria_dl/governance/services/prepare_release_service.py:292; malaria_dl_local_project/src/malaria_dl/governance/services/prepare_release_service.py:327; malaria_dl_local_project/src/malaria_dl/governance/services/model_version_resolver.py:75; malaria_dl_local_project/src/malaria_dl/governance/services/model_version_resolver.py:94; malaria_dl_local_project/src/malaria_dl/governance/services/deployment_service.py:19; malaria_dl_local_project/src/malaria_dl/governance/services/deployment_service.py:42; malaria_dl_local_project/src/malaria_dl/governance/services/deployment_service.py:44; malaria_dl_local_project/src/malaria_dl/governance/services/training_release_eligibility_service.py:82; malaria_dl_local_project/src/malaria_dl/governance/services/training_release_eligibility_service.py:89; malaria_dl_local_project/src/malaria_dl/governance/services/training_release_eligibility_service.py:98; malaria_dl_local_project/src/malaria_dl/governance/services/training_release_eligibility_service.py:105; malaria_dl_local_project/src/malaria_dl/governance/services/contract_service.py:72; malaria_dl_local_project/src/malaria_dl/governance/services/contract_service.py:197; malaria_dl_local_project/src/malaria_dl/governance/services/contract_service.py:279; malaria_dl_local_project/src/malaria_dl/governance/services/stage2_publication_service.py:29; malaria_dl_local_project/src/malaria_dl/governance/services/stage2_publication_service.py:39; malaria_dl_local_project/src/malaria_dl/governance/services/training_model_version_finalizer.py:91; malaria_dl_local_project/src/malaria_dl/governance/services/stage2_availability_service.py:60; malaria_dl_local_project/src/malaria_dl/governance/services/stage2_availability_service.py:77; malaria_dl_local_project/src/malaria_dl/governance/services/stage2_availability_service.py:85; malaria_dataset_split_project/src/malaria_split/discovery/system_contract_auditor.py:10; malaria_dataset_split_project/src/malaria_split/discovery/system_contract_auditor.py:67; malaria_dataset_split_project/src/malaria_split/discovery/system_contract_auditor.py:69; malaria_dataset_split_project/src/malaria_split/discovery/system_contract_auditor.py:87; malaria_dataset_split_project/src/malaria_split/discovery/system_contract_auditor.py:94; malaria_dataset_split_project/src/malaria_split/discovery/system_contract_auditor.py:99; malaria_dataset_split_project/src/malaria_split/splitting/optimizer.py:1; frontend/src/App.tsx:41; frontend/src/App.tsx:87; frontend/src/App.tsx:88; frontend/src/App.tsx:89; frontend/src/App.tsx:90; frontend/src/App.tsx:110; frontend/src/App.tsx:130; frontend/src/App.tsx:140; frontend/src/App.tsx:147; frontend/src/router.ts:9; frontend/src/types/api.ts:786; frontend/src/pages/DatasetBrowser.tsx:156; frontend/src/pages/DatasetBrowser.tsx:157; frontend/src/pages/CellReview.tsx:50; frontend/src/pages/CellReview.tsx:55; frontend/src/pages/CellReview.tsx:172; frontend/src/pages/CellReview.tsx:202; frontend/src/pages/CellReview.tsx:220; frontend/src/pages/Dashboard.tsx:94; frontend/src/pages/Stage2ReleaseDetail.tsx:31; frontend/src/pages/Stage2ReleaseDetail.tsx:79; frontend/src/pages/ClinicalEvaluation.tsx:40; frontend/src/pages/Runs.tsx:439; frontend/src/pages/Runs.tsx:448; frontend/src/services/api.ts:664; frontend/src/services/api.ts:668; frontend/src/services/api.ts:693; frontend/src/services/api.ts:698; frontend/src/services/api.ts:709; frontend/src/services/api.ts:715; frontend/src/services/api.ts:720; frontend/src/services/api.ts:729; frontend/src/services/api.ts:770; frontend/src/services/api.ts:775; frontend/src/services/api.ts:789; frontend/src/services/api.ts:803; frontend/src/services/api.ts:812; frontend/src/services/api.ts:820; frontend/src/services/api.ts:835; frontend/src/services/api.ts:1014; frontend/src/services/api.ts:1043; frontend/src/services/api.ts:1048; frontend/src/services/api.ts:1063; frontend/src/services/api.ts:1081; frontend/src/services/api.ts:1089; frontend/src/services/api.ts:1100; frontend/src/services/api.ts:1117; frontend/src/services/api.ts:1123; frontend/src/services/api.ts:1160; frontend/src/services/api.ts:1171; frontend/src/services/api.ts:1202; frontend/src/services/api.ts:1206; frontend/src/services/api.ts:1211; frontend/src/services/api.ts:1218; frontend/src/services/api.ts:1224; frontend/src/services/api.ts:1228; frontend/src/services/api.ts:1235; frontend/src/components/navigation/navigationConfig.ts:35; frontend/src/components/cell-review/CellReviewWorkspace.tsx:714; frontend/src/components/reports/UnlinkedRunsSection.tsx:9; frontend/src/components/reports/UnlinkedRunsSection.tsx:22; frontend/src/components/reports/UnlinkedRunsSection.tsx:25; frontend/src/components/reports/UnlinkedRunsSection.tsx:28; frontend/src/components/reports/UnlinkedRunsSection.tsx:35; frontend/src/components/reports/UnlinkedRunsSection.tsx:39,backend_api/app/routes/cell_classification.py:54; backend_api/app/routes/cell_classification.py:74; backend_api/app/routes/cell_classification.py:95; backend_api/app/routes/cell_classification.py:128; backend_api/app/routes/cell_classification.py:138; backend_api/app/routes/cell_classification.py:178; backend_api/app/routes/analysis.py:26; backend_api/app/routes/analysis.py:31; backend_api/app/routes/analysis.py:38; backend_api/app/routes/analysis.py:45; backend_api/app/routes/analysis.py:49; backend_api/app/routes/analysis.py:54; backend_api/app/routes/cell_analysis.py:28; backend_api/app/routes/cell_analysis.py:39; backend_api/app/routes/cell_analysis.py:58; backend_api/app/routes/cell_analysis.py:79; backend_api/app/routes/cell_analysis.py:89; backend_api/app/routes/cell_analysis.py:100; backend_api/app/routes/cell_analysis.py:130; backend_api/app/routes/observability.py:24; backend_api/app/routes/observability.py:48; backend_api/app/routes/dashboard.py:21; backend_api/app/routes/runs.py:19; backend_api/app/routes/runs.py:36; backend_api/app/routes/runs.py:71; backend_api/app/routes/runs.py:86; backend_api/app/routes/runs.py:288; backend_api/app/routes/runs.py:289; backend_api/app/routes/runs.py:329; backend_api/app/routes/runs.py:432; backend_api/app/routes/runs.py:436; backend_api/app/routes/runs.py:447; backend_api/app/routes/runs.py:455; backend_api/app/routes/runs.py:482; backend_api/app/routes/runs.py:483; backend_api/app/routes/runs.py:488; backend_api/app/routes/runs.py:492; backend_api/app/routes/runs.py:493; backend_api/app/routes/runs.py:524; backend_api/app/routes/runs.py:525; backend_api/app/routes/runs.py:536; backend_api/app/routes/runs.py:636; backend_api/app/routes/runs.py:637; backend_api/app/routes/runs.py:648; backend_api/app/routes/runs.py:688; backend_api/app/routes/runs.py:689; backend_api/app/routes/runs.py:707; backend_api/app/routes/runs.py:708; backend_api/app/routes/runs.py:726; backend_api/app/routes/runs.py:727; backend_api/app/routes/runs.py:745; backend_api/app/routes/runs.py:746; backend_api/app/routes/runs.py:747; backend_api/app/routes/runs.py:748; backend_api/app/routes/runs.py:766; backend_api/app/routes/runs.py:767; backend_api/app/routes/runs.py:820; backend_api/app/routes/runs.py:821; backend_api/app/routes/runs.py:839; backend_api/app/routes/runs.py:840; backend_api/app/routes/assessments.py:1; backend_api/app/routes/explainability.py:234; backend_api/app/routes/explainability.py:249; backend_api/app/routes/governance.py:153; backend_api/app/routes/governance.py:160; backend_api/app/routes/governance.py:178; backend_api/app/routes/governance.py:188; backend_api/app/routes/governance.py:278; backend_api/app/routes/governance.py:282; backend_api/app/routes/governance.py:317; backend_api/app/routes/governance.py:327; backend_api/app/routes/governance.py:351; backend_api/app/routes/governance.py:355; backend_api/app/routes/governance.py:473; backend_api/app/routes/governance.py:476,frontend/src/pages/Runs.tsx; RunDetail.tsx; ModelComparison.tsx; components/reports; services/api.ts.,alembic/versions/20260911_01_experimental_campaigns.py:69; alembic/versions/20260911_01_experimental_campaigns.py:222; alembic/versions/20260911_01_experimental_campaigns.py:259; alembic/versions/20260811_01_scientific_dataset_versioning_foundation.py:313; alembic/versions/20260811_01_scientific_dataset_versioning_foundation.py:315; alembic/versions/20260911_02_campaign_integrity.py:255; alembic/versions/20260911_02_campaign_integrity.py:281; alembic/versions/20260911_02_campaign_integrity.py:313; alembic/versions/20260727_03_microscopy_quality_gate.py:1; alembic/versions/20260912_02_assessments.py:30; alembic/versions/20260912_02_assessments.py:54; alembic/versions/20260912_01_train_execution.py:13; alembic/versions/20260912_01_train_execution.py:94; alembic/versions/20260915_01_local_execution.py:13; alembic/versions/20260914_01_controlled_train.py:18; alembic/versions/20260914_01_controlled_train.py:24; alembic/versions/20260914_01_controlled_train.py:72; alembic/versions/20260914_01_controlled_train.py:77; alembic/versions/20260914_01_controlled_train.py:117; alembic/versions/20260914_02_global_execution.py:85; alembic/versions/20260829_01_persist_training_release_status.py:1; alembic/versions/20260829_01_persist_training_release_status.py:56; alembic/versions/20260829_01_persist_training_release_status.py:60; alembic/versions/20260829_01_persist_training_release_status.py:104; alembic/versions/20260829_01_persist_training_release_status.py:106; alembic/versions/20260829_01_persist_training_release_status.py:108; alembic/versions/20260829_01_persist_training_release_status.py:109; alembic/versions/20260829_01_persist_training_release_status.py:136; alembic/versions/20260829_01_persist_training_release_status.py:140; alembic/versions/20260829_01_persist_training_release_status.py:166; alembic/versions/20260829_01_persist_training_release_status.py:176; alembic/versions/20260829_01_persist_training_release_status.py:181; alembic/versions/20260829_01_persist_training_release_status.py:198; alembic/versions/20260829_01_persist_training_release_status.py:213; alembic/versions/20260829_01_persist_training_release_status.py:218; alembic/versions/20260829_01_persist_training_release_status.py:225; malaria_dl_local_project/db/init/009_uploaded_predictions_views.sql:81; malaria_dl_local_project/db/init/007_case_level_explainability_views.sql:140; malaria_dl_local_project/db/init/001_schema.sql:59; malaria_dl_local_project/db/init/001_schema.sql:100; malaria_dl_local_project/db/init/001_schema.sql:107; malaria_dl_local_project/db/init/001_schema.sql:121; malaria_dl_local_project/db/init/001_schema.sql:140; malaria_dl_local_project/db/init/001_schema.sql:154; malaria_dl_local_project/db/init/001_schema.sql:167; malaria_dl_local_project/db/init/001_schema.sql:184; malaria_dl_local_project/db/init/001_schema.sql:197; malaria_dl_local_project/db/init/001_schema.sql:216; malaria_dl_local_project/db/init/001_schema.sql:226; malaria_dl_local_project/db/init/001_schema.sql:237; malaria_dl_local_project/db/init/001_schema.sql:245; malaria_dl_local_project/db/init/020_max_epochs_release.sql:4; malaria_dl_local_project/db/init/020_max_epochs_release.sql:9; malaria_dl_local_project/db/init/020_max_epochs_release.sql:12; malaria_dl_local_project/db/init/020_max_epochs_release.sql:15; malaria_dl_local_project/db/init/020_max_epochs_release.sql:18; malaria_dl_local_project/db/init/020_max_epochs_release.sql:21; malaria_dl_local_project/db/init/020_max_epochs_release.sql:24; malaria_dl_local_project/db/init/020_max_epochs_release.sql:27; malaria_dl_local_project/db/init/020_max_epochs_release.sql:30; malaria_dl_local_project/db/init/020_max_epochs_release.sql:33; malaria_dl_local_project/db/init/020_max_epochs_release.sql:36; malaria_dl_local_project/db/init/020_max_epochs_release.sql:39; malaria_dl_local_project/db/init/020_max_epochs_release.sql:42; malaria_dl_local_project/db/init/020_max_epochs_release.sql:45; malaria_dl_local_project/db/init/020_max_epochs_release.sql:48; malaria_dl_local_project/db/init/020_max_epochs_release.sql:51; malaria_dl_local_project/db/init/020_max_epochs_release.sql:54; malaria_dl_local_project/db/init/020_max_epochs_release.sql:57; malaria_dl_local_project/db/init/020_max_epochs_release.sql:60; malaria_dl_local_project/db/init/020_max_epochs_release.sql:63; malaria_dl_local_project/db/init/020_max_epochs_release.sql:66; malaria_dl_local_project/db/init/020_max_epochs_release.sql:69; malaria_dl_local_project/db/init/017_clinical_run_tracking.sql:13; malaria_dl_local_project/db/init/017_clinical_run_tracking.sql:47; malaria_dl_local_project/db/init/017_clinical_run_tracking.sql:74; malaria_dl_local_project/db/init/017_clinical_run_tracking.sql:106; malaria_dl_local_project/db/init/017_clinical_run_tracking.sql:332; malaria_dl_local_project/db/init/002_indexes.sql:1; malaria_dl_local_project/db/init/002_indexes.sql:2; malaria_dl_local_project/db/init/002_indexes.sql:3; malaria_dl_local_project/db/init/002_indexes.sql:4; malaria_dl_local_project/db/init/002_indexes.sql:5; malaria_dl_local_project/db/init/002_indexes.sql:25; malaria_dl_local_project/db/init/002_indexes.sql:26; malaria_dl_local_project/db/init/022_run_lineage.sql:7; malaria_dl_local_project/db/init/022_run_lineage.sql:8; malaria_dl_local_project/db/init/022_run_lineage.sql:107; malaria_dl_local_project/db/init/022_run_lineage.sql:108; malaria_dl_local_project/db/init/022_run_lineage.sql:112; malaria_dl_local_project/db/init/022_run_lineage.sql:239; malaria_dl_local_project/db/init/026_inference_jobs.sql:1; malaria_dl_local_project/db/init/026_inference_jobs.sql:5; malaria_dl_local_project/db/init/026_inference_jobs.sql:8; malaria_dl_local_project/db/init/026_inference_jobs.sql:11; malaria_dl_local_project/db/init/026_inference_jobs.sql:14; malaria_dl_local_project/db/init/026_inference_jobs.sql:21; malaria_dl_local_project/db/init/026_inference_jobs.sql:24; malaria_dl_local_project/db/init/026_inference_jobs.sql:506; malaria_dl_local_project/db/init/026_inference_jobs.sql:621; malaria_dl_local_project/db/init/026_inference_jobs.sql:689; malaria_dl_local_project/db/init/025_deployed_model_versions.sql:149; malaria_dl_local_project/db/init/025_deployed_model_versions.sql:205; malaria_dl_local_project/db/init/003_views.sql:23; malaria_dl_local_project/db/init/003_views.sql:57; malaria_dl_local_project/db/init/010_clinical_inference_tracking.sql:5; malaria_dl_local_project/db/init/018_visual_audit_views.sql:371; malaria_dl_local_project/db/init/019_model_execution_parameters.sql:2; malaria_dl_local_project/db/init/019_model_execution_parameters.sql:5; malaria_dl_local_project/db/init/019_model_execution_parameters.sql:8; malaria_dl_local_project/db/init/019_model_execution_parameters.sql:11; malaria_dl_local_project/db/init/019_model_execution_parameters.sql:14; malaria_dl_local_project/db/init/019_model_execution_parameters.sql:17; malaria_dl_local_project/db/init/019_model_execution_parameters.sql:20; malaria_dl_local_project/db/init/019_model_execution_parameters.sql:22; malaria_dl_local_project/db/init/019_model_execution_parameters.sql:26; malaria_dl_local_project/db/init/019_model_execution_parameters.sql:30; malaria_dl_local_project/db/init/019_model_execution_parameters.sql:33; malaria_dl_local_project/db/init/019_model_execution_parameters.sql:36; malaria_dl_local_project/db/init/019_model_execution_parameters.sql:39; malaria_dl_local_project/db/init/019_model_execution_parameters.sql:74; malaria_dl_local_project/db/init/019_model_execution_parameters.sql:77; malaria_dl_local_project/db/init/019_model_execution_parameters.sql:82; malaria_dl_local_project/db/init/019_model_execution_parameters.sql:85; malaria_dl_local_project/db/init/019_model_execution_parameters.sql:88; malaria_dl_local_project/db/init/019_model_execution_parameters.sql:91; malaria_dl_local_project/db/init/019_model_execution_parameters.sql:94; malaria_dl_local_project/db/init/012_dataset_split_image_tracking.sql:34; malaria_dl_local_project/db/init/012_dataset_split_image_tracking.sql:74; malaria_dl_local_project/db/init/012_dataset_split_image_tracking.sql:158; malaria_dl_local_project/db/init/012_dataset_split_image_tracking.sql:189; malaria_dl_local_project/db/init/029_stage2_model_publications.sql:27; malaria_dl_local_project/db/init/029_stage2_model_publications.sql:29; malaria_dl_local_project/db/init/027_model_governance_backfill_constraints.sql:32; malaria_dl_local_project/db/init/027_model_governance_backfill_constraints.sql:249; malaria_dl_local_project/db/init/027_model_governance_backfill_constraints.sql:293; malaria_dl_local_project/db/init/027_model_governance_backfill_constraints.sql:315; malaria_dl_local_project/db/init/027_model_governance_backfill_constraints.sql:381; malaria_dl_local_project/db/init/027_model_governance_backfill_constraints.sql:439; malaria_dl_local_project/db/init/027_model_governance_backfill_constraints.sql:517; malaria_dl_local_project/db/init/027_model_governance_backfill_constraints.sql:518; malaria_dl_local_project/db/init/027_model_governance_backfill_constraints.sql:732; malaria_dl_local_project/db/init/027_model_governance_backfill_constraints.sql:773,Preservar linaje/FK; no inferir resultados por tabla vacía,"`dataset_versions`, `datasets`, `experimental_campaigns`, `experiments`, `models`",Alto,Catálogo equivalente y prueba de contrato del consumidor; fixtures aisladas futuras; no ejecutadas
schema_migrations,schema_migrations,KEEP,DBA / plataforma,"Ledger de archivos SQL históricos/checksums; evidencia conservada, sin evolución nueva.",22 (captura E10.10.1; no conteo nuevo),PRIMARY KEY (migration_id),,chk_schema_migrations_checksum_sha256: CHECK (checksum ~ '^[0-9a-f]{64}$'::text),schema_migrations_pkey: CREATE UNIQUE INDEX schema_migrations_pkey ON public.schema_migrations USING btree (migration_id),,,Escritura procedimental/servicio: [scripts/db/verify_alembic_adoption.py:92](../../scripts/db/verify_alembic_adoption.py#L92)<br>[malaria_dl_local_project/scripts/init_db.py:197](../../malaria_dl_local_project/scripts/init_db.py#L197),malaria_dataset_split_project/src/malaria_split/discovery/system_contract_auditor.py:12; malaria_dataset_split_project/src/malaria_split/discovery/system_contract_auditor.py:105; malaria_dataset_split_project/src/malaria_split/discovery/system_contract_auditor.py:106; malaria_dataset_split_project/src/malaria_split/discovery/system_contract_auditor.py:109,Indirectos por servicio o CLI; ver responsabilidad,Indirecta por frontend/src/services/api.ts; ver matriz de dependencias por dominio,malaria_dl_local_project/db/init/023_schema_migrations_baseline.sql:2; malaria_dl_local_project/db/init/023_schema_migrations_baseline.sql:5; malaria_dl_local_project/db/init/023_schema_migrations_baseline.sql:14,Preservar linaje/FK; no inferir resultados por tabla vacía,Sin padres FK,Medio: conservar contrato,Catálogo equivalente y prueba de contrato del consumidor; fixtures aisladas futuras; no ejecutadas
scientific_cases,scientific_cases,KEEP,Backend / microscopía científica,"Caso/solicitud clínica científica, sujeto, prioridad, procedencia y archivo.",0 (captura E10.10.1; no conteo nuevo),PRIMARY KEY (id),scientific_cases_archived_by_fkey: FOREIGN KEY (archived_by) REFERENCES users(id) ON DELETE RESTRICT; scientific_cases_created_by_fkey: FOREIGN KEY (created_by) REFERENCES users(id) ON DELETE RESTRICT; scientific_cases_subject_id_fkey: FOREIGN KEY (subject_id) REFERENCES research_subjects(id) ON DELETE RESTRICT; scientific_cases_updated_by_fkey: FOREIGN KEY (updated_by) REFERENCES users(id) ON DELETE RESTRICT,"ck_scientific_case_archive_state: CHECK (status::text <> 'archived'::text AND archived_at IS NULL AND archived_by IS NULL OR status::text = 'archived'::text AND archived_at IS NOT NULL AND archived_by IS NOT NULL); scientific_cases_case_code_check: CHECK (btrim(case_code::text) <> ''::text); scientific_cases_case_code_key: UNIQUE (case_code); scientific_cases_metadata_json_check: CHECK (jsonb_typeof(metadata_json) = 'object'::text); scientific_cases_priority_check: CHECK (priority::text = ANY (ARRAY['low'::character varying::text, 'normal'::character varying::text, 'high'::character varying::text])); scientific_cases_source_type_check: CHECK (source_type::text = ANY (ARRAY['physical_microscope'::character varying::text, 'imported_image'::character varying::text, 'research_dataset'::character varying::text, 'synthetic'::character varying::text])); scientific_cases_status_check: CHECK (status::text = ANY (ARRAY['draft'::character varying::text, 'registered'::character varying::text, 'ready'::character varying::text, 'archived'::character varying::text]))","ix_scientific_cases_status_created: CREATE INDEX ix_scientific_cases_status_created ON public.scientific_cases USING btree (status, created_at DESC); ix_scientific_cases_subject: CREATE INDEX ix_scientific_cases_subject ON public.scientific_cases USING btree (subject_id); scientific_cases_case_code_key: CREATE UNIQUE INDEX scientific_cases_case_code_key ON public.scientific_cases USING btree (case_code); scientific_cases_pkey: CREATE UNIQUE INDEX scientific_cases_pkey ON public.scientific_cases USING btree (id)",,,backend_api/app/services/image_ingestion.py:193,backend_api/app/repositories/scientific.py:12; backend_api/app/repositories/scientific.py:132; backend_api/app/repositories/scientific.py:154; backend_api/app/services/smear_workflow.py:551; backend_api/app/services/image_ingestion.py:57; backend_api/app/services/image_ingestion.py:139; backend_api/app/services/image_ingestion.py:185; backend_api/app/services/image_ingestion.py:193; backend_api/app/services/image_ingestion.py:311; backend_api/app/services/image_ingestion.py:320; backend_api/app/services/microscopy_analysis.py:77; backend_api/app/services/microscopy_analysis.py:91,Indirectos por servicio o CLI; ver responsabilidad,frontend/src/pages/SmearWorkflow.tsx; SmearAnalysisHistory.tsx; components/cell-review; services/api.ts; relación indirecta por servicios clínicos.,alembic/versions/20260727_01_scientific_data_model.py:37; alembic/versions/20260727_01_scientific_data_model.py:62; alembic/versions/20260727_01_scientific_data_model.py:63; alembic/versions/20260727_01_scientific_data_model.py:67; alembic/versions/20260727_01_scientific_data_model.py:172; alembic/versions/20260727_02_secure_image_ingestion.py:44; alembic/versions/20260727_03_microscopy_quality_gate.py:16,Preservar linaje/FK; no inferir resultados por tabla vacía,"`research_subjects`, `users`",Medio: conservar contrato,Catálogo equivalente y prueba de contrato del consumidor; fixtures aisladas futuras; no ejecutadas
scientific_reviews,scientific_reviews,KEEP,Backend / microscopía científica,"Revisión científica de entidad existente, autor/decisión/razón y trazabilidad.",0 (captura E10.10.1; no conteo nuevo),PRIMARY KEY (id),scientific_reviews_actor_user_id_fkey: FOREIGN KEY (actor_user_id) REFERENCES users(id) ON DELETE RESTRICT; scientific_reviews_entity_id_fkey: FOREIGN KEY (entity_id) REFERENCES cell_detections(id) ON DELETE RESTRICT,"ck_scientific_review_comment: CHECK (decision::text = 'accepted'::text AND (comment IS NULL OR btrim(comment) <> ''::text) OR (decision::text = ANY (ARRAY['rejected'::character varying::text, 'needs_attention'::character varying::text, 'comment_only'::character varying::text])) AND comment IS NOT NULL AND btrim(comment) <> ''::text); scientific_reviews_decision_check: CHECK (decision::text = ANY (ARRAY['accepted'::character varying::text, 'rejected'::character varying::text, 'needs_attention'::character varying::text, 'comment_only'::character varying::text])); scientific_reviews_entity_type_check: CHECK (entity_type::text = 'cell_detection'::text)","ix_scientific_reviews_actor_created: CREATE INDEX ix_scientific_reviews_actor_created ON public.scientific_reviews USING btree (actor_user_id, created_at DESC, id DESC); ix_scientific_reviews_entity_created: CREATE INDEX ix_scientific_reviews_entity_created ON public.scientific_reviews USING btree (entity_type, entity_id, created_at, id); scientific_reviews_pkey: CREATE UNIQUE INDEX scientific_reviews_pkey ON public.scientific_reviews USING btree (id)",trg_scientific_reviews_append_only: CREATE TRIGGER trg_scientific_reviews_append_only BEFORE DELETE OR UPDATE ON scientific_reviews FOR EACH ROW EXECUTE FUNCTION reject_cell_analysis_row_mutation(),,backend_api/app/repositories/cell_analysis.py:792; alembic/versions/20260727_05_cell_detection_and_review.py:263,backend_api/app/repositories/cell_classification.py:391; backend_api/app/repositories/cell_classification.py:1552; backend_api/app/repositories/cell_analysis.py:29; backend_api/app/repositories/cell_analysis.py:504; backend_api/app/repositories/cell_analysis.py:582; backend_api/app/repositories/cell_analysis.py:792; backend_api/app/repositories/cell_analysis.py:824; backend_api/app/repositories/cell_analysis.py:837; backend_api/app/services/smear_workflow.py:453,Indirectos por servicio o CLI; ver responsabilidad,frontend/src/pages/SmearWorkflow.tsx; SmearAnalysisHistory.tsx; components/cell-review; services/api.ts; relación indirecta por servicios clínicos.,alembic/versions/20260727_05_cell_detection_and_review.py:219; alembic/versions/20260727_05_cell_detection_and_review.py:238; alembic/versions/20260727_05_cell_detection_and_review.py:240; alembic/versions/20260727_05_cell_detection_and_review.py:263; alembic/versions/20260727_05_cell_detection_and_review.py:314,Preservar linaje/FK; no inferir resultados por tabla vacía,"`cell_detections`, `users`",Medio: conservar contrato,Catálogo equivalente y prueba de contrato del consumidor; fixtures aisladas futuras; no ejecutadas
scientific_validation_annotation_events,scientific_validation_annotation_events,KEEP,Backend / microscopía científica,Historial de versiones/estado antes-después de anotación por usuario.,0 (captura E10.10.1; no conteo nuevo),PRIMARY KEY (id),scientific_validation_annotation_eve_validation_session_id_fkey: FOREIGN KEY (validation_session_id) REFERENCES scientific_validation_sessions(id) ON DELETE RESTRICT; scientific_validation_annotation_events_actor_user_id_fkey: FOREIGN KEY (actor_user_id) REFERENCES users(id) ON DELETE RESTRICT; scientific_validation_annotation_events_annotation_id_fkey: FOREIGN KEY (annotation_id) REFERENCES scientific_validation_annotations(id) ON DELETE RESTRICT,"ck_validation_annotation_event_before: CHECK (event_type::text = 'created'::text AND before_state IS NULL AND annotation_version = 1 OR event_type::text = 'updated'::text AND jsonb_typeof(before_state) = 'object'::text AND annotation_version > 1); scientific_validation_annotat_annotation_id_annotation_vers_key: UNIQUE (annotation_id, annotation_version); scientific_validation_annotation_event_annotation_version_check: CHECK (annotation_version > 0); scientific_validation_annotation_events_after_state_check: CHECK (jsonb_typeof(after_state) = 'object'::text); scientific_validation_annotation_events_event_type_check: CHECK (event_type::text = ANY (ARRAY['created'::character varying::text, 'updated'::character varying::text]))","ix_validation_annotation_events_actor_created: CREATE INDEX ix_validation_annotation_events_actor_created ON public.scientific_validation_annotation_events USING btree (actor_user_id, created_at DESC, id DESC); ix_validation_annotation_events_annotation_created: CREATE INDEX ix_validation_annotation_events_annotation_created ON public.scientific_validation_annotation_events USING btree (annotation_id, created_at, id); scientific_validation_annotat_annotation_id_annotation_vers_key: CREATE UNIQUE INDEX scientific_validation_annotat_annotation_id_annotation_vers_key ON public.scientific_validation_annotation_events USING btree (annotation_id, annotation_version); scientific_validation_annotation_events_pkey: CREATE UNIQUE INDEX scientific_validation_annotation_events_pkey ON public.scientific_validation_annotation_events USING btree (id)",trg_validation_annotation_events_append_only: CREATE TRIGGER trg_validation_annotation_events_append_only BEFORE DELETE OR UPDATE ON scientific_validation_annotation_events FOR EACH ROW EXECUTE FUNCTION prevent_validation_annotation_event_mutation(),,backend_api/app/repositories/scientific_validation.py:257; alembic/versions/20260810_02_scientific_validation_annotations.py:101,backend_api/app/repositories/scientific_validation.py:257; backend_api/app/repositories/scientific_validation.py:404; backend_api/app/repositories/scientific_validation.py:413,Indirectos por servicio o CLI; ver responsabilidad,frontend/src/pages/SmearWorkflow.tsx; SmearAnalysisHistory.tsx; components/cell-review; services/api.ts; relación indirecta por servicios clínicos.,alembic/versions/20260810_02_scientific_validation_annotations.py:45; alembic/versions/20260810_02_scientific_validation_annotations.py:65; alembic/versions/20260810_02_scientific_validation_annotations.py:67; alembic/versions/20260810_02_scientific_validation_annotations.py:101; alembic/versions/20260810_02_scientific_validation_annotations.py:109; alembic/versions/20260810_02_scientific_validation_annotations.py:114; alembic/versions/20260810_05_general_scientific_annotations.py:16; alembic/versions/20260810_05_general_scientific_annotations.py:35,Preservar linaje/FK; no inferir resultados por tabla vacía,"`scientific_validation_annotations`, `scientific_validation_sessions`, `users`",Medio: conservar contrato,Catálogo equivalente y prueba de contrato del consumidor; fixtures aisladas futuras; no ejecutadas
scientific_validation_annotations,scientific_validation_annotations,KEEP,Backend / microscopía científica,"Anotación humana de referencia por sesión/target, versionada para validación.",0 (captura E10.10.1; no conteo nuevo),PRIMARY KEY (id),scientific_validation_annotations_analysis_run_id_fkey: FOREIGN KEY (analysis_run_id) REFERENCES microscopy_analysis_runs(id) ON DELETE RESTRICT; scientific_validation_annotations_cell_detection_id_fkey: FOREIGN KEY (cell_detection_id) REFERENCES cell_detections(id) ON DELETE RESTRICT; scientific_validation_annotations_created_by_fkey: FOREIGN KEY (created_by) REFERENCES users(id) ON DELETE RESTRICT; scientific_validation_annotations_sample_id_fkey: FOREIGN KEY (sample_id) REFERENCES blood_samples(id) ON DELETE RESTRICT; scientific_validation_annotations_updated_by_fkey: FOREIGN KEY (updated_by) REFERENCES users(id) ON DELETE RESTRICT; scientific_validation_annotations_validation_session_id_fkey: FOREIGN KEY (validation_session_id) REFERENCES scientific_validation_sessions(id) ON DELETE RESTRICT,"ck_validation_annotation_exact_target: CHECK (target_type::text = 'cell'::text AND cell_detection_id IS NOT NULL AND analysis_run_id IS NULL AND sample_id IS NULL OR target_type::text = 'analysis'::text AND analysis_run_id IS NOT NULL AND cell_detection_id IS NULL AND sample_id IS NULL OR target_type::text = 'sample'::text AND sample_id IS NOT NULL AND cell_detection_id IS NULL AND analysis_run_id IS NULL); scientific_validation_annotations_category_check: CHECK (btrim(category::text) <> ''::text); scientific_validation_annotations_content_check: CHECK (btrim(content) <> ''::text); scientific_validation_annotations_target_type_check: CHECK (target_type::text = ANY (ARRAY['cell'::character varying::text, 'analysis'::character varying::text, 'sample'::character varying::text])); scientific_validation_annotations_version_check: CHECK (version > 0)","ix_validation_annotations_general_target: CREATE INDEX ix_validation_annotations_general_target ON public.scientific_validation_annotations USING btree (target_type, cell_detection_id, sample_id, created_at, id) WHERE (validation_session_id IS NULL); ix_validation_annotations_session_analysis: CREATE INDEX ix_validation_annotations_session_analysis ON public.scientific_validation_annotations USING btree (validation_session_id, analysis_run_id, created_at, id) WHERE ((target_type)::text = 'analysis'::text); ix_validation_annotations_session_category: CREATE INDEX ix_validation_annotations_session_category ON public.scientific_validation_annotations USING btree (validation_session_id, category, created_at, id); ix_validation_annotations_session_cell: CREATE INDEX ix_validation_annotations_session_cell ON public.scientific_validation_annotations USING btree (validation_session_id, cell_detection_id, created_at, id) WHERE ((target_type)::text = 'cell'::text); ix_validation_annotations_session_created: CREATE INDEX ix_validation_annotations_session_created ON public.scientific_validation_annotations USING btree (validation_session_id, created_at, id); ix_validation_annotations_session_sample: CREATE INDEX ix_validation_annotations_session_sample ON public.scientific_validation_annotations USING btree (validation_session_id, sample_id, created_at, id) WHERE ((target_type)::text = 'sample'::text); scientific_validation_annotations_pkey: CREATE UNIQUE INDEX scientific_validation_annotations_pkey ON public.scientific_validation_annotations USING btree (id)",trg_validation_annotation_protected: CREATE TRIGGER trg_validation_annotation_protected BEFORE DELETE OR UPDATE ON scientific_validation_annotations FOR EACH ROW EXECUTE FUNCTION protect_validation_annotation(),,backend_api/app/repositories/scientific_validation.py:276; backend_api/app/repositories/scientific_validation.py:374; alembic/versions/20260810_02_scientific_validation_annotations.py:91,backend_api/app/repositories/scientific_validation.py:276; backend_api/app/repositories/scientific_validation.py:304; backend_api/app/repositories/scientific_validation.py:342; backend_api/app/repositories/scientific_validation.py:349; backend_api/app/repositories/scientific_validation.py:366; backend_api/app/repositories/scientific_validation.py:374,Indirectos por servicio o CLI; ver responsabilidad,frontend/src/pages/SmearWorkflow.tsx; SmearAnalysisHistory.tsx; components/cell-review; services/api.ts; relación indirecta por servicios clínicos.,alembic/versions/20260810_04_sample_validation_annotations.py:14; alembic/versions/20260810_04_sample_validation_annotations.py:17; alembic/versions/20260810_04_sample_validation_annotations.py:21; alembic/versions/20260810_04_sample_validation_annotations.py:36; alembic/versions/20260810_04_sample_validation_annotations.py:70; alembic/versions/20260810_04_sample_validation_annotations.py:76; alembic/versions/20260810_04_sample_validation_annotations.py:80; alembic/versions/20260810_02_scientific_validation_annotations.py:14; alembic/versions/20260810_02_scientific_validation_annotations.py:35; alembic/versions/20260810_02_scientific_validation_annotations.py:37; alembic/versions/20260810_02_scientific_validation_annotations.py:40; alembic/versions/20260810_02_scientific_validation_annotations.py:43; alembic/versions/20260810_02_scientific_validation_annotations.py:48; alembic/versions/20260810_02_scientific_validation_annotations.py:91; alembic/versions/20260810_02_scientific_validation_annotations.py:112; alembic/versions/20260810_02_scientific_validation_annotations.py:115; alembic/versions/20260810_05_general_scientific_annotations.py:14; alembic/versions/20260810_05_general_scientific_annotations.py:19; alembic/versions/20260810_05_general_scientific_annotations.py:29; alembic/versions/20260810_05_general_scientific_annotations.py:37,Preservar linaje/FK; no inferir resultados por tabla vacía,"`blood_samples`, `cell_detections`, `microscopy_analysis_runs`, `scientific_validation_sessions`, `users`",Medio: conservar contrato,Catálogo equivalente y prueba de contrato del consumidor; fixtures aisladas futuras; no ejecutadas
scientific_validation_classification_runs,scientific_validation_classification_runs,KEEP,Backend / microscopía científica,"Binding sesión de validación–ejecución de clasificación, sin copiar outputs.",0 (captura E10.10.1; no conteo nuevo),"PRIMARY KEY (session_id, classification_run_id)",scientific_validation_classification_classification_run_id_fkey: FOREIGN KEY (classification_run_id) REFERENCES cell_classification_runs(id) ON DELETE RESTRICT; scientific_validation_classification_runs_session_id_fkey: FOREIGN KEY (session_id) REFERENCES scientific_validation_sessions(id) ON DELETE RESTRICT,,"scientific_validation_classification_runs_pkey: CREATE UNIQUE INDEX scientific_validation_classification_runs_pkey ON public.scientific_validation_classification_runs USING btree (session_id, classification_run_id)",trg_validation_classification_runs_immutable: CREATE TRIGGER trg_validation_classification_runs_immutable BEFORE DELETE OR UPDATE ON scientific_validation_classification_runs FOR EACH ROW EXECUTE FUNCTION prevent_validation_membership_mutation(),,backend_api/app/repositories/scientific_validation.py:82; alembic/versions/20260810_01_scientific_validation_sessions.py:100,backend_api/app/repositories/scientific_validation.py:82; backend_api/app/repositories/scientific_validation.py:104; backend_api/app/repositories/scientific_validation.py:116; backend_api/app/repositories/scientific_validation.py:170; backend_api/app/repositories/scientific_validation.py:194,Indirectos por servicio o CLI; ver responsabilidad,frontend/src/pages/SmearWorkflow.tsx; SmearAnalysisHistory.tsx; components/cell-review; services/api.ts; relación indirecta por servicios clínicos.,alembic/versions/20260810_01_scientific_validation_sessions.py:61; alembic/versions/20260810_01_scientific_validation_sessions.py:100; alembic/versions/20260810_01_scientific_validation_sessions.py:107; alembic/versions/20260810_01_scientific_validation_sessions.py:113,Preservar linaje/FK; no inferir resultados por tabla vacía,"`cell_classification_runs`, `scientific_validation_sessions`",Medio: conservar contrato,Catálogo equivalente y prueba de contrato del consumidor; fixtures aisladas futuras; no ejecutadas
scientific_validation_detection_runs,scientific_validation_detection_runs,KEEP,Backend / microscopía científica,Binding sesión de validación–detección con configuración exacta.,0 (captura E10.10.1; no conteo nuevo),"PRIMARY KEY (session_id, detection_run_id)",scientific_validation_detection_runs_detection_run_id_fkey: FOREIGN KEY (detection_run_id) REFERENCES cell_detection_runs(id) ON DELETE RESTRICT; scientific_validation_detection_runs_session_id_fkey: FOREIGN KEY (session_id) REFERENCES scientific_validation_sessions(id) ON DELETE RESTRICT,,"scientific_validation_detection_runs_pkey: CREATE UNIQUE INDEX scientific_validation_detection_runs_pkey ON public.scientific_validation_detection_runs USING btree (session_id, detection_run_id)",trg_validation_detection_runs_immutable: CREATE TRIGGER trg_validation_detection_runs_immutable BEFORE DELETE OR UPDATE ON scientific_validation_detection_runs FOR EACH ROW EXECUTE FUNCTION prevent_validation_membership_mutation(),,backend_api/app/repositories/scientific_validation.py:77; alembic/versions/20260810_01_scientific_validation_sessions.py:97,backend_api/app/repositories/scientific_validation.py:77; backend_api/app/repositories/scientific_validation.py:100; backend_api/app/repositories/scientific_validation.py:115; backend_api/app/repositories/scientific_validation.py:155; backend_api/app/repositories/scientific_validation.py:165; backend_api/app/repositories/scientific_validation.py:188,Indirectos por servicio o CLI; ver responsabilidad,frontend/src/pages/SmearWorkflow.tsx; SmearAnalysisHistory.tsx; components/cell-review; services/api.ts; relación indirecta por servicios clínicos.,alembic/versions/20260810_01_scientific_validation_sessions.py:54; alembic/versions/20260810_01_scientific_validation_sessions.py:97; alembic/versions/20260810_01_scientific_validation_sessions.py:108; alembic/versions/20260810_01_scientific_validation_sessions.py:114,Preservar linaje/FK; no inferir resultados por tabla vacía,"`cell_detection_runs`, `scientific_validation_sessions`",Medio: conservar contrato,Catálogo equivalente y prueba de contrato del consumidor; fixtures aisladas futuras; no ejecutadas
scientific_validation_images,scientific_validation_images,KEEP,Backend / microscopía científica,Conjunto de imágenes de referencia de sesión con secuencia y hash congelados.,0 (captura E10.10.1; no conteo nuevo),"PRIMARY KEY (session_id, microscopy_image_id)",scientific_validation_images_microscopy_image_id_fkey: FOREIGN KEY (microscopy_image_id) REFERENCES microscopy_images(id) ON DELETE RESTRICT; scientific_validation_images_session_id_fkey: FOREIGN KEY (session_id) REFERENCES scientific_validation_sessions(id) ON DELETE RESTRICT,"scientific_validation_images_image_sha256_check: CHECK (image_sha256 ~ '^[0-9a-f]{64}$'::text); scientific_validation_images_sequence_number_check: CHECK (sequence_number > 0); scientific_validation_images_session_id_sequence_number_key: UNIQUE (session_id, sequence_number)","scientific_validation_images_pkey: CREATE UNIQUE INDEX scientific_validation_images_pkey ON public.scientific_validation_images USING btree (session_id, microscopy_image_id); scientific_validation_images_session_id_sequence_number_key: CREATE UNIQUE INDEX scientific_validation_images_session_id_sequence_number_key ON public.scientific_validation_images USING btree (session_id, sequence_number)",trg_validation_images_immutable: CREATE TRIGGER trg_validation_images_immutable BEFORE DELETE OR UPDATE ON scientific_validation_images FOR EACH ROW EXECUTE FUNCTION prevent_validation_membership_mutation(),,backend_api/app/repositories/scientific_validation.py:71; alembic/versions/20260810_01_scientific_validation_sessions.py:94,backend_api/app/repositories/scientific_validation.py:71; backend_api/app/repositories/scientific_validation.py:96; backend_api/app/repositories/scientific_validation.py:114; backend_api/app/repositories/scientific_validation.py:175; backend_api/app/repositories/scientific_validation.py:200,Indirectos por servicio o CLI; ver responsabilidad,frontend/src/pages/SmearWorkflow.tsx; SmearAnalysisHistory.tsx; components/cell-review; services/api.ts; relación indirecta por servicios clínicos.,alembic/versions/20260810_01_scientific_validation_sessions.py:44; alembic/versions/20260810_01_scientific_validation_sessions.py:94; alembic/versions/20260810_01_scientific_validation_sessions.py:109; alembic/versions/20260810_01_scientific_validation_sessions.py:115,Preservar linaje/FK; no inferir resultados por tabla vacía,"`microscopy_images`, `scientific_validation_sessions`",Medio: conservar contrato,Catálogo equivalente y prueba de contrato del consumidor; fixtures aisladas futuras; no ejecutadas
scientific_validation_sessions,scientific_validation_sessions,KEEP,Backend / microscopía científica,Protocolo/snapshot inicial y estado de sesión de validación científica de microscopía.,0 (captura E10.10.1; no conteo nuevo),PRIMARY KEY (id),scientific_validation_sessions_archived_by_fkey: FOREIGN KEY (archived_by) REFERENCES users(id) ON DELETE RESTRICT; scientific_validation_sessions_created_by_fkey: FOREIGN KEY (created_by) REFERENCES users(id) ON DELETE RESTRICT; scientific_validation_sessions_updated_by_fkey: FOREIGN KEY (updated_by) REFERENCES users(id) ON DELETE RESTRICT,"ck_validation_session_archive: CHECK (status::text <> 'archived'::text AND archived_at IS NULL AND archived_by IS NULL OR status::text = 'archived'::text AND archived_at IS NOT NULL AND archived_by IS NOT NULL); scientific_validation_sessions_datasource_check: CHECK (btrim(datasource::text) <> ''::text); scientific_validation_sessions_initial_snapshot_check: CHECK (jsonb_typeof(initial_snapshot) = 'object'::text); scientific_validation_sessions_matching_iou_threshold_check: CHECK (matching_iou_threshold > 0::double precision AND matching_iou_threshold <= 1::double precision); scientific_validation_sessions_name_check: CHECK (btrim(name::text) <> ''::text); scientific_validation_sessions_protocol_key_check: CHECK (btrim(protocol_key::text) <> ''::text); scientific_validation_sessions_protocol_version_check: CHECK (btrim(protocol_version::text) <> ''::text); scientific_validation_sessions_snapshot_sha256_check: CHECK (snapshot_sha256 ~ '^[0-9a-f]{64}$'::text); scientific_validation_sessions_status_check: CHECK (status::text = ANY (ARRAY['draft'::character varying::text, 'annotation_in_progress'::character varying::text, 'ready_for_analysis'::character varying::text, 'completed'::character varying::text, 'archived'::character varying::text]))","ix_validation_sessions_creator_created: CREATE INDEX ix_validation_sessions_creator_created ON public.scientific_validation_sessions USING btree (created_by, created_at DESC, id DESC); ix_validation_sessions_status_created: CREATE INDEX ix_validation_sessions_status_created ON public.scientific_validation_sessions USING btree (status, created_at DESC, id DESC); scientific_validation_sessions_pkey: CREATE UNIQUE INDEX scientific_validation_sessions_pkey ON public.scientific_validation_sessions USING btree (id)",trg_validation_snapshot_protected: CREATE TRIGGER trg_validation_snapshot_protected BEFORE DELETE OR UPDATE ON scientific_validation_sessions FOR EACH ROW EXECUTE FUNCTION protect_validation_snapshot(),,backend_api/app/repositories/scientific_validation.py:61; backend_api/app/repositories/scientific_validation.py:129; backend_api/app/repositories/scientific_validation.py:137; alembic/versions/20260810_01_scientific_validation_sessions.py:86,backend_api/app/repositories/scientific_validation.py:61; backend_api/app/repositories/scientific_validation.py:90; backend_api/app/repositories/scientific_validation.py:117; backend_api/app/repositories/scientific_validation.py:121; backend_api/app/repositories/scientific_validation.py:129; backend_api/app/repositories/scientific_validation.py:137,Indirectos por servicio o CLI; ver responsabilidad,frontend/src/pages/SmearWorkflow.tsx; SmearAnalysisHistory.tsx; components/cell-review; services/api.ts; relación indirecta por servicios clínicos.,alembic/versions/20260810_02_scientific_validation_annotations.py:17; alembic/versions/20260810_02_scientific_validation_annotations.py:50; alembic/versions/20260810_01_scientific_validation_sessions.py:14; alembic/versions/20260810_01_scientific_validation_sessions.py:40; alembic/versions/20260810_01_scientific_validation_sessions.py:42; alembic/versions/20260810_01_scientific_validation_sessions.py:45; alembic/versions/20260810_01_scientific_validation_sessions.py:55; alembic/versions/20260810_01_scientific_validation_sessions.py:62; alembic/versions/20260810_01_scientific_validation_sessions.py:86; alembic/versions/20260810_01_scientific_validation_sessions.py:111; alembic/versions/20260810_01_scientific_validation_sessions.py:116,Preservar linaje/FK; no inferir resultados por tabla vacía,`users`,Medio: conservar contrato,Catálogo equivalente y prueba de contrato del consumidor; fixtures aisladas futuras; no ejecutadas
smear_analysis_summaries,smear_analysis_summaries,KEEP,Backend / microscopía científica,Resumen automático/revisado de frotis según política de agregación; no diagnóstico confirmado.,0 (captura E10.10.1; no conteo nuevo),PRIMARY KEY (id),"fk_smear_summary_classification_lineage: FOREIGN KEY (classification_run_id, analysis_run_id, detection_run_id) REFERENCES cell_classification_runs(id, analysis_run_id, detection_run_id) ON DELETE RESTRICT","ck_smear_summary_counts: CHECK (classified_cell_count = (parasitized_candidate_count + uninfected_candidate_count) AND (classified_cell_count + failed_prediction_count) = eligible_cell_count AND near_threshold_count <= classified_cell_count); ck_smear_summary_fraction: CHECK (classified_cell_count = 0 AND parasitized_candidate_fraction IS NULL OR classified_cell_count > 0 AND parasitized_candidate_fraction >= 0::double precision AND parasitized_candidate_fraction <= 1::double precision AND abs(parasitized_candidate_fraction - parasitized_candidate_count::double precision / classified_cell_count::double precision) <= 0.000000001::double precision); ck_smear_summary_probabilities: CHECK (classified_cell_count = 0 AND maximum_probability_parasitized IS NULL AND mean_probability_parasitized IS NULL AND median_probability_parasitized IS NULL OR classified_cell_count > 0 AND maximum_probability_parasitized >= 0::double precision AND maximum_probability_parasitized <= 1::double precision AND mean_probability_parasitized >= 0::double precision AND mean_probability_parasitized <= 1::double precision AND median_probability_parasitized >= 0::double precision AND median_probability_parasitized <= 1::double precision); smear_analysis_summaries_aggregation_policy_snapshot_check: CHECK (jsonb_typeof(aggregation_policy_snapshot) = 'object'::text); smear_analysis_summaries_classification_run_id_key: UNIQUE (classification_run_id); smear_analysis_summaries_classified_cell_count_check: CHECK (classified_cell_count >= 0); smear_analysis_summaries_eligible_cell_count_check: CHECK (eligible_cell_count >= 0); smear_analysis_summaries_failed_prediction_count_check: CHECK (failed_prediction_count >= 0); smear_analysis_summaries_near_threshold_count_check: CHECK (near_threshold_count >= 0); smear_analysis_summaries_outcome_check: CHECK (outcome::text = ANY (ARRAY['suspicious_cells_detected'::character varying::text, 'no_suspicious_cells_detected'::character varying::text, 'inconclusive'::character varying::text])); smear_analysis_summaries_parasitized_candidate_count_check: CHECK (parasitized_candidate_count >= 0); smear_analysis_summaries_per_image_summary_check: CHECK (jsonb_typeof(per_image_summary) = 'object'::text); smear_analysis_summaries_uninfected_candidate_count_check: CHECK (uninfected_candidate_count >= 0)","ix_smear_analysis_summaries_analysis_created: CREATE INDEX ix_smear_analysis_summaries_analysis_created ON public.smear_analysis_summaries USING btree (analysis_run_id, created_at DESC, id DESC); ix_smear_analysis_summaries_detection_created: CREATE INDEX ix_smear_analysis_summaries_detection_created ON public.smear_analysis_summaries USING btree (detection_run_id, created_at DESC, id DESC); ix_smear_analysis_summaries_outcome_created: CREATE INDEX ix_smear_analysis_summaries_outcome_created ON public.smear_analysis_summaries USING btree (outcome, created_at DESC, id DESC); smear_analysis_summaries_classification_run_id_key: CREATE UNIQUE INDEX smear_analysis_summaries_classification_run_id_key ON public.smear_analysis_summaries USING btree (classification_run_id); smear_analysis_summaries_pkey: CREATE UNIQUE INDEX smear_analysis_summaries_pkey ON public.smear_analysis_summaries USING btree (id)",trg_smear_analysis_summaries_append_only: CREATE TRIGGER trg_smear_analysis_summaries_append_only BEFORE DELETE OR UPDATE ON smear_analysis_summaries FOR EACH ROW EXECUTE FUNCTION reject_cell_classification_row_mutation(); trg_smear_analysis_summaries_insert_state: CREATE TRIGGER trg_smear_analysis_summaries_insert_state BEFORE INSERT ON smear_analysis_summaries FOR EACH ROW EXECUTE FUNCTION validate_cell_classification_insert_state(); trg_smear_analysis_summaries_validate: CREATE TRIGGER trg_smear_analysis_summaries_validate BEFORE INSERT ON smear_analysis_summaries FOR EACH ROW EXECUTE FUNCTION validate_smear_analysis_summary(),protect_cell_classification_run(); validate_cell_classification_insert_state(),backend_api/app/repositories/cell_classification.py:841; alembic/versions/20260728_01_cell_classification_and_explainability.py:1220,backend_api/app/repositories/cell_classification.py:36; backend_api/app/repositories/cell_classification.py:841; backend_api/app/repositories/cell_classification.py:1054; backend_api/app/services/smear_workflow.py:443,Indirectos por servicio o CLI; ver responsabilidad,frontend/src/pages/SmearWorkflow.tsx; SmearAnalysisHistory.tsx; components/cell-review; services/api.ts; relación indirecta por servicios clínicos.,alembic/versions/20260728_02_cell_classification_summary_integrity.py:186; alembic/versions/20260728_02_cell_classification_summary_integrity.py:188; alembic/versions/20260728_01_cell_classification_and_explainability.py:552; alembic/versions/20260728_01_cell_classification_and_explainability.py:633; alembic/versions/20260728_01_cell_classification_and_explainability.py:637; alembic/versions/20260728_01_cell_classification_and_explainability.py:641; alembic/versions/20260728_01_cell_classification_and_explainability.py:997; alembic/versions/20260728_01_cell_classification_and_explainability.py:1010; alembic/versions/20260728_01_cell_classification_and_explainability.py:1039; alembic/versions/20260728_01_cell_classification_and_explainability.py:1210; alembic/versions/20260728_01_cell_classification_and_explainability.py:1220; alembic/versions/20260728_01_cell_classification_and_explainability.py:1319; alembic/versions/20260728_01_cell_classification_and_explainability.py:1555,Preservar linaje/FK; no inferir resultados por tabla vacía,`cell_classification_runs`,Medio: conservar contrato,Catálogo equivalente y prueba de contrato del consumidor; fixtures aisladas futuras; no ejecutadas
smear_slides,smear_slides,KEEP,Backend / microscopía científica,"Lámina/portaobjetos de la muestra, tipo de frotis y procedencia.",0 (captura E10.10.1; no conteo nuevo),PRIMARY KEY (id),smear_slides_archived_by_fkey: FOREIGN KEY (archived_by) REFERENCES users(id) ON DELETE RESTRICT; smear_slides_created_by_fkey: FOREIGN KEY (created_by) REFERENCES users(id) ON DELETE RESTRICT; smear_slides_sample_id_fkey: FOREIGN KEY (sample_id) REFERENCES blood_samples(id) ON DELETE RESTRICT; smear_slides_updated_by_fkey: FOREIGN KEY (updated_by) REFERENCES users(id) ON DELETE RESTRICT,"ck_smear_slide_archive_state: CHECK (status::text <> 'archived'::text AND archived_at IS NULL AND archived_by IS NULL OR status::text = 'archived'::text AND archived_at IS NOT NULL AND archived_by IS NOT NULL); smear_slides_metadata_json_check: CHECK (jsonb_typeof(metadata_json) = 'object'::text); smear_slides_slide_code_check: CHECK (btrim(slide_code::text) <> ''::text); smear_slides_smear_type_check: CHECK (smear_type::text = ANY (ARRAY['thin'::character varying::text, 'thick'::character varying::text, 'combined'::character varying::text, 'unknown'::character varying::text])); smear_slides_status_check: CHECK (status::text = ANY (ARRAY['registered'::character varying::text, 'prepared'::character varying::text, 'ready_for_capture'::character varying::text, 'archived'::character varying::text])); uq_smear_slides_sample_code: UNIQUE (sample_id, slide_code)","ix_smear_slides_sample: CREATE INDEX ix_smear_slides_sample ON public.smear_slides USING btree (sample_id); ix_smear_slides_status_created: CREATE INDEX ix_smear_slides_status_created ON public.smear_slides USING btree (status, created_at DESC); smear_slides_pkey: CREATE UNIQUE INDEX smear_slides_pkey ON public.smear_slides USING btree (id); uq_smear_slides_sample_code: CREATE UNIQUE INDEX uq_smear_slides_sample_code ON public.smear_slides USING btree (sample_id, slide_code)",,,backend_api/app/services/image_ingestion.py:372; backend_api/app/services/microscopy_analysis.py:92,backend_api/app/repositories/cell_classification.py:269; backend_api/app/repositories/cell_analysis.py:19; backend_api/app/repositories/cell_analysis.py:118; backend_api/app/repositories/cell_analysis.py:159; backend_api/app/repositories/scientific.py:14; backend_api/app/repositories/scientific.py:134; backend_api/app/repositories/scientific.py:157; backend_api/app/services/smear_workflow.py:414; backend_api/app/services/smear_workflow.py:553; backend_api/app/services/image_ingestion.py:59; backend_api/app/services/image_ingestion.py:358; backend_api/app/services/image_ingestion.py:372; backend_api/app/services/microscopy_analysis.py:78; backend_api/app/services/microscopy_analysis.py:92; backend_api/app/services/microscopy_analysis.py:238; backend_api/app/services/microscopy_analysis.py:253,Indirectos por servicio o CLI; ver responsabilidad,frontend/src/pages/SmearWorkflow.tsx; SmearAnalysisHistory.tsx; components/cell-review; services/api.ts; relación indirecta por servicios clínicos.,alembic/versions/20260727_01_scientific_data_model.py:97; alembic/versions/20260727_01_scientific_data_model.py:122; alembic/versions/20260727_01_scientific_data_model.py:123; alembic/versions/20260727_01_scientific_data_model.py:127; alembic/versions/20260727_01_scientific_data_model.py:170; alembic/versions/20260727_02_secure_image_ingestion.py:46; alembic/versions/20260727_03_microscopy_quality_gate.py:18,Preservar linaje/FK; no inferir resultados por tabla vacía,"`blood_samples`, `users`",Medio: conservar contrato,Catálogo equivalente y prueba de contrato del consumidor; fixtures aisladas futuras; no ejecutadas
stage2_model_publication_events,stage2_model_publication_events,KEEP,MLOps / gobernanza de modelos,Historial de publicar/desactivar/reactivar modelo para Etapa 2.,0 (captura E10.10.1; no conteo nuevo),PRIMARY KEY (id),stage2_model_publication_events_publication_id_fkey: FOREIGN KEY (publication_id) REFERENCES stage2_model_publications(id) ON DELETE RESTRICT,"chk_stage2_publication_event_metadata: CHECK (jsonb_typeof(metadata) = 'object'::text); chk_stage2_publication_event_status: CHECK ((new_status = ANY (ARRAY['active'::text, 'inactive'::text])) AND (previous_status IS NULL OR (previous_status = ANY (ARRAY['active'::text, 'inactive'::text])))); chk_stage2_publication_event_type: CHECK (event_type = ANY (ARRAY['MODEL_STAGE2_PUBLISHED'::text, 'MODEL_STAGE2_DEACTIVATED'::text, 'MODEL_STAGE2_REACTIVATED'::text]))","idx_stage2_publication_events_publication: CREATE INDEX idx_stage2_publication_events_publication ON public.stage2_model_publication_events USING btree (publication_id, event_at); stage2_model_publication_events_pkey: CREATE UNIQUE INDEX stage2_model_publication_events_pkey ON public.stage2_model_publication_events USING btree (id)",trg_stage2_publication_events_append_only: CREATE TRIGGER trg_stage2_publication_events_append_only BEFORE DELETE OR UPDATE ON stage2_model_publication_events FOR EACH ROW EXECUTE FUNCTION prevent_stage2_publication_event_mutation(),prevent_stage2_publication_event_mutation(),Escritura procedimental/servicio: [malaria_dl_local_project/src/malaria_dl/governance/services/stage2_publication_service.py:228](../../malaria_dl_local_project/src/malaria_dl/governance/services/stage2_publication_service.py#L228),Ledger/migrador; no consumidor científico directo,Indirectos por servicio o CLI; ver responsabilidad,No localizada; no se infiere retiro,,Preservar linaje/FK; no inferir resultados por tabla vacía,`stage2_model_publications`,Medio: conservar contrato,Catálogo equivalente y prueba de contrato del consumidor; fixtures aisladas futuras; no ejecutadas
stage2_model_publications,stage2_model_publications,REFACTOR,MLOps / gobernanza de modelos,Versión/artefacto/TRAIN/EVALUATE publicados; v2 refuerza TRAIN propio de versión.,0 (captura E10.10.1; no conteo nuevo),PRIMARY KEY (id),"fk_stage2_publication_evaluation: FOREIGN KEY (evaluation_run_id) REFERENCES runs(id) ON DELETE RESTRICT; fk_stage2_publication_training: FOREIGN KEY (training_run_id) REFERENCES runs(id) ON DELETE RESTRICT; fk_stage2_publication_version_artifact: FOREIGN KEY (model_version_id, checkpoint_artifact_id) REFERENCES model_versions(id, checkpoint_artifact_id) ON DELETE RESTRICT","chk_stage2_publication_metadata: CHECK (jsonb_typeof(metadata) = 'object'::text); chk_stage2_publication_scope: CHECK (scope = 'stage2'::text); chk_stage2_publication_state: CHECK (status = 'active'::text AND is_active AND deactivated_at IS NULL OR status = 'inactive'::text AND NOT is_active AND deactivated_at IS NOT NULL); chk_stage2_publication_status: CHECK (status = ANY (ARRAY['active'::text, 'inactive'::text]))","idx_stage2_publication_candidates: CREATE INDEX idx_stage2_publication_candidates ON public.stage2_model_publications USING btree (datasource, scope, is_active, published_at DESC); stage2_model_publications_pkey: CREATE UNIQUE INDEX stage2_model_publications_pkey ON public.stage2_model_publications USING btree (id); uq_stage2_model_publications_id_version: CREATE UNIQUE INDEX uq_stage2_model_publications_id_version ON public.stage2_model_publications USING btree (id, model_version_id); uq_stage2_publication_active_version: CREATE UNIQUE INDEX uq_stage2_publication_active_version ON public.stage2_model_publications USING btree (model_version_id, scope) WHERE is_active",,,Escritura procedimental/servicio: [backend_api/app/repositories/cell_classification.py:34](../../backend_api/app/repositories/cell_classification.py#L34)<br>[backend_api/app/services/productive_model.py:378](../../backend_api/app/services/productive_model.py#L378),Ledger/migrador; no consumidor científico directo,Indirectos por servicio o CLI; ver responsabilidad,No localizada; no se infiere retiro,,Preservar linaje/FK; no inferir resultados por tabla vacía,"`model_versions`, `runs`",Alto,Catálogo equivalente y prueba de contrato del consumidor; fixtures aisladas futuras; no ejecutadas
synthetic_data_runs,synthetic_data_runs,KEEP,ML / persistencia y consulta de ejecuciones,Procedencia de generación sintética y dataset fuente por run; no duplica dataset oficial.,0 (captura E10.10.1; no conteo nuevo),PRIMARY KEY (id),synthetic_data_runs_run_id_fkey: FOREIGN KEY (run_id) REFERENCES runs(id) ON DELETE CASCADE; synthetic_data_runs_source_dataset_id_fkey: FOREIGN KEY (source_dataset_id) REFERENCES datasets(id) ON DELETE SET NULL,,synthetic_data_runs_pkey: CREATE UNIQUE INDEX synthetic_data_runs_pkey ON public.synthetic_data_runs USING btree (id),,,Escritura procedimental/servicio: Sin consumidor directo localizado,Ledger/migrador; no consumidor científico directo,Indirectos por servicio o CLI; ver responsabilidad,No localizada; no se infiere retiro,malaria_dl_local_project/db/init/001_schema.sql:243,Preservar linaje/FK; no inferir resultados por tabla vacía,"`datasets`, `runs`",Medio: conservar contrato,Catálogo equivalente y prueba de contrato del consumidor; fixtures aisladas futuras; no ejecutadas
train_execution_records,train_execution_records,KEEP,MLOps / coordinación E10,"Ledger mixto legacy/E10: PK run-kind-phase-key, event_id global y sequence por run.",0 (captura E10.10.1; no conteo nuevo),"PRIMARY KEY (run_id, kind, phase, record_key)",train_execution_records_run_id_fkey: FOREIGN KEY (run_id) REFERENCES train_execution_sessions(run_id),"train_event_metadata: CHECK (event_id IS NULL AND event_sequence IS NULL AND kind <> 'e10_event'::text OR event_id IS NOT NULL AND event_sequence IS NOT NULL AND event_sequence >= 1::numeric AND event_sequence = trunc(event_sequence) AND (event_sequence <> ALL (ARRAY['NaN'::numeric, 'Infinity'::numeric, '-Infinity'::numeric])) AND kind = 'e10_event'::text AND phase = 'run_event_v1'::text AND record_key = event_id::text AND NOT jsonb_typeof(payload -> 'canonical_event'::text) IS DISTINCT FROM 'string'::text AND (payload - 'canonical_event'::text) = '{}'::jsonb); train_execution_records_payload_check: CHECK (jsonb_typeof(payload) = 'object'::text)","train_event_id_unique: CREATE UNIQUE INDEX train_event_id_unique ON public.train_execution_records USING btree (event_id) WHERE (event_id IS NOT NULL); train_event_sequence_unique: CREATE UNIQUE INDEX train_event_sequence_unique ON public.train_execution_records USING btree (run_id, event_sequence) WHERE (event_sequence IS NOT NULL); train_execution_records_pkey: CREATE UNIQUE INDEX train_execution_records_pkey ON public.train_execution_records USING btree (run_id, kind, phase, record_key)",a_train_event_guard: CREATE TRIGGER a_train_event_guard BEFORE INSERT ON train_execution_records FOR EACH ROW EXECUTE FUNCTION train_event_guard(); train_record_guard: CREATE TRIGGER train_record_guard BEFORE INSERT OR DELETE OR UPDATE ON train_execution_records FOR EACH ROW EXECUTE FUNCTION train_record_guard(),train_event_guard(); train_session_guard(),malaria_dl_local_project/src/malaria_dl/execution/repository.py:246; malaria_dl_local_project/src/malaria_dl/execution/repository.py:402; malaria_dl_local_project/src/malaria_dl/persistence/result_repository.py:58; alembic/versions/20260912_01_train_execution.py:41,backend_api/app/services/training_summaries.py:175; malaria_dl_local_project/src/malaria_dl/local_execution/event_backend.py:52; malaria_dl_local_project/src/malaria_dl/local_execution/event_backend.py:58; malaria_dl_local_project/src/malaria_dl/execution/repository.py:56; malaria_dl_local_project/src/malaria_dl/execution/repository.py:61; malaria_dl_local_project/src/malaria_dl/execution/repository.py:64; malaria_dl_local_project/src/malaria_dl/execution/repository.py:69; malaria_dl_local_project/src/malaria_dl/execution/repository.py:74; malaria_dl_local_project/src/malaria_dl/execution/repository.py:234; malaria_dl_local_project/src/malaria_dl/execution/repository.py:246; malaria_dl_local_project/src/malaria_dl/execution/repository.py:399; malaria_dl_local_project/src/malaria_dl/execution/repository.py:402; malaria_dl_local_project/src/malaria_dl/execution/schema.py:38; malaria_dl_local_project/src/malaria_dl/execution/schema.py:43; malaria_dl_local_project/src/malaria_dl/execution/schema.py:49; malaria_dl_local_project/src/malaria_dl/execution/schema.py:65; malaria_dl_local_project/src/malaria_dl/execution/schema.py:87; malaria_dl_local_project/src/malaria_dl/persistence/result_repository.py:58; malaria_dl_local_project/src/malaria_dl/persistence/result_repository.py:112; malaria_dl_local_project/src/malaria_dl/persistence/result_repository.py:113; malaria_dl_local_project/src/malaria_dl/persistence/result_repository.py:115; malaria_dl_local_project/src/malaria_dl/persistence/execution_record_readers.py:12; malaria_dl_local_project/src/malaria_dl/persistence/execution_record_readers.py:25,Indirectos por servicio o CLI; ver responsabilidad,Sin acceso SQL; seguimiento HTTP de runs/campañas y Local CLI,alembic/versions/20260922_01_result_events.py:11; alembic/versions/20260922_01_result_events.py:23; alembic/versions/20260922_01_result_events.py:25; alembic/versions/20260922_01_result_events.py:37; alembic/versions/20260922_01_result_events.py:42; alembic/versions/20260922_01_result_events.py:57; alembic/versions/20260922_01_result_events.py:59; alembic/versions/20260922_01_result_events.py:62; alembic/versions/20260922_01_result_events.py:66; alembic/versions/20260912_01_train_execution.py:22; alembic/versions/20260912_01_train_execution.py:41; alembic/versions/20260912_01_train_execution.py:56; alembic/versions/20260912_01_train_execution.py:58; alembic/versions/20260912_01_train_execution.py:59,Preservar linaje/FK; no inferir resultados por tabla vacía,`train_execution_sessions`,Medio: conservar contrato,Catálogo equivalente y prueba de contrato del consumidor; fixtures aisladas futuras; no ejecutadas
train_execution_revisions,train_execution_revisions,KEEP,MLOps / coordinación E10,Binding inmutable intento/campaña/revisión técnica de ejecución secuencial.,0 (captura E10.10.1; no conteo nuevo),PRIMARY KEY (attempt_id),"train_execution_revisions_attempt_id_fkey: FOREIGN KEY (attempt_id) REFERENCES campaign_attempts(id) DEFERRABLE INITIALLY DEFERRED; train_execution_revisions_campaign_id_fkey: FOREIGN KEY (campaign_id) REFERENCES experimental_campaigns(id); train_execution_revisions_campaign_id_revision_id_fkey: FOREIGN KEY (campaign_id, revision_id) REFERENCES campaign_technical_revisions(campaign_id, id)",,train_execution_revisions_pkey: CREATE UNIQUE INDEX train_execution_revisions_pkey ON public.train_execution_revisions USING btree (attempt_id),train_execution_revision_immutable: CREATE TRIGGER train_execution_revision_immutable BEFORE DELETE OR UPDATE ON train_execution_revisions FOR EACH ROW EXECUTE FUNCTION execution_event_immutable(); train_revision_binding_guard: CREATE CONSTRAINT TRIGGER train_revision_binding_guard AFTER INSERT ON train_execution_revisions DEFERRABLE INITIALLY DEFERRED FOR EACH ROW EXECUTE FUNCTION train_revision_binding_guard(),campaign_attempt_guard(),malaria_dl_local_project/src/malaria_dl/execution/repository.py:118; alembic/versions/20260914_02_global_execution.py:52,malaria_dl_local_project/src/malaria_dl/execution/controlled.py:149; malaria_dl_local_project/src/malaria_dl/execution/controlled.py:151; malaria_dl_local_project/src/malaria_dl/execution/repository.py:118,Indirectos por servicio o CLI; ver responsabilidad,Sin acceso SQL; seguimiento HTTP de runs/campañas y Local CLI,alembic/versions/20260914_02_global_execution.py:46; alembic/versions/20260914_02_global_execution.py:52; alembic/versions/20260914_02_global_execution.py:62; alembic/versions/20260914_02_global_execution.py:71,Preservar linaje/FK; no inferir resultados por tabla vacía,"`campaign_attempts`, `campaign_technical_revisions`, `experimental_campaigns`",Medio: conservar contrato,Catálogo equivalente y prueba de contrato del consumidor; fixtures aisladas futuras; no ejecutadas
train_execution_sessions,train_execution_sessions,KEEP,MLOps / coordinación E10,"Sesión TRAIN autorizada, owner/runtime/config/dataset/estado; padre de records.",0 (captura E10.10.1; no conteo nuevo),PRIMARY KEY (run_id),train_execution_sessions_attempt_id_fkey: FOREIGN KEY (attempt_id) REFERENCES campaign_attempts(id); train_execution_sessions_run_id_fkey: FOREIGN KEY (run_id) REFERENCES runs(id),"train_execution_sessions_artifact_root_key: UNIQUE (artifact_root); train_execution_sessions_attempt_id_key: UNIQUE (attempt_id); train_execution_sessions_check: CHECK ((state <> ALL (ARRAY['completed'::text, 'verified'::text])) OR completion IS NOT NULL); train_execution_sessions_check1: CHECK (state <> 'verified'::text OR verification IS NOT NULL); train_execution_sessions_parent_pid_check: CHECK (parent_pid > 0); train_execution_sessions_state_check: CHECK (state = ANY (ARRAY['active'::text, 'completed'::text, 'verified'::text, 'failed'::text, 'interrupted'::text]))","train_execution_sessions_artifact_root_key: CREATE UNIQUE INDEX train_execution_sessions_artifact_root_key ON public.train_execution_sessions USING btree (artifact_root); train_execution_sessions_attempt_id_key: CREATE UNIQUE INDEX train_execution_sessions_attempt_id_key ON public.train_execution_sessions USING btree (attempt_id); train_execution_sessions_pkey: CREATE UNIQUE INDEX train_execution_sessions_pkey ON public.train_execution_sessions USING btree (run_id); uq_global_train_active: CREATE UNIQUE INDEX uq_global_train_active ON public.train_execution_sessions USING btree ((true)) WHERE (state = ANY (ARRAY['active'::text, 'completed'::text]))",global_train_reservation: CREATE TRIGGER global_train_reservation BEFORE INSERT OR UPDATE ON train_execution_sessions FOR EACH ROW EXECUTE FUNCTION experiment_reservation_guard(); train_session_guard: CREATE TRIGGER train_session_guard BEFORE DELETE OR UPDATE ON train_execution_sessions FOR EACH ROW EXECUTE FUNCTION train_session_guard(),assessment_consumer_guard(); campaign_attempt_guard(); controlled_binding_guard(); experiment_reservation_guard(); train_event_guard(); train_record_guard(); train_revision_binding_guard(),malaria_dl_local_project/src/malaria_dl/execution/controlled.py:112; malaria_dl_local_project/src/malaria_dl/execution/repository.py:154; malaria_dl_local_project/src/malaria_dl/execution/repository.py:221; malaria_dl_local_project/src/malaria_dl/execution/repository.py:259; malaria_dl_local_project/src/malaria_dl/execution/repository.py:291; malaria_dl_local_project/src/malaria_dl/execution/repository.py:320; malaria_dl_local_project/src/malaria_dl/execution/repository.py:402; malaria_dl_local_project/src/malaria_dl/execution/repository.py:469; malaria_dl_local_project/src/malaria_dl/persistence/result_repository.py:154; alembic/versions/20260922_01_result_events.py:33; alembic/versions/20260912_01_train_execution.py:36; alembic/versions/20260912_01_train_execution.py:63; alembic/versions/20260914_02_global_execution.py:38,backend_api/app/services/training_summaries.py:171; malaria_dl_local_project/src/malaria_dl/local_execution/backend.py:99; malaria_dl_local_project/src/malaria_dl/local_execution/event_context.py:47; malaria_dl_local_project/src/malaria_dl/assessment/lineage.py:28; malaria_dl_local_project/src/malaria_dl/assessment/lineage.py:36; malaria_dl_local_project/src/malaria_dl/execution/global_gate.py:329; malaria_dl_local_project/src/malaria_dl/execution/controlled.py:112; malaria_dl_local_project/src/malaria_dl/execution/repository.py:24; malaria_dl_local_project/src/malaria_dl/execution/repository.py:154; malaria_dl_local_project/src/malaria_dl/execution/repository.py:221; malaria_dl_local_project/src/malaria_dl/execution/repository.py:259; malaria_dl_local_project/src/malaria_dl/execution/repository.py:291; malaria_dl_local_project/src/malaria_dl/execution/repository.py:320; malaria_dl_local_project/src/malaria_dl/execution/repository.py:347; malaria_dl_local_project/src/malaria_dl/execution/repository.py:398; malaria_dl_local_project/src/malaria_dl/execution/repository.py:402; malaria_dl_local_project/src/malaria_dl/execution/repository.py:434; malaria_dl_local_project/src/malaria_dl/execution/repository.py:469; malaria_dl_local_project/src/malaria_dl/persistence/result_repository.py:142; malaria_dl_local_project/src/malaria_dl/persistence/result_repository.py:154,Indirectos por servicio o CLI; ver responsabilidad,Sin acceso SQL; seguimiento HTTP de runs/campañas y Local CLI,alembic/versions/20260922_01_result_events.py:33; alembic/versions/20260912_02_assessments.py:172; alembic/versions/20260912_01_train_execution.py:12; alembic/versions/20260912_01_train_execution.py:23; alembic/versions/20260912_01_train_execution.py:36; alembic/versions/20260912_01_train_execution.py:63; alembic/versions/20260912_01_train_execution.py:92; alembic/versions/20260914_01_controlled_train.py:76; alembic/versions/20260914_01_controlled_train.py:115; alembic/versions/20260914_02_global_execution.py:31; alembic/versions/20260914_02_global_execution.py:33; alembic/versions/20260914_02_global_execution.py:38; alembic/versions/20260914_02_global_execution.py:41; alembic/versions/20260914_02_global_execution.py:56; alembic/versions/20260914_02_global_execution.py:83,Preservar linaje/FK; no inferir resultados por tabla vacía,"`campaign_attempts`, `runs`",Medio: conservar contrato,Catálogo equivalente y prueba de contrato del consumidor; fixtures aisladas futuras; no ejecutadas
training_history,training_history,REFACTOR,ML / persistencia y consulta de ejecuciones,Curvas TRAIN/val por run-fase-epoch; v2 unicidad y métricas clínicas por época.,0 (captura E10.10.1; no conteo nuevo),PRIMARY KEY (id),training_history_run_id_fkey: FOREIGN KEY (run_id) REFERENCES runs(id) ON DELETE CASCADE,,"idx_training_history_run_id: CREATE INDEX idx_training_history_run_id ON public.training_history USING btree (run_id); idx_training_history_run_phase_epoch: CREATE INDEX idx_training_history_run_phase_epoch ON public.training_history USING btree (run_id, phase, epoch); training_history_pkey: CREATE UNIQUE INDEX training_history_pkey ON public.training_history USING btree (id)",,,malaria_dl_local_project/src/malaria_dl/persistence/run_repository.py:765; malaria_dl_local_project/db/init/019_model_execution_parameters.sql:53; malaria_dl_local_project/db/init/019_model_execution_parameters.sql:57; malaria_dl_local_project/db/init/019_model_execution_parameters.sql:62,backend_api/app/routes/runs.py:669; backend_api/app/routes/runs.py:671; backend_api/app/routes/runs.py:683; malaria_dl_local_project/src/malaria_dl/training/trainer.py:360; malaria_dl_local_project/src/malaria_dl/training/trainer.py:557; malaria_dl_local_project/src/malaria_dl/training/trainer.py:1325; malaria_dl_local_project/src/malaria_dl/training/trainer.py:1627; malaria_dl_local_project/src/malaria_dl/training/trainer.py:1639; malaria_dl_local_project/src/malaria_dl/training/trainer.py:2022; malaria_dl_local_project/src/malaria_dl/training/trainer.py:2024; malaria_dl_local_project/src/malaria_dl/persistence/run_repository.py:765; malaria_dataset_split_project/src/malaria_split/discovery/system_contract_auditor.py:11; frontend/src/types/api.ts:557; frontend/src/pages/RunDetail.tsx:600; frontend/src/pages/RunDetail.tsx:628,backend_api/app/routes/runs.py:669; backend_api/app/routes/runs.py:671; backend_api/app/routes/runs.py:683,frontend/src/pages/Runs.tsx; RunDetail.tsx; ModelComparison.tsx; components/reports; services/api.ts.,malaria_dl_local_project/db/init/001_schema.sql:119; malaria_dl_local_project/db/init/002_indexes.sql:18; malaria_dl_local_project/db/init/019_model_execution_parameters.sql:3; malaria_dl_local_project/db/init/019_model_execution_parameters.sql:42; malaria_dl_local_project/db/init/019_model_execution_parameters.sql:45; malaria_dl_local_project/db/init/019_model_execution_parameters.sql:48; malaria_dl_local_project/db/init/019_model_execution_parameters.sql:53; malaria_dl_local_project/db/init/019_model_execution_parameters.sql:57; malaria_dl_local_project/db/init/019_model_execution_parameters.sql:62; malaria_dl_local_project/db/init/019_model_execution_parameters.sql:67; malaria_dl_local_project/db/init/019_model_execution_parameters.sql:70; malaria_dl_local_project/db/init/019_model_execution_parameters.sql:80; malaria_dl_local_project/db/init/019_model_execution_parameters.sql:97; malaria_dl_local_project/db/init/019_model_execution_parameters.sql:100; malaria_dl_local_project/db/init/019_model_execution_parameters.sql:103,Preservar linaje/FK; no inferir resultados por tabla vacía,`runs`,Alto,Catálogo equivalente y prueba de contrato del consumidor; fixtures aisladas futuras; no ejecutadas
user_roles,user_roles,PROTECTED,Backend / seguridad y auditoría,Asociación protegida usuario–rol.,1 (captura E10.10.1; no conteo nuevo),"PRIMARY KEY (user_id, role_id)",user_roles_role_id_fkey: FOREIGN KEY (role_id) REFERENCES roles(id) ON DELETE RESTRICT; user_roles_user_id_fkey: FOREIGN KEY (user_id) REFERENCES users(id) ON DELETE CASCADE,,"user_roles_pkey: CREATE UNIQUE INDEX user_roles_pkey ON public.user_roles USING btree (user_id, role_id)",,,Escritura procedimental/servicio: [backend_api/app/routes/auth.py:27](../../backend_api/app/routes/auth.py#L27),backend_api/app/routes/auth.py:27,backend_api/app/routes/auth.py:27,Indirecta por frontend/src/services/api.ts; ver matriz de dependencias por dominio,alembic/versions/20260726_01_auth_rbac.py:24; alembic/versions/20260726_01_auth_rbac.py:36,"Inmutable; preservar filas, rutas y hashes","`roles`, `users`",Alto,Catálogo equivalente y prueba de contrato del consumidor; fixtures aisladas futuras; no ejecutadas
users,users,PROTECTED,Backend / seguridad y auditoría,Identidad/autenticación y hashes de contraseña protegidos; nunca fixtures de diseño.,1 (captura E10.10.1; no conteo nuevo),PRIMARY KEY (id),,"users_email_key: UNIQUE (email); users_status_check: CHECK (status = ANY (ARRAY['active'::text, 'disabled'::text])); users_username_key: UNIQUE (username)",users_email_key: CREATE UNIQUE INDEX users_email_key ON public.users USING btree (email); users_pkey: CREATE UNIQUE INDEX users_pkey ON public.users USING btree (id); users_username_key: CREATE UNIQUE INDEX users_username_key ON public.users USING btree (username),,,backend_api/app/repositories/scientific_validation.py:306; backend_api/app/repositories/scientific_validation.py:344; backend_api/app/routes/auth.py:36; alembic/versions/20260727_01_scientific_data_model.py:26; alembic/versions/20260727_01_scientific_data_model.py:54; alembic/versions/20260727_01_scientific_data_model.py:82; alembic/versions/20260727_01_scientific_data_model.py:113; alembic/versions/20260727_01_scientific_data_model.py:150; alembic/versions/20260810_02_scientific_validation_annotations.py:26; alembic/versions/20260810_01_scientific_validation_sessions.py:29,backend_api/app/security.py:25; backend_api/app/security.py:26; backend_api/app/security.py:176; backend_api/app/repositories/cell_classification.py:110; backend_api/app/repositories/cell_classification.py:1436; backend_api/app/repositories/cell_classification.py:1453; backend_api/app/repositories/cell_classification.py:1495; backend_api/app/repositories/cell_analysis.py:583; backend_api/app/repositories/cell_analysis.py:825; backend_api/app/repositories/scientific_validation.py:305; backend_api/app/repositories/scientific_validation.py:306; backend_api/app/repositories/scientific_validation.py:343; backend_api/app/repositories/scientific_validation.py:344; backend_api/app/repositories/scientific_validation.py:405; backend_api/app/routes/auth.py:27; backend_api/app/routes/auth.py:36; backend_api/app/services/smear_workflow.py:416; backend_api/app/services/smear_workflow.py:623; backend_api/app/services/quality_queue.py:70; backend_api/app/services/microscopy_analysis.py:254; backend_api/app/services/microscopy_analysis.py:266; malaria_dl_local_project/src/malaria_dl/local_execution/event_runtime.py:71,backend_api/app/routes/auth.py:27; backend_api/app/routes/auth.py:36,Indirecta por frontend/src/services/api.ts; ver matriz de dependencias por dominio,alembic/versions/20260727_01_scientific_data_model.py:25; alembic/versions/20260727_01_scientific_data_model.py:26; alembic/versions/20260727_01_scientific_data_model.py:28; alembic/versions/20260727_01_scientific_data_model.py:53; alembic/versions/20260727_01_scientific_data_model.py:54; alembic/versions/20260727_01_scientific_data_model.py:56; alembic/versions/20260727_01_scientific_data_model.py:81; alembic/versions/20260727_01_scientific_data_model.py:82; alembic/versions/20260727_01_scientific_data_model.py:84; alembic/versions/20260727_01_scientific_data_model.py:112; alembic/versions/20260727_01_scientific_data_model.py:113; alembic/versions/20260727_01_scientific_data_model.py:115; alembic/versions/20260727_01_scientific_data_model.py:149; alembic/versions/20260727_01_scientific_data_model.py:150; alembic/versions/20260727_01_scientific_data_model.py:152; alembic/versions/20260726_02_audit_events.py:17; alembic/versions/20260727_04_quality_assessment_queue.py:19; alembic/versions/20260727_02_secure_image_ingestion.py:56; alembic/versions/20260810_02_scientific_validation_annotations.py:24; alembic/versions/20260810_02_scientific_validation_annotations.py:26; alembic/versions/20260810_02_scientific_validation_annotations.py:53; alembic/versions/20260727_03_microscopy_quality_gate.py:28; alembic/versions/20260727_03_microscopy_quality_gate.py:93; alembic/versions/20260810_01_scientific_validation_sessions.py:28; alembic/versions/20260810_01_scientific_validation_sessions.py:29; alembic/versions/20260810_01_scientific_validation_sessions.py:33; alembic/versions/20260727_05_cell_detection_and_review.py:38; alembic/versions/20260727_05_cell_detection_and_review.py:228; alembic/versions/20260726_01_auth_rbac.py:13; alembic/versions/20260726_01_auth_rbac.py:25; alembic/versions/20260726_01_auth_rbac.py:36; alembic/versions/20260728_01_cell_classification_and_explainability.py:53; alembic/versions/20260728_01_cell_classification_and_explainability.py:699,"Inmutable; preservar filas, rutas y hashes",Sin padres FK,Alto,Catálogo equivalente y prueba de contrato del consumidor; fixtures aisladas futuras; no ejecutadas
