record_id,classification,resource_type,resource_id,fingerprint_md5,clinical_audit_set_fingerprint
00390711-1f12-4932-823d-cfc5532408b4,clinical_delete_target,smear_slide,63163ac4-dd06-4d63-ac14-2c687441a9da,309a7b01b8d34ca624eee3ac5bec2cc0,310e78840b955e3ca6e75eb03f0c66c8
00fc91c1-9f1c-4047-9a0f-bfd214db67da,clinical_delete_target,image_ingestion_batch,3094d2c7-3911-49b2-b68c-368962a3a1b4,2efcefbf5b02acea86745e08bcc7f7de,310e78840b955e3ca6e75eb03f0c66c8
0137bcee-15af-43da-b6fd-0ade39f868ee,clinical_delete_target,cell_detection_run,ed18ce4e-6fb0-4f1f-b313-c9d76617210c,a84113723975316e8edf275bf4655e83,310e78840b955e3ca6e75eb03f0c66c8
017dad65-15b6-4bba-a16a-ada37bbf2020,clinical_delete_target,cell_detection_run,1007bc39-4bca-4a32-9069-5c8180b174db,c6f44d6e733fbea51bd2f599b1300583,310e78840b955e3ca6e75eb03f0c66c8
01b728ae-2e30-4ba7-acfd-55f4bf117a5c,clinical_delete_target,image_ingestion_batch,1dd8c130-8d95-4bce-99ce-0a6a51472e91,a519c1b5da41152f5184b8851e544af1,310e78840b955e3ca6e75eb03f0c66c8
023557a9-6f7a-4d7f-bd79-cf6ba81c7302,clinical_delete_target,microscopy_analysis_run,7a11c0f4-a9d7-4446-a5f2-437ffc334a6c,7385e25c2dcbfd2c1a14b07b0ec8490f,310e78840b955e3ca6e75eb03f0c66c8
0255530a-20f9-4e86-b209-a74784d47f6a,clinical_delete_target,quality_assessment_queue_item,4d36ee2d-54ae-44b3-8c3b-f1021fdc1b88,e82d14944f45031aed31ca432da61f7a,310e78840b955e3ca6e75eb03f0c66c8
027221ea-a198-4713-9afa-f80e3ae811d6,clinical_delete_target,research_subject,bb2c5a91-4549-4116-8d67-b35df3cc123e,36677cca575637c9538ff8381b6ac3b9,310e78840b955e3ca6e75eb03f0c66c8
0280bcae-9e18-4418-9c3b-2800e2c03dc5,clinical_delete_target,quality_assessment_queue_item,9337b0e0-6dc4-4878-b6d0-28e85c86d2c0,d24e6f90fba45a4eea785f97ddc0593e,310e78840b955e3ca6e75eb03f0c66c8
02ffee2e-c6cf-4145-b591-88b47a87d18c,clinical_delete_target,image_ingestion_batch,ddf6349e-195c-44e7-9c01-2080c09c8e7c,7d7895cfc9c4df1d22a26ddda3d12293,310e78840b955e3ca6e75eb03f0c66c8
034344c4-b867-4f63-9487-8447d730cb0b,clinical_delete_target,quality_assessment_queue_item,55902fc7-ea5a-4b8e-a9cb-ee38a2bfc9ca,17bcce00e69a3346fda4bfee1ad33238,310e78840b955e3ca6e75eb03f0c66c8
035697e8-f1d4-4543-b4fc-691186b89be6,clinical_delete_target,cell_classification_run,df5cff74-455c-4424-8609-e18afd6f1657,524c30490a38286cf6319b93afefc9b3,310e78840b955e3ca6e75eb03f0c66c8
037a4c09-f37f-440d-a5fa-7618cfe7eaf2,clinical_delete_target,microscopy_analysis_run,c9a6b7af-881f-47da-980a-1a2c2b743a1c,47d54f7c0d2ac8a1d12c20d884a84406,310e78840b955e3ca6e75eb03f0c66c8
03804049-79ab-4b8a-83d2-fbde5096d9a4,clinical_delete_target,scientific_case,f7d06bd2-7e93-46a0-a946-f8b4620c4e72,d0f53cbdee5222ab63358e1ad3e402cd,310e78840b955e3ca6e75eb03f0c66c8
03f46d1b-5dcc-4361-9816-a13204a9a331,clinical_delete_target,image_ingestion_batch,a995c14c-e1e8-4216-ba5d-07de0dbce8dc,1ad7c2dc9b71fc33ec602a077b37b193,310e78840b955e3ca6e75eb03f0c66c8
040c6b3b-c51b-4020-beaf-fc3f2b2f5a9f,clinical_delete_target,smear_slide,9487281b-fa6c-4042-bd5f-d73b3da58243,c280216d48ab875f657d1a25055206f9,310e78840b955e3ca6e75eb03f0c66c8
040dc0c5-67d8-4822-a767-5987c15407c3,clinical_delete_target,quality_assessment_queue_item,a1ce01a0-5a7b-4ae5-8710-ffbaa0b0db7f,025fbaed9eb1941486077d1d9c511d5f,310e78840b955e3ca6e75eb03f0c66c8
0430ece0-304a-46bc-8981-9898cabae519,clinical_delete_target,quality_assessment_queue_item,441a268c-15a0-498b-95f4-80895f06ff31,1c44a10ef8149624e29a2ea48c5ecf5c,310e78840b955e3ca6e75eb03f0c66c8
04550df6-7023-4051-8e22-4c2de70a24f2,clinical_delete_target,cell_classification_run,d2055c79-26a2-4105-809d-82254e016cf1,dc26b1f8efb1b7014160e517b5d49d59,310e78840b955e3ca6e75eb03f0c66c8
04ac3478-4e24-4824-8753-9459106f751c,clinical_delete_target,research_subject,6a8ef9fb-7598-4966-bdd3-1dd71268bec9,d91c75789f132022d882d3057ba1b8ae,310e78840b955e3ca6e75eb03f0c66c8
04be726c-080b-4d11-9dfe-d37cdc698972,clinical_delete_target,cell_prediction,7898c77b-6156-44b4-a0de-411e518d883a,fa22e780af80fb4c16932a0936092733,310e78840b955e3ca6e75eb03f0c66c8
0506740e-acce-4b47-94fd-df9a814d5200,clinical_delete_target,cell_detection_run,0d86637f-bf43-4c20-a000-30e6e09038ff,bdaa2a987d00173b85f0e220a6ecda1e,310e78840b955e3ca6e75eb03f0c66c8
050d0e9d-944a-4195-bff4-97b376903765,clinical_delete_target,quality_assessment_queue_item,55902fc7-ea5a-4b8e-a9cb-ee38a2bfc9ca,f2c7666d47ba450f89d93b836505148c,310e78840b955e3ca6e75eb03f0c66c8
0514282a-5651-44e7-9b62-a71102bd907f,clinical_delete_target,microscopy_analysis_run,05b33155-8921-4eb9-9920-af67decfe454,bb5da139fc3a26462109969efe9a0ab9,310e78840b955e3ca6e75eb03f0c66c8
051e32b1-4cae-4920-824f-d2c532fa686e,clinical_delete_target,cell_detection_run,f5668b77-a7c4-4ed2-aade-94bbf92900cf,9023e95bbc0441a429488b67589cb7c2,310e78840b955e3ca6e75eb03f0c66c8
052b5c34-88bb-42cf-9757-f400448e66bb,clinical_delete_target,smear_slide,ac4d3d93-2acc-43f9-894b-d1b1f3a7e341,9d7b975811f406615d3eabc00218f668,310e78840b955e3ca6e75eb03f0c66c8
05472463-bb13-46e7-b11f-ba7e30c9640c,clinical_delete_target,microscopy_analysis_run,98aaa914-7ab3-4a7a-a77d-5a96fadd0a24,d94439b9cc82763eaa8dca1ccd3af6a0,310e78840b955e3ca6e75eb03f0c66c8
05788ab0-b0b8-469a-b0b6-97040fced598,clinical_delete_target,cell_detection_run,60bd296d-21d5-4d22-99bc-a023cb410f35,65dc1b4d54356e1947faff3b0bdd7c2f,310e78840b955e3ca6e75eb03f0c66c8
05a8e6d6-fe16-4981-aa7e-5469532610d4,clinical_delete_target,image_ingestion_batch,f49b622b-d936-4514-8bf0-b6528de36355,a8198299421c9fed23e6a33955078d15,310e78840b955e3ca6e75eb03f0c66c8
05e1462a-5048-49c8-9f8e-46bf3f634d5d,clinical_delete_target,scientific_case,bb9e318e-39c7-4a84-b43f-5521ff835118,4a39c1b17ca2d15f9074559abb1aaaac,310e78840b955e3ca6e75eb03f0c66c8
062067c1-bb9f-4af9-b772-e8bf3423f1bc,clinical_delete_target,microscopy_analysis_run,d28e9146-5ad9-4df7-8af4-1b8901780c2b,40fe4e6c748a621a8b19c40b758aaba0,310e78840b955e3ca6e75eb03f0c66c8
0696518c-2687-431c-bb3f-1e3521420f72,clinical_delete_target,microscopy_analysis_run,3a9a3ddd-a6fb-43b7-98e8-82fe65649b10,26f643f51ea987922b6b6547b2b37bce,310e78840b955e3ca6e75eb03f0c66c8
06d9111c-8261-47e6-9f8d-9cc98acaa437,clinical_delete_target,cell_classification_run,86853bfd-35c8-45e7-84fd-930a99713af1,e36c872bf382a81ddf32e088434c99bb,310e78840b955e3ca6e75eb03f0c66c8
06eb3625-6f4f-47be-ae27-60346588d569,clinical_delete_target,microscopy_image,b0ad2c3c-3de1-4628-bf32-d60536a0da80,b18c7ef812be04d233a400e444ecf6ab,310e78840b955e3ca6e75eb03f0c66c8
06ff23cc-3571-49b7-9866-9a70a39ab389,clinical_delete_target,cell_detection_run,03505d0f-434b-48ac-ae42-76750f4fbc1a,818d9aeabeb64b8d76f34cfbb89135cb,310e78840b955e3ca6e75eb03f0c66c8
072bff3b-6548-4ada-a5c1-72165650d2b7,clinical_delete_target,microscopy_analysis_run,5ad2e702-acee-4f0a-9a01-8a2ba6b24733,518be301aaa683d05e3be4e2462938fc,310e78840b955e3ca6e75eb03f0c66c8
0754e560-08fd-4d03-a4ab-1eb64c5610c3,clinical_delete_target,quality_assessment_queue_item,f8a9bb5b-4534-4393-b9a7-a497fe18e513,5cacc48ed9886b7e5007d8076bfb64a1,310e78840b955e3ca6e75eb03f0c66c8
078df598-9340-4cdc-894e-7753172f804f,clinical_delete_target,cell_classification_run,68fa92d1-997c-432e-a612-487680160bbc,04f3ae302d5f3001edd21686cf18e24c,310e78840b955e3ca6e75eb03f0c66c8
079453cf-9d4b-40ea-9edd-9421f59bddbc,clinical_delete_target,blood_sample,379f204a-4f96-4449-90fc-25743d49817e,83dc23acc85898a2ad291556d1dcfe6f,310e78840b955e3ca6e75eb03f0c66c8
0889f6b0-42f1-4c8d-91c9-f29f72266daa,clinical_delete_target,image_ingestion_batch,98f244be-e300-4bd0-bfe9-eebbb6485c77,d15c2b9444cf73bc093be5c034f10214,310e78840b955e3ca6e75eb03f0c66c8
08f97772-96ea-4e8f-9dd6-4b6e557d9861,clinical_delete_target,cell_classification_run,1361f54c-2c8c-4f3c-85d7-0f5c373b8cae,045c97dcd7f5785ed69ef4438f586c59,310e78840b955e3ca6e75eb03f0c66c8
09468298-c05d-44a9-8417-efd2e308e6c2,clinical_delete_target,microscopy_analysis_run,db1855bf-e94d-43ea-86dc-5c1d21c82206,900680363c2307510eb8259cc402ac2f,310e78840b955e3ca6e75eb03f0c66c8
099e3bdd-ab54-4c5f-bcfc-43db6b8a6959,clinical_delete_target,microscopy_analysis_run,4383bcb6-1595-4b3c-9c6f-ced12863a762,25d9fbc270187bcdd81f194729931133,310e78840b955e3ca6e75eb03f0c66c8
09a13a1f-cb68-4fb6-bbe7-f82467225fc8,clinical_delete_target,research_subject,db1c80a9-3ee7-4fef-93a6-93e2e2e23db9,ad8eb5bac887466d74a8cac2445c2188,310e78840b955e3ca6e75eb03f0c66c8
09c187cb-7004-42e8-b624-e6d5ab80c595,clinical_delete_target,cell_classification_run,24d3e2fd-a41b-439e-865e-eca5dbccf2e3,48d4158165e0eb405b635145ddb96617,310e78840b955e3ca6e75eb03f0c66c8
09d30566-a305-4291-86c2-95cefed6e25f,clinical_delete_target,cell_detection,33c4650c-db10-4489-8bf9-502131b527a4,5a47a57b58bb1e5b1272b9f956a68d6a,310e78840b955e3ca6e75eb03f0c66c8
0a11b724-4fb8-40ab-9191-397fe236c7b9,clinical_delete_target,image_ingestion_batch,562111db-5e44-4374-a5b4-17791b9495cb,e792e41fa49b80f512816445663bbd5d,310e78840b955e3ca6e75eb03f0c66c8
0a7b3655-36fc-48ba-b889-71e23d3f2300,clinical_delete_target,quality_assessment_queue_item,c900309c-5bcd-454c-bc95-2ac934f09c06,7c4cb1dc73475b0732ab94d70e01b30b,310e78840b955e3ca6e75eb03f0c66c8
0a9758f3-8371-4ded-b9e4-d9fc1786ff5f,clinical_delete_target,quality_assessment_queue_item,3d34ed0e-767c-4b91-aa6b-a252b5e10812,1008910cc5bb4a493124a66db009fbb5,310e78840b955e3ca6e75eb03f0c66c8
0ac79309-ae23-47e6-a0e8-de00462a20d9,clinical_delete_target,microscopy_analysis_run,d28e9146-5ad9-4df7-8af4-1b8901780c2b,00e375f4a7dcbb2f06617f4f862a609d,310e78840b955e3ca6e75eb03f0c66c8
0ae9b66e-2dc9-42ee-8cbd-a8b38ebbe9f5,clinical_delete_target,blood_sample,caa6cc47-39fd-42b6-b20f-61d03934fa9b,b8c8352ce2e3ac773066c7dc8da8c222,310e78840b955e3ca6e75eb03f0c66c8
0b3524d5-801a-4572-9628-7a2a94af4bd7,clinical_delete_target,image_ingestion_batch,a9aed562-1e0a-4661-b3e0-7f4cc2ca2e92,1dbf78c4f5bbdb6b6818a8de75164c11,310e78840b955e3ca6e75eb03f0c66c8
0b4fbfbb-8ca4-4406-8d12-e54a28892992,clinical_delete_target,quality_assessment_queue_item,4d4446ad-3741-4d2d-908e-87a0afa30705,30dda92f1bbf4e7d932dd83772a59e22,310e78840b955e3ca6e75eb03f0c66c8
0bba807f-184d-4fdf-958c-d5233f567755,clinical_delete_target,microscopy_analysis_run,214fd936-3c74-4042-937a-3131ff495bdd,247722404a3abd285cd635bc71ab4f18,310e78840b955e3ca6e75eb03f0c66c8
0bef38a5-89f1-4aa5-a285-7e711eacc648,clinical_delete_target,quality_assessment_queue_item,9a60975c-af56-40e5-b133-84c69b165fa4,f5ff8e008407bbc7d075f7d85c425eff,310e78840b955e3ca6e75eb03f0c66c8
0bf2daa5-3e29-4364-9296-a6f2b9d751fe,clinical_delete_target,microscopy_analysis_run,54e278de-2381-4a05-8faa-42bf761f6688,527d37e9e4348c7f038901e176d995ba,310e78840b955e3ca6e75eb03f0c66c8
0d32f186-e6d7-4939-8d53-28a831739469,clinical_delete_target,research_subject,2dce1331-e180-4ce3-b848-fb2019d8def7,71a69da28d956ba2675adfbc7551d433,310e78840b955e3ca6e75eb03f0c66c8
0f17f10b-88a9-4d23-a398-7b49a84bb814,clinical_delete_target,microscopy_analysis_run,3a33d13c-ff5b-46ba-94b4-0710e5185301,797848f8b9c1eee033e1ab4f92f8d529,310e78840b955e3ca6e75eb03f0c66c8
0ff1b6e6-77d3-49d2-b60b-fd227a8f56fd,clinical_delete_target,microscopy_analysis_run,52c4864d-1788-41db-a1d2-883ce7d83a58,7601b14d3b893b734a9b111124e4226e,310e78840b955e3ca6e75eb03f0c66c8
100d5832-e22f-4a03-a350-0e1a51a2eaa5,clinical_delete_target,cell_detection_run,aa1323a6-7f80-4e1e-819a-ec182f045f3d,8e753118f43e4ab60f03bb75e6715953,310e78840b955e3ca6e75eb03f0c66c8
10ba0a71-0434-4bf0-85b3-da684cc99aad,clinical_delete_target,research_subject,ae174ed6-b058-4867-9d58-ae6d2b9d0f33,f8ae0c73c8b4f61fc1a6f28a73b8b28e,310e78840b955e3ca6e75eb03f0c66c8
10d747e0-1f29-4e85-9254-74c7df2e5485,clinical_delete_target,research_subject,d6aff8fc-6c9d-44a3-b1ce-b4c6bfd9f720,a9ba8d57a80efeda7abc6364f0c9d70e,310e78840b955e3ca6e75eb03f0c66c8
10dba806-6c9c-4d9b-89dd-a432f8848a74,clinical_delete_target,quality_assessment_queue_item,f8a9bb5b-4534-4393-b9a7-a497fe18e513,de6bc87bfaef07744f1e4e5cd554c780,310e78840b955e3ca6e75eb03f0c66c8
11529cb7-49d9-422e-b372-917700b976f1,clinical_delete_target,cell_prediction,7898c77b-6156-44b4-a0de-411e518d883a,be765646238539934c51a32980f8b57e,310e78840b955e3ca6e75eb03f0c66c8
11894447-e3be-494c-bd8b-05cbdc70e89f,clinical_delete_target,microscopy_analysis_run,1c49de91-f3ba-4794-8cbd-62bc966049c5,e4bc1fe9afe528d5c913565f367a604b,310e78840b955e3ca6e75eb03f0c66c8
11a21bfe-8cac-4305-9ff2-7fb1ad183251,clinical_delete_target,cell_classification_run,df5cff74-455c-4424-8609-e18afd6f1657,e37a69735b8a5b2a184b8cd42233f1c7,310e78840b955e3ca6e75eb03f0c66c8
129a043d-37bb-479e-8ceb-3c760c0c2de2,clinical_delete_target,smear_slide,4a6bc950-75f8-49f9-b640-69e78792792d,160ac59b0ffc4b778661da1776eb221d,310e78840b955e3ca6e75eb03f0c66c8
12aa9f0c-4c79-4802-a26d-6aef439e53ab,clinical_delete_target,cell_classification_run,df5cff74-455c-4424-8609-e18afd6f1657,3be9ed4925c26fb63248b5b803097dc5,310e78840b955e3ca6e75eb03f0c66c8
12ce4650-1122-48e1-8a63-4163ff8b5f57,clinical_delete_target,microscopy_image,e4296ff7-9e31-4bd9-8593-2615946bcceb,eebe033493c51087c3dbaa3d7b51e294,310e78840b955e3ca6e75eb03f0c66c8
1548af51-eb1f-46b3-a16f-85b53c27f890,clinical_delete_target,quality_assessment_queue_item,c94a1560-76b3-4edf-ba0d-4aee0dd58431,9ec93b40d51fa63335b946fd082b91fd,310e78840b955e3ca6e75eb03f0c66c8
1563a973-e40c-4d6b-8a08-a6323b63cffd,clinical_delete_target,cell_detection_run,de773a50-b182-4ed9-9bdc-3f6f65bf242d,de13c2ce0c32d1710f98ab25a00e31b0,310e78840b955e3ca6e75eb03f0c66c8
15ced4c6-91b7-4916-9b2b-cd42a8bb520d,clinical_delete_target,research_subject,2706b144-44cb-41d6-a802-9d5ae313d294,a94bb29beb34c5f51071395863633848,310e78840b955e3ca6e75eb03f0c66c8
15d14e8c-7ed5-4149-8e5f-25224356d880,clinical_delete_target,quality_assessment_queue_item,72d0be37-aa41-46a6-aa8b-8090805831b7,0a3ec7bf03d8a466a8d08f8593d07030,310e78840b955e3ca6e75eb03f0c66c8
160cafe8-18eb-4a72-adeb-5e7ef9572564,clinical_delete_target,cell_detection_run,c5ca90cc-e321-4501-82f3-a2e0ef0f51a7,b6eb994cccb3b5b18d70d76ee3d8b935,310e78840b955e3ca6e75eb03f0c66c8
1611116b-c137-4063-8eb4-ba8366ddd6b5,clinical_delete_target,cell_prediction,b00dd696-32ee-4227-853d-b028e8efc010,999fbd65ec5a5066c7427c4b19afa06c,310e78840b955e3ca6e75eb03f0c66c8
16d4fdd7-9ca0-4dd2-8812-c78da3af1b7b,clinical_delete_target,cell_detection_run,151ee7ee-b609-4e6b-985c-04af59a85470,22d740e8d2f5ea5746c92afac1779b60,310e78840b955e3ca6e75eb03f0c66c8
17020d63-05d6-4a94-8919-b9f0b2ad186b,clinical_delete_target,cell_detection_run,ed18ce4e-6fb0-4f1f-b313-c9d76617210c,777f001a450cbb3333143cd4599b430b,310e78840b955e3ca6e75eb03f0c66c8
1727b47c-5574-4540-93bf-30d81de2b9ea,clinical_delete_target,microscopy_image,6a4c1def-59d7-4111-8a64-9cfb8e00ba8f,234ef3a19fd269754b00eef41a507ffe,310e78840b955e3ca6e75eb03f0c66c8
1797156e-dd5b-4ac1-9577-60f52eab79f6,clinical_delete_target,image_ingestion_batch,98f857ec-a3da-451a-9c47-b4f08d5a0105,5182e44ea74a6cf60110493b5498acf2,310e78840b955e3ca6e75eb03f0c66c8
17b72588-2af4-4db0-b268-9ab6d1dce410,clinical_delete_target,cell_detection_run,f5668b77-a7c4-4ed2-aade-94bbf92900cf,b7207d26b75dc855f3f3141d351ef189,310e78840b955e3ca6e75eb03f0c66c8
17ecab92-4a33-4565-9efe-6f59c0ba1621,clinical_delete_target,cell_detection_run,50b0884e-ddde-4252-be9d-058151c986c4,002c4ebd31eb32aa66c6dada966cc757,310e78840b955e3ca6e75eb03f0c66c8
180f7ce2-b56a-4156-9abb-842c9aa49f98,clinical_delete_target,cell_classification_run,b64719fa-1dcd-44a0-9de7-4063fe9c1434,86647e23d4075444923d270efd3d7366,310e78840b955e3ca6e75eb03f0c66c8
185ea44f-bedf-4c29-a691-1aed0414f2a1,clinical_delete_target,quality_assessment_queue_item,1800af87-17f3-4810-b813-c2b401bac769,1e8b9e8318ce282c7fc2217a1cc0f84f,310e78840b955e3ca6e75eb03f0c66c8
193c8a60-3f82-4a55-94c2-27dbbdfabdca,clinical_delete_target,image_ingestion_batch,0ce2cc0f-774f-4283-8a9d-28dbfd751d86,05851a36d668ba8c383795b4402f2f03,310e78840b955e3ca6e75eb03f0c66c8
19c74ec9-b6a8-40e6-9586-0ebb999b2e7c,clinical_delete_target,quality_assessment_queue_item,9f1f6a97-b581-426a-9508-a8c73571140f,93cd4235460366bafc361d4b2621345b,310e78840b955e3ca6e75eb03f0c66c8
19c81087-a994-4d4a-b4f1-fc0c93f7352e,clinical_delete_target,microscopy_analysis_run,211b65b9-8b1b-4bc9-bf8e-2572a00a3ecd,f0b20e0618c5dcec8cef7c6520c9108a,310e78840b955e3ca6e75eb03f0c66c8
1a279b48-0f9e-4b25-8d77-1bf08d737121,clinical_delete_target,microscopy_analysis_run,5d9ca4e3-60b1-4a9f-aba0-8a5edd13510a,2e4b522b015fac2e38686bfd00e433b7,310e78840b955e3ca6e75eb03f0c66c8
1a31fcdc-c53d-40d7-8a63-9eeddbf094dc,clinical_delete_target,cell_classification_run,919d8a37-3b45-41b2-adb7-28aba7807bfa,a93b1cd91373a9bd7a75e9aabcfff8c0,310e78840b955e3ca6e75eb03f0c66c8
1a655be4-30ea-44c2-929e-e8c28ea5ba71,clinical_delete_target,cell_classification_run,1b96169c-f827-4a55-adb6-15de5ecd51de,fb5513d2d87c755b1fdddbfdeadefd43,310e78840b955e3ca6e75eb03f0c66c8
1a9d916f-e4d6-423e-9832-405817f53bb3,clinical_delete_target,microscopy_analysis_run,121a69bf-ba23-4014-892b-158b9c2b71a4,71c7babc776daa4743c27b71f17951c6,310e78840b955e3ca6e75eb03f0c66c8
1b08a008-91b5-4bac-a4fc-03e55d3c19fe,clinical_delete_target,microscopy_analysis_run,e109f86a-afaf-4c6b-8831-0fd7fc4fa7b2,fc3a095c94a08b05ac6f1e12120d685a,310e78840b955e3ca6e75eb03f0c66c8
1b190de6-2d02-42c8-9616-5c86500d8f43,clinical_delete_target,smear_slide,ee654b90-4599-4a8b-bb24-bc0279e24f71,86a7b9485d5f5cc65990325777b24895,310e78840b955e3ca6e75eb03f0c66c8
1bef505f-a40a-48b5-88f5-173debf989b0,clinical_delete_target,smear_slide,ebf58866-2333-4575-8819-c3edc9b6b34a,c4b6dd9e49b26ace9ecfd5b780c8169c,310e78840b955e3ca6e75eb03f0c66c8
1c02f3e0-11b5-45f6-aecc-db3f53dc7110,clinical_delete_target,cell_detection_run,60bd296d-21d5-4d22-99bc-a023cb410f35,83e4f49ea6fa2606e9d4b0510affcc4a,310e78840b955e3ca6e75eb03f0c66c8
1c073463-16f9-4fdf-b820-1270b833f73f,clinical_delete_target,quality_assessment_queue_item,210346ac-825b-4b09-a2d8-93a98cd58db7,90711c95ea08c9595caa7792f46e26a6,310e78840b955e3ca6e75eb03f0c66c8
1c23b50f-6f1f-4368-a803-6902733eaaa2,clinical_delete_target,cell_detection_run,ed18ce4e-6fb0-4f1f-b313-c9d76617210c,0afc3e1a8e3744ad9661e5c3a4a3e1c9,310e78840b955e3ca6e75eb03f0c66c8
1c89a344-1718-4f2c-8430-3abb73f9d363,clinical_delete_target,cell_detection_run,1abc6f5a-ce2e-4d43-a7b2-9323cf7efa1c,ebbbf937252cc5bf7b98913b2d8352d2,310e78840b955e3ca6e75eb03f0c66c8
1cc01860-5cf4-494d-8e8f-ae9e859a8737,clinical_delete_target,microscopy_analysis_run,c6209893-144a-447d-a436-fe89fc140cee,c7231c6eb5cdbab257ffc376f1b20ef3,310e78840b955e3ca6e75eb03f0c66c8
1cc411bc-5ae9-42b4-8af3-e9fbced17f92,clinical_delete_target,image_ingestion_batch,550dc255-341c-4bfe-8e56-292451c55a87,02d40ff263d4179d8d1336c4f1bdbec5,310e78840b955e3ca6e75eb03f0c66c8
1ce15897-a768-42f8-a562-debf2d478515,clinical_delete_target,microscopy_image,849d1772-b3d7-402e-82b3-2942cd77a889,92e91c48424e56a031da8bbf9d544717,310e78840b955e3ca6e75eb03f0c66c8
1d2284dc-38d5-448d-ad38-4dd7c75227b9,clinical_delete_target,microscopy_image,0c7ee510-e240-4b6f-b8bc-352c4dd9aa20,a7eaf24820d902ae53bc459a56050538,310e78840b955e3ca6e75eb03f0c66c8
1d2f49b3-1f72-49de-82ea-2c924daa44fe,clinical_delete_target,microscopy_analysis_run,4383bcb6-1595-4b3c-9c6f-ced12863a762,570417528d0f5d1941978b72de8bdbc5,310e78840b955e3ca6e75eb03f0c66c8
1d56524f-85b9-43d1-8952-bd781e934116,clinical_delete_target,cell_classification_run,969cd38e-8f71-4b26-9ae8-3ad200d74eda,55ea6a6328fe930ab934bdec615a6c1d,310e78840b955e3ca6e75eb03f0c66c8
1d83b973-61bd-4cfb-b078-4aeb85de4bc9,clinical_delete_target,cell_detection_run,a78dd7b0-8ddc-4cd7-bc5a-241f8b427de6,bac3bc10f7162d4e8797c9d7c5d2a495,310e78840b955e3ca6e75eb03f0c66c8
1daee9b0-ca63-4338-bf31-04059175d21a,clinical_delete_target,quality_assessment_queue_item,4d36ee2d-54ae-44b3-8c3b-f1021fdc1b88,058ebc3bdd4dd7d94b248ddaee610011,310e78840b955e3ca6e75eb03f0c66c8
1e0f8da4-d2c9-4a97-ac48-5b56a56ca0bb,clinical_delete_target,image_ingestion_batch,f077bd14-18bf-457d-a969-34de97d98ebe,13e31a474aff31c680895c8d1391b3f0,310e78840b955e3ca6e75eb03f0c66c8
1e13f4db-46be-4983-ac39-9d23946a7946,clinical_delete_target,microscopy_image,452e4d39-1e65-4a32-8a6a-e88382ac7aa6,4c25c0406805e2dbdb8448f57b28b350,310e78840b955e3ca6e75eb03f0c66c8
1e382d41-24ac-4ec2-9982-4e67281fc443,clinical_delete_target,quality_assessment_queue_item,f0fabc86-0de1-4ba4-8b50-3396f853ee17,65e7f4dab5f10e7378d617c528ced19a,310e78840b955e3ca6e75eb03f0c66c8
1e70be5b-92ff-4f34-8969-42f5791ad2ee,clinical_delete_target,cell_detection_run,8c8e678b-a6c7-4b8c-b4c0-d34745f32fe3,29f26278d643058bccdf2c9de248a842,310e78840b955e3ca6e75eb03f0c66c8
1e8160e8-1b95-4300-80e6-1673c78439e9,clinical_delete_target,cell_classification_run,49c92f34-7ed4-4adf-938a-a5cd82ef7af5,addf67dc4791dd5adef3a3eb28e0ab57,310e78840b955e3ca6e75eb03f0c66c8
1f2621f8-9f0a-4a73-98c4-00dcb5d2d6fb,clinical_delete_target,cell_detection_run,881590dc-6d13-4137-ba82-d28d2ed5199a,3046982f33f9c00d3ced69c30bed93f9,310e78840b955e3ca6e75eb03f0c66c8
1f2caa98-57fd-4313-8812-23b921c464fe,clinical_delete_target,microscopy_image,25a1a8fb-90d3-4cfb-b43b-20ee3b4b7788,397d0a5588005bf02ffbf7a945abd3b9,310e78840b955e3ca6e75eb03f0c66c8
1f432089-0e07-4f01-83fc-e1e4dbb8a6b2,clinical_delete_target,cell_detection_run,0074b7b4-1a21-4123-9fb0-7a7e78c65792,181da4dacc05c7d7d515280e2981412e,310e78840b955e3ca6e75eb03f0c66c8
1f68f3bc-1a0e-405f-9d48-81fd7c56c12a,clinical_delete_target,scientific_case,d7216dc6-9255-4607-af4e-a8ef4f690170,4c5b041f3b77dfa528b2234883dc1ddd,310e78840b955e3ca6e75eb03f0c66c8
1f6f7c2c-1ae9-492d-92e7-898f2b31840f,clinical_delete_target,quality_assessment_queue_item,9a60975c-af56-40e5-b133-84c69b165fa4,752eede266c9cf00f9e4c72a178a875f,310e78840b955e3ca6e75eb03f0c66c8
1f93f427-0a2c-456a-8499-2ec5e2b003aa,clinical_delete_target,cell_prediction,ac26d220-aeb8-41c7-b0a4-5470bb05e936,abd65e76155f7cb771b1ccde1e9a3359,310e78840b955e3ca6e75eb03f0c66c8
20200419-35a7-4ff7-899c-31cc524a3017,clinical_delete_target,cell_classification_run,143622ba-8f1e-42c1-b802-005b34b8f39a,74df96a7d831511dbea6b258c2eef95f,310e78840b955e3ca6e75eb03f0c66c8
204d7965-6f66-4acf-abd7-1e4893fbf3dc,clinical_delete_target,cell_classification_run,fef11a6f-dd15-4ed9-92b0-802bd2a2e546,49e8c44cada9613bf713395f59162129,310e78840b955e3ca6e75eb03f0c66c8
208ead30-4402-4004-89f0-151df59f02ad,clinical_delete_target,microscopy_analysis_run,fce4a23b-7725-4c69-960b-5c9cd9b68f50,35cd239f5303767ac148d37996de6cdf,310e78840b955e3ca6e75eb03f0c66c8
21716e7a-70e3-48d9-bb7b-f2b3066ef034,clinical_delete_target,cell_classification_run,86853bfd-35c8-45e7-84fd-930a99713af1,6b29904be2a2e4e9896cde9a6ea8e8c3,310e78840b955e3ca6e75eb03f0c66c8
21844311-c71e-4206-8f6c-52cc6251625b,clinical_delete_target,image_ingestion_batch,a1179d54-93dc-4ca7-be5a-0e685432d5db,b00246a9fbef508999519adb8b30ca73,310e78840b955e3ca6e75eb03f0c66c8
21951666-c77f-482c-ab1e-26441cb860b6,clinical_delete_target,quality_assessment_queue_item,615c1552-8358-48cf-b1a3-cc7eeb0bde0e,59775f948774ef52ac320e41627998bc,310e78840b955e3ca6e75eb03f0c66c8
220e6907-6683-481d-8c6c-f2d2e4d44910,clinical_delete_target,smear_slide,3d4da2bb-c0b3-419b-ac77-a186f28d2acf,04b66595865eb3dd926c318d418a9202,310e78840b955e3ca6e75eb03f0c66c8
22b2f88c-3054-4cd8-af8e-71f71b14ac25,clinical_delete_target,image_ingestion_batch,71f3656d-885c-4cc2-9be2-8403d8e2b0db,9007e68d48d10a812ebf7ae8433ea22d,310e78840b955e3ca6e75eb03f0c66c8
22d46c12-c2c6-4b5e-9372-db1c49365a61,clinical_delete_target,microscopy_analysis_run,ae68a99c-11f7-457a-88f8-3cef9a144958,5e74fde938a5461d8a64ca721b90724a,310e78840b955e3ca6e75eb03f0c66c8
23319cf6-cf65-4900-863a-a15ce7e662ff,clinical_delete_target,microscopy_analysis_run,54e278de-2381-4a05-8faa-42bf761f6688,d237b7fc35fe5c0edb4f6bc728e65688,310e78840b955e3ca6e75eb03f0c66c8
23b58e0b-774c-48ac-b0cf-021ce445a722,clinical_delete_target,cell_detection_run,8c8e678b-a6c7-4b8c-b4c0-d34745f32fe3,96adbd66344c1bf7f487ac1702bf1db0,310e78840b955e3ca6e75eb03f0c66c8
23cdeb97-1db7-4f05-890d-d0b133845e9a,clinical_delete_target,cell_detection_run,f6d15c09-591e-4808-aff5-02f7c8c4d239,59bfa51f1686bdcf1a152b7a0bd79d82,310e78840b955e3ca6e75eb03f0c66c8
24031105-9065-473c-8a2c-39a605c594dd,clinical_delete_target,quality_assessment_queue_item,3a6405f6-fa42-4c88-84c9-14e34e04334e,42b5b8bdbfb15b97454fa28a938fdf7c,310e78840b955e3ca6e75eb03f0c66c8
240b776a-0bcd-4b39-9eed-730e6e60e4da,clinical_delete_target,microscopy_analysis_run,05b33155-8921-4eb9-9920-af67decfe454,9420e5dd66bfb2bc959fc107984f8f27,310e78840b955e3ca6e75eb03f0c66c8
247d4d66-3568-4c84-8070-1b32f074ed55,clinical_delete_target,cell_detection,b44d5a75-10c6-4139-8383-b1c87a514006,68d79c10233a17e442e870a4dfcf7d00,310e78840b955e3ca6e75eb03f0c66c8
24c80c1c-061b-4984-85f8-6c0a189f2770,clinical_delete_target,image_ingestion_batch,550dc255-341c-4bfe-8e56-292451c55a87,47f3b454c9b7cccecfccc236dbe668e4,310e78840b955e3ca6e75eb03f0c66c8
24e50444-0fe3-4e3c-bdda-a29afd1166b0,clinical_delete_target,cell_classification_run,143622ba-8f1e-42c1-b802-005b34b8f39a,76a00fdcda06b61362f3ee40e583cce4,310e78840b955e3ca6e75eb03f0c66c8
253deaeb-9317-4be6-8733-9af1a0980dc0,clinical_delete_target,microscopy_analysis_run,1ddaaa4c-d445-4586-9511-a65dadb106af,23fff62948db14abc5cc1c62d82e7fbb,310e78840b955e3ca6e75eb03f0c66c8
2581db95-d701-44c7-aab8-1bd7b08347bc,clinical_delete_target,microscopy_analysis_run,e109f86a-afaf-4c6b-8831-0fd7fc4fa7b2,34218f539475ed3e0a339903cc85d3ae,310e78840b955e3ca6e75eb03f0c66c8
25c29614-7912-4ec1-ba4b-405b35013f26,clinical_delete_target,scientific_case,e616d683-b672-4557-ba89-52bf85cf2532,aaab30bf6bf8367cd90d5cad9fa862b5,310e78840b955e3ca6e75eb03f0c66c8
25e31b35-bc3b-4c1c-955e-7c6f93296937,clinical_delete_target,cell_detection_run,0ff18f89-6fbd-4755-8e89-15227de46f41,29cd323ebacdb56bb5ee8e52aa7b43b0,310e78840b955e3ca6e75eb03f0c66c8
25f87227-6091-44b1-8ac6-61940e7e092c,clinical_delete_target,microscopy_image,5b7cb03b-f0e6-42de-9aba-d4fb3757ad09,98effc041ee29acd6db05b00ca005b9e,310e78840b955e3ca6e75eb03f0c66c8
26c052d8-7034-41f6-ad54-000c7fd023bc,clinical_delete_target,research_subject,b1484fc5-1897-419c-b474-0046b7046d2e,e58877834c0b784a538a0a9d7f2e9e4c,310e78840b955e3ca6e75eb03f0c66c8
2708e02f-8dc8-4da1-8378-d28b2f602b6b,clinical_delete_target,cell_detection_run,b9f975b3-7cd8-4b9a-a2cc-1bd9a76d924c,cfe184fb9497cd27a18495597a69f9b1,310e78840b955e3ca6e75eb03f0c66c8
276fe752-729b-4b03-9c24-33642133ecf0,clinical_delete_target,microscopy_analysis_run,cfab61b2-68de-4231-b700-3bd7f3936b05,951d32302895ef251b0818d665973893,310e78840b955e3ca6e75eb03f0c66c8
27cd3265-ba7b-48ca-9082-81963e5d7595,clinical_delete_target,cell_detection_run,85d8a71e-e9ed-4062-a036-52e42dd89720,922a6be32c7b669f8419d3314d86d773,310e78840b955e3ca6e75eb03f0c66c8
28257391-3027-4492-8679-350ae1921954,clinical_delete_target,quality_assessment_queue_item,84efa505-8310-46a5-826a-fbeb2ff1b07c,f90869fe358b1949f26ac300d50c2c2a,310e78840b955e3ca6e75eb03f0c66c8
287cad27-d328-4bdf-b38e-6c7ac40e37c2,clinical_delete_target,microscopy_image,43249c8b-9008-49c9-8246-2b24989143a2,c9bd9c7c1818b69bc796f24c0da26821,310e78840b955e3ca6e75eb03f0c66c8
28aadb40-7628-4199-80bf-b0a6a5616db6,clinical_delete_target,cell_classification_run,f1825269-8702-4782-8267-d175f1a3e788,25575b4a2e4ed7109717ca6a0eb3957e,310e78840b955e3ca6e75eb03f0c66c8
28d6443a-393c-4313-9737-9d0cd70710d7,clinical_delete_target,quality_assessment_queue_item,30619f6b-2afe-4732-93da-8dc59e833278,f5c08f5b6185ab64fd06aa6ae1e250bb,310e78840b955e3ca6e75eb03f0c66c8
29716b59-bac3-4355-a42e-b68f84e3330e,clinical_delete_target,cell_classification_run,3c4ca187-c3e7-4b57-9026-263fe970d25a,7c7eb1cb0e8daee2a047dcb936fe5b7f,310e78840b955e3ca6e75eb03f0c66c8
29771022-ca5a-45c7-897e-066ec2d4e314,clinical_delete_target,quality_assessment_queue_item,0c906972-1413-43e0-bf31-b28b8268d8a1,02000b8b743256a66f645ccf9773ff07,310e78840b955e3ca6e75eb03f0c66c8
2980c44f-a95a-4e59-ad51-7950ddab574c,clinical_delete_target,microscopy_analysis_run,98aaa914-7ab3-4a7a-a77d-5a96fadd0a24,b2dfc31aa00d73eed98e30cbe2045cea,310e78840b955e3ca6e75eb03f0c66c8
29ebe17a-1ca2-4d78-8599-9fb3911510c2,clinical_delete_target,smear_slide,51efb908-e341-41ad-8cd6-a32871e03015,28a642a707c0871a3f7ab47e6b604c09,310e78840b955e3ca6e75eb03f0c66c8
2a7327fe-e9c3-4ddc-bd2d-bfe3a704ce39,clinical_delete_target,scientific_case,7483e17f-366b-4fd9-8a01-8e1fe6f45647,e2b85b13171c8e5031df1a9a3a8b61c5,310e78840b955e3ca6e75eb03f0c66c8
2aaa8b5c-70a1-44b6-81b0-5b16442ae1ee,clinical_delete_target,microscopy_analysis_run,8b912699-0346-4eca-9a3f-992922f65702,dac0312d44c3ec03b8307a2a08cb4c3f,310e78840b955e3ca6e75eb03f0c66c8
2aee3536-1a22-4df6-b05f-679b867650b8,clinical_delete_target,cell_classification_run,f1825269-8702-4782-8267-d175f1a3e788,9a5a00bb13f859dc350e3b51de11acc5,310e78840b955e3ca6e75eb03f0c66c8
2b32e7b1-ccb3-47fe-b83d-e7dfb920e159,clinical_delete_target,blood_sample,74c9ed83-becb-4b44-88de-28c2c3d27f22,a84fe7d32efc438869c3e59249664cff,310e78840b955e3ca6e75eb03f0c66c8
2b4d7d35-5445-4f41-817d-af0552700a47,clinical_delete_target,cell_classification_run,0622acfd-52fa-4050-8433-dd18b20a8358,aca09ae6e0a73ef186289f5e4008c895,310e78840b955e3ca6e75eb03f0c66c8
2bad88e7-4df5-4e47-ae42-3f29e491b4df,clinical_delete_target,blood_sample,0862ad3c-e6fa-4d06-85da-1eb58423326a,f8197035ae72bad7ca828a9927cb073b,310e78840b955e3ca6e75eb03f0c66c8
2c24db65-fdeb-4458-a4f1-e0dbe8410683,clinical_delete_target,microscopy_analysis_run,5f35abbf-10da-4c5e-b4d7-0b2e59de51f2,c08bab0d046b722d8e04566940af8ac6,310e78840b955e3ca6e75eb03f0c66c8
2cb3c113-0785-4b22-823c-0161055f2536,clinical_delete_target,microscopy_analysis_run,72906de0-83a0-4e98-940e-735fe5fb2363,886e2eb548d163e9a63fd5525fe3d248,310e78840b955e3ca6e75eb03f0c66c8
2cdcc13b-0371-41b6-ba5e-1afcf2ec5baa,clinical_delete_target,smear_slide,4398a457-440c-4566-ab8f-7f4a6dcc42f7,6baa1f408e4c9b121cfbf8512eae9397,310e78840b955e3ca6e75eb03f0c66c8
2cef31b0-04a5-470c-97c2-9450ae0a9db3,clinical_delete_target,cell_detection_run,c6ffc450-182b-4d59-bf0d-1090bd076903,425538d20ecbf236f0d7c73c3c05560f,310e78840b955e3ca6e75eb03f0c66c8
2d073e7f-23db-4995-9916-ace899f6b0ff,clinical_delete_target,quality_assessment_queue_item,e5fd6f7b-06f8-4166-8ccd-e1d2ca207096,84571a02b86e0143f245d0082d8c591a,310e78840b955e3ca6e75eb03f0c66c8
2d394f8b-08f3-4f6c-a363-17bdacc0a4e7,clinical_delete_target,microscopy_analysis_run,5ad2e702-acee-4f0a-9a01-8a2ba6b24733,beea3665a395993efbfe1cdb42921d62,310e78840b955e3ca6e75eb03f0c66c8
2d950cf8-22ac-4560-b3fb-716635d0af8d,clinical_delete_target,cell_classification_run,d32b7bd2-8e02-4df2-8883-a0ef235f6c9a,65127f1d328b779dab54c62163ca7983,310e78840b955e3ca6e75eb03f0c66c8
2df1e5c8-667f-418b-b2a8-1b7d7197cf79,clinical_delete_target,cell_detection_run,0d86637f-bf43-4c20-a000-30e6e09038ff,6823d2c5fb13a837f77ae4375f9c91d7,310e78840b955e3ca6e75eb03f0c66c8
2df34970-c715-4179-aa1a-6e0871840922,clinical_delete_target,microscopy_analysis_run,e11b10f7-d1c3-4d6a-9e69-a4b6bc1abc46,2f7af782969e30f25321057a56985942,310e78840b955e3ca6e75eb03f0c66c8
2e312071-0984-4b4a-9ad8-6318740ab0f5,clinical_delete_target,image_ingestion_batch,7fc4cc44-d788-4718-baf9-5794b1dc6003,5e97634bd92987f7ca283c98f210d338,310e78840b955e3ca6e75eb03f0c66c8
2e5d09b5-24a3-4c84-9038-87e2eed0f95d,clinical_delete_target,cell_classification_run,919d8a37-3b45-41b2-adb7-28aba7807bfa,5a974d7415764d109f6869327e3e4e7d,310e78840b955e3ca6e75eb03f0c66c8
2e65d76b-7240-45ab-af1e-d164928683a3,clinical_delete_target,microscopy_image,7ba97fb6-e951-4c3b-93d8-3958918f513f,b3d2c4c78af30fdc5ad05fe982e0b385,310e78840b955e3ca6e75eb03f0c66c8
2ec98c80-0d07-4727-938f-193da9749b53,clinical_delete_target,quality_assessment_queue_item,fedecbe7-6325-4d0a-8cfd-928fa23ad2e4,9c11931a8435cf1d0ff68a9105460fe8,310e78840b955e3ca6e75eb03f0c66c8
2ed3e8d7-a6e2-47d9-9e84-854a6d91c916,clinical_delete_target,microscopy_image,a677a079-648e-4190-a706-6551525bbab7,e130efe96f8cc8f3b566ca51762fcac1,310e78840b955e3ca6e75eb03f0c66c8
2f96aee4-5a1e-471b-9b52-10c639c5ae20,clinical_delete_target,image_ingestion_batch,b5b5d19d-fe9d-4fc2-a8ec-fc6c42f97b11,31493fd0695e6dfab844e2d8670c1745,310e78840b955e3ca6e75eb03f0c66c8
2fba792b-3537-4f97-9ad6-f43b3e418373,clinical_delete_target,cell_prediction,8b49ebbd-9696-4112-87c2-5e8734afa8ce,dff62fca150ee99198313097f1130d2f,310e78840b955e3ca6e75eb03f0c66c8
2fd134c8-c5a0-45b3-b287-d09e7f984fda,clinical_delete_target,blood_sample,82dc51d9-6036-45ca-8481-a485cb3b49cb,73c6f2489bbc4532447fce7404cc923a,310e78840b955e3ca6e75eb03f0c66c8
30070a97-f2f3-43cd-b545-72948d11e59d,clinical_delete_target,cell_prediction,b6a5eacf-6ca0-4224-a6e1-38a8e2613a51,89845575aa0202ca9a5bcafad35d8c3b,310e78840b955e3ca6e75eb03f0c66c8
305a6354-eea1-4ff1-a257-5c7aa24e61aa,clinical_delete_target,cell_classification_run,3735f632-8998-43e9-9c12-4b43cd139734,a7988dbbcd3e50b5fe46d58731a7824f,310e78840b955e3ca6e75eb03f0c66c8
3069c48b-9064-48ca-a21a-a9d15e31bc63,clinical_delete_target,cell_classification_run,9372f493-9c91-4b71-aa3b-d5ce7eed881c,733174e64f4e2dc07ed1cd2a2cc07df0,310e78840b955e3ca6e75eb03f0c66c8
306bb6a6-8fac-47bf-b454-03d6054ef92e,clinical_delete_target,image_ingestion_batch,bcf51c14-f3a3-4b0e-a0e6-2e8a3e97f7a5,459c50d45cdc5d3bb3d2eaf3fd40441c,310e78840b955e3ca6e75eb03f0c66c8
30bc282d-6256-4091-bb9f-4605523aec7d,clinical_delete_target,blood_sample,d5e4621b-dc32-4938-850e-d509b2d9d5ed,10d3fa1a9585706129e784d9a9b5fa77,310e78840b955e3ca6e75eb03f0c66c8
3118b94b-92fe-4ebc-97d4-be886d5ab58d,clinical_delete_target,microscopy_analysis_run,5d9ca4e3-60b1-4a9f-aba0-8a5edd13510a,d7ded0e103b425537c9a086d7f1806d4,310e78840b955e3ca6e75eb03f0c66c8
313f0937-e1c9-4dd7-ac8c-5cc8bdf22841,clinical_delete_target,cell_prediction,7c977099-943a-4f76-94e6-e9454328dc16,0a54896e4541ebe92cc49798aaeb2c52,310e78840b955e3ca6e75eb03f0c66c8
3194a9d3-d570-4ebb-9993-192ba4190e32,clinical_delete_target,cell_classification_run,1994d295-0c97-474d-b000-4ed4d1139320,5d519f3b4ffaf4446013622d55c4b0a2,310e78840b955e3ca6e75eb03f0c66c8
31f567b7-9f2b-4912-b574-0c4f455b0b21,clinical_delete_target,cell_classification_run,351bec6a-b933-4a09-9833-2c310a7eb28c,482f8038bcfce025fe6e0a40904b174a,310e78840b955e3ca6e75eb03f0c66c8
3303ecb8-3821-4ca6-8379-0694a4fa6f8c,clinical_delete_target,cell_classification_run,218252e3-f3b5-464c-94d3-d22467bf515b,ea33d94ec343cdd4cbae664dcccd0807,310e78840b955e3ca6e75eb03f0c66c8
33092799-fbd6-4444-bbe5-6824d9f5d9f9,clinical_delete_target,cell_classification_run,97d8487e-77b0-4d91-a447-8c2c11123197,82a9b8dcd315e320fb08733f5607c210,310e78840b955e3ca6e75eb03f0c66c8
33bd73d5-97b8-40b9-803c-d14fa903011c,clinical_delete_target,image_ingestion_batch,98f244be-e300-4bd0-bfe9-eebbb6485c77,4cfa51012b7288b2d99050253b3546f7,310e78840b955e3ca6e75eb03f0c66c8
33ee9d20-d5d3-457c-a102-6f82e6c043ae,clinical_delete_target,blood_sample,7b2de6c7-c780-4fc4-b762-d807a92870db,334a5e177a46176cccf81cad75916c60,310e78840b955e3ca6e75eb03f0c66c8
34805171-750c-48c5-836f-5fd63fe3b1d5,clinical_delete_target,quality_assessment_queue_item,c900309c-5bcd-454c-bc95-2ac934f09c06,05ae74cf593aa342db8f7f8b9032f403,310e78840b955e3ca6e75eb03f0c66c8
34c91a02-ed83-4ee2-ba45-5c50e0856a7b,clinical_delete_target,cell_detection_run,a78dd7b0-8ddc-4cd7-bc5a-241f8b427de6,499ca78d4be35e47391d423d6bc50e81,310e78840b955e3ca6e75eb03f0c66c8
3502f9a6-cff4-447b-a655-b79e017dcf0f,clinical_delete_target,cell_detection_run,618af6de-bfab-495e-8634-e484d620ee21,1b90c7654f3109666337a2ca0b0c586a,310e78840b955e3ca6e75eb03f0c66c8
35409508-1c6c-4989-bcd1-ddb155928509,clinical_delete_target,blood_sample,84a444ce-c2f9-4b9c-ad0d-edaeabd76e13,d94ba4c209ca73cc1a76ddd22221ee6a,310e78840b955e3ca6e75eb03f0c66c8
35842d6b-0b12-4137-b6b4-58ab1e8b2eba,clinical_delete_target,blood_sample,8d0090aa-c6c8-4f0d-ab44-a5cc2b430ef0,77bfc8102f8590a41bedd3277f53ae8f,310e78840b955e3ca6e75eb03f0c66c8
35a71e5a-444f-4532-b6ed-9e963f5e643e,clinical_delete_target,image_ingestion_batch,f2a1d032-e433-4ddd-9a74-e62c26f3a8fb,d6937388ac5c06610d36a2e5778a0369,310e78840b955e3ca6e75eb03f0c66c8
35b9c40f-91f9-44d4-ace9-b6187a480c54,clinical_delete_target,quality_assessment_queue_item,f39b42f1-0804-4aed-8371-3eb301acf30b,05b8d6441b5aa42c4f0d7c0c3b553116,310e78840b955e3ca6e75eb03f0c66c8
35bbdf9e-6409-4811-a6a0-e20593d9ec69,clinical_delete_target,scientific_case,5285ffb2-b818-48fc-913f-7482336dee24,7ae6e1d2e58ca27db76002b3d06bd700,310e78840b955e3ca6e75eb03f0c66c8
3609a5fe-ebee-46d4-87f8-2aee87d011e2,clinical_delete_target,cell_classification_run,c637d55f-3257-45ac-bf2b-0a8544870cd6,00e77b2d94fa39a7f2921bdd2f619d7f,310e78840b955e3ca6e75eb03f0c66c8
361e8e5a-a3ab-4aff-802b-475282001d02,clinical_delete_target,quality_assessment_queue_item,9337b0e0-6dc4-4878-b6d0-28e85c86d2c0,d919da83d4e9bd4d0aa49e6cce5ba490,310e78840b955e3ca6e75eb03f0c66c8
366a3e26-3d81-4d38-839f-aacf60c2972a,clinical_delete_target,quality_assessment_queue_item,1d27c69e-37be-4281-8d4d-ca1a62c94509,2d29d0876936c50bf86a3a0a7d29052f,310e78840b955e3ca6e75eb03f0c66c8
36c3faba-11a3-4e2b-ab34-569c6777728a,clinical_delete_target,cell_detection_run,151ee7ee-b609-4e6b-985c-04af59a85470,87cf8d627bf85ed19a2dcb20dc580115,310e78840b955e3ca6e75eb03f0c66c8
36d2678d-e67a-410c-9d6e-6fe0e77dd3cc,clinical_delete_target,quality_assessment_queue_item,c270b5ea-d1ca-4179-a5b8-462187847196,d49689176cd09a9ce51e593e4ca88f46,310e78840b955e3ca6e75eb03f0c66c8
36d2ebc4-8216-497a-8b73-f3f41757d3df,clinical_delete_target,cell_classification_run,49c92f34-7ed4-4adf-938a-a5cd82ef7af5,deb197e072d4ed77301c8b3231dd4b5f,310e78840b955e3ca6e75eb03f0c66c8
3744f66b-af5d-4537-83a5-f09927856a2c,clinical_delete_target,microscopy_analysis_run,9696ad8c-6c01-439f-afa5-29d7f5234348,ad7a7b52a005f84c3d480064b861ebdb,310e78840b955e3ca6e75eb03f0c66c8
374cdc61-4b64-4b3e-be10-1d5f51776c5c,clinical_delete_target,cell_classification_run,49c92f34-7ed4-4adf-938a-a5cd82ef7af5,c05df92077511d0e30655d63ebfff177,310e78840b955e3ca6e75eb03f0c66c8
3753bbd2-8ee4-4d14-97f3-c0278b6dd8ce,clinical_delete_target,research_subject,a9082abd-a3d8-4e6e-a619-cb5efab48156,92a7a8e8b51ba3b89bf31a6fc4b3b4b0,310e78840b955e3ca6e75eb03f0c66c8
378e6938-47fd-4029-9bf2-86535c980e46,clinical_delete_target,cell_classification_run,3c4ca187-c3e7-4b57-9026-263fe970d25a,3291f8c4e1b7f3e54f6e503574ee1b18,310e78840b955e3ca6e75eb03f0c66c8
37b19313-6e92-4152-854c-003ba086fce3,clinical_delete_target,microscopy_analysis_run,1ddaaa4c-d445-4586-9511-a65dadb106af,c55701651a86bb607dc0b7304b2cc69b,310e78840b955e3ca6e75eb03f0c66c8
37f6be40-5a1b-4167-92b9-b5ab9132b58d,clinical_delete_target,scientific_case,0ac44faa-d0b4-4181-aee8-492875980c00,f1b70cc9a5245d743541c0b90f20c077,310e78840b955e3ca6e75eb03f0c66c8
3817781a-daff-4639-aade-dd0ec474987f,clinical_delete_target,quality_assessment_queue_item,f0fabc86-0de1-4ba4-8b50-3396f853ee17,8011869daec22a2511426b21af5f2e93,310e78840b955e3ca6e75eb03f0c66c8
38e90473-8bd5-4cd8-a9ed-aa6135d7a2b7,clinical_delete_target,cell_detection_run,72553654-6802-48a4-964a-3fa748870a05,01b4eed9987728561f2cf56fa1ad0bc5,310e78840b955e3ca6e75eb03f0c66c8
393cf94d-187a-46db-8a20-cb8e5edc7908,clinical_delete_target,microscopy_analysis_run,39265da0-dd1a-4f17-89aa-1e661f9c473f,af2b045e7c6e66136351228bfc95ba17,310e78840b955e3ca6e75eb03f0c66c8
397deebd-b5f6-4946-a078-b7e78eaee505,clinical_delete_target,microscopy_analysis_run,39265da0-dd1a-4f17-89aa-1e661f9c473f,984d1b419db7be710c4d69fd756fd0eb,310e78840b955e3ca6e75eb03f0c66c8
399ca550-9bab-44ab-ba2c-ba60c6fc38f8,clinical_delete_target,research_subject,395d26d1-ab12-4089-ba21-45a6a16e1d7e,f10b2b4da90d99f7dda97fbf5a095bd1,310e78840b955e3ca6e75eb03f0c66c8
3a2a74fb-ee28-4e7d-889f-991efb1a966b,clinical_delete_target,microscopy_analysis_run,5f35abbf-10da-4c5e-b4d7-0b2e59de51f2,d1429b1683acf9d5228b99e3279b5c20,310e78840b955e3ca6e75eb03f0c66c8
3a316a7a-f26d-4575-8748-b43f53899de3,clinical_delete_target,image_ingestion_batch,a1179d54-93dc-4ca7-be5a-0e685432d5db,5f586641aefb69cb2055ea5296969e4d,310e78840b955e3ca6e75eb03f0c66c8
3a471dc8-d08c-4949-ba07-60bbe374b7a9,clinical_delete_target,microscopy_analysis_run,4383bcb6-1595-4b3c-9c6f-ced12863a762,55c6d0fa37a3a90f3b5a3af0cabe335a,310e78840b955e3ca6e75eb03f0c66c8
3a93993e-46cb-4462-b6b0-59fd54a19046,clinical_delete_target,microscopy_image,583436b0-220a-49a8-a35f-3dec3bddcfd4,7eef56a6c63a2c77ccb3549f34aa3c2d,310e78840b955e3ca6e75eb03f0c66c8
3b388715-cdff-4bde-b39b-4bd7687a36d5,clinical_delete_target,research_subject,3b27897d-8d4d-4607-90c6-8abc1246c834,52d9802a2799598bfbf9af837fe5fc39,310e78840b955e3ca6e75eb03f0c66c8
3b3f67cd-6790-44e2-98d7-40ff9484cdb4,clinical_delete_target,cell_detection_run,2f40a287-e0d5-4ab9-919e-a1ddfe57b9bd,f9f6ef7e8289724c2258d9b65fc9425b,310e78840b955e3ca6e75eb03f0c66c8
3bc98b05-005c-4890-8e23-73780f4e47de,clinical_delete_target,microscopy_analysis_run,7a11c0f4-a9d7-4446-a5f2-437ffc334a6c,b6cc866a023b20db8b508baf384e06d3,310e78840b955e3ca6e75eb03f0c66c8
3bdb24f6-ba0a-42d3-9531-6c886f59d881,clinical_delete_target,cell_classification_run,9ecd5e1b-a8d9-408c-af86-60cc0b5dd40f,e13461b796454beeef0cf51c3c188552,310e78840b955e3ca6e75eb03f0c66c8
3be61e19-383f-42a4-ae40-3cb3a52aef43,clinical_delete_target,microscopy_image,92e2e64a-1c82-402b-b24d-75d43d50a17f,cd16a97e815bf63e2d2f4fc369bef1c2,310e78840b955e3ca6e75eb03f0c66c8
3bffd4b3-3838-4874-8ff7-8b2da575c219,clinical_delete_target,image_ingestion_batch,b0f4f210-3420-445e-b670-0de0151b3458,49095a639e27cb6635b2dae2d5952953,310e78840b955e3ca6e75eb03f0c66c8
3c785ae5-91bd-4327-92dd-491d81063f30,clinical_delete_target,image_ingestion_batch,e8d9aca1-0af4-43d0-8b66-489394820b63,dba1671b4ba075a9a2a7e6f055677ecc,310e78840b955e3ca6e75eb03f0c66c8
3cfac354-0b98-4f0c-abdc-ac5df41a2587,clinical_delete_target,microscopy_analysis_run,cfab61b2-68de-4231-b700-3bd7f3936b05,76ef6f57dcdc0bf5a26c68979468291c,310e78840b955e3ca6e75eb03f0c66c8
3dbac8bd-c537-4a27-bb57-56e6cd10143c,clinical_delete_target,cell_detection_run,99ac88d3-5c9f-4fc3-8d6a-abadae1ee80c,3da5b93e00d6808003bbbfa197a8842a,310e78840b955e3ca6e75eb03f0c66c8
3df710a1-4fa5-45eb-bd35-d2ce20185e02,clinical_delete_target,microscopy_analysis_run,211b65b9-8b1b-4bc9-bf8e-2572a00a3ecd,c04e6e0a95b800678eb6ae6b3ce5ef8e,310e78840b955e3ca6e75eb03f0c66c8
3e1b9efb-8e1f-4e5b-bf1a-9283c80a706e,clinical_delete_target,image_ingestion_batch,2d646848-d050-406e-9359-9b63dce1c9a4,f8cd8f1411b072ae0406eb4c7a35b441,310e78840b955e3ca6e75eb03f0c66c8
3eb02e28-6849-4af5-b84a-8bc9f2208d4f,clinical_delete_target,microscopy_image,afee46ec-494f-4fe6-be85-353a4cfc0b56,860f8787d4c901e76d94fe114941ce16,310e78840b955e3ca6e75eb03f0c66c8
3ec30ba9-b8a6-4ae2-8e43-bf0a5dca33f9,clinical_delete_target,microscopy_analysis_run,59a98cc0-24f4-424a-b208-3fe06063fa47,24319eee3d677de7c3330b16f1369cbe,310e78840b955e3ca6e75eb03f0c66c8
3ed65d53-2198-4de1-a7c6-2c203d1cea4d,clinical_delete_target,microscopy_analysis_run,39265da0-dd1a-4f17-89aa-1e661f9c473f,f0f3bbccb1623ad37f83dbae7b35936d,310e78840b955e3ca6e75eb03f0c66c8
3fc42799-8a3d-4211-b7dd-a17a8045a05c,clinical_delete_target,microscopy_analysis_run,9696ad8c-6c01-439f-afa5-29d7f5234348,c985c1c903a851c63c2984a3bc59157f,310e78840b955e3ca6e75eb03f0c66c8
3fc7f93b-6d7a-4159-a8d5-7ddebb800872,clinical_delete_target,scientific_case,4339aab1-6643-42c8-bebf-e4787a92edbb,77f55a8cce8fb3a30728b56f382a8bea,310e78840b955e3ca6e75eb03f0c66c8
3fcb2e84-6329-4d1a-8e2e-a6d79270db47,clinical_delete_target,scientific_case,fb5fe210-3cb0-4807-bebd-23e60fee905c,73dce92431ba2e9ea0c73cd19fefb75a,310e78840b955e3ca6e75eb03f0c66c8
3fff7017-8015-4bfb-81e1-82f7816fe211,clinical_delete_target,image_ingestion_batch,7f8e8fba-fa2c-4276-894b-926ab65f7ec0,6441e4ecb7a0897a9f688f9620d2c788,310e78840b955e3ca6e75eb03f0c66c8
404d6158-f248-468a-b92e-42941761b9cf,clinical_delete_target,quality_assessment_queue_item,8d544f34-5b64-44b6-8ee3-340d5054158a,25ecdcb563c6bffab10a9f7c746f8843,310e78840b955e3ca6e75eb03f0c66c8
40547fee-930d-4872-9954-2b03ab72137c,clinical_delete_target,microscopy_image,650c7580-8b2e-4bc4-88e8-bf03c5bb423d,fd8cb38e57918ec1313983e874d63ca6,310e78840b955e3ca6e75eb03f0c66c8
40580c9b-0e02-4e72-bfa9-93fcd9e74a4d,clinical_delete_target,image_ingestion_batch,b5b5d19d-fe9d-4fc2-a8ec-fc6c42f97b11,9284870fbab5d760bfad25309f932df7,310e78840b955e3ca6e75eb03f0c66c8
407bbef5-5d09-414a-9c20-d7eae1a2f1da,clinical_delete_target,microscopy_analysis_run,c9a6b7af-881f-47da-980a-1a2c2b743a1c,26d0721c7ebd4227d599e95955633527,310e78840b955e3ca6e75eb03f0c66c8
41225348-17cc-432d-808e-75344015dbe8,clinical_delete_target,cell_classification_run,c637d55f-3257-45ac-bf2b-0a8544870cd6,72f08a52b5eb74ce006ff6c0a6d08ed7,310e78840b955e3ca6e75eb03f0c66c8
4150fc8c-9e00-4c30-b058-2e5bc91734b4,clinical_delete_target,cell_detection_run,2b113263-4ee7-4c87-a4d5-c689a43626bb,302c14a6f4866e58adbbff1a1dcba5cb,310e78840b955e3ca6e75eb03f0c66c8
41eb1c2b-dd98-4a9b-8fbf-c8706066669c,clinical_delete_target,cell_detection_run,aa1323a6-7f80-4e1e-819a-ec182f045f3d,322a507ac79f8539e250ba96fac86080,310e78840b955e3ca6e75eb03f0c66c8
4203a160-b73b-46fc-826c-742f248041a7,clinical_delete_target,cell_detection_run,c6ecf996-e832-44ad-89bf-2ca55d1d46d5,ecfb6b5725afb813428eabd9aed93576,310e78840b955e3ca6e75eb03f0c66c8
4222e630-c49f-4b9d-9e1b-6a500682e547,clinical_delete_target,quality_assessment_queue_item,1800af87-17f3-4810-b813-c2b401bac769,e69d4607ab97d15d256b5aa32afc79e6,310e78840b955e3ca6e75eb03f0c66c8
42297c1b-52c0-4ceb-a7e3-cf51ee6fbee8,clinical_delete_target,cell_classification_run,e41e40bf-a374-44e0-9386-e80497b8d524,ba9d84101c70fe9cb186418aed919206,310e78840b955e3ca6e75eb03f0c66c8
425f39c4-66f2-4963-933c-6a9e34709bf4,clinical_delete_target,quality_assessment_queue_item,0c906972-1413-43e0-bf31-b28b8268d8a1,a628a28313c3b95979dc9697714df4ed,310e78840b955e3ca6e75eb03f0c66c8
4261ceb1-7e58-4f68-9a2b-226d55c6a54a,clinical_delete_target,image_ingestion_batch,3094d2c7-3911-49b2-b68c-368962a3a1b4,46d2501582be5676bb899a87b4f2b7c5,310e78840b955e3ca6e75eb03f0c66c8
42f84d63-7650-4d01-a189-06118747e41b,clinical_delete_target,research_subject,ea8802b6-5769-4923-a8a7-04cefdf8d81c,baca38e7ec81a3a17bf6e1a7d6864f35,310e78840b955e3ca6e75eb03f0c66c8
430fc931-d041-41f9-b139-0d535acf8071,clinical_delete_target,smear_slide,e038dd2a-9c61-4c9d-8f2e-225147c4bfd8,d14780bbb476fec055a49c48033af754,310e78840b955e3ca6e75eb03f0c66c8
4365bea8-66eb-4ef0-9f67-45a3158ba730,clinical_delete_target,research_subject,41f2e553-574a-4f7f-9fe0-36b6a436d72d,ab03e2cecdddd0a0afb80516690024cb,310e78840b955e3ca6e75eb03f0c66c8
43dee1f4-a9e8-40bb-b19a-f797fa565cb8,clinical_delete_target,cell_classification_run,b64719fa-1dcd-44a0-9de7-4063fe9c1434,7e506f4602ba35c5fd8a9772207f8223,310e78840b955e3ca6e75eb03f0c66c8
4421448c-53ad-4e05-bfdb-c00add4052e0,clinical_delete_target,image_ingestion_batch,14d6e732-d2a6-4e5a-a9e5-89644cead01e,ab9490cca4b0ef3eee1d55ba628c34c9,310e78840b955e3ca6e75eb03f0c66c8
442bea4c-9eed-4a3a-a6cd-575dd35aa2b5,clinical_delete_target,microscopy_analysis_run,8122e340-548f-40df-9dd4-ed43859605ff,64fe90b3199384ab335dd05ec4ac597d,310e78840b955e3ca6e75eb03f0c66c8
44514780-6d6d-4e5e-a6a7-c1af16753eba,clinical_delete_target,image_ingestion_batch,581cf8ae-de44-42e3-bb66-faa745d27bb6,066e49296cdc24e5a4e58ad365b428f4,310e78840b955e3ca6e75eb03f0c66c8
446960d4-0858-48c7-89f3-d8c4fca74817,clinical_delete_target,research_subject,c4568df7-cccc-4569-826d-772a5c5c0f7b,dcb20d4f4838ebaf977e3962ed67a787,310e78840b955e3ca6e75eb03f0c66c8
446b3b58-9729-4677-9c88-ed8bc816c719,clinical_delete_target,image_ingestion_batch,e83d6e19-fc81-420d-8eb6-e93cd67761dc,3240d5d5f46cb2dd3230f9a5730fdc16,310e78840b955e3ca6e75eb03f0c66c8
44b78221-65fe-4b92-9c06-de71346a65e5,clinical_delete_target,microscopy_analysis_run,1c49c468-795c-45ed-98a4-e3670ddd5182,b2ca5b3dc3fa7f094edbfec2c275b0bb,310e78840b955e3ca6e75eb03f0c66c8
4547b60b-8999-4386-b655-c0ffb4d22dd6,clinical_delete_target,microscopy_image,341ae166-7910-427a-94aa-721eac5cb386,bdaedd79a35ab4d034550d234e740fb1,310e78840b955e3ca6e75eb03f0c66c8
454dc672-1768-4eb4-9524-6cfaf0a1768a,clinical_delete_target,cell_detection_run,5e7bbe13-3cf2-4c2d-9022-31d242f15fb1,dcfc57a1c2611c0452bd5186edb8cd49,310e78840b955e3ca6e75eb03f0c66c8
45c983a1-785f-4698-843d-81e257ac0229,clinical_delete_target,microscopy_analysis_run,7be00fe5-41da-48c5-b2c2-9618f0a7c517,73b9a89983b5e97ba43c504ca82f12c9,310e78840b955e3ca6e75eb03f0c66c8
45d8573a-8e4b-4aca-90fc-0b6fe569b361,clinical_delete_target,cell_detection_run,bf423fe1-2fc5-4662-9eda-ff1496c1bba9,62afa52a2eb80329bf07fdc08e7bc31d,310e78840b955e3ca6e75eb03f0c66c8
4609ceea-efb9-44ad-b487-30a44873ba41,clinical_delete_target,quality_assessment_queue_item,5bd5893a-e45c-475a-a339-446d6c3dd3ca,4eb73cdca9b19d8c73b93972ae637f2b,310e78840b955e3ca6e75eb03f0c66c8
4655b80c-cdd2-48c8-b54c-76331e65c581,clinical_delete_target,quality_assessment_queue_item,441a268c-15a0-498b-95f4-80895f06ff31,559fd990f1c215743a1f2ed979eec64c,310e78840b955e3ca6e75eb03f0c66c8
468b3be2-d05b-416f-8102-a51dc80f7781,clinical_delete_target,quality_assessment_queue_item,696ef07e-2534-408b-a6fb-87641ba28e19,c95c1d5f3968a2a948270e222604e752,310e78840b955e3ca6e75eb03f0c66c8
46b37304-9d73-4ab5-a52f-2cd4b994b444,clinical_delete_target,blood_sample,5bd800a4-b3a1-43b2-9b87-6d406b471db7,a9afae422b71e6dd01406c8e02a05e49,310e78840b955e3ca6e75eb03f0c66c8
46ba9559-4de4-44bc-aebc-187befb89b37,clinical_delete_target,cell_detection_run,cbe1ff80-b88b-4401-b918-9064927d2acf,df3805ac0f007343cc532e9281eb52c1,310e78840b955e3ca6e75eb03f0c66c8
46e60861-c1c9-4083-801d-af3420ba9527,clinical_delete_target,cell_detection_run,72553654-6802-48a4-964a-3fa748870a05,b4f23a704a3fcd1a82c5f8a3b1524353,310e78840b955e3ca6e75eb03f0c66c8
471aaf26-0a69-4863-8b24-d1f5994d9317,clinical_delete_target,microscopy_analysis_run,e922ee8e-77f4-426a-8de9-c98840e1bb7d,72af57e0dc7b45f6922af0eac6aa863d,310e78840b955e3ca6e75eb03f0c66c8
478cfaa9-dae1-4fbc-b65c-800321cfb2b4,clinical_delete_target,cell_classification_run,218252e3-f3b5-464c-94d3-d22467bf515b,e97370c5ec054f9e2f07e69d95006897,310e78840b955e3ca6e75eb03f0c66c8
4792944b-0956-42a9-80e4-b596cfd24745,clinical_delete_target,microscopy_analysis_run,07c71166-93b3-415e-b764-6ca7344238f6,a46e76e54e82b44c76758d60044da372,310e78840b955e3ca6e75eb03f0c66c8
47be143c-ffac-4ecd-b1b8-992fa2085613,clinical_delete_target,quality_assessment_queue_item,3888a8b5-83d6-4316-b804-1d7ec9d0ba9c,1f0457f817df343474b02561a4967cdb,310e78840b955e3ca6e75eb03f0c66c8
47f18bbb-f377-4a40-998a-8ff022737fab,clinical_delete_target,quality_assessment_queue_item,1d27c69e-37be-4281-8d4d-ca1a62c94509,d225510993dd7c8f782e1573d276f801,310e78840b955e3ca6e75eb03f0c66c8
48532280-0765-4b04-90f1-cb688e7aaaf3,clinical_delete_target,quality_assessment_queue_item,085273d2-b24a-46b4-bf11-fb0ae7c96b87,03e8917d5090478be2908e2675d14bcd,310e78840b955e3ca6e75eb03f0c66c8
48b2e8c1-d9e1-4b6c-a1a5-2a1e3ec11968,clinical_delete_target,blood_sample,e65d1155-e75c-4bb0-ba68-6799e992edd9,a8da4450f5c5b1350759cb7e93c128e2,310e78840b955e3ca6e75eb03f0c66c8
48e266a5-1ca1-45eb-aeee-5fc28b8ab22c,clinical_delete_target,cell_classification_run,1994d295-0c97-474d-b000-4ed4d1139320,724e997c6626623b690d8af3b4139f97,310e78840b955e3ca6e75eb03f0c66c8
4a0b2c3b-ddb1-457e-884d-3a27833fa1fb,clinical_delete_target,scientific_case,0b3e21fd-323f-4f94-be52-efc76447788c,c78390e1233abf8536d687cd5404d047,310e78840b955e3ca6e75eb03f0c66c8
4a27f9dd-b404-4e27-b997-d2bbe46aa542,clinical_delete_target,microscopy_analysis_run,1c49c468-795c-45ed-98a4-e3670ddd5182,572a813158dd348a5dfbce9d654ca368,310e78840b955e3ca6e75eb03f0c66c8
4a5b072d-c9de-403b-a191-acc6ee13037a,clinical_delete_target,image_ingestion_batch,d39f7f46-ec87-4302-9bb4-c2e1801d6fe9,5d721200a885e81664b7f315b836ffb3,310e78840b955e3ca6e75eb03f0c66c8
4bad9f1c-dee1-4923-8511-c29b24af2e0a,clinical_delete_target,cell_detection_run,f4a29ede-288f-42ba-abf0-32395606ffc4,a5d12e00526e77458f533c2562095bf8,310e78840b955e3ca6e75eb03f0c66c8
4bda6673-266e-42b7-9b33-bfa9cf485614,clinical_delete_target,image_ingestion_batch,7064faa9-ff47-4ec1-a6ce-590dfd5e0091,2a66d5f98a22c5843ed229dc340b2869,310e78840b955e3ca6e75eb03f0c66c8
4c21a4f2-cbf4-45aa-bf51-72ac8c3afa50,clinical_delete_target,image_ingestion_batch,6f084814-f95d-4ba6-816d-4561fba5c17b,5f813d41cbe555333154f468c4040302,310e78840b955e3ca6e75eb03f0c66c8
4c4979d4-3565-4c8b-991f-eca931350ba2,clinical_delete_target,cell_detection,33c4650c-db10-4489-8bf9-502131b527a4,4d83f7350b1032bad54c38dca3dff394,310e78840b955e3ca6e75eb03f0c66c8
4cd6a4a4-b58b-4888-bb25-7c7d58930003,clinical_delete_target,cell_detection_run,0d86637f-bf43-4c20-a000-30e6e09038ff,60a9bd5dd353d529323d5209bd906406,310e78840b955e3ca6e75eb03f0c66c8
4cdaad4b-7a92-4028-be0b-376969ba2c8b,clinical_delete_target,quality_assessment_queue_item,44a77ee8-fa4c-4873-9bf7-44879f3d8f77,730a1202ff41b1cde03a94004a2f7c52,310e78840b955e3ca6e75eb03f0c66c8
4d3c02b3-b96b-43d6-b16f-9fde3336a88c,clinical_delete_target,microscopy_analysis_run,59a98cc0-24f4-424a-b208-3fe06063fa47,5a89898aec51ec11f0cb51cbf7edfcb0,310e78840b955e3ca6e75eb03f0c66c8
4d50606a-2837-40d9-b15e-f69a761a36a8,clinical_delete_target,image_ingestion_batch,e8d9aca1-0af4-43d0-8b66-489394820b63,b5eca202e32de158d66441e773d0a12d,310e78840b955e3ca6e75eb03f0c66c8
4d86ac19-dc41-4be6-a217-f8b7947a7693,clinical_delete_target,microscopy_image,5ecbdf28-e01c-4b51-ae7b-f9d88c6b9aa5,0b58328f0990a2e9553941691ae9efce,310e78840b955e3ca6e75eb03f0c66c8
4da72ad8-ff00-40ef-97a8-75a21a6350a5,clinical_delete_target,microscopy_analysis_run,b0a5839c-3668-4411-b590-cc1d8fed470e,3556f45cfc24815a47fe4827440e5301,310e78840b955e3ca6e75eb03f0c66c8
4dbb24b1-0733-4458-8b12-966c84e704fc,clinical_delete_target,microscopy_analysis_run,383c9700-4823-4ef4-a3f6-c8bac0a28dd4,92ee4d3c20291ee3047027a105371f0b,310e78840b955e3ca6e75eb03f0c66c8
4de79077-47a6-40e1-b00c-9960e06c6bf4,clinical_delete_target,microscopy_image,8a0187a3-03f0-45bd-ac3c-6e47c7999f03,06c66999e7b1ef67e332637a555700b8,310e78840b955e3ca6e75eb03f0c66c8
4dfaac76-2a15-4d6b-b4ae-13112bb841bf,clinical_delete_target,microscopy_analysis_run,93807208-985b-4d70-bb43-c7843db4141d,9ebea72eb8a79875c5fb6cb3c09d37ea,310e78840b955e3ca6e75eb03f0c66c8
4dfacc4f-1108-46c5-b6a8-8a647812e25f,clinical_delete_target,cell_prediction,9a1086da-519b-4a48-b899-e2d28dd95586,84c504122e6fc2734246cef8f00c1508,310e78840b955e3ca6e75eb03f0c66c8
4e244665-e977-4890-88b9-357f2d1ff1f7,clinical_delete_target,cell_classification_run,d2055c79-26a2-4105-809d-82254e016cf1,06999cdfbd2ca05c5b54cd7d11c17cb0,310e78840b955e3ca6e75eb03f0c66c8
4e3def35-2d2b-49a1-a1ab-5bf6d2f09bbb,clinical_delete_target,microscopy_image,18b27447-aed7-42fa-9142-4bab96366973,aa471553130a159d8f0fb0537d3ac365,310e78840b955e3ca6e75eb03f0c66c8
4f228f91-8ef0-4b57-b6b2-72b5e01e190b,clinical_delete_target,image_ingestion_batch,bd02f725-0ed9-4bd6-8513-86c94f9c63e6,85a3b8240c0f2b00ffa62925fc7e1043,310e78840b955e3ca6e75eb03f0c66c8
4f448696-8937-4da3-bdd5-82a24c33ea27,clinical_delete_target,research_subject,5c81e5a2-71a2-46a3-815f-23264ecfb82f,b9c306361c04cd20ebd166d253ec49b8,310e78840b955e3ca6e75eb03f0c66c8
4f476d5c-f237-46c3-8fb2-9306c4ef1ec6,clinical_delete_target,quality_assessment_queue_item,9a60975c-af56-40e5-b133-84c69b165fa4,5a8c5ed19350150a8ccef14b772e2d3d,310e78840b955e3ca6e75eb03f0c66c8
4f492b91-2c73-449d-9f20-81bf1d776f9e,clinical_delete_target,cell_classification_run,d32b7bd2-8e02-4df2-8883-a0ef235f6c9a,d2791ac764f317adfa7cf4cdf5a02608,310e78840b955e3ca6e75eb03f0c66c8
4f5c2bd3-0777-4358-bcc5-dff4eadb33ae,clinical_delete_target,microscopy_analysis_run,5d9ca4e3-60b1-4a9f-aba0-8a5edd13510a,55217afb7a86360571051b804189aec2,310e78840b955e3ca6e75eb03f0c66c8
4fb1aec2-9505-4886-a8d6-744ec9544702,clinical_delete_target,cell_detection,b44d5a75-10c6-4139-8383-b1c87a514006,eddd262000a38a17a1f9ebfd2efa151b,310e78840b955e3ca6e75eb03f0c66c8
50129f8f-f51f-4ab1-9dc7-2625164b9760,clinical_delete_target,image_ingestion_batch,f5b6e7c7-06e0-4bcc-87e1-a8f477b82121,0b151fc2e15dff1e04b9351d14c660e6,310e78840b955e3ca6e75eb03f0c66c8
5016eddd-c7d7-480f-874a-48c662d5921c,clinical_delete_target,microscopy_analysis_run,3a9a3ddd-a6fb-43b7-98e8-82fe65649b10,0fda5e021f6ba4f70e749a7d7b4e200f,310e78840b955e3ca6e75eb03f0c66c8
5027df21-c1b0-40bb-951f-f49f88a86377,clinical_delete_target,smear_slide,c5c2115f-3c44-422a-809b-77b912019d41,3ac31aa5292fc23a765fcc7145b961b7,310e78840b955e3ca6e75eb03f0c66c8
5032b453-924d-435c-9b0f-107a5e02178f,clinical_delete_target,cell_detection,33c4650c-db10-4489-8bf9-502131b527a4,1fd15c9d71651714e30011cffd112623,310e78840b955e3ca6e75eb03f0c66c8
5085a5a4-b899-4e9b-a53c-30a9892ca9f3,clinical_delete_target,microscopy_analysis_run,e8985a61-720d-45d7-b2d4-8a499a951ac9,1eb637f3e8d06fee8681e30079929aef,310e78840b955e3ca6e75eb03f0c66c8
51df75c6-f82b-43be-8080-20bc82a2a03b,clinical_delete_target,cell_detection_run,99ac88d3-5c9f-4fc3-8d6a-abadae1ee80c,364856251bc1f62b742de4080521e6c4,310e78840b955e3ca6e75eb03f0c66c8
51e10a96-8526-4318-844b-5d840df3e313,clinical_delete_target,image_ingestion_batch,c11b5906-9e42-4ab4-a300-2f62c34db45f,3cd3a0a9b53e29b3c79666168ea3d9af,310e78840b955e3ca6e75eb03f0c66c8
52250562-a5b2-4ae3-acde-71eb3fd575e9,clinical_delete_target,cell_detection_run,c3c7a47a-b9d7-41c8-a8db-3269a23bca95,0ca759b91ba9323d0350b93154329d6f,310e78840b955e3ca6e75eb03f0c66c8
528fbd5a-f0bb-4ac6-a1b4-f628414742e4,clinical_delete_target,quality_assessment_queue_item,8d544f34-5b64-44b6-8ee3-340d5054158a,2d71e6ad07b90b3293fa23fc713c29ea,310e78840b955e3ca6e75eb03f0c66c8
52c0b28b-faba-4e1d-b6e6-5d69d18301b9,clinical_delete_target,cell_detection_run,1abc6f5a-ce2e-4d43-a7b2-9323cf7efa1c,fdcc498f467c664a0df0084d04033869,310e78840b955e3ca6e75eb03f0c66c8
533456d3-67f4-4c36-88b4-a15deb3f9f7e,clinical_delete_target,scientific_case,d56da8d3-0685-47c7-ac45-66dcbe864025,c6ab47355da0e52516973753a8005077,310e78840b955e3ca6e75eb03f0c66c8
535edf06-143a-4297-a809-8ed67e506c17,clinical_delete_target,cell_classification_run,0622acfd-52fa-4050-8433-dd18b20a8358,4c7f6dfd08d6abfbbe76d2fcd1b7becd,310e78840b955e3ca6e75eb03f0c66c8
5391b27d-a1a3-459b-b21d-cfe42c542080,clinical_delete_target,microscopy_image,195bafe6-f5d3-4155-8e36-a48b6d4b88bd,4c8b45dd5947c33e3f9dbdd1fdfa1be9,310e78840b955e3ca6e75eb03f0c66c8
53f3c0ba-f01e-4cc7-8b7b-ab5d405186b3,clinical_delete_target,microscopy_image,49d77376-cc67-45d0-949e-e39c499bdace,dba930d6d6f743a77e5b916beacd91c5,310e78840b955e3ca6e75eb03f0c66c8
53f5e398-0a28-4925-bb99-2d922fa198f2,clinical_delete_target,quality_assessment_queue_item,3888a8b5-83d6-4316-b804-1d7ec9d0ba9c,2a6cd809ed68b95abd95198b8ccbddfd,310e78840b955e3ca6e75eb03f0c66c8
5457edcd-6fd7-4deb-ad46-62600633b434,clinical_delete_target,scientific_case,6013c866-a323-4bb7-9674-0044f1139199,fef98cf53ccd65787efb26e79b5f85a5,310e78840b955e3ca6e75eb03f0c66c8
55126792-abae-439d-b931-a27b1e3d49f6,clinical_delete_target,research_subject,516fb6d2-bd5a-45d8-9dfc-bab9b3845427,46a129387f3e693ea40b9a8b5bbab22c,310e78840b955e3ca6e75eb03f0c66c8
55ee1bc9-bf7b-4688-8400-882b38c3fd14,clinical_delete_target,image_ingestion_batch,912ed57e-024d-4e32-87e8-fb3a65bec883,5f6aa3d2b3e2ed1907c5ffa2b972385f,310e78840b955e3ca6e75eb03f0c66c8
5690fd26-af5d-4eff-a91d-f3cedcb235ac,clinical_delete_target,cell_detection_run,2b113263-4ee7-4c87-a4d5-c689a43626bb,e964b629174db5398da63c2d03c0b7b5,310e78840b955e3ca6e75eb03f0c66c8
569ef921-226d-4c9d-a723-033cbcc35cb3,clinical_delete_target,smear_slide,eeed03b5-7b83-49c2-aff2-0476ee2f0ebb,d5d2794eb9b9f4c8da1c634f7827ec79,310e78840b955e3ca6e75eb03f0c66c8
57369f9c-797e-4d66-a7f3-3c92dbf22e65,clinical_delete_target,research_subject,02632a67-6380-4e7e-a289-92d9e5e1ae56,ed4413eca2de9165c5f4bb0545808edd,310e78840b955e3ca6e75eb03f0c66c8
57e861d7-ed08-442b-9c44-40382d8b7edd,clinical_delete_target,microscopy_analysis_run,3a9a3ddd-a6fb-43b7-98e8-82fe65649b10,37060a4892adb20caefe58298ced9e7d,310e78840b955e3ca6e75eb03f0c66c8
5813dc72-5f76-4db0-b4c3-bce1194ce456,clinical_delete_target,image_ingestion_batch,f077bd14-18bf-457d-a969-34de97d98ebe,738e40869dc5b778d3baebed0fd62197,310e78840b955e3ca6e75eb03f0c66c8
583a3c6b-0689-4155-95dd-2a197630a46a,clinical_delete_target,cell_detection_run,1007bc39-4bca-4a32-9069-5c8180b174db,c467925f44785bba62f053d5ec3d966e,310e78840b955e3ca6e75eb03f0c66c8
5852be11-5df6-4ad8-a499-26b0baf6dd53,clinical_delete_target,microscopy_analysis_run,214fd936-3c74-4042-937a-3131ff495bdd,274063794623a6145d47f9a5ade14876,310e78840b955e3ca6e75eb03f0c66c8
58974484-f25a-406c-8a71-199bf742cdfb,clinical_delete_target,microscopy_image,86f57337-3130-4c9d-9284-6d6ff68c1991,83c204db0b531311d0453ef298acb75c,310e78840b955e3ca6e75eb03f0c66c8
590193d7-a370-4cc0-aa5b-9528c7a90867,clinical_delete_target,image_ingestion_batch,21088e58-6af2-4d51-92bd-607bad23177f,2cd509cb6e9b67c831b932e7c155779f,310e78840b955e3ca6e75eb03f0c66c8
59355f01-66d1-45df-b746-70da1785b14e,clinical_delete_target,smear_slide,0954f74e-5cd3-4bce-ab0f-40fc6519bcff,7db663558b0171a148d956d85a0bc11a,310e78840b955e3ca6e75eb03f0c66c8
59427976-f749-4b6d-b0f8-ec34cf7794e9,clinical_delete_target,cell_classification_run,18318c4d-e1a8-4d82-83c2-07b08947ccb0,6c96964754b0762fb12aaeab38cb2633,310e78840b955e3ca6e75eb03f0c66c8
59985dae-96a1-46f8-ba5b-b13407bb16ed,clinical_delete_target,cell_classification_run,355ee604-bcee-466d-98e2-700061daf81e,57d684343f8425433f484130b0f82e05,310e78840b955e3ca6e75eb03f0c66c8
59d78a45-c33b-4db9-ab76-3d0398e2ecc4,clinical_delete_target,cell_classification_run,3c4ca187-c3e7-4b57-9026-263fe970d25a,e4a543643cc943d0f584f9b7c92a3369,310e78840b955e3ca6e75eb03f0c66c8
59ec66c7-7692-42ef-a9ce-6066848c1c23,clinical_delete_target,cell_classification_run,d2055c79-26a2-4105-809d-82254e016cf1,4fb9b3afd581352acd04fe6ac3f143e8,310e78840b955e3ca6e75eb03f0c66c8
5a2aa041-7656-48eb-8cba-c67aa25e97f8,clinical_delete_target,image_ingestion_batch,c810e55b-d2fb-4f8e-b738-310fa6a7ac3d,7d44f0fbc47d0aca83767a897302ce1b,310e78840b955e3ca6e75eb03f0c66c8
5a5ddee4-f2f4-4cef-b91b-e41bbdcae119,clinical_delete_target,scientific_case,8e565907-297c-4279-b28f-92bce1643e2e,b77429d87b919faf1e6fd8fade40b27f,310e78840b955e3ca6e75eb03f0c66c8
5b00e7e3-bb65-4910-be03-42f10ec1d722,clinical_delete_target,microscopy_analysis_run,5f35abbf-10da-4c5e-b4d7-0b2e59de51f2,dc9c8859a926cec772e9e924ccc7edfb,310e78840b955e3ca6e75eb03f0c66c8
5b0b1e87-077c-41af-9349-c7c072485cdd,clinical_delete_target,image_ingestion_batch,0ce2cc0f-774f-4283-8a9d-28dbfd751d86,9f1a63d24a06ac27d8b8d8ef4ae746a2,310e78840b955e3ca6e75eb03f0c66c8
5b1e760f-853e-4341-bf1a-cfc4f018db7b,clinical_delete_target,smear_slide,4b10fb9a-e16b-4a49-9f11-49901acaec30,18c83e7dd055fdcf66cb12d885ea343a,310e78840b955e3ca6e75eb03f0c66c8
5b53674f-6b77-4c34-a559-2d69fde731ca,clinical_delete_target,quality_assessment_queue_item,fd66d3f2-cde1-4151-9974-9c0217239a41,690537e17388c3329d058654e76b9ff4,310e78840b955e3ca6e75eb03f0c66c8
5be632a0-a245-422c-ba13-413707faa991,clinical_delete_target,microscopy_analysis_run,ba5fc281-07c1-46ca-8091-0c13e6753aa4,09084a593f9f6333fa5d6427f4420f7c,310e78840b955e3ca6e75eb03f0c66c8
5cefcd3f-c5f2-4019-9aa4-9ce817e1f2bd,clinical_delete_target,microscopy_analysis_run,7fd7ef40-bc9c-40d1-9e62-62bf0850c6b3,d576c80b9247ffdfbcabfa5351561382,310e78840b955e3ca6e75eb03f0c66c8
5d3a2c34-be02-4d71-b971-ee9e14afa27e,clinical_delete_target,cell_classification_run,18318c4d-e1a8-4d82-83c2-07b08947ccb0,62bc2b429fe8ab6d3e8d9d16402c7653,310e78840b955e3ca6e75eb03f0c66c8
5d6052e6-9d7a-4b78-bb1f-a95914ea1e30,clinical_delete_target,microscopy_analysis_run,7eba770f-f337-4ed5-b174-fb4c18baaae5,0dddd893b459d8c4026986746fb182ac,310e78840b955e3ca6e75eb03f0c66c8
5e3540e5-adc5-4084-bbd2-18025ed59502,clinical_delete_target,smear_slide,3c3d54e9-f5f7-442d-b752-5d3491736823,e408954a15de660d29d4c67537b52114,310e78840b955e3ca6e75eb03f0c66c8
5e6ed353-e22d-4b9f-a082-90c7a36b17c3,clinical_delete_target,research_subject,8156852e-bab3-46f5-b361-b43522488d92,b352b1e8398d321645d31a33d4ecb29b,310e78840b955e3ca6e75eb03f0c66c8
5f0b5edb-3db7-4862-a1ee-18336586771b,clinical_delete_target,quality_assessment_queue_item,cc2d4451-3fca-48ca-89b8-8ae9e04c1400,05a334d4476b6aeb7c8e14df66349639,310e78840b955e3ca6e75eb03f0c66c8
5f36fa1d-45cd-46a9-acbd-2da79e64ce61,clinical_delete_target,microscopy_analysis_run,8122e340-548f-40df-9dd4-ed43859605ff,44c29ac1d90d8b967a9b74e01e74638e,310e78840b955e3ca6e75eb03f0c66c8
5f4a1484-68ee-4d38-b21c-0b03c4d4338a,clinical_delete_target,microscopy_analysis_run,fce4a23b-7725-4c69-960b-5c9cd9b68f50,5d4083b92cc8d2af2f43faf0ed9501e5,310e78840b955e3ca6e75eb03f0c66c8
5f4b9cb2-f0ba-4892-afc4-fb44dc32f7dd,clinical_delete_target,microscopy_analysis_run,cd096d9e-0d01-4e4f-acd5-65e1548c215b,bd204b2d4c4ce4e9f15918f95dc449e0,310e78840b955e3ca6e75eb03f0c66c8
5f53936a-a23e-482e-ae03-10f1c712bc00,clinical_delete_target,cell_detection_run,f196b05e-1e21-41c5-8292-1c802004009a,87549e899f8f9c78f24294a0d8c3b0b0,310e78840b955e3ca6e75eb03f0c66c8
5f665885-81ff-45cf-ae0e-82dd66e0dceb,clinical_delete_target,microscopy_analysis_run,e109f86a-afaf-4c6b-8831-0fd7fc4fa7b2,ebd7af038dea67ccc4c773b96d2d4390,310e78840b955e3ca6e75eb03f0c66c8
5f82f547-e563-438a-a7b4-fc7dbee98f38,clinical_delete_target,smear_slide,781d8060-de80-4d6c-b094-3b28f802e9cf,a609baeb6e4958fd0569051d88039ff2,310e78840b955e3ca6e75eb03f0c66c8
5fc31c76-b152-43e8-b53f-70908556b706,clinical_delete_target,image_ingestion_batch,a995c14c-e1e8-4216-ba5d-07de0dbce8dc,b5d571923e6e6d452aaae3be744563b5,310e78840b955e3ca6e75eb03f0c66c8
5fc52195-ade0-4d19-a2c4-15c12ca44f35,clinical_delete_target,scientific_case,f7db0db5-3a04-4aaa-845c-33293ecbb037,2596ff499ca885bfa8b6596ce9ea89fd,310e78840b955e3ca6e75eb03f0c66c8
6011d276-221f-4582-b7ec-b05204f16b0e,clinical_delete_target,microscopy_analysis_run,5ad2e702-acee-4f0a-9a01-8a2ba6b24733,5c6d26e2d2ce97c59ad2638feecf0ecb,310e78840b955e3ca6e75eb03f0c66c8
60ad3c71-a1a7-4f2a-b5d1-1aba8e1814f8,clinical_delete_target,cell_detection_run,5e7bbe13-3cf2-4c2d-9022-31d242f15fb1,8bcb9e0e5d373e6f9dc36b0aadd62b70,310e78840b955e3ca6e75eb03f0c66c8
60ad6d3b-8fa8-4aba-b521-303db0a6efda,clinical_delete_target,smear_slide,38b5c970-4c3e-4e69-a4ce-b889fded2862,4359a076c2552c5efd5cfd954be40d9b,310e78840b955e3ca6e75eb03f0c66c8
60ee0d16-1089-4f46-85c6-6fabe10dd33e,clinical_delete_target,smear_slide,e4b5051f-cb50-4de5-a1d8-053c2c06e69b,05e43de20b7234b22852ea928e8bd054,310e78840b955e3ca6e75eb03f0c66c8
60f7a118-5d2c-4d4e-9114-cf8ebb49a3a7,clinical_delete_target,microscopy_analysis_run,b0a5839c-3668-4411-b590-cc1d8fed470e,cfccde444e916219c785a3f602486e8b,310e78840b955e3ca6e75eb03f0c66c8
61043b76-8960-4d40-af97-6db0d0109f6b,clinical_delete_target,microscopy_analysis_run,6dede06e-ae61-4920-bb2c-935cde2a5ff5,3fadc72d2fb3142849ded7c4155853f6,310e78840b955e3ca6e75eb03f0c66c8
61729469-0cf7-4fcb-829d-fc4b99a05b07,clinical_delete_target,smear_slide,16040bac-9c1d-436a-9453-94bd5701655b,48fbf60e8720803b0dd05a0cd5c7bb91,310e78840b955e3ca6e75eb03f0c66c8
61e704e5-e84c-42a1-afac-b7c4c37a4b1b,clinical_delete_target,quality_assessment_queue_item,32b17ab6-1940-40b3-8c98-85046df046f9,23f7f4b5fedd8b02ade2bcffe144f7d8,310e78840b955e3ca6e75eb03f0c66c8
62028b9b-974a-4f32-b775-c0f1d662f718,clinical_delete_target,cell_classification_run,b5238ec8-7ca8-4981-8a43-21a5fdf28e6f,1250d546c423fedbf24a83c14e3ee2f2,310e78840b955e3ca6e75eb03f0c66c8
62123385-8609-4ee9-9940-4a0244927e78,clinical_delete_target,cell_detection_run,c6ecf996-e832-44ad-89bf-2ca55d1d46d5,93a1f6be78d42d107185cba2470566a2,310e78840b955e3ca6e75eb03f0c66c8
62218921-8633-45eb-b845-fb95f1547ca6,clinical_delete_target,cell_detection_run,c5ca90cc-e321-4501-82f3-a2e0ef0f51a7,c9fbd3d6d73de2977be1a3e27553a184,310e78840b955e3ca6e75eb03f0c66c8
6224f299-63ba-4bfc-a5fc-29dc87a79f51,clinical_delete_target,cell_classification_run,24d3e2fd-a41b-439e-865e-eca5dbccf2e3,d6b1912d461ecf306aa2eb5809a1fff1,310e78840b955e3ca6e75eb03f0c66c8
62c256d6-efda-40b5-9075-1f75aca09979,clinical_delete_target,cell_classification_run,e4fbb1f9-34d4-490c-98a6-b94c51ba417f,f644ec6241236b1d2ca814556bdf6da6,310e78840b955e3ca6e75eb03f0c66c8
62f85e7d-5547-40b9-b833-576b063f7678,clinical_delete_target,microscopy_analysis_run,bc8b8317-c17d-4b7a-b737-5e40120559e2,fcb53424bdbd854d9a9141010cfc1344,310e78840b955e3ca6e75eb03f0c66c8
630542a1-7351-4727-a4d4-e810be71928c,clinical_delete_target,microscopy_analysis_run,8122e340-548f-40df-9dd4-ed43859605ff,5160b1b3cbf4ea503fe8a127c42be293,310e78840b955e3ca6e75eb03f0c66c8
6315919a-28be-44a2-8f06-855ac05b2161,clinical_delete_target,smear_slide,2cc4ae2c-8cb2-43df-9a79-2745eb0df494,4e2c3e21c49635eae5988a1a6b458865,310e78840b955e3ca6e75eb03f0c66c8
6335db5b-6b51-44ad-a3d6-9aef1f11c04d,clinical_delete_target,microscopy_analysis_run,214fd936-3c74-4042-937a-3131ff495bdd,274e3d6c3c9376edc74d107e9a8cc72d,310e78840b955e3ca6e75eb03f0c66c8
636bcbba-0cfc-46b0-9884-8a6dfb3e9092,clinical_delete_target,quality_assessment_queue_item,178051fb-0834-4c7d-bcc0-2eac9bce541b,11d84b73c8b178159d0d5e99c295ccb3,310e78840b955e3ca6e75eb03f0c66c8
63c67d76-ccdf-44bb-8e55-9a1b8eef1a8e,clinical_delete_target,quality_assessment_queue_item,32b17ab6-1940-40b3-8c98-85046df046f9,4c5a4285996ff566e0ba26a42a345b7a,310e78840b955e3ca6e75eb03f0c66c8
63c93023-1cd9-4d59-8d52-94aba1b6ee7f,clinical_delete_target,cell_classification_run,45174302-a6d3-4d0d-8c98-e1c817dfc3e4,e44b6bc6ec622ad7596d6afa8ce349df,310e78840b955e3ca6e75eb03f0c66c8
63e2fae9-6a32-4be7-9fcb-a243c635c93c,clinical_delete_target,cell_detection_run,618af6de-bfab-495e-8634-e484d620ee21,fa847a856096e60054e47931a9ece85e,310e78840b955e3ca6e75eb03f0c66c8
64c56877-d946-4451-b265-ae0553582871,clinical_delete_target,cell_detection_run,1db1a505-3eaf-456d-b123-7b9f8ee77762,bad8b1ab81bcce137929388f918f79ac,310e78840b955e3ca6e75eb03f0c66c8
6501cf63-d943-4e1d-8824-ef48d45b2971,clinical_delete_target,image_ingestion_batch,08003d2a-36ae-46a5-abff-2415be8ac1c7,69baa989871f76eb4f87db576c5e0672,310e78840b955e3ca6e75eb03f0c66c8
65034adb-3b25-495e-8712-38f2a9330b23,clinical_delete_target,microscopy_image,dc6df3c3-f03e-4261-bd4c-a2df5e0f0d88,cf68af53e85ce96229352153d235ccc6,310e78840b955e3ca6e75eb03f0c66c8
651e188b-c707-4c7e-aa31-28879d37f48b,clinical_delete_target,image_ingestion_batch,7e9cde6e-32af-4265-94d7-8d243c585703,bb15952f2aac4be69d3495ff106d1002,310e78840b955e3ca6e75eb03f0c66c8
6522a33c-9b8e-4ece-9043-c33076bbf5ad,clinical_delete_target,cell_classification_run,1361f54c-2c8c-4f3c-85d7-0f5c373b8cae,57173f1403fb27d4efd808e9c5d51dd0,310e78840b955e3ca6e75eb03f0c66c8
652c13c7-24bf-4079-a095-e273a23976a3,clinical_delete_target,smear_slide,a4a58ed8-6d15-4fda-8138-55933d22b5d4,98c5e1ee7a477ea95c16524ecb8f409d,310e78840b955e3ca6e75eb03f0c66c8
653fb37c-3cbf-4912-9d70-ebc592e0fcf9,clinical_delete_target,cell_classification_run,bea48ce1-5a3c-40a1-9afb-af66b06910e5,2f76f09c53e1bb220016a9fd731fa5da,310e78840b955e3ca6e75eb03f0c66c8
65ff9ccc-af4c-43cd-bc41-c9d6e9389c5e,clinical_delete_target,smear_slide,ba84f393-bea4-4675-8ab2-eb832cf6fa66,333cab01c3b3e19ca1568eca833dd3b5,310e78840b955e3ca6e75eb03f0c66c8
66075034-b21e-47cd-8700-829689026f22,clinical_delete_target,image_ingestion_batch,a9aed562-1e0a-4661-b3e0-7f4cc2ca2e92,68ae7dfb4c257b18315a87d826b3617b,310e78840b955e3ca6e75eb03f0c66c8
66d763ea-69fe-413a-a337-daf9a7a71665,clinical_delete_target,microscopy_analysis_run,ae68a99c-11f7-457a-88f8-3cef9a144958,110c64b34eee5fd3b0e8bb55fa609a07,310e78840b955e3ca6e75eb03f0c66c8
671d5bbe-5999-417b-b86d-a569bac01786,clinical_delete_target,scientific_case,6a6f49c0-d4b8-4459-8c0c-083450bf17b3,68d4dded237c36d7aeab404d9f840708,310e78840b955e3ca6e75eb03f0c66c8
67416bb3-65a5-4b63-b453-ef488a06ac54,clinical_delete_target,quality_assessment_queue_item,fd66d3f2-cde1-4151-9974-9c0217239a41,4c1fb90945eae1abc4b5b0a78a0e6989,310e78840b955e3ca6e75eb03f0c66c8
675dbd19-f14a-4665-853c-694d74de6fb0,clinical_delete_target,image_ingestion_batch,ddf6349e-195c-44e7-9c01-2080c09c8e7c,9885ef82202d8a5e076644c645b3f9b5,310e78840b955e3ca6e75eb03f0c66c8
67d57768-0883-495b-8194-dc1339748ff4,clinical_delete_target,research_subject,353081a9-faae-4ace-9d9d-6f33b121f952,0589bc72a8af4ff1c8dda817aa3967c1,310e78840b955e3ca6e75eb03f0c66c8
67e93792-5ec4-4f05-9760-3e6eb872d484,clinical_delete_target,research_subject,f8324586-01bb-45c9-9d0e-5f6f0e0f55b4,b64b08a9e23ffcad0acd0d4d1792d5fa,310e78840b955e3ca6e75eb03f0c66c8
67ea6ed4-a100-43ed-bec0-0401b0375c51,clinical_delete_target,quality_assessment_queue_item,9337b0e0-6dc4-4878-b6d0-28e85c86d2c0,e2b6b3250e2a0e215cda2c753a12a473,310e78840b955e3ca6e75eb03f0c66c8
67fffc9e-d98c-43ae-944f-2953c94b6f90,clinical_delete_target,microscopy_analysis_run,bc8b8317-c17d-4b7a-b737-5e40120559e2,2563107a14900dbc1ebd64bdd256677c,310e78840b955e3ca6e75eb03f0c66c8
681c4e23-b05a-4795-8500-369be04e6991,clinical_delete_target,quality_assessment_queue_item,615c1552-8358-48cf-b1a3-cc7eeb0bde0e,15b1f7f6c98eec65d28bc828352e31d8,310e78840b955e3ca6e75eb03f0c66c8
686c6554-5698-429d-8462-8a0546a7bb62,clinical_delete_target,scientific_case,d230dc39-4b33-4467-97b5-5c98330bcbb2,0236954aed1842f3645c96c8235664ad,310e78840b955e3ca6e75eb03f0c66c8
686c6d93-6293-43cb-ad2f-cccc0c7d0f28,clinical_delete_target,research_subject,a5eedf7b-d4ca-410e-925f-e45b20e5eb16,a0fa4c17852bc72759b53a3ec8f0cd8a,310e78840b955e3ca6e75eb03f0c66c8
688ea678-5053-4d63-a0c9-d0814613c183,clinical_delete_target,scientific_case,f15213ec-bcde-4696-ac13-b29e80e35c34,c92cfa72f4e9b17686bb49635781c27e,310e78840b955e3ca6e75eb03f0c66c8
68904512-18bf-4d98-b58c-6814be1ccf2c,clinical_delete_target,quality_assessment_queue_item,c270b5ea-d1ca-4179-a5b8-462187847196,58fa0d983e5ca3de335aaef65c7e304a,310e78840b955e3ca6e75eb03f0c66c8
68995719-ea1e-4f23-b17d-2d00ab376594,clinical_delete_target,research_subject,b702dc97-cc93-4fd7-ac34-8bf25bed276d,7fc0e56c76a897198a786d3d54e47afc,310e78840b955e3ca6e75eb03f0c66c8
6917f87c-c9ed-4662-86bc-3c6231693b92,clinical_delete_target,blood_sample,da0451ca-b970-4d67-afda-ab34abffa082,7874b9f954bea1e508ad7a36bef318d4,310e78840b955e3ca6e75eb03f0c66c8
69206bde-bb0f-41cf-943f-511d53395093,clinical_delete_target,quality_assessment_queue_item,cf80b0ac-7030-47bd-b98f-b240a2f73f60,1f3ce9f4f6295cd7ce66c8b2af102209,310e78840b955e3ca6e75eb03f0c66c8
6975eca2-fa4e-458b-9078-4f8c4f0755d4,clinical_delete_target,blood_sample,beb80c59-ea23-410f-a0df-ea3216fbb590,e85248ffb9919679caf318be0d1f563f,310e78840b955e3ca6e75eb03f0c66c8
698f0303-5ee5-4e9a-bdf8-daff33913b58,clinical_delete_target,cell_detection_run,b9f975b3-7cd8-4b9a-a2cc-1bd9a76d924c,4adcd8062ffa1ef19326ca18b09234e9,310e78840b955e3ca6e75eb03f0c66c8
69c776d5-ca92-47f5-813e-0584588c47de,clinical_delete_target,quality_assessment_queue_item,3a6405f6-fa42-4c88-84c9-14e34e04334e,86dedcde62905cb6b0b0043eb6870e30,310e78840b955e3ca6e75eb03f0c66c8
6a150c5d-cec2-479a-8ac0-8f21ec9d1a0c,clinical_delete_target,cell_detection_run,151ee7ee-b609-4e6b-985c-04af59a85470,8bb00a6583aa46b28f59a2280592c546,310e78840b955e3ca6e75eb03f0c66c8
6a2bfe0d-e4de-4fff-9b42-807ec1ad33fd,clinical_delete_target,research_subject,6533b8b6-cb47-4a3d-ae7a-0aced7c8624f,d5c853131bc104825e6ecfc65e8218e9,310e78840b955e3ca6e75eb03f0c66c8
6a5ef08a-6e3b-4481-ad4a-00f96f656280,clinical_delete_target,research_subject,d057a1c4-acf7-4f7b-9b9f-82cf50d24f95,32e223bfba3262bbf88a7fe0488842cb,310e78840b955e3ca6e75eb03f0c66c8
6a6e43a6-0bfe-408d-8e5e-e8c591d7fcb4,clinical_delete_target,quality_assessment_queue_item,c94a1560-76b3-4edf-ba0d-4aee0dd58431,8c8cc64d246d33eb7e1aabacd5f7dea7,310e78840b955e3ca6e75eb03f0c66c8
6ae0e44a-26c0-4283-95f0-8ca92306380a,clinical_delete_target,research_subject,68573eed-06aa-45e7-b258-c34d83507fb3,a4c147b44216e654dc126e3a177e04ed,310e78840b955e3ca6e75eb03f0c66c8
6afe7746-8390-4b0e-9d8c-8b734168e2f2,clinical_delete_target,microscopy_analysis_run,05b33155-8921-4eb9-9920-af67decfe454,1dd2faac8c325b85b1c63faeffa72e7e,310e78840b955e3ca6e75eb03f0c66c8
6b2f535f-94f0-406c-a0e8-4c9fc9f97d4f,clinical_delete_target,image_ingestion_batch,5432fee2-7913-40bf-bfe9-e74835d9ebdf,c7b89666d099769ee9d63fbbcf8cff6a,310e78840b955e3ca6e75eb03f0c66c8
6b5628a6-aa34-4b07-bffa-79935323f2fb,clinical_delete_target,microscopy_analysis_run,7ef7cff8-899e-428e-b89a-36803c0575b3,4aa9293790ec5684f6d65d588118aca9,310e78840b955e3ca6e75eb03f0c66c8
6c524c83-a345-4eda-afcc-5629107061e7,clinical_delete_target,blood_sample,e2519c4c-758e-4c4c-89c3-71a37174c2a5,f22b9f279d67bd4b94e85a51abd4ed01,310e78840b955e3ca6e75eb03f0c66c8
6c9e7276-c671-4377-b51b-cc2252df41de,clinical_delete_target,microscopy_analysis_run,7fd7ef40-bc9c-40d1-9e62-62bf0850c6b3,c22feb4b39ed11b81fbc1589f3608c5b,310e78840b955e3ca6e75eb03f0c66c8
6d23d744-87fe-45f8-9de1-11e3ce34f093,clinical_delete_target,cell_detection_run,1db1a505-3eaf-456d-b123-7b9f8ee77762,ba87bee86a433e0f671cb234b5dbffd3,310e78840b955e3ca6e75eb03f0c66c8
6d26bd5b-d8f7-4ef8-8d5c-68c1b324166b,clinical_delete_target,blood_sample,ec9b61ee-c053-461a-90de-bb35c9b6baec,b71c7879e82621c7af93b69ebf697416,310e78840b955e3ca6e75eb03f0c66c8
6d3253d9-095b-4cd4-b521-861d7534e753,clinical_delete_target,cell_classification_run,f65d72af-d0e9-4219-886a-20238d512871,39a6c88a32bffefac64ca66aa40332b9,310e78840b955e3ca6e75eb03f0c66c8
6d462a27-7445-4256-a4c2-31b2073de6fb,clinical_delete_target,image_ingestion_batch,2a099c06-9b7a-493d-ad4f-1266dd18bff3,680d7d4b9cbac132154a84042695e70b,310e78840b955e3ca6e75eb03f0c66c8
6d925ee0-5d8f-4de7-bb61-33f489965362,clinical_delete_target,cell_classification_run,68fa92d1-997c-432e-a612-487680160bbc,3c5499c8a82fbaa8d14393deb3b32cc6,310e78840b955e3ca6e75eb03f0c66c8
6de3566b-64f0-4938-aec4-a8fab941ab32,clinical_delete_target,quality_assessment_queue_item,178051fb-0834-4c7d-bcc0-2eac9bce541b,be086bc1037a1695d7c9c107ceff0226,310e78840b955e3ca6e75eb03f0c66c8
6e21dcd3-3ce7-4e8f-933c-41eecd42fd26,clinical_delete_target,research_subject,1f9d5cb7-661f-4010-8935-d49714f4b728,e62891a01a500bf8994b40cb98a2b17f,310e78840b955e3ca6e75eb03f0c66c8
6ec0c6cb-edf0-4127-be5d-eb0c8e1d851f,clinical_delete_target,cell_classification_run,e41e40bf-a374-44e0-9386-e80497b8d524,1b3dd10eaf2aa4aec9a2ae7dcd318b7a,310e78840b955e3ca6e75eb03f0c66c8
6ec0e7ac-37b0-41ef-94e7-a066bd9d4425,clinical_delete_target,smear_slide,79bde77d-74f2-4344-8bd8-ad630d6ffed3,7212d700bfb9da693e636ba31f286db1,310e78840b955e3ca6e75eb03f0c66c8
6f44b552-0366-4152-a5e9-e48b47ae5ac9,clinical_delete_target,microscopy_image,88dc4c92-8367-4c4d-a59b-da86d01b8d82,1d615dc3fd696cc516fb9af90c7f75b6,310e78840b955e3ca6e75eb03f0c66c8
6f6d0d37-8f22-4d33-8e6b-556379257a2c,clinical_delete_target,quality_assessment_queue_item,cefbbd6c-f309-4cb3-b5e7-c22241dcad2e,eb2c1d040947e862dc0b366d2baf69f2,310e78840b955e3ca6e75eb03f0c66c8
6fcf10f6-df2d-42a5-9af7-1958a3bcc85a,clinical_delete_target,image_ingestion_batch,1dd8c130-8d95-4bce-99ce-0a6a51472e91,852024e1a0dc254db8d0dc9291f55475,310e78840b955e3ca6e75eb03f0c66c8
6fdf4825-3cbf-4f36-9978-d899a9394049,clinical_delete_target,scientific_case,0fb9579a-adb2-4700-8bd3-6479b5aba96c,6987804aa963912d44ec6d033d4ce8ce,310e78840b955e3ca6e75eb03f0c66c8
7003eba0-6613-4221-b460-956f205b19db,clinical_delete_target,smear_slide,b160b928-2d2c-4826-9161-2d8423bb11d3,7a36feb2b43669e2d882857455b804b2,310e78840b955e3ca6e75eb03f0c66c8
70076b31-3cee-4ed5-82d6-f4fc7ee486fb,clinical_delete_target,image_ingestion_batch,581cf8ae-de44-42e3-bb66-faa745d27bb6,363875f9c432b54d0a4ef9f6f526b3ec,310e78840b955e3ca6e75eb03f0c66c8
7065f0a4-683e-476f-8870-b582049eacd5,clinical_delete_target,microscopy_image,9c45439d-fd87-46c3-944a-439ab92cbf89,e0523423abe6a8ef29223cd5f6d02894,310e78840b955e3ca6e75eb03f0c66c8
707cb871-0634-4bb0-9c0c-a047efdbe8aa,clinical_delete_target,blood_sample,1313ca91-49ef-41fd-a115-c416c9e9b150,d188a431f8a9844ee102ac5adcd237f3,310e78840b955e3ca6e75eb03f0c66c8
70860231-2755-4a2d-8114-a2b3a0dcf9ec,clinical_delete_target,microscopy_analysis_run,cd096d9e-0d01-4e4f-acd5-65e1548c215b,dff1f77c0c523bf10f61ff67e9082378,310e78840b955e3ca6e75eb03f0c66c8
709907bb-ee5c-4926-85b2-396b5dcd5684,clinical_delete_target,quality_assessment_queue_item,cc2d4451-3fca-48ca-89b8-8ae9e04c1400,15e7e4239409bba730a565eb5a8fda82,310e78840b955e3ca6e75eb03f0c66c8
71911ebd-7e71-4916-9151-269c34bc3783,clinical_delete_target,quality_assessment_queue_item,ccc48369-3fe8-413f-a834-0cdf33836d8b,c595be8dd30a8faef0243b0bf1e39a00,310e78840b955e3ca6e75eb03f0c66c8
71dcc763-3187-477f-8369-f9072096636a,clinical_delete_target,quality_assessment_queue_item,84efa505-8310-46a5-826a-fbeb2ff1b07c,b4bb6fe2edfd3c06c52ac7414d3ae81b,310e78840b955e3ca6e75eb03f0c66c8
723287b5-7b93-422b-9f5c-7c6d5d11a3d6,clinical_delete_target,blood_sample,f152d9ac-09eb-4e17-8db9-940046ed54eb,903fc84b63a0d13916e00d664c86eceb,310e78840b955e3ca6e75eb03f0c66c8
72a14fe9-858c-4bbd-8a3b-ec4be3ca0929,clinical_delete_target,cell_classification_run,f65d72af-d0e9-4219-886a-20238d512871,990eba45aa61b6dfaae35ebaf4b2649e,310e78840b955e3ca6e75eb03f0c66c8
732307a3-30ab-41e6-9a31-b9462c7c09fa,clinical_delete_target,cell_prediction,8f4e1ce1-057b-4466-8147-a1ef37faf7aa,dd4dea73234bd9245f0cac5535df4cce,310e78840b955e3ca6e75eb03f0c66c8
732e30b9-e1aa-45a1-aa40-a420b8543973,clinical_delete_target,blood_sample,a040cc5a-dc31-4c04-b675-8351cf80126f,e3dba8a34d3e8d3d4013f557db5ec409,310e78840b955e3ca6e75eb03f0c66c8
738c074a-169c-4331-ac34-0cbf08215b67,clinical_delete_target,scientific_case,0ac4409e-c8e7-43ba-acf1-7596bb3823ec,58cea5964ea5daebdb70cca6cb303eba,310e78840b955e3ca6e75eb03f0c66c8
73e86ee0-e0f7-4736-a511-3337daeb20ab,clinical_delete_target,smear_slide,a44d0bfa-edb2-483e-a564-f8b2e93c93b0,f2a8dbdc6ffa26f7e20bfe87d2bdb819,310e78840b955e3ca6e75eb03f0c66c8
7404211b-0d4d-4117-953a-81e42c7c877a,clinical_delete_target,cell_detection_run,b9f975b3-7cd8-4b9a-a2cc-1bd9a76d924c,edee3d3bc42373deaba4fce2ed8f2720,310e78840b955e3ca6e75eb03f0c66c8
7417af9c-4670-4a67-acd4-cbf6fc5f8d59,clinical_delete_target,quality_assessment_queue_item,178051fb-0834-4c7d-bcc0-2eac9bce541b,c808ca6a46caa75ec532bcbeb0e4f08f,310e78840b955e3ca6e75eb03f0c66c8
741e0019-fe40-4bdb-a262-fc1593dbb023,clinical_delete_target,microscopy_analysis_run,db1855bf-e94d-43ea-86dc-5c1d21c82206,b46eb470913f924b3673f20e74b1e31f,310e78840b955e3ca6e75eb03f0c66c8
743b6990-8754-4935-9f03-14fc953ac732,clinical_delete_target,research_subject,001b3b43-7061-4235-bf5c-b1618061ab9f,dd210add1528d3967ad85716a19219e1,310e78840b955e3ca6e75eb03f0c66c8
74858402-23a7-4531-aad4-9786a82c1b01,clinical_delete_target,microscopy_analysis_run,7a11c0f4-a9d7-4446-a5f2-437ffc334a6c,1832f71fa045217b8523ba2e9654cd03,310e78840b955e3ca6e75eb03f0c66c8
74d372a6-322a-4b75-807f-898cb36f2619,clinical_delete_target,microscopy_image,9eaa3ff5-6a9c-4818-bb45-63b4a8977475,b9d6e65e413e43dd2e626d2d9ffd688e,310e78840b955e3ca6e75eb03f0c66c8
7515b228-012f-4752-826b-281f8f4e8f9c,clinical_delete_target,microscopy_image,c2a6cffd-18de-474e-ba04-2bf65b0f4f8c,658c9a35886a94621f87cd466a02afe9,310e78840b955e3ca6e75eb03f0c66c8
755431cd-602a-49d8-baa9-c92f8d2880a0,clinical_delete_target,scientific_case,1c36abe1-8547-4c9c-b2e2-af097ece0433,fb82fbc46aca98893801b08cb4514795,310e78840b955e3ca6e75eb03f0c66c8
75641d87-291d-4d63-b260-64e3afb15e44,clinical_delete_target,microscopy_image,2ac85463-e0b3-4c27-bb72-7ffdae1f53ab,fea39efd35fd4674461d471cfc30ab5f,310e78840b955e3ca6e75eb03f0c66c8
75e1cc33-e260-4482-ac2a-bbd3ebec0c13,clinical_delete_target,cell_classification_run,de0841ce-4356-42bd-9b75-1674a5b574e7,8549b54746f205b2d00721a96a1e6d21,310e78840b955e3ca6e75eb03f0c66c8
75f365cf-8a68-490f-b9d8-07bad0e4151f,clinical_delete_target,quality_assessment_queue_item,441a268c-15a0-498b-95f4-80895f06ff31,db123a7c044e0d961337bbe019bbe354,310e78840b955e3ca6e75eb03f0c66c8
7607e149-1a5b-4044-804f-0a23d014ee7b,clinical_delete_target,scientific_case,0338e05d-864e-4f61-8bc0-885ecdfbdc22,1853c52839ebd0ad1e6038831530ee04,310e78840b955e3ca6e75eb03f0c66c8
768d0d3c-f269-433d-9c14-cf1c03da3f47,clinical_delete_target,blood_sample,8b591e1d-50f3-4619-bcab-7354769a26db,3dc57c6376f6e13ce9d2f17e3f381af4,310e78840b955e3ca6e75eb03f0c66c8
76a60b2d-1a3c-443b-823f-6ffb4f2f83e2,clinical_delete_target,image_ingestion_batch,5432fee2-7913-40bf-bfe9-e74835d9ebdf,86fa313f84125151dd20024aa33330e7,310e78840b955e3ca6e75eb03f0c66c8
76aeaa4d-65b8-4c93-a94b-4f0d0121edaf,clinical_delete_target,cell_classification_run,e41e40bf-a374-44e0-9386-e80497b8d524,445386da2dbe15b346c3705dba599adb,310e78840b955e3ca6e75eb03f0c66c8
76cbf0dd-d108-47d2-83dc-29b58848f4b1,clinical_delete_target,blood_sample,2915e130-b693-4952-b438-5a6f91cc5e8d,a55830a473798563dae9697f4e9ff06d,310e78840b955e3ca6e75eb03f0c66c8
76e0f085-4188-44e3-9936-ffc1b5e6da60,clinical_delete_target,microscopy_image,08cd9b57-9a64-410c-8133-1dbdbf2e697c,61ec4040ca791573de026334d2071428,310e78840b955e3ca6e75eb03f0c66c8
7712beb9-ebd6-4cc9-a875-8bb5afb64c07,clinical_delete_target,smear_slide,6e838274-032a-4ad8-9479-020b5651e929,c07422fbc4d9b9655fd03af831078182,310e78840b955e3ca6e75eb03f0c66c8
77621520-e4a5-4128-9757-8ef05ef81894,clinical_delete_target,cell_classification_run,969cd38e-8f71-4b26-9ae8-3ad200d74eda,b0e61844e58a517dba463695530e4f0e,310e78840b955e3ca6e75eb03f0c66c8
7801f953-bb38-4015-a2a5-d1752ad1104e,clinical_delete_target,cell_detection_run,72553654-6802-48a4-964a-3fa748870a05,203e25ac71ad76a5fe8b7cead1f21423,310e78840b955e3ca6e75eb03f0c66c8
7808bb8f-45de-4a60-b998-c4bcb93fdf98,clinical_delete_target,cell_classification_run,218252e3-f3b5-464c-94d3-d22467bf515b,06459d16a1fc43bad449cdf9afe86248,310e78840b955e3ca6e75eb03f0c66c8
7851ea58-f052-4dbf-a87e-fd8dd97bdbf1,clinical_delete_target,cell_detection_run,cbe1ff80-b88b-4401-b918-9064927d2acf,b55c20e5af8d388d00998cfb417392f9,310e78840b955e3ca6e75eb03f0c66c8
7867401d-da89-4720-abed-d65f488bc78f,clinical_delete_target,quality_assessment_queue_item,f39b42f1-0804-4aed-8371-3eb301acf30b,349759e4cfd4730af42427e83e4ce91b,310e78840b955e3ca6e75eb03f0c66c8
798f4fa1-f26b-44f4-afa3-9057029d3dd7,clinical_delete_target,blood_sample,dcecb596-4cb9-4b81-8628-1346fee6ea1d,3c376a02f0070baf686643174673590e,310e78840b955e3ca6e75eb03f0c66c8
79e53f3a-e8fa-4e3f-8f3f-32b6cd449c7d,clinical_delete_target,quality_assessment_queue_item,5bd5893a-e45c-475a-a339-446d6c3dd3ca,0515bcdde34d2b69a1c3b4b80e243970,310e78840b955e3ca6e75eb03f0c66c8
7a2a87b5-f35b-467a-9ede-6afd89a8dd80,clinical_delete_target,research_subject,6a244be7-2a6e-4ea7-af43-dfc4c3fe4ee1,d695cf4dca2b399ec8159299a94a2cd7,310e78840b955e3ca6e75eb03f0c66c8
7b088d46-cc3c-4cd1-b722-c580f352eef7,clinical_delete_target,microscopy_analysis_run,4e1ca921-c5c6-4d89-b035-2d7dd99040d5,fbe53813103a1f3dd3c5722a9bff99c3,310e78840b955e3ca6e75eb03f0c66c8
7b0fb9ee-f2f2-4d6c-b677-92544521b4a4,clinical_delete_target,quality_assessment_queue_item,055fcf99-1317-4a17-bf2a-3a19027069d8,88c816f13d14133c8d3c4b628ff78834,310e78840b955e3ca6e75eb03f0c66c8
7b501897-b9d9-4df9-bd1e-f9f57f870227,clinical_delete_target,microscopy_analysis_run,aac2f7a6-e279-42c1-8035-33134bfdf3eb,42b920bb4501b303a0bc6c07ad7ace62,310e78840b955e3ca6e75eb03f0c66c8
7b75cbca-b52f-43d1-9f9e-9db90478e2fd,clinical_delete_target,quality_assessment_queue_item,e5fd6f7b-06f8-4166-8ccd-e1d2ca207096,823fe18c2b6b652b8c4dcdf5b0428a73,310e78840b955e3ca6e75eb03f0c66c8
7bfd745e-dd3e-4cf5-a6b9-10cc2856604b,clinical_delete_target,quality_assessment_queue_item,4d36ee2d-54ae-44b3-8c3b-f1021fdc1b88,74c386e7fe24242466b0d47b10601c45,310e78840b955e3ca6e75eb03f0c66c8
7c3563a5-cfcf-47ad-a9ff-cfa7fe993140,clinical_delete_target,scientific_case,908ce8e2-34a1-4cca-b1ed-438b6cd121da,1b283dae400db517787fba398579d879,310e78840b955e3ca6e75eb03f0c66c8
7c54ff53-e56a-4d79-9dd4-33b62711a63e,clinical_delete_target,research_subject,b3ecfdeb-3986-43a5-be9b-2fd34e92baa4,0605591fd45bb54094e7c06219c6bd60,310e78840b955e3ca6e75eb03f0c66c8
7cd19c14-9eef-4ad2-a6f5-ab42270caebf,clinical_delete_target,cell_detection_run,c3c7a47a-b9d7-41c8-a8db-3269a23bca95,b5546cfc0bf73f66e954e73ef43c2316,310e78840b955e3ca6e75eb03f0c66c8
7d6075d4-328f-4f14-99f4-a2a843f9bf45,clinical_delete_target,quality_assessment_queue_item,0d962bca-f34f-4327-bf0b-6de9fd24bd52,e8bebf89983bdeb69db69a9595c71235,310e78840b955e3ca6e75eb03f0c66c8
7d8b8096-ccad-4751-bc84-d387e3455b5c,clinical_delete_target,cell_classification_run,07eb0de8-af3b-4d75-a2e5-38b05160b6b6,cf203fbc2a00c87849b874b290c48a65,310e78840b955e3ca6e75eb03f0c66c8
7da3b935-59e6-4a1c-8e72-ccda11900661,clinical_delete_target,blood_sample,5dea83e8-e6be-4993-8d4c-ef415f69c5cd,2e594893140a8ce62ef170d31dc794f1,310e78840b955e3ca6e75eb03f0c66c8
7ddcc501-59ca-4e30-bd26-52bae7deea8c,clinical_delete_target,image_ingestion_batch,f49b622b-d936-4514-8bf0-b6528de36355,d1b0f081d5e74bfe9be70edd04611ebd,310e78840b955e3ca6e75eb03f0c66c8
7e94df49-6a32-4dbe-8f3b-b5c7fdbb2010,clinical_delete_target,image_ingestion_batch,681068bc-e11c-4bff-8d74-9879d12d121b,4448706dcff5257d6dd15395acfac525,310e78840b955e3ca6e75eb03f0c66c8
7ec97361-0ca5-41dd-b4e1-2c1578158d6d,clinical_delete_target,image_ingestion_batch,cd494b51-f8f5-4572-8aa7-fbec4b44b46f,7085edcdca50e37260b2045f39fd3c11,310e78840b955e3ca6e75eb03f0c66c8
7f56499a-36b2-4afa-87c5-8d749ddc1c4f,clinical_delete_target,cell_detection_run,3ebcfc6b-b6e3-40b6-939c-33977196460c,b27b499f954a741ba4fb7651902488db,310e78840b955e3ca6e75eb03f0c66c8
801c6e61-7901-4527-84e5-03096e4ab3e6,clinical_delete_target,quality_assessment_queue_item,1800af87-17f3-4810-b813-c2b401bac769,4be6c263109156acf50b2b0ad914a832,310e78840b955e3ca6e75eb03f0c66c8
805f887a-1676-41a5-a624-2ad9ab2dda0e,clinical_delete_target,cell_detection_run,3ebcfc6b-b6e3-40b6-939c-33977196460c,c49255f7217f58263faf29b4cd3ec269,310e78840b955e3ca6e75eb03f0c66c8
80773d15-2b86-468f-a1f2-299cae155cf8,clinical_delete_target,cell_detection_run,aa1323a6-7f80-4e1e-819a-ec182f045f3d,d77bebecd4588f4bbcad7ba81bbbec6d,310e78840b955e3ca6e75eb03f0c66c8
811b4678-b698-4e16-9ec5-a2bb03d74be7,clinical_delete_target,microscopy_analysis_run,25afdd28-85df-4a2a-9dab-2727ced6821b,e8fca543c7103c143ddd3e8a83e9b5d0,310e78840b955e3ca6e75eb03f0c66c8
81346597-fab4-43b0-b763-b143f85f8f93,clinical_delete_target,blood_sample,76d61885-3ac2-4f2d-8c0b-3b4bc7a4fdbc,4dd36ec1cf3796cdf806b41651e14f15,310e78840b955e3ca6e75eb03f0c66c8
814508a2-1faf-4e18-a834-c7b08eec0156,clinical_delete_target,microscopy_analysis_run,1c49c468-795c-45ed-98a4-e3670ddd5182,a81d8ea71829622fb9dfe6301ca8ae0a,310e78840b955e3ca6e75eb03f0c66c8
818d7d85-f2ff-4ce2-9e80-e9cd1e074db5,clinical_delete_target,microscopy_analysis_run,1c49de91-f3ba-4794-8cbd-62bc966049c5,4a74210f8a957d06e7690a93365d2078,310e78840b955e3ca6e75eb03f0c66c8
8203f94b-45f0-48b7-b879-919bdaa84c64,clinical_delete_target,blood_sample,1da654bc-8381-4b84-b4aa-34f000078dbe,924b02806fc5b31a96759c949c907756,310e78840b955e3ca6e75eb03f0c66c8
823bd9f5-c9a8-4d9a-84cb-43128f6f2e1f,clinical_delete_target,scientific_case,f9303278-3544-4c5b-9626-cb5aa01c8585,cc08687bea8f3aed3135b1a080772e42,310e78840b955e3ca6e75eb03f0c66c8
8281bdbb-2efc-48ff-8b84-4af5c369d4fd,clinical_delete_target,cell_detection_run,aa1323a6-7f80-4e1e-819a-ec182f045f3d,96a68e8c3cca4b54d2fb5ff1741f1a0d,310e78840b955e3ca6e75eb03f0c66c8
828d8c6d-be2c-4a83-ad80-0d6fc5409401,clinical_delete_target,blood_sample,fbaec6c1-2343-4f5a-8544-e867eaa87470,11b67665a3c78150b15be4c463793317,310e78840b955e3ca6e75eb03f0c66c8
82daf5ff-9256-4707-89fd-d3253264b223,clinical_delete_target,cell_classification_run,143622ba-8f1e-42c1-b802-005b34b8f39a,92da5497e33f42daef223e3a59424d41,310e78840b955e3ca6e75eb03f0c66c8
8308c9ed-77c1-46a4-88fe-c12758cc4b83,clinical_delete_target,quality_assessment_queue_item,b3980fa4-439e-480f-a312-18f57c1b055f,9d6f5c6bcb83a16823e4f3a31bb999d8,310e78840b955e3ca6e75eb03f0c66c8
83314fda-5e29-4f6e-9a80-74c5619f3dca,clinical_delete_target,smear_slide,0430aabc-951c-43b1-a141-37c18061633c,d22c9b9fdfe256c3a396226b506a65f5,310e78840b955e3ca6e75eb03f0c66c8
833a1e06-4ec5-4de9-8b4d-a78aab52dde6,clinical_delete_target,microscopy_analysis_run,ba5fc281-07c1-46ca-8091-0c13e6753aa4,7546b9a2717cae1f6ae0d3890fa848b3,310e78840b955e3ca6e75eb03f0c66c8
83426cb2-d0c4-4a0e-bc2a-07ea78e49de1,clinical_delete_target,cell_detection_run,8c8e678b-a6c7-4b8c-b4c0-d34745f32fe3,2a064ae3e084a7a317b0be2a83b37aab,310e78840b955e3ca6e75eb03f0c66c8
83d91808-101d-4a6d-9a49-3821894112de,clinical_delete_target,cell_classification_run,8cb28a9d-d763-4618-821a-abc3b3e21428,bc00a63fcd68200f92a914779054d5bc,310e78840b955e3ca6e75eb03f0c66c8
8400dda5-4e24-4589-91ca-f48571d4bcd2,clinical_delete_target,quality_assessment_queue_item,2f9ddc09-db6e-44be-b586-9c29e4415618,4c6c10c3e27070abea472b745b35e18d,310e78840b955e3ca6e75eb03f0c66c8
8411d7f8-0127-4ec1-b159-d7544d0e438d,clinical_delete_target,research_subject,9f3cdf7b-0cac-4a1f-b811-29f8dbe025b1,b56d47b14bed72cdfd1b9f6161a0ff89,310e78840b955e3ca6e75eb03f0c66c8
844b37b6-050d-40e2-b834-68d1ba99d947,clinical_delete_target,scientific_case,061add90-2e62-42f5-b98f-6f4a69b5dbfb,a18b680454fc8331252d2b90b9ecb22f,310e78840b955e3ca6e75eb03f0c66c8
84594deb-73bb-49a4-a1c9-fde5dc7949f1,clinical_delete_target,microscopy_image,0e4a5959-1260-4b9c-aa5a-b6c5b860f7a9,2600a2fdcc35572c06050e3fc191f628,310e78840b955e3ca6e75eb03f0c66c8
8485a630-3908-421e-96c6-669295f6f03b,clinical_delete_target,microscopy_analysis_run,e922ee8e-77f4-426a-8de9-c98840e1bb7d,782b614c163abe4e59113c53b6a6a89b,310e78840b955e3ca6e75eb03f0c66c8
84878452-f79b-454b-bd8a-ee8624eab683,clinical_delete_target,image_ingestion_batch,b0f4f210-3420-445e-b670-0de0151b3458,e4bec0e7681b935a261249cade666b57,310e78840b955e3ca6e75eb03f0c66c8
85030c07-e16c-4767-b125-71f95f047918,clinical_delete_target,quality_assessment_queue_item,1a7f6274-e9a4-4e63-9f93-5ba44e1bd9b6,5af528ee6019d450ed443370f01b0e64,310e78840b955e3ca6e75eb03f0c66c8
85392bed-fb76-44db-baee-352da08385a0,clinical_delete_target,cell_detection_run,3f2dc1d9-eb62-44b3-a325-2d8db65a585c,daf652593f93041041cfc6af24a6ab1f,310e78840b955e3ca6e75eb03f0c66c8
8571ead0-8f4c-438d-94ea-a4eb41ad0011,clinical_delete_target,image_ingestion_batch,d7576098-c77f-4f04-bb3d-eb3c45dbdbd9,82d9509c32144d030bc76b4c84f49c9a,310e78840b955e3ca6e75eb03f0c66c8
859f51f9-3884-40d5-80c6-e3586ad99966,clinical_delete_target,quality_assessment_queue_item,3888a8b5-83d6-4316-b804-1d7ec9d0ba9c,6b6ff94a6889695179f0c6818f1f905f,310e78840b955e3ca6e75eb03f0c66c8
85a766c4-ac13-4837-b9b1-ad64cec5907f,clinical_delete_target,smear_slide,80afe612-3a2e-4550-aeb3-d705330d70a4,4d230802c32213440e409035e6a6f625,310e78840b955e3ca6e75eb03f0c66c8
85e321bf-04c6-4a5d-b03f-2c274daeca55,clinical_delete_target,cell_prediction,7df77d41-e605-4801-900c-8f1714ac03b6,210d52171d1ccf69181dece3e242ba49,310e78840b955e3ca6e75eb03f0c66c8
86510caf-da07-4081-8b92-8b69df320fbc,clinical_delete_target,microscopy_analysis_run,1ddaaa4c-d445-4586-9511-a65dadb106af,7d9ebc3906581f39715857ca905bb04c,310e78840b955e3ca6e75eb03f0c66c8
869507ff-5458-462c-8244-295a39aa68da,clinical_delete_target,microscopy_analysis_run,7fd7ef40-bc9c-40d1-9e62-62bf0850c6b3,1527cbda5db91166e3613e8efa70dad1,310e78840b955e3ca6e75eb03f0c66c8
86c318cb-6691-424c-a36f-fc96f1fd42d1,clinical_delete_target,smear_slide,46b118a9-ea3b-42b4-87c0-e04eec821d4c,bd45134292346ed5ce0d5934b12ebfe1,310e78840b955e3ca6e75eb03f0c66c8
873c31ef-0dfe-4aef-ae5f-400018cfa93c,clinical_delete_target,blood_sample,bc61a96c-88a6-4db2-8b25-d63fa9620e7f,e86d3b26bed8e03c88f6d0abd7f18852,310e78840b955e3ca6e75eb03f0c66c8
87d2479c-95d1-47a6-b527-169628dd9902,clinical_delete_target,scientific_case,c7f1a43f-760f-44a5-a535-c892ccc5b9e1,801d70783a582a711a84df58472f7ac6,310e78840b955e3ca6e75eb03f0c66c8
87ec6a2c-f9e0-4ad2-9ddf-521ce124ce3f,clinical_delete_target,smear_slide,72f91437-50e0-4750-b3ba-b6e10e706ad9,e8e15925ad02b6643c3e1b6ab3f3f2ab,310e78840b955e3ca6e75eb03f0c66c8
881c1d8c-2268-47b9-b6fb-5cb950098792,clinical_delete_target,cell_detection_run,c3c7a47a-b9d7-41c8-a8db-3269a23bca95,4fe3e90b4807f5102d5447eb3b5a1703,310e78840b955e3ca6e75eb03f0c66c8
88af3ee8-e74e-43c4-96a2-f9fe344a5871,clinical_delete_target,cell_classification_run,9ecd5e1b-a8d9-408c-af86-60cc0b5dd40f,7af08293748bd779b3cbf17c0cbe0efb,310e78840b955e3ca6e75eb03f0c66c8
88b47a85-1327-499d-9b26-e164e681b936,clinical_delete_target,cell_detection_run,d33fb4ff-3366-4fff-9806-8ab03314dbd1,0fe005fb9725e11cbd11bd1a08d9ccf0,310e78840b955e3ca6e75eb03f0c66c8
88d2b26e-1928-4f6b-9303-6f1408865af9,clinical_delete_target,microscopy_analysis_run,c9a6b7af-881f-47da-980a-1a2c2b743a1c,16e59ed7d4f387c8dab0770c5dfe6378,310e78840b955e3ca6e75eb03f0c66c8
88d3d624-fdd4-4cf5-8c48-a61cffd34fdb,clinical_delete_target,image_ingestion_batch,7f8e8fba-fa2c-4276-894b-926ab65f7ec0,60c7cf30c59b2abbb808a7a3ad72b708,310e78840b955e3ca6e75eb03f0c66c8
88dc2548-0bb0-4de1-8345-3cb1dc24e424,clinical_delete_target,cell_classification_run,d9df4085-3021-4c54-991d-e9d9cae1c3e5,7a5a1ef11cc0ef59a5286aa474dda5fb,310e78840b955e3ca6e75eb03f0c66c8
8912f9ca-f958-4750-863b-7c47e09c2e4f,clinical_delete_target,research_subject,ed5c9acc-a38c-43ea-a930-ed161caafb7a,5020642b367e38eb8f541573cd4ef056,310e78840b955e3ca6e75eb03f0c66c8
8a2acd94-5f92-45c1-80b6-d44010da3311,clinical_delete_target,cell_detection,33c4650c-db10-4489-8bf9-502131b527a4,0e84220775c42a332078c7aa925c5361,310e78840b955e3ca6e75eb03f0c66c8
8a5c1dfa-4777-4bd2-963c-752359fd26dd,clinical_delete_target,quality_assessment_queue_item,cefbbd6c-f309-4cb3-b5e7-c22241dcad2e,9db6a69280615bcd2de905a714355ca1,310e78840b955e3ca6e75eb03f0c66c8
8a763814-867e-4f0e-a651-a340a95452c2,clinical_delete_target,image_ingestion_batch,298de805-b5dc-4136-b2d7-21f8187b9d2a,e7b9754c32d94cf3dd865c9d8dc3fe6f,310e78840b955e3ca6e75eb03f0c66c8
8a827f84-56e9-4238-b346-133d6beadbb2,clinical_delete_target,microscopy_analysis_run,bc8b8317-c17d-4b7a-b737-5e40120559e2,483126eb1bb92769e4e98d2014c10293,310e78840b955e3ca6e75eb03f0c66c8
8aaff85a-9f24-4520-9052-e67055960021,clinical_delete_target,cell_classification_run,45174302-a6d3-4d0d-8c98-e1c817dfc3e4,22e0c2189a5879253a62361bb8520a1c,310e78840b955e3ca6e75eb03f0c66c8
8b1cca9b-a617-437b-8c11-d615ba021b13,clinical_delete_target,quality_assessment_queue_item,3a6405f6-fa42-4c88-84c9-14e34e04334e,182b320835f3cd683a4ec05bd574650f,310e78840b955e3ca6e75eb03f0c66c8
8ba95022-a0a0-4c63-8bf1-4c78e368becd,clinical_delete_target,quality_assessment_queue_item,8f10f5cb-559f-4c5d-97b7-a7d2cf5ec928,e513e9bc85ef66b6f8b03ba71ca4a333,310e78840b955e3ca6e75eb03f0c66c8
8bc6c1ec-0349-4b7b-ba35-9be23556887f,clinical_delete_target,cell_detection_run,0ff18f89-6fbd-4755-8e89-15227de46f41,5f7e305eb10ddf28d59ba3b121923b6b,310e78840b955e3ca6e75eb03f0c66c8
8bcd1606-82e7-4416-9d8f-5a694060e651,clinical_delete_target,quality_assessment_queue_item,0d962bca-f34f-4327-bf0b-6de9fd24bd52,c898ddd8f96850480e385e6f53083852,310e78840b955e3ca6e75eb03f0c66c8
8bd261a0-e863-480f-b31b-8a3fd6a570e6,clinical_delete_target,microscopy_image,a0889d56-1430-4a7f-b67c-e21291ac9ed7,177f307a5c40051b4f31637668aec1d1,310e78840b955e3ca6e75eb03f0c66c8
8bf44463-1b21-42ef-95da-5e6ae1d7bbae,clinical_delete_target,microscopy_image,bf339bce-cffa-48e9-a044-4b9df2cc36b4,6e319a0a5c2fd873608fc39eb1acb5f5,310e78840b955e3ca6e75eb03f0c66c8
8bf46eee-1a88-4eee-a332-7ff84e6eaced,clinical_delete_target,image_ingestion_batch,bd02f725-0ed9-4bd6-8513-86c94f9c63e6,53b9d8fb11694a0cbd55f096945323e1,310e78840b955e3ca6e75eb03f0c66c8
8c110fb6-3bb7-4959-aeb9-5e809c20d887,clinical_delete_target,smear_slide,52e0a10d-bc36-4c90-8504-9e71f3a84924,c7b292e7f0e475c6d80f26f0af30a2b3,310e78840b955e3ca6e75eb03f0c66c8
8c62e382-c582-4233-9156-855acea11fdd,clinical_delete_target,quality_assessment_queue_item,ccc48369-3fe8-413f-a834-0cdf33836d8b,2f866ef7f94cbe5a69351d1cc3bfc660,310e78840b955e3ca6e75eb03f0c66c8
8cf99727-e9a5-4682-bcc4-7753be579f9f,clinical_delete_target,microscopy_analysis_run,cfab61b2-68de-4231-b700-3bd7f3936b05,20186cb1bc4d6630e062d701ae285dd0,310e78840b955e3ca6e75eb03f0c66c8
8d26d839-fe13-455e-8e95-0927289e4257,clinical_delete_target,cell_classification_run,1b96169c-f827-4a55-adb6-15de5ecd51de,b5bc66e7b25e86c264a0b6b48ea31333,310e78840b955e3ca6e75eb03f0c66c8
8dbd4649-9cf1-44de-883d-87d5e1c330ab,clinical_delete_target,quality_assessment_queue_item,085273d2-b24a-46b4-bf11-fb0ae7c96b87,5f9d5289a4833fb4ded8229efefdad0d,310e78840b955e3ca6e75eb03f0c66c8
8df13dbc-afb6-441e-85be-5be714bcc86f,clinical_delete_target,cell_classification_run,68fa92d1-997c-432e-a612-487680160bbc,684c8e1605a58fde89cde61fd7d8d385,310e78840b955e3ca6e75eb03f0c66c8
8e3161f3-aa48-4498-8146-0bd5304a971d,clinical_delete_target,cell_classification_run,d2055c79-26a2-4105-809d-82254e016cf1,58eec1761caaae1c2dff7d6a9f3c5476,310e78840b955e3ca6e75eb03f0c66c8
8e44272a-2956-4016-aa54-a09d70bf12c4,clinical_delete_target,microscopy_analysis_run,7ef7cff8-899e-428e-b89a-36803c0575b3,4cc8e43c38a77e4e42d99d0c44060b6a,310e78840b955e3ca6e75eb03f0c66c8
8e85cd52-e6f8-4977-b318-55384fced55a,clinical_delete_target,image_ingestion_batch,c810e55b-d2fb-4f8e-b738-310fa6a7ac3d,25d2ea0befa07c7cdd3ba388a31f77d2,310e78840b955e3ca6e75eb03f0c66c8
8e8e60bf-aefe-475b-a796-8b8a53c78f67,clinical_delete_target,cell_detection_run,1007bc39-4bca-4a32-9069-5c8180b174db,4bcd3196e03f8c98f1717ba8da8fd910,310e78840b955e3ca6e75eb03f0c66c8
8ea66ccc-cfeb-4bee-8c46-e863eaa1fd90,clinical_delete_target,smear_slide,a7eed718-b155-4f5e-8c8e-f396b18d9adb,73e5c8365e602c23c790ce1fa1f69024,310e78840b955e3ca6e75eb03f0c66c8
8eb7d948-6e83-4f4c-aea9-28df89d10fe3,clinical_delete_target,cell_detection_run,f6d15c09-591e-4808-aff5-02f7c8c4d239,588b3c9babf875997f53ae4034d53839,310e78840b955e3ca6e75eb03f0c66c8
8edb53a4-baf9-4347-86ac-b4b73106c773,clinical_delete_target,image_ingestion_batch,f2a1d032-e433-4ddd-9a74-e62c26f3a8fb,547c0844436a4db0bcb3a636e2527b83,310e78840b955e3ca6e75eb03f0c66c8
8ee7cbb8-4cef-4973-81a4-c7ea62873bde,clinical_delete_target,microscopy_image,8fa36d4d-c412-435a-a109-923281f0f43d,bcbab9de78345a5a43a26b1f30db07a9,310e78840b955e3ca6e75eb03f0c66c8
8f17e4b9-24ac-41cb-8839-87bdd71737fb,clinical_delete_target,scientific_case,fd7904fb-8883-43bb-a1a4-18d000f16ec7,62d034ea3a285a78dd8172c89eb49752,310e78840b955e3ca6e75eb03f0c66c8
8f211f77-cf50-40e4-9f4f-22db74af90f7,clinical_delete_target,quality_assessment_queue_item,b3980fa4-439e-480f-a312-18f57c1b055f,7fcbb78ef826af3ae2f4b398f4d1f16d,310e78840b955e3ca6e75eb03f0c66c8
8f456e16-925a-4b07-ba90-c9a07a9d99c3,clinical_delete_target,image_ingestion_batch,298de805-b5dc-4136-b2d7-21f8187b9d2a,e769aefa9d28d08088d0f615e9bf901d,310e78840b955e3ca6e75eb03f0c66c8
904da561-e7a5-4c0e-b201-e45cefbd8731,clinical_delete_target,image_ingestion_batch,d43e063a-7f62-43a8-b4cb-b0c9105c63a8,d43e71897d79735c35bcaadd55bd7d7c,310e78840b955e3ca6e75eb03f0c66c8
9085549b-97f2-4984-a6b1-f0314fd66c5e,clinical_delete_target,microscopy_analysis_run,7be00fe5-41da-48c5-b2c2-9618f0a7c517,053f55948a7897d752ec76ce61ffeaab,310e78840b955e3ca6e75eb03f0c66c8
90fc7789-ee89-4835-9841-1ff3fa93875a,clinical_delete_target,image_ingestion_batch,4e4d9eb0-5051-4316-a258-d59d8d774241,0f2f87844439eddd5789ae8183733af5,310e78840b955e3ca6e75eb03f0c66c8
9111e66f-6aec-4c67-9b35-03d22e7b80f5,clinical_delete_target,cell_detection_run,0074b7b4-1a21-4123-9fb0-7a7e78c65792,d6e65a96cde2404972c768d22ceb03e1,310e78840b955e3ca6e75eb03f0c66c8
91546a00-04e0-4b24-bdc8-2b5dbd0c5f23,clinical_delete_target,scientific_case,86087b67-796d-4646-95e4-2854ee2bb18e,5be437cb5c7a6bce0fc3248f0b46214c,310e78840b955e3ca6e75eb03f0c66c8
91b7bfef-890d-4383-9119-3e0537c9c1ae,clinical_delete_target,research_subject,b9fb2dac-8b66-49c3-9777-0c84e5684a7b,2713f5c8c1f7c359797bf9bfc8eeaa71,310e78840b955e3ca6e75eb03f0c66c8
91f0663c-fd46-425b-be61-00ab5b73f1b3,clinical_delete_target,microscopy_analysis_run,e922ee8e-77f4-426a-8de9-c98840e1bb7d,e8812d731fd27d06322532abbac38691,310e78840b955e3ca6e75eb03f0c66c8
91f7361f-c494-4ad9-bfa7-3b786f8d5a86,clinical_delete_target,cell_detection_run,60bd296d-21d5-4d22-99bc-a023cb410f35,f30d23eef4e2e9d278e4b5e07727aa9c,310e78840b955e3ca6e75eb03f0c66c8
91fa65bf-759b-43c0-a877-7056924bb128,clinical_delete_target,microscopy_image,8eae56e5-dc27-4e8b-86ce-b22204a68814,e851c15612e0bcf145d01da62589bb2c,310e78840b955e3ca6e75eb03f0c66c8
92076d20-7e2a-4227-becd-f95370a7ce62,clinical_delete_target,image_ingestion_batch,0fedb28d-738a-40b9-9853-023e50c39fed,c4f46aa3dde86539d492a6705f00de9e,310e78840b955e3ca6e75eb03f0c66c8
9217b25b-527c-497b-9600-9cc797ba9aca,clinical_delete_target,cell_detection_run,f6e252a5-7924-4e5c-bc63-8b711db60ba0,b74bff8d958a845abf99524805f62ca1,310e78840b955e3ca6e75eb03f0c66c8
9225cc63-29e5-443c-809e-f1bf7e6311fd,clinical_delete_target,cell_detection_run,618af6de-bfab-495e-8634-e484d620ee21,374454fd1ddf9f5f321e5ec0d42e673b,310e78840b955e3ca6e75eb03f0c66c8
92275dec-f7bc-4d7d-918a-7ebed16801c5,clinical_delete_target,microscopy_image,ea56489d-de29-4bcd-bf1e-16e83feedee6,855a167f94f3e688d884e415ba6c1cdf,310e78840b955e3ca6e75eb03f0c66c8
926d2b9a-7b9a-4b3d-ab5e-2d733671a0a7,clinical_delete_target,cell_detection,eefe6e3c-c34d-464e-96bf-122700ba3d45,258ca525602dff12b28649cbfeff3187,310e78840b955e3ca6e75eb03f0c66c8
92e4ff22-d710-475e-8a3a-85e198c4e19f,clinical_delete_target,quality_assessment_queue_item,41ef8e10-c03d-4068-9f71-9b9985a61c76,14e5f256d3b74f9e6963e4d5dd856949,310e78840b955e3ca6e75eb03f0c66c8
9313c2c4-8ec1-4d73-9abb-3956b53de8b0,clinical_delete_target,research_subject,a3c254f7-4280-4596-9e0b-9fbf97ec235e,852df4c10ad55e037092138284f46362,310e78840b955e3ca6e75eb03f0c66c8
935f970f-e9a9-4e1c-9a7d-e6f00810bd82,clinical_delete_target,blood_sample,828d2ca5-14a8-4031-844f-82e04f76c6d6,8071b88d2427d862009660e8947902b4,310e78840b955e3ca6e75eb03f0c66c8
936ac53f-7ce6-4e30-939a-893fc726a34c,clinical_delete_target,cell_classification_run,351bec6a-b933-4a09-9833-2c310a7eb28c,f05e336c56407936cc7961bb93002023,310e78840b955e3ca6e75eb03f0c66c8
937bc49d-6037-4267-bd15-a244b15178e9,clinical_delete_target,quality_assessment_queue_item,55902fc7-ea5a-4b8e-a9cb-ee38a2bfc9ca,02c6f96afa474259b4379a8b0a5b08bd,310e78840b955e3ca6e75eb03f0c66c8
944df99f-c8a3-47b7-ab3d-1a7feb70212e,clinical_delete_target,smear_slide,405aacd9-e5c5-48c7-aede-a6a7cbbba5f0,cb2979ae8b95aaa2842309b9c3332f13,310e78840b955e3ca6e75eb03f0c66c8
946bb510-63b9-41c8-91ba-88ffe7209d3f,clinical_delete_target,image_ingestion_batch,1b238cc9-07f1-4bfc-9a9b-7b75bee6bc7a,78327064eb8e8232dbb8eee23595b416,310e78840b955e3ca6e75eb03f0c66c8
946c718f-1c42-4288-85aa-2ec9a49c1c0e,clinical_delete_target,microscopy_analysis_run,4e1ca921-c5c6-4d89-b035-2d7dd99040d5,5068048c15de38a8014ed8f90c6e4c23,310e78840b955e3ca6e75eb03f0c66c8
949ea7c6-0af8-49b2-bf2c-6ee9c60f4661,clinical_delete_target,cell_detection_run,f6e252a5-7924-4e5c-bc63-8b711db60ba0,650a9889bb7ce6925962e32f7a8179c1,310e78840b955e3ca6e75eb03f0c66c8
9531011d-8c75-428e-9a0f-903e1d171f97,clinical_delete_target,smear_slide,5e32f680-8895-4769-b74c-9cc4715b2687,1b744a0175532920bbee75b04e08d604,310e78840b955e3ca6e75eb03f0c66c8
95791745-4e39-4bf8-b84a-738b41dc8140,clinical_delete_target,microscopy_image,d5432c7d-49d7-48c8-9d3b-80ec63ecb304,78fa8ccfc717c78e2c7ccb6bcd8a2da1,310e78840b955e3ca6e75eb03f0c66c8
95822500-99f3-45cc-b5cf-d62dfcdaa58b,clinical_delete_target,microscopy_image,c0a49ec0-99e0-4b2b-a9e4-1e2ec28655a0,f4a48edf2a70828b68e9bd2c055751e5,310e78840b955e3ca6e75eb03f0c66c8
9637a97f-5eb9-4957-b4e6-e33995821d33,clinical_delete_target,blood_sample,ff93f69e-94e7-4a18-9760-513332ee357a,2e21df291f3767bbfe28bb1cd26fbb77,310e78840b955e3ca6e75eb03f0c66c8
96855fce-89da-451e-9dcd-89ee1aa8d10a,clinical_delete_target,cell_classification_run,97d8487e-77b0-4d91-a447-8c2c11123197,1b90bf43054d4830d1e7f7b466dec84e,310e78840b955e3ca6e75eb03f0c66c8
96cf52ac-600d-4c70-88cb-291c13462656,clinical_delete_target,image_ingestion_batch,c11b5906-9e42-4ab4-a300-2f62c34db45f,f92ae6447aec97f252decca75b2c450a,310e78840b955e3ca6e75eb03f0c66c8
9713de59-d581-4667-9cb8-4edc45189a34,clinical_delete_target,microscopy_analysis_run,cd096d9e-0d01-4e4f-acd5-65e1548c215b,b56753f862f11207bb032b997993448d,310e78840b955e3ca6e75eb03f0c66c8
971b6bf9-6d04-4361-9c72-e2859899d172,clinical_delete_target,microscopy_analysis_run,bd88875d-6a93-40f9-951d-ab151fc3c665,e9a6bf2e8e5f60eb512d661cadac3f1b,310e78840b955e3ca6e75eb03f0c66c8
9738ef08-46c9-4be5-8bf4-af4f5bcabb45,clinical_delete_target,research_subject,b86a3f8a-0c59-486d-b6d7-9e6284f9e559,db856dce4f06907e04f13c731728ddcf,310e78840b955e3ca6e75eb03f0c66c8
976088b1-0702-4299-81b8-06e244678c31,clinical_delete_target,blood_sample,a413f0dc-5488-4346-be75-4bb0aa246e5f,ebfbda1bbb2da4192abca8ab4fd9f89b,310e78840b955e3ca6e75eb03f0c66c8
97e08a4c-24e3-4627-9737-bd67f31280f0,clinical_delete_target,image_ingestion_batch,e83d6e19-fc81-420d-8eb6-e93cd67761dc,9ac009287af622eea08de542360738e0,310e78840b955e3ca6e75eb03f0c66c8
987ab5e3-00b8-42bb-8b93-7fb1c6df4c64,clinical_delete_target,microscopy_image,13514ba4-7c6f-40a0-a6d6-573684da9510,d2a961480934772fe314a3242438c437,310e78840b955e3ca6e75eb03f0c66c8
988b5e64-f013-45c6-9c39-840306c808af,clinical_delete_target,cell_detection_run,85d8a71e-e9ed-4062-a036-52e42dd89720,f019759c59b6e766a47a03eb16e8a593,310e78840b955e3ca6e75eb03f0c66c8
98a58cca-a94e-450e-be70-0ba87d80eddb,clinical_delete_target,cell_prediction,d52be1ae-c221-4758-8989-67b9cfeebdf6,333048914c878e058c6c6215cbf10cc0,310e78840b955e3ca6e75eb03f0c66c8
98ac41be-f8ac-4692-9716-51cd276c28c6,clinical_delete_target,cell_classification_run,07eb0de8-af3b-4d75-a2e5-38b05160b6b6,3a146f2962a85acb7b7d5fd526b76373,310e78840b955e3ca6e75eb03f0c66c8
98e2f105-d557-4e13-bea5-34974fbec70b,clinical_delete_target,blood_sample,957cce84-6faf-493e-b75d-94e25a9cc4c2,11f1ddd068d76fe628114074fe62a200,310e78840b955e3ca6e75eb03f0c66c8
992fcc7d-5066-4d45-94a9-58439a230c28,clinical_delete_target,cell_detection_run,6278de2c-44dd-4a75-aca2-9708e58437ba,f0f39e6a56d4da1e1c4e458e4ae738b6,310e78840b955e3ca6e75eb03f0c66c8
997e4719-e3c3-412b-a47d-a9cd9d404571,clinical_delete_target,quality_assessment_queue_item,8d544f34-5b64-44b6-8ee3-340d5054158a,8f11a60785ee02e72b5e4820266f7731,310e78840b955e3ca6e75eb03f0c66c8
99d5c29b-acd8-44d3-8ddf-e81b3bf5dd7b,clinical_delete_target,cell_classification_run,8cb28a9d-d763-4618-821a-abc3b3e21428,864a1a8ec69036cfac7501ab70ffd8b8,310e78840b955e3ca6e75eb03f0c66c8
99f60ff6-ad25-4bc1-98d4-d07ee320b092,clinical_delete_target,microscopy_image,87b16e78-f173-4799-9a37-d0eabecadc1d,daa026feb18283cd1e02193840e89ed5,310e78840b955e3ca6e75eb03f0c66c8
9a15acc3-36d0-44d1-9373-39ff12434a96,clinical_delete_target,quality_assessment_queue_item,cefbbd6c-f309-4cb3-b5e7-c22241dcad2e,b1f9b0c194d3471c28668b8470aa2ec5,310e78840b955e3ca6e75eb03f0c66c8
9a69be31-0ff8-470b-8968-f51c54d67738,clinical_delete_target,microscopy_image,dd3b1716-0bb9-4523-9fa9-61bc274925d8,f9bc44949cd8da34b5c2e57bccb9b174,310e78840b955e3ca6e75eb03f0c66c8
9afbcaee-596b-4e1b-9790-4210aecb45a5,clinical_delete_target,microscopy_analysis_run,cd096d9e-0d01-4e4f-acd5-65e1548c215b,161df089b2e18aac841ed8f05feee008,310e78840b955e3ca6e75eb03f0c66c8
9b57ed61-d222-4c4d-a516-1bfca975a4c3,clinical_delete_target,image_ingestion_batch,048f2d71-3e2f-401e-9e14-764165cefe3e,6ecdf0e2e4837eb8433d7f272d5bb0f0,310e78840b955e3ca6e75eb03f0c66c8
9bd29e64-a505-462b-b1a5-a5767a8722ee,clinical_delete_target,image_ingestion_batch,98f857ec-a3da-451a-9c47-b4f08d5a0105,efc51a598bfc114b9d24cf8d95df82c6,310e78840b955e3ca6e75eb03f0c66c8
9c153e1d-990b-4e40-8f34-c2f0f1706836,clinical_delete_target,blood_sample,aea920fc-bcb8-44cd-99b2-4d66adbfea01,d8078004b73c71aa61cc645e6b5df64d,310e78840b955e3ca6e75eb03f0c66c8
9c45e485-f5c2-4877-91f1-55140061b51f,clinical_delete_target,quality_assessment_queue_item,1a7f6274-e9a4-4e63-9f93-5ba44e1bd9b6,721c56503fdc3a47c47ee7ed76e5bcf6,310e78840b955e3ca6e75eb03f0c66c8
9cfb6a0b-60e1-4c63-ac3f-d294cfa1c8aa,clinical_delete_target,scientific_case,49a966d3-9434-4434-90a7-ffb3f3b3bcce,ac3a157f8e7e2c68b37e5e6f3c71bc54,310e78840b955e3ca6e75eb03f0c66c8
9d22d1d2-72ad-42fc-b9ce-8bf8e79c0b26,clinical_delete_target,cell_detection_run,490887fa-b3af-4136-85dc-8ae66e413acd,2e3f0941f492d426b11960c38be97e54,310e78840b955e3ca6e75eb03f0c66c8
9d8bdf8b-6bb0-4ea5-91f4-02e55ecf5503,clinical_delete_target,cell_classification_run,e4fbb1f9-34d4-490c-98a6-b94c51ba417f,5da274443fa202a1fdb0eecd782eee72,310e78840b955e3ca6e75eb03f0c66c8
9e348df5-22a4-485b-8746-4f6a2d19e3cf,clinical_delete_target,research_subject,39996fcf-62e4-45a9-ad28-39b635c56daf,95a10baa18fb155dfd3d35bc78e4bcbd,310e78840b955e3ca6e75eb03f0c66c8
9e5b893d-f7b9-48fb-93a8-2143dc2068f8,clinical_delete_target,cell_detection_run,04bafb48-259f-4626-82fb-a3359ee3160b,d4003c93175043b8a4fdcd1cb370dcbd,310e78840b955e3ca6e75eb03f0c66c8
9e7083c4-3bc9-449a-9b15-dd161b97aa1f,clinical_delete_target,research_subject,91ecd333-2dd6-459e-8b46-261748458e93,5fd1bd1bfe52574cf77eff826a3333dd,310e78840b955e3ca6e75eb03f0c66c8
9e7cdbb7-04ae-4a03-8bae-287de9c5bfef,clinical_delete_target,smear_slide,9ef3e96b-bf05-4102-94ac-a4810202779f,135540a1d7db129295b06a7d1369d2d6,310e78840b955e3ca6e75eb03f0c66c8
9ef6d41a-65ca-40c4-ac2d-95e24a260e8b,clinical_delete_target,microscopy_analysis_run,93807208-985b-4d70-bb43-c7843db4141d,daa59b2744f83648e23a19915fee9d13,310e78840b955e3ca6e75eb03f0c66c8
9f7e0e8a-d828-4ec7-8eaf-ca79e8c8887f,clinical_delete_target,microscopy_analysis_run,25afdd28-85df-4a2a-9dab-2727ced6821b,8c96ecd1fe36bb50e5a61e372b074ffd,310e78840b955e3ca6e75eb03f0c66c8
9ff07aa1-1950-4a60-9f85-dafa705484b2,clinical_delete_target,cell_detection_run,69a3938d-51bb-45d7-928d-1b35d46634bb,1a0230ba871d43fc6b9d2809db48ef0a,310e78840b955e3ca6e75eb03f0c66c8
9ffb8420-016a-4ae1-875a-df1949b06549,clinical_delete_target,scientific_case,6aeba52c-af3c-4643-9339-c147e56e1a80,6163221b112c72848b74ede442636fa1,310e78840b955e3ca6e75eb03f0c66c8
a01d95a8-3b1d-4df5-b33e-85b2b9ec3cce,clinical_delete_target,quality_assessment_queue_item,210346ac-825b-4b09-a2d8-93a98cd58db7,da096c836b6997ddb2e1453faf2011db,310e78840b955e3ca6e75eb03f0c66c8
a08acadb-5243-4dc4-bb0b-282e7f2da85e,clinical_delete_target,blood_sample,6a1bf7ab-d834-466a-a6e1-9f659785a2c9,630d904e48603798eb69c6ec678c944c,310e78840b955e3ca6e75eb03f0c66c8
a0b5ff32-4511-477a-b3a9-6e322c349afb,clinical_delete_target,cell_detection_run,04bafb48-259f-4626-82fb-a3359ee3160b,be40d907baf85c9b6fbfe7c03ac03d3e,310e78840b955e3ca6e75eb03f0c66c8
a0cc18b9-eedd-47ff-8bd8-6db83ee9cd53,clinical_delete_target,cell_classification_run,a4675449-4a62-49b6-b44f-81b3b502375a,c274883eba590b8952c99304e5fd0486,310e78840b955e3ca6e75eb03f0c66c8
a1067b43-76ed-4719-9ef9-82b212d26326,clinical_delete_target,blood_sample,a1f9093a-119d-4501-9903-e35c5637c80d,d3e248d737388cc5347ed9c89b39aa06,310e78840b955e3ca6e75eb03f0c66c8
a153f62f-2c6b-415f-8141-0bded90015fb,clinical_delete_target,blood_sample,cc282edd-c1df-4735-addc-4636774b0b2f,9de62015d3b054dd6273f04c67ce3e7f,310e78840b955e3ca6e75eb03f0c66c8
a1858dcf-be4f-4675-bcef-1df4cb031fb7,clinical_delete_target,cell_detection_run,99ac88d3-5c9f-4fc3-8d6a-abadae1ee80c,7288da8a0096cad1312bff83ade57c6e,310e78840b955e3ca6e75eb03f0c66c8
a18c8346-caea-49c6-b152-6e496f963054,clinical_delete_target,cell_detection_run,04bafb48-259f-4626-82fb-a3359ee3160b,5cf20c60ffea985cf5086cab28f04a29,310e78840b955e3ca6e75eb03f0c66c8
a1e289b9-8958-4e17-a4d7-8a89055559e2,clinical_delete_target,cell_detection_run,3ebcfc6b-b6e3-40b6-939c-33977196460c,fc7ae642043e95a7bca4d6141fad4659,310e78840b955e3ca6e75eb03f0c66c8
a206bb49-a635-48df-a95f-832cd182ea7a,clinical_delete_target,quality_assessment_queue_item,a1ce01a0-5a7b-4ae5-8710-ffbaa0b0db7f,9a131b637b583a5cc5121bca20d1947b,310e78840b955e3ca6e75eb03f0c66c8
a24ea01f-99b8-4729-a513-61802afe35c3,clinical_delete_target,quality_assessment_queue_item,e5fd6f7b-06f8-4166-8ccd-e1d2ca207096,ef06d5ca617e9a22af04b62ee03a0659,310e78840b955e3ca6e75eb03f0c66c8
a2a4ea16-fc2f-4aee-aaf7-5eff6270fae2,clinical_delete_target,quality_assessment_queue_item,288d4f42-546d-4062-bb17-c280832566be,533516888b243f6d7d8aa0221413e509,310e78840b955e3ca6e75eb03f0c66c8
a2d4f3ef-959d-4e73-8436-888563c37c0e,clinical_delete_target,quality_assessment_queue_item,fedecbe7-6325-4d0a-8cfd-928fa23ad2e4,03289ca42d1890af39dabc6ba78b3dd7,310e78840b955e3ca6e75eb03f0c66c8
a419973c-8c09-4ec3-a192-a27960c2fdcd,clinical_delete_target,research_subject,5d5654fc-9090-43a9-9e0d-fc1607ad1861,a7cddb41f92db832567d00930d2a88f7,310e78840b955e3ca6e75eb03f0c66c8
a4548c99-f3b2-403f-b179-4fa44d5bfe0b,clinical_delete_target,cell_detection_run,69a3938d-51bb-45d7-928d-1b35d46634bb,f19214d10064f31889f3a074d402ba28,310e78840b955e3ca6e75eb03f0c66c8
a462e359-c674-45bf-b094-efe0dffc50aa,clinical_delete_target,cell_detection_run,f088ac8e-c214-474d-837d-53532f4ef947,05085b3ec0676bac5a6fcf8465be21bb,310e78840b955e3ca6e75eb03f0c66c8
a49ef58f-e4e5-4fbf-9698-89262b67f388,clinical_delete_target,cell_detection_run,0074b7b4-1a21-4123-9fb0-7a7e78c65792,9080036a5ba4a5394069de5afec485e6,310e78840b955e3ca6e75eb03f0c66c8
a54438af-ed7a-4388-a061-1075aed7fd21,clinical_delete_target,cell_prediction,d8a52a4d-8eb6-40c6-9e43-6c5c2921445f,f92cde0777f7c3bf3f88221275dd3c08,310e78840b955e3ca6e75eb03f0c66c8
a54a0036-a3fa-4b25-950b-3f71b14e47ee,clinical_delete_target,quality_assessment_queue_item,2f9ddc09-db6e-44be-b586-9c29e4415618,6b8c49def121ebb59b8d2a772fa930d0,310e78840b955e3ca6e75eb03f0c66c8
a5c102cc-5a82-476a-91f2-5e58979468e6,clinical_delete_target,cell_classification_run,18318c4d-e1a8-4d82-83c2-07b08947ccb0,eed33909a8a387cd92aee06f5b50cd23,310e78840b955e3ca6e75eb03f0c66c8
a5c5093a-50a5-4449-80f0-966779101b47,clinical_delete_target,microscopy_analysis_run,121a69bf-ba23-4014-892b-158b9c2b71a4,7c9bc4f66c979f8d1cee10f1a81de129,310e78840b955e3ca6e75eb03f0c66c8
a5cabf96-d2ac-42c2-acca-38fd05e6931e,clinical_delete_target,research_subject,e9ce2353-6f17-4b86-9032-d5604ce2d56e,c0053c8f41a303edb25107cb3c0f1bbb,310e78840b955e3ca6e75eb03f0c66c8
a5efee7e-554a-4a87-8903-02f158b0edfb,clinical_delete_target,image_ingestion_batch,b6e52edb-208b-4cbc-af1f-30c6d49a8d04,a09326e274645543fbf164575b211e11,310e78840b955e3ca6e75eb03f0c66c8
a6106723-c8f6-4e3b-9b35-b2893d9fe3fd,clinical_delete_target,microscopy_analysis_run,72906de0-83a0-4e98-940e-735fe5fb2363,e81724a4833ddcb5bf3f9244aa674ff8,310e78840b955e3ca6e75eb03f0c66c8
a6387384-01dc-4780-80b0-3d586f22bc57,clinical_delete_target,cell_classification_run,d32b7bd2-8e02-4df2-8883-a0ef235f6c9a,2aa4121cf6b071ccf7f24c57781282f3,310e78840b955e3ca6e75eb03f0c66c8
a640b811-c001-49c0-965d-6c3e17cd75d7,clinical_delete_target,scientific_case,b1f0241e-0787-4a25-8272-12d879dfb49d,274a40458f49bdb8d5013645ff6dbe8c,310e78840b955e3ca6e75eb03f0c66c8
a67eed93-23d2-42d2-884b-338b666128f7,clinical_delete_target,cell_detection_run,aa1323a6-7f80-4e1e-819a-ec182f045f3d,e8c83499e19b4f2426b2b1c72e61f020,310e78840b955e3ca6e75eb03f0c66c8
a68e7f8e-f3e4-42be-9757-34e6726f1e60,clinical_delete_target,quality_assessment_queue_item,41ef8e10-c03d-4068-9f71-9b9985a61c76,519cf13ade92cf5d9007b95750f323b6,310e78840b955e3ca6e75eb03f0c66c8
a6ce960c-1eb2-4058-b8f5-b0c54b967015,clinical_delete_target,cell_classification_run,6ca1bc50-5f16-4253-a836-1aab7865dfad,5f50aeba6764d0f658b37708e2858979,310e78840b955e3ca6e75eb03f0c66c8
a75e20ab-cd57-489d-802e-1992df321770,clinical_delete_target,scientific_case,9b3305de-3e06-4c85-bce6-5975185c8629,c33b2f4b862c6f427987d4262b97b33e,310e78840b955e3ca6e75eb03f0c66c8
a776b169-c014-4a24-a9bd-40b31de3e578,clinical_delete_target,quality_assessment_queue_item,deab6df5-0aca-4df2-af7b-19ba340b9ea6,340430bff00a2d07ba88a809bb4d6ecd,310e78840b955e3ca6e75eb03f0c66c8
a7875a2e-1d76-46a5-85ae-d0378ca81ff8,clinical_delete_target,cell_classification_run,c637d55f-3257-45ac-bf2b-0a8544870cd6,eb8566c498ba8d31da8b79706c1079f6,310e78840b955e3ca6e75eb03f0c66c8
a7d7ce82-cda3-48c8-be20-db68089eb4c0,clinical_delete_target,research_subject,75047413-1589-4be4-b9c2-2055a549cf74,2b82c4ab847ec37c40eb40368a0e762a,310e78840b955e3ca6e75eb03f0c66c8
a7fd2c8d-4dfb-4a4a-bb93-adacbd603ee3,clinical_delete_target,cell_detection,eefe6e3c-c34d-464e-96bf-122700ba3d45,e2ef1343151be0e1a97a86c6529a8f05,310e78840b955e3ca6e75eb03f0c66c8
a8091793-2c9a-47a7-a9d5-6533860952b7,clinical_delete_target,quality_assessment_queue_item,a1ce01a0-5a7b-4ae5-8710-ffbaa0b0db7f,f03d59dc66622c71e58600afa8d9762a,310e78840b955e3ca6e75eb03f0c66c8
a8217524-8b3b-4205-a17c-d0496dbd1867,clinical_delete_target,microscopy_analysis_run,383c9700-4823-4ef4-a3f6-c8bac0a28dd4,2e7fc43b343c31a634cc4c1b5d27948f,310e78840b955e3ca6e75eb03f0c66c8
a864d1b0-8e18-412e-ad2b-b9fe71cc244a,clinical_delete_target,cell_classification_run,de0841ce-4356-42bd-9b75-1674a5b574e7,1ad45f4943271e12d708acfb4d643848,310e78840b955e3ca6e75eb03f0c66c8
a872f424-7cc7-4716-81ff-bb5fbe3a414d,clinical_delete_target,blood_sample,7789e7a0-60b5-427d-85e1-15d3bc042ddc,cd7f2651c4de98eea4eafc22c447e3de,310e78840b955e3ca6e75eb03f0c66c8
a912b0e1-0124-4a9f-ada8-0629dcbbcda9,clinical_delete_target,image_ingestion_batch,562111db-5e44-4374-a5b4-17791b9495cb,2efe243c564c2d83ee00481e21f60f96,310e78840b955e3ca6e75eb03f0c66c8
a9212a42-accc-4d52-ac24-013f3751342c,clinical_delete_target,blood_sample,5ffe54df-933f-4491-a8dd-4d1a70deeba2,8ebec6dcc4cb50273acfb0294c229849,310e78840b955e3ca6e75eb03f0c66c8
a9a5e02f-df33-4630-ae63-3507bf0db23d,clinical_delete_target,smear_slide,9bd4f6c7-039e-42a6-8c53-1fccee858e47,40358b94e0b054a303fe8f7871143890,310e78840b955e3ca6e75eb03f0c66c8
aaf86d90-85aa-4c3e-96b1-709f9898e53b,clinical_delete_target,microscopy_image,25cb85d9-3b89-46ca-982a-f71517c971ee,5007f0220e0d4664ba1e31aad4c8a0fe,310e78840b955e3ca6e75eb03f0c66c8
ab127e1a-d98d-4cca-9c7d-6bb68944b80a,clinical_delete_target,quality_assessment_queue_item,30619f6b-2afe-4732-93da-8dc59e833278,2e0d4efa931470b71670d6fd1620b3c8,310e78840b955e3ca6e75eb03f0c66c8
ab13cd17-4755-469d-ac8a-5a0a1dccbf33,clinical_delete_target,quality_assessment_queue_item,288d4f42-546d-4062-bb17-c280832566be,21195c5ae949c70b1a6462c180353c34,310e78840b955e3ca6e75eb03f0c66c8
ab7d290f-d41c-4f3f-bbd1-d09a71ea0aaf,clinical_delete_target,quality_assessment_queue_item,f0fabc86-0de1-4ba4-8b50-3396f853ee17,01611e5e00288c4ea49eeb501355db2b,310e78840b955e3ca6e75eb03f0c66c8
ab89e338-de63-4110-a53e-9271902c38a7,clinical_delete_target,scientific_case,d6078aa1-86ed-48e6-9cab-06a2817082b6,6549f5dfc70d8b7140434d60f10cb9e1,310e78840b955e3ca6e75eb03f0c66c8
aba36f1b-a697-4a5d-ae76-15ee7a7b97cb,clinical_delete_target,quality_assessment_queue_item,615c1552-8358-48cf-b1a3-cc7eeb0bde0e,619a66cd957e559d82e6dd080f5b7505,310e78840b955e3ca6e75eb03f0c66c8
abf4631b-aae0-46d6-bce3-2b3218b8e2e2,clinical_delete_target,microscopy_analysis_run,25afdd28-85df-4a2a-9dab-2727ced6821b,43d9a24e11565b61df6b6fc9e3d33e9f,310e78840b955e3ca6e75eb03f0c66c8
ac6ecbf0-a80d-40af-9b9d-5aa7c62cfa73,clinical_delete_target,cell_classification_run,d9df4085-3021-4c54-991d-e9d9cae1c3e5,4667ecd7f76de21443ad148e4c2f0ed7,310e78840b955e3ca6e75eb03f0c66c8
acd90cea-3904-419a-b022-76e2f8aa765c,clinical_delete_target,microscopy_analysis_run,e11b10f7-d1c3-4d6a-9e69-a4b6bc1abc46,34d48a7e44294981764fe7581a4eeaa4,310e78840b955e3ca6e75eb03f0c66c8
ad6dcbc7-3283-4d43-aabc-4a91e264cc99,clinical_delete_target,cell_detection_run,98626a4c-b3fc-464a-a4fe-90bc886c7647,59adf7f41014ee826f86806a57be85a7,310e78840b955e3ca6e75eb03f0c66c8
adb4de5e-1d4b-47f1-ba2c-7866ecd9ab2d,clinical_delete_target,microscopy_analysis_run,72906de0-83a0-4e98-940e-735fe5fb2363,804ba84f849abcae15027b5e9887638d,310e78840b955e3ca6e75eb03f0c66c8
ade911e1-ccbe-4ccf-a5aa-a0070bdeba69,clinical_delete_target,scientific_case,fefdef04-ce1a-4ec5-8d3b-cea64be3ff6c,66dffc3869297bb3f8e73210db3bc70f,310e78840b955e3ca6e75eb03f0c66c8
adf2635c-9e3f-494f-a2bc-068573860b94,clinical_delete_target,blood_sample,aeabaf5c-b352-4bc6-9ec3-bed6c44d40ba,00c9fb76fea20c6b4aee6073af1876c7,310e78840b955e3ca6e75eb03f0c66c8
ae05e102-c635-4b04-8c93-b85ce3c2199c,clinical_delete_target,quality_assessment_queue_item,41ef8e10-c03d-4068-9f71-9b9985a61c76,f71e9361399fd1adadba7adbd7288cad,310e78840b955e3ca6e75eb03f0c66c8
ae3db229-4c9e-4b95-9ddc-618a99bfa4b5,clinical_delete_target,smear_slide,1aa898be-ec2d-4004-8ef7-7d5f24fbf174,5164f85dfa835ede13efffe603a40499,310e78840b955e3ca6e75eb03f0c66c8
ae87a579-1fe7-44cc-89e2-3e15c0cfc70d,clinical_delete_target,scientific_case,478a0ac8-6d8e-4f35-90db-201f1f53e080,cabc004037e99a3e3f5d97295f3323d2,310e78840b955e3ca6e75eb03f0c66c8
aea15714-e07b-45a9-a77b-287d113a7f02,clinical_delete_target,quality_assessment_queue_item,8f10f5cb-559f-4c5d-97b7-a7d2cf5ec928,1e18181489299f4ea4b93adf3297eeda,310e78840b955e3ca6e75eb03f0c66c8
af00873a-5df9-4f7f-9a79-cb302d3c5a52,clinical_delete_target,microscopy_analysis_run,383c9700-4823-4ef4-a3f6-c8bac0a28dd4,d892b96ae724b1e95e7d939c04a0489a,310e78840b955e3ca6e75eb03f0c66c8
af584c20-c91f-4de8-97c8-5c7e728d5097,clinical_delete_target,microscopy_analysis_run,98aaa914-7ab3-4a7a-a77d-5a96fadd0a24,a79e5eda7588bfac9f638645032660c8,310e78840b955e3ca6e75eb03f0c66c8
af6c974c-0149-4a97-becb-2ec4cadd8787,clinical_delete_target,blood_sample,0a266d6c-5915-49a7-b39e-25f79560b402,77061aae5c70ba2eb3ab7905f8be68f8,310e78840b955e3ca6e75eb03f0c66c8
b02268d5-2d8a-4f63-8a75-e12bd76318f8,clinical_delete_target,scientific_case,8d5cd9ac-1780-4869-a62d-223015d7b58f,f01dddbd066425b3544d16ebf782e7ce,310e78840b955e3ca6e75eb03f0c66c8
b052ea01-3189-4a5f-8d1c-c49507c60dbf,clinical_delete_target,quality_assessment_queue_item,cf80b0ac-7030-47bd-b98f-b240a2f73f60,a9e9910294b4d6e7af3afddda3847532,310e78840b955e3ca6e75eb03f0c66c8
b08d2fc2-ef2c-4e02-a870-c4dafe667708,clinical_delete_target,cell_classification_run,e4fbb1f9-34d4-490c-98a6-b94c51ba417f,222b9021cca203bfc05b430440d65d54,310e78840b955e3ca6e75eb03f0c66c8
b0941451-a349-442f-8734-42a606e733a2,clinical_delete_target,cell_detection_run,2f40a287-e0d5-4ab9-919e-a1ddfe57b9bd,4efc3af6f161e6696fae9c226023db20,310e78840b955e3ca6e75eb03f0c66c8
b0a5b3a4-14ab-417d-bcea-d8ff7f0df864,clinical_delete_target,image_ingestion_batch,1b238cc9-07f1-4bfc-9a9b-7b75bee6bc7a,1e045ad325fa1c3962987f1822ced1ea,310e78840b955e3ca6e75eb03f0c66c8
b0ec18f9-9e68-45bf-be16-1a8cf4784922,clinical_delete_target,image_ingestion_batch,18b3e230-5770-4540-856e-7faeb1e089fb,f9c4094c0b4da56dfe13d7c2bf08b77f,310e78840b955e3ca6e75eb03f0c66c8
b0ed1414-ec75-4223-8d61-f859ed341f23,clinical_delete_target,smear_slide,05db0b4e-39ed-48e9-824c-7397fc6869b2,1133e6c8a7a788417ed67ac73f6df774,310e78840b955e3ca6e75eb03f0c66c8
b1296393-47b1-4a33-897e-98f781c33c64,clinical_delete_target,cell_classification_run,bea48ce1-5a3c-40a1-9afb-af66b06910e5,42ae0a13fac03153bb59d1619646424a,310e78840b955e3ca6e75eb03f0c66c8
b176ee40-8d65-4754-9962-404b94c20654,clinical_delete_target,quality_assessment_queue_item,0d962bca-f34f-4327-bf0b-6de9fd24bd52,5f2cc05fe9006c7d56ef88241ae4fe20,310e78840b955e3ca6e75eb03f0c66c8
b181c23c-03c8-4656-a351-125794a34d7b,clinical_delete_target,microscopy_analysis_run,aac2f7a6-e279-42c1-8035-33134bfdf3eb,bf27050d9a695cab53064db0ff5f9804,310e78840b955e3ca6e75eb03f0c66c8
b1919796-1b25-4e08-b061-d8e5e1976adb,clinical_delete_target,quality_assessment_queue_item,cf80b0ac-7030-47bd-b98f-b240a2f73f60,655496199cd85502f6635380d86ce8eb,310e78840b955e3ca6e75eb03f0c66c8
b286d0fa-263e-44c7-a1a9-0c765ca0e201,clinical_delete_target,microscopy_analysis_run,07c71166-93b3-415e-b764-6ca7344238f6,e9957548dfceb42cce816c85f73c39ae,310e78840b955e3ca6e75eb03f0c66c8
b2e411c5-d18a-4147-8f5a-ed70ee53369a,clinical_delete_target,scientific_case,1d65f287-f2fc-4d71-8f3e-b9a8c5ac8d73,7ec43ac83bc3a4d03218ffe9f9355ac2,310e78840b955e3ca6e75eb03f0c66c8
b3451387-9df7-4d10-8484-fd7071783fcb,clinical_delete_target,cell_detection_run,c6ecf996-e832-44ad-89bf-2ca55d1d46d5,0d6964f4464bd7c9779a44cac50646c2,310e78840b955e3ca6e75eb03f0c66c8
b351aec1-dad8-40ba-a372-1a8919ea6368,clinical_delete_target,microscopy_analysis_run,7be00fe5-41da-48c5-b2c2-9618f0a7c517,8a245a30c53c9457e338894202fd4424,310e78840b955e3ca6e75eb03f0c66c8
b390df74-e85d-48b4-9f07-fae0b5907f52,clinical_delete_target,cell_detection_run,de773a50-b182-4ed9-9bdc-3f6f65bf242d,650a06875f2dfe6cb4f778bec1f344ff,310e78840b955e3ca6e75eb03f0c66c8
b3b29486-3918-4002-a091-2f3dc55ffd65,clinical_delete_target,cell_detection_run,de773a50-b182-4ed9-9bdc-3f6f65bf242d,3062923a41b9721c6ee780012b313d1c,310e78840b955e3ca6e75eb03f0c66c8
b3d78c2a-4607-479b-93d1-2f52a2fc23b7,clinical_delete_target,blood_sample,2f3d6084-05c6-4717-8968-688ed13d523a,537c5835a5051dc320c676fa78707e6d,310e78840b955e3ca6e75eb03f0c66c8
b4ab76fa-1f0a-4294-9c38-91fa1581dd28,clinical_delete_target,smear_slide,eebc720d-3cea-44ea-8ecd-1e96f1208e21,1492d02bf07deddfe99a1c838389fb76,310e78840b955e3ca6e75eb03f0c66c8
b575eeed-3886-4587-8382-d6613c5ebd9d,clinical_delete_target,image_ingestion_batch,507b59c4-f4de-41fd-acd4-7179636b6f2d,f559ea2550c5b28fb3a394e325dd510a,310e78840b955e3ca6e75eb03f0c66c8
b6dbc171-91a3-4d30-8021-f888c3efacb8,clinical_delete_target,smear_slide,fc1969d8-240e-43ae-8fe9-d8ffea023a70,dd22a65456e7161a6cccc6166f198dd2,310e78840b955e3ca6e75eb03f0c66c8
b70e9e62-9532-47ab-a8c4-ea17726d75ac,clinical_delete_target,quality_assessment_queue_item,5be6b426-be93-404d-957e-5739558722fd,f8108b61c8b2a3a7c61e72887f1e9d93,310e78840b955e3ca6e75eb03f0c66c8
b73f462d-b2ca-4ffb-a60a-c4e4b0bfe9a0,clinical_delete_target,cell_detection_run,881590dc-6d13-4137-ba82-d28d2ed5199a,4c8354b902c49694d27e52578e31f36e,310e78840b955e3ca6e75eb03f0c66c8
b7757bad-d352-4b9c-bc07-661a47659280,clinical_delete_target,image_ingestion_batch,912ed57e-024d-4e32-87e8-fb3a65bec883,523bcad9a4540e2e38f05e61b1373a2f,310e78840b955e3ca6e75eb03f0c66c8
b7bf55b1-900f-43d5-b89b-02fa1eb343d2,clinical_delete_target,cell_detection_run,bf423fe1-2fc5-4662-9eda-ff1496c1bba9,8fd97ff198fbc57bf312de4560ffb164,310e78840b955e3ca6e75eb03f0c66c8
b835445d-33c0-43a6-8778-e184230f536d,clinical_delete_target,microscopy_analysis_run,3a33d13c-ff5b-46ba-94b4-0710e5185301,fb97e71186b08fecf096bcb9a2513e6a,310e78840b955e3ca6e75eb03f0c66c8
b8560c01-67f6-49a2-a08a-cc2f78cfc1dc,clinical_delete_target,cell_classification_run,b5238ec8-7ca8-4981-8a43-21a5fdf28e6f,af564f576a2ac5524b99f436371c4360,310e78840b955e3ca6e75eb03f0c66c8
b8744c57-4c0d-463f-88f1-409bd621990d,clinical_delete_target,image_ingestion_batch,681068bc-e11c-4bff-8d74-9879d12d121b,29cbc35b77dcc4c813d45ce5720af81a,310e78840b955e3ca6e75eb03f0c66c8
b8750f06-4b4f-47bb-bcc5-d77358841186,clinical_delete_target,cell_classification_run,1994d295-0c97-474d-b000-4ed4d1139320,10c083390678b4dd9a8a7e159eeb5ff6,310e78840b955e3ca6e75eb03f0c66c8
b8ac6fd5-f8ee-4f72-8eb3-2ec2e35412b4,clinical_delete_target,microscopy_analysis_run,c6209893-144a-447d-a436-fe89fc140cee,1b362978861ede2a01f758d50f28836f,310e78840b955e3ca6e75eb03f0c66c8
b8d41911-fa47-4176-b8dd-05276817d6f1,clinical_delete_target,microscopy_image,8d3b080d-2f56-4175-b76a-dc309555e9de,4c15b9c77386bce0c54439c01f3676f7,310e78840b955e3ca6e75eb03f0c66c8
b8d94b4a-db53-49cd-a0d5-b01f153fe6ce,clinical_delete_target,blood_sample,dc40af54-5b40-4a3a-ac87-2e7f4c6cc3cf,04208cd68207e2c74493336ab3a4bf37,310e78840b955e3ca6e75eb03f0c66c8
b9151014-fe83-4bc6-80ff-ab91bf854492,clinical_delete_target,quality_assessment_queue_item,055fcf99-1317-4a17-bf2a-3a19027069d8,b36872588771bb73ba34752c5ff1416c,310e78840b955e3ca6e75eb03f0c66c8
b9a227d2-453c-41bd-b1e0-035bf01aabd2,clinical_delete_target,research_subject,f9617c38-5bcd-43bc-bc12-02790be65382,78abeb043a01ee0fa35b6cd41027fd92,310e78840b955e3ca6e75eb03f0c66c8
ba4c6015-ae15-41d5-85bb-ffd1e0b7ed9a,clinical_delete_target,research_subject,e46bb305-69d7-4321-83f2-431e555bb514,3460d98ee04063c63b108c163fdfd198,310e78840b955e3ca6e75eb03f0c66c8
babe3bfe-faf3-47f6-abb2-6200c30360a4,clinical_delete_target,cell_detection_run,f088ac8e-c214-474d-837d-53532f4ef947,c4059cfc7e272a5a10985e1cda100de1,310e78840b955e3ca6e75eb03f0c66c8
baee1a3e-e581-4b6c-b70d-9f72bdfc235b,clinical_delete_target,blood_sample,e1214e6b-579f-41de-948c-547d734413f0,e0d339b32825d46944f9f843d0771fec,310e78840b955e3ca6e75eb03f0c66c8
bbaf9a94-d988-41c3-aaee-7681fb69abd1,clinical_delete_target,cell_classification_run,827ca552-01cd-4de1-b053-76481d951da4,0b9f1e9bb6ec21638bac7188de3c9c97,310e78840b955e3ca6e75eb03f0c66c8
bbd9a6c6-bdc3-4587-a233-92ade4dbbee5,clinical_delete_target,cell_detection_run,a78dd7b0-8ddc-4cd7-bc5a-241f8b427de6,f321086f842660b6ebc3582ecbe65ff8,310e78840b955e3ca6e75eb03f0c66c8
bbeaffaf-92b0-4f0e-9983-3c17b3395e11,clinical_delete_target,quality_assessment_queue_item,210346ac-825b-4b09-a2d8-93a98cd58db7,901c4bd7c2bd8d85c43accb03a9887d5,310e78840b955e3ca6e75eb03f0c66c8
bbf9d3af-9df6-418b-9249-f0382012c5af,clinical_delete_target,cell_detection_run,98626a4c-b3fc-464a-a4fe-90bc886c7647,3db2bd23d7003429c7479471add1b68b,310e78840b955e3ca6e75eb03f0c66c8
bc20e1e1-8a7c-4031-98bb-38fe6dd9adcc,clinical_delete_target,cell_classification_run,9ecd5e1b-a8d9-408c-af86-60cc0b5dd40f,2612ae949d54794f1a7255433aa640dc,310e78840b955e3ca6e75eb03f0c66c8
bc345a04-5872-41d0-bd20-6ed20cb0315b,clinical_delete_target,microscopy_image,530f3436-c120-4237-8b57-7eee0b978486,ebf2518e1153b4ca0361e83935f57c66,310e78840b955e3ca6e75eb03f0c66c8
bd178985-1fe5-426c-bb4e-c4dddf9d21b7,clinical_delete_target,scientific_case,25f8a220-20d4-4bdc-bb87-21300b1af5c8,6e22b812869c72a8e4fc03591d74399a,310e78840b955e3ca6e75eb03f0c66c8
bd1ccc5d-50cf-4f40-91b6-a76c15450bb8,clinical_delete_target,cell_classification_run,86853bfd-35c8-45e7-84fd-930a99713af1,69b5a0973aee53f9b56627f4a8fc7d13,310e78840b955e3ca6e75eb03f0c66c8
bd6175a5-52d1-4a1b-97a9-45736a689a70,clinical_delete_target,image_ingestion_batch,6f084814-f95d-4ba6-816d-4561fba5c17b,69960ee56e660b6f43a7ad3c5e137dfc,310e78840b955e3ca6e75eb03f0c66c8
bec76d78-969c-4331-baaf-e48acd9cc34c,clinical_delete_target,cell_prediction,033b23be-ece4-4600-8a00-f4af81462134,fd39942b2e763e0a7dd609de8477de6a,310e78840b955e3ca6e75eb03f0c66c8
bffc69ba-84c1-4d9f-b22c-7a77b79bc6cc,clinical_delete_target,quality_assessment_queue_item,055fcf99-1317-4a17-bf2a-3a19027069d8,36f0da61c031d175603a12a364dd446e,310e78840b955e3ca6e75eb03f0c66c8
c05ac225-f741-42f9-af8d-a886249b706e,clinical_delete_target,cell_classification_run,b5238ec8-7ca8-4981-8a43-21a5fdf28e6f,64739bd9ea6d20aaa3e47b0cc7a23783,310e78840b955e3ca6e75eb03f0c66c8
c0958833-cc39-4ec0-bf4e-d2d22e2ee19a,clinical_delete_target,cell_classification_run,919d8a37-3b45-41b2-adb7-28aba7807bfa,e4043b8303ac31bb51b03243fd556eda,310e78840b955e3ca6e75eb03f0c66c8
c0aafc9a-f6f9-476f-a3f7-f8fb419ef102,clinical_delete_target,quality_assessment_queue_item,5be6b426-be93-404d-957e-5739558722fd,b510a549b6d8e7afee388043ecacc8c2,310e78840b955e3ca6e75eb03f0c66c8
c0d32232-076c-4603-a3ec-55a563471bd1,clinical_delete_target,microscopy_analysis_run,7eba770f-f337-4ed5-b174-fb4c18baaae5,b75f2f5f98e695d9a854d53ba0b0f5d3,310e78840b955e3ca6e75eb03f0c66c8
c0fb93a1-a82e-4f33-96e0-defcc044ba16,clinical_delete_target,image_ingestion_batch,7fc4cc44-d788-4718-baf9-5794b1dc6003,b72dd727165337ad4d60fe5cfedb4313,310e78840b955e3ca6e75eb03f0c66c8
c14ba5d1-32ee-4825-9c76-3bef0748523e,clinical_delete_target,microscopy_analysis_run,4e1ca921-c5c6-4d89-b035-2d7dd99040d5,481ae52df6245f28610e1bccac52c78f,310e78840b955e3ca6e75eb03f0c66c8
c19cb99d-eedb-400e-8831-fc336c093f97,clinical_delete_target,research_subject,2d426944-5c81-4828-ab60-da548850d831,c2dfce8c8f3a592d17b0fab9c7f216af,310e78840b955e3ca6e75eb03f0c66c8
c1a8ff8e-1f2d-4862-88dd-94cdae640577,clinical_delete_target,microscopy_analysis_run,8b912699-0346-4eca-9a3f-992922f65702,6139cae8150eaafd5c1a10ed0a207ed7,310e78840b955e3ca6e75eb03f0c66c8
c25d6821-d860-4fd1-a0cf-af1c0a5a8c46,clinical_delete_target,cell_detection_run,70a62caf-67c3-44f5-8752-596e9432c4ca,14048410a579f4baa1ca15a2e2ce6327,310e78840b955e3ca6e75eb03f0c66c8
c26446af-246a-4146-b6c9-99deb887d4c0,clinical_delete_target,cell_classification_run,973db4f9-663a-4276-a7e7-b890bd6d0640,de2a3e36a888b80581d297d35a56497b,310e78840b955e3ca6e75eb03f0c66c8
c266abf2-4417-480f-b8d4-e2195d1d59f4,clinical_delete_target,blood_sample,16cb778c-0de5-4d9c-ba91-b4763cd41212,19c6a105e73c3e6c8a1a42aeae475a6f,310e78840b955e3ca6e75eb03f0c66c8
c26af3ab-9796-4b98-98e4-1074b7af0d6a,clinical_delete_target,cell_detection_run,6278de2c-44dd-4a75-aca2-9708e58437ba,81f39ef552bd3795e68f6a7e00c21c37,310e78840b955e3ca6e75eb03f0c66c8
c29a3c9c-4f33-4199-a56f-b3fa4ee7e6d7,clinical_delete_target,microscopy_analysis_run,b0a5839c-3668-4411-b590-cc1d8fed470e,5b627302c95ecc7d5e2071c2db99c8b3,310e78840b955e3ca6e75eb03f0c66c8
c3471f4a-b6f7-46ec-9b3e-3096125f299e,clinical_delete_target,cell_classification_run,3735f632-8998-43e9-9c12-4b43cd139734,25ae3420d873c4c59fed6327d2ac27a5,310e78840b955e3ca6e75eb03f0c66c8
c3d203af-ae39-45de-b0ed-6f2d89525444,clinical_delete_target,quality_assessment_queue_item,c94a1560-76b3-4edf-ba0d-4aee0dd58431,a0d956d5039db16fda324fbd9219468a,310e78840b955e3ca6e75eb03f0c66c8
c3d34399-0776-4641-b5e5-4a22440dc0ac,clinical_delete_target,microscopy_analysis_run,e11b10f7-d1c3-4d6a-9e69-a4b6bc1abc46,e5c611a7f52722ad5378039a68b10b03,310e78840b955e3ca6e75eb03f0c66c8
c3ef172a-662d-4c35-9c79-fae5c53babf1,clinical_delete_target,cell_detection_run,f196b05e-1e21-41c5-8292-1c802004009a,cb093b24db4838ea440b90859d548e46,310e78840b955e3ca6e75eb03f0c66c8
c44efd8c-72fa-4a90-b53b-e95bcdf760d0,clinical_delete_target,microscopy_analysis_run,ae68a99c-11f7-457a-88f8-3cef9a144958,8f9bf36393b0bfdf7b4464617fe0c483,310e78840b955e3ca6e75eb03f0c66c8
c4948623-0760-48e9-bb29-4a22fe089e38,clinical_delete_target,microscopy_analysis_run,52c4864d-1788-41db-a1d2-883ce7d83a58,b00a12fe819bdb908a36a30e531a3029,310e78840b955e3ca6e75eb03f0c66c8
c5f636a4-276c-4aff-aba6-6ee0a5f7ea13,clinical_delete_target,cell_detection_run,f6e252a5-7924-4e5c-bc63-8b711db60ba0,c9dd479debf740fecef263acc156a6cf,310e78840b955e3ca6e75eb03f0c66c8
c65c7503-688a-4f63-ae99-97740c831f46,clinical_delete_target,scientific_case,0fec78b1-721a-4eb3-a977-ee2ec5b86f63,a31dc1d2ea1e3cd86f83fa7169524985,310e78840b955e3ca6e75eb03f0c66c8
c6797b1e-60c2-419d-8cf7-410e9f6c09eb,clinical_delete_target,cell_classification_run,de0841ce-4356-42bd-9b75-1674a5b574e7,e6b8fc0d952555ada98617743bad2d56,310e78840b955e3ca6e75eb03f0c66c8
c6fe1af2-274d-42dc-bc05-c8db2fb3b5a8,clinical_delete_target,microscopy_image,f4400105-33b9-4bc0-860b-010b1cf3d386,56a9977ea781b2370d5228943e7b609c,310e78840b955e3ca6e75eb03f0c66c8
c7303727-e279-4ac9-a110-ccb575f7b438,clinical_delete_target,smear_slide,19bc8235-612c-478f-b38c-7fd8295caf0c,be3302ac5019357320edeae8ebac683f,310e78840b955e3ca6e75eb03f0c66c8
c73651c1-741a-42d8-b52e-ccecd5aa83f4,clinical_delete_target,cell_classification_run,24d3e2fd-a41b-439e-865e-eca5dbccf2e3,1609ca5dac6f439954d5c6b99f5eba0c,310e78840b955e3ca6e75eb03f0c66c8
c772fb27-9cfd-4ba8-9000-129b12e49a41,clinical_delete_target,quality_assessment_queue_item,fd66d3f2-cde1-4151-9974-9c0217239a41,9bed796d9ab1dc7f961324fd7aac8c54,310e78840b955e3ca6e75eb03f0c66c8
c789634b-7969-4daf-b778-d39d63e48af9,clinical_delete_target,image_ingestion_batch,bcf51c14-f3a3-4b0e-a0e6-2e8a3e97f7a5,689bfef9956ce59c83ccb63b7d8900df,310e78840b955e3ca6e75eb03f0c66c8
c78e9a50-c960-410a-88ff-3a2a219393cc,clinical_delete_target,quality_assessment_queue_item,72d0be37-aa41-46a6-aa8b-8090805831b7,500a0745b5824dc321c05c80dc79fae4,310e78840b955e3ca6e75eb03f0c66c8
c7b64e0d-104d-47b5-a218-861b6b3c57f9,clinical_delete_target,microscopy_image,f914626e-fa1c-483a-ac2d-a7ebce6130f5,738abb6533764044d6476b1ecec8e4f0,310e78840b955e3ca6e75eb03f0c66c8
c7c52fef-e364-44d2-bcdd-9f1c5df248c0,clinical_delete_target,smear_slide,babe3d87-62ae-4182-ad71-5fd09487d9c8,72c30fbf67eda854ac822d1869cf2497,310e78840b955e3ca6e75eb03f0c66c8
c7f1cf6a-a087-4572-bcf4-7c5c788ce280,clinical_delete_target,cell_detection,b44d5a75-10c6-4139-8383-b1c87a514006,56cb9d2f6954643b9bc837a353a5beb3,310e78840b955e3ca6e75eb03f0c66c8
c829188c-79c1-4746-b7a8-aff794e3c32b,clinical_delete_target,microscopy_image,97fb12a0-df7f-455f-8e13-e0383ad3934d,b12b2d86e63f5f706131d91b71d960fd,310e78840b955e3ca6e75eb03f0c66c8
c8366e29-9751-4294-b508-de22752f2c35,clinical_delete_target,cell_detection_run,98626a4c-b3fc-464a-a4fe-90bc886c7647,198721accb0a69b2747b8e6c82afedce,310e78840b955e3ca6e75eb03f0c66c8
c847baae-8565-49c1-8a54-908d96fc96af,clinical_delete_target,microscopy_analysis_run,bd88875d-6a93-40f9-951d-ab151fc3c665,e18a2658490116a7d5cb8b52b91f9856,310e78840b955e3ca6e75eb03f0c66c8
c87a0537-fef8-451d-b91a-29d28f840bba,clinical_delete_target,cell_detection_run,50b0884e-ddde-4252-be9d-058151c986c4,df2be876e4f16260da8c158c1a22a4e3,310e78840b955e3ca6e75eb03f0c66c8
c8a7f8a7-dc3d-4577-be94-babf3d8b810d,clinical_delete_target,image_ingestion_batch,18b3e230-5770-4540-856e-7faeb1e089fb,de09d3cb73015a5e8a92704427afd02c,310e78840b955e3ca6e75eb03f0c66c8
c8b41de6-dfe6-498b-bc32-096930c6ddc2,clinical_delete_target,microscopy_analysis_run,54e278de-2381-4a05-8faa-42bf761f6688,fe245db1b598fea8a68f1bc46024a060,310e78840b955e3ca6e75eb03f0c66c8
c8f969e3-e41d-4dd4-acf1-09ffcb161f04,clinical_delete_target,research_subject,f798c042-9bd0-4e9d-b0b9-7d4aef2c5517,4ca03aae612b484efdd7fee01de3a85a,310e78840b955e3ca6e75eb03f0c66c8
c90e21ae-dcf1-4924-8e12-ec2628f1d749,clinical_delete_target,quality_assessment_queue_item,ccc48369-3fe8-413f-a834-0cdf33836d8b,b77045492183d351357a46e052bb2376,310e78840b955e3ca6e75eb03f0c66c8
c9b0615e-efff-4df5-86f1-373b7e6a322b,clinical_delete_target,quality_assessment_queue_item,b3980fa4-439e-480f-a312-18f57c1b055f,362b9089b930b9f0f620451af7d803a1,310e78840b955e3ca6e75eb03f0c66c8
c9bb2fa1-eed7-4e99-b954-fcf131503992,clinical_delete_target,microscopy_image,34070251-bc08-40a2-b33a-35ad175a7189,c7690cec0f8c896f517b3791b595d0ee,310e78840b955e3ca6e75eb03f0c66c8
caaab6f9-16e0-4e30-b548-0a0efb37728d,clinical_delete_target,smear_slide,d5ff2101-21f5-4912-8e0c-5861ce00468c,ae9b06d194be12676a9b98d8a6ea9625,310e78840b955e3ca6e75eb03f0c66c8
caae2068-ca15-4254-803f-1fc25e2ed45c,clinical_delete_target,blood_sample,224c1794-b025-4580-8fe4-4b050b71bbda,6b09444ab8291f508b85ae7a350a47f0,310e78840b955e3ca6e75eb03f0c66c8
caae8ad3-d79a-4673-8622-20a9704d5a1b,clinical_delete_target,research_subject,807738ce-3212-4f67-ba04-b9d8b4f5426f,5acaf1a51bc62ddb437d550e19d1f9dc,310e78840b955e3ca6e75eb03f0c66c8
cab66da9-4ba6-4d83-8143-c27e5f7a43e0,clinical_delete_target,quality_assessment_queue_item,1896e915-bd23-4956-9077-559a77ebdada,5552f9d8c9837d5bbdb44e1b5b21047e,310e78840b955e3ca6e75eb03f0c66c8
cbc9e9ce-4994-4186-9826-daef83d83eb4,clinical_delete_target,blood_sample,9ce60252-98a9-4667-8bcd-b2c9aeadc55e,7503463c51d3f49688a4791e54915461,310e78840b955e3ca6e75eb03f0c66c8
cc066565-7db2-4df3-b849-a6211b1f32ae,clinical_delete_target,cell_classification_run,f1825269-8702-4782-8267-d175f1a3e788,da688df82d77283633c4e0b1f7271495,310e78840b955e3ca6e75eb03f0c66c8
cc087b8a-e623-491f-87ac-68ab2725deee,clinical_delete_target,scientific_case,b25e61f7-722e-4b72-ac01-8a721f3ce928,ac70ec5f010f959adc7db0b6abc53edd,310e78840b955e3ca6e75eb03f0c66c8
ccb379f0-b217-4691-bb0d-0c62215128d0,clinical_delete_target,microscopy_analysis_run,d28e9146-5ad9-4df7-8af4-1b8901780c2b,bd1274015f4b7836882da3a8a1c6b888,310e78840b955e3ca6e75eb03f0c66c8
cd2964b4-adbc-4530-b37a-593ec3dd09ee,clinical_delete_target,scientific_case,c850c569-92ce-4275-817e-fb0ed5626c16,e5ae050c3e05e38c47293e957ff16a8e,310e78840b955e3ca6e75eb03f0c66c8
cd32bf31-1c08-460f-b2a9-c8b14fb97039,clinical_delete_target,cell_classification_run,1361f54c-2c8c-4f3c-85d7-0f5c373b8cae,5e924c852118bbbdf87b282e634842e0,310e78840b955e3ca6e75eb03f0c66c8
cd53e3d0-95eb-4efa-98e1-3d9768c352fa,clinical_delete_target,quality_assessment_queue_item,5bd5893a-e45c-475a-a339-446d6c3dd3ca,39373862f187d7321d4cb4157a399978,310e78840b955e3ca6e75eb03f0c66c8
cec46dde-a7c1-4c6b-8980-043bdd88e0ce,clinical_delete_target,research_subject,db619d9f-3b44-4f58-a89b-c42e690d5935,eb16f8b2b7898e066100a774c6a2f438,310e78840b955e3ca6e75eb03f0c66c8
cf90d28b-863b-4724-8fb6-2f8b8082c7e0,clinical_delete_target,microscopy_image,3dca4192-f767-48f3-a7e8-59e22d9db3f9,e01e0daedec445dd0e9f8e06e0244a17,310e78840b955e3ca6e75eb03f0c66c8
d058bf8d-9fe2-428a-ad6b-87b385baf5e3,clinical_delete_target,image_ingestion_batch,21088e58-6af2-4d51-92bd-607bad23177f,da66af70d30dd7b47c56e126a7a70e67,310e78840b955e3ca6e75eb03f0c66c8
d0c2ec11-882c-483f-b5a9-bf482325f6b2,clinical_delete_target,smear_slide,b21b69b9-234b-4e7f-8c46-3d77402d49cc,719e5e5a1e2e46bb333bf6d2bf7a17de,310e78840b955e3ca6e75eb03f0c66c8
d0fe2128-eb10-4aad-83e0-065b33c41fe2,clinical_delete_target,image_ingestion_batch,2a099c06-9b7a-493d-ad4f-1266dd18bff3,48bd0557ed89aa2ed56f1a0e81badb84,310e78840b955e3ca6e75eb03f0c66c8
d125ea2b-25eb-4125-8035-bd1e0f10716d,clinical_delete_target,blood_sample,67ea46e9-2464-48c4-9fcb-0864d78595f3,51f9f259a919a5f8cc005bb608498e3c,310e78840b955e3ca6e75eb03f0c66c8
d152de52-55ca-4871-a100-f52b828abab7,clinical_delete_target,image_ingestion_batch,71f3656d-885c-4cc2-9be2-8403d8e2b0db,75dcf2f047f727578e97f9bd4966432f,310e78840b955e3ca6e75eb03f0c66c8
d1b3a529-ec0d-4aab-84fa-be3e2169d537,clinical_delete_target,smear_slide,a83a91d7-ac2d-45b9-94a9-910a9206db4e,4d76e7fef207e68c850a29fb707a020b,310e78840b955e3ca6e75eb03f0c66c8
d20fe51e-66c8-4ebe-a4c6-bd2503691c85,clinical_delete_target,cell_detection_run,f4a29ede-288f-42ba-abf0-32395606ffc4,6f6b049e55857ccb7156b7c9edc2e463,310e78840b955e3ca6e75eb03f0c66c8
d227b9c7-7619-4f8a-98f3-bc2022264d4d,clinical_delete_target,microscopy_image,6948fa72-3ff5-45bb-beb5-8ae3bba8b6d6,9ec1552bcbe9054fc622dece3879b25b,310e78840b955e3ca6e75eb03f0c66c8
d24dd760-4cda-4ba5-9ed5-42ef0a8137e5,clinical_delete_target,microscopy_analysis_run,db1855bf-e94d-43ea-86dc-5c1d21c82206,298b35d21a853d1ef29a22b871e5d464,310e78840b955e3ca6e75eb03f0c66c8
d2b6bb71-1cc6-4337-9ac9-4f820c590de2,clinical_delete_target,cell_classification_run,b64719fa-1dcd-44a0-9de7-4063fe9c1434,c3b64b9c067f86d689d5e44d18691880,310e78840b955e3ca6e75eb03f0c66c8
d2c76af4-8be4-4be0-9656-820a552e2abc,clinical_delete_target,cell_detection_run,f6d15c09-591e-4808-aff5-02f7c8c4d239,68ccfb4705ca7a43bbd68c30a2c99f4b,310e78840b955e3ca6e75eb03f0c66c8
d319c16b-9ed3-4380-a489-3316a9e52c4e,clinical_delete_target,quality_assessment_queue_item,f39b42f1-0804-4aed-8371-3eb301acf30b,7ed5a35a0f6e91be28cf4db22b2aed2d,310e78840b955e3ca6e75eb03f0c66c8
d330d6c0-caf5-4543-8872-a6d759bb53b6,clinical_delete_target,research_subject,cb3d1329-1c82-4679-8034-2f1e3757a3aa,5319063b25ac178b34e895f6726f5f68,310e78840b955e3ca6e75eb03f0c66c8
d37a769d-29bf-4afe-ad85-908148da3815,clinical_delete_target,scientific_case,a3dc3c0f-506c-4dfd-81d4-1ec1bf0f9a98,a3599a9deb6a57cac21425698d4fb42e,310e78840b955e3ca6e75eb03f0c66c8
d3a84fa2-224a-48eb-a34e-f2acb5a0b208,clinical_delete_target,microscopy_analysis_run,9696ad8c-6c01-439f-afa5-29d7f5234348,b61554280e82ec686eafbdffc4c7b7a7,310e78840b955e3ca6e75eb03f0c66c8
d3dc3e24-0e05-4d5f-881b-6f0a8f82d7a2,clinical_delete_target,research_subject,b206c606-7225-4a74-b884-afee9cae0ce6,89015f0d2d7790221412198720327e0d,310e78840b955e3ca6e75eb03f0c66c8
d4888e2f-8a29-4c13-a7a3-8eda08c1c7db,clinical_delete_target,microscopy_analysis_run,1c49de91-f3ba-4794-8cbd-62bc966049c5,7cfc270887226deafb549abe818d244c,310e78840b955e3ca6e75eb03f0c66c8
d4895422-3e03-4be0-913d-65a327ca399f,clinical_delete_target,microscopy_analysis_run,e8985a61-720d-45d7-b2d4-8a499a951ac9,45f117c89339903a8e8309e619c8c84d,310e78840b955e3ca6e75eb03f0c66c8
d498c3a2-cb6d-458d-a310-fa1667aa14c7,clinical_delete_target,quality_assessment_queue_item,5be6b426-be93-404d-957e-5739558722fd,481d1de12b79d99cb13554f3ccdabb5c,310e78840b955e3ca6e75eb03f0c66c8
d54fd278-fc67-4d8b-8fd8-a915ea6074dc,clinical_delete_target,cell_prediction,736e8e35-d910-4da6-9db5-9946a51ad54f,c683c8b62a4097fd86d7025d245afc61,310e78840b955e3ca6e75eb03f0c66c8
d581e052-5940-436b-b616-30639e7759ee,clinical_delete_target,image_ingestion_batch,08003d2a-36ae-46a5-abff-2415be8ac1c7,b8f3e13e96c9462e3cccf13e0de16978,310e78840b955e3ca6e75eb03f0c66c8
d5ca922b-c85f-4ad8-a24a-340c3382e126,clinical_delete_target,microscopy_image,4ebaddab-a38e-4f6f-9258-2b1f46df62ba,4da58443833f2ae43d2926edd83ff77e,310e78840b955e3ca6e75eb03f0c66c8
d5d2792f-f93a-4687-9aa4-d081620ac0eb,clinical_delete_target,image_ingestion_batch,d43e063a-7f62-43a8-b4cb-b0c9105c63a8,aa18aba9a9d48ffce02bc9c96d22da4b,310e78840b955e3ca6e75eb03f0c66c8
d5df6d18-02c3-440f-a9ef-2fd3dd0d4ba5,clinical_delete_target,quality_assessment_queue_item,9f1f6a97-b581-426a-9508-a8c73571140f,6883fde3516b04d99be36b3488cee37b,310e78840b955e3ca6e75eb03f0c66c8
d5e1dfd6-cb9c-449f-809f-2af3b91b03bc,clinical_delete_target,quality_assessment_queue_item,1d27c69e-37be-4281-8d4d-ca1a62c94509,5a4513ae23371996af76f49b9e23ea25,310e78840b955e3ca6e75eb03f0c66c8
d61edd01-107e-4e75-8c01-05ab8b391586,clinical_delete_target,microscopy_image,64a62ec4-66db-46a9-b9c9-ce61a7612ae5,c6a9613062ce7900b4aa35bb827ca6a8,310e78840b955e3ca6e75eb03f0c66c8
d6646b89-5356-4d2d-92d7-05ace00ba594,clinical_delete_target,quality_assessment_queue_item,cc2d4451-3fca-48ca-89b8-8ae9e04c1400,ceff4fb1ad4af82f9319fc2a4fbc1338,310e78840b955e3ca6e75eb03f0c66c8
d6a7ae38-30ac-445c-836a-bb517a391dba,clinical_delete_target,cell_detection_run,1abc6f5a-ce2e-4d43-a7b2-9323cf7efa1c,97c09b124bb881048717e77e0ce005fb,310e78840b955e3ca6e75eb03f0c66c8
d6a84014-fc6b-4e9e-84b9-6fa42672e1b5,clinical_delete_target,cell_detection_run,69a3938d-51bb-45d7-928d-1b35d46634bb,4794814dbcc41dca91d9ff312c7c1d6e,310e78840b955e3ca6e75eb03f0c66c8
d6b7b28e-7996-420c-9bc8-547b7bb8ace9,clinical_delete_target,cell_detection_run,c5ca90cc-e321-4501-82f3-a2e0ef0f51a7,45648d1f41e685870904f04e73d9cf68,310e78840b955e3ca6e75eb03f0c66c8
d6c1b4ee-a472-430d-a881-5bbc26998097,clinical_delete_target,smear_slide,cb1d48da-4f45-4f09-8b79-56e91b763bc4,51e73e85022e6d9c860d0ba9290eae5a,310e78840b955e3ca6e75eb03f0c66c8
d6f2f418-7565-4687-9255-80230405d9c5,clinical_delete_target,quality_assessment_queue_item,72d0be37-aa41-46a6-aa8b-8090805831b7,f8ecff1b319c2156673de372e561513c,310e78840b955e3ca6e75eb03f0c66c8
d6f87623-70c5-4391-a392-eee2ca24673a,clinical_delete_target,image_ingestion_batch,630f97c9-4c22-442d-8d63-b53817eadabd,cbb9b1f26160a8b06d7f63ee9be6655d,310e78840b955e3ca6e75eb03f0c66c8
d740006e-d405-4ff1-b77b-3fcfa018e484,clinical_delete_target,smear_slide,4acc660f-8403-4d59-9db7-6fe17bd759f1,002d103f9f8cc7427a3d4d055c76062e,310e78840b955e3ca6e75eb03f0c66c8
d7636f34-ef48-40b2-99b1-ec32a096aaab,clinical_delete_target,microscopy_analysis_run,bd88875d-6a93-40f9-951d-ab151fc3c665,186e7782368bb111ff5dfd7fdf06e8ac,310e78840b955e3ca6e75eb03f0c66c8
d788b00e-3b07-4474-afa8-d5af9072d1f2,clinical_delete_target,cell_classification_run,0622acfd-52fa-4050-8433-dd18b20a8358,bc029ea080a08a705d64f8c4cf73f5db,310e78840b955e3ca6e75eb03f0c66c8
d7f68457-7217-4d58-9d26-69d345d852c2,clinical_delete_target,cell_detection_run,5e7bbe13-3cf2-4c2d-9022-31d242f15fb1,ddd0146823f76bd92a9c688ca9b62665,310e78840b955e3ca6e75eb03f0c66c8
d7fb8764-5d03-42dd-b167-5028b8681c09,clinical_delete_target,cell_detection_run,2f40a287-e0d5-4ab9-919e-a1ddfe57b9bd,59805ed1801a83466c7f1c87222cb0e5,310e78840b955e3ca6e75eb03f0c66c8
d88905e0-84d2-4532-8a44-f45d14744073,clinical_delete_target,scientific_case,26b2f000-84df-4317-9bb8-4696e28f64cb,3cabedf97719bb0922118c9e656efed9,310e78840b955e3ca6e75eb03f0c66c8
d89ac2d5-a45b-4045-bb7b-2a6d09327acb,clinical_delete_target,cell_classification_run,a4675449-4a62-49b6-b44f-81b3b502375a,2afe5c51610a7a8362a513bbae4a3ae9,310e78840b955e3ca6e75eb03f0c66c8
d8d17d6b-ba1b-416b-9b70-d86bfc5d0beb,clinical_delete_target,image_ingestion_batch,2d646848-d050-406e-9359-9b63dce1c9a4,bb7d92be28bacb865fe3e6ab5c063765,310e78840b955e3ca6e75eb03f0c66c8
d94c30fb-6cbf-4b23-b2bc-41ec9fe6471a,clinical_delete_target,cell_classification_run,fef11a6f-dd15-4ed9-92b0-802bd2a2e546,7fe219de71720f83c6fdf407c7260399,310e78840b955e3ca6e75eb03f0c66c8
d95b0837-2944-40f5-81ef-fe46fded9f48,clinical_delete_target,cell_detection_run,3f2dc1d9-eb62-44b3-a325-2d8db65a585c,22ff01b5737348251cf8d20e062c6e6a,310e78840b955e3ca6e75eb03f0c66c8
d99ee1df-5b06-468f-bb1b-b100ebf92d83,clinical_delete_target,quality_assessment_queue_item,1896e915-bd23-4956-9077-559a77ebdada,cbf8e8b1518361953470a0420e27874b,310e78840b955e3ca6e75eb03f0c66c8
d9c92684-c432-453a-987f-965407f19354,clinical_delete_target,cell_detection_run,c6ffc450-182b-4d59-bf0d-1090bd076903,54adb1f3d8a6e72335549aca7ea99301,310e78840b955e3ca6e75eb03f0c66c8
da9932a5-7f37-4c91-b67a-c633d092bd07,clinical_delete_target,microscopy_analysis_run,6dede06e-ae61-4920-bb2c-935cde2a5ff5,35fc38164006e52c9f46dc9fc5c8205f,310e78840b955e3ca6e75eb03f0c66c8
daf6ba33-0baf-4f5e-9e92-a9a8d9bda0c2,clinical_delete_target,quality_assessment_queue_item,288d4f42-546d-4062-bb17-c280832566be,2641e93cc06e946275190bf15469588a,310e78840b955e3ca6e75eb03f0c66c8
db162017-d358-458c-9bc8-167a818cd33a,clinical_delete_target,microscopy_analysis_run,aac2f7a6-e279-42c1-8035-33134bfdf3eb,8abb757d665021b560cf04763bc819eb,310e78840b955e3ca6e75eb03f0c66c8
db6a534f-0e44-4c56-b6ca-5612c2d98d7a,clinical_delete_target,quality_assessment_queue_item,696ef07e-2534-408b-a6fb-87641ba28e19,69a5743720af406baea8bf10df6dd4b6,310e78840b955e3ca6e75eb03f0c66c8
dbb48783-d51a-4078-996b-8318f7d615d8,clinical_delete_target,cell_classification_run,8cb28a9d-d763-4618-821a-abc3b3e21428,a3695c88a052b3d454f8df9df2d8afd7,310e78840b955e3ca6e75eb03f0c66c8
dbc32074-0d13-46ef-8562-e9507b9c50ae,clinical_delete_target,blood_sample,8c6d74c3-8703-4131-a975-8e45efcf8f26,170e4c414513f58ba6b3e2e4361b27ba,310e78840b955e3ca6e75eb03f0c66c8
dc6435ba-fffd-4ffa-b20d-3465f31e26d3,clinical_delete_target,image_ingestion_batch,b6e52edb-208b-4cbc-af1f-30c6d49a8d04,aa5690510e852779643ee218e8142d8c,310e78840b955e3ca6e75eb03f0c66c8
dcdbae30-3d01-4bfa-8d4d-79221ad2005b,clinical_delete_target,quality_assessment_queue_item,84efa505-8310-46a5-826a-fbeb2ff1b07c,a9d586a2546473bbf9aa2d8837f2f4c4,310e78840b955e3ca6e75eb03f0c66c8
dcf239ac-090d-4461-9df6-cf765e9b3f96,clinical_delete_target,microscopy_analysis_run,fce4a23b-7725-4c69-960b-5c9cd9b68f50,fe83b973026f32518dca12c371f34254,310e78840b955e3ca6e75eb03f0c66c8
dd2ce488-5602-4fa3-bd35-be86af8d65bc,clinical_delete_target,quality_assessment_queue_item,1896e915-bd23-4956-9077-559a77ebdada,9b7df520669fa8e12cca4a93b274dfd5,310e78840b955e3ca6e75eb03f0c66c8
dd6024d5-8cf9-4ba6-bd0d-3fc14067cb7a,clinical_delete_target,microscopy_analysis_run,c6209893-144a-447d-a436-fe89fc140cee,eef72c5828c0d92ae1bde69acaa6e496,310e78840b955e3ca6e75eb03f0c66c8
dde754c7-2502-41ab-b153-11998b4ea198,clinical_delete_target,cell_detection_run,70a62caf-67c3-44f5-8752-596e9432c4ca,a81db582bfd222031de98e8daec272a3,310e78840b955e3ca6e75eb03f0c66c8
de16d226-4f2b-4740-b1e3-8ece6e6beef4,clinical_delete_target,cell_detection_run,03505d0f-434b-48ac-ae42-76750f4fbc1a,76414f2d70cd2586af8030600cc425b4,310e78840b955e3ca6e75eb03f0c66c8
de347dad-3e49-494f-858d-9c61d4bc256a,clinical_delete_target,scientific_case,e95dc915-3086-43ca-b236-71fffab649a0,1a718084076511527acaa4e1cc25d8eb,310e78840b955e3ca6e75eb03f0c66c8
de3c20e5-cfb1-45f4-bec3-73e1e26e0d3b,clinical_delete_target,research_subject,b692fc6c-2cdf-49f8-89a4-5a339c52bb27,6be1e78b55a6eb64e4e6e76397717a99,310e78840b955e3ca6e75eb03f0c66c8
de5ad283-e4a5-4ee3-a091-ecee1f676c09,clinical_delete_target,microscopy_analysis_run,1ddaaa4c-d445-4586-9511-a65dadb106af,ea7f3671ba08eaf3a971b97035aa127f,310e78840b955e3ca6e75eb03f0c66c8
de677954-df5f-4ee9-984d-b4b2149ba603,clinical_delete_target,quality_assessment_queue_item,deab6df5-0aca-4df2-af7b-19ba340b9ea6,34b37f28f100b4f9b55a41da5e25a0b7,310e78840b955e3ca6e75eb03f0c66c8
de76e5c7-ca85-45ab-af18-94012747a9e7,clinical_delete_target,scientific_case,2cc9ecee-849f-4ac4-998a-5e9222a91750,d3e1b3e8631c3e25e4da0b98daeb8347,310e78840b955e3ca6e75eb03f0c66c8
debdafb3-f261-4ec9-8cdc-8667ee31d638,clinical_delete_target,image_ingestion_batch,19033c16-14c0-403c-9145-dcf97a5ce911,e2a4750f1edf937e9a61f119dff09a4d,310e78840b955e3ca6e75eb03f0c66c8
df00a47a-6a3a-4471-bcfb-7bbc2cca8ff6,clinical_delete_target,quality_assessment_queue_item,44a77ee8-fa4c-4873-9bf7-44879f3d8f77,9826372c19606b4ee92c2ded253d828c,310e78840b955e3ca6e75eb03f0c66c8
e031c4fc-3ecf-4a5f-877c-7e990f19518f,clinical_delete_target,microscopy_image,26ddb17b-1b89-4301-8f40-011ccf0f40dc,3e78258af01f5dc6972f966aa8e7a5ab,310e78840b955e3ca6e75eb03f0c66c8
e03c7939-8741-4117-84b4-836775a6125b,clinical_delete_target,image_ingestion_batch,048f2d71-3e2f-401e-9e14-764165cefe3e,592a19727c8355001a9a22a747b919cf,310e78840b955e3ca6e75eb03f0c66c8
e0447fea-89b0-4124-9217-ba09f561e653,clinical_delete_target,microscopy_analysis_run,59a98cc0-24f4-424a-b208-3fe06063fa47,88b28b9a5bf6bebc89c8a97e36320a3d,310e78840b955e3ca6e75eb03f0c66c8
e04dd7ef-3811-4d16-b851-1d8a4fd59d82,clinical_delete_target,cell_classification_run,6ca1bc50-5f16-4253-a836-1aab7865dfad,001a7ce7eab65fc6aa680ffad67cd094,310e78840b955e3ca6e75eb03f0c66c8
e06d0caa-99d6-4031-9ae4-5641e25e571d,clinical_delete_target,blood_sample,14ee422f-18ef-4714-bde7-eeb5635e1406,a7be457ea6eca4e12b8ea7ee0e393efa,310e78840b955e3ca6e75eb03f0c66c8
e06db410-6cfd-4c51-97b4-d5f639e2a990,clinical_delete_target,cell_detection_run,bf423fe1-2fc5-4662-9eda-ff1496c1bba9,cd1164398787ee9d409116880e7d5e19,310e78840b955e3ca6e75eb03f0c66c8
e178e64a-1342-488e-acf0-c799ae0bc7fd,clinical_delete_target,cell_detection_run,f196b05e-1e21-41c5-8292-1c802004009a,624d9c165fff411dd08d1db1a0843ae5,310e78840b955e3ca6e75eb03f0c66c8
e187ca75-3945-487b-a50a-818b7e7d24a4,clinical_delete_target,cell_prediction,dd5d652d-ad5f-4362-967b-dfa038d47d9a,b322deb8df7861153b9726cc36f046e0,310e78840b955e3ca6e75eb03f0c66c8
e1a66032-d4ec-49c5-a5ec-9d3eae7d162f,clinical_delete_target,cell_detection_run,1db1a505-3eaf-456d-b123-7b9f8ee77762,ed13abbd90f3c7fd4bb002f6fe7b3c29,310e78840b955e3ca6e75eb03f0c66c8
e1add729-115f-40db-b261-eadfa01f4ee7,clinical_delete_target,quality_assessment_queue_item,085273d2-b24a-46b4-bf11-fb0ae7c96b87,b0635ffac8ae792ae786e6ef6b33e460,310e78840b955e3ca6e75eb03f0c66c8
e1ebae8a-97cd-4d2f-8a53-6ff27b4e5dab,clinical_delete_target,microscopy_analysis_run,7ef7cff8-899e-428e-b89a-36803c0575b3,ea225ed4ce94b0422e1fc3ca7a89a39f,310e78840b955e3ca6e75eb03f0c66c8
e243e65e-bc82-4a09-aff1-ba260e4332a4,clinical_delete_target,microscopy_analysis_run,07c71166-93b3-415e-b764-6ca7344238f6,202a0f4e63c1871c3cbb292e4505e375,310e78840b955e3ca6e75eb03f0c66c8
e2ec076c-e025-46d8-893f-4fcb4866196f,clinical_delete_target,quality_assessment_queue_item,2f9ddc09-db6e-44be-b586-9c29e4415618,f4baad5653c66bcb2b3fef24abbcad7f,310e78840b955e3ca6e75eb03f0c66c8
e2febd1d-5bbc-49e9-94b4-aa1214072b34,clinical_delete_target,cell_detection_run,d33fb4ff-3366-4fff-9806-8ab03314dbd1,83f3ca6c44ca7018578429ef44bc8154,310e78840b955e3ca6e75eb03f0c66c8
e3baed32-a077-4c8b-9172-6323e65af3f4,clinical_delete_target,cell_classification_run,973db4f9-663a-4276-a7e7-b890bd6d0640,4a880faca6ce196df97e64f1af7afaa3,310e78840b955e3ca6e75eb03f0c66c8
e3f8b67e-5d87-499d-8d4e-89ea4958a67c,clinical_delete_target,microscopy_analysis_run,211b65b9-8b1b-4bc9-bf8e-2572a00a3ecd,6e204048c7b97af81de861ea3c5b6b30,310e78840b955e3ca6e75eb03f0c66c8
e4238b37-cc23-46d2-ba77-fc0653849144,clinical_delete_target,cell_detection_run,03505d0f-434b-48ac-ae42-76750f4fbc1a,f3d62b77c9a1541652555f6a5cf3f35c,310e78840b955e3ca6e75eb03f0c66c8
e46a16d6-3c60-406a-8841-af76c4ece3ba,clinical_delete_target,quality_assessment_queue_item,30619f6b-2afe-4732-93da-8dc59e833278,21b4c5e48ab22f781a460f784d3965f7,310e78840b955e3ca6e75eb03f0c66c8
e46d6e6d-1b19-4522-b58d-29b55b7ce59c,clinical_delete_target,microscopy_analysis_run,3a33d13c-ff5b-46ba-94b4-0710e5185301,9335316d7aa61721cc5a98e55b6330a7,310e78840b955e3ca6e75eb03f0c66c8
e521de3f-b8b3-42e3-989c-16a42b42c788,clinical_delete_target,quality_assessment_queue_item,c900309c-5bcd-454c-bc95-2ac934f09c06,2e943e782d83739e2cb1837f4cd96aa5,310e78840b955e3ca6e75eb03f0c66c8
e52822a5-2eaf-4201-bbe5-e9451d1d5aef,clinical_delete_target,image_ingestion_batch,7d8a0dd2-05e6-4a5b-916f-53b3f569c77f,a199fcb7a3f44e0f0534fb2d1065489f,310e78840b955e3ca6e75eb03f0c66c8
e559106f-08e0-4ab8-8b27-6a85f27e9fae,clinical_delete_target,microscopy_analysis_run,ba5fc281-07c1-46ca-8091-0c13e6753aa4,c9fd8a5150fcedd9b146d7d8c8e4df7d,310e78840b955e3ca6e75eb03f0c66c8
e5e3f6de-1638-4af6-9eb5-2cb8279e58ee,clinical_delete_target,cell_detection_run,f088ac8e-c214-474d-837d-53532f4ef947,1b994c5f6682fc1e85537ff3fb011cd7,310e78840b955e3ca6e75eb03f0c66c8
e5f103ff-65c3-41a2-93d4-ea6fae4fd48a,clinical_delete_target,quality_assessment_queue_item,fedecbe7-6325-4d0a-8cfd-928fa23ad2e4,2989f27de76b7bd5739a5ec813b02764,310e78840b955e3ca6e75eb03f0c66c8
e614f1be-96bd-426a-819d-ef8396ee0f4b,clinical_delete_target,quality_assessment_queue_item,f8a9bb5b-4534-4393-b9a7-a497fe18e513,7e4fc7f365395cb9bb02b14db64db688,310e78840b955e3ca6e75eb03f0c66c8
e62ec144-8296-462e-adb1-19b5ae6c56ae,clinical_delete_target,research_subject,0896f828-c68d-4889-9e9f-0c32d278381a,3037f80c067666f76dc9adba3f1ba02d,310e78840b955e3ca6e75eb03f0c66c8
e66dda46-22b6-4f3e-9b56-8e7440ca45ae,clinical_delete_target,microscopy_image,00b8d663-89b1-4dfe-8f8f-9a01bca4688b,9a8a9bbad377b0c1e4a89e5b569fbf97,310e78840b955e3ca6e75eb03f0c66c8
e67233c5-ffb4-474c-998b-5404e9bbe424,clinical_delete_target,quality_assessment_queue_item,32b17ab6-1940-40b3-8c98-85046df046f9,d66a8b35c19f627b773b8bc2fcdde93b,310e78840b955e3ca6e75eb03f0c66c8
e679713e-6b3a-4408-a56f-080a0868f664,clinical_delete_target,cell_classification_run,827ca552-01cd-4de1-b053-76481d951da4,a52c62e2addba77581bdf284ffad2c65,310e78840b955e3ca6e75eb03f0c66c8
e6a04f3f-58a9-4907-a0db-fc65dca2d136,clinical_delete_target,smear_slide,64036f77-a1b9-408c-93ec-6f440b203246,f649100ae17faead5000ff534e056fd0,310e78840b955e3ca6e75eb03f0c66c8
e6a4857a-2f9f-4dc6-8987-375b3ca6c220,clinical_delete_target,quality_assessment_queue_item,deab6df5-0aca-4df2-af7b-19ba340b9ea6,5c491264a857e70b43e9762acf28f49d,310e78840b955e3ca6e75eb03f0c66c8
e6d2c9ea-2d8a-4e4f-8448-ae1742e6dd0b,clinical_delete_target,cell_classification_run,45174302-a6d3-4d0d-8c98-e1c817dfc3e4,dcca21d727889087ee1883a8a9a248b5,310e78840b955e3ca6e75eb03f0c66c8
e72abcbf-ccb2-4c2c-8195-077ba3145742,clinical_delete_target,cell_classification_run,3735f632-8998-43e9-9c12-4b43cd139734,ca68260caa13d79b5a3d650f0712166e,310e78840b955e3ca6e75eb03f0c66c8
e75e91de-6c26-4552-91b8-f6ba94d9958d,clinical_delete_target,scientific_case,c19631d7-de3b-4e46-a340-fdff44a16eba,9905ad26d8064774f0cbf4cd4c37081a,310e78840b955e3ca6e75eb03f0c66c8
e876b8af-3707-417b-8eb3-e3def22e6703,clinical_delete_target,quality_assessment_queue_item,1a7f6274-e9a4-4e63-9f93-5ba44e1bd9b6,ce3fce9f1b0f5d41baf5d0502c4c6514,310e78840b955e3ca6e75eb03f0c66c8
e8cff839-db67-4b15-b067-243a910d6796,clinical_delete_target,cell_classification_run,969cd38e-8f71-4b26-9ae8-3ad200d74eda,2ec5fedbbd2b5603dfbfc9f526e03960,310e78840b955e3ca6e75eb03f0c66c8
e8ed669c-d50e-4547-9f31-7386cbd3c8ce,clinical_delete_target,microscopy_analysis_run,6dede06e-ae61-4920-bb2c-935cde2a5ff5,de0558ed37ffc2c5b93ee1b4466e7fe5,310e78840b955e3ca6e75eb03f0c66c8
e925705c-af43-4827-989e-3366de026556,clinical_delete_target,microscopy_analysis_run,e8985a61-720d-45d7-b2d4-8a499a951ac9,b240949c3e80fa790b5ce10e608deeac,310e78840b955e3ca6e75eb03f0c66c8
e9657374-3654-4e87-ad55-a067967cec00,clinical_delete_target,scientific_case,6abb0846-90ac-4ec4-9fed-2a4be8737d7d,6286195144cdd0cfdb50c41c2f43ba86,310e78840b955e3ca6e75eb03f0c66c8
e9f4b49e-e238-4c19-bd92-899aa07e6083,clinical_delete_target,microscopy_image,83b0bdb6-4441-49e8-b6a7-4de634e8d548,5ecb64b2ad082dd40d096057d853b441,310e78840b955e3ca6e75eb03f0c66c8
e9f92b44-4192-467e-8cb3-52724fc4d369,clinical_delete_target,quality_assessment_queue_item,c270b5ea-d1ca-4179-a5b8-462187847196,8560672a7cf5bc6409fd82360aef6883,310e78840b955e3ca6e75eb03f0c66c8
ea32b4ce-fbd0-44cf-949a-298226c4242e,clinical_delete_target,blood_sample,d3e54ffb-f6f7-4832-9fa7-50d5d240785c,71a002e294d5db73c7b0f21a759701d0,310e78840b955e3ca6e75eb03f0c66c8
ea4dd171-0b05-4560-9b9a-3a64792e8ab4,clinical_delete_target,image_ingestion_batch,7e9cde6e-32af-4265-94d7-8d243c585703,3ec4134a7545ea0d700f2e71e006893f,310e78840b955e3ca6e75eb03f0c66c8
ea895d37-81f3-43bc-9ff4-bf6ba90ea332,clinical_delete_target,cell_detection_run,3f2dc1d9-eb62-44b3-a325-2d8db65a585c,95f1913d9ca71a692ee4f9172949aaf9,310e78840b955e3ca6e75eb03f0c66c8
eb091b58-afb2-4451-842c-f817af5bcdb6,clinical_delete_target,cell_detection_run,d33fb4ff-3366-4fff-9806-8ab03314dbd1,402ef3029a871a6cfc84b1616c32d48a,310e78840b955e3ca6e75eb03f0c66c8
eb09f52d-9772-489b-a479-f31b7f38c166,clinical_delete_target,cell_classification_run,9372f493-9c91-4b71-aa3b-d5ce7eed881c,0fc47718e603be2e1756c5e5ee68755c,310e78840b955e3ca6e75eb03f0c66c8
eb18b644-66b6-4ab6-b2b9-8f21a2cb6daf,clinical_delete_target,cell_detection_run,0ff18f89-6fbd-4755-8e89-15227de46f41,e34fd77a899791cbeb19018f708c0fab,310e78840b955e3ca6e75eb03f0c66c8
eb288cbf-a94a-453f-8d0e-5fb6dc1bd516,clinical_delete_target,cell_classification_run,6ca1bc50-5f16-4253-a836-1aab7865dfad,7e09f6a0d56714199fe87b885b8b8adc,310e78840b955e3ca6e75eb03f0c66c8
eb3d590f-7358-4689-a8c4-8261f589a937,clinical_delete_target,cell_classification_run,355ee604-bcee-466d-98e2-700061daf81e,f3406165bf8ccbcffeb913b1c5154735,310e78840b955e3ca6e75eb03f0c66c8
eb3f3a5b-7fd1-4987-bdad-d9f2b2ba1eb5,clinical_delete_target,image_ingestion_batch,d7576098-c77f-4f04-bb3d-eb3c45dbdbd9,975d178bd7612200b8f516884c18c927,310e78840b955e3ca6e75eb03f0c66c8
eb40a92b-6a6a-4065-9613-0be51ed0a872,clinical_delete_target,cell_detection,b44d5a75-10c6-4139-8383-b1c87a514006,fd59635804a5728b0affd1bd8cd331c6,310e78840b955e3ca6e75eb03f0c66c8
ebb16852-9d6c-4297-8a05-c0d725733ebe,clinical_delete_target,smear_slide,a99373de-b647-45a6-a3a3-b57eba7d6354,b2bfbdae37b1f2200e6b412b95ac74b2,310e78840b955e3ca6e75eb03f0c66c8
ebbf656f-b2f2-4719-a9a4-3130103a8786,clinical_delete_target,microscopy_image,8cb2cae1-c3e1-487c-a274-4385f339dded,d02e7586cf81fa1300550fd488833cbc,310e78840b955e3ca6e75eb03f0c66c8
ec33f0dc-d91c-4903-af0c-d8b44a36c305,clinical_delete_target,microscopy_analysis_run,e922ee8e-77f4-426a-8de9-c98840e1bb7d,4a9193e38a0a59fc27d1763d557b5197,310e78840b955e3ca6e75eb03f0c66c8
ec6c162a-7fb2-4768-b6aa-da05ba9c1ecb,clinical_delete_target,research_subject,6949a1c4-f73a-4477-8298-1a87bf171ff1,5ab1338c45c37fc38bb760cd87f19d09,310e78840b955e3ca6e75eb03f0c66c8
ec8ef85f-b1e6-45d4-8ad3-9df24794cda7,clinical_delete_target,microscopy_analysis_run,52c4864d-1788-41db-a1d2-883ce7d83a58,b430e4223831478c0b84d27e55409e1e,310e78840b955e3ca6e75eb03f0c66c8
ecf2da2d-bb3d-4c60-8d08-92906b180371,clinical_delete_target,cell_classification_run,a4675449-4a62-49b6-b44f-81b3b502375a,9c4ee006694af82351ebbdd6d012ad43,310e78840b955e3ca6e75eb03f0c66c8
ed7350d6-cc51-42d1-bab9-9b7b794adde1,clinical_delete_target,cell_detection_run,490887fa-b3af-4136-85dc-8ae66e413acd,f55c34a75e1d1612e3b8b1ce565af992,310e78840b955e3ca6e75eb03f0c66c8
ed98ffe5-050b-42cc-b3b0-5050e40e9040,clinical_delete_target,microscopy_image,339d62a6-0363-472b-b2e3-4a7befd2c42f,20e3f1c0d4f465473c93561a61c2f9b1,310e78840b955e3ca6e75eb03f0c66c8
edbcd1b8-ba1e-43be-98e3-1401a071c0ab,clinical_delete_target,cell_classification_run,fef11a6f-dd15-4ed9-92b0-802bd2a2e546,33a492b4c05b719cd564b89b763f4d94,310e78840b955e3ca6e75eb03f0c66c8
edbf1a2d-d951-40d8-b7b4-2c5383d2c1ad,clinical_delete_target,cell_classification_run,bea48ce1-5a3c-40a1-9afb-af66b06910e5,f12e79aae433e4a508b8380e20be500d,310e78840b955e3ca6e75eb03f0c66c8
ee2b0646-85ea-4fcc-b3b9-359a6ed19530,clinical_delete_target,microscopy_image,cdcfc6c7-12a5-4405-8fb1-213826f88d05,e30bb5cfc0ecad90d19ff64c6d06434c,310e78840b955e3ca6e75eb03f0c66c8
ee2fe96d-a23e-46cc-8fea-4c1e287e0652,clinical_delete_target,blood_sample,6c10a271-57aa-4380-92a9-ae5ad36adb09,0ed4905f259f5d012246b432905ed15d,310e78840b955e3ca6e75eb03f0c66c8
ee768f11-6da2-43c6-9314-5a82757e6ddf,clinical_delete_target,image_ingestion_batch,507b59c4-f4de-41fd-acd4-7179636b6f2d,706622a2a9c052a19204b165c4dd275c,310e78840b955e3ca6e75eb03f0c66c8
eea4dc49-06ab-4d0e-9c73-4925b569251f,clinical_delete_target,cell_detection_run,6278de2c-44dd-4a75-aca2-9708e58437ba,b554c154313ca9e8331cf2f5372655b6,310e78840b955e3ca6e75eb03f0c66c8
eeb71c57-9db9-4cc1-baa4-70e0e1680c13,clinical_delete_target,microscopy_analysis_run,7eba770f-f337-4ed5-b174-fb4c18baaae5,426023c584e476f7aa62d5b900c89474,310e78840b955e3ca6e75eb03f0c66c8
eef6c185-707f-45d4-9883-1eb668069c25,clinical_delete_target,cell_classification_run,d9df4085-3021-4c54-991d-e9d9cae1c3e5,2cae4a40fb458cb3cfdba92822eaa909,310e78840b955e3ca6e75eb03f0c66c8
ef2c7ee0-c1d2-4d4b-b973-62a50e496c52,clinical_delete_target,cell_prediction,8e6396c1-7773-4943-ba8d-02a927e28e1a,b61a325f00c150bf2054406710fc2394,310e78840b955e3ca6e75eb03f0c66c8
ef599aa0-452d-4ffa-912d-77417626fca0,clinical_delete_target,quality_assessment_queue_item,9f1f6a97-b581-426a-9508-a8c73571140f,c8b8fd18d02d586176e91ccec2e8af54,310e78840b955e3ca6e75eb03f0c66c8
ef9032df-853c-4d89-b9aa-ab3848dcf85c,clinical_delete_target,scientific_case,2f1fbcd5-ffd7-4fb5-9b60-706b6f69da23,34d88027ffb84a481b9d560bc289ac5d,310e78840b955e3ca6e75eb03f0c66c8
efb6e83b-9118-4959-af6a-6145f6deba65,clinical_delete_target,scientific_case,bb1e9bcc-3b44-4b89-ae77-59014c9ed462,c7bc544ac30b897f572a9adbd0ad8490,310e78840b955e3ca6e75eb03f0c66c8
efebc1c3-1bfa-4432-8658-05f5d30fd41b,clinical_delete_target,quality_assessment_queue_item,3d34ed0e-767c-4b91-aa6b-a252b5e10812,5671fbf3419ead915b527474b5b49a3f,310e78840b955e3ca6e75eb03f0c66c8
f028be28-0b40-4dc9-991c-dd1520f984c4,clinical_delete_target,cell_classification_run,355ee604-bcee-466d-98e2-700061daf81e,1a20c25aabe7425378c7d0a5fcfd0992,310e78840b955e3ca6e75eb03f0c66c8
f038ba8a-df64-4e33-b06b-643b2477a408,clinical_delete_target,scientific_case,227aa761-0407-4853-8e06-59e371095755,eb2804e0e5887b60faaf09a6902414cd,310e78840b955e3ca6e75eb03f0c66c8
f070be03-1ecb-4c8b-9e6a-5ae574e07df1,clinical_delete_target,research_subject,b9ce401e-e2d3-450f-b1ee-2dcaa5cc61a6,f0b9172e82950887cce073f64deaf062,310e78840b955e3ca6e75eb03f0c66c8
f0970193-1a49-43f5-b5cc-094849c4840d,clinical_delete_target,microscopy_image,c6a30725-877a-4570-819a-de52a6bcb57d,2e49cb5596fe9e9137188ebb926262c0,310e78840b955e3ca6e75eb03f0c66c8
f0c17fca-6b11-4e40-a4ba-7ec946610049,clinical_delete_target,cell_detection_run,cbe1ff80-b88b-4401-b918-9064927d2acf,9b1bbea9b13c6e6d1f37da3057037541,310e78840b955e3ca6e75eb03f0c66c8
f112eafd-70fb-4cf4-8c52-cf69cc1f8842,clinical_delete_target,image_ingestion_batch,0fedb28d-738a-40b9-9853-023e50c39fed,1a0e2f09c232335f57add308fad1d085,310e78840b955e3ca6e75eb03f0c66c8
f2203e6f-4b3b-4de0-b055-eaca404d8f6e,clinical_delete_target,microscopy_image,51a1e5c5-fac7-4ab5-b6dd-bef48d583434,87463c27bb27d6e34a498971beff5dbc,310e78840b955e3ca6e75eb03f0c66c8
f242683a-60d3-4800-b120-60012843363c,clinical_delete_target,microscopy_analysis_run,93807208-985b-4d70-bb43-c7843db4141d,5a894673080f25a952ffd76d4e63e5d0,310e78840b955e3ca6e75eb03f0c66c8
f282c519-b657-43a0-91c9-2ef5b4b4f32d,clinical_delete_target,cell_classification_run,351bec6a-b933-4a09-9833-2c310a7eb28c,da9d6c90b299207d78285a535a1bb29c,310e78840b955e3ca6e75eb03f0c66c8
f33c0470-9d35-4917-b0b6-5e828fc14b90,clinical_delete_target,cell_detection,8b344edd-3e5d-40c3-adad-bf911dfb44fc,d254b21e5a8d62e0026ca19fb91ad4b7,310e78840b955e3ca6e75eb03f0c66c8
f3b12043-405e-4ebf-840c-e2b43c556ea4,clinical_delete_target,image_ingestion_batch,7064faa9-ff47-4ec1-a6ce-590dfd5e0091,7277e5102208140df4861606e9bcf128,310e78840b955e3ca6e75eb03f0c66c8
f3c91ac7-0598-4529-9b87-ea4376516495,clinical_delete_target,smear_slide,73ed5491-0929-4995-b133-da6214d233ac,5d41df141ec12041ddb36edc5c01a0b5,310e78840b955e3ca6e75eb03f0c66c8
f3ee1c50-6d77-42d6-8d35-db2f291e20e3,clinical_delete_target,microscopy_analysis_run,121a69bf-ba23-4014-892b-158b9c2b71a4,57a8866cc3c413f885c7dfca5008fae0,310e78840b955e3ca6e75eb03f0c66c8
f4a9db9f-ffcf-4f9c-9035-96002bd2d489,clinical_delete_target,quality_assessment_queue_item,44a77ee8-fa4c-4873-9bf7-44879f3d8f77,f4e3ce5094d52e3a3bac660eda6b7f4e,310e78840b955e3ca6e75eb03f0c66c8
f4ec6465-eb78-4120-b6e0-91f502d036b0,clinical_delete_target,cell_detection_run,881590dc-6d13-4137-ba82-d28d2ed5199a,1f5327cc9493268df1ec029dcc3282d9,310e78840b955e3ca6e75eb03f0c66c8
f501cbd4-e6cd-4745-9bc2-74606e94a075,clinical_delete_target,quality_assessment_queue_item,8f10f5cb-559f-4c5d-97b7-a7d2cf5ec928,636b0790606ce86707bad3dd2ba2042c,310e78840b955e3ca6e75eb03f0c66c8
f54fdfb7-ce3a-4310-b1e2-827fe97c55fd,clinical_delete_target,blood_sample,34e84821-2b39-461c-b3e0-0ae5a26c23ec,2eaa45384c8bd4b4f49a495c8d19454c,310e78840b955e3ca6e75eb03f0c66c8
f5641f37-ba05-4d9f-831e-90dd4ee6ef94,clinical_delete_target,microscopy_analysis_run,383c9700-4823-4ef4-a3f6-c8bac0a28dd4,d2b95f0e793db02d09e9c7476dfaffad,310e78840b955e3ca6e75eb03f0c66c8
f63bd114-b93f-44a6-9253-f54e6661bca2,clinical_delete_target,cell_classification_run,973db4f9-663a-4276-a7e7-b890bd6d0640,9da09b3fd207019ce0b91ea5c5251d01,310e78840b955e3ca6e75eb03f0c66c8
f6593331-26ae-47df-8b7d-e7f5d04cd0a8,clinical_delete_target,research_subject,3a8def69-f55b-4054-831a-2f3b81b82c15,549624c85578245db92a1ad7cb8bdafe,310e78840b955e3ca6e75eb03f0c66c8
f6701e37-7d99-4dce-961e-dc72b3bab413,clinical_delete_target,image_ingestion_batch,f5b6e7c7-06e0-4bcc-87e1-a8f477b82121,62105a2474c11a6317588dd74c718aec,310e78840b955e3ca6e75eb03f0c66c8
f6906b2a-42be-495d-bb17-8742e2f45c9b,clinical_delete_target,microscopy_analysis_run,8b912699-0346-4eca-9a3f-992922f65702,ab91b3bcb043a2db13f931f4ed7c6960,310e78840b955e3ca6e75eb03f0c66c8
f79ed8db-7312-4a0d-b1a1-3df60c4cd387,clinical_delete_target,quality_assessment_queue_item,4d4446ad-3741-4d2d-908e-87a0afa30705,feb076936efd9bb3ae265fb8ebcb6df5,310e78840b955e3ca6e75eb03f0c66c8
f7fd2f50-9fd9-41c0-8ee6-94c62ac3966d,clinical_delete_target,cell_classification_run,1b96169c-f827-4a55-adb6-15de5ecd51de,7f6d90641726e534828f8fd30f8e83a9,310e78840b955e3ca6e75eb03f0c66c8
f8082499-7ec3-489d-b01d-9ad90cf5b8e4,clinical_delete_target,image_ingestion_batch,19033c16-14c0-403c-9145-dcf97a5ce911,5c753bc7970e0f4baa902ee1ad076e42,310e78840b955e3ca6e75eb03f0c66c8
f80d824d-476f-49a1-8df0-100afebab808,clinical_delete_target,cell_detection_run,c6ffc450-182b-4d59-bf0d-1090bd076903,2538b640d275a2a292d1f01189a5778e,310e78840b955e3ca6e75eb03f0c66c8
f81e5af4-20e7-4c75-bcc3-8ce9e5a032c6,clinical_delete_target,smear_slide,189eb74d-546d-43df-9b50-43b198a4881a,3f4de4b41ebd86690aad5d569169d52a,310e78840b955e3ca6e75eb03f0c66c8
f81fed2f-38d1-46e0-b296-c1f7ff7d7ab3,clinical_delete_target,cell_classification_run,f65d72af-d0e9-4219-886a-20238d512871,0943070307ff1d67a68856391daf67c0,310e78840b955e3ca6e75eb03f0c66c8
f88d4b1c-9503-48b1-8463-7639bc07a743,clinical_delete_target,cell_classification_run,97d8487e-77b0-4d91-a447-8c2c11123197,141bf6f504611c5035f8fc23fa8a2100,310e78840b955e3ca6e75eb03f0c66c8
f921382f-570d-4341-a712-9fbed983751e,clinical_delete_target,image_ingestion_batch,630f97c9-4c22-442d-8d63-b53817eadabd,ec61c6fc531f48957106c79c62a83c65,310e78840b955e3ca6e75eb03f0c66c8
f956f2a7-898d-483c-8391-d14771afa181,clinical_delete_target,cell_classification_run,9372f493-9c91-4b71-aa3b-d5ce7eed881c,bec242c06e9fcbdaee4c56ee73ad5ec6,310e78840b955e3ca6e75eb03f0c66c8
f95f5525-8269-4667-a4c9-97215ab0ecaf,clinical_delete_target,blood_sample,77d4f061-fecf-4b7b-8ab7-068ccb8ba77d,d3a823b4d7c663ea0c9adf631cb30969,310e78840b955e3ca6e75eb03f0c66c8
f9a6c183-4b39-4692-9599-42c929fefe88,clinical_delete_target,cell_detection_run,f4a29ede-288f-42ba-abf0-32395606ffc4,e9c80ec8ce3f67dd541030ee4120d628,310e78840b955e3ca6e75eb03f0c66c8
f9e114f0-5fc6-404c-a0cb-06066b3c2a2d,clinical_delete_target,cell_detection_run,50b0884e-ddde-4252-be9d-058151c986c4,d7678e0af3e082d8c2764992a984e35b,310e78840b955e3ca6e75eb03f0c66c8
fa159cfb-497b-40ac-b304-469c82704c52,clinical_delete_target,image_ingestion_batch,4e4d9eb0-5051-4316-a258-d59d8d774241,43bfb1734fc235ba017ecd459e989a5c,310e78840b955e3ca6e75eb03f0c66c8
fa4fa6cc-3dd9-40b2-a15e-b134f8b1a94b,clinical_delete_target,cell_detection_run,f5668b77-a7c4-4ed2-aade-94bbf92900cf,8de833c67a0033c0c1d18dca5caede2e,310e78840b955e3ca6e75eb03f0c66c8
fa80b3e0-1046-4a11-8eed-2648991d4ec5,clinical_delete_target,cell_detection_run,490887fa-b3af-4136-85dc-8ae66e413acd,b3f39bbbc92975431423ce674c458a84,310e78840b955e3ca6e75eb03f0c66c8
fa99b181-874e-4706-9907-0230e56b2c88,clinical_delete_target,blood_sample,bddffa84-fc73-4401-9a46-c2d780798e7e,72ecc0ea6e3a5a68e83ea26287f1df41,310e78840b955e3ca6e75eb03f0c66c8
fab1f035-1b9f-4ac9-9433-16e940125597,clinical_delete_target,cell_detection_run,2b113263-4ee7-4c87-a4d5-c689a43626bb,0886740f8062169cfa77100d2b3ed003,310e78840b955e3ca6e75eb03f0c66c8
fac9f2f5-771f-4fb4-8f08-f09be0be5493,clinical_delete_target,scientific_case,e90ba8d3-e57b-4e2b-81aa-3ea1e21db40c,d1c46dfb33168599b2bf72d0c01a439d,310e78840b955e3ca6e75eb03f0c66c8
fad89bf8-8f3e-4f9a-b217-c18a547155a7,clinical_delete_target,image_ingestion_batch,7d8a0dd2-05e6-4a5b-916f-53b3f569c77f,848cf260d3caf65eabf79616497404e6,310e78840b955e3ca6e75eb03f0c66c8
faf8c1a7-30df-4bcb-90cd-a7c0876921c9,clinical_delete_target,cell_classification_run,827ca552-01cd-4de1-b053-76481d951da4,e88b07ecbb0852f96b9b58219675b446,310e78840b955e3ca6e75eb03f0c66c8
fb0329fc-cef8-42d5-9eb0-1b3896e22436,clinical_delete_target,scientific_case,78a227b3-0606-47e7-9c70-3e652db8c5aa,5d7e7d92616e4aa3624b81e12ee8bea1,310e78840b955e3ca6e75eb03f0c66c8
fb120f19-4769-42f0-a853-a21fffd32048,clinical_delete_target,cell_detection_run,70a62caf-67c3-44f5-8752-596e9432c4ca,aa0aeb57a77367c34425c5450b1df5b5,310e78840b955e3ca6e75eb03f0c66c8
fbf9b48d-2d89-48eb-9ccb-5c48d04b0a14,clinical_delete_target,quality_assessment_queue_item,0c906972-1413-43e0-bf31-b28b8268d8a1,986cb54a5aa5410f739c3764f2e4c438,310e78840b955e3ca6e75eb03f0c66c8
fc1262d7-eb78-40d4-aca0-ce14b49bde47,clinical_delete_target,blood_sample,5cb7b8ac-0913-4eb2-a364-d5199422adc6,48192f9ae8bbdf334a38fc6d3bc506fe,310e78840b955e3ca6e75eb03f0c66c8
fc3391b1-143d-4ff8-8c93-9f4b84c65727,clinical_delete_target,scientific_case,53fbab85-1503-49da-8863-00ccf718b121,109ec79194214606a35384fde60211b5,310e78840b955e3ca6e75eb03f0c66c8
fc82b683-dc0a-449c-90b0-6c0b59612ebc,clinical_delete_target,quality_assessment_queue_item,696ef07e-2534-408b-a6fb-87641ba28e19,53aea2537bb983a93df0ccc7ecc2acc0,310e78840b955e3ca6e75eb03f0c66c8
fce4ccf7-ca12-436b-834d-6107fc04055f,clinical_delete_target,image_ingestion_batch,14d6e732-d2a6-4e5a-a9e5-89644cead01e,65aed602bcfb12c334323141f86a27a9,310e78840b955e3ca6e75eb03f0c66c8
fd18ebf4-d5dd-4a65-9f1a-248ea16b9c5d,clinical_delete_target,scientific_case,d4a101a2-b1df-4215-b87e-d51e5df67939,a1cc846310166123f1d68662a05ad347,310e78840b955e3ca6e75eb03f0c66c8
fdb6c724-a1bb-44ed-a794-b502b933c828,clinical_delete_target,quality_assessment_queue_item,4d4446ad-3741-4d2d-908e-87a0afa30705,6cf8b0cebdd90730207be3f9db6ec2ff,310e78840b955e3ca6e75eb03f0c66c8
fdbe8d86-ffd8-43f2-8cb2-82533b30cc55,clinical_delete_target,smear_slide,da7e7359-cc5c-4ac4-be4c-7e8a8cab3a98,50df972ed84be484524722f6b296f8a3,310e78840b955e3ca6e75eb03f0c66c8
fe23cace-1fcb-4c3f-a9e8-93a7c01e3c28,clinical_delete_target,cell_detection_run,85d8a71e-e9ed-4062-a036-52e42dd89720,5b1ece28aa66b0ea509075d274e42f30,310e78840b955e3ca6e75eb03f0c66c8
fe30466d-ebde-49b0-b04c-985dc11c35da,clinical_delete_target,cell_classification_run,07eb0de8-af3b-4d75-a2e5-38b05160b6b6,fc16c89222461417f970769883437b5d,310e78840b955e3ca6e75eb03f0c66c8
fe33c2be-f2f3-4c30-9b3e-14785eea92cf,clinical_delete_target,cell_prediction,626901de-6b7b-404b-a069-dac14c6357f6,9aed5367e2325539fd980606ee2fcdff,310e78840b955e3ca6e75eb03f0c66c8
fe5564d2-4d4e-474b-a811-78de5fa20553,clinical_delete_target,image_ingestion_batch,d39f7f46-ec87-4302-9bb4-c2e1801d6fe9,a14ce5a9fd8f52c0afd7674267a4a959,310e78840b955e3ca6e75eb03f0c66c8
fec89dd3-98bb-41ee-83ab-22fe32640710,clinical_delete_target,research_subject,374b8c0a-e3f5-46d4-8790-3e9081671639,42556d728078d9f3afa26045f752063b,310e78840b955e3ca6e75eb03f0c66c8
fed1f72e-b7b1-4556-9254-88af52af3fa2,clinical_delete_target,image_ingestion_batch,cd494b51-f8f5-4572-8aa7-fbec4b44b46f,eed40bd43558bfb77c9623eb1e526cfe,310e78840b955e3ca6e75eb03f0c66c8
ff0f7fa8-3c96-4a6b-a82c-63b9b51aa2ee,clinical_delete_target,smear_slide,14094741-bfed-4957-b49a-d6f658c35c40,aae5c2f37b7bb115012d4b8199a62b00,310e78840b955e3ca6e75eb03f0c66c8
ff474480-651f-4d20-9694-54d3cf92eee3,clinical_delete_target,quality_assessment_queue_item,3d34ed0e-767c-4b91-aa6b-a252b5e10812,9b4fc48a4522dac85764801b8d691385,310e78840b955e3ca6e75eb03f0c66c8
03a4faea-8e35-45f0-aab9-548bf8a435fc,security_preserved,login,,8ae3a9de1c4f44b3cf77dd7ee3eb8168,310e78840b955e3ca6e75eb03f0c66c8
0785114f-a162-496a-86d8-dc91d3b17d07,security_preserved,login,,3ae54c27f89537eabb8fd9c3285ac550,310e78840b955e3ca6e75eb03f0c66c8
07cf5a42-1a94-400a-a899-1256479ee92c,security_preserved,login,,4dec3fedba3be2300c7ebd223b33acb3,310e78840b955e3ca6e75eb03f0c66c8
09b4d62c-ce9e-4d5a-8c0d-699f8053dc49,security_preserved,login,,6c8c694fb9683bc84326ef8a318b147b,310e78840b955e3ca6e75eb03f0c66c8
0afac9e5-61bc-4297-bee6-f24f47616a13,security_preserved,login,,ff8124363985d1234fc6411e1af6eff3,310e78840b955e3ca6e75eb03f0c66c8
0cd51495-4cfd-46f2-a2a5-ee7374bdcf5c,security_preserved,login,,062c089f2fb61574a60bf8d2840535cc,310e78840b955e3ca6e75eb03f0c66c8
0d01c93e-1a7e-480a-a8df-2643827a1d8d,security_preserved,login,,4f081b312dc41827ff54d0b20cca2932,310e78840b955e3ca6e75eb03f0c66c8
0e0021f5-3431-4d2f-ad06-bcf0e3351af4,security_preserved,login,,d37335c813fe28de7449449d30245098,310e78840b955e3ca6e75eb03f0c66c8
0eb5cf73-f0ed-4fa5-950c-6756acd81f4e,security_preserved,login,,648051a4a7ec1e3a570986c17e7f15c0,310e78840b955e3ca6e75eb03f0c66c8
13597db0-afe9-4b86-8bf4-99a3b3b900f8,security_preserved,login,,bce7862eb5e88f84dd390e2bee8c5ca9,310e78840b955e3ca6e75eb03f0c66c8
14ab8cc7-1863-4cb4-9fb8-4e46eae6b1bb,security_preserved,login,,8674a81549d29c399af11d31bb6707d9,310e78840b955e3ca6e75eb03f0c66c8
18841c73-2d7a-4b86-a987-5ae0c1094693,security_preserved,login,,e3e705e4ecef508684491e2820a021c9,310e78840b955e3ca6e75eb03f0c66c8
1bd2a7c6-a6df-4096-9c6c-a68b3fd3f3af,security_preserved,login,,784928ea3365826643044a1a14ec35f1,310e78840b955e3ca6e75eb03f0c66c8
1c836742-0c0b-49f6-910d-1bc64d1fd57c,security_preserved,login,,795f74aeb3f8cd5cb376c9316ee99072,310e78840b955e3ca6e75eb03f0c66c8
1cc98028-a561-40a0-9833-632364c2c68a,security_preserved,login,,527368303639ce8cfa945b89b903654f,310e78840b955e3ca6e75eb03f0c66c8
203089f3-1046-4a42-89ee-e9e70fdb2e81,security_preserved,login,,5676a711aa75f2f466bfe9d5f70d8b96,310e78840b955e3ca6e75eb03f0c66c8
203e88e8-f41f-4822-982b-b5f717f531e3,security_preserved,login,,396fe3b14751675bf887371e3e40e27a,310e78840b955e3ca6e75eb03f0c66c8
230d9856-8ad0-46ee-8d45-28e999bab98c,security_preserved,login,,47b073a86a16c849836dcdecf998b493,310e78840b955e3ca6e75eb03f0c66c8
237ac725-ab98-4847-9d02-42233ade31d2,security_preserved,login,,1cca49197f24f06c85bafaf6ca0082a5,310e78840b955e3ca6e75eb03f0c66c8
24ba72a4-39dd-4f83-b08b-8e496c23d2a0,security_preserved,login,,42e645174a6065bdbf3fb1347a4900db,310e78840b955e3ca6e75eb03f0c66c8
283e41fd-a2cf-4393-acde-7a7dd4b268dc,security_preserved,login,,07d4ead3efa8a52ddb171259dd835221,310e78840b955e3ca6e75eb03f0c66c8
2862085d-5b77-470b-80b3-2805d65c1e5e,security_preserved,login,,61459680a8fe20ef4c35b65318da9e79,310e78840b955e3ca6e75eb03f0c66c8
290a8eed-2273-400c-8b20-c5cc36f09862,security_preserved,login,,48ba6bebade9ac2a490697ab3fd8f584,310e78840b955e3ca6e75eb03f0c66c8
2a1f7f49-d6a1-4ad9-b9dc-095cefde8511,security_preserved,login,,dbbaf4122653696e76ec1af6cfefc077,310e78840b955e3ca6e75eb03f0c66c8
2a8b2bab-d112-4507-933b-81e7798c1fe8,security_preserved,login,,f8600539124090b77ed8c8ce923d7843,310e78840b955e3ca6e75eb03f0c66c8
2ab501dd-f910-4583-8a89-18aa2fb9fd5e,security_preserved,login,,05e7bec8280e771608a5f3ce759d0152,310e78840b955e3ca6e75eb03f0c66c8
31835819-37cd-4f6c-ac71-c2e3844e3e35,security_preserved,login,,98f54884e416f53d6ad8e788fb79578f,310e78840b955e3ca6e75eb03f0c66c8
335b0a59-5088-4467-88c6-cabcbb97b21a,security_preserved,login,,e96d4d430602ff37af81eb02db5f5272,310e78840b955e3ca6e75eb03f0c66c8
33f3e173-aee7-46de-ac46-bfe9e76f21b3,security_preserved,login,,728c7b5522c965c084c0432b2715fb31,310e78840b955e3ca6e75eb03f0c66c8
34448345-04b6-4c72-8b2a-107009b8bd61,security_preserved,login,,6dc92cdda3053900c7a2ac2b6adb56ee,310e78840b955e3ca6e75eb03f0c66c8
391b2ee5-eea3-48d3-9fe9-19e54512c05b,security_preserved,login,,3884ef13df4e04e8c29a7e43fa6e9e7c,310e78840b955e3ca6e75eb03f0c66c8
3a1bb454-6ae7-44ab-9e04-2b86d53a0b05,security_preserved,login,,9c6017fcbc5cc943565c389f860df411,310e78840b955e3ca6e75eb03f0c66c8
3bb8a5ec-5359-4589-a06f-ef822f25ae45,security_preserved,login,,744fe3235ef00bb53851137e9a07089a,310e78840b955e3ca6e75eb03f0c66c8
3c60a3b6-d9e2-426d-ab8a-108fb34d879b,security_preserved,login,,5b74e6b6a9a9a838b9b4feb1fd33182a,310e78840b955e3ca6e75eb03f0c66c8
3d0fd1c2-9e81-4103-87fd-eb3095f21f5f,security_preserved,login,,77314655ae4e00fc69e9191827a3b1e7,310e78840b955e3ca6e75eb03f0c66c8
3e069a37-8af6-4e8d-b6ce-879d1a9ed111,security_preserved,login,,54d261a24c0680aa027749e374801edf,310e78840b955e3ca6e75eb03f0c66c8
422b5a51-5305-486b-bfc7-5c99171b4e76,security_preserved,login,,aef21b3b400e0ff75ab5415587335b65,310e78840b955e3ca6e75eb03f0c66c8
4a799230-4cf3-4854-a7ee-01626a45446e,security_preserved,login,,4878d72808b36990450fe61716e7b556,310e78840b955e3ca6e75eb03f0c66c8
4d4b64a1-ccba-49d8-9864-b7a1cc02ceb0,security_preserved,login,,ded45ccc362c724ee00e3c90754c38a2,310e78840b955e3ca6e75eb03f0c66c8
506f7f8c-5787-4ecc-9ed9-336efa3084a8,security_preserved,login,,6a1ee27e45aa899f0f385f950afa0b66,310e78840b955e3ca6e75eb03f0c66c8
51217014-4453-4ab5-99a5-952411da6960,security_preserved,login,,40c8055fd42e59af99517fd3daaecad5,310e78840b955e3ca6e75eb03f0c66c8
523b3928-383d-4378-a69d-09f3163adbff,security_preserved,login,,4d6de83704a2485f2fd95399d062ec54,310e78840b955e3ca6e75eb03f0c66c8
53088684-b6e8-4780-8f37-4ed182b0fc7a,security_preserved,login,,e0cffc57e15f134e2073db0bace3236c,310e78840b955e3ca6e75eb03f0c66c8
5395d40a-a554-4f65-8290-28afbdf4f450,security_preserved,login,,386741b23e90288f2182d2e355a1b46e,310e78840b955e3ca6e75eb03f0c66c8
57837bbd-a1d4-4284-b9df-ae34adf7ace3,security_preserved,login,,fc100736cb68ee9b3375255749773668,310e78840b955e3ca6e75eb03f0c66c8
58112fad-ba29-490d-9ecf-c07b9b736746,security_preserved,login,,f1252d51ab28b2d2bdfce213e70aa79a,310e78840b955e3ca6e75eb03f0c66c8
5ad2793e-29c4-4410-b3c8-83611a2977ef,security_preserved,login,,869c5d81a0bfdfe61e8dbf86fcd40dbd,310e78840b955e3ca6e75eb03f0c66c8
5eec3d0c-2587-4bbc-8c86-a546f12f7afe,security_preserved,login,,1e495054d6bdd1f1b7b106e3338a2a7e,310e78840b955e3ca6e75eb03f0c66c8
607440b9-1ee7-4500-8ef7-1092ca49592e,security_preserved,login,,1924f033fa7b3c62f505ed3edd0d7329,310e78840b955e3ca6e75eb03f0c66c8
60bc7042-b612-416b-a549-35e347172dd6,security_preserved,login,,108d0ffa6a5648ba73ea5f385eb30eaf,310e78840b955e3ca6e75eb03f0c66c8
612fd421-9aee-498f-9f26-aae971005ea4,security_preserved,login,,d769308f359058baf4a40c972b2cb269,310e78840b955e3ca6e75eb03f0c66c8
63ef2277-3760-4063-ae3f-d047aeab532e,security_preserved,login,,349f68e9601e1d51485d416677acb1a2,310e78840b955e3ca6e75eb03f0c66c8
659efa24-ebf3-4a8b-939d-882ec803144c,security_preserved,login,,99c61635ff624f57386d4a2680e80dd9,310e78840b955e3ca6e75eb03f0c66c8
66ba6ea2-8e26-4d4e-ae53-198d22ec14c0,security_preserved,login,,5212ea5375c2cb6473efcd42a7efac03,310e78840b955e3ca6e75eb03f0c66c8
678025cc-af39-4ff0-acf3-e83ce645795a,security_preserved,login,,a30d9342b84960128d736e15e91a7d58,310e78840b955e3ca6e75eb03f0c66c8
6b1cb94c-538a-4869-95e3-4d90d446b9a0,security_preserved,login,,90569261ec5cf202b068d30ddfbdb1af,310e78840b955e3ca6e75eb03f0c66c8
6c0b3cf2-d9e3-4c12-87f3-cd7f6f7df01f,security_preserved,login,,8eca34153a4dcf0b12d1d4162e037509,310e78840b955e3ca6e75eb03f0c66c8
6ea35c94-e14e-4eae-b3c7-2505790e6e75,security_preserved,login,,ff3ea6a809f1c61bdb1263304fbce338,310e78840b955e3ca6e75eb03f0c66c8
6ffca3b7-8795-4f83-ac7c-7726765e6336,security_preserved,login,,0f77f1e141bdca7a2a18fbb21c49aff1,310e78840b955e3ca6e75eb03f0c66c8
73db5b3d-6a50-4437-8d4c-40f66be180de,security_preserved,login,,fc101b7b575ff718d5d2d2e52d58b761,310e78840b955e3ca6e75eb03f0c66c8
7671df11-5b54-4441-9b54-0941bdd4dce6,security_preserved,login,,8809209a802c3472b4f5cae8d5439f92,310e78840b955e3ca6e75eb03f0c66c8
7685ef2d-6b18-4862-8150-4be564a13f55,security_preserved,login,,5c2a433ff1194b531148f087b3680742,310e78840b955e3ca6e75eb03f0c66c8
7773078e-3fa9-46aa-8bd6-9e38d5f01b24,security_preserved,login,,1fc312559717bd4f8cb762d5e4c9afd1,310e78840b955e3ca6e75eb03f0c66c8
7805591a-c4bf-404e-a4ef-89b5083350a0,security_preserved,login,,2c29206c814b10fd10ee3c821a86a745,310e78840b955e3ca6e75eb03f0c66c8
78f527af-9307-412d-a306-5dd8338d9dbb,security_preserved,login,,82b6a78ee73abb9fbe946b47f8743ca3,310e78840b955e3ca6e75eb03f0c66c8
7a054f04-2833-4ee0-b3be-26cf3c577832,security_preserved,login,,027875fb45ba15b3680fedf07d4ade22,310e78840b955e3ca6e75eb03f0c66c8
7aa96283-36bc-4e9d-9082-c9381493cb09,security_preserved,login,,a8f2e38fca104d33a01ad240ed5cee05,310e78840b955e3ca6e75eb03f0c66c8
7e249b63-45f5-4b19-8bfe-560dadfefcf3,security_preserved,login,,a898f1c4bd0b88922efe6e54c3c8ffb7,310e78840b955e3ca6e75eb03f0c66c8
8011ecc8-7e80-4284-8d12-8cfc6c1a083b,security_preserved,login,,e83d8e97a3d25f2eb8a7871dad90c6dc,310e78840b955e3ca6e75eb03f0c66c8
851efb00-488c-4b6f-b585-b27888774570,security_preserved,login,,78d739d0a2ab1cd7e6ca90bc07795127,310e78840b955e3ca6e75eb03f0c66c8
8add8661-dd6c-4d18-8417-813d6ba1611a,security_preserved,login,,4f90a48d854faed9d885cd816b2e763e,310e78840b955e3ca6e75eb03f0c66c8
8f6e9215-c7ad-4d6d-915b-dcc2f45218d7,security_preserved,login,,eb4912ca8fba3bef2e594b64d8fa6e20,310e78840b955e3ca6e75eb03f0c66c8
910c2e28-40f0-492b-9493-80c814d8f748,security_preserved,login,,2ffcb1959da5fe6f6837e2f87a46904b,310e78840b955e3ca6e75eb03f0c66c8
91b38956-376a-4cc4-93f9-f4ac0427c447,security_preserved,login,,e37835332e0e2020b84d335e140c9a4a,310e78840b955e3ca6e75eb03f0c66c8
91fb0fa5-338b-440f-9d61-3c5e741fb38e,security_preserved,login,,5f4c7dbd1714a08748f8f6d526dbf745,310e78840b955e3ca6e75eb03f0c66c8
94c5c529-7885-44dd-b09f-b68aa8043988,security_preserved,login,,f4079ac65d818fd5dd1b6ee360654505,310e78840b955e3ca6e75eb03f0c66c8
966414ef-4c07-40c5-b4aa-3b4ce6519745,security_preserved,login,,2a202bd4174bd3b215b339d379eab65a,310e78840b955e3ca6e75eb03f0c66c8
972336ac-9fd1-4970-af77-4d7ee54d7d5f,security_preserved,login,,963949ceca125fbc66ae9dcabe7df6a9,310e78840b955e3ca6e75eb03f0c66c8
99b051a8-e4e7-4d4c-a61b-b9db81b6cc08,security_preserved,login,,51bb8c9d0269dbb752b8a6e95b7cee79,310e78840b955e3ca6e75eb03f0c66c8
9a58872f-5d3a-41ba-8b6b-8a85234e0847,security_preserved,login,,ea5778db1cf3244ad7899bdc51591371,310e78840b955e3ca6e75eb03f0c66c8
9ba98e36-aee9-4540-9546-3096e04138cb,security_preserved,login,,49d2f93b588f981e21c84bc86a311750,310e78840b955e3ca6e75eb03f0c66c8
9d49fe4d-e72a-478b-b42e-9f133ace224e,security_preserved,login,,1e69ca884e575e07614e388179e78d6f,310e78840b955e3ca6e75eb03f0c66c8
a2270b79-6fa8-474a-af24-576eb3d3d3a7,security_preserved,login,,12fb1bcea6ce3cf96129cd9cd1ec8e82,310e78840b955e3ca6e75eb03f0c66c8
a38f3cc0-6b27-45cd-a99c-6b1ac6635579,security_preserved,login,,a6017f358ba9d713c1da58fd7bd45302,310e78840b955e3ca6e75eb03f0c66c8
ab88afe2-c076-44bc-abf0-ae0a22d11379,security_preserved,login,,c009d43baee5c79cf97c6489641a0858,310e78840b955e3ca6e75eb03f0c66c8
b037588b-2d8a-4ce4-9a02-a6eba8c22a17,security_preserved,login,,7c395f99cfb71140581e432a3dc9bcda,310e78840b955e3ca6e75eb03f0c66c8
b46d69d0-5890-4f2b-80c1-c428028c254b,security_preserved,login,,219c0a2cef8d48b5d88abf8b4e3ff9ed,310e78840b955e3ca6e75eb03f0c66c8
ba20097c-3f52-4751-9564-b8e3d3035e18,security_preserved,login,,80b7be34d7a688870d028bc3dd3b535d,310e78840b955e3ca6e75eb03f0c66c8
ba58cb15-57e4-4c8a-a48e-862c0a9317f8,security_preserved,login,,345d097d2690ec7c243eb9517eb725eb,310e78840b955e3ca6e75eb03f0c66c8
bb0142e0-b9ed-4fbe-a3d3-917178194884,security_preserved,login,,b531428774e6e30517a4c945f6b3ea8f,310e78840b955e3ca6e75eb03f0c66c8
bbaeafa9-ba92-4393-922a-3cdadbdc066a,security_preserved,login,,b336de3cf1ecc1eefa8e144c54b72e40,310e78840b955e3ca6e75eb03f0c66c8
be291de6-bec7-4be5-b0c0-e16f5ea575d0,security_preserved,login,,97f41af6f2df48da90f23b6c757ab438,310e78840b955e3ca6e75eb03f0c66c8
be392f3d-63b4-469a-85b2-b27c987b8b08,security_preserved,login,,daeca061217c9080bdbc5cd002e9815b,310e78840b955e3ca6e75eb03f0c66c8
bfdb68e2-ba56-4ef9-b38e-ea20ede1a673,security_preserved,login,,1b82ad85f1dd07c1c941836571f8ec3d,310e78840b955e3ca6e75eb03f0c66c8
c103ba54-d0fc-4fc3-92cd-d34ba8b1d7d9,security_preserved,login,,b9a1eac6e6bd29b484a0c0bde3123625,310e78840b955e3ca6e75eb03f0c66c8
c2fa17f7-597a-452e-91a1-52785a7ff013,security_preserved,login,,ada18f379826954392ed53acc0a27b0d,310e78840b955e3ca6e75eb03f0c66c8
caa1e6a9-f82e-443a-8246-2c8b796b2ac4,security_preserved,login,,4f60dbcca73ae83f2ef2c652654e930d,310e78840b955e3ca6e75eb03f0c66c8
caee6e1e-86c4-49ec-a662-9bc809187260,security_preserved,login,,86f5d0346fd48b6e7c8da27904388118,310e78840b955e3ca6e75eb03f0c66c8
cb0dcc52-1257-499e-bc76-d24bbb0f9bb2,security_preserved,login,,36bbafe0256b85c97c92a5717cfe3d54,310e78840b955e3ca6e75eb03f0c66c8
cd4b8585-c47a-4f56-8aa6-9f5d49b87cf1,security_preserved,login,,a0429b816dadd2dfd96370d707f22983,310e78840b955e3ca6e75eb03f0c66c8
cf61195e-e16d-4a11-898c-eb639db0a4cc,security_preserved,login,,6e970eaa830d35963eedc39b868feb60,310e78840b955e3ca6e75eb03f0c66c8
d29e4887-60ed-4d59-b606-de9ba0dec8df,security_preserved,login,,693e3e55fc05dd7d9036b074bcd03caf,310e78840b955e3ca6e75eb03f0c66c8
d34138f3-4f40-40c5-9120-d2fe962035d6,security_preserved,login,,267293d3cb7a2f7ce13a073a4018934f,310e78840b955e3ca6e75eb03f0c66c8
d3ace556-0e9e-49b2-b48a-534e0b1e16d3,security_preserved,login,,308e216bca78c0cea74c085d246901de,310e78840b955e3ca6e75eb03f0c66c8
d5732d0b-f75f-4073-8ea4-9a08796d8b90,security_preserved,login,,ed5be0880f60d75296178eab99396835,310e78840b955e3ca6e75eb03f0c66c8
d7c81ef5-2369-4110-ba9c-7d6ce69cab76,security_preserved,login,,29400fd75519fa0609710a206d6e9800,310e78840b955e3ca6e75eb03f0c66c8
d9fd9f1b-5174-4644-80bd-2ac1c43ae87f,security_preserved,login,,3eb8d0e3b9493db373d2ab6a66a52518,310e78840b955e3ca6e75eb03f0c66c8
db64d6d3-db96-4819-90b6-9e79da24b1b0,security_preserved,login,,33f45d979e83dcbfd401d8d42039b539,310e78840b955e3ca6e75eb03f0c66c8
de2ced99-68d2-482a-828b-806b40da5cf9,security_preserved,login,,19dd39fa502330e483a8e0970294020d,310e78840b955e3ca6e75eb03f0c66c8
e0d2b7eb-ed51-4461-8eac-64977d5276c8,security_preserved,login,,1e206041fe9d5c4d1362371e2d77e06b,310e78840b955e3ca6e75eb03f0c66c8
e38cd8d1-30f4-45ab-b0a5-2bbe7ae5249f,security_preserved,login,,da04cb3d7d54f62207c660b756ebb44a,310e78840b955e3ca6e75eb03f0c66c8
e7307e4b-4eed-47fa-94e2-4e274e9673a2,security_preserved,login,,284d75e13e77995539c7a0c4299fd993,310e78840b955e3ca6e75eb03f0c66c8
e87abfb2-92a1-4245-80de-2ef51592642a,security_preserved,login,,fb5552261b7595171ecad5f7213ba32b,310e78840b955e3ca6e75eb03f0c66c8
e8b8f4ce-d139-46be-b3b4-e66a5ea59460,security_preserved,login,,d0cea88575b7f72be44071a70e07ea74,310e78840b955e3ca6e75eb03f0c66c8
e99a9a5d-fab2-4f9c-9259-a7148dc88ea7,security_preserved,login,,d4051d685c9296c42f545a6d9009dae6,310e78840b955e3ca6e75eb03f0c66c8
eb427f8e-87dc-4742-b8fe-dead1e63762d,security_preserved,login,,2c4662902237f5f02507f625b86444f9,310e78840b955e3ca6e75eb03f0c66c8
f205d537-1c11-4fe3-a2fb-b4241fc6e748,security_preserved,login,,99bba200e8be50c7c396dc98931e74ab,310e78840b955e3ca6e75eb03f0c66c8
f21c2daa-1ce7-4f34-b825-231ab99fc763,security_preserved,login,,8cedfebda358d3ffa3bf15fb16367e6c,310e78840b955e3ca6e75eb03f0c66c8
f434219b-50ee-4eb4-82df-1767b69c579f,security_preserved,login,,fcee95f1e908deffba31a14f0910ddc0,310e78840b955e3ca6e75eb03f0c66c8
fb20fb16-b8fb-40da-8758-c7e8d13b0aab,security_preserved,login,,e321bb9bb88ba1677f01e5c30428ef41,310e78840b955e3ca6e75eb03f0c66c8
fbd57878-bc88-4f7a-a616-e609d41cf7fd,security_preserved,login,,1a8fc2159eff335919e9cc5d4a329523,310e78840b955e3ca6e75eb03f0c66c8
fccbf2ff-3e81-46be-81b8-0de9633b155c,security_preserved,login,,f9dad496724bf7a4a1680116c0177ca9,310e78840b955e3ca6e75eb03f0c66c8
532dca08-7d7b-487c-b18c-153a5c723ed7,unrelated_preserved,f9146d18-9e13-4837-9279-d327f4e8fd37,f9146d18-9e13-4837-9279-d327f4e8fd37,6f8df7d0ed8ac0d9f216fe15c23e12db,310e78840b955e3ca6e75eb03f0c66c8
5d40f296-9782-4329-99f6-97d532c30dee,unrelated_preserved,14ef08a9-57ce-4e27-bfc3-3831fd8bce6c,14ef08a9-57ce-4e27-bfc3-3831fd8bce6c,06c47917ac205df051ca42db52759911,310e78840b955e3ca6e75eb03f0c66c8
844b1b0a-3274-48ab-ba95-2c7d97f44f8e,unrelated_preserved,14ef08a9-57ce-4e27-bfc3-3831fd8bce6c,14ef08a9-57ce-4e27-bfc3-3831fd8bce6c,d99523f7918ed9bb8fe44a91d2c4f97d,310e78840b955e3ca6e75eb03f0c66c8
8c282378-f551-4db0-99f4-61aa1d54026e,unrelated_preserved,172b7031-9f79-44e3-a7ad-2dc10a9ffd08,172b7031-9f79-44e3-a7ad-2dc10a9ffd08,3bfe709891c311feb90372fe8a0616f7,310e78840b955e3ca6e75eb03f0c66c8
