source_table,record_id,storage_column,storage_key,expected_size,expected_sha256,clinical_entity_type
cell_crops,00001d45-7137-4f9e-bbe7-84ada5a3c9e2,relative_storage_key,cell-crops/211b65b9-8b1b-4bc9-bf8e-2572a00a3ecd/85d8a71e-e9ed-4062-a036-52e42dd89720/83b0bdb6-4441-49e8-b6a7-4de634e8d548/3676e12b-c26c-4b12-af22-67183a2b63cc/crop.png,2448,a9925be47ab62c40a428a614e9d7f5382629401751a17739bce2a0578358925a,cell_crops
cell_crops,00215ad8-fedb-4930-a4af-13b4bcc650de,relative_storage_key,cell-crops/7fd7ef40-bc9c-40d1-9e62-62bf0850c6b3/f6e252a5-7924-4e5c-bc63-8b711db60ba0/8a0187a3-03f0-45bd-ac3c-6e47c7999f03/fce810b3-830b-4bd5-a83e-3a8ce6e8f9c7/crop.png,2587,1112683faf466feda3e01d328cd17c3932a891f3cfc36eeb6a7812cdcd02b9fe,cell_crops
cell_crops,0026ca2d-43df-41e5-bb98-a680529625db,relative_storage_key,cell-crops/121a69bf-ba23-4014-892b-158b9c2b71a4/aa1323a6-7f80-4e1e-819a-ec182f045f3d/97fb12a0-df7f-455f-8e13-e0383ad3934d/a49d9895-13a2-42eb-8fa1-d6f2630fffe1/crop.png,2848,e82a5b31cbc2d01051c138412b74275e3dc504e59cdab2670b4100fb49079c43,cell_crops
cell_crops,002e4fef-fb9d-4531-a28d-8763a422a103,relative_storage_key,cell-crops/e11b10f7-d1c3-4d6a-9e69-a4b6bc1abc46/1db1a505-3eaf-456d-b123-7b9f8ee77762/339d62a6-0363-472b-b2e3-4a7befd2c42f/37c1569c-8d76-4bd4-b952-41c89bee2784/crop.png,1496,addacc5bd7019792f61e92909ff58d07b8dc162784a8c26763d5713577bc3139,cell_crops
cell_crops,0039a9dd-5d56-41ba-96a0-075dcbe4bf36,relative_storage_key,cell-crops/b0a5839c-3668-4411-b590-cc1d8fed470e/bf423fe1-2fc5-4662-9eda-ff1496c1bba9/c2a6cffd-18de-474e-ba04-2bf65b0f4f8c/ff80061b-d2b3-4bec-adc3-53eb987881db/crop.png,2827,f70db13e40dec542b387b3b327a1a5326715b1065740002a81a2a331e753977e,cell_crops
cell_crops,00603a84-ac2f-4373-a108-4f65e435e652,relative_storage_key,cell-crops/b0a5839c-3668-4411-b590-cc1d8fed470e/bf423fe1-2fc5-4662-9eda-ff1496c1bba9/c2a6cffd-18de-474e-ba04-2bf65b0f4f8c/2e523cf3-da4b-48a0-9cf5-1f0f49b468c5/crop.png,2239,35aee4c778b384717b9591421428a8b532d5a0616c7f2c899b3a0939e1a86caf,cell_crops
cell_crops,00c0a3e9-c9bb-4ad7-92e7-2f511eca0694,relative_storage_key,cell-crops/c9a6b7af-881f-47da-980a-1a2c2b743a1c/03505d0f-434b-48ac-ae42-76750f4fbc1a/a0889d56-1430-4a7f-b67c-e21291ac9ed7/7e5a3022-9024-489b-97fa-e143a5ab130f/crop.png,1676,81378901c838b163afc0499d481bdf86929409e8401d7e95b889cc2173fe458d,cell_crops
cell_crops,00c85393-d528-4d64-abf0-a6ead9f3898d,relative_storage_key,cell-crops/7ef7cff8-899e-428e-b89a-36803c0575b3/04bafb48-259f-4626-82fb-a3359ee3160b/26ddb17b-1b89-4301-8f40-011ccf0f40dc/8d57b311-8743-499f-ae4c-4ace702c376a/crop.png,15550,9d45766fcd1fd2bd876022ef346d390d0df1080c3ec9fb59887ec73c138e73a1,cell_crops
cell_crops,00cd9ea6-4ff6-45b7-8610-b110e777897d,relative_storage_key,cell-crops/7fd7ef40-bc9c-40d1-9e62-62bf0850c6b3/f6e252a5-7924-4e5c-bc63-8b711db60ba0/8a0187a3-03f0-45bd-ac3c-6e47c7999f03/ffcd85c2-9986-4823-b411-c4e27ddec862/crop.png,7900,50fd37eb4d1eb716431b4bc8a5a24602aec03c75ee559771035c8d3e1767a7fa,cell_crops
cell_crops,00e69c7b-6465-4da8-b202-4b4106fb18f6,relative_storage_key,cell-crops/7ef7cff8-899e-428e-b89a-36803c0575b3/04bafb48-259f-4626-82fb-a3359ee3160b/00b8d663-89b1-4dfe-8f8f-9a01bca4688b/c70b7667-bf35-4794-9a13-148b04a675c7/crop.png,3458,9db4d50710c06a70653e9f52f424aaee75b1e9d9b3396d8f380763585a8b998d,cell_crops
cell_crops,01378c3c-272b-47dd-9ba8-ae42c49bccdd,relative_storage_key,cell-crops/9696ad8c-6c01-439f-afa5-29d7f5234348/c6ffc450-182b-4d59-bf0d-1090bd076903/dd3b1716-0bb9-4523-9fa9-61bc274925d8/80fb40f6-9555-453d-81a1-f1b0ba3d47d7/crop.png,4209,383b8a38b7b62897574197b8ab7b02c88ce6dc24f9a8ca92bcb697e61244fcb6,cell_crops
cell_crops,01797ad0-c95e-4cc3-a7b1-5e72425d26dc,relative_storage_key,cell-crops/ae68a99c-11f7-457a-88f8-3cef9a144958/618af6de-bfab-495e-8634-e484d620ee21/650c7580-8b2e-4bc4-88e8-bf03c5bb423d/9c9098f5-1e92-47c6-ba05-4d124599046e/crop.png,1784,d021c6a3e0fbd630f8a7312a74f64341b4fd8f7b9f3e1701c098e0d861e40a90,cell_crops
cell_crops,018b8591-b1ce-45f4-b836-fbab64babfa0,relative_storage_key,cell-crops/4383bcb6-1595-4b3c-9c6f-ced12863a762/f6d15c09-591e-4808-aff5-02f7c8c4d239/25a1a8fb-90d3-4cfb-b43b-20ee3b4b7788/46998939-bdd4-4c95-8d30-779321820204/crop.png,2449,5bf790956b2906ed7807a6f5573a4ae5deb7ebad5700f94b312b278c8c8d35a4,cell_crops
cell_crops,0196ce3a-e636-4992-bfe5-74591d483cd4,relative_storage_key,cell-crops/7ef7cff8-899e-428e-b89a-36803c0575b3/04bafb48-259f-4626-82fb-a3359ee3160b/849d1772-b3d7-402e-82b3-2942cd77a889/3a0c8e57-1f5a-4c4a-aba7-d26e87ce665e/crop.png,22929,3d5b661a9b0821b7bcbc546901d4334909862d7a35e580c4d7c49e0f260ddc06,cell_crops
cell_crops,01d2503f-f572-4a92-b99a-99b0c54242c2,relative_storage_key,cell-crops/4e1ca921-c5c6-4d89-b035-2d7dd99040d5/b9f975b3-7cd8-4b9a-a2cc-1bd9a76d924c/dc6df3c3-f03e-4261-bd4c-a2df5e0f0d88/a2d12ade-ebcf-4d29-8f4a-cecb08381c03/crop.png,2926,fac82cfd964089569f18d62b9ff80d21bbedb01106906825089eea79f824dd19,cell_crops
cell_crops,0207ffa2-71d9-4ce3-92f2-b93c5d60417d,relative_storage_key,cell-crops/c9a6b7af-881f-47da-980a-1a2c2b743a1c/03505d0f-434b-48ac-ae42-76750f4fbc1a/a0889d56-1430-4a7f-b67c-e21291ac9ed7/9024a0e0-aff4-45e4-a9d3-32214d69768b/crop.png,1766,b0c67f529ead3043da1082e1ceeba92a8fe41a9b252e09a15c894ede04226f73,cell_crops
cell_crops,0221bcf1-5d86-4fc8-8c19-ebf5fdf51a5d,relative_storage_key,cell-crops/e11b10f7-d1c3-4d6a-9e69-a4b6bc1abc46/1db1a505-3eaf-456d-b123-7b9f8ee77762/339d62a6-0363-472b-b2e3-4a7befd2c42f/4878b507-d904-4ae7-9853-56633e462e15/crop.png,5060,6e8262605a5c203d11cfd9f83052c5f953c05823ee2bd24cb658a582e64c1c67,cell_crops
cell_crops,0223991d-0663-4559-b4fc-e2a2ecdec769,relative_storage_key,cell-crops/7a11c0f4-a9d7-4446-a5f2-437ffc334a6c/0ff18f89-6fbd-4755-8e89-15227de46f41/3dca4192-f767-48f3-a7e8-59e22d9db3f9/e91f8102-a11e-4a79-a8fc-9d2bafe2cad3/crop.png,4384,820c686c603a7142f3f1bdfd13fbceecde25724750d24dff4de620cf7f79f674,cell_crops
cell_crops,022563e6-1ee8-4dc5-875c-3456880f5a9a,relative_storage_key,cell-crops/7ef7cff8-899e-428e-b89a-36803c0575b3/04bafb48-259f-4626-82fb-a3359ee3160b/26ddb17b-1b89-4301-8f40-011ccf0f40dc/f41d9eb8-fab8-464e-a3ec-c86eddbb09f7/crop.png,6224,01ae2a246bff47e04b4bfe981a60e9ae353d1fd44a14d1457a8ae631d0adef18,cell_crops
cell_crops,0246639b-583f-4a92-80b2-2160f41247e9,relative_storage_key,cell-crops/211b65b9-8b1b-4bc9-bf8e-2572a00a3ecd/85d8a71e-e9ed-4062-a036-52e42dd89720/83b0bdb6-4441-49e8-b6a7-4de634e8d548/f69b3751-248a-4049-9e02-f3ba30348c38/crop.png,847,bbe0abadea0e8bd4b9b8380b5230e33e444ad2977daa83577e7ad9b986e8c7a9,cell_crops
cell_crops,0277c14a-1174-49ec-a997-cc73b0874879,relative_storage_key,cell-crops/d28e9146-5ad9-4df7-8af4-1b8901780c2b/f196b05e-1e21-41c5-8292-1c802004009a/6948fa72-3ff5-45bb-beb5-8ae3bba8b6d6/9ee3ccf6-5e07-402b-b2f1-b245dc25070f/crop.png,4033,973623b604220b1b71791b1b3488d0e0748ed91130ba48f1fdfc34280aed899c,cell_crops
cell_crops,02a6cedc-0fac-40a5-9ed7-3575286dec7c,relative_storage_key,cell-crops/c9a6b7af-881f-47da-980a-1a2c2b743a1c/03505d0f-434b-48ac-ae42-76750f4fbc1a/a0889d56-1430-4a7f-b67c-e21291ac9ed7/d8e608cb-5ca7-4791-b218-dbc8bf17d595/crop.png,2189,6f6a721b893da527db4bc502906cdb27d91634f9a7fb8a2821569c8c18dc6301,cell_crops
cell_crops,02afb659-b787-4474-b1a0-96ad7879ad5d,relative_storage_key,cell-crops/8122e340-548f-40df-9dd4-ed43859605ff/ed18ce4e-6fb0-4f1f-b313-c9d76617210c/8cb2cae1-c3e1-487c-a274-4385f339dded/0d79b085-3c33-434f-b7a1-1c1a6395af35/crop.png,5184,2247706d821c0e8a906b9e370d752e0f05a76558db6604256deeef1c36fa1301,cell_crops
cell_crops,02f4158f-1e6d-468f-b8a6-2391b2edff4f,relative_storage_key,cell-crops/93807208-985b-4d70-bb43-c7843db4141d/f4a29ede-288f-42ba-abf0-32395606ffc4/8d3b080d-2f56-4175-b76a-dc309555e9de/43c106ef-c829-4f35-9161-81d3d59e7fb2/crop.png,6941,8c0ee242c713d7f7af9e7bcfb53eec04a36ced11a51f65f4e84b3f048ea35465,cell_crops
cell_crops,037723c4-b61e-4f90-a27c-c97c1f69b385,relative_storage_key,cell-crops/07c71166-93b3-415e-b764-6ca7344238f6/151ee7ee-b609-4e6b-985c-04af59a85470/9c45439d-fd87-46c3-944a-439ab92cbf89/29fed5eb-fe9a-4b30-8efc-9d145ac62942/crop.png,3196,1753e552c0767f62010ed95f1d9c4eb8cef8c57a0d4af3076891546eaea5973a,cell_crops
cell_crops,038d7b57-bdf6-4579-a624-36235052c7a6,relative_storage_key,cell-crops/ba5fc281-07c1-46ca-8091-0c13e6753aa4/d33fb4ff-3366-4fff-9806-8ab03314dbd1/18b27447-aed7-42fa-9142-4bab96366973/6f4f165f-c299-4ebb-8fad-aecf8d748c2c/crop.png,5118,094c6522b478ab1637b65dea939a5b26cc14728658e19af05015ddb910d8b90f,cell_crops
cell_crops,03ed63bd-0f2c-47cc-bce1-b70a6717de2b,relative_storage_key,cell-crops/07c71166-93b3-415e-b764-6ca7344238f6/151ee7ee-b609-4e6b-985c-04af59a85470/9c45439d-fd87-46c3-944a-439ab92cbf89/bf0fe304-9644-457d-b069-9129a6cd127b/crop.png,2945,f94efa8115ce48f5df45151641ce83c42bca03b735a47162286561dbc412ee3b,cell_crops
cell_crops,03f81025-c7d8-46ac-9baa-53bb769218fc,relative_storage_key,cell-crops/ae68a99c-11f7-457a-88f8-3cef9a144958/618af6de-bfab-495e-8634-e484d620ee21/650c7580-8b2e-4bc4-88e8-bf03c5bb423d/7820ec56-0f2c-48db-af41-e032f2f0b93f/crop.png,5267,af7554768d942055704560fb618bfbce17d85ee5d38bb5e3554156dd6b52cf74,cell_crops
cell_crops,03f9fbcb-b33d-4546-8b8d-5b15d06cfce2,relative_storage_key,cell-crops/e922ee8e-77f4-426a-8de9-c98840e1bb7d/cbe1ff80-b88b-4401-b918-9064927d2acf/195bafe6-f5d3-4155-8e36-a48b6d4b88bd/569890ce-4644-4a3b-b4c5-2badfecde0fe/crop.png,733,bf5c23b0c4b16b2c9f66b639f1a2ad0be63ddb96177fdfb6146cc9011e3ea69f,cell_crops
cell_crops,0425d40e-9e8e-4abe-8e65-a22187bfdd27,relative_storage_key,cell-crops/8122e340-548f-40df-9dd4-ed43859605ff/ed18ce4e-6fb0-4f1f-b313-c9d76617210c/8cb2cae1-c3e1-487c-a274-4385f339dded/04c178e6-f77e-4473-8e2a-ffbc39cd8c37/crop.png,3516,948532669f2b537ac8039af433e3948020a1247f7c00cdb32d1e0e1cace45c36,cell_crops
cell_crops,043a80e6-1dbc-4f4d-9f95-3020d83c36c4,relative_storage_key,cell-crops/54e278de-2381-4a05-8faa-42bf761f6688/50b0884e-ddde-4252-be9d-058151c986c4/f4400105-33b9-4bc0-860b-010b1cf3d386/5db5df04-613a-4945-b23c-ef464f89e282/crop.png,1387,088984ef5a0d9bfb8dd1237a86bdde6e612dd7b1ca5d6a76b65fe1bd9e018a6a,cell_crops
cell_crops,04522f47-a2c5-40f3-bfac-6bf18a151e2d,relative_storage_key,cell-crops/25afdd28-85df-4a2a-9dab-2727ced6821b/f5668b77-a7c4-4ed2-aade-94bbf92900cf/08cd9b57-9a64-410c-8133-1dbdbf2e697c/75f1529a-cfeb-4892-bd95-69704ca2399e/crop.png,4026,332e89b7ef0d57e80b7af248afae528327329d93a43b2ba4cf0d81e40ae68a80,cell_crops
cell_crops,046c95f3-3119-4ac9-b4b1-715e47645ce1,relative_storage_key,cell-crops/b0a5839c-3668-4411-b590-cc1d8fed470e/bf423fe1-2fc5-4662-9eda-ff1496c1bba9/c2a6cffd-18de-474e-ba04-2bf65b0f4f8c/a3148804-f1c3-443f-b5b6-f3faa39814e9/crop.png,5222,00f08e97c3e7f4889183ab12a60155183eeeb6d94259f990fa4ed30660c680ca,cell_crops
cell_crops,0472428a-6d34-4294-8126-1e8929b76fd5,relative_storage_key,cell-crops/39265da0-dd1a-4f17-89aa-1e661f9c473f/72553654-6802-48a4-964a-3fa748870a05/afee46ec-494f-4fe6-be85-353a4cfc0b56/6b14a386-9beb-4a5d-bc36-d2f16f469194/crop.png,5979,81c139c7812a3458a79d4640d22375a9ea2cc9845dfaf0bad994db8f69f14e60,cell_crops
cell_crops,04887d21-0e1c-4549-98e7-fcd572e03eaa,relative_storage_key,cell-crops/b0a5839c-3668-4411-b590-cc1d8fed470e/bf423fe1-2fc5-4662-9eda-ff1496c1bba9/c2a6cffd-18de-474e-ba04-2bf65b0f4f8c/b4031084-a708-416b-89fd-f0b39783d5bb/crop.png,11233,45de2342db573052abb9236ead422919bb0f4e9530acf00307ce88ab90837aa7,cell_crops
cell_crops,0499ced2-9347-4459-bca2-c48c543de356,relative_storage_key,cell-crops/4e1ca921-c5c6-4d89-b035-2d7dd99040d5/b9f975b3-7cd8-4b9a-a2cc-1bd9a76d924c/dc6df3c3-f03e-4261-bd4c-a2df5e0f0d88/658fffb3-713a-4b59-a5c2-bcefcf2c8140/crop.png,2273,c622aefa3fbf6278f8e701e9fe7a1c64387d95225bc573e0e085913db40a013a,cell_crops
cell_crops,049b6b03-2ad0-4ee3-a992-ad1754ebf04b,relative_storage_key,cell-crops/db1855bf-e94d-43ea-86dc-5c1d21c82206/70a62caf-67c3-44f5-8752-596e9432c4ca/f914626e-fa1c-483a-ac2d-a7ebce6130f5/f5ec1310-6c39-4d8f-9a19-d6dd2a7ded30/crop.png,4783,f882d68f098dd4ba96adea0a12df89b763da458828bd3537d52b7ea1071b0578,cell_crops
cell_crops,04b298f6-5804-4349-99da-619851ac174e,relative_storage_key,cell-crops/7fd7ef40-bc9c-40d1-9e62-62bf0850c6b3/f6e252a5-7924-4e5c-bc63-8b711db60ba0/8a0187a3-03f0-45bd-ac3c-6e47c7999f03/aca0775c-16b4-4d6e-9bd1-2c8c59b32026/crop.png,1927,e4379b6f91d5d84c60cdcd55511cdcfb958ca26bad55f49583389e4199c1239a,cell_crops
cell_crops,04c334e5-dc24-4de0-a423-0363a529502d,relative_storage_key,cell-crops/121a69bf-ba23-4014-892b-158b9c2b71a4/aa1323a6-7f80-4e1e-819a-ec182f045f3d/97fb12a0-df7f-455f-8e13-e0383ad3934d/b450a3f9-d8b1-49ac-9186-8d52589ac867/crop.png,1608,1ecbc6a894486eca96b093d1bfc96addb59dfbde7b930428ecbc432ad90f0704,cell_crops
cell_crops,04ca221c-485b-41a0-ac1d-43bed28f21c8,relative_storage_key,cell-crops/05b33155-8921-4eb9-9920-af67decfe454/6278de2c-44dd-4a75-aca2-9708e58437ba/92e2e64a-1c82-402b-b24d-75d43d50a17f/5d345b3c-d341-4d9b-8657-59b8075570a2/crop.png,2537,6808a9bd978e2f6d49d45e6cd7643e94c50b5aff28a69645215253e9d6ded96b,cell_crops
cell_crops,04eb8f39-e1ae-4c7d-81e6-ea858f4ae7ee,relative_storage_key,cell-crops/54e278de-2381-4a05-8faa-42bf761f6688/50b0884e-ddde-4252-be9d-058151c986c4/f4400105-33b9-4bc0-860b-010b1cf3d386/a8bb62a9-7c89-4646-be65-8ef4c70f6eb2/crop.png,1317,0f2b9e2cf5c73af3553745d1f207a82f57c0cd4a8755be52f1e606e4aa8e9200,cell_crops
cell_crops,04ec7016-a2dc-4ecf-8803-a32648e0db60,relative_storage_key,cell-crops/52c4864d-1788-41db-a1d2-883ce7d83a58/490887fa-b3af-4136-85dc-8ae66e413acd/bf339bce-cffa-48e9-a044-4b9df2cc36b4/455c6f36-7600-4597-b84a-803522dbd27e/crop.png,2364,cba01f630bf2ebb0dab90a46279b0e66136b7187dbb9a5210060336ca0b12f66,cell_crops
cell_crops,052eea52-5f56-4902-bd39-7252d717bfae,relative_storage_key,cell-crops/7ef7cff8-899e-428e-b89a-36803c0575b3/04bafb48-259f-4626-82fb-a3359ee3160b/26ddb17b-1b89-4301-8f40-011ccf0f40dc/7f7e0e23-654a-46f0-b54b-e6ad9a0b7183/crop.png,2528,777d070e803ac8707ffaa41c9fe7d2a5ca6bf09b5748715958774fd7840d8073,cell_crops
cell_crops,053aaea4-f791-4c34-8143-0f2ff85d31a1,relative_storage_key,cell-crops/07c71166-93b3-415e-b764-6ca7344238f6/151ee7ee-b609-4e6b-985c-04af59a85470/9c45439d-fd87-46c3-944a-439ab92cbf89/67f58047-f097-4980-be97-467d1f7a4f5a/crop.png,1749,904d29ab47555a1415fedb1a8ad1676665ea192f9868bb99051c7acd6bb6fc4f,cell_crops
cell_crops,053e70dc-5dec-445b-b640-4e0d4f8d6262,relative_storage_key,cell-crops/8122e340-548f-40df-9dd4-ed43859605ff/ed18ce4e-6fb0-4f1f-b313-c9d76617210c/8cb2cae1-c3e1-487c-a274-4385f339dded/a6327250-383a-4532-8ad2-f533a252ac43/crop.png,3364,9b2254221e9f23ba05f050a5f6a7f0d866c6a87a21d3731b446f91e4cf7b45ee,cell_crops
cell_crops,0583651a-d705-4377-891f-cda2514c4be4,relative_storage_key,cell-crops/8b912699-0346-4eca-9a3f-992922f65702/c5ca90cc-e321-4501-82f3-a2e0ef0f51a7/51a1e5c5-fac7-4ab5-b6dd-bef48d583434/aad96c8d-d421-42cd-a0d1-608b56fca422/crop.png,5101,388fa8ca6bc76cb872623267e364c788e30de90c3c2b3b610569245c1b5cd9e0,cell_crops
cell_crops,0593fe58-295f-4c15-9099-e026fec719eb,relative_storage_key,cell-crops/72906de0-83a0-4e98-940e-735fe5fb2363/c3c7a47a-b9d7-41c8-a8db-3269a23bca95/452e4d39-1e65-4a32-8a6a-e88382ac7aa6/01b599da-0036-46ae-84a7-53fae8929180/crop.png,4041,cf831cbab261cee14f328a9b376509a4153121ab6527a0e92ecbb9af8256b17c,cell_crops
cell_crops,05a7467e-45c5-4951-8d2c-20a76d20679f,relative_storage_key,cell-crops/8b912699-0346-4eca-9a3f-992922f65702/c5ca90cc-e321-4501-82f3-a2e0ef0f51a7/51a1e5c5-fac7-4ab5-b6dd-bef48d583434/c56ecc00-e89f-4aec-8b9f-64ec7670bf27/crop.png,3968,96be048f8d6a06f7b101428982e8eb5e4ef037c1b4862857abdb2fa31704b1bd,cell_crops
cell_crops,05ad3df1-9c6c-4450-8516-d3d0717795d5,relative_storage_key,cell-crops/05b33155-8921-4eb9-9920-af67decfe454/6278de2c-44dd-4a75-aca2-9708e58437ba/92e2e64a-1c82-402b-b24d-75d43d50a17f/0d344d59-4329-4d37-b841-5f3febf31ed4/crop.png,5786,9556c94c7aeb09f679c0aab84d8a72eb5082432024b8eae6ed538e5d50f3ad1d,cell_crops
cell_crops,05d807ae-7057-41f1-9488-b9de8b512b4c,relative_storage_key,cell-crops/52c4864d-1788-41db-a1d2-883ce7d83a58/490887fa-b3af-4136-85dc-8ae66e413acd/bf339bce-cffa-48e9-a044-4b9df2cc36b4/78218308-27b5-4750-8a96-8a107cbaf3c4/crop.png,8897,cee31204a5719cd91ed9fe845db1ee873f6bd1c51cb3ff0e18bbac84d5fbc597,cell_crops
cell_crops,05f7c26e-e3d7-489d-b96c-d0c7e5685479,relative_storage_key,cell-crops/54e278de-2381-4a05-8faa-42bf761f6688/50b0884e-ddde-4252-be9d-058151c986c4/f4400105-33b9-4bc0-860b-010b1cf3d386/a4c1034b-66b7-4b8c-94d8-f7bfe079efdd/crop.png,1635,0f5a9bc80bac1d2b81c491e1679dbedf4508d9c607c15a123ddc41a21509fc12,cell_crops
cell_crops,0636f76d-6782-495d-b7ae-ef8635a35f52,relative_storage_key,cell-crops/7ef7cff8-899e-428e-b89a-36803c0575b3/04bafb48-259f-4626-82fb-a3359ee3160b/26ddb17b-1b89-4301-8f40-011ccf0f40dc/1ac9820d-b4a6-4976-b4c9-ccbf1b03d8b0/crop.png,3457,42f36c10fad04497689c545fd43747919ca3290bcc8a8f558ae96c99ce4814e6,cell_crops
cell_crops,06446c70-f002-4363-b168-249975c74296,relative_storage_key,cell-crops/b0a5839c-3668-4411-b590-cc1d8fed470e/bf423fe1-2fc5-4662-9eda-ff1496c1bba9/c2a6cffd-18de-474e-ba04-2bf65b0f4f8c/d19e1deb-017a-47a5-8d35-04d8eec67a75/crop.png,2580,bb544d1da35fb955a21ee9a3671b64c22df45b90237d4c6fc45b308601fdea4b,cell_crops
cell_crops,064b8272-5eb8-4b32-ac6c-770528b00476,relative_storage_key,cell-crops/121a69bf-ba23-4014-892b-158b9c2b71a4/aa1323a6-7f80-4e1e-819a-ec182f045f3d/97fb12a0-df7f-455f-8e13-e0383ad3934d/06b0b56c-efc0-4055-b600-483165db5598/crop.png,35228,2d3346e28db2cbbd73cca065355d08ba6b4e97ecb104f60ac671e8c5f0e70426,cell_crops
cell_crops,0658124c-9c54-495c-a1e7-5cc45d49e0e5,relative_storage_key,cell-crops/3a33d13c-ff5b-46ba-94b4-0710e5185301/a78dd7b0-8ddc-4cd7-bc5a-241f8b427de6/7ba97fb6-e951-4c3b-93d8-3958918f513f/1eb4461e-1b16-447b-9f71-b86a712a36ad/crop.png,3979,07694ad338b1bbdb8341833011ce1015fb784a57998af1a6320b57c28226c432,cell_crops
cell_crops,0673c694-7125-42bc-8445-3dc1351fda53,relative_storage_key,cell-crops/54e278de-2381-4a05-8faa-42bf761f6688/50b0884e-ddde-4252-be9d-058151c986c4/f4400105-33b9-4bc0-860b-010b1cf3d386/d6961222-cb95-4c63-9f07-ca9522a23a0a/crop.png,1411,ef8b77d1e68450c557d33eaaf468bc9bdd0c719473eded5a13a113897b96347f,cell_crops
cell_crops,069357a3-8adb-405e-956a-40443e030f0c,relative_storage_key,cell-crops/e11b10f7-d1c3-4d6a-9e69-a4b6bc1abc46/1db1a505-3eaf-456d-b123-7b9f8ee77762/339d62a6-0363-472b-b2e3-4a7befd2c42f/0aed7134-14a0-4734-a7f2-7874ea1fef36/crop.png,2948,0a19c77536e10b477ae1b8bc4954bffad4c667ace298d1c533c0dc269ff138fa,cell_crops
cell_crops,069a9a3d-cb6a-4691-a26f-4b74c15cadc0,relative_storage_key,cell-crops/07c71166-93b3-415e-b764-6ca7344238f6/151ee7ee-b609-4e6b-985c-04af59a85470/9c45439d-fd87-46c3-944a-439ab92cbf89/5ebb06bd-ca86-444e-b0f1-cfd11ad24064/crop.png,12515,b31b5d148ac3753b4d4e7b5314bb99e4f9df4fee0732ddfe6a9d405738521be2,cell_crops
cell_crops,06d146bb-ceb9-4a7d-9139-88742d9e1ac7,relative_storage_key,cell-crops/fce4a23b-7725-4c69-960b-5c9cd9b68f50/c6ecf996-e832-44ad-89bf-2ca55d1d46d5/5ecbdf28-e01c-4b51-ae7b-f9d88c6b9aa5/7973a4d5-4b95-49a8-836d-bf0cbd598ade/crop.png,1821,14ec9426fa4dc4a9173a4460f3d1866a300b4129acf7ad4ef1f335ee85830ee8,cell_crops
cell_crops,06d5064f-3b2c-48b7-9b19-4d990df22c46,relative_storage_key,cell-crops/4e1ca921-c5c6-4d89-b035-2d7dd99040d5/b9f975b3-7cd8-4b9a-a2cc-1bd9a76d924c/dc6df3c3-f03e-4261-bd4c-a2df5e0f0d88/79395308-3820-4fca-a436-f323d26b6971/crop.png,7762,1ca7326ba0df6893b1ff87440df9df872fc0c0abc1a06bf5a875b9ac793c09f7,cell_crops
cell_crops,06fe176d-6697-4aca-912c-ed5d633411b7,relative_storage_key,cell-crops/ba5fc281-07c1-46ca-8091-0c13e6753aa4/d33fb4ff-3366-4fff-9806-8ab03314dbd1/18b27447-aed7-42fa-9142-4bab96366973/6a6d03bd-a27a-4b64-a11c-296939271988/crop.png,6083,7d5b6248196949ff83eb5603d99be9871fa06bc485f4e113dfe7459d5ca6de86,cell_crops
cell_crops,070f24ad-8ea6-4ff8-900b-3d662c56b716,relative_storage_key,cell-crops/54e278de-2381-4a05-8faa-42bf761f6688/50b0884e-ddde-4252-be9d-058151c986c4/f4400105-33b9-4bc0-860b-010b1cf3d386/63a249ad-9f87-4927-aea8-69b37a6ba06a/crop.png,2355,bea9257db697d8be57fd38616d6d98347d9615492661e67c471ddfe0d4f5e801,cell_crops
cell_crops,072b33d6-45af-4124-820d-f63c01f70367,relative_storage_key,cell-crops/5ad2e702-acee-4f0a-9a01-8a2ba6b24733/1abc6f5a-ce2e-4d43-a7b2-9323cf7efa1c/13514ba4-7c6f-40a0-a6d6-573684da9510/f6e3764a-09c1-4312-a7fe-1870164c78c2/crop.png,10265,86a2792feeea8a95a0eab1ee765aa7cc1ed0440c72d97ab3d6615627ec4f54e3,cell_crops
cell_crops,077b1a97-3474-4571-b4b0-308018b581de,relative_storage_key,cell-crops/211b65b9-8b1b-4bc9-bf8e-2572a00a3ecd/85d8a71e-e9ed-4062-a036-52e42dd89720/83b0bdb6-4441-49e8-b6a7-4de634e8d548/cfb7a96a-b53b-4547-8948-fa502fbb5589/crop.png,1686,353211f10bd3759eb9c048de76a2fe68cb373e4584c6b424155e10c0a099c8bb,cell_crops
cell_crops,0798d440-0fc8-4583-8abb-1db8d03a839d,relative_storage_key,cell-crops/b0a5839c-3668-4411-b590-cc1d8fed470e/bf423fe1-2fc5-4662-9eda-ff1496c1bba9/c2a6cffd-18de-474e-ba04-2bf65b0f4f8c/7ffed07c-e41e-4290-b517-21ac2cd1c721/crop.png,3376,deb6d47fd59cc0ab72629c1101ec1a4c512d600ae4e0d5f0ff18e37353fba9be,cell_crops
cell_crops,07a01aa6-b5cc-4a18-b449-9e64c28f9ec5,relative_storage_key,cell-crops/c9a6b7af-881f-47da-980a-1a2c2b743a1c/03505d0f-434b-48ac-ae42-76750f4fbc1a/a0889d56-1430-4a7f-b67c-e21291ac9ed7/bbbb7baa-ff58-4bbc-ad1b-9e381da2e406/crop.png,2571,96c8c2df72bc525aae339c28ec10a9df4f788fb0263bf2671b2feac0c16872b4,cell_crops
cell_crops,07a26e5b-b638-4901-8f87-81b9827e220c,relative_storage_key,cell-crops/59a98cc0-24f4-424a-b208-3fe06063fa47/98626a4c-b3fc-464a-a4fe-90bc886c7647/c0a49ec0-99e0-4b2b-a9e4-1e2ec28655a0/7f748d65-5100-4ca9-b6b8-8de8618585f7/crop.png,10845,20b28c6ed8080ff510a8adcd4c2e88b15c795e6e2b345ebe555a3ffb17228733,cell_crops
cell_crops,07b74baf-528a-40c1-b822-a677e2672274,relative_storage_key,cell-crops/52c4864d-1788-41db-a1d2-883ce7d83a58/490887fa-b3af-4136-85dc-8ae66e413acd/bf339bce-cffa-48e9-a044-4b9df2cc36b4/207f176d-82b1-429f-8473-ff6624d44f9e/crop.png,11233,45de2342db573052abb9236ead422919bb0f4e9530acf00307ce88ab90837aa7,cell_crops
cell_crops,07c37c03-71b7-423f-9dab-dac5cdc080d1,relative_storage_key,cell-crops/25afdd28-85df-4a2a-9dab-2727ced6821b/f5668b77-a7c4-4ed2-aade-94bbf92900cf/08cd9b57-9a64-410c-8133-1dbdbf2e697c/ff12970a-4fa9-4ba6-9351-d8e899e7c6fb/crop.png,2558,8444f2d94ee200cc48a9f3e36901a37b31d0574779f455bd5beea223a961e5f0,cell_crops
cell_crops,07f4002d-40a2-4555-827e-53595f053e7a,relative_storage_key,cell-crops/211b65b9-8b1b-4bc9-bf8e-2572a00a3ecd/85d8a71e-e9ed-4062-a036-52e42dd89720/83b0bdb6-4441-49e8-b6a7-4de634e8d548/d3c5ae72-d507-4248-b437-bdade9c29367/crop.png,1465,4303f650057e94a36bc44a6edc4f2535cccec27a24793489386457d4ae92f480,cell_crops
cell_crops,080d7dce-e4f6-4994-85ee-3a691edf4ffc,relative_storage_key,cell-crops/fce4a23b-7725-4c69-960b-5c9cd9b68f50/c6ecf996-e832-44ad-89bf-2ca55d1d46d5/5ecbdf28-e01c-4b51-ae7b-f9d88c6b9aa5/f8637665-efa4-4b23-90ee-388c41d86e96/crop.png,4764,9576ddbe95bc1624a2be9212133e0bd5b48edc7737632ad79d5522ce48179790,cell_crops
cell_crops,085b6a84-f55f-4e1d-8bf9-7659cfe52d31,relative_storage_key,cell-crops/1c49de91-f3ba-4794-8cbd-62bc966049c5/1007bc39-4bca-4a32-9069-5c8180b174db/cdcfc6c7-12a5-4405-8fb1-213826f88d05/f59da448-8deb-400d-9d57-3fd61c3268d3/crop.png,3973,57b93c73d0c9d3f9c1d224207607caf9d426ab53cd328bfcb2a1619b00036b1a,cell_crops
cell_crops,08c45fe2-0152-45bb-8a77-0fe843ecb166,relative_storage_key,cell-crops/1c49c468-795c-45ed-98a4-e3670ddd5182/2f40a287-e0d5-4ab9-919e-a1ddfe57b9bd/2ac85463-e0b3-4c27-bb72-7ffdae1f53ab/290dc0d1-7dbd-46ed-8616-b1e3a20ec019/crop.png,4331,d7cc1c9f2b3af0334b869e6cf37667637773628064c398749bf55012f90f9b3e,cell_crops
cell_crops,08e152df-9e3d-4d3f-89f6-9a1ef7376ceb,relative_storage_key,cell-crops/121a69bf-ba23-4014-892b-158b9c2b71a4/aa1323a6-7f80-4e1e-819a-ec182f045f3d/97fb12a0-df7f-455f-8e13-e0383ad3934d/81e0ff69-9008-4681-af73-ec57bc59a44a/crop.png,1860,39c6d18654986f51b710858d978b0c26797fca801b3df74212a959d8e5008bf6,cell_crops
cell_crops,08ea8a9f-ebbe-4d4a-8169-4b14d76efb24,relative_storage_key,cell-crops/b0a5839c-3668-4411-b590-cc1d8fed470e/bf423fe1-2fc5-4662-9eda-ff1496c1bba9/c2a6cffd-18de-474e-ba04-2bf65b0f4f8c/cc66a6f5-075c-4413-b83f-3701455af49a/crop.png,2914,d368a3ac1b66c8f1d134be9526cc96345ff37e9377681e6a10fc89b611ca7d53,cell_crops
cell_crops,0917ed68-a9d9-485d-ae15-7461e94816f8,relative_storage_key,cell-crops/b0a5839c-3668-4411-b590-cc1d8fed470e/bf423fe1-2fc5-4662-9eda-ff1496c1bba9/c2a6cffd-18de-474e-ba04-2bf65b0f4f8c/a09b8045-3848-485e-92f1-238c657050e8/crop.png,6373,bada4bd93bdda15bd0d84e807c9f8c4228604eba3dcbc18845ca4570b7a8ee22,cell_crops
cell_crops,09954a18-d6fa-4d2d-98cc-a8ed77598141,relative_storage_key,cell-crops/5f35abbf-10da-4c5e-b4d7-0b2e59de51f2/99ac88d3-5c9f-4fc3-8d6a-abadae1ee80c/b0ad2c3c-3de1-4628-bf32-d60536a0da80/fde129b3-0723-41f5-bf5d-6f9186a156e6/crop.png,8958,57a50bfc63295e5ee11b54f1c9f3429e2e8a9d34d69d57472c1209fdc4c670b6,cell_crops
cell_crops,0996d3c7-9394-450e-ad0f-70ed9d7adf44,relative_storage_key,cell-crops/6dede06e-ae61-4920-bb2c-935cde2a5ff5/60bd296d-21d5-4d22-99bc-a023cb410f35/88dc4c92-8367-4c4d-a59b-da86d01b8d82/7b1ff307-507b-4c09-8c7c-2f301db5d657/crop.png,10355,721a840feef567667068b19bebef34f4312d4e2bf2ff9d5827163df50962e09b,cell_crops
cell_crops,09a3469b-c56a-4303-8928-612d6f0256ba,relative_storage_key,cell-crops/4e1ca921-c5c6-4d89-b035-2d7dd99040d5/b9f975b3-7cd8-4b9a-a2cc-1bd9a76d924c/dc6df3c3-f03e-4261-bd4c-a2df5e0f0d88/74f42261-c840-4c70-b28a-8ccb60c7bc98/crop.png,1311,81c34a95a451f44ce5c46e3242851983a9eef6a5371c3ad9e1d4633a9c259507,cell_crops
cell_crops,09bb4812-fc42-4035-a0e7-d76090099545,relative_storage_key,cell-crops/c9a6b7af-881f-47da-980a-1a2c2b743a1c/03505d0f-434b-48ac-ae42-76750f4fbc1a/a0889d56-1430-4a7f-b67c-e21291ac9ed7/f80f2483-9955-4010-b6b9-f759c7e9e8f5/crop.png,1293,9356c295eeb63dcdec583186b7e324bae5ee9652fbb20266f4b21d229ace8f37,cell_crops
cell_crops,09c51fc3-4035-4342-965e-23afde92b90c,relative_storage_key,cell-crops/5d9ca4e3-60b1-4a9f-aba0-8a5edd13510a/3f2dc1d9-eb62-44b3-a325-2d8db65a585c/0c7ee510-e240-4b6f-b8bc-352c4dd9aa20/8b0033ae-cab3-4101-8cdc-48ffda5e5c55/crop.png,5069,8bad531012ee55002083ce71c8153cea753d49e8f24e256318377032b8dcbc3d,cell_crops
cell_crops,09e0c9ac-ad1c-4bf7-a17a-0ead08b90afe,relative_storage_key,cell-crops/5ad2e702-acee-4f0a-9a01-8a2ba6b24733/1abc6f5a-ce2e-4d43-a7b2-9323cf7efa1c/13514ba4-7c6f-40a0-a6d6-573684da9510/9c5d4a71-7b24-4902-8b66-205c1bdd15e0/crop.png,3273,a167bb3d1d9eed0093a36a5842e80a2f70d6940c6584098c3fa6df859a31d8af,cell_crops
cell_crops,0a12ee24-5a1c-4078-9566-213fbdec8436,relative_storage_key,cell-crops/52c4864d-1788-41db-a1d2-883ce7d83a58/490887fa-b3af-4136-85dc-8ae66e413acd/bf339bce-cffa-48e9-a044-4b9df2cc36b4/7469c154-6e82-4518-a3b5-296b59d02bb7/crop.png,2412,5e45f5750ef82db9e6ddab7bf92f1e062d7ebdb9f299eed775adda5ca4c925ab,cell_crops
cell_crops,0a33167c-a42e-4e66-ba9b-4728031931cc,relative_storage_key,cell-crops/ae68a99c-11f7-457a-88f8-3cef9a144958/618af6de-bfab-495e-8634-e484d620ee21/650c7580-8b2e-4bc4-88e8-bf03c5bb423d/1f3e50ad-f520-4b17-9c08-63e1c5d15b2f/crop.png,2412,2b94d3788697257286200ab82e97747cfe87428a84e7809583fa9b5fe91756d5,cell_crops
cell_crops,0a3c3b7b-b7a6-4a44-a6c0-b1ce6860424d,relative_storage_key,cell-crops/5d9ca4e3-60b1-4a9f-aba0-8a5edd13510a/3f2dc1d9-eb62-44b3-a325-2d8db65a585c/0c7ee510-e240-4b6f-b8bc-352c4dd9aa20/a3e7aa9b-e6de-43b4-a3cd-7eb7ca754e6e/crop.png,5524,6e8283438d191df6354e55cd3e69a1caad6a3ddaee156669b7f37433349d6751,cell_crops
cell_crops,0a48de0f-ef14-4837-809a-fb7da0093b40,relative_storage_key,cell-crops/5d9ca4e3-60b1-4a9f-aba0-8a5edd13510a/3f2dc1d9-eb62-44b3-a325-2d8db65a585c/0c7ee510-e240-4b6f-b8bc-352c4dd9aa20/28f3e69b-5458-46b1-b2f3-649cf87b7fdd/crop.png,3902,7f14709a32e5b80166cf0ae5043ac283668a398dd696298a41dd1f6e1d5c3f5f,cell_crops
cell_crops,0a563e7d-3954-4b0b-af87-c71ad8b4656c,relative_storage_key,cell-crops/07c71166-93b3-415e-b764-6ca7344238f6/151ee7ee-b609-4e6b-985c-04af59a85470/9c45439d-fd87-46c3-944a-439ab92cbf89/5914f2a6-ea20-4501-89f2-82caabc5b6da/crop.png,1118,d4a40b13a8f2e66435b85d9aa0f69beb32df73c59988409fb3350f5b07669dc6,cell_crops
cell_crops,0a8d0dc6-0d13-47ba-9485-864d883d73f9,relative_storage_key,cell-crops/5d9ca4e3-60b1-4a9f-aba0-8a5edd13510a/3f2dc1d9-eb62-44b3-a325-2d8db65a585c/0c7ee510-e240-4b6f-b8bc-352c4dd9aa20/1686bc34-d485-4339-8913-3c58cdc00100/crop.png,6941,8c0ee242c713d7f7af9e7bcfb53eec04a36ced11a51f65f4e84b3f048ea35465,cell_crops
cell_crops,0a8e93d0-c360-43f1-97e7-5c073b4c3ad7,relative_storage_key,cell-crops/e109f86a-afaf-4c6b-8831-0fd7fc4fa7b2/2b113263-4ee7-4c87-a4d5-c689a43626bb/5b7cb03b-f0e6-42de-9aba-d4fb3757ad09/292d86e2-7e7b-44b0-81ed-5cb5216e29cf/crop.png,3704,b310ce995e7f4ec08389adc8002f44fe36a4344d36aab54515d1bd0e01dc7449,cell_crops
cell_crops,0a9b9b07-57b6-48fa-a3dd-43ed336a3a9a,relative_storage_key,cell-crops/9696ad8c-6c01-439f-afa5-29d7f5234348/c6ffc450-182b-4d59-bf0d-1090bd076903/dd3b1716-0bb9-4523-9fa9-61bc274925d8/c429079d-8048-456b-81c2-00cbd5797cae/crop.png,5890,bcfa99aeb5551e82666c08cb1a7b434b535c2cba22766b61a370d115ca17141a,cell_crops
cell_crops,0a9bc90a-bf79-4fd0-a56e-d713eade391a,relative_storage_key,cell-crops/54e278de-2381-4a05-8faa-42bf761f6688/50b0884e-ddde-4252-be9d-058151c986c4/f4400105-33b9-4bc0-860b-010b1cf3d386/1958e2cb-9417-4672-9182-823775b06e68/crop.png,1608,d13f66df3e2f13060b565a9d8ebb348fd22b3878c1fdd19f11815a9a359e7a4b,cell_crops
cell_crops,0ad745a8-88ae-44b8-b817-d81d0a302870,relative_storage_key,cell-crops/b0a5839c-3668-4411-b590-cc1d8fed470e/bf423fe1-2fc5-4662-9eda-ff1496c1bba9/c2a6cffd-18de-474e-ba04-2bf65b0f4f8c/abf5fa32-6430-433b-9423-e05cc687beae/crop.png,24021,0c84bdf703f57145be444ddd555f94fc12ca1b6577354a5f4f9975c950db3da1,cell_crops
cell_crops,0b00989c-248f-4fe1-87c5-683805fe471b,relative_storage_key,cell-crops/54e278de-2381-4a05-8faa-42bf761f6688/50b0884e-ddde-4252-be9d-058151c986c4/f4400105-33b9-4bc0-860b-010b1cf3d386/1492ae88-6058-424a-b38f-3dfe2bdfb59b/crop.png,17618,a6bf5013bd7ed0e9ea9886fb0146c49bc4a4a0a7aa1ed958d24623d2689defd7,cell_crops
cell_crops,0b35d67a-672f-4d9a-9bf3-ca83f55368af,relative_storage_key,cell-crops/e11b10f7-d1c3-4d6a-9e69-a4b6bc1abc46/1db1a505-3eaf-456d-b123-7b9f8ee77762/339d62a6-0363-472b-b2e3-4a7befd2c42f/2ba96fc6-b00a-4681-9f93-8bf008ed8660/crop.png,1461,6c1f8ab7cb5339ec63849f8960c5c850cea5fb4822cd2c7a53da4887d2cff9ea,cell_crops
cell_crops,0b4212c4-d814-4fe5-af58-f5cbbacfc8e3,relative_storage_key,cell-crops/7ef7cff8-899e-428e-b89a-36803c0575b3/04bafb48-259f-4626-82fb-a3359ee3160b/00b8d663-89b1-4dfe-8f8f-9a01bca4688b/e6c70f51-13e3-448b-84b0-8c0f589e6a4a/crop.png,3401,53f31efc9163d31997dfe6127c3a0164235320550ac401ec64cdaed525124a31,cell_crops
cell_crops,0b443c91-c9dd-4d68-9a00-d17d4d8f9214,relative_storage_key,cell-crops/07c71166-93b3-415e-b764-6ca7344238f6/151ee7ee-b609-4e6b-985c-04af59a85470/9c45439d-fd87-46c3-944a-439ab92cbf89/618511b0-8757-4adf-be89-b05cfd5c6a99/crop.png,5016,1113b381df389cc382504dcfea7926b3322a425fc8120da13f0e5b8805da95f7,cell_crops
cell_crops,0b58bf34-3e6a-4fd7-8f40-b14572a4e8c7,relative_storage_key,cell-crops/8b912699-0346-4eca-9a3f-992922f65702/c5ca90cc-e321-4501-82f3-a2e0ef0f51a7/51a1e5c5-fac7-4ab5-b6dd-bef48d583434/24414fe4-b81d-4e95-9038-252d83a43705/crop.png,7986,6ebbd4b2174c4682640a2c414133222a201cb6608a0d7905800ffd6081585bbe,cell_crops
cell_crops,0b5962ea-fcaa-4e77-bcd3-864692964523,relative_storage_key,cell-crops/121a69bf-ba23-4014-892b-158b9c2b71a4/aa1323a6-7f80-4e1e-819a-ec182f045f3d/97fb12a0-df7f-455f-8e13-e0383ad3934d/e9b6150e-fb7c-474a-8d0f-bfce1647a4c7/crop.png,1510,c44ec853f729e90bd36b2da025e958b788cc5c6343127fa38edd5a7d5aec2a05,cell_crops
cell_crops,0b638212-9e6c-426b-9e16-de64df2500dc,relative_storage_key,cell-crops/121a69bf-ba23-4014-892b-158b9c2b71a4/aa1323a6-7f80-4e1e-819a-ec182f045f3d/97fb12a0-df7f-455f-8e13-e0383ad3934d/0c89a5f1-a017-464d-b8b2-a66450383b45/crop.png,2815,224fa696521a4a61038da57694261c84ff48095083572599239324466055c022,cell_crops
cell_crops,0b7c9da7-7465-4663-b4e0-751b6432501d,relative_storage_key,cell-crops/05b33155-8921-4eb9-9920-af67decfe454/6278de2c-44dd-4a75-aca2-9708e58437ba/92e2e64a-1c82-402b-b24d-75d43d50a17f/2cff05d3-ebae-4bd8-8199-2c8ca52e743c/crop.png,4445,87ec7a9b295f5ebc8226a7242ae3d3465b8ce72d06e74668a46110722fb9e76a,cell_crops
cell_crops,0b9f92f1-e4c6-4695-8bf8-96978ece5578,relative_storage_key,cell-crops/d28e9146-5ad9-4df7-8af4-1b8901780c2b/f196b05e-1e21-41c5-8292-1c802004009a/6948fa72-3ff5-45bb-beb5-8ae3bba8b6d6/cf67150d-4e57-49ac-9506-3d3d96aefbd5/crop.png,3956,d15692afac1d851a2e5e414898359a19870b7bec55263fd225f6bc583a13757e,cell_crops
cell_crops,0bc825db-bda6-4e66-b61f-d4597f0069e2,relative_storage_key,cell-crops/121a69bf-ba23-4014-892b-158b9c2b71a4/aa1323a6-7f80-4e1e-819a-ec182f045f3d/97fb12a0-df7f-455f-8e13-e0383ad3934d/d0a427b3-ca49-428b-87ef-c8220bb26502/crop.png,3479,e80266d68d607c8b207046a77deac5bcadb5c029bf6ca478ce85e2c6710acb4a,cell_crops
cell_crops,0c01299d-b0d2-4fb8-882b-1ba8975ee8e3,relative_storage_key,cell-crops/52c4864d-1788-41db-a1d2-883ce7d83a58/490887fa-b3af-4136-85dc-8ae66e413acd/bf339bce-cffa-48e9-a044-4b9df2cc36b4/3d58ca87-7ee1-424a-8284-c9af869372d8/crop.png,1110,83d543d61b0d73b4423e653858548520eac3d7aae76f2317332717b1f52fb415,cell_crops
cell_crops,0c0dcea2-26db-4b14-94f1-f607e48d6de8,relative_storage_key,cell-crops/7be00fe5-41da-48c5-b2c2-9618f0a7c517/3ebcfc6b-b6e3-40b6-939c-33977196460c/8fa36d4d-c412-435a-a109-923281f0f43d/bbc66ea1-eece-49fd-8c9f-e85c8bee31b6/crop.png,4089,0a7f6672b37c876df7b2097b746ff6d9ad4e5a28ee780267a739093cc795a803,cell_crops
cell_crops,0c55dce9-481f-4729-a51d-aa0434496d05,relative_storage_key,cell-crops/54e278de-2381-4a05-8faa-42bf761f6688/50b0884e-ddde-4252-be9d-058151c986c4/f4400105-33b9-4bc0-860b-010b1cf3d386/be3c018a-b54d-4157-8232-5c3893752f53/crop.png,5426,d8cdd159a7b7a363e61ebb749cf3b88a209e3ebfc67449d9a51dfcb778965e4d,cell_crops
cell_crops,0c80fc5b-963d-48b5-a586-d3997e7f8f62,relative_storage_key,cell-crops/e109f86a-afaf-4c6b-8831-0fd7fc4fa7b2/2b113263-4ee7-4c87-a4d5-c689a43626bb/5b7cb03b-f0e6-42de-9aba-d4fb3757ad09/41e4bbd4-e397-4788-a459-8c7e1fcd72dc/crop.png,2429,14f411f0f39555c3197f24d3d54adb20a0347551ae3d546c198dd47a6fc412b5,cell_crops
cell_crops,0c9b80c1-5ad0-4112-8048-99074725b394,relative_storage_key,cell-crops/25afdd28-85df-4a2a-9dab-2727ced6821b/f5668b77-a7c4-4ed2-aade-94bbf92900cf/08cd9b57-9a64-410c-8133-1dbdbf2e697c/33e73c28-329e-4002-a505-5683a9834ab0/crop.png,16699,2b1a65ae57889573ec3fbe1cc8a0bc8adf6208e318bd61c1d783222e1a94acb7,cell_crops
cell_crops,0c9e17b9-2006-41ca-9e52-ccb26a777774,relative_storage_key,cell-crops/4383bcb6-1595-4b3c-9c6f-ced12863a762/f6d15c09-591e-4808-aff5-02f7c8c4d239/25a1a8fb-90d3-4cfb-b43b-20ee3b4b7788/a49739d1-f614-4f1e-b32b-c00e4204c649/crop.png,3467,3a5fd9371c1c401bb573c74179884a9ca003871cffe052c2a34b969095b02d12,cell_crops
cell_crops,0ca7dfe9-cff4-4853-8b18-ee5c73328532,relative_storage_key,cell-crops/5f35abbf-10da-4c5e-b4d7-0b2e59de51f2/99ac88d3-5c9f-4fc3-8d6a-abadae1ee80c/b0ad2c3c-3de1-4628-bf32-d60536a0da80/99219162-ecb1-4ff2-b8b7-9377841b5ae8/crop.png,5088,7d3b515a5c490817eedb1046cf98c68fd90e9093c31dbc8ec14360786da03c12,cell_crops
cell_crops,0cb2548f-9420-46bb-88f1-add66dba04ec,relative_storage_key,cell-crops/39265da0-dd1a-4f17-89aa-1e661f9c473f/72553654-6802-48a4-964a-3fa748870a05/afee46ec-494f-4fe6-be85-353a4cfc0b56/2db86664-e6ae-4fc5-8d8e-492058ade29b/crop.png,3979,07694ad338b1bbdb8341833011ce1015fb784a57998af1a6320b57c28226c432,cell_crops
cell_crops,0cb5406b-49b0-4832-8808-79cd92ee206b,relative_storage_key,cell-crops/52c4864d-1788-41db-a1d2-883ce7d83a58/490887fa-b3af-4136-85dc-8ae66e413acd/bf339bce-cffa-48e9-a044-4b9df2cc36b4/9e8f4183-bdd4-43c8-a52c-be4a34c232b1/crop.png,2427,e58c5282ac2df52b64197d4a391327d901aa58eb56c614732e364279447d6d58,cell_crops
cell_crops,0cc025cc-cb63-44fc-8818-e55b91c6fe9b,relative_storage_key,cell-crops/1c49c468-795c-45ed-98a4-e3670ddd5182/2f40a287-e0d5-4ab9-919e-a1ddfe57b9bd/2ac85463-e0b3-4c27-bb72-7ffdae1f53ab/dae60c25-598b-4e58-aec5-4f111ddc8dbc/crop.png,12180,504e09a99fd6db27913cc123dd7cc642b3ab7666346272121fe73f65f1ba8ee9,cell_crops
cell_crops,0ce58159-a378-4718-ba66-d8f9704ac4c5,relative_storage_key,cell-crops/fce4a23b-7725-4c69-960b-5c9cd9b68f50/c6ecf996-e832-44ad-89bf-2ca55d1d46d5/5ecbdf28-e01c-4b51-ae7b-f9d88c6b9aa5/8fc55c2c-9abb-4396-87a0-73b360439286/crop.png,4093,b61d93eaedcfabcf6ea7cea5ab34f28c135643c7051e0b7fde3c4b4ad4eecdb8,cell_crops
cell_crops,0ced78dc-d5b6-446d-94a3-b6a4390d300e,relative_storage_key,cell-crops/4383bcb6-1595-4b3c-9c6f-ced12863a762/f6d15c09-591e-4808-aff5-02f7c8c4d239/25a1a8fb-90d3-4cfb-b43b-20ee3b4b7788/c338bc28-45aa-49b3-b0c0-54bce039c06f/crop.png,8708,aad72563774ce46951bf35b496c5646dc9d7ee65151913bdde828f7b024b5be6,cell_crops
cell_crops,0d41964d-9f1e-443c-8d8d-fbdc16a3ba36,relative_storage_key,cell-crops/07c71166-93b3-415e-b764-6ca7344238f6/151ee7ee-b609-4e6b-985c-04af59a85470/9c45439d-fd87-46c3-944a-439ab92cbf89/dc2411d6-d199-451c-96ec-528ef155f12e/crop.png,1496,de5f448cfb19328654cf72db569d23bd4b01d0e2cabe3e413bc1604db7352eb2,cell_crops
cell_crops,0d421c08-f19d-4ac3-b018-28d9b070d243,relative_storage_key,cell-crops/cd096d9e-0d01-4e4f-acd5-65e1548c215b/de773a50-b182-4ed9-9bdc-3f6f65bf242d/8eae56e5-dc27-4e8b-86ce-b22204a68814/f87badb3-551d-44e6-ab56-f5b1cb4dfead/crop.png,658,4065be89f32698e8ea7502ad0b4ad23a229796ad690644972fb1e89d467f39a0,cell_crops
cell_crops,0d5ee52f-5ad1-4602-a42f-7445d6897c04,relative_storage_key,cell-crops/121a69bf-ba23-4014-892b-158b9c2b71a4/aa1323a6-7f80-4e1e-819a-ec182f045f3d/97fb12a0-df7f-455f-8e13-e0383ad3934d/536fbb3c-0b82-4df7-9910-e3500692985c/crop.png,2080,9aa4b4ee7b5543c203e5d10996673f68481c32aba92aed2eaab83e8e832dc6ff,cell_crops
cell_crops,0d6d2e46-dab1-4957-afaa-17426b55af79,relative_storage_key,cell-crops/9696ad8c-6c01-439f-afa5-29d7f5234348/c6ffc450-182b-4d59-bf0d-1090bd076903/dd3b1716-0bb9-4523-9fa9-61bc274925d8/f93f4f56-9778-4ff7-85b7-f4d34585fcb8/crop.png,5469,b95ed23c6d833f033f3b4e8fe3c832d0aa4f015f513ece08764622de576a04dc,cell_crops
cell_crops,0d83ddf7-9540-4f51-8b3c-6724b61b2913,relative_storage_key,cell-crops/c9a6b7af-881f-47da-980a-1a2c2b743a1c/03505d0f-434b-48ac-ae42-76750f4fbc1a/a0889d56-1430-4a7f-b67c-e21291ac9ed7/e3187730-745c-4bee-bfe3-7af93e9de077/crop.png,1297,60834457527f756558d1831d10230bbcc1d56d2f3bad49bc910fed617d5b6e51,cell_crops
cell_crops,0d90b564-6fb0-46e2-9683-ffba987f0750,relative_storage_key,cell-crops/e11b10f7-d1c3-4d6a-9e69-a4b6bc1abc46/1db1a505-3eaf-456d-b123-7b9f8ee77762/339d62a6-0363-472b-b2e3-4a7befd2c42f/abcc7bb5-68b8-42f1-8c27-bfcdae83dfbb/crop.png,3161,1c4abb9372f8e7673de0e9494576cb282efd5cabd115690d69d721af62453c9b,cell_crops
cell_crops,0d9aad28-8b8f-4e57-8724-df6ddde20b30,relative_storage_key,cell-crops/e11b10f7-d1c3-4d6a-9e69-a4b6bc1abc46/1db1a505-3eaf-456d-b123-7b9f8ee77762/339d62a6-0363-472b-b2e3-4a7befd2c42f/577cdeab-9ca4-4356-9d64-72a7e5cb1d27/crop.png,2263,f759bd1fdf3e6ae5c6a19ff8037212354de48c701947ccb241d848469b5f20a2,cell_crops
cell_crops,0db2bee6-f6c0-4245-ae0c-11a774db13b9,relative_storage_key,cell-crops/05b33155-8921-4eb9-9920-af67decfe454/6278de2c-44dd-4a75-aca2-9708e58437ba/92e2e64a-1c82-402b-b24d-75d43d50a17f/be9cd17e-7fc2-4222-83c9-b34433178240/crop.png,5552,19caa8c3e5df2b32f0bb3ce21e0a8f921bbf4199b5e250e56ac251a478db58b2,cell_crops
cell_crops,0db79edc-6994-4868-a6db-f5861b1185f7,relative_storage_key,cell-crops/54e278de-2381-4a05-8faa-42bf761f6688/50b0884e-ddde-4252-be9d-058151c986c4/f4400105-33b9-4bc0-860b-010b1cf3d386/f115e2b3-c3c2-47ee-aec9-8bdd67961411/crop.png,1863,f8f78fd2c81de2efbced3ba69d86efa86e4dd35017c074e65708f248b42a74d7,cell_crops
cell_crops,0dbeeea2-e237-44f1-9d46-dffda08bd09b,relative_storage_key,cell-crops/d28e9146-5ad9-4df7-8af4-1b8901780c2b/f196b05e-1e21-41c5-8292-1c802004009a/6948fa72-3ff5-45bb-beb5-8ae3bba8b6d6/824ca847-adf6-4235-aee9-384e35390353/crop.png,10144,743948b88fa65e7b92eb082aa5db25deebe82180da35c739791025380f50992a,cell_crops
cell_crops,0dc22ecc-87af-44ca-aceb-e414156869b8,relative_storage_key,cell-crops/fce4a23b-7725-4c69-960b-5c9cd9b68f50/c6ecf996-e832-44ad-89bf-2ca55d1d46d5/5ecbdf28-e01c-4b51-ae7b-f9d88c6b9aa5/b93717a6-0644-45e9-8c07-93bd2e11e88d/crop.png,3800,efcb871dc464cbb0d3b3da1167833dd43502b4aacc9c7a3f26911e9c7dc59812,cell_crops
cell_crops,0e015d90-2151-4cd8-86dc-effc24313b11,relative_storage_key,cell-crops/7a11c0f4-a9d7-4446-a5f2-437ffc334a6c/0ff18f89-6fbd-4755-8e89-15227de46f41/3dca4192-f767-48f3-a7e8-59e22d9db3f9/1611aadd-e73c-498f-98aa-306b2d28e268/crop.png,3713,f493d7f3c8f6231dbbbeb39c9971d1d946fcf84b27cd33bfcce8b4a0027c2a0b,cell_crops
cell_crops,0e358901-41f0-41b2-bd09-da6e479b7e83,relative_storage_key,cell-crops/5f35abbf-10da-4c5e-b4d7-0b2e59de51f2/99ac88d3-5c9f-4fc3-8d6a-abadae1ee80c/b0ad2c3c-3de1-4628-bf32-d60536a0da80/997f4138-64e5-42e7-804d-453f3e71c2d2/crop.png,27905,0522c75cf62c813f8fc03c6e121385fd784c32aecfec5f74b4710ff2160399f4,cell_crops
cell_crops,0e531b01-b91c-437c-b7ac-b7e851e8e991,relative_storage_key,cell-crops/5d9ca4e3-60b1-4a9f-aba0-8a5edd13510a/3f2dc1d9-eb62-44b3-a325-2d8db65a585c/0c7ee510-e240-4b6f-b8bc-352c4dd9aa20/8f4b86f2-59ed-4f93-a719-b1cb14ec9078/crop.png,4036,4fc99ea3e4620b65d7606e78bbc4e52d43e9f83a5d77a5c25d2a72551db7585e,cell_crops
cell_crops,0e6f1bc7-e75e-4200-86fc-0767a007fa73,relative_storage_key,cell-crops/4e1ca921-c5c6-4d89-b035-2d7dd99040d5/b9f975b3-7cd8-4b9a-a2cc-1bd9a76d924c/dc6df3c3-f03e-4261-bd4c-a2df5e0f0d88/c930685b-30fb-451f-9900-e041fee9627d/crop.png,1504,3f158728b00c6e61b4ca799ad9e3bd04ede8cc188c0d3a35f13fc6b0a41d2a44,cell_crops
cell_crops,0ec68b7a-a793-4fe5-a102-540b0e3b8b02,relative_storage_key,cell-crops/7ef7cff8-899e-428e-b89a-36803c0575b3/04bafb48-259f-4626-82fb-a3359ee3160b/26ddb17b-1b89-4301-8f40-011ccf0f40dc/2bad8979-f569-4a5e-999c-48e3510d5c24/crop.png,6139,ce4ce41ac469363d7638588eda13c15cbb461f2fb5393f90f187bdad38a6d2ec,cell_crops
cell_crops,0f0961dc-7a14-421f-9a92-21ba911e99ad,relative_storage_key,cell-crops/72906de0-83a0-4e98-940e-735fe5fb2363/c3c7a47a-b9d7-41c8-a8db-3269a23bca95/452e4d39-1e65-4a32-8a6a-e88382ac7aa6/227b95a5-f140-4150-8fd5-c974ed7dbe6c/crop.png,4038,099ea2d284ece563b40c9b1d83639f5417035e4051b004ad5e990d8780a478b9,cell_crops
cell_crops,0f09831d-cece-4f4d-8a74-19541ae115e5,relative_storage_key,cell-crops/9696ad8c-6c01-439f-afa5-29d7f5234348/c6ffc450-182b-4d59-bf0d-1090bd076903/dd3b1716-0bb9-4523-9fa9-61bc274925d8/aa431677-6529-4730-b8e5-f1ee1bc566db/crop.png,9312,61f3adb31290855b6c988bc975f4e305d914900b3b8a89debdf42f9443ab9f90,cell_crops
cell_crops,0f0d03c2-bcc4-4c31-a778-d9163aa5a24b,relative_storage_key,cell-crops/07c71166-93b3-415e-b764-6ca7344238f6/151ee7ee-b609-4e6b-985c-04af59a85470/9c45439d-fd87-46c3-944a-439ab92cbf89/2873f1d8-2e36-4d5d-89b7-1a5baa2a6771/crop.png,1884,80e401da166fc8b3ee16fb48297091505db2993bbb9cdc24c95468f088528fb8,cell_crops
cell_crops,0f2cd071-147e-455f-aa64-030c24457795,relative_storage_key,cell-crops/7be00fe5-41da-48c5-b2c2-9618f0a7c517/3ebcfc6b-b6e3-40b6-939c-33977196460c/8fa36d4d-c412-435a-a109-923281f0f43d/cdb5d531-81ad-4ca2-810b-1a30f2a502b9/crop.png,6312,7b3879a7d97578f340fa305f1ff2a2ed16740b36bac13e6f122e227721510f3e,cell_crops
cell_crops,0f30824a-21be-410b-a20b-7720298df232,relative_storage_key,cell-crops/7a11c0f4-a9d7-4446-a5f2-437ffc334a6c/0ff18f89-6fbd-4755-8e89-15227de46f41/3dca4192-f767-48f3-a7e8-59e22d9db3f9/531af477-d470-40e1-b100-ee2c69066d5d/crop.png,2550,75bd83f6ce9eb8b5271736404132b254d2503143c0d4824a75912434cf516b63,cell_crops
cell_crops,0f6b58b4-8233-456c-8d04-a27f95f84f0e,relative_storage_key,cell-crops/6dede06e-ae61-4920-bb2c-935cde2a5ff5/60bd296d-21d5-4d22-99bc-a023cb410f35/88dc4c92-8367-4c4d-a59b-da86d01b8d82/d154e12a-6531-4449-b93b-08e3c4fdc4c1/crop.png,13807,311766f6c012a12465d2f3d08b7c084284440718c2fda5633ec81fe644b74cfc,cell_crops
cell_crops,0f7289fb-88a5-4b6d-b4a3-30adf7457d05,relative_storage_key,cell-crops/54e278de-2381-4a05-8faa-42bf761f6688/50b0884e-ddde-4252-be9d-058151c986c4/f4400105-33b9-4bc0-860b-010b1cf3d386/f3144fd7-0c0c-4b08-bc6e-7ba819995890/crop.png,1513,2261792cf5f2ce5c507b958dc441d0194051f6c3015c26d21262130c7c6c3310,cell_crops
cell_crops,0f87f4d5-b487-4bea-859f-b786d49a5488,relative_storage_key,cell-crops/121a69bf-ba23-4014-892b-158b9c2b71a4/aa1323a6-7f80-4e1e-819a-ec182f045f3d/97fb12a0-df7f-455f-8e13-e0383ad3934d/d51e2b05-2715-4013-801e-45c442f133de/crop.png,16093,2ef9de13527812c2555ffa06f5176b5c4da552930b7b4be1b9696ec0a00df030,cell_crops
cell_crops,0fab3131-7a55-464d-8438-9adde4f6d91a,relative_storage_key,cell-crops/121a69bf-ba23-4014-892b-158b9c2b71a4/aa1323a6-7f80-4e1e-819a-ec182f045f3d/97fb12a0-df7f-455f-8e13-e0383ad3934d/c66746eb-2553-413a-9913-1f747cd82e89/crop.png,3484,467373d7e33a14facee0ad4e601c28b3136649c84844fb444bbfdbc6f6ea90bb,cell_crops
cell_crops,0fcecf19-a92a-48b8-92c4-1d15f029ac34,relative_storage_key,cell-crops/c9a6b7af-881f-47da-980a-1a2c2b743a1c/03505d0f-434b-48ac-ae42-76750f4fbc1a/a0889d56-1430-4a7f-b67c-e21291ac9ed7/71f082ad-5c88-4c4f-81f1-d9e3335cfe07/crop.png,3192,5c40b428630fbf538ac56358ed3df12b177ead054489bcf87060e3442b33e445,cell_crops
cell_crops,0fd12fb3-01d7-460d-9b12-a731a7489ca7,relative_storage_key,cell-crops/59a98cc0-24f4-424a-b208-3fe06063fa47/98626a4c-b3fc-464a-a4fe-90bc886c7647/c0a49ec0-99e0-4b2b-a9e4-1e2ec28655a0/7cea08dd-1707-49a2-af30-e73526b84f21/crop.png,3465,84054545f16ee943361d7f12bfa89ca7de0feab4289183211cdf7c8e1755bf15,cell_crops
cell_crops,0fe6bb5e-9fe1-4d1d-8b9b-69d5a8747411,relative_storage_key,cell-crops/59a98cc0-24f4-424a-b208-3fe06063fa47/98626a4c-b3fc-464a-a4fe-90bc886c7647/c0a49ec0-99e0-4b2b-a9e4-1e2ec28655a0/d103d9d9-8f62-4367-8554-7507bf87e1ae/crop.png,3674,7e392bae231fc69610ef38cd277f37621a0bb098808fc1a14217cce9386dac05,cell_crops
cell_crops,10027bd3-5e3c-4c5a-9443-d227b38327ae,relative_storage_key,cell-crops/bc8b8317-c17d-4b7a-b737-5e40120559e2/8c8e678b-a6c7-4b8c-b4c0-d34745f32fe3/25cb85d9-3b89-46ca-982a-f71517c971ee/71e2c3ea-47e4-45dd-9a76-3c70cbf1f1b8/crop.png,7986,6ebbd4b2174c4682640a2c414133222a201cb6608a0d7905800ffd6081585bbe,cell_crops
cell_crops,10037d2c-9c8f-4480-976d-8fa5fb366063,relative_storage_key,cell-crops/211b65b9-8b1b-4bc9-bf8e-2572a00a3ecd/85d8a71e-e9ed-4062-a036-52e42dd89720/83b0bdb6-4441-49e8-b6a7-4de634e8d548/887b8087-29e6-4019-81fa-ba20c02b20fa/crop.png,1387,088984ef5a0d9bfb8dd1237a86bdde6e612dd7b1ca5d6a76b65fe1bd9e018a6a,cell_crops
cell_crops,10173c17-1b20-4363-8c46-fff448334a7e,relative_storage_key,cell-crops/7eba770f-f337-4ed5-b174-fb4c18baaae5/0074b7b4-1a21-4123-9fb0-7a7e78c65792/6a4c1def-59d7-4111-8a64-9cfb8e00ba8f/ab47d2cd-e8f6-4b0e-9c34-6a6006b45c98/crop.png,6430,0cedbb4a1022f603ec600be8d0f0b87f0ac24c46588aa1438dd48c4aa02ec767,cell_crops
cell_crops,1018668b-3a85-4d69-856f-10fa23f91729,relative_storage_key,cell-crops/1c49c468-795c-45ed-98a4-e3670ddd5182/2f40a287-e0d5-4ab9-919e-a1ddfe57b9bd/2ac85463-e0b3-4c27-bb72-7ffdae1f53ab/b105d4d9-406e-4c85-b16d-dde115b92e2e/crop.png,4189,9b9ee0586ab8b41025169be07bff004b76263a6e090c5afc2eb23b18d798c035,cell_crops
cell_crops,103065b0-e282-4a6e-8135-461c8a4a4e3a,relative_storage_key,cell-crops/4e1ca921-c5c6-4d89-b035-2d7dd99040d5/b9f975b3-7cd8-4b9a-a2cc-1bd9a76d924c/dc6df3c3-f03e-4261-bd4c-a2df5e0f0d88/39823d88-40bb-4138-84e0-661fbc3286d5/crop.png,2815,224fa696521a4a61038da57694261c84ff48095083572599239324466055c022,cell_crops
cell_crops,104454a7-856f-4171-9e8a-388a2ce65b2d,relative_storage_key,cell-crops/9696ad8c-6c01-439f-afa5-29d7f5234348/c6ffc450-182b-4d59-bf0d-1090bd076903/dd3b1716-0bb9-4523-9fa9-61bc274925d8/20b6da42-c1de-415e-8a96-e2b070b2b841/crop.png,810,0f2fa4b4d5f38eb9045ea55bd0efc5b18fe5f23e40fbe45941f43baf7b1541c2,cell_crops
cell_crops,104d744e-a609-4cc8-9ca4-cb4c8723e78a,relative_storage_key,cell-crops/5d9ca4e3-60b1-4a9f-aba0-8a5edd13510a/3f2dc1d9-eb62-44b3-a325-2d8db65a585c/0c7ee510-e240-4b6f-b8bc-352c4dd9aa20/ae5586b6-0239-40c3-a8ca-ecd6c3e279f9/crop.png,8737,a02d6bc7348bc47da9a1aabf99b4dc3d673a1248d7f93ca75c448d4bc378acbd,cell_crops
cell_crops,1064f585-26f1-4360-a116-15105db32235,relative_storage_key,cell-crops/bc8b8317-c17d-4b7a-b737-5e40120559e2/8c8e678b-a6c7-4b8c-b4c0-d34745f32fe3/25cb85d9-3b89-46ca-982a-f71517c971ee/cd9fdb0e-5571-499b-9cdd-8fc0fd7181fb/crop.png,9101,0ac84f4126eacfab1201e195e3bcc4f2890e4b240ae47b3eb9b273ab67e30817,cell_crops
cell_crops,1067b393-8559-4686-a150-81305c5364ef,relative_storage_key,cell-crops/ae68a99c-11f7-457a-88f8-3cef9a144958/618af6de-bfab-495e-8634-e484d620ee21/650c7580-8b2e-4bc4-88e8-bf03c5bb423d/0247c5c8-9c03-4ae0-bd0f-87f930292e7e/crop.png,1476,c5ef6e01b171461671bdd4d6282e572b798e722fd28d1ff6e7169abbe95224a3,cell_crops
cell_crops,106dbae8-cb22-4be7-98cb-b3a57383fd82,relative_storage_key,cell-crops/9696ad8c-6c01-439f-afa5-29d7f5234348/c6ffc450-182b-4d59-bf0d-1090bd076903/dd3b1716-0bb9-4523-9fa9-61bc274925d8/4e4da5e7-c315-40e5-bbe4-9e03fe7e1561/crop.png,2844,f2c8b964cdf52ff5079ac88932259f3744279b7caf0406c7cd8159198dd20f0b,cell_crops
cell_crops,1070317f-2663-4201-8dd4-edcf8a79dbaa,relative_storage_key,cell-crops/b0a5839c-3668-4411-b590-cc1d8fed470e/bf423fe1-2fc5-4662-9eda-ff1496c1bba9/c2a6cffd-18de-474e-ba04-2bf65b0f4f8c/b8314645-06e2-42b1-a701-374e813a75f6/crop.png,3071,387619155d2f3c0f9227426898efaa4cbb5441eca809a9c4bcb1712d77edece6,cell_crops
cell_crops,108d4ceb-cf4e-46ed-a2c8-34aab80403e6,relative_storage_key,cell-crops/b0a5839c-3668-4411-b590-cc1d8fed470e/bf423fe1-2fc5-4662-9eda-ff1496c1bba9/c2a6cffd-18de-474e-ba04-2bf65b0f4f8c/7d08df64-ea82-47bd-ac5e-2dc31f88579d/crop.png,1311,047cf38fc7630b1a4628453fd9f0f84b73697f4e1ec73b4087f3a4d9040cb41d,cell_crops
cell_crops,10ac168b-2ddc-4120-8d94-b530012d3e01,relative_storage_key,cell-crops/db1855bf-e94d-43ea-86dc-5c1d21c82206/70a62caf-67c3-44f5-8752-596e9432c4ca/f914626e-fa1c-483a-ac2d-a7ebce6130f5/66e0a4e1-9858-44d5-a86f-7fcad5af0684/crop.png,3620,f609b4bc362dd71f81e787d0a664bd97d4c37b4fa3bd1f8e87ed051e6321286a,cell_crops
cell_crops,10c319e8-dfb7-4b30-975e-ff696d4a22d8,relative_storage_key,cell-crops/54e278de-2381-4a05-8faa-42bf761f6688/50b0884e-ddde-4252-be9d-058151c986c4/f4400105-33b9-4bc0-860b-010b1cf3d386/03e1a675-440e-4025-83be-3ff5d92f51ee/crop.png,4163,77611a754a5554f2759a979bd302c5ff298aaed7cc43aafac60f8a6ea1b1ab27,cell_crops
cell_crops,10d86189-8dcb-4c99-ad45-872dddb40dd4,relative_storage_key,cell-crops/c9a6b7af-881f-47da-980a-1a2c2b743a1c/03505d0f-434b-48ac-ae42-76750f4fbc1a/a0889d56-1430-4a7f-b67c-e21291ac9ed7/e0282597-3938-4056-8c8a-63c6bcce70e5/crop.png,7940,79a84070841f2d8068a0e3a94c4c87b73dc48dd9a5a7a19d2392070d98fc9da9,cell_crops
cell_crops,10f4a3c3-e29b-4cf0-aba3-daefd6823142,relative_storage_key,cell-crops/4e1ca921-c5c6-4d89-b035-2d7dd99040d5/b9f975b3-7cd8-4b9a-a2cc-1bd9a76d924c/dc6df3c3-f03e-4261-bd4c-a2df5e0f0d88/15296d98-b46a-44bf-9a58-c0b97c4fdd33/crop.png,5969,4107bb6656d85b7b278d68b225fe30bce217818a99c0a8c662688c688db6929c,cell_crops
cell_crops,10fbe4b7-3059-4543-929f-f19fa7455f19,relative_storage_key,cell-crops/07c71166-93b3-415e-b764-6ca7344238f6/151ee7ee-b609-4e6b-985c-04af59a85470/9c45439d-fd87-46c3-944a-439ab92cbf89/dec1f865-572a-4bb1-9230-6db429c04c29/crop.png,6843,f4d191b94bd96df2bb5722a2c1077433c488229e88a03cef763ecd80aed66874,cell_crops
cell_crops,11216bac-ea83-453b-89d5-de62d62e24c2,relative_storage_key,cell-crops/6dede06e-ae61-4920-bb2c-935cde2a5ff5/60bd296d-21d5-4d22-99bc-a023cb410f35/88dc4c92-8367-4c4d-a59b-da86d01b8d82/f5f363fa-fed7-495d-bafc-be6e9db79f86/crop.png,8691,b4bec4dcd7ea2a1ea869ddcdec59c3c101f58793e0e1040a2213ba09346e5a6c,cell_crops
cell_crops,11373f3c-3384-416a-a953-7329f7b951c9,relative_storage_key,cell-crops/25afdd28-85df-4a2a-9dab-2727ced6821b/f5668b77-a7c4-4ed2-aade-94bbf92900cf/08cd9b57-9a64-410c-8133-1dbdbf2e697c/32e4dccf-3121-48d7-b6b6-5bdf3ff27e85/crop.png,1435,e178bd6165aa8ef1d402d81fff2c9ea8f6da1fb17df35b96849ede069787bbae,cell_crops
cell_crops,115bdeba-6d32-48a8-9783-122b62ebfdc2,relative_storage_key,cell-crops/aac2f7a6-e279-42c1-8035-33134bfdf3eb/881590dc-6d13-4137-ba82-d28d2ed5199a/34070251-bc08-40a2-b33a-35ad175a7189/c6e30af3-29ac-45f1-8f38-5963ad60af45/crop.png,5856,721bcc2cadcdaafd79bbc5362b6c20fc50daa6b24692f6323aaf08baf282b3be,cell_crops
cell_crops,11728034-2ac7-407d-b587-4a8a0fc4e1b8,relative_storage_key,cell-crops/05b33155-8921-4eb9-9920-af67decfe454/6278de2c-44dd-4a75-aca2-9708e58437ba/92e2e64a-1c82-402b-b24d-75d43d50a17f/0d60e66a-abde-41ae-8048-0c6b267a5018/crop.png,3465,84054545f16ee943361d7f12bfa89ca7de0feab4289183211cdf7c8e1755bf15,cell_crops
cell_crops,1177b3ce-c32a-48ea-a4f1-abcc4d3627ea,relative_storage_key,cell-crops/e11b10f7-d1c3-4d6a-9e69-a4b6bc1abc46/1db1a505-3eaf-456d-b123-7b9f8ee77762/339d62a6-0363-472b-b2e3-4a7befd2c42f/d40543a4-bce5-4201-a10f-c2985ef1bde1/crop.png,1139,70a78447ab12d1133d4379e6edec966cb7181730b06cb5269e9078c0e5b00a1a,cell_crops
cell_crops,117bb4de-bcca-4cf1-a349-9d142976d4b0,relative_storage_key,cell-crops/3a33d13c-ff5b-46ba-94b4-0710e5185301/a78dd7b0-8ddc-4cd7-bc5a-241f8b427de6/7ba97fb6-e951-4c3b-93d8-3958918f513f/352b58fa-7169-4b69-a2fe-a24c6f3e8813/crop.png,9734,79bb6367aa1442990afbae38c40e02bec11c81bd99f168c30401a6f3fb0a4e32,cell_crops
cell_crops,118d0214-d6f4-44a3-a737-3c76894620f3,relative_storage_key,cell-crops/db1855bf-e94d-43ea-86dc-5c1d21c82206/70a62caf-67c3-44f5-8752-596e9432c4ca/f914626e-fa1c-483a-ac2d-a7ebce6130f5/52d68ca7-287a-49f5-88e2-7a7aafad2b8a/crop.png,3236,4f26d6abd1340895db3ef16497f6c54ea350e3d405721c2ad8d0adefe9d57dc0,cell_crops
cell_crops,11a91cf2-9c6b-4edd-9069-f699d452d4dd,relative_storage_key,cell-crops/1c49de91-f3ba-4794-8cbd-62bc966049c5/1007bc39-4bca-4a32-9069-5c8180b174db/cdcfc6c7-12a5-4405-8fb1-213826f88d05/87b46feb-f8f1-4a97-a022-9e7288a10be0/crop.png,2646,0e62391d7150da6911558a8be0ea9177a4a240ecdf47a57bb2e6d053a18d48fa,cell_crops
cell_crops,11bc90a1-f90e-4c97-bcb3-e300dfc3adcf,relative_storage_key,cell-crops/4e1ca921-c5c6-4d89-b035-2d7dd99040d5/b9f975b3-7cd8-4b9a-a2cc-1bd9a76d924c/dc6df3c3-f03e-4261-bd4c-a2df5e0f0d88/3cb896fd-6345-4338-a124-5fc19c440f95/crop.png,1784,d021c6a3e0fbd630f8a7312a74f64341b4fd8f7b9f3e1701c098e0d861e40a90,cell_crops
cell_crops,11bee7e6-dae3-471b-b2c4-c54c425df87a,relative_storage_key,cell-crops/7ef7cff8-899e-428e-b89a-36803c0575b3/04bafb48-259f-4626-82fb-a3359ee3160b/00b8d663-89b1-4dfe-8f8f-9a01bca4688b/66b0ad15-9226-4053-846a-92c5354701f6/crop.png,2762,1674b3999eb11167b66b5f3d8fb148198a63fa11cfdf5d31b49e9287dadb30b2,cell_crops
cell_crops,11d7e246-eefa-4dd8-931a-1b4630e31cc9,relative_storage_key,cell-crops/ae68a99c-11f7-457a-88f8-3cef9a144958/618af6de-bfab-495e-8634-e484d620ee21/650c7580-8b2e-4bc4-88e8-bf03c5bb423d/07d42a7d-6cc6-4176-8611-2207e74240e1/crop.png,3091,3d80ef22f5041f162d9af281dabdead4e6a8ce86f4873d864279ac3ebf81b70d,cell_crops
cell_crops,11f231b8-1e34-4cef-a4a6-c36d5946a7de,relative_storage_key,cell-crops/c6209893-144a-447d-a436-fe89fc140cee/f088ac8e-c214-474d-837d-53532f4ef947/43249c8b-9008-49c9-8246-2b24989143a2/9adefa4d-f585-4bb5-84a7-f88ca7f8c109/crop.png,7766,3ab80145f6788446c263257a7fe34e84a20a1111007c3843359dfd4336b8e05e,cell_crops
cell_crops,121351a6-6204-4983-99f1-1eb15f8eb6be,relative_storage_key,cell-crops/4383bcb6-1595-4b3c-9c6f-ced12863a762/f6d15c09-591e-4808-aff5-02f7c8c4d239/25a1a8fb-90d3-4cfb-b43b-20ee3b4b7788/fa5f2114-6453-492e-8d37-1a8728a17503/crop.png,4192,08f08049f54c75fea90f8eef45e4dd4ec29707dfe183a754825dc0c5c581e9b1,cell_crops
cell_crops,1217b901-8e64-48fd-a134-c04765d9923f,relative_storage_key,cell-crops/c9a6b7af-881f-47da-980a-1a2c2b743a1c/03505d0f-434b-48ac-ae42-76750f4fbc1a/a0889d56-1430-4a7f-b67c-e21291ac9ed7/c6e717ad-86c1-4709-8305-a88dba2e1402/crop.png,1898,4b4551e884aa9111872a5fe1a7c38e5401e74f8667c03781a27b55545b4431fe,cell_crops
cell_crops,1248b1c7-7e03-4864-8ce0-cb6407434587,relative_storage_key,cell-crops/4383bcb6-1595-4b3c-9c6f-ced12863a762/f6d15c09-591e-4808-aff5-02f7c8c4d239/25a1a8fb-90d3-4cfb-b43b-20ee3b4b7788/017aef2b-dfc9-4642-a531-4981c5fc7e40/crop.png,4068,30aacf2678fcf4e463854979765835a9b00d28474565601cf2f5fa741bffa866,cell_crops
cell_crops,124c671c-1f91-49ec-b996-ef145a315e6b,relative_storage_key,cell-crops/54e278de-2381-4a05-8faa-42bf761f6688/50b0884e-ddde-4252-be9d-058151c986c4/f4400105-33b9-4bc0-860b-010b1cf3d386/617eddb8-9984-4237-9032-8625302774fe/crop.png,14591,8b586776912a148cdf9feea420a10615015505a3bb587d4e316e8f1c44bb10f2,cell_crops
cell_crops,125cee51-b684-463d-8063-352c48a43dca,relative_storage_key,cell-crops/e11b10f7-d1c3-4d6a-9e69-a4b6bc1abc46/1db1a505-3eaf-456d-b123-7b9f8ee77762/339d62a6-0363-472b-b2e3-4a7befd2c42f/ec71ef23-01a8-4399-9399-89e80643f6e2/crop.png,1700,1889318e992ac15f1f8fe84441e19873b44d2fdbf90751f14654248ee73b44d0,cell_crops
cell_crops,125edcc5-666c-4075-ab5f-6ba0bb03fd36,relative_storage_key,cell-crops/5d9ca4e3-60b1-4a9f-aba0-8a5edd13510a/3f2dc1d9-eb62-44b3-a325-2d8db65a585c/0c7ee510-e240-4b6f-b8bc-352c4dd9aa20/f343a359-5f83-48a8-80c3-cb6d1fddf29d/crop.png,4150,03df961773c9cd0b9589f682940dc953251413c25ccb4ef37de9dce8e90b85f6,cell_crops
cell_crops,1275b1e0-4414-4755-bc02-25a29ce13bbf,relative_storage_key,cell-crops/d28e9146-5ad9-4df7-8af4-1b8901780c2b/f196b05e-1e21-41c5-8292-1c802004009a/6948fa72-3ff5-45bb-beb5-8ae3bba8b6d6/3702ea5f-b609-4d2b-bd31-da7233e6319b/crop.png,8550,36714fe3d62e4473d62a61c04bf17bb48fc6c6dc03caca8dfcb3561df1f1e6b0,cell_crops
cell_crops,1275dc87-4709-4bb3-8348-07c79d506d66,relative_storage_key,cell-crops/211b65b9-8b1b-4bc9-bf8e-2572a00a3ecd/85d8a71e-e9ed-4062-a036-52e42dd89720/83b0bdb6-4441-49e8-b6a7-4de634e8d548/5645f778-e1e5-442d-b31e-c866de905dcf/crop.png,1410,dce220c03c3f367cbb51c55ae5e413bdef0fd562a8bf7c8a4097df99c4c63fc6,cell_crops
cell_crops,12825bd5-964d-4546-901e-faf6368fa816,relative_storage_key,cell-crops/52c4864d-1788-41db-a1d2-883ce7d83a58/490887fa-b3af-4136-85dc-8ae66e413acd/bf339bce-cffa-48e9-a044-4b9df2cc36b4/708fe0b7-d726-4140-b855-37bef38434a2/crop.png,1568,f6bcbd61222c66e293d40731665990bce9b18beb2ced18de741e8efa7dd39786,cell_crops
cell_crops,128d9d3b-639e-405a-9d4c-b176bc6c0e5f,relative_storage_key,cell-crops/52c4864d-1788-41db-a1d2-883ce7d83a58/490887fa-b3af-4136-85dc-8ae66e413acd/bf339bce-cffa-48e9-a044-4b9df2cc36b4/fce1c021-e80f-4dde-9a74-d8114a399435/crop.png,10435,c1be9545a8d165ae4955a2acaf70d188bb03549d2cbe818fa6eb2548184a0790,cell_crops
cell_crops,12b00252-2473-49b4-9fb2-8dd8cb4723b8,relative_storage_key,cell-crops/5f35abbf-10da-4c5e-b4d7-0b2e59de51f2/99ac88d3-5c9f-4fc3-8d6a-abadae1ee80c/b0ad2c3c-3de1-4628-bf32-d60536a0da80/df727da6-66cc-4e33-a5a8-2d85db6ed6f4/crop.png,6408,95de27002ffd70e7112e087a963911ce702bcdb2a7bfc28c47c46b0da4717b4e,cell_crops
cell_crops,12bc96b0-7e2c-444d-9b40-956f18539ec6,relative_storage_key,cell-crops/4e1ca921-c5c6-4d89-b035-2d7dd99040d5/b9f975b3-7cd8-4b9a-a2cc-1bd9a76d924c/dc6df3c3-f03e-4261-bd4c-a2df5e0f0d88/b2245c92-8672-4ec6-819c-98e6f1c33bde/crop.png,14954,ba27e0b7f21d5f04607b900514f560f3c2db7c744875ad697befee2dc2a02aaf,cell_crops
cell_crops,12ccd8d2-dd80-45da-b112-d22e27dba52a,relative_storage_key,cell-crops/07c71166-93b3-415e-b764-6ca7344238f6/151ee7ee-b609-4e6b-985c-04af59a85470/9c45439d-fd87-46c3-944a-439ab92cbf89/68d9bd8f-fb1e-482b-8b59-87175a03b17d/crop.png,1446,3f0527a0fa3f8a4ad39c4581a392bbebd80e59bff024adb1a0ba0c6ac841a423,cell_crops
cell_crops,12ee1427-7b8c-4889-976d-3ad26c9b875f,relative_storage_key,cell-crops/e11b10f7-d1c3-4d6a-9e69-a4b6bc1abc46/1db1a505-3eaf-456d-b123-7b9f8ee77762/339d62a6-0363-472b-b2e3-4a7befd2c42f/fd5fb5a8-f999-4d7d-9f6b-1fab9f935429/crop.png,1328,2f5b5e565aa84d195877e0d8e5c0a548e59b761d95dbe3447aa4b7670ab5988d,cell_crops
cell_crops,12fb1bd7-aa2c-42e8-850a-dcc0472d3975,relative_storage_key,cell-crops/8b912699-0346-4eca-9a3f-992922f65702/c5ca90cc-e321-4501-82f3-a2e0ef0f51a7/51a1e5c5-fac7-4ab5-b6dd-bef48d583434/4973122e-abd5-4b71-9c2b-278ee3038a27/crop.png,5923,809cc8fc88c0fd8eb53e469ddc0acc393054597e7c840a523aac6c7d6196fca0,cell_crops
cell_crops,130430d8-9c5b-4772-a336-7b818d742457,relative_storage_key,cell-crops/7ef7cff8-899e-428e-b89a-36803c0575b3/04bafb48-259f-4626-82fb-a3359ee3160b/849d1772-b3d7-402e-82b3-2942cd77a889/99076db5-46f4-478e-89e5-f1539049c4fe/crop.png,4351,1e66252a090d5bf6fa7ab7591ad4cf34a8733972e46785a6f58d16f4662b0757,cell_crops
cell_crops,131a5dd7-adab-4d18-bbef-d254cfc8d4b0,relative_storage_key,cell-crops/4e1ca921-c5c6-4d89-b035-2d7dd99040d5/b9f975b3-7cd8-4b9a-a2cc-1bd9a76d924c/dc6df3c3-f03e-4261-bd4c-a2df5e0f0d88/3d99aa5c-1c45-433c-b7d4-c96de412ec2b/crop.png,1517,10052df41eeb03b6463d4eec2d11092964450f455ee5342bb47a2cf321c82dad,cell_crops
cell_crops,132af747-c3b8-4783-a084-ae6afa5f41ce,relative_storage_key,cell-crops/c9a6b7af-881f-47da-980a-1a2c2b743a1c/03505d0f-434b-48ac-ae42-76750f4fbc1a/a0889d56-1430-4a7f-b67c-e21291ac9ed7/6b13a501-18b3-46e5-9d7c-1f3f2c9a1f88/crop.png,4188,037ed411baf83207196e7c48bd03c3fbcb3cc3560f4760dab57d7704970bbdde,cell_crops
cell_crops,13431f3b-4bd5-4574-90fb-a994acc4768e,relative_storage_key,cell-crops/bc8b8317-c17d-4b7a-b737-5e40120559e2/8c8e678b-a6c7-4b8c-b4c0-d34745f32fe3/25cb85d9-3b89-46ca-982a-f71517c971ee/fde11ac2-2b60-43da-8d97-be178595a948/crop.png,4079,28c7f707bf3a5c0d4fbf368fa2db33909a8022bb63b29d3006171287b7b6337f,cell_crops
cell_crops,134b92a6-fd97-4f5c-9fbd-4de3646080d1,relative_storage_key,cell-crops/54e278de-2381-4a05-8faa-42bf761f6688/50b0884e-ddde-4252-be9d-058151c986c4/f4400105-33b9-4bc0-860b-010b1cf3d386/dc0a8bbb-6ea3-4c29-bbd7-05fbac15e408/crop.png,8505,29ccc858433176bf44aae32b90ed7c222976c9667c8a6922b33e530c1e4d080f,cell_crops
cell_crops,1394eda3-f321-4d6f-95cf-2a3069f8d2ec,relative_storage_key,cell-crops/52c4864d-1788-41db-a1d2-883ce7d83a58/490887fa-b3af-4136-85dc-8ae66e413acd/bf339bce-cffa-48e9-a044-4b9df2cc36b4/0957023e-5665-4765-bda0-4eccd5122709/crop.png,2463,12d11711ff963cb8fae87047f971c5f75cddc73437cdc18411ff7c9f49b58687,cell_crops
cell_crops,139a0370-bc58-4faa-b276-004c139ee204,relative_storage_key,cell-crops/aac2f7a6-e279-42c1-8035-33134bfdf3eb/881590dc-6d13-4137-ba82-d28d2ed5199a/34070251-bc08-40a2-b33a-35ad175a7189/e2ea7fb0-2a09-434e-b2f2-a0e6d53b57c4/crop.png,2646,0e62391d7150da6911558a8be0ea9177a4a240ecdf47a57bb2e6d053a18d48fa,cell_crops
cell_crops,139b390c-4b67-43a1-ad53-68b1d0431c5a,relative_storage_key,cell-crops/c6209893-144a-447d-a436-fe89fc140cee/f088ac8e-c214-474d-837d-53532f4ef947/43249c8b-9008-49c9-8246-2b24989143a2/aef9b821-de8f-47bb-9126-2cc8d5a53e87/crop.png,3291,1c4bd669755d5752794530815bd4a8cc8b34b0f7a817da144787a70c8bee3fdf,cell_crops
cell_crops,13a5f2ed-18e4-45fa-9367-98717936a209,relative_storage_key,cell-crops/52c4864d-1788-41db-a1d2-883ce7d83a58/490887fa-b3af-4136-85dc-8ae66e413acd/bf339bce-cffa-48e9-a044-4b9df2cc36b4/e6faae10-0266-4aff-a49b-aca087cdcb24/crop.png,5432,0f871b4585c19cfe2a343dc556035712a8f224a9c2ce0e7dfd4d99f6b98e45cf,cell_crops
cell_crops,13c8d9bf-673a-4aa2-acf9-3c2f53984bb6,relative_storage_key,cell-crops/121a69bf-ba23-4014-892b-158b9c2b71a4/aa1323a6-7f80-4e1e-819a-ec182f045f3d/97fb12a0-df7f-455f-8e13-e0383ad3934d/aae8f4cc-dbce-4b2e-9f62-8c462d0ee269/crop.png,3008,33f605273aea3e19dc7d0cbdc607a703de17954266f645580e7f9255168b4056,cell_crops
cell_crops,13cec542-5fdf-4456-9110-2ea68c7a892f,relative_storage_key,cell-crops/e11b10f7-d1c3-4d6a-9e69-a4b6bc1abc46/1db1a505-3eaf-456d-b123-7b9f8ee77762/339d62a6-0363-472b-b2e3-4a7befd2c42f/b09ffe5c-d8eb-4706-a98e-91790d6f7e86/crop.png,1801,140fa2ed62a2e002264a10f60b8fb38bb04fa3ec0413941cc2e3988197ac4dae,cell_crops
cell_crops,13eb05de-7d56-407c-afbd-f08f053449ed,relative_storage_key,cell-crops/211b65b9-8b1b-4bc9-bf8e-2572a00a3ecd/85d8a71e-e9ed-4062-a036-52e42dd89720/83b0bdb6-4441-49e8-b6a7-4de634e8d548/1bf24a93-a868-43a7-9604-009895899fb2/crop.png,1567,8b36f13a1f7470be93e7a3cac8a89b3b3f3c38676343b7c07364eca391fc18f2,cell_crops
cell_crops,1410d117-39ea-41c7-86b4-8e02f9318415,relative_storage_key,cell-crops/54e278de-2381-4a05-8faa-42bf761f6688/50b0884e-ddde-4252-be9d-058151c986c4/f4400105-33b9-4bc0-860b-010b1cf3d386/a4f9ee0b-8088-4aa5-80ad-3cff52214c00/crop.png,10562,b78685754e48779a4f813845e3c50c647f72d31e7be2c76bd33a8b05f9d04cf0,cell_crops
cell_crops,143b2862-4a59-47ad-8c47-0de364ec513d,relative_storage_key,cell-crops/5d9ca4e3-60b1-4a9f-aba0-8a5edd13510a/3f2dc1d9-eb62-44b3-a325-2d8db65a585c/0c7ee510-e240-4b6f-b8bc-352c4dd9aa20/f85d2e77-7608-4a29-ab30-2d04529c7f4b/crop.png,899,eefecb9b6622af6ff3e22c1fe2bc633e537acd128688ba30f46a00123e01101c,cell_crops
cell_crops,1471c3e9-4849-427b-aaad-c8002b577153,relative_storage_key,cell-crops/39265da0-dd1a-4f17-89aa-1e661f9c473f/72553654-6802-48a4-964a-3fa748870a05/afee46ec-494f-4fe6-be85-353a4cfc0b56/b5a49d4a-640f-4cbb-a63b-3aa5095c4121/crop.png,3595,a692c2dd492a1e54bda6801383ac8f73c611254abec110b431be830fc6b63d02,cell_crops
cell_crops,1482645f-fd04-4b69-8fd8-1fe1c9865c86,relative_storage_key,cell-crops/7fd7ef40-bc9c-40d1-9e62-62bf0850c6b3/f6e252a5-7924-4e5c-bc63-8b711db60ba0/8a0187a3-03f0-45bd-ac3c-6e47c7999f03/588a65cf-2393-4e64-86df-77bf3ca9d7d0/crop.png,2189,eefd964afafa801cc32bd2c890400b121eabaf0830644dd817a98faa25aa0016,cell_crops
cell_crops,14f19b51-88b7-4174-8ca6-7151ba08e931,relative_storage_key,cell-crops/3a9a3ddd-a6fb-43b7-98e8-82fe65649b10/69a3938d-51bb-45d7-928d-1b35d46634bb/ea56489d-de29-4bcd-bf1e-16e83feedee6/d210a0f3-17a2-44e3-b83a-7823e7d41d4a/crop.png,9847,3ebdc27d418091b36fb148909345456e007bd115243e235a99c7547b29111d72,cell_crops
cell_crops,14f4e8a4-a2eb-4eac-9cc4-2b73092fa05f,relative_storage_key,cell-crops/7eba770f-f337-4ed5-b174-fb4c18baaae5/0074b7b4-1a21-4123-9fb0-7a7e78c65792/6a4c1def-59d7-4111-8a64-9cfb8e00ba8f/22c39556-eb04-4fd5-b4ac-a6ed164ce729/crop.png,5170,98426df24ae16ba6a206c99db3eb39f7fbe92ef78a444c00bc127cb9a559a160,cell_crops
cell_crops,150f418d-4743-439d-86fd-5c533556cc40,relative_storage_key,cell-crops/52c4864d-1788-41db-a1d2-883ce7d83a58/490887fa-b3af-4136-85dc-8ae66e413acd/bf339bce-cffa-48e9-a044-4b9df2cc36b4/bf64d8cb-00a8-44e0-b8b6-49ee35f958ba/crop.png,1334,6b12e1e4084a5ac42d10ef1cf4a0722771fd1155c26c28cde57b986f8affd752,cell_crops
cell_crops,151e0ad0-2a5b-4465-94b3-d7f6d470efb1,relative_storage_key,cell-crops/121a69bf-ba23-4014-892b-158b9c2b71a4/aa1323a6-7f80-4e1e-819a-ec182f045f3d/97fb12a0-df7f-455f-8e13-e0383ad3934d/512fdeef-2f8e-4985-bd9f-c4bf025b7bed/crop.png,1135,cc34b6baeab4b66d1ce4bf7634e5d556e0d7f6bf945f11407c9a52ad27824306,cell_crops
cell_crops,15325eeb-edf1-4728-b849-79b0a92779f2,relative_storage_key,cell-crops/aac2f7a6-e279-42c1-8035-33134bfdf3eb/881590dc-6d13-4137-ba82-d28d2ed5199a/34070251-bc08-40a2-b33a-35ad175a7189/c581eba6-f2f8-411b-8158-d9707a460939/crop.png,4577,22470afd8d96d81c9b35ad3bc2242e1c5ee342090e8c18eab066ad1ddc155605,cell_crops
cell_crops,154b6719-37b0-4927-90d3-1bda2cf171ed,relative_storage_key,cell-crops/93807208-985b-4d70-bb43-c7843db4141d/f4a29ede-288f-42ba-abf0-32395606ffc4/8d3b080d-2f56-4175-b76a-dc309555e9de/d091cc98-8315-4c0e-9cdc-587b81ef1b4f/crop.png,4150,03df961773c9cd0b9589f682940dc953251413c25ccb4ef37de9dce8e90b85f6,cell_crops
cell_crops,157bba1c-5c25-4649-8625-084e46114688,relative_storage_key,cell-crops/aac2f7a6-e279-42c1-8035-33134bfdf3eb/881590dc-6d13-4137-ba82-d28d2ed5199a/34070251-bc08-40a2-b33a-35ad175a7189/c7d75839-e1f1-4f2a-ad04-dec8c8d9d191/crop.png,2376,d23e34c9a4baaf2f0ce7d3aa5265098c7ff1406f95131904524f3391a0df7947,cell_crops
cell_crops,158cf5a5-8cd0-44c1-b1e7-fe6d76bbff2e,relative_storage_key,cell-crops/52c4864d-1788-41db-a1d2-883ce7d83a58/490887fa-b3af-4136-85dc-8ae66e413acd/bf339bce-cffa-48e9-a044-4b9df2cc36b4/0634d417-465a-4b65-9c42-be8abcca813c/crop.png,5512,2e56e3cc4d0baf49c8547b950a8bad9967e5278ff487dfa53b97531657a9daf5,cell_crops
cell_crops,15a2592b-4d96-47a8-87cd-90d66bd98ed7,relative_storage_key,cell-crops/7be00fe5-41da-48c5-b2c2-9618f0a7c517/3ebcfc6b-b6e3-40b6-939c-33977196460c/8fa36d4d-c412-435a-a109-923281f0f43d/aeba2184-3f8c-4f77-8fd8-9fe3a42fe083/crop.png,850,aa3de3ba71a8403de96b676a796a44e5731c36823c10133bf46785da2c422780,cell_crops
cell_crops,15cc078c-9e8d-49ce-9b06-ef494dd07652,relative_storage_key,cell-crops/b0a5839c-3668-4411-b590-cc1d8fed470e/bf423fe1-2fc5-4662-9eda-ff1496c1bba9/c2a6cffd-18de-474e-ba04-2bf65b0f4f8c/293680ba-8ea1-435f-a330-10257bf47071/crop.png,2427,e58c5282ac2df52b64197d4a391327d901aa58eb56c614732e364279447d6d58,cell_crops
cell_crops,15d51bd1-689d-43cd-a2d8-9383c91c3785,relative_storage_key,cell-crops/7fd7ef40-bc9c-40d1-9e62-62bf0850c6b3/f6e252a5-7924-4e5c-bc63-8b711db60ba0/8a0187a3-03f0-45bd-ac3c-6e47c7999f03/15a33c59-27d1-4811-a38d-59ef48eef13b/crop.png,3234,272ae57c4d43a89da3d52ff6f10c7063fbdfbc14c06c3a4f71802c31d63de38a,cell_crops
cell_crops,15e3f8b8-06b5-4b44-8df6-2da46e811900,relative_storage_key,cell-crops/c9a6b7af-881f-47da-980a-1a2c2b743a1c/03505d0f-434b-48ac-ae42-76750f4fbc1a/a0889d56-1430-4a7f-b67c-e21291ac9ed7/b290355c-16f6-407b-8017-37f98e297064/crop.png,2056,8b09dd34b59b5ae18e488ee59b0ac6ee6d3d7fa7b71998d6cf7236509c3ccbdd,cell_crops
cell_crops,15fdd3bf-b29f-4cae-9803-eeebf39b259b,relative_storage_key,cell-crops/1c49de91-f3ba-4794-8cbd-62bc966049c5/1007bc39-4bca-4a32-9069-5c8180b174db/cdcfc6c7-12a5-4405-8fb1-213826f88d05/da201ad3-44cb-476b-905c-445f6b22b9af/crop.png,2786,c9cc3a041901b936fc41d38baec64cb186cc6bd44842536d0c20ac4ffe3f8da4,cell_crops
cell_crops,163110f3-1867-4ce3-a7b8-1bcdfb827ff8,relative_storage_key,cell-crops/54e278de-2381-4a05-8faa-42bf761f6688/50b0884e-ddde-4252-be9d-058151c986c4/f4400105-33b9-4bc0-860b-010b1cf3d386/6ecca55f-7cfa-4357-920f-afec0d7daadf/crop.png,2448,a9925be47ab62c40a428a614e9d7f5382629401751a17739bce2a0578358925a,cell_crops
cell_crops,164ecde8-5ce5-4a5c-8a86-2ff9d35afe48,relative_storage_key,cell-crops/7fd7ef40-bc9c-40d1-9e62-62bf0850c6b3/f6e252a5-7924-4e5c-bc63-8b711db60ba0/8a0187a3-03f0-45bd-ac3c-6e47c7999f03/91a8e24e-7283-47ca-89d8-96f3dd2b40e6/crop.png,3125,7071920060b00588a8b29b960c1702da9f43aa3cd62dfd3f4f2f30950a0a6924,cell_crops
cell_crops,165a44ad-2c1e-4a03-b97f-87060854bd72,relative_storage_key,cell-crops/4e1ca921-c5c6-4d89-b035-2d7dd99040d5/b9f975b3-7cd8-4b9a-a2cc-1bd9a76d924c/dc6df3c3-f03e-4261-bd4c-a2df5e0f0d88/6e0b03c6-4084-4aed-9f1c-4fa09df7ea2f/crop.png,5376,ff33668ef39d4767fa9593193b7253891639171d6f3b285348f676a505e7d25f,cell_crops
cell_crops,167f10e8-0234-4873-86cb-be20b5511587,relative_storage_key,cell-crops/5ad2e702-acee-4f0a-9a01-8a2ba6b24733/1abc6f5a-ce2e-4d43-a7b2-9323cf7efa1c/13514ba4-7c6f-40a0-a6d6-573684da9510/4e80c11d-3959-472d-918f-7b7dc7314fae/crop.png,7249,b6e6d05eaeddebfdce419ff111364eab0786a93b8100bef82cfac92e206d7ef2,cell_crops
cell_crops,169a14d2-85f9-4c3e-841a-285434219c66,relative_storage_key,cell-crops/ba5fc281-07c1-46ca-8091-0c13e6753aa4/d33fb4ff-3366-4fff-9806-8ab03314dbd1/18b27447-aed7-42fa-9142-4bab96366973/d2fb136e-2684-490c-80c6-86c6d84985e8/crop.png,4123,ef6efd8c0e0b86ecb2e113bd8f2c47ac801a81f68660028c8bacc76c09c642ab,cell_crops
cell_crops,16d32076-1ad9-48d2-9fa1-f2e7975548da,relative_storage_key,cell-crops/ae68a99c-11f7-457a-88f8-3cef9a144958/618af6de-bfab-495e-8634-e484d620ee21/650c7580-8b2e-4bc4-88e8-bf03c5bb423d/edf475c3-cf56-4299-a3da-c461361af7de/crop.png,1887,f3e39123f16a5d747eeb5684a6be0e3c0db98ab8ebb75c7bfd21d74aeff9eb27,cell_crops
cell_crops,16e79147-57ce-4113-90db-c01476c7c528,relative_storage_key,cell-crops/7ef7cff8-899e-428e-b89a-36803c0575b3/04bafb48-259f-4626-82fb-a3359ee3160b/00b8d663-89b1-4dfe-8f8f-9a01bca4688b/cf8a60b4-521c-4b07-b3fd-2a6d18323e9b/crop.png,4549,06153b6b4b12e85b13c6d01f7d8f83a2d90b10fea1996122ce783449c468a523,cell_crops
cell_crops,17261aab-bc31-44b3-aea6-16cbadfcd30a,relative_storage_key,cell-crops/25afdd28-85df-4a2a-9dab-2727ced6821b/f5668b77-a7c4-4ed2-aade-94bbf92900cf/08cd9b57-9a64-410c-8133-1dbdbf2e697c/4f9dac15-c1d0-43bf-b97a-0ec1d6d60221/crop.png,2546,2417b4613a451fe111bfad641a0b7b6e936dbccd599f493b91a56e50d8449e0a,cell_crops
cell_crops,17384ecb-68c7-4cf2-9dc1-cc600f1b695b,relative_storage_key,cell-crops/1c49c468-795c-45ed-98a4-e3670ddd5182/2f40a287-e0d5-4ab9-919e-a1ddfe57b9bd/2ac85463-e0b3-4c27-bb72-7ffdae1f53ab/3f60e774-821b-4103-b8fc-323b46e5f227/crop.png,4355,bfca77d111d39636e5af7b669cfcf15433f2da3727755218cb4b6249b0b981a7,cell_crops
cell_crops,175d2331-f234-490d-be19-039a19cf5ff6,relative_storage_key,cell-crops/52c4864d-1788-41db-a1d2-883ce7d83a58/490887fa-b3af-4136-85dc-8ae66e413acd/bf339bce-cffa-48e9-a044-4b9df2cc36b4/1fa94aba-05cc-429c-b8dd-85a2a038c967/crop.png,5101,87cfa0b8b1d0a75e75f98109d2a6cb5a64676484fca05b394c6a8272ee72ef11,cell_crops
cell_crops,1771617e-36d4-46ec-b8d0-7b260a187a05,relative_storage_key,cell-crops/7ef7cff8-899e-428e-b89a-36803c0575b3/04bafb48-259f-4626-82fb-a3359ee3160b/00b8d663-89b1-4dfe-8f8f-9a01bca4688b/6a6fd780-f38f-4da8-ab67-d79e358091c4/crop.png,3844,02caa142467486f94b4c74ce759630764bf2b3fa0f590575828590256251fcac,cell_crops
cell_crops,17848843-2193-4c8d-bd5c-ee28fd55b7d3,relative_storage_key,cell-crops/383c9700-4823-4ef4-a3f6-c8bac0a28dd4/0d86637f-bf43-4c20-a000-30e6e09038ff/e4296ff7-9e31-4bd9-8593-2615946bcceb/4b9c0dae-5546-48c5-b415-af6f1523806f/crop.png,686,db9d94468294deee77c9068ab47cb4af3e942beb3933991ae2f8f1f47ee8e371,cell_crops
cell_crops,17cf5dc5-39d6-426a-8779-950715a35add,relative_storage_key,cell-crops/c9a6b7af-881f-47da-980a-1a2c2b743a1c/03505d0f-434b-48ac-ae42-76750f4fbc1a/a0889d56-1430-4a7f-b67c-e21291ac9ed7/34ef767e-33ef-45cc-ac21-c10309afd8b6/crop.png,5464,3297805410bbe8d6e3039c5606a45d7b7d5a5043f0b7f4874606bc20ca169b0c,cell_crops
cell_crops,17cf9fbf-c25a-4d2f-a728-8d1cea4e2db7,relative_storage_key,cell-crops/3a9a3ddd-a6fb-43b7-98e8-82fe65649b10/69a3938d-51bb-45d7-928d-1b35d46634bb/ea56489d-de29-4bcd-bf1e-16e83feedee6/a2434542-f426-47a8-adb9-a51a6c51164c/crop.png,6298,b6560b36d4746935fb7ce0f5d80f8fea7e9ab7cf53c73eacf2dd6925a08f4e7f,cell_crops
cell_crops,17d9ec95-10e0-4e01-a9e7-f8713af194a8,relative_storage_key,cell-crops/4383bcb6-1595-4b3c-9c6f-ced12863a762/f6d15c09-591e-4808-aff5-02f7c8c4d239/25a1a8fb-90d3-4cfb-b43b-20ee3b4b7788/e612153a-bebb-40e3-8c63-72090e780959/crop.png,27171,441697c82e40586b081c0c88bdc23f470691216c15dd8efa6dbdf0c2f5414fcb,cell_crops
cell_crops,17f792ad-95a6-4ed7-8fd2-6dee11c8dfdb,relative_storage_key,cell-crops/ba5fc281-07c1-46ca-8091-0c13e6753aa4/d33fb4ff-3366-4fff-9806-8ab03314dbd1/18b27447-aed7-42fa-9142-4bab96366973/6f7aa3a3-c48a-4e96-bb32-707ae5c4c545/crop.png,12705,0e0d6a74c355c27937a4504d27ffa9a28eac4659a0cf84f8ec1b3b4a267b00d3,cell_crops
cell_crops,181df09a-883a-4ec5-91bb-16fa60394681,relative_storage_key,cell-crops/7eba770f-f337-4ed5-b174-fb4c18baaae5/0074b7b4-1a21-4123-9fb0-7a7e78c65792/6a4c1def-59d7-4111-8a64-9cfb8e00ba8f/eeb9c5f3-5128-4676-8810-435bd37849f5/crop.png,4070,73c30b290c68a3c629f40398b4afe25a00f44411e89d428b6a3ff4938d362076,cell_crops
cell_crops,183002c9-d44a-4efe-902f-1064710e0b00,relative_storage_key,cell-crops/93807208-985b-4d70-bb43-c7843db4141d/f4a29ede-288f-42ba-abf0-32395606ffc4/8d3b080d-2f56-4175-b76a-dc309555e9de/8fe3ab7b-a2ea-4ac2-9bb3-4e7e675ea5a2/crop.png,9050,bd55bf35ca5b85429069d296ab8650d67e87f1cbead182af287f03b6370f5575,cell_crops
cell_crops,1848b239-179c-4df6-b5a5-939f43ce33a0,relative_storage_key,cell-crops/5f35abbf-10da-4c5e-b4d7-0b2e59de51f2/99ac88d3-5c9f-4fc3-8d6a-abadae1ee80c/b0ad2c3c-3de1-4628-bf32-d60536a0da80/50685afa-13a8-47fb-b405-df4b54071889/crop.png,4410,6e7dca0266997792db53850093869e95227876ee6b20b27f45feaec969b4f023,cell_crops
cell_crops,18507f8d-663d-4e75-a520-d77906e75b48,relative_storage_key,cell-crops/e109f86a-afaf-4c6b-8831-0fd7fc4fa7b2/2b113263-4ee7-4c87-a4d5-c689a43626bb/5b7cb03b-f0e6-42de-9aba-d4fb3757ad09/d7296f59-7ceb-40c7-9de7-0789d83b1ae9/crop.png,6814,c5537c446c49d91f052b6f2cd7bb074406aeb767572829df89b70cb16740cb79,cell_crops
cell_crops,18607455-6497-4bc0-a4c4-36cbcec07538,relative_storage_key,cell-crops/d28e9146-5ad9-4df7-8af4-1b8901780c2b/f196b05e-1e21-41c5-8292-1c802004009a/6948fa72-3ff5-45bb-beb5-8ae3bba8b6d6/863f8f32-02e7-4466-9aa9-00d414a26304/crop.png,6157,91c39fbac3ebd1c44bd1e62d6264a78c4679e8aee7c75e450267255dafd31a22,cell_crops
cell_crops,1869e1dd-5a0a-4e48-ab94-923a82163265,relative_storage_key,cell-crops/3a9a3ddd-a6fb-43b7-98e8-82fe65649b10/69a3938d-51bb-45d7-928d-1b35d46634bb/ea56489d-de29-4bcd-bf1e-16e83feedee6/7644afb9-608a-475c-82dd-58c14414d2e5/crop.png,3675,78a3b0ca45d22519d8933fdf35ce2a21ced7858f458db3af33fe8c52879e4132,cell_crops
cell_crops,186b2cd0-6bf6-4f90-abed-4b52d8e292d5,relative_storage_key,cell-crops/ba5fc281-07c1-46ca-8091-0c13e6753aa4/d33fb4ff-3366-4fff-9806-8ab03314dbd1/18b27447-aed7-42fa-9142-4bab96366973/2b42a972-f3ce-41ae-9025-4dcabc38241f/crop.png,5837,8f6109d2f322a42f7129e8ba5a7b162760944a0e4ddefed2f45d53d63ac81d04,cell_crops
cell_crops,187dee6e-734b-4dcf-baf6-0b718444dcfe,relative_storage_key,cell-crops/cd096d9e-0d01-4e4f-acd5-65e1548c215b/de773a50-b182-4ed9-9bdc-3f6f65bf242d/8eae56e5-dc27-4e8b-86ce-b22204a68814/03e803aa-2021-40ed-9520-10277a7bc182/crop.png,686,2459f96c4fb664ee8d86e06a709bfb9ec667c6d0d972a8e2e85ed008556a172c,cell_crops
cell_crops,1892570a-f530-4711-842e-f156706eac2f,relative_storage_key,cell-crops/7ef7cff8-899e-428e-b89a-36803c0575b3/04bafb48-259f-4626-82fb-a3359ee3160b/26ddb17b-1b89-4301-8f40-011ccf0f40dc/db73e155-3647-4969-ba88-3706e891cfda/crop.png,7315,5d103a50f5356870cabdd1453966bf1db6e19b14373b70ca91b74d3697d4461c,cell_crops
cell_crops,18953a6c-57d1-4bf2-a92e-15763307a3e2,relative_storage_key,cell-crops/4e1ca921-c5c6-4d89-b035-2d7dd99040d5/b9f975b3-7cd8-4b9a-a2cc-1bd9a76d924c/dc6df3c3-f03e-4261-bd4c-a2df5e0f0d88/d098e7fe-17b5-43ee-8b09-0e4e00051456/crop.png,1822,c7b251cc40b73570203f6b45fb4d2437f012322647d2a84875a696bfb9941849,cell_crops
cell_crops,18c2b150-9909-474f-a220-1ae8bc2f4cdc,relative_storage_key,cell-crops/8b912699-0346-4eca-9a3f-992922f65702/c5ca90cc-e321-4501-82f3-a2e0ef0f51a7/51a1e5c5-fac7-4ab5-b6dd-bef48d583434/43c8b1ac-9267-4e26-be24-1b33b71d13ee/crop.png,4486,d79e12f93d1b2386c275fecc4d108502a366e6493f0674f7f533b68ac37dca16,cell_crops
cell_crops,18f9ac26-4c20-4bdf-bf49-54fa6fa9d3d6,relative_storage_key,cell-crops/7be00fe5-41da-48c5-b2c2-9618f0a7c517/3ebcfc6b-b6e3-40b6-939c-33977196460c/8fa36d4d-c412-435a-a109-923281f0f43d/74fd3431-b5e7-442f-8530-bde60a7731a7/crop.png,4480,835f25d693b75e513b0b9b1d9b0cdd4330a85f3e3296a3206f71b0175a337e2e,cell_crops
cell_crops,19044b7d-4406-44fb-a67c-4312184b38c7,relative_storage_key,cell-crops/1c49c468-795c-45ed-98a4-e3670ddd5182/2f40a287-e0d5-4ab9-919e-a1ddfe57b9bd/2ac85463-e0b3-4c27-bb72-7ffdae1f53ab/24075489-bd1a-43ed-86c5-ef4a7b62abd0/crop.png,7925,c0a6337a952a4623aaa4fdaba91cbb9ba0cfa51df631a13158e459b0e1f35893,cell_crops
cell_crops,190560f2-0eae-4eef-9d96-3ed8e9dd613c,relative_storage_key,cell-crops/39265da0-dd1a-4f17-89aa-1e661f9c473f/72553654-6802-48a4-964a-3fa748870a05/afee46ec-494f-4fe6-be85-353a4cfc0b56/a21829bf-01ca-4c36-a9ab-258936645bb3/crop.png,9312,61f3adb31290855b6c988bc975f4e305d914900b3b8a89debdf42f9443ab9f90,cell_crops
cell_crops,19080136-baa6-4e21-b744-4e9cdeb25f98,relative_storage_key,cell-crops/b0a5839c-3668-4411-b590-cc1d8fed470e/bf423fe1-2fc5-4662-9eda-ff1496c1bba9/c2a6cffd-18de-474e-ba04-2bf65b0f4f8c/e800f475-2941-42aa-93d4-4ed327c43340/crop.png,2412,5e45f5750ef82db9e6ddab7bf92f1e062d7ebdb9f299eed775adda5ca4c925ab,cell_crops
cell_crops,191a1f6e-4414-4678-a8a8-7cebe11dffb2,relative_storage_key,cell-crops/211b65b9-8b1b-4bc9-bf8e-2572a00a3ecd/85d8a71e-e9ed-4062-a036-52e42dd89720/83b0bdb6-4441-49e8-b6a7-4de634e8d548/848f320b-22c2-4230-b430-f37e7177ff1d/crop.png,4163,77611a754a5554f2759a979bd302c5ff298aaed7cc43aafac60f8a6ea1b1ab27,cell_crops
cell_crops,194c21a1-f25c-4d79-bd3f-a3e1ceddeeec,relative_storage_key,cell-crops/7fd7ef40-bc9c-40d1-9e62-62bf0850c6b3/f6e252a5-7924-4e5c-bc63-8b711db60ba0/8a0187a3-03f0-45bd-ac3c-6e47c7999f03/e91fa56e-81d0-4b45-8732-f48b3a2db4a0/crop.png,3196,a236061df0486c2d5f4486e2a34a7bd72b8653b9026477fec7a955efa1d4b349,cell_crops
cell_crops,196484d5-bedf-4fdc-ac9b-a27b954b201f,relative_storage_key,cell-crops/1c49c468-795c-45ed-98a4-e3670ddd5182/2f40a287-e0d5-4ab9-919e-a1ddfe57b9bd/2ac85463-e0b3-4c27-bb72-7ffdae1f53ab/513c95c1-afbf-4471-bce8-a99abb46345b/crop.png,10352,ffe5f324f242b566289c95c2ba453a3dbe44256e4f2baba70492d6a53e1da3b2,cell_crops
cell_crops,1964fbd9-e016-4e2a-aec4-337d1fd092fe,relative_storage_key,cell-crops/c6209893-144a-447d-a436-fe89fc140cee/f088ac8e-c214-474d-837d-53532f4ef947/43249c8b-9008-49c9-8246-2b24989143a2/446f9c25-ecb2-4a5c-b865-2e52aa9d307f/crop.png,8068,3ce4c24db5bca8a98b8aa663828cfb2f84d19b35af44f2330b1e16fba6f9d713,cell_crops
cell_crops,19914a3c-d9de-4433-ab3d-e53a87849511,relative_storage_key,cell-crops/aac2f7a6-e279-42c1-8035-33134bfdf3eb/881590dc-6d13-4137-ba82-d28d2ed5199a/34070251-bc08-40a2-b33a-35ad175a7189/22ca9de7-87cd-400e-87b0-26c9e21bca0f/crop.png,45755,ba4bf6bdbebd91589c197a6681ace97000703f5cca84af8f5d33aa0ece31d611,cell_crops
cell_crops,19961fab-14a2-4bfb-99d0-0001e1fff983,relative_storage_key,cell-crops/3a33d13c-ff5b-46ba-94b4-0710e5185301/a78dd7b0-8ddc-4cd7-bc5a-241f8b427de6/7ba97fb6-e951-4c3b-93d8-3958918f513f/6fe46013-a64f-4b00-b5d4-ed0decf5ba0e/crop.png,4209,383b8a38b7b62897574197b8ab7b02c88ce6dc24f9a8ca92bcb697e61244fcb6,cell_crops
cell_crops,199c2e4f-f8a5-43fa-a15c-eccb9492fa35,relative_storage_key,cell-crops/25afdd28-85df-4a2a-9dab-2727ced6821b/f5668b77-a7c4-4ed2-aade-94bbf92900cf/08cd9b57-9a64-410c-8133-1dbdbf2e697c/bee620d8-30ad-46d8-9a05-3716e456ee7f/crop.png,3131,11a154863f78a464144151b677b50445e38bb5adafa411d41334838cb0c38ff3,cell_crops
cell_crops,19a5760c-0162-4a17-8772-6b94231a2866,relative_storage_key,cell-crops/7a11c0f4-a9d7-4446-a5f2-437ffc334a6c/0ff18f89-6fbd-4755-8e89-15227de46f41/3dca4192-f767-48f3-a7e8-59e22d9db3f9/02dcf746-6156-4fd9-b6c4-8040cacb8e0e/crop.png,4220,716bc044378df2866861218a2019c78e23cc35e6b7dc157ddfcdfdd7d5e08b9b,cell_crops
cell_crops,19ae9780-368a-4851-84f8-8b4add4fc9f9,relative_storage_key,cell-crops/b0a5839c-3668-4411-b590-cc1d8fed470e/bf423fe1-2fc5-4662-9eda-ff1496c1bba9/c2a6cffd-18de-474e-ba04-2bf65b0f4f8c/9addd9f9-70a6-44eb-9507-8cd39d8defe7/crop.png,1879,746891f98efb36c4c0e5ee5a2d1f75dc4aa17a962fca13335499019e1872593e,cell_crops
cell_crops,19ca2408-8608-4b6c-911d-a91b2308b0d7,relative_storage_key,cell-crops/db1855bf-e94d-43ea-86dc-5c1d21c82206/70a62caf-67c3-44f5-8752-596e9432c4ca/f914626e-fa1c-483a-ac2d-a7ebce6130f5/ddcd667a-c303-4db2-b539-7c18e034cad3/crop.png,8241,990f0936e56e17fb9c8844e606c2da8eff368feb0cce04e82ff456c2592b9927,cell_crops
cell_crops,1a19c7e9-7d85-404a-a440-86c3d68e90cc,relative_storage_key,cell-crops/54e278de-2381-4a05-8faa-42bf761f6688/50b0884e-ddde-4252-be9d-058151c986c4/f4400105-33b9-4bc0-860b-010b1cf3d386/d096e141-4a1a-40fc-acd7-9c19c50eda28/crop.png,9544,07bcb08efabb18f610e56b01a98e7a06edf4faa848e12ac0b982f01760fa867a,cell_crops
cell_crops,1a27dae5-ee27-4e52-9a67-1241ad78e61f,relative_storage_key,cell-crops/39265da0-dd1a-4f17-89aa-1e661f9c473f/72553654-6802-48a4-964a-3fa748870a05/afee46ec-494f-4fe6-be85-353a4cfc0b56/af04761e-4f54-4f66-97ad-7da31221c94b/crop.png,3940,0a7215e1a8a907ba053e50a49aa851c133fc8271c841da3b0c54b76feaf5f696,cell_crops
cell_crops,1ab204b0-cc58-4fa2-acb6-196b388782c0,relative_storage_key,cell-crops/07c71166-93b3-415e-b764-6ca7344238f6/151ee7ee-b609-4e6b-985c-04af59a85470/9c45439d-fd87-46c3-944a-439ab92cbf89/0e9bcaef-e516-4039-9df4-b1873b8e39ee/crop.png,1503,c953094ba6ff57859b9d8ad16d65d2853e46332c41b34fe9eeca60a63828261a,cell_crops
cell_crops,1b0f631c-7f9a-45f9-bf0e-5d017dedd525,relative_storage_key,cell-crops/214fd936-3c74-4042-937a-3131ff495bdd/5e7bbe13-3cf2-4c2d-9022-31d242f15fb1/c6a30725-877a-4570-819a-de52a6bcb57d/5ee08d68-1b70-4102-9451-1e0c4b2004a3/crop.png,3715,e4012736878b7a669a5b3eb829441e6b48215be50b60cb80c9f6146c8cd757e3,cell_crops
cell_crops,1b2bbf45-1af4-4f29-a9bc-f59ba82c5127,relative_storage_key,cell-crops/7ef7cff8-899e-428e-b89a-36803c0575b3/04bafb48-259f-4626-82fb-a3359ee3160b/26ddb17b-1b89-4301-8f40-011ccf0f40dc/68dfa101-8db5-4a7a-a2c6-88232b313b67/crop.png,4956,90faaa8b289ee4da49ad80cbb412d5dfe8a4500f32ed408600baebb9020f7a10,cell_crops
cell_crops,1b2c2005-a914-4cf2-b89d-a556d0477553,relative_storage_key,cell-crops/7fd7ef40-bc9c-40d1-9e62-62bf0850c6b3/f6e252a5-7924-4e5c-bc63-8b711db60ba0/8a0187a3-03f0-45bd-ac3c-6e47c7999f03/ccffd30e-dd8f-4563-afd1-9bcbff096a67/crop.png,1352,048add6089fc6d8fd80e7e9c2fe5823b02413f26ec63aa5266f64702585cc97b,cell_crops
cell_crops,1b349c30-1fcd-4925-98b9-96d9ae89d8c5,relative_storage_key,cell-crops/db1855bf-e94d-43ea-86dc-5c1d21c82206/70a62caf-67c3-44f5-8752-596e9432c4ca/f914626e-fa1c-483a-ac2d-a7ebce6130f5/6ed73765-010c-4281-acf7-b74a67578bc0/crop.png,4299,26282b14996d29c84832c6bef429cf301c3fdc93c7850e68deb533efe0837d7a,cell_crops
cell_crops,1b4cf993-965c-4598-9c82-a01b9ad7d18b,relative_storage_key,cell-crops/6dede06e-ae61-4920-bb2c-935cde2a5ff5/60bd296d-21d5-4d22-99bc-a023cb410f35/88dc4c92-8367-4c4d-a59b-da86d01b8d82/34529cc4-6d50-44f6-9497-e7e73ab04fcc/crop.png,2264,c19c08bf076ddcec58ae5b19018edf2442ee762c95fc943e7a9cf9cf274e491b,cell_crops
cell_crops,1b620369-381e-4160-8fd0-fcc1e238d88f,relative_storage_key,cell-crops/fce4a23b-7725-4c69-960b-5c9cd9b68f50/c6ecf996-e832-44ad-89bf-2ca55d1d46d5/5ecbdf28-e01c-4b51-ae7b-f9d88c6b9aa5/7f0b337a-b894-45f3-8c22-84bbd9e459cd/crop.png,3670,0fc929a787ecd0484381c4edf6ccdec9010c1629533dbafe31e28b52f8906e7f,cell_crops
cell_crops,1b6b5a96-8b17-4951-a633-ab0d381a797c,relative_storage_key,cell-crops/b0a5839c-3668-4411-b590-cc1d8fed470e/bf423fe1-2fc5-4662-9eda-ff1496c1bba9/c2a6cffd-18de-474e-ba04-2bf65b0f4f8c/637001b9-52f1-4c8f-b67e-e39134909210/crop.png,6760,c0d790388fd2326983b27a30143aa9c08f46e736820d1c68513f02c2d61d00b8,cell_crops
cell_crops,1b6e6cc5-2947-4b36-9d36-4edc8afbf6bd,relative_storage_key,cell-crops/bc8b8317-c17d-4b7a-b737-5e40120559e2/8c8e678b-a6c7-4b8c-b4c0-d34745f32fe3/25cb85d9-3b89-46ca-982a-f71517c971ee/ad8060e1-24af-498f-b3af-25faf1d16bd9/crop.png,3816,5d0cbad1d28ce211efdd90a00c0dc22de9620f7ac8bf0fc9bca222cc03372f35,cell_crops
cell_crops,1b74634f-e48a-413f-ba15-0298d047f1ba,relative_storage_key,cell-crops/7ef7cff8-899e-428e-b89a-36803c0575b3/04bafb48-259f-4626-82fb-a3359ee3160b/849d1772-b3d7-402e-82b3-2942cd77a889/5e3e0fd7-265d-47e5-b056-ce9e84950619/crop.png,12508,a51da5928bbe897391c199107a9edf6877588bfdcf87cef12e075ef139eb0ed1,cell_crops
cell_crops,1b871005-a44b-41d7-83fc-174bfd443304,relative_storage_key,cell-crops/b0a5839c-3668-4411-b590-cc1d8fed470e/bf423fe1-2fc5-4662-9eda-ff1496c1bba9/c2a6cffd-18de-474e-ba04-2bf65b0f4f8c/06b75693-223c-486d-8c7a-45bfa9ac0a49/crop.png,1673,d3a23ae7fc9485138d3872b71132ccfd5d82d97fbe45ef6831b04d4f7384cc30,cell_crops
cell_crops,1b9173b2-9ce9-4022-a1f5-65b3ff213cd0,relative_storage_key,cell-crops/7fd7ef40-bc9c-40d1-9e62-62bf0850c6b3/f6e252a5-7924-4e5c-bc63-8b711db60ba0/8a0187a3-03f0-45bd-ac3c-6e47c7999f03/89f94083-9226-4f59-bfa7-6b3c706e8788/crop.png,2158,19fbf1aed0fa2c3f68e31e74da49299f1e2297981055df9e4db2039e87080d04,cell_crops
cell_crops,1bbca4ec-30dc-4b53-aa7a-c3962043b33a,relative_storage_key,cell-crops/bc8b8317-c17d-4b7a-b737-5e40120559e2/8c8e678b-a6c7-4b8c-b4c0-d34745f32fe3/25cb85d9-3b89-46ca-982a-f71517c971ee/9fe50487-9a20-403d-8492-cb642954cc47/crop.png,5101,388fa8ca6bc76cb872623267e364c788e30de90c3c2b3b610569245c1b5cd9e0,cell_crops
cell_crops,1bbcdec3-4395-4c31-9419-d08d41b7a471,relative_storage_key,cell-crops/ae68a99c-11f7-457a-88f8-3cef9a144958/618af6de-bfab-495e-8634-e484d620ee21/650c7580-8b2e-4bc4-88e8-bf03c5bb423d/c0a43da9-9914-49cc-beba-cdc6f13bbe56/crop.png,1785,8f5194fd30f353a7865e9abe43f602929b6165662c947d0e9df0b4066ecea8c4,cell_crops
cell_crops,1bc3f7b5-7d1e-4f5e-8ddc-126c13859360,relative_storage_key,cell-crops/07c71166-93b3-415e-b764-6ca7344238f6/151ee7ee-b609-4e6b-985c-04af59a85470/9c45439d-fd87-46c3-944a-439ab92cbf89/f8d3345f-c274-4a3f-98d3-b75e299ff9cb/crop.png,1419,cd6e88610dcd30459f7efc74d44c8ad8e162e7d52934cc1531b6ff523a8a62ce,cell_crops
cell_crops,1bd2c66e-80bf-4f26-a5cc-34c743591ee7,relative_storage_key,cell-crops/07c71166-93b3-415e-b764-6ca7344238f6/151ee7ee-b609-4e6b-985c-04af59a85470/9c45439d-fd87-46c3-944a-439ab92cbf89/dd0ff594-1cc8-47e8-b256-293d11a1de7f/crop.png,1436,582603c35efa264eb408fb1c7ca3052958619fd8039ae544c9ce237e97c395c8,cell_crops
cell_crops,1bf502b6-1e91-438f-b1ae-d579d7b3ab2c,relative_storage_key,cell-crops/4383bcb6-1595-4b3c-9c6f-ced12863a762/f6d15c09-591e-4808-aff5-02f7c8c4d239/25a1a8fb-90d3-4cfb-b43b-20ee3b4b7788/c4283259-00dd-4baa-aefb-366556fe0153/crop.png,5504,4524af6ac450bbc8e163180fe79c9a327d0e26491b3989c2ebf799f9bbc73e7f,cell_crops
cell_crops,1bfd0ca6-9693-47b7-9131-53a0d6cb8677,relative_storage_key,cell-crops/c9a6b7af-881f-47da-980a-1a2c2b743a1c/03505d0f-434b-48ac-ae42-76750f4fbc1a/a0889d56-1430-4a7f-b67c-e21291ac9ed7/2a5e294c-c481-47dd-a363-a9af761aad11/crop.png,3182,f1e61d0b1f3d01acb7d8e387dba7d151761155a0e84a6652e486c16da43a3510,cell_crops
cell_crops,1c661d78-18e2-44ef-981c-a756cbaff73d,relative_storage_key,cell-crops/93807208-985b-4d70-bb43-c7843db4141d/f4a29ede-288f-42ba-abf0-32395606ffc4/8d3b080d-2f56-4175-b76a-dc309555e9de/9d632314-ef3b-46bb-befc-476c427f82d9/crop.png,9262,2192c61a82cda81cc0aed73534931b2814be90399c81711b86c60b6078122388,cell_crops
cell_crops,1ca50943-aac6-47b1-91fd-35c4192e2d3b,relative_storage_key,cell-crops/07c71166-93b3-415e-b764-6ca7344238f6/151ee7ee-b609-4e6b-985c-04af59a85470/9c45439d-fd87-46c3-944a-439ab92cbf89/ab61dac0-f528-47d1-b387-2ad41c9c8321/crop.png,8780,7389020f2a5e059b1b4bd7a935809c08c09caaffb2c0e2edb17f0c427a829b46,cell_crops
cell_crops,1cb8e920-9496-47fc-a189-b6683143bebe,relative_storage_key,cell-crops/07c71166-93b3-415e-b764-6ca7344238f6/151ee7ee-b609-4e6b-985c-04af59a85470/9c45439d-fd87-46c3-944a-439ab92cbf89/b9dcef40-9564-4e43-8997-0b25cf7d2d13/crop.png,761,55ea930b9f6483ae6b0eae7f64263d58d402b000fa4aeb1857eff4ea67428b09,cell_crops
cell_crops,1cd464c0-8c4f-4dd0-bf04-051dcb6c70c3,relative_storage_key,cell-crops/8122e340-548f-40df-9dd4-ed43859605ff/ed18ce4e-6fb0-4f1f-b313-c9d76617210c/8cb2cae1-c3e1-487c-a274-4385f339dded/a2a8b2fc-5b98-4710-aa26-27dbc4bcb05a/crop.png,3720,4b4b74bff3aff179833037b6a92d29810b00af299388f414b63fe4a65fbb492b,cell_crops
cell_crops,1d0c8d60-a6a9-4015-861b-60c3b2818ab8,relative_storage_key,cell-crops/9696ad8c-6c01-439f-afa5-29d7f5234348/c6ffc450-182b-4d59-bf0d-1090bd076903/dd3b1716-0bb9-4523-9fa9-61bc274925d8/2124ea8c-b3fb-4698-aa38-e87b82dec038/crop.png,10092,7875290f82c06f631339f8e5b4510beed81647971452612fd8b8b328ef196e21,cell_crops
cell_crops,1d0e8bf7-5193-4a98-9d72-614238229896,relative_storage_key,cell-crops/3a33d13c-ff5b-46ba-94b4-0710e5185301/a78dd7b0-8ddc-4cd7-bc5a-241f8b427de6/7ba97fb6-e951-4c3b-93d8-3958918f513f/8c0ada99-6b2e-439a-b7ab-325cca514b40/crop.png,3595,a692c2dd492a1e54bda6801383ac8f73c611254abec110b431be830fc6b63d02,cell_crops
cell_crops,1d2395ed-eb40-4301-95b2-796a61e526df,relative_storage_key,cell-crops/4383bcb6-1595-4b3c-9c6f-ced12863a762/f6d15c09-591e-4808-aff5-02f7c8c4d239/25a1a8fb-90d3-4cfb-b43b-20ee3b4b7788/0b2f1924-a6eb-4e80-bfc8-0b727836f18b/crop.png,2062,ac3da27791bd756562ac8aacd1f10697d34a8f2a2fe85a8cffec3eef768f2a7d,cell_crops
cell_crops,1d7d3044-cebf-438f-8c5d-c0837c1da677,relative_storage_key,cell-crops/7fd7ef40-bc9c-40d1-9e62-62bf0850c6b3/f6e252a5-7924-4e5c-bc63-8b711db60ba0/8a0187a3-03f0-45bd-ac3c-6e47c7999f03/83a62acb-5eda-42bd-b090-7bae0bc931ff/crop.png,1018,f5c1fd549d32394887aef9f3b91ce485dd3bf37b5566b41747c2e686b55898e9,cell_crops
cell_crops,1d81aa70-2bf0-438e-b3d9-34318ebdd538,relative_storage_key,cell-crops/7a11c0f4-a9d7-4446-a5f2-437ffc334a6c/0ff18f89-6fbd-4755-8e89-15227de46f41/3dca4192-f767-48f3-a7e8-59e22d9db3f9/ec3f3d91-0634-461c-87ee-69cc173fdf52/crop.png,7391,bde3da8a0d01dd7646102daabac1322864527ee4a89a1bcd1ac05e2e653c68b5,cell_crops
cell_crops,1d82a450-bc6e-4816-8160-d3ef61ad5315,relative_storage_key,cell-crops/bc8b8317-c17d-4b7a-b737-5e40120559e2/8c8e678b-a6c7-4b8c-b4c0-d34745f32fe3/25cb85d9-3b89-46ca-982a-f71517c971ee/63b8ee2d-7f69-444a-a9d9-b4788fc2fb8a/crop.png,5682,9914beca7470a17655d1652afc679c66ba02eb4558c41b057be234ad1b1d439e,cell_crops
cell_crops,1d92e647-2b85-40d6-88ab-86d08061a589,relative_storage_key,cell-crops/52c4864d-1788-41db-a1d2-883ce7d83a58/490887fa-b3af-4136-85dc-8ae66e413acd/bf339bce-cffa-48e9-a044-4b9df2cc36b4/4fa59506-e8a0-4f29-9792-522b85a9836d/crop.png,1880,094f9c14faba76b1a8ac843f4ea34792c1828b5ecf8150dc456ae1659e1a6d95,cell_crops
cell_crops,1da57123-6a1b-4bda-9933-8350f6465dcd,relative_storage_key,cell-crops/211b65b9-8b1b-4bc9-bf8e-2572a00a3ecd/85d8a71e-e9ed-4062-a036-52e42dd89720/83b0bdb6-4441-49e8-b6a7-4de634e8d548/76a10804-ac8e-40d0-87b5-fabdcd0fee32/crop.png,8505,29ccc858433176bf44aae32b90ed7c222976c9667c8a6922b33e530c1e4d080f,cell_crops
cell_crops,1da9d1f0-b0c6-4eb4-836f-e3f546099bec,relative_storage_key,cell-crops/ba5fc281-07c1-46ca-8091-0c13e6753aa4/d33fb4ff-3366-4fff-9806-8ab03314dbd1/18b27447-aed7-42fa-9142-4bab96366973/b1f5cc29-1fd1-4df7-9ce6-2c5f38c38d46/crop.png,4027,825b2d70b547bc842df8de4fa72903f3fd8b99fb177c70b49bb7380c13a77d4f,cell_crops
cell_crops,1dc202ef-8afc-421a-adec-a737cfcbfcb7,relative_storage_key,cell-crops/bc8b8317-c17d-4b7a-b737-5e40120559e2/8c8e678b-a6c7-4b8c-b4c0-d34745f32fe3/25cb85d9-3b89-46ca-982a-f71517c971ee/29830516-d145-473e-bc1c-b7e4bb220d23/crop.png,6727,3adc48cb2cfbbb81425f9c52b64719e582974a5a05bc4be0ab962ac4c0720a9f,cell_crops
cell_crops,1dcb3788-18a9-4d7a-bfe4-4d9ee4c4e37a,relative_storage_key,cell-crops/07c71166-93b3-415e-b764-6ca7344238f6/151ee7ee-b609-4e6b-985c-04af59a85470/9c45439d-fd87-46c3-944a-439ab92cbf89/c4f2ce61-905d-4ac4-9799-9bcaa0011aad/crop.png,3250,6b6bd663637ed5cc4aad769ed6c9012c3ee9d03024ea365afe1f86d4eed1d1b2,cell_crops
cell_crops,1de5a524-486a-4023-b65e-2551a6e4e026,relative_storage_key,cell-crops/121a69bf-ba23-4014-892b-158b9c2b71a4/aa1323a6-7f80-4e1e-819a-ec182f045f3d/97fb12a0-df7f-455f-8e13-e0383ad3934d/6565a677-a592-46ce-8e8e-ac161605a5c9/crop.png,2583,34642983bd29bdfb08f564865202ab49ce30991794e62a4d8c61d7d8cc616d99,cell_crops
cell_crops,1e260acd-d927-409a-8116-cb3f82d4dc49,relative_storage_key,cell-crops/1c49c468-795c-45ed-98a4-e3670ddd5182/2f40a287-e0d5-4ab9-919e-a1ddfe57b9bd/2ac85463-e0b3-4c27-bb72-7ffdae1f53ab/b27c08cd-da34-448f-9026-f763c1d09fb0/crop.png,4337,f27b8904982a7fbbe152d780cfdc2b361f87084dbf3c8e83538522ec7130e12f,cell_crops
cell_crops,1e457949-0873-4b9c-88a2-678215e8b3c0,relative_storage_key,cell-crops/214fd936-3c74-4042-937a-3131ff495bdd/5e7bbe13-3cf2-4c2d-9022-31d242f15fb1/c6a30725-877a-4570-819a-de52a6bcb57d/766ff890-6345-4054-b19c-87df37cc8607/crop.png,6861,e4deeb580d52fe230d26727e0890d45b615d1603790ccf17c2fccaacdf694ed3,cell_crops
cell_crops,1e613e22-1d23-4198-8aa0-09fd22c0e38f,relative_storage_key,cell-crops/214fd936-3c74-4042-937a-3131ff495bdd/5e7bbe13-3cf2-4c2d-9022-31d242f15fb1/c6a30725-877a-4570-819a-de52a6bcb57d/10230e2d-57b7-4895-9df5-7cf2df7d1c05/crop.png,40133,85b44d8e2ea0301094ae9af3498630ecaf6ac68c33c5d4a516ffef82625b23b0,cell_crops
cell_crops,1e7c62f9-d69a-42d8-be85-176d809abdc6,relative_storage_key,cell-crops/ba5fc281-07c1-46ca-8091-0c13e6753aa4/d33fb4ff-3366-4fff-9806-8ab03314dbd1/18b27447-aed7-42fa-9142-4bab96366973/2800c107-c1c3-48dc-aeff-d19102d589f0/crop.png,4540,65936dd1ce6d7c977db58b5cb303ea671f49768d595096282d01d334676e74d4,cell_crops
cell_crops,1e8e46ab-568f-4364-8db6-6d137fdb7254,relative_storage_key,cell-crops/52c4864d-1788-41db-a1d2-883ce7d83a58/490887fa-b3af-4136-85dc-8ae66e413acd/bf339bce-cffa-48e9-a044-4b9df2cc36b4/720a474e-1957-4a14-a733-c829e2fb173e/crop.png,10587,e07e85c11191b0bb2707e4ebea4c01fed11a5dd7f7c0c2d9fdf55bd3ae7eb365,cell_crops
cell_crops,1e9887bc-b364-48ff-8e4e-f3cba9584759,relative_storage_key,cell-crops/d28e9146-5ad9-4df7-8af4-1b8901780c2b/f196b05e-1e21-41c5-8292-1c802004009a/6948fa72-3ff5-45bb-beb5-8ae3bba8b6d6/740e0194-27e3-4991-b99a-656f5355af75/crop.png,3891,886c5662c07df2d0b600f3d7b495b935674c7831c894b6c8b5349fe7588465b3,cell_crops
cell_crops,1ec09660-7b2e-4aca-b336-ee2a2e2dc56d,relative_storage_key,cell-crops/4383bcb6-1595-4b3c-9c6f-ced12863a762/f6d15c09-591e-4808-aff5-02f7c8c4d239/25a1a8fb-90d3-4cfb-b43b-20ee3b4b7788/b65c79de-8292-4aca-ae41-252e1c761faa/crop.png,4179,8d35c997e4fbbd8b6bc6b14ddea768f25b55526e5f27fbb75633d70520b45e28,cell_crops
cell_crops,1ef04576-eab3-48b8-a56d-24c5aaf01751,relative_storage_key,cell-crops/c9a6b7af-881f-47da-980a-1a2c2b743a1c/03505d0f-434b-48ac-ae42-76750f4fbc1a/a0889d56-1430-4a7f-b67c-e21291ac9ed7/913b1c9e-e980-4628-8773-49eadddc9ed4/crop.png,3199,091f23e82b6a37557b2ca0bbe8a4a26ac249035ab8276cd3a58a28675a815f23,cell_crops
cell_crops,1efbf028-5740-40af-9f7f-2a00b1890534,relative_storage_key,cell-crops/52c4864d-1788-41db-a1d2-883ce7d83a58/490887fa-b3af-4136-85dc-8ae66e413acd/bf339bce-cffa-48e9-a044-4b9df2cc36b4/7b3f7915-5d9f-487b-b13a-7655aa2f95bf/crop.png,4101,f2db3a7c6780fc7c679843f2a4405ccce68d248dfa07bcb0791c4853b89dfdd5,cell_crops
cell_crops,1f067d4c-bd2e-4270-b699-8572591cd157,relative_storage_key,cell-crops/5ad2e702-acee-4f0a-9a01-8a2ba6b24733/1abc6f5a-ce2e-4d43-a7b2-9323cf7efa1c/13514ba4-7c6f-40a0-a6d6-573684da9510/b149c988-263f-455e-962e-039043deb83e/crop.png,4945,fc923db3c1c7e5d94c5c46908358606e8c85c2be07db2517db54efda4e1f1dfb,cell_crops
cell_crops,1f0975f7-d175-4ef6-b0ec-aef498121af8,relative_storage_key,cell-crops/3a33d13c-ff5b-46ba-94b4-0710e5185301/a78dd7b0-8ddc-4cd7-bc5a-241f8b427de6/7ba97fb6-e951-4c3b-93d8-3958918f513f/bc57f8ec-89d8-4e13-9862-1e02f197876e/crop.png,9312,61f3adb31290855b6c988bc975f4e305d914900b3b8a89debdf42f9443ab9f90,cell_crops
cell_crops,1f151cbb-e11f-49e5-a904-70d8fd0e2192,relative_storage_key,cell-crops/05b33155-8921-4eb9-9920-af67decfe454/6278de2c-44dd-4a75-aca2-9708e58437ba/92e2e64a-1c82-402b-b24d-75d43d50a17f/df75ce53-07d3-49e6-bffe-56e469a3ff7b/crop.png,4177,87f13e1f834e8d09eb381661f8acfba98b36d48bc1aa6f302b283acfe89ae480,cell_crops
cell_crops,1f16de5b-7dd0-415f-84ad-16e514e5bbc3,relative_storage_key,cell-crops/e11b10f7-d1c3-4d6a-9e69-a4b6bc1abc46/1db1a505-3eaf-456d-b123-7b9f8ee77762/339d62a6-0363-472b-b2e3-4a7befd2c42f/5f008a4b-9f3c-4a1e-be1d-8de8c01c5b10/crop.png,1667,4f66a20cc8150de568d59f8ad484f9df632db525b164fb986ba10df82c0bdaed,cell_crops
cell_crops,1f22fe19-55ff-4ae8-8a20-4ed73befbd7a,relative_storage_key,cell-crops/e11b10f7-d1c3-4d6a-9e69-a4b6bc1abc46/1db1a505-3eaf-456d-b123-7b9f8ee77762/339d62a6-0363-472b-b2e3-4a7befd2c42f/cafabbd5-47fd-4d6d-bf7a-58ec2ce231e0/crop.png,3404,1307bc59ee270a3ba6e79f8a9a589097e32c6590d32687eff27051e8b47d5955,cell_crops
cell_crops,1f445ee7-ff59-4eb5-bc70-f3bd9da15eb4,relative_storage_key,cell-crops/54e278de-2381-4a05-8faa-42bf761f6688/50b0884e-ddde-4252-be9d-058151c986c4/f4400105-33b9-4bc0-860b-010b1cf3d386/0af52932-dbd4-47fa-87ed-671d9b8d144a/crop.png,2696,3a9f91563afd78826ec7b1342e86defba8231077827c227c583b95a8947479c6,cell_crops
cell_crops,1f4a5100-4c12-4c9b-ae35-829e53a4c9d5,relative_storage_key,cell-crops/4e1ca921-c5c6-4d89-b035-2d7dd99040d5/b9f975b3-7cd8-4b9a-a2cc-1bd9a76d924c/dc6df3c3-f03e-4261-bd4c-a2df5e0f0d88/adf1d710-5a17-44b7-901d-59ec45f6de12/crop.png,3931,43b1c495e26d816533d136061ad035b0b559c69ca8dbe96b495b2dc7f065fddf,cell_crops
cell_crops,1f526f0a-8fd5-4770-97f4-4521f1cdb560,relative_storage_key,cell-crops/d28e9146-5ad9-4df7-8af4-1b8901780c2b/f196b05e-1e21-41c5-8292-1c802004009a/6948fa72-3ff5-45bb-beb5-8ae3bba8b6d6/c42fcd7c-37b8-4c49-a77b-4aec42f99fef/crop.png,5364,1b21003810def551be2d403fd6db5fb5d45d69277dc322baca76d75489f9bcb8,cell_crops
cell_crops,1f53880d-332c-4006-9afb-8b17eaa7bf25,relative_storage_key,cell-crops/5ad2e702-acee-4f0a-9a01-8a2ba6b24733/1abc6f5a-ce2e-4d43-a7b2-9323cf7efa1c/13514ba4-7c6f-40a0-a6d6-573684da9510/79f65aa2-cc2f-4d80-b89c-f0ed1149dd46/crop.png,8378,da06b9adc795ca3fd454b57de4518d4c050c50cbbcbf41f855bfd8e5f9013818,cell_crops
cell_crops,1f64ab63-888d-4ab5-a580-5b8cb04e10f0,relative_storage_key,cell-crops/121a69bf-ba23-4014-892b-158b9c2b71a4/aa1323a6-7f80-4e1e-819a-ec182f045f3d/97fb12a0-df7f-455f-8e13-e0383ad3934d/f331ce12-c59c-48a1-897a-d5c5cb169cd9/crop.png,6456,4fabd5ba38dd3bfd53d56c05d32f041855345c1d00ca36dcd16aa2aeb1aa8397,cell_crops
cell_crops,1f720b55-51bd-4849-98c9-9660e7dde690,relative_storage_key,cell-crops/1c49c468-795c-45ed-98a4-e3670ddd5182/2f40a287-e0d5-4ab9-919e-a1ddfe57b9bd/2ac85463-e0b3-4c27-bb72-7ffdae1f53ab/a5bc07b5-501d-45ec-8ad9-acce7abf979d/crop.png,5447,94aecbb1a06d8d46065154cb6194465836539fb420d43fb11acba2c016000e23,cell_crops
cell_crops,1f8c6e32-5b18-4aec-a8fe-e331d74abc41,relative_storage_key,cell-crops/fce4a23b-7725-4c69-960b-5c9cd9b68f50/c6ecf996-e832-44ad-89bf-2ca55d1d46d5/5ecbdf28-e01c-4b51-ae7b-f9d88c6b9aa5/ab34fe28-250a-4476-a702-1b5574c3bc91/crop.png,8325,eb430df2d9f036a57a0b01a8cc38d2fb1526e9eaf69c3875e1a4baeb99dedf2e,cell_crops
cell_crops,1f9f9f81-a487-4115-aae6-2791246309f5,relative_storage_key,cell-crops/3a9a3ddd-a6fb-43b7-98e8-82fe65649b10/69a3938d-51bb-45d7-928d-1b35d46634bb/ea56489d-de29-4bcd-bf1e-16e83feedee6/8eee9622-2f1f-4017-816a-55fb22380a4c/crop.png,3313,acd1d4ea5fd41c787d7dafdd5aa1d60a23631b69f9ed047863a1c20c7eeeb798,cell_crops
cell_crops,1fc13159-67ee-4552-b804-03506d2664a3,relative_storage_key,cell-crops/ae68a99c-11f7-457a-88f8-3cef9a144958/618af6de-bfab-495e-8634-e484d620ee21/650c7580-8b2e-4bc4-88e8-bf03c5bb423d/f5662037-f71e-4b46-b50f-eb4ba1ef2665/crop.png,1337,4a796240da6c88001ca95d6396f90d7ca26840f2c6845375beb211f6c9565983,cell_crops
cell_crops,1fd10d89-1f49-4fb4-a078-68266b4137f6,relative_storage_key,cell-crops/211b65b9-8b1b-4bc9-bf8e-2572a00a3ecd/85d8a71e-e9ed-4062-a036-52e42dd89720/83b0bdb6-4441-49e8-b6a7-4de634e8d548/ba049821-3708-479f-9c2d-c96a783d2908/crop.png,1075,f6810e27fb7423154c2bd771cf58ae168c07e4e8b1494d854e10c0d15d6ff386,cell_crops
cell_crops,1fdc0829-f082-4f1f-bb2a-636d2502a883,relative_storage_key,cell-crops/db1855bf-e94d-43ea-86dc-5c1d21c82206/70a62caf-67c3-44f5-8752-596e9432c4ca/f914626e-fa1c-483a-ac2d-a7ebce6130f5/9d218fff-9818-44a7-b967-b3a36711d010/crop.png,3243,e0a8848ec1d9d3fe28347df6c5660ba83b173221985cd641ace828c7e5f17ff3,cell_crops
cell_crops,200f456d-eef3-419d-b5e3-00ce7f5a07db,relative_storage_key,cell-crops/e109f86a-afaf-4c6b-8831-0fd7fc4fa7b2/2b113263-4ee7-4c87-a4d5-c689a43626bb/5b7cb03b-f0e6-42de-9aba-d4fb3757ad09/016ba2e2-986a-4f2b-844a-a31499f6548f/crop.png,2537,6808a9bd978e2f6d49d45e6cd7643e94c50b5aff28a69645215253e9d6ded96b,cell_crops
cell_crops,20133b16-78f4-434c-b72b-3567bad2e858,relative_storage_key,cell-crops/4e1ca921-c5c6-4d89-b035-2d7dd99040d5/b9f975b3-7cd8-4b9a-a2cc-1bd9a76d924c/dc6df3c3-f03e-4261-bd4c-a2df5e0f0d88/3bdc0016-a9bb-4a27-8ac3-74358fbfd04c/crop.png,1329,923088472bed46d911e5fb215633fe8873201bae0ce617e5626095560ceb0f86,cell_crops
cell_crops,204279d6-a315-4398-ab42-e6e78ca8ba22,relative_storage_key,cell-crops/7fd7ef40-bc9c-40d1-9e62-62bf0850c6b3/f6e252a5-7924-4e5c-bc63-8b711db60ba0/8a0187a3-03f0-45bd-ac3c-6e47c7999f03/c923e2eb-1852-4972-a8e3-c13d7eacc87b/crop.png,1681,6e00be83d22386a6952a5bb5c9cb98385273e420038065ae735f729c3edbd079,cell_crops
cell_crops,204669fb-af50-486e-8343-96d10a368531,relative_storage_key,cell-crops/6dede06e-ae61-4920-bb2c-935cde2a5ff5/60bd296d-21d5-4d22-99bc-a023cb410f35/88dc4c92-8367-4c4d-a59b-da86d01b8d82/45e2fdb0-bd60-45c2-8029-244522669852/crop.png,3806,7b4834812a775794f87db7a220df1d237b4984bf02843c686a129aa6e5e30974,cell_crops
cell_crops,2046f500-1cc0-49c1-9e96-26ffe96fd253,relative_storage_key,cell-crops/6dede06e-ae61-4920-bb2c-935cde2a5ff5/60bd296d-21d5-4d22-99bc-a023cb410f35/88dc4c92-8367-4c4d-a59b-da86d01b8d82/84953917-5ca8-4d49-bc87-70b39316d260/crop.png,3640,7a51667ac2e2a0ed6b7cf5a6e82e31c223752fc3756f690713d2cd24802222ab,cell_crops
cell_crops,205a6c36-1846-46e0-8c6c-af69a019d48e,relative_storage_key,cell-crops/e109f86a-afaf-4c6b-8831-0fd7fc4fa7b2/2b113263-4ee7-4c87-a4d5-c689a43626bb/5b7cb03b-f0e6-42de-9aba-d4fb3757ad09/743d74f6-49e0-4e10-862c-bdf01362b9aa/crop.png,1970,f8e09d4fdee187233215a9413aad44dc9620ef9930d9123cb7e04e0498660273,cell_crops
cell_crops,205dc83d-421c-4eb2-9c8e-3325cffa1c38,relative_storage_key,cell-crops/b0a5839c-3668-4411-b590-cc1d8fed470e/bf423fe1-2fc5-4662-9eda-ff1496c1bba9/c2a6cffd-18de-474e-ba04-2bf65b0f4f8c/e82b9684-6ece-439a-a2e2-374bff840e85/crop.png,1124,a73bae23ffb83455c5cbb6c1d83ce14dc627d473201d35afae95629e9cf0f0a7,cell_crops
cell_crops,206f7798-428f-452b-825b-8ef1c018675d,relative_storage_key,cell-crops/383c9700-4823-4ef4-a3f6-c8bac0a28dd4/0d86637f-bf43-4c20-a000-30e6e09038ff/e4296ff7-9e31-4bd9-8593-2615946bcceb/55239425-52fa-45a8-9710-3f0038602cee/crop.png,635,a52c04a6f833913490df7d588e52deea6205e1dd49e1c781a8b8e590566135fb,cell_crops
cell_crops,20928439-6241-42b0-9bff-e61df5a7dca3,relative_storage_key,cell-crops/b0a5839c-3668-4411-b590-cc1d8fed470e/bf423fe1-2fc5-4662-9eda-ff1496c1bba9/c2a6cffd-18de-474e-ba04-2bf65b0f4f8c/b39efbbd-ae13-42f6-8926-e818aee02cf0/crop.png,1359,840709198d186901e59582c9a9e48086363287fc8abbbfad7a973d679be8d2bc,cell_crops
cell_crops,20a40ba8-6a67-4636-a6ae-d5a462fbbf2c,relative_storage_key,cell-crops/9696ad8c-6c01-439f-afa5-29d7f5234348/c6ffc450-182b-4d59-bf0d-1090bd076903/dd3b1716-0bb9-4523-9fa9-61bc274925d8/a27871d8-2447-49bb-ad13-71996a39138a/crop.png,4115,f08730a42cc3835638d594a9b1adf9e3120e9c8e04170d0110c4a7c28ac7b35d,cell_crops
cell_crops,20a96f70-8653-4642-9f6f-4985fa154a05,relative_storage_key,cell-crops/4e1ca921-c5c6-4d89-b035-2d7dd99040d5/b9f975b3-7cd8-4b9a-a2cc-1bd9a76d924c/dc6df3c3-f03e-4261-bd4c-a2df5e0f0d88/f54d6894-8304-4512-bb66-86ac7952af00/crop.png,5567,0298c2caf010f9370aaa9aebc8036c077005244a0015aae6631ca0552c3ce5be,cell_crops
cell_crops,20afae0d-bd3a-470d-b916-5c523a643731,relative_storage_key,cell-crops/9696ad8c-6c01-439f-afa5-29d7f5234348/c6ffc450-182b-4d59-bf0d-1090bd076903/dd3b1716-0bb9-4523-9fa9-61bc274925d8/cbcc977c-f05e-4037-b9e5-5c7a7ec64e40/crop.png,5180,a62abba886fbe409373708ee2054e558759f19159c926440aab1795e37391555,cell_crops
cell_crops,20c26cf3-3868-46e2-a84d-c7ba2b5aead0,relative_storage_key,cell-crops/93807208-985b-4d70-bb43-c7843db4141d/f4a29ede-288f-42ba-abf0-32395606ffc4/8d3b080d-2f56-4175-b76a-dc309555e9de/58f89406-bd76-456d-93f5-1c1e488bebe2/crop.png,3994,154452a953fd545726af5465e9309d9ad2dc2339c7397810efbc00b1f91fbbfd,cell_crops
cell_crops,20c44b92-bbb0-44a5-ba0a-4909b69ceb39,relative_storage_key,cell-crops/7ef7cff8-899e-428e-b89a-36803c0575b3/04bafb48-259f-4626-82fb-a3359ee3160b/00b8d663-89b1-4dfe-8f8f-9a01bca4688b/3eb7f4c2-948b-49a9-8e97-e84bfa8bbb08/crop.png,3005,c714346f902b5db87169f0a41d396cc73f6d771487a2d58fc162a8ce20985617,cell_crops
cell_crops,20dbc745-3b9e-49da-98a2-fad2f5837fd5,relative_storage_key,cell-crops/e11b10f7-d1c3-4d6a-9e69-a4b6bc1abc46/1db1a505-3eaf-456d-b123-7b9f8ee77762/339d62a6-0363-472b-b2e3-4a7befd2c42f/675245c6-ca3f-41b0-8de4-84f47e07091f/crop.png,1472,dbad8b2648788c315aaac3a2c368d3a1ad7e997c5f7803bdabebc130042d3a90,cell_crops
cell_crops,2105b8cc-eb4e-4011-8e0f-aa751e7e98b2,relative_storage_key,cell-crops/211b65b9-8b1b-4bc9-bf8e-2572a00a3ecd/85d8a71e-e9ed-4062-a036-52e42dd89720/83b0bdb6-4441-49e8-b6a7-4de634e8d548/8ad94a97-7ea5-4e01-b659-63f4531e1049/crop.png,1463,008866b738e454481b3addefe3a9675b88db16def7d0c5b9f2b83b1d1f9f4d6a,cell_crops
cell_crops,212b32b0-12bf-4034-8548-2733e8dba681,relative_storage_key,cell-crops/1c49de91-f3ba-4794-8cbd-62bc966049c5/1007bc39-4bca-4a32-9069-5c8180b174db/cdcfc6c7-12a5-4405-8fb1-213826f88d05/ddbed35b-d31f-4c4f-81be-006d8c90592f/crop.png,3567,c68e88952ea6799b78cdb1706b13e6c2f5c73c83a8c1249081e49697de6dc51f,cell_crops
cell_crops,215704d7-4545-43ce-917a-7e529ac39ce9,relative_storage_key,cell-crops/3a9a3ddd-a6fb-43b7-98e8-82fe65649b10/69a3938d-51bb-45d7-928d-1b35d46634bb/ea56489d-de29-4bcd-bf1e-16e83feedee6/7668852c-6aa1-4036-b393-7505e0741b97/crop.png,31532,5c3686e9339307b9386f4cd1af6828bfbc1afab5174637069fcaa097b69221b7,cell_crops
cell_crops,218283fe-6bf6-4f4f-9869-72aabb56073c,relative_storage_key,cell-crops/54e278de-2381-4a05-8faa-42bf761f6688/50b0884e-ddde-4252-be9d-058151c986c4/f4400105-33b9-4bc0-860b-010b1cf3d386/5d377f3e-52e1-4878-83f5-c15261865cf7/crop.png,1420,9309cafadbd2370e8ae16a15c8f5dc1abb5be1d603d9f976f768c465e884204c,cell_crops
cell_crops,2186807a-4a54-4614-a2b1-93e047f6e2a6,relative_storage_key,cell-crops/25afdd28-85df-4a2a-9dab-2727ced6821b/f5668b77-a7c4-4ed2-aade-94bbf92900cf/08cd9b57-9a64-410c-8133-1dbdbf2e697c/1d093613-5cad-4ca9-8a6c-462e4a9c9398/crop.png,2041,6b8c2f1d5f40a959b49583090b292901b92337c4ed9541431393cf2b50244214,cell_crops
cell_crops,21e70dbe-ba04-4d18-9de6-36a27cf25e41,relative_storage_key,cell-crops/7eba770f-f337-4ed5-b174-fb4c18baaae5/0074b7b4-1a21-4123-9fb0-7a7e78c65792/6a4c1def-59d7-4111-8a64-9cfb8e00ba8f/e47970c4-8e1d-4a10-b852-8996b3200b97/crop.png,4185,b697d17ab919ca67be33d2ddbc7db2d194bb6095fb1d4e1e32912f98785d5810,cell_crops
cell_crops,22264362-b668-480c-a802-e086717375a8,relative_storage_key,cell-crops/b0a5839c-3668-4411-b590-cc1d8fed470e/bf423fe1-2fc5-4662-9eda-ff1496c1bba9/c2a6cffd-18de-474e-ba04-2bf65b0f4f8c/a7113661-1760-4f1c-8bff-00d7b0d211f7/crop.png,1554,bfbbf98c9b02d8abe1fe26c28d5196546fd1177c15c259143638936f48830e95,cell_crops
cell_crops,22347488-0ae0-4d7d-8207-4718ce508409,relative_storage_key,cell-crops/ba5fc281-07c1-46ca-8091-0c13e6753aa4/d33fb4ff-3366-4fff-9806-8ab03314dbd1/18b27447-aed7-42fa-9142-4bab96366973/9c60990a-a717-4086-85f9-b7edd79f96fe/crop.png,3639,813accd1f084c57b7e67573d4a1c2c0f6cd98477b4973d1f533577b7884abfec,cell_crops
cell_crops,22473f5d-2e1e-4f80-ad65-4fd8c41dc699,relative_storage_key,cell-crops/07c71166-93b3-415e-b764-6ca7344238f6/151ee7ee-b609-4e6b-985c-04af59a85470/9c45439d-fd87-46c3-944a-439ab92cbf89/b61ed74a-2ded-4484-a1d6-92025910990f/crop.png,1490,fdbed89dde4f2df8d7e5280e42411d6469e6ccdc59f6fbb3fec2671297eb8aba,cell_crops
cell_crops,224dbf32-c3c0-4e54-9d2b-7987f5f69706,relative_storage_key,cell-crops/ba5fc281-07c1-46ca-8091-0c13e6753aa4/d33fb4ff-3366-4fff-9806-8ab03314dbd1/18b27447-aed7-42fa-9142-4bab96366973/3a796dda-4745-4d4e-a40c-9d3d81db6a25/crop.png,4180,9e3c7f39636888b3da1336ee800d8f512c6e7acd60d68b1bce8050c4a9132810,cell_crops
cell_crops,22607cff-bebd-403c-a69c-d663e2ddd42a,relative_storage_key,cell-crops/93807208-985b-4d70-bb43-c7843db4141d/f4a29ede-288f-42ba-abf0-32395606ffc4/8d3b080d-2f56-4175-b76a-dc309555e9de/2d76d1a9-c5e4-4556-a584-35ef4e4ffd06/crop.png,4335,ffcc731adb2aef7a1ba937d31b0428968ea02e41ec7017da54e7b8645eb16992,cell_crops
cell_crops,22697d1e-6796-401a-babb-056db0fb7937,relative_storage_key,cell-crops/d28e9146-5ad9-4df7-8af4-1b8901780c2b/f196b05e-1e21-41c5-8292-1c802004009a/6948fa72-3ff5-45bb-beb5-8ae3bba8b6d6/f1027d76-8249-4f16-b36c-664badd74cfa/crop.png,4344,5586d5825dd75517f9d388eaf1c910b36f2f09cfecf432d8d851b9efcff73964,cell_crops
cell_crops,22904a28-f971-44bb-a8fe-4fa73e7d304a,relative_storage_key,cell-crops/7be00fe5-41da-48c5-b2c2-9618f0a7c517/3ebcfc6b-b6e3-40b6-939c-33977196460c/8fa36d4d-c412-435a-a109-923281f0f43d/b4b985bf-643d-440f-ad09-9fecc78c00ee/crop.png,8737,a02d6bc7348bc47da9a1aabf99b4dc3d673a1248d7f93ca75c448d4bc378acbd,cell_crops
cell_crops,2298c0a3-01c6-4a7a-adcb-2ba62e865b04,relative_storage_key,cell-crops/4e1ca921-c5c6-4d89-b035-2d7dd99040d5/b9f975b3-7cd8-4b9a-a2cc-1bd9a76d924c/dc6df3c3-f03e-4261-bd4c-a2df5e0f0d88/86613afc-bc92-4969-80f2-4e9f0b6a659c/crop.png,1899,86baaf831c008e6aa34560797d9b86418c2c9471835dd949d03ab6199899037d,cell_crops
cell_crops,232a9857-001d-4bc1-8765-95955251a0b1,relative_storage_key,cell-crops/8122e340-548f-40df-9dd4-ed43859605ff/ed18ce4e-6fb0-4f1f-b313-c9d76617210c/8cb2cae1-c3e1-487c-a274-4385f339dded/a28da372-be55-4bd3-8e43-0f781911b638/crop.png,4236,4310550e88377e2bb3e041b68dfd13360b6b036da7dbc88a4ab0a0ee01b97528,cell_crops
cell_crops,23837fe2-355a-47b3-bfe7-92cf6b9ec1d1,relative_storage_key,cell-crops/121a69bf-ba23-4014-892b-158b9c2b71a4/aa1323a6-7f80-4e1e-819a-ec182f045f3d/97fb12a0-df7f-455f-8e13-e0383ad3934d/86105a25-e4cb-4099-a5b8-976f0eaaf49e/crop.png,9170,40b0f80f0e208fda23f84d1dceeed8c381b6a868034a9584e599d27c4207074b,cell_crops
cell_crops,23c1753a-9f3d-4d25-b21e-f2ce34df0b5e,relative_storage_key,cell-crops/c6209893-144a-447d-a436-fe89fc140cee/f088ac8e-c214-474d-837d-53532f4ef947/43249c8b-9008-49c9-8246-2b24989143a2/3a27592a-70a3-47ff-b1f7-3e86fdd78804/crop.png,3622,1924632859febbf56102b66ee7c8e392d75bdab899001de27cde70ff0f7fdf8c,cell_crops
cell_crops,2419be3e-6fad-407e-936d-7d9ef2b76cb3,relative_storage_key,cell-crops/db1855bf-e94d-43ea-86dc-5c1d21c82206/70a62caf-67c3-44f5-8752-596e9432c4ca/f914626e-fa1c-483a-ac2d-a7ebce6130f5/2a34530c-7c85-4877-8628-38c9dbd37694/crop.png,6942,f8c4401fa92a5ab3b42ed811f0fa7a312c201533ced7b00961cebf84a93e6d7d,cell_crops
cell_crops,24421e0b-93b4-4fb4-80ee-a5628d9d4991,relative_storage_key,cell-crops/54e278de-2381-4a05-8faa-42bf761f6688/50b0884e-ddde-4252-be9d-058151c986c4/f4400105-33b9-4bc0-860b-010b1cf3d386/90dcfe95-e6c2-4345-a33b-397f2fc0f685/crop.png,8646,a1301ab2eb073e7076d094b5fbf5b112bcbca73b911d4f5e341e54c8eeaa5d5a,cell_crops
cell_crops,245e2de8-9522-4a00-a96a-f2e25d307edd,relative_storage_key,cell-crops/4e1ca921-c5c6-4d89-b035-2d7dd99040d5/b9f975b3-7cd8-4b9a-a2cc-1bd9a76d924c/dc6df3c3-f03e-4261-bd4c-a2df5e0f0d88/c42822a4-9411-4560-832a-ec9a844c72b6/crop.png,1311,e15ee905da64e09639989f9867192841204f4ed90902d9baaa6d833ba9417065,cell_crops
cell_crops,246239af-0e9b-4873-bea4-77dc2c06f238,relative_storage_key,cell-crops/121a69bf-ba23-4014-892b-158b9c2b71a4/aa1323a6-7f80-4e1e-819a-ec182f045f3d/97fb12a0-df7f-455f-8e13-e0383ad3934d/0f0aa61a-d6ef-41ea-bc41-f66ce0672e28/crop.png,1206,0d0487c335e7ff8cb353cd5c3206337fa10d8cb701d0d9618daa8f3e2aecb0b8,cell_crops
cell_crops,247a7431-cadb-4ef6-8fc4-a314fa11a2dd,relative_storage_key,cell-crops/1c49c468-795c-45ed-98a4-e3670ddd5182/2f40a287-e0d5-4ab9-919e-a1ddfe57b9bd/2ac85463-e0b3-4c27-bb72-7ffdae1f53ab/cf573aa5-b24b-4e92-921b-ffba78fc156b/crop.png,5256,b4a39b2fdb3aa10286b69cbfadf051b7ebf216cb375a8a5a789765ee2128f9ad,cell_crops
cell_crops,248cca09-ca7d-4e27-8a68-be10c7d67ff9,relative_storage_key,cell-crops/121a69bf-ba23-4014-892b-158b9c2b71a4/aa1323a6-7f80-4e1e-819a-ec182f045f3d/97fb12a0-df7f-455f-8e13-e0383ad3934d/e6bb3570-c44b-486e-bfb9-f996ef916c74/crop.png,1340,618da71a38877980b30bd8e2c2decc45b4fdb7bc12c76d4fedf6d6fab533d0ae,cell_crops
cell_crops,24cf25ce-05a0-4ffd-97f7-00369777a07a,relative_storage_key,cell-crops/d28e9146-5ad9-4df7-8af4-1b8901780c2b/f196b05e-1e21-41c5-8292-1c802004009a/6948fa72-3ff5-45bb-beb5-8ae3bba8b6d6/94ccbb8a-d79e-4e6f-b030-10268f824b0f/crop.png,6788,12055fe3dcc7883c0dc652dccf27dbb844546a167c7b99d266c77e88a9bae3b3,cell_crops
cell_crops,2524d0ec-54ac-4c2a-b8d8-144d19660229,relative_storage_key,cell-crops/fce4a23b-7725-4c69-960b-5c9cd9b68f50/c6ecf996-e832-44ad-89bf-2ca55d1d46d5/5ecbdf28-e01c-4b51-ae7b-f9d88c6b9aa5/45fd3c00-1aea-4b62-9c40-8f2f384c8470/crop.png,3590,0f5a4c9fec51e9e616246a3f602f0eda8cefbc4a3100b333794683f475013c78,cell_crops
cell_crops,252a924b-6be8-4cac-8ccd-60df93355f2a,relative_storage_key,cell-crops/7ef7cff8-899e-428e-b89a-36803c0575b3/04bafb48-259f-4626-82fb-a3359ee3160b/26ddb17b-1b89-4301-8f40-011ccf0f40dc/a6e9f6d0-c530-45da-b44b-08173d3e40fe/crop.png,723,1cabfcce739320ede756740be85d17e486026f8d632642d14270611f2c71b243,cell_crops
cell_crops,25499996-5930-407e-a55c-1caeca024c92,relative_storage_key,cell-crops/54e278de-2381-4a05-8faa-42bf761f6688/50b0884e-ddde-4252-be9d-058151c986c4/f4400105-33b9-4bc0-860b-010b1cf3d386/427b151e-8433-4326-a9c1-fba1bc2f3234/crop.png,859,e5ca5b7c9df6ad357627abe7fb3897f726054935c130dba554eb8789de5c9715,cell_crops
cell_crops,2550e6fb-4ff7-415b-8625-5301df281253,relative_storage_key,cell-crops/ba5fc281-07c1-46ca-8091-0c13e6753aa4/d33fb4ff-3366-4fff-9806-8ab03314dbd1/18b27447-aed7-42fa-9142-4bab96366973/4a8248fd-a3f3-4106-b9db-3e669531b53d/crop.png,2873,93742874e37c8ffe78b547621c8ba25a22549ea2c58dbfb0dc5f7717b4b206bd,cell_crops
cell_crops,2568198b-6ea5-430e-a387-d05d3c6ea20b,relative_storage_key,cell-crops/5f35abbf-10da-4c5e-b4d7-0b2e59de51f2/99ac88d3-5c9f-4fc3-8d6a-abadae1ee80c/b0ad2c3c-3de1-4628-bf32-d60536a0da80/938013a1-8aac-40a9-a111-a8cf881a7087/crop.png,4429,4513dde518cb90231b92bf8152dc165c2aa09904a3428b18c20d5a62b2adaf35,cell_crops
cell_crops,256d3c8f-90a7-4bca-8be5-731787b5320e,relative_storage_key,cell-crops/e109f86a-afaf-4c6b-8831-0fd7fc4fa7b2/2b113263-4ee7-4c87-a4d5-c689a43626bb/5b7cb03b-f0e6-42de-9aba-d4fb3757ad09/95231a88-e305-4817-a52f-435564b657de/crop.png,3863,8be8a03055a294c12cb94c3afdb61a6bffe9a01af8a653a5bff478bf6adbae2b,cell_crops
cell_crops,25bab522-6f6c-40dc-89b7-559a94dd6c22,relative_storage_key,cell-crops/7be00fe5-41da-48c5-b2c2-9618f0a7c517/3ebcfc6b-b6e3-40b6-939c-33977196460c/8fa36d4d-c412-435a-a109-923281f0f43d/b16aa0d9-d78d-47cd-8042-87b307d0900d/crop.png,1197,91d0277f0a2e38da154331d457c39b7f8e6f376ef313dfca39533504891cb1f9,cell_crops
cell_crops,25d6a342-394d-4c8b-a366-4b60f483ed4c,relative_storage_key,cell-crops/ae68a99c-11f7-457a-88f8-3cef9a144958/618af6de-bfab-495e-8634-e484d620ee21/650c7580-8b2e-4bc4-88e8-bf03c5bb423d/5e88b6a4-1de0-4c8b-b244-65300f651cef/crop.png,14954,ba27e0b7f21d5f04607b900514f560f3c2db7c744875ad697befee2dc2a02aaf,cell_crops
cell_crops,25e1cf54-6e3a-4240-b0a4-62d8a59678d8,relative_storage_key,cell-crops/52c4864d-1788-41db-a1d2-883ce7d83a58/490887fa-b3af-4136-85dc-8ae66e413acd/bf339bce-cffa-48e9-a044-4b9df2cc36b4/b75130be-233e-4073-83cd-b108a78ab376/crop.png,24021,0c84bdf703f57145be444ddd555f94fc12ca1b6577354a5f4f9975c950db3da1,cell_crops
cell_crops,26107f00-e3b8-487c-9b15-96dfec8eea72,relative_storage_key,cell-crops/59a98cc0-24f4-424a-b208-3fe06063fa47/98626a4c-b3fc-464a-a4fe-90bc886c7647/c0a49ec0-99e0-4b2b-a9e4-1e2ec28655a0/a775cb13-f3db-4d77-8498-dab0fcf4753f/crop.png,5786,9556c94c7aeb09f679c0aab84d8a72eb5082432024b8eae6ed538e5d50f3ad1d,cell_crops
cell_crops,2632660c-5fa4-44e7-b93c-32139c3f21dd,relative_storage_key,cell-crops/121a69bf-ba23-4014-892b-158b9c2b71a4/aa1323a6-7f80-4e1e-819a-ec182f045f3d/97fb12a0-df7f-455f-8e13-e0383ad3934d/413dfd4c-ebfd-4527-a677-e4ba277b3217/crop.png,2926,fac82cfd964089569f18d62b9ff80d21bbedb01106906825089eea79f824dd19,cell_crops
cell_crops,264bcc23-08c0-4fb4-935f-f213be680542,relative_storage_key,cell-crops/121a69bf-ba23-4014-892b-158b9c2b71a4/aa1323a6-7f80-4e1e-819a-ec182f045f3d/97fb12a0-df7f-455f-8e13-e0383ad3934d/061a986f-6203-42f3-bdd4-18b7a3c03980/crop.png,6999,eae6ada2a123a4f27e56435914094e4a5dc360644c2252e25e72489289221f15,cell_crops
cell_crops,2674019e-011a-4e85-94c2-0407154b7b93,relative_storage_key,cell-crops/8122e340-548f-40df-9dd4-ed43859605ff/ed18ce4e-6fb0-4f1f-b313-c9d76617210c/8cb2cae1-c3e1-487c-a274-4385f339dded/d590f56e-dbba-4f74-8eb1-3c5e4599973d/crop.png,9101,0ac84f4126eacfab1201e195e3bcc4f2890e4b240ae47b3eb9b273ab67e30817,cell_crops
cell_crops,26badb1f-bad3-4c76-94f8-0ce8b95bfb36,relative_storage_key,cell-crops/5ad2e702-acee-4f0a-9a01-8a2ba6b24733/1abc6f5a-ce2e-4d43-a7b2-9323cf7efa1c/13514ba4-7c6f-40a0-a6d6-573684da9510/4cb22201-da5c-4416-9ae6-107a306ba98c/crop.png,4139,aac3f4a5fa669ee951a7155325e676cda5725343220489118b579061f21b6a3f,cell_crops
cell_crops,26ca9015-a6fb-466a-bf7b-fcff5ee2d4bd,relative_storage_key,cell-crops/1c49c468-795c-45ed-98a4-e3670ddd5182/2f40a287-e0d5-4ab9-919e-a1ddfe57b9bd/2ac85463-e0b3-4c27-bb72-7ffdae1f53ab/03c3b62b-a830-48d9-9cd4-7c6097cb842c/crop.png,3297,d7956f0a0d8d1bfd5f3a3bf13b00be598067a116839118384d559d71bc4ce5ae,cell_crops
cell_crops,26d53b8f-0d36-48fe-ad5e-edf9e718af9e,relative_storage_key,cell-crops/25afdd28-85df-4a2a-9dab-2727ced6821b/f5668b77-a7c4-4ed2-aade-94bbf92900cf/08cd9b57-9a64-410c-8133-1dbdbf2e697c/f0e5e890-0040-4a9a-9ea5-8d1821c56b1b/crop.png,1662,f9c88c6546cd6ef2a86000e7bcbac632239818d05d3d8cc1cf4d648a9e4bd9b8,cell_crops
cell_crops,26d87466-79fc-4a57-944a-a8544c23cf14,relative_storage_key,cell-crops/54e278de-2381-4a05-8faa-42bf761f6688/50b0884e-ddde-4252-be9d-058151c986c4/f4400105-33b9-4bc0-860b-010b1cf3d386/659b463c-3aee-482b-877e-fa2954c6e3b9/crop.png,1392,ece2611c8560447e1a1ed8b9a184fea675e4b21c504dfd25114ce9fd1a460328,cell_crops
cell_crops,26dbdd29-7891-4dd5-a10b-5ae85a679d11,relative_storage_key,cell-crops/ba5fc281-07c1-46ca-8091-0c13e6753aa4/d33fb4ff-3366-4fff-9806-8ab03314dbd1/18b27447-aed7-42fa-9142-4bab96366973/a8c48ae7-a402-44e0-81be-2d9f29bb72a3/crop.png,19090,d25f4ef212f9967a92e1203d605232aff02cd9816dd18cec82ae17d8294bbf49,cell_crops
cell_crops,26e902d5-4c9c-442c-9018-1e4cb76cb10e,relative_storage_key,cell-crops/c6209893-144a-447d-a436-fe89fc140cee/f088ac8e-c214-474d-837d-53532f4ef947/43249c8b-9008-49c9-8246-2b24989143a2/b47e22e6-731f-429f-83b3-f25cf1168fb7/crop.png,3678,ee95b8b9778c4293ed8ef26ab9da4486f8452606adca7252005008cd8c32ce10,cell_crops
cell_crops,272beb75-4743-41ae-8678-aa8d7b4d9057,relative_storage_key,cell-crops/9696ad8c-6c01-439f-afa5-29d7f5234348/c6ffc450-182b-4d59-bf0d-1090bd076903/dd3b1716-0bb9-4523-9fa9-61bc274925d8/0d0b444a-d2f4-400c-9eba-ff6f27485a96/crop.png,6633,064389d2b1717d2fe71af8eabc25efe37ee304cdb13f5c053f49fe71b67d45a5,cell_crops
cell_crops,272c4749-0955-4fa4-80bc-b1becee08102,relative_storage_key,cell-crops/db1855bf-e94d-43ea-86dc-5c1d21c82206/70a62caf-67c3-44f5-8752-596e9432c4ca/f914626e-fa1c-483a-ac2d-a7ebce6130f5/8ca1522a-fb40-457c-a076-affeeeb94f69/crop.png,7823,50788d612f4ffdc4eec3b1ba0ca457f8d905b323bb5bbc5f3c5ec885a9298fe7,cell_crops
cell_crops,275ce523-c20f-4787-9d0b-04683c2be853,relative_storage_key,cell-crops/25afdd28-85df-4a2a-9dab-2727ced6821b/f5668b77-a7c4-4ed2-aade-94bbf92900cf/08cd9b57-9a64-410c-8133-1dbdbf2e697c/3d8f4d08-d630-4c1f-99d4-912725b123bb/crop.png,1786,4def259689eff25c705a928a34ae1114ef4f98f524fb1139e4ab531f04d73f44,cell_crops
cell_crops,27845316-75b7-403b-a70b-7205a819beb2,relative_storage_key,cell-crops/211b65b9-8b1b-4bc9-bf8e-2572a00a3ecd/85d8a71e-e9ed-4062-a036-52e42dd89720/83b0bdb6-4441-49e8-b6a7-4de634e8d548/1ce49a49-63a3-4cb2-a29c-8dfef9809a89/crop.png,1392,ece2611c8560447e1a1ed8b9a184fea675e4b21c504dfd25114ce9fd1a460328,cell_crops
cell_crops,279f828c-8a58-4c5f-90f5-56d096f0210e,relative_storage_key,cell-crops/4383bcb6-1595-4b3c-9c6f-ced12863a762/f6d15c09-591e-4808-aff5-02f7c8c4d239/25a1a8fb-90d3-4cfb-b43b-20ee3b4b7788/49adde66-a1fa-4c6d-a6b6-39eeb4b79db6/crop.png,4387,7b3c101166c7da0d05a96400d1fc08b1b8c0effe997cf4c42baf3c84b0f20c69,cell_crops
cell_crops,27d3a4e2-bbec-47f3-b2d1-25e156f4e71c,relative_storage_key,cell-crops/e109f86a-afaf-4c6b-8831-0fd7fc4fa7b2/2b113263-4ee7-4c87-a4d5-c689a43626bb/5b7cb03b-f0e6-42de-9aba-d4fb3757ad09/23ed1a7c-c2f2-48a0-b24b-94879de59467/crop.png,3944,36f27f6b2159d88550aec384fcabc47557390e48d94b04b985ba6c65f4ec44f8,cell_crops
cell_crops,2813e1b3-421b-4090-9af3-47503f5c3abf,relative_storage_key,cell-crops/c9a6b7af-881f-47da-980a-1a2c2b743a1c/03505d0f-434b-48ac-ae42-76750f4fbc1a/a0889d56-1430-4a7f-b67c-e21291ac9ed7/329c2ab6-337d-4566-819e-b3f04fe11ff0/crop.png,1144,bb53f05d733d56edb5fd5ad1510a0746273bba2c749d02273a0fe9fdbfa4a20e,cell_crops
cell_crops,283517f6-b596-4b36-b940-be40a691d25a,relative_storage_key,cell-crops/8122e340-548f-40df-9dd4-ed43859605ff/ed18ce4e-6fb0-4f1f-b313-c9d76617210c/8cb2cae1-c3e1-487c-a274-4385f339dded/b6e4ea1f-61aa-415c-b4ae-3ec83b9fa5da/crop.png,5682,9914beca7470a17655d1652afc679c66ba02eb4558c41b057be234ad1b1d439e,cell_crops
cell_crops,284b8f44-f908-4563-8814-eb983b8aef45,relative_storage_key,cell-crops/39265da0-dd1a-4f17-89aa-1e661f9c473f/72553654-6802-48a4-964a-3fa748870a05/afee46ec-494f-4fe6-be85-353a4cfc0b56/96701fcb-85f4-4083-89f9-7102abb76605/crop.png,4983,b2df1be650a17e475a4b18dae9d429d28f8d803ce9d1668e47ad11d2156066b6,cell_crops
cell_crops,286aafce-5014-451d-bd54-064cd9117860,relative_storage_key,cell-crops/25afdd28-85df-4a2a-9dab-2727ced6821b/f5668b77-a7c4-4ed2-aade-94bbf92900cf/08cd9b57-9a64-410c-8133-1dbdbf2e697c/631dd6b5-e0ec-4c9b-9b02-5073c766a27c/crop.png,989,c50d06f98154a544e514d77e902a1906d9d357112fc3f59a9f8cc75ffe12f934,cell_crops
cell_crops,28742940-9dab-4ec9-8990-662b24348c1d,relative_storage_key,cell-crops/c6209893-144a-447d-a436-fe89fc140cee/f088ac8e-c214-474d-837d-53532f4ef947/43249c8b-9008-49c9-8246-2b24989143a2/1e136081-2e4b-4715-997c-d7e20a4659d1/crop.png,3817,e91da0aed1d1e54eef423d3132cdba59dfd6f6937aa7cfec1a91abbe278734fd,cell_crops
cell_crops,28a4671c-9655-4308-9d3b-8cef1ecc6de6,relative_storage_key,cell-crops/b0a5839c-3668-4411-b590-cc1d8fed470e/bf423fe1-2fc5-4662-9eda-ff1496c1bba9/c2a6cffd-18de-474e-ba04-2bf65b0f4f8c/34241194-0b1a-4f4c-8f89-78f08601f553/crop.png,1162,697870ac5d32e6e541183bb276718a47cb3ca4003bda74dc1d5bb4947c3f34ea,cell_crops
cell_crops,28acb687-73f8-4da4-baa7-d90b3a599c2d,relative_storage_key,cell-crops/7ef7cff8-899e-428e-b89a-36803c0575b3/04bafb48-259f-4626-82fb-a3359ee3160b/26ddb17b-1b89-4301-8f40-011ccf0f40dc/cc375273-b85b-47e0-a401-2ceb13bdead4/crop.png,10355,721a840feef567667068b19bebef34f4312d4e2bf2ff9d5827163df50962e09b,cell_crops
cell_crops,28ad99d0-3c43-48d8-a178-af9c537cb00e,relative_storage_key,cell-crops/b0a5839c-3668-4411-b590-cc1d8fed470e/bf423fe1-2fc5-4662-9eda-ff1496c1bba9/c2a6cffd-18de-474e-ba04-2bf65b0f4f8c/99c12fc8-cc23-4c62-a259-dcf9e07ce53d/crop.png,2463,12d11711ff963cb8fae87047f971c5f75cddc73437cdc18411ff7c9f49b58687,cell_crops
cell_crops,28aedbcc-c4b4-4542-bcb6-d76fbfe84b1b,relative_storage_key,cell-crops/52c4864d-1788-41db-a1d2-883ce7d83a58/490887fa-b3af-4136-85dc-8ae66e413acd/bf339bce-cffa-48e9-a044-4b9df2cc36b4/1ddd87e8-96c1-45b8-91da-d3423f750cb7/crop.png,3797,821d66bc3c685eca74c69a79ff0bd4a5c83109a04ca3b6dd64d88800e7c8d8f1,cell_crops
cell_crops,28beccf3-2632-48a2-854c-fc61d0ed785a,relative_storage_key,cell-crops/52c4864d-1788-41db-a1d2-883ce7d83a58/490887fa-b3af-4136-85dc-8ae66e413acd/bf339bce-cffa-48e9-a044-4b9df2cc36b4/7eadbc10-6fcb-444a-b8d1-25489d1885c0/crop.png,1657,171acaa0197c2067699866a0b9fdbb85f7cbf6c4bdc9ff129c2c2022bcbad8c5,cell_crops
cell_crops,28da66cd-30bc-4c9f-8ed8-ee337f058e91,relative_storage_key,cell-crops/121a69bf-ba23-4014-892b-158b9c2b71a4/aa1323a6-7f80-4e1e-819a-ec182f045f3d/97fb12a0-df7f-455f-8e13-e0383ad3934d/7ee93112-704f-44d7-817a-5769c664d261/crop.png,1337,4a796240da6c88001ca95d6396f90d7ca26840f2c6845375beb211f6c9565983,cell_crops
cell_crops,28eab2aa-8efb-41c0-9a20-ae3ea4367a58,relative_storage_key,cell-crops/93807208-985b-4d70-bb43-c7843db4141d/f4a29ede-288f-42ba-abf0-32395606ffc4/8d3b080d-2f56-4175-b76a-dc309555e9de/f5cad557-9764-4ef6-8249-f21c794d2e77/crop.png,5100,cf123388cbe26ced3f96cf00941f43c53b38c0edb65fdc214701d69f39231210,cell_crops
cell_crops,292fc41d-1102-4f5b-b591-99f19d4c5bfd,relative_storage_key,cell-crops/ae68a99c-11f7-457a-88f8-3cef9a144958/618af6de-bfab-495e-8634-e484d620ee21/650c7580-8b2e-4bc4-88e8-bf03c5bb423d/2617cc62-24e1-4192-a3d9-624317bb7ee4/crop.png,2444,2a60fd98abf05ce1e7024b1f665b194d4281f672bdad0efc6c5ddadd02226a5e,cell_crops
cell_crops,2936a53e-5478-493a-a0d3-b2bc48205502,relative_storage_key,cell-crops/383c9700-4823-4ef4-a3f6-c8bac0a28dd4/0d86637f-bf43-4c20-a000-30e6e09038ff/e4296ff7-9e31-4bd9-8593-2615946bcceb/55f9b478-e34f-45e9-970a-56be54a7229d/crop.png,690,e3c8566de66e45cffa286d0b22b7db089d27d08b2e02f04f233696e493039f35,cell_crops
cell_crops,293f47c6-4667-4b10-8f34-40c6ffb134ba,relative_storage_key,cell-crops/4e1ca921-c5c6-4d89-b035-2d7dd99040d5/b9f975b3-7cd8-4b9a-a2cc-1bd9a76d924c/dc6df3c3-f03e-4261-bd4c-a2df5e0f0d88/19223d25-42c1-409b-8345-d9da3827afdc/crop.png,1348,b78fc1f55bbd9e672a4420c09f4c91b06104db37a0b1f8451a2b33f1b7d73130,cell_crops
cell_crops,29691af3-2959-45f7-885e-459aae43a1e5,relative_storage_key,cell-crops/e11b10f7-d1c3-4d6a-9e69-a4b6bc1abc46/1db1a505-3eaf-456d-b123-7b9f8ee77762/339d62a6-0363-472b-b2e3-4a7befd2c42f/cd40e59b-ee1f-4e5e-9adc-75079e25a10e/crop.png,8042,416276b2e82f78a039159fe8fcc13d56590a1c25ac4f234c0a31eb6c1fa7aeed,cell_crops
cell_crops,29a005d2-eacd-4b13-9228-e33b2e9ddcf2,relative_storage_key,cell-crops/3a9a3ddd-a6fb-43b7-98e8-82fe65649b10/69a3938d-51bb-45d7-928d-1b35d46634bb/ea56489d-de29-4bcd-bf1e-16e83feedee6/29e522f5-7bfc-451b-98a6-ce1c0bc2e86e/crop.png,4502,10608a0a6f694547625f830240b18e2bb299abe5a430eb7a4d23d2255296ab47,cell_crops
cell_crops,29ff225b-a18a-4235-9f64-8dc8a5651751,relative_storage_key,cell-crops/121a69bf-ba23-4014-892b-158b9c2b71a4/aa1323a6-7f80-4e1e-819a-ec182f045f3d/97fb12a0-df7f-455f-8e13-e0383ad3934d/1c598f15-7eca-4964-95d4-72071dc653d1/crop.png,4121,e72bcf5da0689a567ab76d73c0a37814c4c4bb9955ef1c9b06ed6578ba56afb0,cell_crops
cell_crops,2a21aa60-7d97-4c2c-bfc6-cae4477d6a0c,relative_storage_key,cell-crops/93807208-985b-4d70-bb43-c7843db4141d/f4a29ede-288f-42ba-abf0-32395606ffc4/8d3b080d-2f56-4175-b76a-dc309555e9de/2b855bda-6753-4d9e-baff-40a9511584db/crop.png,4036,4fc99ea3e4620b65d7606e78bbc4e52d43e9f83a5d77a5c25d2a72551db7585e,cell_crops
cell_crops,2a24c569-28f4-4c5c-98e1-72c183b85175,relative_storage_key,cell-crops/25afdd28-85df-4a2a-9dab-2727ced6821b/f5668b77-a7c4-4ed2-aade-94bbf92900cf/08cd9b57-9a64-410c-8133-1dbdbf2e697c/03a5dae4-f590-4bab-922e-c9340ca8138f/crop.png,2887,21db812a500e296c1baaac7cffab7790224ce61310a135ac21b9abc7f6910e0c,cell_crops
cell_crops,2a4ff0b8-735a-479c-9c11-79ef9303ab89,relative_storage_key,cell-crops/e11b10f7-d1c3-4d6a-9e69-a4b6bc1abc46/1db1a505-3eaf-456d-b123-7b9f8ee77762/339d62a6-0363-472b-b2e3-4a7befd2c42f/894941f7-8761-4722-9283-12712d1bb523/crop.png,1793,b0cb4a9b8e919a23c9c4611ec13f0bf35f9cfa53d4b91f1c8edb94966e6a8cce,cell_crops
cell_crops,2a6a72b4-91fd-4ccb-8771-a47bb94b0eb7,relative_storage_key,cell-crops/7be00fe5-41da-48c5-b2c2-9618f0a7c517/3ebcfc6b-b6e3-40b6-939c-33977196460c/8fa36d4d-c412-435a-a109-923281f0f43d/028504c2-7ee9-41e6-8698-4d4abb1a71ab/crop.png,5100,cf123388cbe26ced3f96cf00941f43c53b38c0edb65fdc214701d69f39231210,cell_crops
cell_crops,2a726322-d18d-4054-89bc-3d4d88cb0f4a,relative_storage_key,cell-crops/4e1ca921-c5c6-4d89-b035-2d7dd99040d5/b9f975b3-7cd8-4b9a-a2cc-1bd9a76d924c/dc6df3c3-f03e-4261-bd4c-a2df5e0f0d88/504e456e-a503-449d-83bb-8e357e29a859/crop.png,831,cc76e0159c2face4e44a99a13db7e23ca0f0bd6a78710dc2a09ef1d9460fbce8,cell_crops
cell_crops,2a81aac7-6ded-45f2-8a09-54d7ebfce3b7,relative_storage_key,cell-crops/59a98cc0-24f4-424a-b208-3fe06063fa47/98626a4c-b3fc-464a-a4fe-90bc886c7647/c0a49ec0-99e0-4b2b-a9e4-1e2ec28655a0/94136e34-87bb-478c-9ee1-275e9c8fcf12/crop.png,6437,b3ad00c19433c7f7b70761520ebfbe2a75a3619e090628f50522ffef7bca9ef0,cell_crops
cell_crops,2aec0ef3-df03-4a34-bec9-f99e3fde994b,relative_storage_key,cell-crops/9696ad8c-6c01-439f-afa5-29d7f5234348/c6ffc450-182b-4d59-bf0d-1090bd076903/dd3b1716-0bb9-4523-9fa9-61bc274925d8/5bf41bfe-2286-4fd2-a1f6-131dee5e525e/crop.png,3595,a692c2dd492a1e54bda6801383ac8f73c611254abec110b431be830fc6b63d02,cell_crops
cell_crops,2aecd91d-9472-4d33-860a-2bc4d5f53e08,relative_storage_key,cell-crops/b0a5839c-3668-4411-b590-cc1d8fed470e/bf423fe1-2fc5-4662-9eda-ff1496c1bba9/c2a6cffd-18de-474e-ba04-2bf65b0f4f8c/aefe4eab-58bf-437a-b4dd-c02e649931cc/crop.png,1213,f1ba6338b30b8dd4769266200040d30de84cc221cf50799166023d914e182c2c,cell_crops
cell_crops,2af1ef74-c33d-4faf-be52-6ceac0c0b7cd,relative_storage_key,cell-crops/7be00fe5-41da-48c5-b2c2-9618f0a7c517/3ebcfc6b-b6e3-40b6-939c-33977196460c/8fa36d4d-c412-435a-a109-923281f0f43d/d2679c6c-f171-4831-9d81-4206d8bec887/crop.png,3994,154452a953fd545726af5465e9309d9ad2dc2339c7397810efbc00b1f91fbbfd,cell_crops
cell_crops,2b174cdf-4267-4c36-8b31-a22886f8fe8f,relative_storage_key,cell-crops/6dede06e-ae61-4920-bb2c-935cde2a5ff5/60bd296d-21d5-4d22-99bc-a023cb410f35/88dc4c92-8367-4c4d-a59b-da86d01b8d82/342a4f0c-b37d-43b5-8218-54d0e93762ca/crop.png,6861,e4deeb580d52fe230d26727e0890d45b615d1603790ccf17c2fccaacdf694ed3,cell_crops
cell_crops,2b24fef0-16c5-4489-a9d3-d6c0bdd1c756,relative_storage_key,cell-crops/5d9ca4e3-60b1-4a9f-aba0-8a5edd13510a/3f2dc1d9-eb62-44b3-a325-2d8db65a585c/0c7ee510-e240-4b6f-b8bc-352c4dd9aa20/e72b76a0-fe84-4ad1-85a9-40139bd75b42/crop.png,5828,c69d2991aa8238ab1f323e36a03e7fb8178775e6e68793affde01061d1e11b55,cell_crops
cell_crops,2b35aa40-2ed4-4b75-b390-4a48f67f88d2,relative_storage_key,cell-crops/aac2f7a6-e279-42c1-8035-33134bfdf3eb/881590dc-6d13-4137-ba82-d28d2ed5199a/34070251-bc08-40a2-b33a-35ad175a7189/bdc8876e-e1e2-4878-a2f3-9edd8c9828bb/crop.png,3137,96f54cd71a8893a3e68192236d9cc8f7910fed31812010a7a24498d31d2a9d95,cell_crops
cell_crops,2b37f5b7-1a90-464e-a6a2-73fba4759034,relative_storage_key,cell-crops/6dede06e-ae61-4920-bb2c-935cde2a5ff5/60bd296d-21d5-4d22-99bc-a023cb410f35/88dc4c92-8367-4c4d-a59b-da86d01b8d82/c2f62154-b384-4b59-8ef2-9191cfbc16c2/crop.png,4956,90faaa8b289ee4da49ad80cbb412d5dfe8a4500f32ed408600baebb9020f7a10,cell_crops
cell_crops,2b4377d4-04aa-4b8a-8c42-7f1125ca18f2,relative_storage_key,cell-crops/7a11c0f4-a9d7-4446-a5f2-437ffc334a6c/0ff18f89-6fbd-4755-8e89-15227de46f41/3dca4192-f767-48f3-a7e8-59e22d9db3f9/a11808fd-eb24-486c-947c-967ab61fe326/crop.png,9833,6e0c8975f122028aa7148b8705c38055af02ae3bc17a5e545066ad191a55febd,cell_crops
cell_crops,2b585d06-e253-4d96-b044-211c5498069f,relative_storage_key,cell-crops/b0a5839c-3668-4411-b590-cc1d8fed470e/bf423fe1-2fc5-4662-9eda-ff1496c1bba9/c2a6cffd-18de-474e-ba04-2bf65b0f4f8c/025fc393-8efb-4adc-88ac-5fc6ee394264/crop.png,2021,e18122c5eba11e961e323498ce312f661c90a67aa6bfe04d15251e921db08685,cell_crops
cell_crops,2b62a6be-290b-4d46-bb93-68d9342e0bb6,relative_storage_key,cell-crops/c9a6b7af-881f-47da-980a-1a2c2b743a1c/03505d0f-434b-48ac-ae42-76750f4fbc1a/a0889d56-1430-4a7f-b67c-e21291ac9ed7/24c85f81-51db-4db3-a70a-c0cdd515a881/crop.png,10229,29759153917d54801a3267c499b4f77def28fa766220aebe8955dc8c61619869,cell_crops
cell_crops,2b7237cd-4ebc-4c50-896c-b86eecad808b,relative_storage_key,cell-crops/c6209893-144a-447d-a436-fe89fc140cee/f088ac8e-c214-474d-837d-53532f4ef947/43249c8b-9008-49c9-8246-2b24989143a2/d3507c89-a969-41d0-a621-0f991592203e/crop.png,4244,94a9ad286680d5dcd4c921bb509c61f7339b5822c17fd9c53864b669b816f71c,cell_crops
cell_crops,2b936d0e-7eda-44f1-be71-e9710c6d50cd,relative_storage_key,cell-crops/ae68a99c-11f7-457a-88f8-3cef9a144958/618af6de-bfab-495e-8634-e484d620ee21/650c7580-8b2e-4bc4-88e8-bf03c5bb423d/0ff6ebfb-0996-479e-9560-ffc082420a5b/crop.png,7396,aaf463e8d4ca7ba651e3e374e9ff770f802d6a9e674943890ad8ea9b9c53d081,cell_crops
cell_crops,2ba6290f-6611-45d5-8c0e-ed5253fdd385,relative_storage_key,cell-crops/4e1ca921-c5c6-4d89-b035-2d7dd99040d5/b9f975b3-7cd8-4b9a-a2cc-1bd9a76d924c/dc6df3c3-f03e-4261-bd4c-a2df5e0f0d88/dca02261-2a2e-4f1b-b93b-0079e19f65ce/crop.png,1335,b69bf785265abf789b6491f04a36443c4d87562c6dd854dcc0ad794bab8d6ad5,cell_crops
cell_crops,2ba9621b-e496-46f1-abff-0e15b4b8c990,relative_storage_key,cell-crops/121a69bf-ba23-4014-892b-158b9c2b71a4/aa1323a6-7f80-4e1e-819a-ec182f045f3d/97fb12a0-df7f-455f-8e13-e0383ad3934d/d9d20b6f-01b2-4a17-8b2d-b02dee12c84a/crop.png,1028,0d35acf59e0f49cff874cceeb775244d2bbc3e2e5c7153ad9be4c63f5f1551b4,cell_crops
cell_crops,2bb247a1-3a86-4e84-b627-ccc92e707542,relative_storage_key,cell-crops/4383bcb6-1595-4b3c-9c6f-ced12863a762/f6d15c09-591e-4808-aff5-02f7c8c4d239/25a1a8fb-90d3-4cfb-b43b-20ee3b4b7788/ea8971aa-5f02-4d52-b708-0051032a9056/crop.png,6325,e4c1fa769cd113a39c4eb1a3a710bd71ae55b261036e0457344eb7c49a82af09,cell_crops
cell_crops,2bb713d3-d8b4-4730-9c10-2bfbc5ecb6f0,relative_storage_key,cell-crops/4e1ca921-c5c6-4d89-b035-2d7dd99040d5/b9f975b3-7cd8-4b9a-a2cc-1bd9a76d924c/dc6df3c3-f03e-4261-bd4c-a2df5e0f0d88/ef528b1e-c0c1-4a22-9d5a-29584eabff0e/crop.png,1135,cc34b6baeab4b66d1ce4bf7634e5d556e0d7f6bf945f11407c9a52ad27824306,cell_crops
cell_crops,2bc5fade-a7fc-4570-b90f-669d9902b5c3,relative_storage_key,cell-crops/7ef7cff8-899e-428e-b89a-36803c0575b3/04bafb48-259f-4626-82fb-a3359ee3160b/26ddb17b-1b89-4301-8f40-011ccf0f40dc/e3899c76-2ebe-47f4-9203-8afcb7816c12/crop.png,6503,7d78760b02b21a808ee8ad23093454b3b0538be2755f5c8e7e31dba8e702e3f5,cell_crops
cell_crops,2bd6d91a-6e2b-4baf-a5f1-b01fca64b5b0,relative_storage_key,cell-crops/b0a5839c-3668-4411-b590-cc1d8fed470e/bf423fe1-2fc5-4662-9eda-ff1496c1bba9/c2a6cffd-18de-474e-ba04-2bf65b0f4f8c/cd4c54a9-1f2a-4f74-abb4-b552e2b93b7a/crop.png,1960,c8b496593b9f8dbd2d64d9d045b278d3fa9a755e521aa19a73a27bdb62ce042f,cell_crops
cell_crops,2beed607-b30d-4b0a-8a7c-4726b2fbf633,relative_storage_key,cell-crops/d28e9146-5ad9-4df7-8af4-1b8901780c2b/f196b05e-1e21-41c5-8292-1c802004009a/6948fa72-3ff5-45bb-beb5-8ae3bba8b6d6/8aa84917-bf01-4dab-9d9c-41e769623561/crop.png,6901,de90834bda7b22c3d6a9162c944575e96b1910aab902fefd768e65ad82ccf979,cell_crops
cell_crops,2c0b84fc-fcac-44c1-b0fc-8b854de1c74b,relative_storage_key,cell-crops/59a98cc0-24f4-424a-b208-3fe06063fa47/98626a4c-b3fc-464a-a4fe-90bc886c7647/c0a49ec0-99e0-4b2b-a9e4-1e2ec28655a0/5be89f6a-a894-485f-8ca6-6ef87ba1469b/crop.png,5429,9492644991312d0792fd2604e8f640603b249558e998f8ce14d3584f2fecce7b,cell_crops
cell_crops,2c266c86-e57a-42b4-acca-dcfec5c0d440,relative_storage_key,cell-crops/5d9ca4e3-60b1-4a9f-aba0-8a5edd13510a/3f2dc1d9-eb62-44b3-a325-2d8db65a585c/0c7ee510-e240-4b6f-b8bc-352c4dd9aa20/aa9ad00d-0b33-4478-b60d-e903cac2d8c0/crop.png,5053,9f773a3f9eec64ca66f62557db77758da51ff9e480923c4c0e1aca9e2bebcccd,cell_crops
cell_crops,2c3815e6-1556-4617-9e71-17f94fe22db1,relative_storage_key,cell-crops/d28e9146-5ad9-4df7-8af4-1b8901780c2b/f196b05e-1e21-41c5-8292-1c802004009a/6948fa72-3ff5-45bb-beb5-8ae3bba8b6d6/6cf0f16e-1342-4b9b-afe8-f901869f3c27/crop.png,4584,3803496236d75f0dcf4832f9144eb678e4f4ad82539ed85ca8603f52dc6606e1,cell_crops
cell_crops,2c53506a-f769-4d66-a57b-c1b3241323d3,relative_storage_key,cell-crops/ae68a99c-11f7-457a-88f8-3cef9a144958/618af6de-bfab-495e-8634-e484d620ee21/650c7580-8b2e-4bc4-88e8-bf03c5bb423d/453536a0-6777-4d95-9fa1-932f9af8d56c/crop.png,3484,467373d7e33a14facee0ad4e601c28b3136649c84844fb444bbfdbc6f6ea90bb,cell_crops
cell_crops,2c6c2299-76c9-4c70-8885-11eee327aafd,relative_storage_key,cell-crops/aac2f7a6-e279-42c1-8035-33134bfdf3eb/881590dc-6d13-4137-ba82-d28d2ed5199a/34070251-bc08-40a2-b33a-35ad175a7189/65555eda-c90c-412a-b6ff-baf77cbbf36d/crop.png,5810,52c0873d26a954bd8fc886163c5753366a9bd1cc343562d40660789b785a0553,cell_crops
cell_crops,2c8c7b42-9634-4daa-8259-09e70c25cd5a,relative_storage_key,cell-crops/5d9ca4e3-60b1-4a9f-aba0-8a5edd13510a/3f2dc1d9-eb62-44b3-a325-2d8db65a585c/0c7ee510-e240-4b6f-b8bc-352c4dd9aa20/ad7865ff-8aaf-4fcd-b4c9-c989b4013e1a/crop.png,3952,7d0c0b980046f26b7db7f0438ed8e3120262175b47fdf8d16afc60ed248725f2,cell_crops
cell_crops,2c9470fc-44cb-4f92-bede-a8b1bfedcab7,relative_storage_key,cell-crops/db1855bf-e94d-43ea-86dc-5c1d21c82206/70a62caf-67c3-44f5-8752-596e9432c4ca/f914626e-fa1c-483a-ac2d-a7ebce6130f5/0520ba1f-66cc-4d28-8f79-c1474ac4d562/crop.png,2960,eaf1bd0292317490874f28708b6bba40f8516785df59a8f78912eff036a194b8,cell_crops
cell_crops,2c9a33e7-c832-413b-b683-53deb6538214,relative_storage_key,cell-crops/54e278de-2381-4a05-8faa-42bf761f6688/50b0884e-ddde-4252-be9d-058151c986c4/f4400105-33b9-4bc0-860b-010b1cf3d386/a38fa77c-0b0f-4961-8947-3e6c39c74fa2/crop.png,1513,0f0647bd91add783de414dc19b1922de136f6c3ea0ed4fbb64a1c768cedbe023,cell_crops
cell_crops,2ca34bf8-8a5a-4261-9227-fe354696d93d,relative_storage_key,cell-crops/214fd936-3c74-4042-937a-3131ff495bdd/5e7bbe13-3cf2-4c2d-9022-31d242f15fb1/c6a30725-877a-4570-819a-de52a6bcb57d/594e12d1-4c20-456b-8140-966aaf1a46e7/crop.png,10172,167f2ebc4bb275cee32317b3c89dd5743557f92aff6413b6dc8b11a7b7e41abe,cell_crops
cell_crops,2cff1199-916a-4596-b67f-23f59098d92f,relative_storage_key,cell-crops/7a11c0f4-a9d7-4446-a5f2-437ffc334a6c/0ff18f89-6fbd-4755-8e89-15227de46f41/3dca4192-f767-48f3-a7e8-59e22d9db3f9/2fd12848-5c3a-424e-9cab-01aca3c688a3/crop.png,5418,7568ed54960fcb3c23902f2ad10ff1485f09e483db5624f57104528d039064bc,cell_crops
cell_crops,2d1b4dfe-37c3-43fe-846a-73a0e7c53e18,relative_storage_key,cell-crops/e11b10f7-d1c3-4d6a-9e69-a4b6bc1abc46/1db1a505-3eaf-456d-b123-7b9f8ee77762/339d62a6-0363-472b-b2e3-4a7befd2c42f/5dc23831-15bc-4c52-aea1-d70f780ad6c9/crop.png,3846,12b00f3776de83c70ceb2b00735a2b6239ed43aa265336b509f2c236a1ef325b,cell_crops
cell_crops,2d31e018-fb65-41c6-9ee9-4c6be025e501,relative_storage_key,cell-crops/ae68a99c-11f7-457a-88f8-3cef9a144958/618af6de-bfab-495e-8634-e484d620ee21/650c7580-8b2e-4bc4-88e8-bf03c5bb423d/39fbc973-3ae8-4f0c-bb3b-4b927472ef8b/crop.png,1178,9244c6fc721b4248c4d2c868e92bdf49fdadeb2512a872b0f2a5e1f2080d56e3,cell_crops
cell_crops,2d349967-5c8d-498b-8e8f-ca81945d01f6,relative_storage_key,cell-crops/ae68a99c-11f7-457a-88f8-3cef9a144958/618af6de-bfab-495e-8634-e484d620ee21/650c7580-8b2e-4bc4-88e8-bf03c5bb423d/0e76e562-419f-4f06-a826-5bbf4e7a287d/crop.png,2273,c622aefa3fbf6278f8e701e9fe7a1c64387d95225bc573e0e085913db40a013a,cell_crops
cell_crops,2d36975f-84aa-4474-a760-c9695c5001ec,relative_storage_key,cell-crops/7eba770f-f337-4ed5-b174-fb4c18baaae5/0074b7b4-1a21-4123-9fb0-7a7e78c65792/6a4c1def-59d7-4111-8a64-9cfb8e00ba8f/553b82dd-2d14-487e-aaa4-33747eeefc2c/crop.png,9251,6c9b2def542c2daa310b68eba719acf3c14e7159775483bc9b9f10bcebe1b76f,cell_crops
cell_crops,2d4e0371-24a7-49fd-a915-ddc029cd68ab,relative_storage_key,cell-crops/7eba770f-f337-4ed5-b174-fb4c18baaae5/0074b7b4-1a21-4123-9fb0-7a7e78c65792/6a4c1def-59d7-4111-8a64-9cfb8e00ba8f/247468d9-2b59-4cbd-b8fc-ded3e2c775e8/crop.png,4237,e1b7a0bf9e42b6f80e1475a730a81aa15ff28d46166d45ccd653f3586f674fa9,cell_crops
cell_crops,2d7d0f0a-388e-433e-8041-f1d8b6c602b6,relative_storage_key,cell-crops/e109f86a-afaf-4c6b-8831-0fd7fc4fa7b2/2b113263-4ee7-4c87-a4d5-c689a43626bb/5b7cb03b-f0e6-42de-9aba-d4fb3757ad09/c1de6b65-ac71-49bf-866e-5e5a416a3a31/crop.png,8954,2244ce1ebbf31afed32f92b7207118dda14540ab1430688785dad34b5a008155,cell_crops
cell_crops,2dc195cc-bebf-44d0-b758-72088b982dfc,relative_storage_key,cell-crops/59a98cc0-24f4-424a-b208-3fe06063fa47/98626a4c-b3fc-464a-a4fe-90bc886c7647/c0a49ec0-99e0-4b2b-a9e4-1e2ec28655a0/bf3039f1-c2c3-4e56-8251-de90d6619c75/crop.png,3909,1a45f058b0ef2ae4b3e3e0bd5f6b955029415e1d60a3643c16f9bf93d11d2bd1,cell_crops
cell_crops,2dcbc2f4-ef61-4b74-b0bb-449f4c14f3ed,relative_storage_key,cell-crops/fce4a23b-7725-4c69-960b-5c9cd9b68f50/c6ecf996-e832-44ad-89bf-2ca55d1d46d5/5ecbdf28-e01c-4b51-ae7b-f9d88c6b9aa5/61383bd1-4a4f-4e3f-8c42-5841d404698f/crop.png,4582,23dfe3384d7d9cd4c2770e130cea3a6b8849bc08c513ced1cd3102e7792552e2,cell_crops
cell_crops,2dcf5592-f704-411d-9fdb-46e2f79fcc02,relative_storage_key,cell-crops/121a69bf-ba23-4014-892b-158b9c2b71a4/aa1323a6-7f80-4e1e-819a-ec182f045f3d/97fb12a0-df7f-455f-8e13-e0383ad3934d/f3356cb2-2e8b-4cb3-9015-416aecb08fcb/crop.png,3134,313cedd2354a25dba465fae59c913149d396a7e56271180eb8f2e4501f2cbc07,cell_crops
cell_crops,2e130192-4a46-45a8-93cd-ff1cf4257631,relative_storage_key,cell-crops/ae68a99c-11f7-457a-88f8-3cef9a144958/618af6de-bfab-495e-8634-e484d620ee21/650c7580-8b2e-4bc4-88e8-bf03c5bb423d/0cde6854-6fb8-4fe6-a6e9-3f1507317d5d/crop.png,1470,cd1a49b5d5627de2e38916a5312d1f4c9ec306a66b2a2b9221e1a4b1738e24bd,cell_crops
cell_crops,2e2a4abd-3844-46a4-9282-d07facf66025,relative_storage_key,cell-crops/5f35abbf-10da-4c5e-b4d7-0b2e59de51f2/99ac88d3-5c9f-4fc3-8d6a-abadae1ee80c/b0ad2c3c-3de1-4628-bf32-d60536a0da80/1ec187be-18fe-4fdb-b122-4fc01804244a/crop.png,6462,a72ce85c5925506101db17b0c3b240b7d902e5a61a5e98e72f5801c61f8fce1f,cell_crops
cell_crops,2e3ebe65-8959-4e20-9914-a4d5f24091e4,relative_storage_key,cell-crops/1c49c468-795c-45ed-98a4-e3670ddd5182/2f40a287-e0d5-4ab9-919e-a1ddfe57b9bd/2ac85463-e0b3-4c27-bb72-7ffdae1f53ab/1e00fc73-e5e2-4c86-bac8-6559edf025b0/crop.png,5145,9f908c5729d2112259ce5ed439c013d44b1d04685f9cffc045336716341ef509,cell_crops
cell_crops,2e6582ae-74ea-4001-b6d2-7788531db8e3,relative_storage_key,cell-crops/9696ad8c-6c01-439f-afa5-29d7f5234348/c6ffc450-182b-4d59-bf0d-1090bd076903/dd3b1716-0bb9-4523-9fa9-61bc274925d8/a1d89af2-a5ec-4816-816f-719ee22bb2ac/crop.png,5979,81c139c7812a3458a79d4640d22375a9ea2cc9845dfaf0bad994db8f69f14e60,cell_crops
cell_crops,2e6f2ece-5fc9-4146-bf92-a465d12492a7,relative_storage_key,cell-crops/54e278de-2381-4a05-8faa-42bf761f6688/50b0884e-ddde-4252-be9d-058151c986c4/f4400105-33b9-4bc0-860b-010b1cf3d386/53180377-959d-438d-a11c-50b8e1ae68c0/crop.png,2424,adf8bc111c6f5fc848d3db25c25372891ef725dcef619bf86f7281b5b1d6b220,cell_crops
cell_crops,2ec313c0-5a9e-42f7-94f1-3a767f1c452a,relative_storage_key,cell-crops/1c49de91-f3ba-4794-8cbd-62bc966049c5/1007bc39-4bca-4a32-9069-5c8180b174db/cdcfc6c7-12a5-4405-8fb1-213826f88d05/a0003034-9037-44a6-a38c-e26a593c842b/crop.png,3585,064f31de1d54bc2064cad64ff7c71f8ab74aaa91931c9dffb27c20ed07deda89,cell_crops
cell_crops,2ececf98-418d-4c78-99f8-c4e896882a16,relative_storage_key,cell-crops/e109f86a-afaf-4c6b-8831-0fd7fc4fa7b2/2b113263-4ee7-4c87-a4d5-c689a43626bb/5b7cb03b-f0e6-42de-9aba-d4fb3757ad09/9cd593d3-c293-42ce-b079-ec336efa5f07/crop.png,11443,1e187353e0616a31f3e4439b5257f22d637378ac78b4675bc41ce86fdbcdf7df,cell_crops
cell_crops,2efd1cee-1546-40c5-856c-17aca8f0c29b,relative_storage_key,cell-crops/59a98cc0-24f4-424a-b208-3fe06063fa47/98626a4c-b3fc-464a-a4fe-90bc886c7647/c0a49ec0-99e0-4b2b-a9e4-1e2ec28655a0/53dade88-e4b4-4084-8243-8e1f7323136b/crop.png,1970,f8e09d4fdee187233215a9413aad44dc9620ef9930d9123cb7e04e0498660273,cell_crops
cell_crops,2f9fc9b9-f7d7-48dd-9de9-ee6d502efdda,relative_storage_key,cell-crops/4e1ca921-c5c6-4d89-b035-2d7dd99040d5/b9f975b3-7cd8-4b9a-a2cc-1bd9a76d924c/dc6df3c3-f03e-4261-bd4c-a2df5e0f0d88/264e8197-b427-4555-afb1-79951c718762/crop.png,14238,718f3f88e73e22c889ec857e9fb8f3538890d43a68563f43d2992e454180066f,cell_crops
cell_crops,2fb238d2-8957-4df8-95ad-8afc0811c829,relative_storage_key,cell-crops/4e1ca921-c5c6-4d89-b035-2d7dd99040d5/b9f975b3-7cd8-4b9a-a2cc-1bd9a76d924c/dc6df3c3-f03e-4261-bd4c-a2df5e0f0d88/030cb700-ea85-4e63-a1b4-7fb2730763d7/crop.png,2412,2b94d3788697257286200ab82e97747cfe87428a84e7809583fa9b5fe91756d5,cell_crops
cell_crops,2fb816fc-1008-46cc-a058-0218ecd76f48,relative_storage_key,cell-crops/7a11c0f4-a9d7-4446-a5f2-437ffc334a6c/0ff18f89-6fbd-4755-8e89-15227de46f41/3dca4192-f767-48f3-a7e8-59e22d9db3f9/57a79970-ab29-4383-8fff-5ce99b2e3e0c/crop.png,3792,456bf24c3e0b3b33312f09f28f7907cea4f0f54526c5f1dd9dd97df49732d8b3,cell_crops
cell_crops,2fb98187-7a57-4a10-a9ff-db0723b91c37,relative_storage_key,cell-crops/6dede06e-ae61-4920-bb2c-935cde2a5ff5/60bd296d-21d5-4d22-99bc-a023cb410f35/88dc4c92-8367-4c4d-a59b-da86d01b8d82/b1a0e01b-b68f-4e6a-89a8-cbc25496fbae/crop.png,7464,af6e72b5825c174b6e5216a13c15b6d4886bbe653aed14943692415e2cf39114,cell_crops
cell_crops,2fbd4b9d-4e89-4894-be07-a43cb9fd8ff4,relative_storage_key,cell-crops/1c49c468-795c-45ed-98a4-e3670ddd5182/2f40a287-e0d5-4ab9-919e-a1ddfe57b9bd/2ac85463-e0b3-4c27-bb72-7ffdae1f53ab/f0a9f96e-b738-4a6a-b18e-c79c3e22d141/crop.png,5670,bfcaf97f17469c2feba9c30a4b05f1c0ccf14b65ac8374b5948f2c514504d501,cell_crops
cell_crops,2fded326-5d67-47bd-8add-a38aece6762e,relative_storage_key,cell-crops/e11b10f7-d1c3-4d6a-9e69-a4b6bc1abc46/1db1a505-3eaf-456d-b123-7b9f8ee77762/339d62a6-0363-472b-b2e3-4a7befd2c42f/61f41d49-6ebb-46a9-8777-0e5a19b4801d/crop.png,18169,ff3284066245f7a5d15cac363f353da70f5b6c2aa1b4db4c178d3c8aece96fba,cell_crops
cell_crops,2fef4058-e15f-4e95-9b6f-2eafd3e0d76d,relative_storage_key,cell-crops/25afdd28-85df-4a2a-9dab-2727ced6821b/f5668b77-a7c4-4ed2-aade-94bbf92900cf/08cd9b57-9a64-410c-8133-1dbdbf2e697c/faddf2bd-4afa-486e-bb6b-7ec247c3a2b8/crop.png,4412,1446edc34bc816de5a0f94008fab20cabb63e41f4a5225602d87e37e029d79b4,cell_crops
cell_crops,301999e3-b69b-4a95-93a4-d2ecbaa75f76,relative_storage_key,cell-crops/e109f86a-afaf-4c6b-8831-0fd7fc4fa7b2/2b113263-4ee7-4c87-a4d5-c689a43626bb/5b7cb03b-f0e6-42de-9aba-d4fb3757ad09/ded922f6-c4a2-475e-97f1-0d27d765bd40/crop.png,5610,c23ad068250757c27d07e333274db4f5e186d8cc984c956ec5c629a4515670f9,cell_crops
cell_crops,304935b1-86c5-4683-81de-42f756b295ba,relative_storage_key,cell-crops/b0a5839c-3668-4411-b590-cc1d8fed470e/bf423fe1-2fc5-4662-9eda-ff1496c1bba9/c2a6cffd-18de-474e-ba04-2bf65b0f4f8c/68ab9e86-9259-4fdf-8be1-476d082b1109/crop.png,1541,74ed00d5f7943e0685635f3efb59b4ddb20f87a6d7a62e31ee45f73be591b545,cell_crops
cell_crops,304bbb49-5999-4b1c-861b-d731c49df65c,relative_storage_key,cell-crops/b0a5839c-3668-4411-b590-cc1d8fed470e/bf423fe1-2fc5-4662-9eda-ff1496c1bba9/c2a6cffd-18de-474e-ba04-2bf65b0f4f8c/e56246c0-0175-49f2-b877-1a66e172fa1d/crop.png,3196,a236061df0486c2d5f4486e2a34a7bd72b8653b9026477fec7a955efa1d4b349,cell_crops
cell_crops,304e0a77-b0a7-4df0-a947-f61a6a524e28,relative_storage_key,cell-crops/ae68a99c-11f7-457a-88f8-3cef9a144958/618af6de-bfab-495e-8634-e484d620ee21/650c7580-8b2e-4bc4-88e8-bf03c5bb423d/b6287672-e304-472b-9d10-f9d1a67eac50/crop.png,1899,86baaf831c008e6aa34560797d9b86418c2c9471835dd949d03ab6199899037d,cell_crops
cell_crops,307489f4-a8ee-4b6f-9cec-b350af3cfd81,relative_storage_key,cell-crops/8122e340-548f-40df-9dd4-ed43859605ff/ed18ce4e-6fb0-4f1f-b313-c9d76617210c/8cb2cae1-c3e1-487c-a274-4385f339dded/ed8fdd26-546f-4204-8f1e-31f6e6939f92/crop.png,3261,923daab95441ebee40b6ece56dc9cfb6a7c895e10f578f24f2f27b995d3ccad5,cell_crops
cell_crops,3082682b-bd71-46ab-b9a4-488610d10a7d,relative_storage_key,cell-crops/e11b10f7-d1c3-4d6a-9e69-a4b6bc1abc46/1db1a505-3eaf-456d-b123-7b9f8ee77762/339d62a6-0363-472b-b2e3-4a7befd2c42f/119853f6-5b92-4322-8a33-2f04da649be4/crop.png,25260,d6a92493f1fff516bc0719234f7a4d48dde771a9d29f7c159a25fa720634da7c,cell_crops
cell_crops,308579fa-438e-41f8-ba1b-b25a40b3bae7,relative_storage_key,cell-crops/7a11c0f4-a9d7-4446-a5f2-437ffc334a6c/0ff18f89-6fbd-4755-8e89-15227de46f41/3dca4192-f767-48f3-a7e8-59e22d9db3f9/5e5a06d6-abca-4624-96bc-b8cf05ff37b9/crop.png,1852,a122919d24af7e4a55573a0293cd210d0f74f3d2cb268519ee6aedc148d70226,cell_crops
cell_crops,30b51b0a-a133-4753-b206-5ab2f6cf44a1,relative_storage_key,cell-crops/72906de0-83a0-4e98-940e-735fe5fb2363/c3c7a47a-b9d7-41c8-a8db-3269a23bca95/452e4d39-1e65-4a32-8a6a-e88382ac7aa6/0ad46674-65f4-4599-87de-81001769a682/crop.png,4159,7ee6bfdb7bce0f064955f21064c8ecd44e806f229882ac49792ecdc8bc53e0f6,cell_crops
cell_crops,30ddf62f-dbaf-4b1a-b2d7-36064cab16b9,relative_storage_key,cell-crops/5f35abbf-10da-4c5e-b4d7-0b2e59de51f2/99ac88d3-5c9f-4fc3-8d6a-abadae1ee80c/b0ad2c3c-3de1-4628-bf32-d60536a0da80/68a9f5ca-9bc6-46e7-8816-91bec9a6c394/crop.png,5424,8853fc21b50e9788121d16b7451d8179d44c3027fe43f8a1b597dc06f28b6cf6,cell_crops
cell_crops,316a5be9-2aef-4c6e-9516-13f1fc3d197d,relative_storage_key,cell-crops/b0a5839c-3668-4411-b590-cc1d8fed470e/bf423fe1-2fc5-4662-9eda-ff1496c1bba9/c2a6cffd-18de-474e-ba04-2bf65b0f4f8c/3d53747a-d440-494b-b71f-36500840a9ca/crop.png,3752,72196c7d0512b2fe61b5f15686d678fb0793056a929f21312f6b3d6b619a8f24,cell_crops
cell_crops,316e8b7c-776d-4167-ba10-407e38533bc9,relative_storage_key,cell-crops/b0a5839c-3668-4411-b590-cc1d8fed470e/bf423fe1-2fc5-4662-9eda-ff1496c1bba9/c2a6cffd-18de-474e-ba04-2bf65b0f4f8c/bf01915d-e6b7-4562-be7d-2d5907b8f7b1/crop.png,1681,6e00be83d22386a6952a5bb5c9cb98385273e420038065ae735f729c3edbd079,cell_crops
cell_crops,317312a7-8edc-4a76-972d-f473699a7a3c,relative_storage_key,cell-crops/fce4a23b-7725-4c69-960b-5c9cd9b68f50/c6ecf996-e832-44ad-89bf-2ca55d1d46d5/5ecbdf28-e01c-4b51-ae7b-f9d88c6b9aa5/024d94b0-2797-40b5-8c4d-968391b40800/crop.png,4241,f9d5d9016714b7f643b5674442feb4d9e824ce459bb64143a083fa6320b41c7a,cell_crops
cell_crops,3173872b-ed43-487d-9645-b278058c3610,relative_storage_key,cell-crops/52c4864d-1788-41db-a1d2-883ce7d83a58/490887fa-b3af-4136-85dc-8ae66e413acd/bf339bce-cffa-48e9-a044-4b9df2cc36b4/a956552e-1863-4028-8ed9-44d4a4c6ad78/crop.png,4492,16f008001f72b28a6250f9c9de5a88ebf526831055fbe0e929d7a23de79b49fe,cell_crops
cell_crops,319115d4-7ed2-4a48-a638-088471156f51,relative_storage_key,cell-crops/07c71166-93b3-415e-b764-6ca7344238f6/151ee7ee-b609-4e6b-985c-04af59a85470/9c45439d-fd87-46c3-944a-439ab92cbf89/9a8053bc-fad8-4be8-9501-350d68e3417d/crop.png,2762,e85549529033ec337be006b73ba4cd32394a26ebb70070e69d47938fb89080fa,cell_crops
cell_crops,31d312f8-6955-4feb-8940-30c626820f98,relative_storage_key,cell-crops/1c49c468-795c-45ed-98a4-e3670ddd5182/2f40a287-e0d5-4ab9-919e-a1ddfe57b9bd/2ac85463-e0b3-4c27-bb72-7ffdae1f53ab/9aab618a-6210-4466-b13d-603790ce475a/crop.png,2986,27d3b1ecf76a97b529bf441d1f84388d751b3769bfc8ee541c9da5419d790977,cell_crops
cell_crops,31dea81c-206d-43cf-98f8-1b5df52535fa,relative_storage_key,cell-crops/211b65b9-8b1b-4bc9-bf8e-2572a00a3ecd/85d8a71e-e9ed-4062-a036-52e42dd89720/83b0bdb6-4441-49e8-b6a7-4de634e8d548/a3539123-e03f-4656-9bbe-f4f3fbfabc9d/crop.png,4460,672440357d328e76018e5e4a138b4f7690c563b2d228aae9531eba1d5f585524,cell_crops
cell_crops,322428e7-89f5-4959-b7ac-d525a20d4d73,relative_storage_key,cell-crops/1c49de91-f3ba-4794-8cbd-62bc966049c5/1007bc39-4bca-4a32-9069-5c8180b174db/cdcfc6c7-12a5-4405-8fb1-213826f88d05/a618cbd4-2e8d-4c9c-8d2f-effab11b0ea2/crop.png,3769,e56d48492a86a5582c9efe8d712466161456cc023ea0ff96b36501a70312d691,cell_crops
cell_crops,32497cfb-db17-429a-ba6d-5a278c1fb66c,relative_storage_key,cell-crops/211b65b9-8b1b-4bc9-bf8e-2572a00a3ecd/85d8a71e-e9ed-4062-a036-52e42dd89720/83b0bdb6-4441-49e8-b6a7-4de634e8d548/e2d66e66-b33d-46a9-b3e3-76da25fb3c7f/crop.png,1574,a82bf9cb65dceb250dfd3e8ee0e1c4dd2d0c3fb8816373bd23fd733a582f561b,cell_crops
cell_crops,3260e4c6-408f-4000-82c6-d8de57c173e9,relative_storage_key,cell-crops/3a9a3ddd-a6fb-43b7-98e8-82fe65649b10/69a3938d-51bb-45d7-928d-1b35d46634bb/ea56489d-de29-4bcd-bf1e-16e83feedee6/e329dbb3-d477-4fec-ab3a-feab38b5e98c/crop.png,4935,3e51cc108c699ccdb3f5863dc007686b1c6daaebfed5838211fe972f66e5b222,cell_crops
cell_crops,32675353-0b76-46a2-8514-f7263e70d1f5,relative_storage_key,cell-crops/59a98cc0-24f4-424a-b208-3fe06063fa47/98626a4c-b3fc-464a-a4fe-90bc886c7647/c0a49ec0-99e0-4b2b-a9e4-1e2ec28655a0/8b13a29c-303a-4ea6-8601-ba7ba0c5995d/crop.png,5047,0ef5caf94e8a41cdd943f114f2767775f3c0c9c418b8aac66e48f9949931fd84,cell_crops
cell_crops,32755f35-f1df-4a13-9859-a88163333cf5,relative_storage_key,cell-crops/121a69bf-ba23-4014-892b-158b9c2b71a4/aa1323a6-7f80-4e1e-819a-ec182f045f3d/97fb12a0-df7f-455f-8e13-e0383ad3934d/3b7ade2d-4307-4aad-8f8c-43df51f4481d/crop.png,1498,c318f7cec0a1d0d3c4c242b56c569378676941b49fe9f9f7288116e3c29914f3,cell_crops
cell_crops,327c4cc6-9da1-4df4-a787-acdf38383fcd,relative_storage_key,cell-crops/5ad2e702-acee-4f0a-9a01-8a2ba6b24733/1abc6f5a-ce2e-4d43-a7b2-9323cf7efa1c/13514ba4-7c6f-40a0-a6d6-573684da9510/742d2924-0207-4371-9be2-ca64e8ae11c9/crop.png,3632,d861bdb3840546caba3f64b4f4feabf5af8f23b2724e761a3f279e77f0517d03,cell_crops
cell_crops,329529b5-fb41-4602-b1f2-b8ed9a2d99a7,relative_storage_key,cell-crops/7fd7ef40-bc9c-40d1-9e62-62bf0850c6b3/f6e252a5-7924-4e5c-bc63-8b711db60ba0/8a0187a3-03f0-45bd-ac3c-6e47c7999f03/9b4ccb59-c093-41dd-9564-fe0f70afd5b9/crop.png,1446,bbfab166c6b84915582c8e14b79a61d47e121e479700db82732e66af0d72dbdd,cell_crops
cell_crops,329e58d7-e19a-427c-8bbe-c41855ac9775,relative_storage_key,cell-crops/ae68a99c-11f7-457a-88f8-3cef9a144958/618af6de-bfab-495e-8634-e484d620ee21/650c7580-8b2e-4bc4-88e8-bf03c5bb423d/11607d59-15c2-4e00-a0b5-0704788e7516/crop.png,2926,fac82cfd964089569f18d62b9ff80d21bbedb01106906825089eea79f824dd19,cell_crops
cell_crops,32b3ab56-89da-4366-9e58-25dfb7502ca3,relative_storage_key,cell-crops/7be00fe5-41da-48c5-b2c2-9618f0a7c517/3ebcfc6b-b6e3-40b6-939c-33977196460c/8fa36d4d-c412-435a-a109-923281f0f43d/410f4108-3c05-49c1-9ce4-8e90f0abd1ec/crop.png,5524,6e8283438d191df6354e55cd3e69a1caad6a3ddaee156669b7f37433349d6751,cell_crops
cell_crops,32d63e81-5124-4940-8461-86cd887f4853,relative_storage_key,cell-crops/4e1ca921-c5c6-4d89-b035-2d7dd99040d5/b9f975b3-7cd8-4b9a-a2cc-1bd9a76d924c/dc6df3c3-f03e-4261-bd4c-a2df5e0f0d88/3778d384-4296-4cdf-9406-1c6f64710808/crop.png,5267,af7554768d942055704560fb618bfbce17d85ee5d38bb5e3554156dd6b52cf74,cell_crops
cell_crops,32d7629b-6b50-47a2-80a9-69994e8fada3,relative_storage_key,cell-crops/05b33155-8921-4eb9-9920-af67decfe454/6278de2c-44dd-4a75-aca2-9708e58437ba/92e2e64a-1c82-402b-b24d-75d43d50a17f/82850a34-390f-4055-a2bf-1c02536fff79/crop.png,5559,bbf43f3cf3eafb4a6cf5f4c864814a2489006102e30bfdecdfad270d5052c0f7,cell_crops
cell_crops,32e00df5-dc4d-4302-b0bb-e50fd9b2a484,relative_storage_key,cell-crops/214fd936-3c74-4042-937a-3131ff495bdd/5e7bbe13-3cf2-4c2d-9022-31d242f15fb1/c6a30725-877a-4570-819a-de52a6bcb57d/3ce43972-7300-42fe-a206-d21c5ead4679/crop.png,4002,d3834eeed0a68eb1adcb95f075846ec221df3ee59b7bba4ff2674c5ac0cb4dca,cell_crops
cell_crops,32eac9c3-b25c-451a-802d-e46f218c2ea8,relative_storage_key,cell-crops/07c71166-93b3-415e-b764-6ca7344238f6/151ee7ee-b609-4e6b-985c-04af59a85470/9c45439d-fd87-46c3-944a-439ab92cbf89/874469d5-0800-44cc-a01f-7204f96c0432/crop.png,1653,d462832e92ac6daf4fc6e6d21f664fe694777a1b747e4d180549f4e85ead7c67,cell_crops
cell_crops,334f2bba-fa31-46f9-aaa5-42823a73306a,relative_storage_key,cell-crops/aac2f7a6-e279-42c1-8035-33134bfdf3eb/881590dc-6d13-4137-ba82-d28d2ed5199a/34070251-bc08-40a2-b33a-35ad175a7189/b4c7e51a-cbb3-46ac-a87e-7455470485e8/crop.png,3255,2a7740ea88a675bacf12c8dbe7d886bdafd093c74a4d80b80fdae5276c87a020,cell_crops
cell_crops,33746752-49a1-4500-9917-a78e10f7fdb7,relative_storage_key,cell-crops/fce4a23b-7725-4c69-960b-5c9cd9b68f50/c6ecf996-e832-44ad-89bf-2ca55d1d46d5/5ecbdf28-e01c-4b51-ae7b-f9d88c6b9aa5/b0e610f2-81d9-4331-a8ef-9bc9a2228db8/crop.png,9697,c4616324324ff27d2ca6c19b5ca77b6b2271bddec0db0bdb8e03fb6a762cc871,cell_crops
cell_crops,3376d6e9-1bae-4c9b-b660-71fbd3c0858e,relative_storage_key,cell-crops/25afdd28-85df-4a2a-9dab-2727ced6821b/f5668b77-a7c4-4ed2-aade-94bbf92900cf/08cd9b57-9a64-410c-8133-1dbdbf2e697c/5d9cabac-93dd-42ab-af4d-080fabdfd3b5/crop.png,8486,4d6c9df6e0a313cad496818b2dd5e8afa31d2c940b69fa5edcdaf657077b38be,cell_crops
cell_crops,33847842-eb38-42a9-b698-34df660c6b9a,relative_storage_key,cell-crops/c9a6b7af-881f-47da-980a-1a2c2b743a1c/03505d0f-434b-48ac-ae42-76750f4fbc1a/a0889d56-1430-4a7f-b67c-e21291ac9ed7/85816616-2fac-4f7f-ad4b-3cfe029978a9/crop.png,997,77ca56198110f43354d8c95db6a757e5e7c497ad9f8360dde69d03c5380adcc3,cell_crops
cell_crops,3386b8b2-7522-4961-9a2b-33f1d61c1af7,relative_storage_key,cell-crops/8122e340-548f-40df-9dd4-ed43859605ff/ed18ce4e-6fb0-4f1f-b313-c9d76617210c/8cb2cae1-c3e1-487c-a274-4385f339dded/ebd180a8-70db-4121-ac21-6258e7671b46/crop.png,5623,444e8a3c6a1948ead1f255b8a00e968191d317874b785308f7f292d561be2abc,cell_crops
cell_crops,339418d1-65bd-42ac-bc07-6427c1171df6,relative_storage_key,cell-crops/25afdd28-85df-4a2a-9dab-2727ced6821b/f5668b77-a7c4-4ed2-aade-94bbf92900cf/08cd9b57-9a64-410c-8133-1dbdbf2e697c/ae4dad2b-0e90-4809-b97f-6501cf3b5b04/crop.png,1276,85c4e899642c1afc07ba246a098cf9f7bb9f06c4fb30e4b4a2226fa67cef63c3,cell_crops
cell_crops,33948c3e-3bfc-4bf4-99b2-8348960637d1,relative_storage_key,cell-crops/211b65b9-8b1b-4bc9-bf8e-2572a00a3ecd/85d8a71e-e9ed-4062-a036-52e42dd89720/83b0bdb6-4441-49e8-b6a7-4de634e8d548/44b10239-9fed-42d3-858d-4f032394d7e2/crop.png,1513,2261792cf5f2ce5c507b958dc441d0194051f6c3015c26d21262130c7c6c3310,cell_crops
cell_crops,33a91a71-f71e-4e46-b79e-935d94c74692,relative_storage_key,cell-crops/54e278de-2381-4a05-8faa-42bf761f6688/50b0884e-ddde-4252-be9d-058151c986c4/f4400105-33b9-4bc0-860b-010b1cf3d386/50030592-213b-4df6-80bf-5dfe2fd29a02/crop.png,1375,616c4bb876683127917880ceef0f71385f94751459266ce2d526e8913c77127f,cell_crops
cell_crops,33b83be0-ac2d-4eeb-953b-04eeafcdc0a1,relative_storage_key,cell-crops/72906de0-83a0-4e98-940e-735fe5fb2363/c3c7a47a-b9d7-41c8-a8db-3269a23bca95/452e4d39-1e65-4a32-8a6a-e88382ac7aa6/2940c001-c7b7-4ff2-a723-117891c34c03/crop.png,3273,a167bb3d1d9eed0093a36a5842e80a2f70d6940c6584098c3fa6df859a31d8af,cell_crops
cell_crops,33c13ae0-da72-48dd-a6e6-541d8b53ff65,relative_storage_key,cell-crops/07c71166-93b3-415e-b764-6ca7344238f6/151ee7ee-b609-4e6b-985c-04af59a85470/9c45439d-fd87-46c3-944a-439ab92cbf89/f5663619-9193-4725-a68b-62041685b5d6/crop.png,1642,73ffd290e57720bc07421729b65a90e181ffebf36f4d92f0d21ceed82da641d9,cell_crops
cell_crops,33c98fa6-55f6-40d8-afc1-552f5ee12641,relative_storage_key,cell-crops/bc8b8317-c17d-4b7a-b737-5e40120559e2/8c8e678b-a6c7-4b8c-b4c0-d34745f32fe3/25cb85d9-3b89-46ca-982a-f71517c971ee/6899df50-9f50-47cb-9ab6-5fb43998fb4a/crop.png,3445,a830f655c340f9c5ff02621023b00310cbdad907be491b8ab7baa2f006a60eec,cell_crops
cell_crops,33fedb4e-ff67-474c-8f8e-46a5abce4ad0,relative_storage_key,cell-crops/05b33155-8921-4eb9-9920-af67decfe454/6278de2c-44dd-4a75-aca2-9708e58437ba/92e2e64a-1c82-402b-b24d-75d43d50a17f/70fcee72-43dd-4dc1-b4c5-3339610b527d/crop.png,2429,14f411f0f39555c3197f24d3d54adb20a0347551ae3d546c198dd47a6fc412b5,cell_crops
cell_crops,340bb0a8-64e6-41a4-ac1d-0062a4501866,relative_storage_key,cell-crops/7fd7ef40-bc9c-40d1-9e62-62bf0850c6b3/f6e252a5-7924-4e5c-bc63-8b711db60ba0/8a0187a3-03f0-45bd-ac3c-6e47c7999f03/bcfaca07-8651-4106-8304-82966d5a69f5/crop.png,1336,ac8a9e31a54da749b216a2888e343220413636cb4556563d162cbe33917617e9,cell_crops
cell_crops,3428a28e-85b5-4770-9ea5-e567a31bc119,relative_storage_key,cell-crops/5d9ca4e3-60b1-4a9f-aba0-8a5edd13510a/3f2dc1d9-eb62-44b3-a325-2d8db65a585c/0c7ee510-e240-4b6f-b8bc-352c4dd9aa20/3ffc9f4c-8942-4296-bd8a-5ec99550679c/crop.png,3623,4935ec2342c036245b85de0392ca7f0f9fcfd0e046c7653f96f1fd325963b6be,cell_crops
cell_crops,3444fa42-f991-4fe9-b8be-abba6c8dacb6,relative_storage_key,cell-crops/fce4a23b-7725-4c69-960b-5c9cd9b68f50/c6ecf996-e832-44ad-89bf-2ca55d1d46d5/5ecbdf28-e01c-4b51-ae7b-f9d88c6b9aa5/2ce1d6b7-b503-446e-87a3-fe82814f493e/crop.png,4434,4b0a872008371abf5a69ad5ecc691b63edebbfc9f653fc2926ee07aaaaf017aa,cell_crops
cell_crops,34483054-d4b0-4e2d-9eaa-7477a1ddf50d,relative_storage_key,cell-crops/121a69bf-ba23-4014-892b-158b9c2b71a4/aa1323a6-7f80-4e1e-819a-ec182f045f3d/97fb12a0-df7f-455f-8e13-e0383ad3934d/e4037962-ed36-46fa-b796-78ba1b4203c2/crop.png,2273,c622aefa3fbf6278f8e701e9fe7a1c64387d95225bc573e0e085913db40a013a,cell_crops
cell_crops,34557334-5d6c-4b44-9fa2-610e406bdc7b,relative_storage_key,cell-crops/59a98cc0-24f4-424a-b208-3fe06063fa47/98626a4c-b3fc-464a-a4fe-90bc886c7647/c0a49ec0-99e0-4b2b-a9e4-1e2ec28655a0/0a8c864f-28dd-4081-8d1f-af3880907156/crop.png,3977,260a1b38f503cf5c34ab6fdb870e8e3e185c1075ee56d3f689d8db9eb73c1aad,cell_crops
cell_crops,3455ac2c-822d-4181-9565-fee5dfb8412b,relative_storage_key,cell-crops/fce4a23b-7725-4c69-960b-5c9cd9b68f50/c6ecf996-e832-44ad-89bf-2ca55d1d46d5/5ecbdf28-e01c-4b51-ae7b-f9d88c6b9aa5/05750e4a-4483-46b3-8c1e-99f2a428ac44/crop.png,7915,be9ec1c1d915ce273afe603af24f432f70c5395e5cf99cfadb36f0df619bd0a0,cell_crops
cell_crops,345f83fd-5c9c-46ba-b757-fd2a458d6878,relative_storage_key,cell-crops/121a69bf-ba23-4014-892b-158b9c2b71a4/aa1323a6-7f80-4e1e-819a-ec182f045f3d/97fb12a0-df7f-455f-8e13-e0383ad3934d/01dbe47b-e17a-4227-b2a7-55e8ed5a16cc/crop.png,1476,c5ef6e01b171461671bdd4d6282e572b798e722fd28d1ff6e7169abbe95224a3,cell_crops
cell_crops,348e58e6-84f2-475c-a49e-9f16f4ec3486,relative_storage_key,cell-crops/7a11c0f4-a9d7-4446-a5f2-437ffc334a6c/0ff18f89-6fbd-4755-8e89-15227de46f41/3dca4192-f767-48f3-a7e8-59e22d9db3f9/0be117e5-e848-4b40-acb7-2761aa729c9b/crop.png,15170,b40c30ff1c0018053b69fdc4d2936444b3172b2296dd3f94b361fe20ae55124b,cell_crops
cell_crops,34d6c69a-d663-4d54-951e-aa25f7541498,relative_storage_key,cell-crops/211b65b9-8b1b-4bc9-bf8e-2572a00a3ecd/85d8a71e-e9ed-4062-a036-52e42dd89720/83b0bdb6-4441-49e8-b6a7-4de634e8d548/3e0be143-eee5-432e-a5b6-bae49e3bde6c/crop.png,857,762935bbab91292b4f96d3559bea0f93857e643129debe6c9ca8322e613688bc,cell_crops
cell_crops,34ed7db6-829d-4a40-a178-493a11af75ea,relative_storage_key,cell-crops/8b912699-0346-4eca-9a3f-992922f65702/c5ca90cc-e321-4501-82f3-a2e0ef0f51a7/51a1e5c5-fac7-4ab5-b6dd-bef48d583434/64277de9-4abe-4754-bbc1-0b963584c1af/crop.png,3445,a830f655c340f9c5ff02621023b00310cbdad907be491b8ab7baa2f006a60eec,cell_crops
cell_crops,35146010-97f8-4d19-85d5-cf0d40e3c999,relative_storage_key,cell-crops/ae68a99c-11f7-457a-88f8-3cef9a144958/618af6de-bfab-495e-8634-e484d620ee21/650c7580-8b2e-4bc4-88e8-bf03c5bb423d/684e143a-cf9c-445a-b99a-b6f6fafeb550/crop.png,1335,b69bf785265abf789b6491f04a36443c4d87562c6dd854dcc0ad794bab8d6ad5,cell_crops
cell_crops,352327a8-b002-43b9-8e82-c6796e388db5,relative_storage_key,cell-crops/e109f86a-afaf-4c6b-8831-0fd7fc4fa7b2/2b113263-4ee7-4c87-a4d5-c689a43626bb/5b7cb03b-f0e6-42de-9aba-d4fb3757ad09/c82cec19-2f10-4bbb-9af5-0b42da69f41b/crop.png,3334,cbc14edbb6dcf088a1bb5fe4b7410066feae73b645ab56f20dc10517b024e4be,cell_crops
cell_crops,354ce607-4917-49ca-aeb4-0e56ce87a316,relative_storage_key,cell-crops/aac2f7a6-e279-42c1-8035-33134bfdf3eb/881590dc-6d13-4137-ba82-d28d2ed5199a/34070251-bc08-40a2-b33a-35ad175a7189/18058da7-6b2a-4fbe-94b8-dc889ec4e2f2/crop.png,5949,8b4b857b0463a2505e42b0337865e03fd0b80ce8df6c4de1c3e53cf6f1862972,cell_crops
cell_crops,355a639e-f4a0-4fff-9c78-8db078c25133,relative_storage_key,cell-crops/7a11c0f4-a9d7-4446-a5f2-437ffc334a6c/0ff18f89-6fbd-4755-8e89-15227de46f41/3dca4192-f767-48f3-a7e8-59e22d9db3f9/73e270b1-6136-4f3a-aef9-a91271f1f626/crop.png,3867,c706cca4fc08b94dee566e5c338e0cec030c5827f96fd9c9cfd8525d80852b54,cell_crops
cell_crops,355c84a7-7c1f-4827-a974-5e5b6a958a52,relative_storage_key,cell-crops/d28e9146-5ad9-4df7-8af4-1b8901780c2b/f196b05e-1e21-41c5-8292-1c802004009a/6948fa72-3ff5-45bb-beb5-8ae3bba8b6d6/27f7dc45-599e-456d-a004-b4b41d20baa3/crop.png,4873,e418453b123a7ed116b312c40227c01ea2343caf2387517f03683964936c953b,cell_crops
cell_crops,356fb414-ea83-4e17-ab3b-d2d742f22e0a,relative_storage_key,cell-crops/c9a6b7af-881f-47da-980a-1a2c2b743a1c/03505d0f-434b-48ac-ae42-76750f4fbc1a/a0889d56-1430-4a7f-b67c-e21291ac9ed7/44e8b2e2-84fb-4ae6-8fa3-7b5bd1b9bb3a/crop.png,1546,83d299af8d85225f60c989d626c644de63c7b6501d2af6801b68dd54e9939814,cell_crops
cell_crops,358be5fb-0862-4a2d-a798-4287d91544cd,relative_storage_key,cell-crops/07c71166-93b3-415e-b764-6ca7344238f6/151ee7ee-b609-4e6b-985c-04af59a85470/9c45439d-fd87-46c3-944a-439ab92cbf89/c98edf4c-81d1-4e00-a88f-e8fddee54202/crop.png,1913,79b50558244db686724edbf95cccfe3e35c9fe43cbb6c6919587a042bcd0bb10,cell_crops
cell_crops,35a66ab6-85c9-4de0-8b01-df4b509a2f71,relative_storage_key,cell-crops/7ef7cff8-899e-428e-b89a-36803c0575b3/04bafb48-259f-4626-82fb-a3359ee3160b/26ddb17b-1b89-4301-8f40-011ccf0f40dc/619321f1-1f70-4238-9575-2e5aad0d9a93/crop.png,7027,44125c981ae2947147a0e6b0e12432ab897312f4a36befad02a48a01e01f0ce9,cell_crops
cell_crops,35c8baaa-f845-4b83-8aa1-dc585c15c3d1,relative_storage_key,cell-crops/4e1ca921-c5c6-4d89-b035-2d7dd99040d5/b9f975b3-7cd8-4b9a-a2cc-1bd9a76d924c/dc6df3c3-f03e-4261-bd4c-a2df5e0f0d88/6961591d-1b96-49d0-9038-992c02e45f36/crop.png,6548,d44142b93c843a95b7900aa0d3aefdb0c1faf581199b8260532d27110fd58a86,cell_crops
cell_crops,35ca5728-be7d-43a4-9f79-8df0b62ea93e,relative_storage_key,cell-crops/07c71166-93b3-415e-b764-6ca7344238f6/151ee7ee-b609-4e6b-985c-04af59a85470/9c45439d-fd87-46c3-944a-439ab92cbf89/3bbbeb9b-1701-4349-a2c4-68bef916c8de/crop.png,1451,4d598ca938f56583a5043b8012bdec78368f1888becc5a4485ac7eb121114b85,cell_crops
cell_crops,3603b210-1584-4cc2-b05b-5fa67004f6a7,relative_storage_key,cell-crops/07c71166-93b3-415e-b764-6ca7344238f6/151ee7ee-b609-4e6b-985c-04af59a85470/9c45439d-fd87-46c3-944a-439ab92cbf89/229880e4-f425-4130-ad65-13c7e84df3f0/crop.png,1519,82aa03623a807ec37d2c76622bdc8368a399c297f7e91cf5eff410f1d2a3dda5,cell_crops
cell_crops,36206546-caac-4c45-84ab-a20a4b2f0991,relative_storage_key,cell-crops/d28e9146-5ad9-4df7-8af4-1b8901780c2b/f196b05e-1e21-41c5-8292-1c802004009a/6948fa72-3ff5-45bb-beb5-8ae3bba8b6d6/2ffc1859-fc20-4b25-b4f3-5860e2438de3/crop.png,9845,b9e7bbe52152994e9a3d6c226c83212a90f711f19effb71cfd57c0b93895b34a,cell_crops
cell_crops,3621bb6d-f63c-486b-87cb-127bc3ea0d9b,relative_storage_key,cell-crops/fce4a23b-7725-4c69-960b-5c9cd9b68f50/c6ecf996-e832-44ad-89bf-2ca55d1d46d5/5ecbdf28-e01c-4b51-ae7b-f9d88c6b9aa5/90f9dac2-1126-4ec3-a92c-4258e0ebd7fb/crop.png,10409,f24f3c623c45844a14d95c1e529bdab9e6b0aa28fb9f17ed419b1c3f3070cbd8,cell_crops
cell_crops,36468678-a678-4341-a3d7-6481c6ce1c26,relative_storage_key,cell-crops/bc8b8317-c17d-4b7a-b737-5e40120559e2/8c8e678b-a6c7-4b8c-b4c0-d34745f32fe3/25cb85d9-3b89-46ca-982a-f71517c971ee/131a3b24-8ded-4239-ba38-eeeb8a9b0858/crop.png,11414,9adcec35243a42b203bf62bc8bdd372dbcc14d55bb53d7cecbe4f5f4c168b0e8,cell_crops
cell_crops,3672825d-c007-4b88-ba84-d84e67ac9002,relative_storage_key,cell-crops/7fd7ef40-bc9c-40d1-9e62-62bf0850c6b3/f6e252a5-7924-4e5c-bc63-8b711db60ba0/8a0187a3-03f0-45bd-ac3c-6e47c7999f03/5649d92c-0ba6-4042-86cd-99800189c57e/crop.png,5222,0de8304d5bcbf180d0357e6491aa77520f511e8bca926a6f2c1dc5152bf26e04,cell_crops
cell_crops,368284c1-ea10-4982-a110-a7a2aeb69557,relative_storage_key,cell-crops/211b65b9-8b1b-4bc9-bf8e-2572a00a3ecd/85d8a71e-e9ed-4062-a036-52e42dd89720/83b0bdb6-4441-49e8-b6a7-4de634e8d548/a53f2afc-049f-4021-8f92-eca5dd5713a7/crop.png,4987,fec34d6fbf32e9608f7c7a267ca1fed131bfc7b77eb47d8422ed2536415cb690,cell_crops
cell_crops,36af42d7-862d-43cb-8530-bad43143f53d,relative_storage_key,cell-crops/e109f86a-afaf-4c6b-8831-0fd7fc4fa7b2/2b113263-4ee7-4c87-a4d5-c689a43626bb/5b7cb03b-f0e6-42de-9aba-d4fb3757ad09/aa03a1af-c859-4d99-a8f6-6169f2e8d1fe/crop.png,4028,8ae6278adc4553f358dbcae7d2499829af72b2540bb2fc16b753689490879684,cell_crops
cell_crops,36eae7fd-7353-49c7-9c85-f5167ff6ee03,relative_storage_key,cell-crops/1c49c468-795c-45ed-98a4-e3670ddd5182/2f40a287-e0d5-4ab9-919e-a1ddfe57b9bd/2ac85463-e0b3-4c27-bb72-7ffdae1f53ab/b134db59-d66f-4c14-b25d-550cdbd2d090/crop.png,3688,286db930a95b4f5d8fabfa2430f1966cc3009df2c86325377692d6b04dc2246c,cell_crops
cell_crops,374013d4-9f29-498f-b8ff-72a8a6c3a5f3,relative_storage_key,cell-crops/5d9ca4e3-60b1-4a9f-aba0-8a5edd13510a/3f2dc1d9-eb62-44b3-a325-2d8db65a585c/0c7ee510-e240-4b6f-b8bc-352c4dd9aa20/27ae056c-3200-4c8f-8b37-385e88ee6e01/crop.png,4182,c5fb237444cb2e25a0099c7b854f2811cb752d2ddc59f92f841728a2bc46dbfb,cell_crops
cell_crops,37605369-0e29-4d81-80ba-994847b79d00,relative_storage_key,cell-crops/52c4864d-1788-41db-a1d2-883ce7d83a58/490887fa-b3af-4136-85dc-8ae66e413acd/bf339bce-cffa-48e9-a044-4b9df2cc36b4/7e58c075-91ec-4fcf-8078-76cd4e3f713d/crop.png,4325,7a4387c610b4121513d85a49bb43ed620c0c8deda2300862606715f8f220c18d,cell_crops
cell_crops,3796d191-dae9-47e1-a922-fa30f3c45752,relative_storage_key,cell-crops/bc8b8317-c17d-4b7a-b737-5e40120559e2/8c8e678b-a6c7-4b8c-b4c0-d34745f32fe3/25cb85d9-3b89-46ca-982a-f71517c971ee/d8b2fab1-32ad-4b98-ae0f-9335ec0d0e57/crop.png,3413,a83bb33d66f9ee53a70c140fedb4c4718767b7a1ce695c9a0f04ca52a2632b36,cell_crops
cell_crops,37abec61-4940-496b-a929-e7642091090c,relative_storage_key,cell-crops/e11b10f7-d1c3-4d6a-9e69-a4b6bc1abc46/1db1a505-3eaf-456d-b123-7b9f8ee77762/339d62a6-0363-472b-b2e3-4a7befd2c42f/a4dc42ad-16a7-40ec-b503-b47b713a23e3/crop.png,1174,0aaec03944e3e865b7fba5b9e7a4f06928cd21e5d1d7897d108d76fe8d25ddbf,cell_crops
cell_crops,37ac19b3-d53c-4a3b-9f98-b627840a1c48,relative_storage_key,cell-crops/8122e340-548f-40df-9dd4-ed43859605ff/ed18ce4e-6fb0-4f1f-b313-c9d76617210c/8cb2cae1-c3e1-487c-a274-4385f339dded/8315413e-c471-4542-bd09-07ab7de20eef/crop.png,2572,2cf5581ab3240ad5685279a4d7a3356b08ed950bc2a818a79bfc0a0c56180df5,cell_crops
cell_crops,37be8c6b-3583-40fd-a7d7-67d00a6b2545,relative_storage_key,cell-crops/5f35abbf-10da-4c5e-b4d7-0b2e59de51f2/99ac88d3-5c9f-4fc3-8d6a-abadae1ee80c/b0ad2c3c-3de1-4628-bf32-d60536a0da80/6d0aefcd-903f-422d-ac10-7b39c372dfea/crop.png,4652,81409a6026bc49dd16692dc35aa791d3bb2c55b67b5ffd5ac05774f3e695bc75,cell_crops
cell_crops,37d2a7f5-9212-4587-9702-d32c8386b4da,relative_storage_key,cell-crops/9696ad8c-6c01-439f-afa5-29d7f5234348/c6ffc450-182b-4d59-bf0d-1090bd076903/dd3b1716-0bb9-4523-9fa9-61bc274925d8/f32850b8-fdb1-40b0-bddc-9487207b9b21/crop.png,3625,b41b0a832e7c87f9581f222e34c53beda8351985d8e6a3cce10e2dec3d019317,cell_crops
cell_crops,37e29a59-f333-4e43-b099-2853cdab8c15,relative_storage_key,cell-crops/93807208-985b-4d70-bb43-c7843db4141d/f4a29ede-288f-42ba-abf0-32395606ffc4/8d3b080d-2f56-4175-b76a-dc309555e9de/fe362452-6e6b-429e-8ce6-01ce649ee34d/crop.png,4480,835f25d693b75e513b0b9b1d9b0cdd4330a85f3e3296a3206f71b0175a337e2e,cell_crops
cell_crops,380809aa-ad80-4506-9764-685dfc41b149,relative_storage_key,cell-crops/59a98cc0-24f4-424a-b208-3fe06063fa47/98626a4c-b3fc-464a-a4fe-90bc886c7647/c0a49ec0-99e0-4b2b-a9e4-1e2ec28655a0/a630679e-fd2b-43ab-b313-06dc08bc36c6/crop.png,3944,36f27f6b2159d88550aec384fcabc47557390e48d94b04b985ba6c65f4ec44f8,cell_crops
cell_crops,380ff76a-7012-4fc3-90c6-cca5d595e8fe,relative_storage_key,cell-crops/c6209893-144a-447d-a436-fe89fc140cee/f088ac8e-c214-474d-837d-53532f4ef947/43249c8b-9008-49c9-8246-2b24989143a2/2babac6e-3acd-4992-a47a-45d123121f29/crop.png,9853,19fc865c5836371d655a97629cb4e41e52fb3b59fab0626e3d3690e39d589ce3,cell_crops
cell_crops,382f48c6-2558-40d8-9182-d5624e19154d,relative_storage_key,cell-crops/7be00fe5-41da-48c5-b2c2-9618f0a7c517/3ebcfc6b-b6e3-40b6-939c-33977196460c/8fa36d4d-c412-435a-a109-923281f0f43d/ab8b1804-68f5-445f-9251-3a7e11068969/crop.png,5263,d70c4330f7aa50a2611efbac4515ea2aea6aac754c202d25a87e205266dfb7c1,cell_crops
cell_crops,383fa809-1a04-41c8-9cbb-949b541c1036,relative_storage_key,cell-crops/7fd7ef40-bc9c-40d1-9e62-62bf0850c6b3/f6e252a5-7924-4e5c-bc63-8b711db60ba0/8a0187a3-03f0-45bd-ac3c-6e47c7999f03/ab9575bd-e9d1-4f33-a518-a40970654f7a/crop.png,5101,87cfa0b8b1d0a75e75f98109d2a6cb5a64676484fca05b394c6a8272ee72ef11,cell_crops
cell_crops,3854ef1b-ca99-4f82-8619-af47ab26fc3a,relative_storage_key,cell-crops/fce4a23b-7725-4c69-960b-5c9cd9b68f50/c6ecf996-e832-44ad-89bf-2ca55d1d46d5/5ecbdf28-e01c-4b51-ae7b-f9d88c6b9aa5/dd465528-fb0e-4ff9-a92b-a2f739974b7c/crop.png,5052,c86549ffc894a5f9093a834cadb052efca944863bebd75ac9938a4f78f7eaab1,cell_crops
cell_crops,38571c94-938b-480b-840e-c038fc18d977,relative_storage_key,cell-crops/e109f86a-afaf-4c6b-8831-0fd7fc4fa7b2/2b113263-4ee7-4c87-a4d5-c689a43626bb/5b7cb03b-f0e6-42de-9aba-d4fb3757ad09/21d1d7a0-5b37-4693-83b7-72b99451a4de/crop.png,5113,be8e91fa803fdc9df3ede2ea6fe86fb094bbd3607f9be3be1a004ea57230ce19,cell_crops
cell_crops,38998ab3-b170-4d6f-ac08-ea866d89729b,relative_storage_key,cell-crops/211b65b9-8b1b-4bc9-bf8e-2572a00a3ecd/85d8a71e-e9ed-4062-a036-52e42dd89720/83b0bdb6-4441-49e8-b6a7-4de634e8d548/6b090513-e54f-4123-91eb-8f9d9b0a3bb6/crop.png,1863,f8f78fd2c81de2efbced3ba69d86efa86e4dd35017c074e65708f248b42a74d7,cell_crops
cell_crops,38d7cc5d-fd7b-4299-9070-15c66c66cb71,relative_storage_key,cell-crops/3a33d13c-ff5b-46ba-94b4-0710e5185301/a78dd7b0-8ddc-4cd7-bc5a-241f8b427de6/7ba97fb6-e951-4c3b-93d8-3958918f513f/60fb7034-f921-4509-b991-f209d714d22d/crop.png,3549,7704c479507e4ee04636fac74b12d9a380668ab59e8c5d2becd4b11cb82c255e,cell_crops
cell_crops,38f0d76c-5d40-4b7a-80e1-2f9c748d3211,relative_storage_key,cell-crops/7fd7ef40-bc9c-40d1-9e62-62bf0850c6b3/f6e252a5-7924-4e5c-bc63-8b711db60ba0/8a0187a3-03f0-45bd-ac3c-6e47c7999f03/45ef4db8-19fd-43c2-a7eb-96ccd4afcc59/crop.png,1512,8da7ae73739af283f0ddebc942838114ac766ff2e810e753bc6848a2872191e4,cell_crops
cell_crops,38f300c5-877a-4a73-94ed-8cc4bde71407,relative_storage_key,cell-crops/1c49de91-f3ba-4794-8cbd-62bc966049c5/1007bc39-4bca-4a32-9069-5c8180b174db/cdcfc6c7-12a5-4405-8fb1-213826f88d05/2a49dc38-47dd-4f1a-aeae-2455a25c7ea2/crop.png,3660,60fa246e4decb0c5d44352da2d82cb44a46cf1d09b7f6e363216bbaae75cef85,cell_crops
cell_crops,390f6055-6799-415f-9b39-dff2dae7fc8b,relative_storage_key,cell-crops/39265da0-dd1a-4f17-89aa-1e661f9c473f/72553654-6802-48a4-964a-3fa748870a05/afee46ec-494f-4fe6-be85-353a4cfc0b56/c3ee6a58-9e88-4f66-8989-53dbe75e41b8/crop.png,7840,4a9c193ac5b9b2582680fb69f02aa327e965cbe15154e0d518af0d350fec7c9a,cell_crops
cell_crops,3917f0dd-1a7b-42c8-904f-c19c31f6dab7,relative_storage_key,cell-crops/7a11c0f4-a9d7-4446-a5f2-437ffc334a6c/0ff18f89-6fbd-4755-8e89-15227de46f41/3dca4192-f767-48f3-a7e8-59e22d9db3f9/5f247d7a-fed9-4686-a7ea-0680a6ac16eb/crop.png,4336,4bbc4161c8174ea4cfe78c4796171432f68d57bf842e9d772f4556a902126c44,cell_crops
cell_crops,393d5f71-2fc6-40d2-8c02-dc51553030d8,relative_storage_key,cell-crops/383c9700-4823-4ef4-a3f6-c8bac0a28dd4/0d86637f-bf43-4c20-a000-30e6e09038ff/e4296ff7-9e31-4bd9-8593-2615946bcceb/10d0c598-953b-4577-9e95-a1264681e835/crop.png,686,2459f96c4fb664ee8d86e06a709bfb9ec667c6d0d972a8e2e85ed008556a172c,cell_crops
cell_crops,39402c92-8c54-4f8f-9571-3ab0d163508c,relative_storage_key,cell-crops/e11b10f7-d1c3-4d6a-9e69-a4b6bc1abc46/1db1a505-3eaf-456d-b123-7b9f8ee77762/339d62a6-0363-472b-b2e3-4a7befd2c42f/09b4ba66-2bb1-4a49-b1ce-ca29ffa29242/crop.png,5283,4ead189b3a29f7f6a8fe9910181a0679829894625930dd5de2114da011de56e8,cell_crops
cell_crops,396b9304-35dd-4fba-ae99-1ed63544683b,relative_storage_key,cell-crops/4e1ca921-c5c6-4d89-b035-2d7dd99040d5/b9f975b3-7cd8-4b9a-a2cc-1bd9a76d924c/dc6df3c3-f03e-4261-bd4c-a2df5e0f0d88/f4d6a651-0d43-470c-9814-db838bc49395/crop.png,6456,4fabd5ba38dd3bfd53d56c05d32f041855345c1d00ca36dcd16aa2aeb1aa8397,cell_crops
cell_crops,397cfde1-774e-4446-b609-6c1218685dc9,relative_storage_key,cell-crops/6dede06e-ae61-4920-bb2c-935cde2a5ff5/60bd296d-21d5-4d22-99bc-a023cb410f35/88dc4c92-8367-4c4d-a59b-da86d01b8d82/6728e25d-3d3d-42d9-821a-b8c35b242505/crop.png,911,30e9ef84252f823dd9714a507bd78396d0f107fb24e04ca9fa02dc7d1da4d864,cell_crops
cell_crops,3986ddde-a21c-4a7f-94c6-8486bf7d7cd2,relative_storage_key,cell-crops/c9a6b7af-881f-47da-980a-1a2c2b743a1c/03505d0f-434b-48ac-ae42-76750f4fbc1a/a0889d56-1430-4a7f-b67c-e21291ac9ed7/d5faf945-718f-423a-8f0a-fd03c56ca7dc/crop.png,4176,3412bcacc84796bc0f314a749b64192d9d5569ec934d8fcf0ddc0229880bb948,cell_crops
cell_crops,39996278-5d64-46cf-86ba-3afac27882d0,relative_storage_key,cell-crops/4e1ca921-c5c6-4d89-b035-2d7dd99040d5/b9f975b3-7cd8-4b9a-a2cc-1bd9a76d924c/dc6df3c3-f03e-4261-bd4c-a2df5e0f0d88/ad237f1a-5a39-47cf-acf0-33de784f38ec/crop.png,1340,618da71a38877980b30bd8e2c2decc45b4fdb7bc12c76d4fedf6d6fab533d0ae,cell_crops
cell_crops,39bfbf80-6672-41b6-83c3-f7737d99ab20,relative_storage_key,cell-crops/e11b10f7-d1c3-4d6a-9e69-a4b6bc1abc46/1db1a505-3eaf-456d-b123-7b9f8ee77762/339d62a6-0363-472b-b2e3-4a7befd2c42f/0d9b3627-e301-49e5-b0ca-0035ba157188/crop.png,1348,cbf65991c3f8d6053870b4406382c38f54eea5440ab976d752c6360f5258fe39,cell_crops
cell_crops,3a01d3cd-49af-421b-884e-4d09cdffb899,relative_storage_key,cell-crops/211b65b9-8b1b-4bc9-bf8e-2572a00a3ecd/85d8a71e-e9ed-4062-a036-52e42dd89720/83b0bdb6-4441-49e8-b6a7-4de634e8d548/7d2fadfe-bd7f-4020-8a70-879f86b78075/crop.png,2756,94a6b1df43b77167c64639b67627eb23190c51b8dc0ddb92c50f95578268df6e,cell_crops
cell_crops,3a0ca550-8e46-4884-9c59-3b43cc6203b7,relative_storage_key,cell-crops/e11b10f7-d1c3-4d6a-9e69-a4b6bc1abc46/1db1a505-3eaf-456d-b123-7b9f8ee77762/339d62a6-0363-472b-b2e3-4a7befd2c42f/fcc5ef3a-4adb-46fd-ba82-848f73ace03c/crop.png,3039,4f4a0a94af52bdea5ba742638735b57b817522e4faf30fd0f57e3d404be62955,cell_crops
cell_crops,3a2b9df3-c652-4fa5-82d2-4c2eab665293,relative_storage_key,cell-crops/5d9ca4e3-60b1-4a9f-aba0-8a5edd13510a/3f2dc1d9-eb62-44b3-a325-2d8db65a585c/0c7ee510-e240-4b6f-b8bc-352c4dd9aa20/2ea42f2b-d1d8-420e-9782-9c9f2e1525bc/crop.png,2799,5301338ea9066e65c093c4644381102c4d9604044202592ae6e32460bedea41b,cell_crops
cell_crops,3a33efc0-81eb-4020-8c6f-ed45316d286c,relative_storage_key,cell-crops/1c49de91-f3ba-4794-8cbd-62bc966049c5/1007bc39-4bca-4a32-9069-5c8180b174db/cdcfc6c7-12a5-4405-8fb1-213826f88d05/f5f57bc4-fe94-4de2-8110-326b041f614c/crop.png,14305,68776cef7967a9ddf806cacf647906419535e9c81d94229c796c16bcba00d74e,cell_crops
cell_crops,3a475cbe-c45f-41ed-97e0-e5db7ada10c1,relative_storage_key,cell-crops/121a69bf-ba23-4014-892b-158b9c2b71a4/aa1323a6-7f80-4e1e-819a-ec182f045f3d/97fb12a0-df7f-455f-8e13-e0383ad3934d/1211538b-0eff-47a0-892f-6e3d98cfba71/crop.png,1311,81c34a95a451f44ce5c46e3242851983a9eef6a5371c3ad9e1d4633a9c259507,cell_crops
cell_crops,3aa4bc3b-e223-4360-a638-9c9e2808022b,relative_storage_key,cell-crops/b0a5839c-3668-4411-b590-cc1d8fed470e/bf423fe1-2fc5-4662-9eda-ff1496c1bba9/c2a6cffd-18de-474e-ba04-2bf65b0f4f8c/5f6f7bfe-b807-4615-bb0a-8f17e3e9e7bb/crop.png,3022,2c56fa2c4f03099c3466e87ddd3ec16a62443219f057edd3cbdc9008dc867a49,cell_crops
cell_crops,3aa881df-a3a8-4f50-a204-895e313d3e7d,relative_storage_key,cell-crops/07c71166-93b3-415e-b764-6ca7344238f6/151ee7ee-b609-4e6b-985c-04af59a85470/9c45439d-fd87-46c3-944a-439ab92cbf89/e065931d-4c8f-4326-927e-123a1b742ee9/crop.png,1651,a50d703e70afbb24ee29e46c54f8d9d97880bf9ce18308b8bb8a00c44d1f75d9,cell_crops
cell_crops,3ab68a5c-0d6b-425b-a7a3-d1b747af2cef,relative_storage_key,cell-crops/e11b10f7-d1c3-4d6a-9e69-a4b6bc1abc46/1db1a505-3eaf-456d-b123-7b9f8ee77762/339d62a6-0363-472b-b2e3-4a7befd2c42f/15df69e2-fab6-494b-8718-bd0415fe7367/crop.png,1587,b8fc1b4f54a4dd8398f5327650bf993b17e29d2d5d6e538eb1747b771280fb8e,cell_crops
cell_crops,3abad595-b610-4896-86f0-8c847a607646,relative_storage_key,cell-crops/1c49de91-f3ba-4794-8cbd-62bc966049c5/1007bc39-4bca-4a32-9069-5c8180b174db/cdcfc6c7-12a5-4405-8fb1-213826f88d05/331755cb-6b61-4709-978e-84d7e773d74a/crop.png,4652,127f3a21d74c9f99620abcc3cb9b9f69cca7d60635c89a197ffd05105950287f,cell_crops
cell_crops,3abe0d81-3065-478a-855b-6bbb31c30a5f,relative_storage_key,cell-crops/b0a5839c-3668-4411-b590-cc1d8fed470e/bf423fe1-2fc5-4662-9eda-ff1496c1bba9/c2a6cffd-18de-474e-ba04-2bf65b0f4f8c/6ad00daf-ad05-488b-bd2f-d4135b100366/crop.png,5014,9f436917a942d8de0eb2a6d3ae41d18da25c139288d2361466fe83f348e0ee9f,cell_crops
cell_crops,3ac5339b-49d3-4322-939a-a7f4742f2b1d,relative_storage_key,cell-crops/121a69bf-ba23-4014-892b-158b9c2b71a4/aa1323a6-7f80-4e1e-819a-ec182f045f3d/97fb12a0-df7f-455f-8e13-e0383ad3934d/98a5361b-71ab-4498-97ac-e5a7353e6cd4/crop.png,1329,923088472bed46d911e5fb215633fe8873201bae0ce617e5626095560ceb0f86,cell_crops
cell_crops,3ae6870c-7d33-4dc4-8ee1-ceebf26de217,relative_storage_key,cell-crops/25afdd28-85df-4a2a-9dab-2727ced6821b/f5668b77-a7c4-4ed2-aade-94bbf92900cf/08cd9b57-9a64-410c-8133-1dbdbf2e697c/fb9a2ca1-86b4-4f6e-b10a-2a5baa9d2926/crop.png,2712,e816d97bc2181fa09147f551ab339321f7e757120b918c550da56bfb80502c8c,cell_crops
cell_crops,3b03f3d2-a5c3-4952-b757-8d22d58b59ec,relative_storage_key,cell-crops/52c4864d-1788-41db-a1d2-883ce7d83a58/490887fa-b3af-4136-85dc-8ae66e413acd/bf339bce-cffa-48e9-a044-4b9df2cc36b4/8f955f74-beff-4572-a427-69f144b88943/crop.png,1162,697870ac5d32e6e541183bb276718a47cb3ca4003bda74dc1d5bb4947c3f34ea,cell_crops
cell_crops,3b61889b-6d37-4492-bf2d-398f6b51ddcf,relative_storage_key,cell-crops/bc8b8317-c17d-4b7a-b737-5e40120559e2/8c8e678b-a6c7-4b8c-b4c0-d34745f32fe3/25cb85d9-3b89-46ca-982a-f71517c971ee/0822444d-a30b-4418-add6-3c9c1be2de54/crop.png,5673,1689835c09eb6e6b19c0479d0b1ae53117867b28a1d7fbab77cca56e2dcd7613,cell_crops
cell_crops,3b677241-f8a5-44fc-a9ab-c8c6c276bfa8,relative_storage_key,cell-crops/7fd7ef40-bc9c-40d1-9e62-62bf0850c6b3/f6e252a5-7924-4e5c-bc63-8b711db60ba0/8a0187a3-03f0-45bd-ac3c-6e47c7999f03/0d4e47fa-3cff-4742-82b3-2e4fb2b83291/crop.png,1657,171acaa0197c2067699866a0b9fdbb85f7cbf6c4bdc9ff129c2c2022bcbad8c5,cell_crops
cell_crops,3b6787fd-221d-4e24-80b0-7f528e499bab,relative_storage_key,cell-crops/aac2f7a6-e279-42c1-8035-33134bfdf3eb/881590dc-6d13-4137-ba82-d28d2ed5199a/34070251-bc08-40a2-b33a-35ad175a7189/3953c8a4-28a4-4014-bfab-6dc428b73b0c/crop.png,4652,127f3a21d74c9f99620abcc3cb9b9f69cca7d60635c89a197ffd05105950287f,cell_crops
cell_crops,3b6813b0-8b31-4298-b570-121873e46495,relative_storage_key,cell-crops/7fd7ef40-bc9c-40d1-9e62-62bf0850c6b3/f6e252a5-7924-4e5c-bc63-8b711db60ba0/8a0187a3-03f0-45bd-ac3c-6e47c7999f03/d764c4c6-305c-44b9-b2a5-44a9f944a9a5/crop.png,6043,62b1a83439dc307c40d82ff8abae59a97fe1b43fff3f93435b0b11e25b14a2b9,cell_crops
cell_crops,3bb5f99e-6f8b-4136-ae92-8a8aec670f45,relative_storage_key,cell-crops/ae68a99c-11f7-457a-88f8-3cef9a144958/618af6de-bfab-495e-8634-e484d620ee21/650c7580-8b2e-4bc4-88e8-bf03c5bb423d/dd36a6ae-9968-4b44-8d48-fd024dba8d73/crop.png,2983,a1800396085a4b8ae047b4709cf9f732f5ca6a0c763a2b82ed3284683b8c0596,cell_crops
cell_crops,3bdd91fb-dbdf-4641-bebd-45ba374957f4,relative_storage_key,cell-crops/ba5fc281-07c1-46ca-8091-0c13e6753aa4/d33fb4ff-3366-4fff-9806-8ab03314dbd1/18b27447-aed7-42fa-9142-4bab96366973/9fca51ba-9665-49ae-8aab-26fb3a4a79eb/crop.png,4281,42fdc2744c2a249605d840708a33ccbb0c51be9cbb19f8e73e35541d56c8eee9,cell_crops
cell_crops,3be66bba-c5e9-4071-8643-cc3bff2f2038,relative_storage_key,cell-crops/52c4864d-1788-41db-a1d2-883ce7d83a58/490887fa-b3af-4136-85dc-8ae66e413acd/bf339bce-cffa-48e9-a044-4b9df2cc36b4/eeb4205e-f233-4e21-821a-dfbf35fe4250/crop.png,1251,7cb549ec1eabd5c2804616157629e608b6f90bc5158a209d1804dcb07e5d9242,cell_crops
cell_crops,3c3f7fc0-a27b-4018-8b66-f8dfdac7cc9c,relative_storage_key,cell-crops/25afdd28-85df-4a2a-9dab-2727ced6821b/f5668b77-a7c4-4ed2-aade-94bbf92900cf/08cd9b57-9a64-410c-8133-1dbdbf2e697c/0a5c732c-7f1b-404f-8161-0295e92684f7/crop.png,4167,13a029979dddad48387612d6d8ccd7d681df13683f1197fc61ea9cd018ffb2d5,cell_crops
cell_crops,3c53879a-c498-4fee-9bdb-345e53fbe243,relative_storage_key,cell-crops/1c49de91-f3ba-4794-8cbd-62bc966049c5/1007bc39-4bca-4a32-9069-5c8180b174db/cdcfc6c7-12a5-4405-8fb1-213826f88d05/b27f042d-1d21-4926-844f-13063e1adb14/crop.png,6809,fb447e7ea9caa88be889c4cdc7983cbd09ca240bc25d4df3f04c34ccb72fc770,cell_crops
cell_crops,3c6ebd69-3fb2-4c67-9df2-5b197f6d8969,relative_storage_key,cell-crops/52c4864d-1788-41db-a1d2-883ce7d83a58/490887fa-b3af-4136-85dc-8ae66e413acd/bf339bce-cffa-48e9-a044-4b9df2cc36b4/b8810e59-a2c5-4c56-bdfc-6cfbce2b14e6/crop.png,3234,272ae57c4d43a89da3d52ff6f10c7063fbdfbc14c06c3a4f71802c31d63de38a,cell_crops
cell_crops,3c7eefe0-6892-4ab6-aafe-10a01030e9dd,relative_storage_key,cell-crops/8b912699-0346-4eca-9a3f-992922f65702/c5ca90cc-e321-4501-82f3-a2e0ef0f51a7/51a1e5c5-fac7-4ab5-b6dd-bef48d583434/cd910d20-a9d8-409b-ac40-cef1758aaf7a/crop.png,5392,bdb6403d23bdfabc4338bbc7f9c0ebdb7aa736efa225eede9b66f92badfbcc03,cell_crops
cell_crops,3cdc3500-4602-452b-8152-60f04f59ea57,relative_storage_key,cell-crops/8b912699-0346-4eca-9a3f-992922f65702/c5ca90cc-e321-4501-82f3-a2e0ef0f51a7/51a1e5c5-fac7-4ab5-b6dd-bef48d583434/a7ef51b4-d13e-4018-8636-d3b62adee7d3/crop.png,3901,c9453cdc99309aae8963860e3116315e2b1a3d15b40921a6c85a9da70d8eda79,cell_crops
cell_crops,3ce622ba-9609-48ad-aeda-375667db1a76,relative_storage_key,cell-crops/1c49c468-795c-45ed-98a4-e3670ddd5182/2f40a287-e0d5-4ab9-919e-a1ddfe57b9bd/2ac85463-e0b3-4c27-bb72-7ffdae1f53ab/5a2a593a-2159-4be0-bf6c-3d65ec3523b3/crop.png,5590,190b0966e719174ca65fdbc4de10984e43121b22181d958f754a3371de1e1d61,cell_crops
cell_crops,3cf52233-599e-4921-bddd-ba8900a29719,relative_storage_key,cell-crops/fce4a23b-7725-4c69-960b-5c9cd9b68f50/c6ecf996-e832-44ad-89bf-2ca55d1d46d5/5ecbdf28-e01c-4b51-ae7b-f9d88c6b9aa5/21edd94a-0125-4459-83ed-de1fd2d92015/crop.png,3065,2f531c1c210c1f9cff875a1294f6271f59f6accc5ba891d7105986c29dbc8439,cell_crops
cell_crops,3d1298bd-15c3-448d-9204-fb6ab3c20956,relative_storage_key,cell-crops/52c4864d-1788-41db-a1d2-883ce7d83a58/490887fa-b3af-4136-85dc-8ae66e413acd/bf339bce-cffa-48e9-a044-4b9df2cc36b4/314d9f81-6468-448b-b6c7-b96fc3f00fa7/crop.png,6373,bada4bd93bdda15bd0d84e807c9f8c4228604eba3dcbc18845ca4570b7a8ee22,cell_crops
cell_crops,3d1ae97c-9518-4935-8ac4-6d599e8289ef,relative_storage_key,cell-crops/52c4864d-1788-41db-a1d2-883ce7d83a58/490887fa-b3af-4136-85dc-8ae66e413acd/bf339bce-cffa-48e9-a044-4b9df2cc36b4/6fbdc3c3-862d-4352-b8e4-090c46c1fb89/crop.png,2098,bf5f4e06ce83de76daefa5bbaa5c2298d51a42c02da68568e92987d56b4f0a01,cell_crops
cell_crops,3d22167a-a6c4-4d8d-a369-f4e95e028393,relative_storage_key,cell-crops/c9a6b7af-881f-47da-980a-1a2c2b743a1c/03505d0f-434b-48ac-ae42-76750f4fbc1a/a0889d56-1430-4a7f-b67c-e21291ac9ed7/64319e01-f07e-4e25-8e2a-ea6f10327165/crop.png,2931,8ebf254745aa9fc68515c9278334ac9f6b80d97e871352f6d86662b588d830f2,cell_crops
cell_crops,3d23e28c-71f2-47c4-92e4-ea1921dbe2eb,relative_storage_key,cell-crops/aac2f7a6-e279-42c1-8035-33134bfdf3eb/881590dc-6d13-4137-ba82-d28d2ed5199a/34070251-bc08-40a2-b33a-35ad175a7189/5d6aa5af-b8d9-4b89-8abd-256ef9541ec5/crop.png,2786,c9cc3a041901b936fc41d38baec64cb186cc6bd44842536d0c20ac4ffe3f8da4,cell_crops
cell_crops,3d4268c8-06e9-434c-acae-2d7ebd6500c4,relative_storage_key,cell-crops/211b65b9-8b1b-4bc9-bf8e-2572a00a3ecd/85d8a71e-e9ed-4062-a036-52e42dd89720/83b0bdb6-4441-49e8-b6a7-4de634e8d548/9e63ae7d-9872-4d2f-a054-c4bc14213737/crop.png,3173,96bb6df665b4401cce3c06d335da4984dbc93318119899b58ad5073428617d6a,cell_crops
cell_crops,3d59a3c5-f6fd-459f-92e6-16f9ecdff90a,relative_storage_key,cell-crops/3a9a3ddd-a6fb-43b7-98e8-82fe65649b10/69a3938d-51bb-45d7-928d-1b35d46634bb/ea56489d-de29-4bcd-bf1e-16e83feedee6/7fcf5238-003b-4ec4-88e8-d7c9fdfe4666/crop.png,13627,b159485b80e91437a97d5bbe929a1e8bd1b5c1e058ba8a1aef9d50d3247b4f02,cell_crops
cell_crops,3d6242a0-e9aa-4c51-841e-05c5b87966f8,relative_storage_key,cell-crops/05b33155-8921-4eb9-9920-af67decfe454/6278de2c-44dd-4a75-aca2-9708e58437ba/92e2e64a-1c82-402b-b24d-75d43d50a17f/ae2c3d4f-3791-4197-a57c-41b3b638e569/crop.png,11443,1e187353e0616a31f3e4439b5257f22d637378ac78b4675bc41ce86fdbcdf7df,cell_crops
cell_crops,3d840a5a-95bb-4b00-8be6-df81cae9ea65,relative_storage_key,cell-crops/4e1ca921-c5c6-4d89-b035-2d7dd99040d5/b9f975b3-7cd8-4b9a-a2cc-1bd9a76d924c/dc6df3c3-f03e-4261-bd4c-a2df5e0f0d88/ab06dfae-0857-4849-83a1-f870c7c6a0df/crop.png,3772,84803eded8b459388696248cce99579d535f433eff2bf713981df5f4791f643f,cell_crops
cell_crops,3d913669-8c2e-4b5d-a99c-00072f3490e6,relative_storage_key,cell-crops/54e278de-2381-4a05-8faa-42bf761f6688/50b0884e-ddde-4252-be9d-058151c986c4/f4400105-33b9-4bc0-860b-010b1cf3d386/ca38ca28-2b34-4ea5-ab78-e656808a781a/crop.png,1338,f0e5eaee9a7ebdfbd95c0f3a47a849854c0ab8ca2003c8f7b2409ba0b36a761b,cell_crops
cell_crops,3dc8d409-f40b-4494-8db0-a3eb97244075,relative_storage_key,cell-crops/ae68a99c-11f7-457a-88f8-3cef9a144958/618af6de-bfab-495e-8634-e484d620ee21/650c7580-8b2e-4bc4-88e8-bf03c5bb423d/eb4ce7fd-47bc-4ee9-a7c0-26b5d0852f70/crop.png,3479,e80266d68d607c8b207046a77deac5bcadb5c029bf6ca478ce85e2c6710acb4a,cell_crops
cell_crops,3de7e472-9f0d-43a7-a31e-3dd557f7255c,relative_storage_key,cell-crops/e11b10f7-d1c3-4d6a-9e69-a4b6bc1abc46/1db1a505-3eaf-456d-b123-7b9f8ee77762/339d62a6-0363-472b-b2e3-4a7befd2c42f/d866c22c-9cfa-45c9-9077-1e56928b453d/crop.png,1371,0ed99cd8cd5619dc16673876e0c49c135dd4e7ea0ddb4e6fe6ce4599d70f0bfa,cell_crops
cell_crops,3e1fb1a4-6370-4918-b48d-41cea3aca36e,relative_storage_key,cell-crops/e11b10f7-d1c3-4d6a-9e69-a4b6bc1abc46/1db1a505-3eaf-456d-b123-7b9f8ee77762/339d62a6-0363-472b-b2e3-4a7befd2c42f/06bf20e3-b57c-4778-abb6-c8f60eb338cc/crop.png,1519,7d23d3b7442151b125ff8dcde6ac4d6dbdf2ca522fe04905ccd901118d850b0d,cell_crops
cell_crops,3e7209f7-d6b6-4112-9b91-86e155b8966a,relative_storage_key,cell-crops/e11b10f7-d1c3-4d6a-9e69-a4b6bc1abc46/1db1a505-3eaf-456d-b123-7b9f8ee77762/339d62a6-0363-472b-b2e3-4a7befd2c42f/7f798521-0d44-4bf6-9d28-863d04cc4d72/crop.png,4546,f23b90bb3c16498a4c366bbbe77dfe4a073824c0994a7e12afb1ce560caab0e3,cell_crops
cell_crops,3e74f6a3-6925-46e0-b0f9-4945d49f2700,relative_storage_key,cell-crops/93807208-985b-4d70-bb43-c7843db4141d/f4a29ede-288f-42ba-abf0-32395606ffc4/8d3b080d-2f56-4175-b76a-dc309555e9de/7946b754-2fdf-4ea7-a74f-0515497b63ce/crop.png,8715,0c48e051725b855f56b810ed888c7e9fbfc16105772260f2f646924e0d000a63,cell_crops
cell_crops,3ea383eb-1311-4de7-8b72-2ca194e2fb46,relative_storage_key,cell-crops/fce4a23b-7725-4c69-960b-5c9cd9b68f50/c6ecf996-e832-44ad-89bf-2ca55d1d46d5/5ecbdf28-e01c-4b51-ae7b-f9d88c6b9aa5/17964810-b82a-40dc-85b5-c7318be136c7/crop.png,3669,db2d95ff27a42ea16424acb4002f62b0de2de923540abb8d46360b2d26258d3b,cell_crops
cell_crops,3ea55d2b-d6ac-4670-8edc-45574684e0e5,relative_storage_key,cell-crops/4e1ca921-c5c6-4d89-b035-2d7dd99040d5/b9f975b3-7cd8-4b9a-a2cc-1bd9a76d924c/dc6df3c3-f03e-4261-bd4c-a2df5e0f0d88/aef9df1d-b7a9-4edc-8622-302804699a42/crop.png,2539,6490023bf8e285fe1f96c0d4480d514c2917aef0bbea3e1a35e37ff994db865b,cell_crops
cell_crops,3eecae88-c3a7-43ec-9805-ad2d6345f222,relative_storage_key,cell-crops/7ef7cff8-899e-428e-b89a-36803c0575b3/04bafb48-259f-4626-82fb-a3359ee3160b/849d1772-b3d7-402e-82b3-2942cd77a889/0d01f6dd-3f85-46a3-a640-9376bac8cd44/crop.png,4237,b3bd03e2bf6ab11586ff44e3ea94efbb0a47b6d819b7e636e935714e1cdd2aa6,cell_crops
cell_crops,3f0ac79a-572f-401f-a145-a3035f5c7fb0,relative_storage_key,cell-crops/c6209893-144a-447d-a436-fe89fc140cee/f088ac8e-c214-474d-837d-53532f4ef947/43249c8b-9008-49c9-8246-2b24989143a2/0733dda6-d78d-479c-b29a-0ad4d2ccbf7a/crop.png,7969,e37c87b9c85356281f204ff6f7c8fa11cd40a4f0d619dadea16242946dd741aa,cell_crops
cell_crops,3f4d9274-8ac5-4c91-a3eb-9b584cc86199,relative_storage_key,cell-crops/b0a5839c-3668-4411-b590-cc1d8fed470e/bf423fe1-2fc5-4662-9eda-ff1496c1bba9/c2a6cffd-18de-474e-ba04-2bf65b0f4f8c/bb872305-aec4-4b94-8908-994cad33a9fe/crop.png,2098,bf5f4e06ce83de76daefa5bbaa5c2298d51a42c02da68568e92987d56b4f0a01,cell_crops
cell_crops,3f512f01-a831-4cdf-8b9c-ba597d9cc069,relative_storage_key,cell-crops/6dede06e-ae61-4920-bb2c-935cde2a5ff5/60bd296d-21d5-4d22-99bc-a023cb410f35/88dc4c92-8367-4c4d-a59b-da86d01b8d82/6d067537-4d48-4f93-9342-7d0222d8b564/crop.png,6224,01ae2a246bff47e04b4bfe981a60e9ae353d1fd44a14d1457a8ae631d0adef18,cell_crops
cell_crops,3f54fea1-e614-401e-8ab7-1d67a1607e00,relative_storage_key,cell-crops/7ef7cff8-899e-428e-b89a-36803c0575b3/04bafb48-259f-4626-82fb-a3359ee3160b/849d1772-b3d7-402e-82b3-2942cd77a889/f283eeb2-7c0f-482b-b77e-858fa46367bd/crop.png,7720,d62e63ae491055bc2fb58ac2ea290325df83e990b2906396e12147bfcef13313,cell_crops
cell_crops,3f73838d-3db1-40fa-897c-2f5d81d38ae4,relative_storage_key,cell-crops/93807208-985b-4d70-bb43-c7843db4141d/f4a29ede-288f-42ba-abf0-32395606ffc4/8d3b080d-2f56-4175-b76a-dc309555e9de/38b0a95d-26a2-48ed-be95-7224d2a28227/crop.png,899,eefecb9b6622af6ff3e22c1fe2bc633e537acd128688ba30f46a00123e01101c,cell_crops
cell_crops,3f874de7-6dd3-4fa5-b024-3859050e9820,relative_storage_key,cell-crops/ae68a99c-11f7-457a-88f8-3cef9a144958/618af6de-bfab-495e-8634-e484d620ee21/650c7580-8b2e-4bc4-88e8-bf03c5bb423d/25767c73-673b-4ea9-9cf7-8c54da4a088d/crop.png,1298,4e1cbf3cb5b426d6561d5127e7306ce2345e0d265ac9792132ebf3f9ac3c67ee,cell_crops
cell_crops,3f9b274a-3a63-431c-a16f-eda119594e2a,relative_storage_key,cell-crops/54e278de-2381-4a05-8faa-42bf761f6688/50b0884e-ddde-4252-be9d-058151c986c4/f4400105-33b9-4bc0-860b-010b1cf3d386/1d8ad367-1e61-4833-8897-7121d7633d3b/crop.png,6462,6ced983cefb8c65260c3c9575aed2b0b174814c7b35edc2c89ce86a54fd53be7,cell_crops
cell_crops,3fb5853c-59b2-49c2-a44c-4cfa1c52a3b7,relative_storage_key,cell-crops/07c71166-93b3-415e-b764-6ca7344238f6/151ee7ee-b609-4e6b-985c-04af59a85470/9c45439d-fd87-46c3-944a-439ab92cbf89/6eab3b6a-6d96-4c95-b15f-cb71f86795aa/crop.png,3613,b4886e2398ceaafcd16666f20620b28158e4bdef3b9e42aedace2898662d20f6,cell_crops
cell_crops,3fc4e487-7eda-428a-a58f-3e9b1f90f0c3,relative_storage_key,cell-crops/39265da0-dd1a-4f17-89aa-1e661f9c473f/72553654-6802-48a4-964a-3fa748870a05/afee46ec-494f-4fe6-be85-353a4cfc0b56/d98c1f57-d1c1-4f58-9614-0339af14049f/crop.png,6633,064389d2b1717d2fe71af8eabc25efe37ee304cdb13f5c053f49fe71b67d45a5,cell_crops
cell_crops,3fc6a126-467c-4867-9322-06007fce367b,relative_storage_key,cell-crops/db1855bf-e94d-43ea-86dc-5c1d21c82206/70a62caf-67c3-44f5-8752-596e9432c4ca/f914626e-fa1c-483a-ac2d-a7ebce6130f5/0bce875c-6f1b-49b6-9ae2-54dcfeb9c3f8/crop.png,4208,f273a245b85af40a26eeb93a1e199283f8c75e63664079f23f46d1d84235ac87,cell_crops
cell_crops,400014fd-aea6-4331-9871-b94f14cc89da,relative_storage_key,cell-crops/121a69bf-ba23-4014-892b-158b9c2b71a4/aa1323a6-7f80-4e1e-819a-ec182f045f3d/97fb12a0-df7f-455f-8e13-e0383ad3934d/7a669f6a-cb81-4ab3-acd6-5f5f774c4d68/crop.png,1431,cd8d1d9eb81ed1ca5bd5c9bfb7f75736cd2d8569604ca8f7d20919f138e7cfe8,cell_crops
cell_crops,40024591-52db-4a02-a49a-8dc3f8574ba9,relative_storage_key,cell-crops/7ef7cff8-899e-428e-b89a-36803c0575b3/04bafb48-259f-4626-82fb-a3359ee3160b/849d1772-b3d7-402e-82b3-2942cd77a889/c15bed21-9c44-4f32-9053-52c446ba9c8a/crop.png,4733,6a98080eb99e59458be68c35f4c2e697394cb70c16ca9d08836352359be5f1ba,cell_crops
cell_crops,401ade38-d101-451e-b47f-86112fb04e83,relative_storage_key,cell-crops/c9a6b7af-881f-47da-980a-1a2c2b743a1c/03505d0f-434b-48ac-ae42-76750f4fbc1a/a0889d56-1430-4a7f-b67c-e21291ac9ed7/f2f41ee5-ad91-4989-beab-34fb6503a671/crop.png,3635,f5d40c6bc5703b9e71700b0b140c06b67416ccc43afd0f3e4ca8c930cf396a7b,cell_crops
cell_crops,402bfca1-3d70-472a-bc3d-2bb5cf892333,relative_storage_key,cell-crops/ba5fc281-07c1-46ca-8091-0c13e6753aa4/d33fb4ff-3366-4fff-9806-8ab03314dbd1/18b27447-aed7-42fa-9142-4bab96366973/8056bd15-20f2-44a6-9e5c-ea4287327345/crop.png,7815,026c8609e898f80d731d0ddea8f36c3bd55157c717c9306abae2171b4877ef34,cell_crops
cell_crops,405960c8-bad4-4d2f-ac3c-2e2d9e2b5c99,relative_storage_key,cell-crops/4e1ca921-c5c6-4d89-b035-2d7dd99040d5/b9f975b3-7cd8-4b9a-a2cc-1bd9a76d924c/dc6df3c3-f03e-4261-bd4c-a2df5e0f0d88/8af73bc5-c90d-4c2f-8040-0886ec81a0d4/crop.png,1860,39c6d18654986f51b710858d978b0c26797fca801b3df74212a959d8e5008bf6,cell_crops
cell_crops,40959d11-d6f3-4df4-9f3e-bd7ae9301af7,relative_storage_key,cell-crops/93807208-985b-4d70-bb43-c7843db4141d/f4a29ede-288f-42ba-abf0-32395606ffc4/8d3b080d-2f56-4175-b76a-dc309555e9de/ce77dfd6-ffd7-42b9-95a5-97aa93c99a24/crop.png,5263,d70c4330f7aa50a2611efbac4515ea2aea6aac754c202d25a87e205266dfb7c1,cell_crops
cell_crops,4097706e-6c35-4663-a447-f5f7d18357ef,relative_storage_key,cell-crops/5f35abbf-10da-4c5e-b4d7-0b2e59de51f2/99ac88d3-5c9f-4fc3-8d6a-abadae1ee80c/b0ad2c3c-3de1-4628-bf32-d60536a0da80/2033da38-69d0-4286-b5a8-03b3ef981ef6/crop.png,1603,cac0dd456ff525a96cff6dbd7343cb40bb22029c62b8fe8993212eef8e3cc654,cell_crops
cell_crops,40cec4e3-ec70-492b-a1be-df032d1a64ff,relative_storage_key,cell-crops/3a9a3ddd-a6fb-43b7-98e8-82fe65649b10/69a3938d-51bb-45d7-928d-1b35d46634bb/ea56489d-de29-4bcd-bf1e-16e83feedee6/85ec16ba-996f-411b-9e86-84aab2a35e35/crop.png,4754,3e867ba1da25e0b8a2a667e886f1bb2d290a45c494d675700b215b7ce966f7d6,cell_crops
cell_crops,40cf0483-19c3-47e9-80ae-fad92cdd4efe,relative_storage_key,cell-crops/7eba770f-f337-4ed5-b174-fb4c18baaae5/0074b7b4-1a21-4123-9fb0-7a7e78c65792/6a4c1def-59d7-4111-8a64-9cfb8e00ba8f/29720028-7709-485e-8d5d-f9527ac61872/crop.png,3989,f6b47054560757349bf72f392a4ae2bd1d226671a1d55c81c58b33c548202b92,cell_crops
cell_crops,40d17e0b-d5ed-4019-86a3-83c4e1c18051,relative_storage_key,cell-crops/e11b10f7-d1c3-4d6a-9e69-a4b6bc1abc46/1db1a505-3eaf-456d-b123-7b9f8ee77762/339d62a6-0363-472b-b2e3-4a7befd2c42f/6f7b00e7-f73e-4dd9-96e1-bfee89302b63/crop.png,2415,8ee44cdf35e9decb6c6c6fb4c2591a9b13c8aff283dc31435b721c33c70a5508,cell_crops
cell_crops,40d21e84-f9e0-4879-a7f4-302ef593bf90,relative_storage_key,cell-crops/5f35abbf-10da-4c5e-b4d7-0b2e59de51f2/99ac88d3-5c9f-4fc3-8d6a-abadae1ee80c/b0ad2c3c-3de1-4628-bf32-d60536a0da80/47507585-3bb3-4986-a59b-263aadc0452a/crop.png,4180,3dd987e3101d7f20a4a14747ce51486f1050b6a2e692c3e5a59141d6c3420bc3,cell_crops
cell_crops,40ffa04c-edb3-4b7c-95c7-4541a17f6450,relative_storage_key,cell-crops/7ef7cff8-899e-428e-b89a-36803c0575b3/04bafb48-259f-4626-82fb-a3359ee3160b/26ddb17b-1b89-4301-8f40-011ccf0f40dc/db81d548-d073-49f2-a459-4e31221ff088/crop.png,10172,167f2ebc4bb275cee32317b3c89dd5743557f92aff6413b6dc8b11a7b7e41abe,cell_crops
cell_crops,41105ea9-48f6-467c-bb08-a2b907224456,relative_storage_key,cell-crops/52c4864d-1788-41db-a1d2-883ce7d83a58/490887fa-b3af-4136-85dc-8ae66e413acd/bf339bce-cffa-48e9-a044-4b9df2cc36b4/0ca92439-2b2f-4e7c-84ea-42da78943092/crop.png,4125,1a579ab97a8a36afa908289cc11a2d9a36c35be5a6d4f8e18d5b289a0b59efe5,cell_crops
cell_crops,412bf8d5-83e3-4535-a828-d46752d1517d,relative_storage_key,cell-crops/214fd936-3c74-4042-937a-3131ff495bdd/5e7bbe13-3cf2-4c2d-9022-31d242f15fb1/c6a30725-877a-4570-819a-de52a6bcb57d/a1cf2cb9-eaf6-4d1e-91d3-5e521147a853/crop.png,4661,31fed9b1f3d0b17d9c3f3578ba5f4247c4e64977618b1f0765da183cd999bb0a,cell_crops
cell_crops,41338ed7-0b05-4013-8f2d-7dccc288d5c6,relative_storage_key,cell-crops/c9a6b7af-881f-47da-980a-1a2c2b743a1c/03505d0f-434b-48ac-ae42-76750f4fbc1a/a0889d56-1430-4a7f-b67c-e21291ac9ed7/b6cd1ba3-148c-4f9a-81dc-f7bab85023f2/crop.png,1075,3d2c31602f565e919e13f87c5b84824000b5c4b251666be34d614519bc2864c2,cell_crops
cell_crops,4155a205-9aab-4958-a49f-bbf6c03f5a2b,relative_storage_key,cell-crops/7a11c0f4-a9d7-4446-a5f2-437ffc334a6c/0ff18f89-6fbd-4755-8e89-15227de46f41/3dca4192-f767-48f3-a7e8-59e22d9db3f9/7c480c19-d963-428f-8251-512c46e82c09/crop.png,4917,75a6ee1f60ffa9db60e698f2b5994c779d82bbea60a4189a889029e0019c9123,cell_crops
cell_crops,41676639-e660-425c-ac00-4f7523aa90c3,relative_storage_key,cell-crops/ba5fc281-07c1-46ca-8091-0c13e6753aa4/d33fb4ff-3366-4fff-9806-8ab03314dbd1/18b27447-aed7-42fa-9142-4bab96366973/692803ff-298c-4f56-a023-167c970cd587/crop.png,7835,f572d9642e91f071c88baa8f86328694014dabe73003c4b58948a10febfb8cd6,cell_crops
cell_crops,416feed8-81d3-4f17-b5f5-f6d10ccb1ff5,relative_storage_key,cell-crops/25afdd28-85df-4a2a-9dab-2727ced6821b/f5668b77-a7c4-4ed2-aade-94bbf92900cf/08cd9b57-9a64-410c-8133-1dbdbf2e697c/063e766f-0242-4730-8118-9e9b222ea38e/crop.png,1269,8438138407ca15b8499f86362f7a9ab2eabfaef74f3e02f25f24fcbb8a477438,cell_crops
cell_crops,4181e049-744e-4883-b637-887b795bf92d,relative_storage_key,cell-crops/e11b10f7-d1c3-4d6a-9e69-a4b6bc1abc46/1db1a505-3eaf-456d-b123-7b9f8ee77762/339d62a6-0363-472b-b2e3-4a7befd2c42f/e75efe22-a7c7-4010-a3e1-b0137fae4c86/crop.png,2446,857834d540330ecf11e55aa5dd43d71bcb6b61e9676a37873dd7fe51f8dbc314,cell_crops
cell_crops,418ea3fa-4591-422b-8991-2e4dc07f384f,relative_storage_key,cell-crops/fce4a23b-7725-4c69-960b-5c9cd9b68f50/c6ecf996-e832-44ad-89bf-2ca55d1d46d5/5ecbdf28-e01c-4b51-ae7b-f9d88c6b9aa5/a74f23e8-a640-4196-a7ef-bae9e513a520/crop.png,4069,8b228479e15a5378f54f8d05d8c416a2101e2f09c9b9854652a76eae4b63e329,cell_crops
cell_crops,41ac5a12-a35a-45d1-bc0d-fb33b8fda6dc,relative_storage_key,cell-crops/52c4864d-1788-41db-a1d2-883ce7d83a58/490887fa-b3af-4136-85dc-8ae66e413acd/bf339bce-cffa-48e9-a044-4b9df2cc36b4/36c6895d-fe42-4ee0-ae53-f54ba98e3dee/crop.png,3071,387619155d2f3c0f9227426898efaa4cbb5441eca809a9c4bcb1712d77edece6,cell_crops
cell_crops,41d83334-d3c4-42d3-8750-c9ed79e61b60,relative_storage_key,cell-crops/52c4864d-1788-41db-a1d2-883ce7d83a58/490887fa-b3af-4136-85dc-8ae66e413acd/bf339bce-cffa-48e9-a044-4b9df2cc36b4/92aec414-2b8d-4098-9f0c-d61ec21df747/crop.png,1879,746891f98efb36c4c0e5ee5a2d1f75dc4aa17a962fca13335499019e1872593e,cell_crops
cell_crops,41e192b4-5d9e-49cb-8f20-67eafd609ce2,relative_storage_key,cell-crops/72906de0-83a0-4e98-940e-735fe5fb2363/c3c7a47a-b9d7-41c8-a8db-3269a23bca95/452e4d39-1e65-4a32-8a6a-e88382ac7aa6/0147f98b-b42d-4662-9f36-c3f3f70f741d/crop.png,10247,9be7a6d225018e52963bc79e0f7401140c5ba461eb2cd8bb298e670dc7fd4b2a,cell_crops
cell_crops,41efc877-3198-48d3-b9ff-e25c601262d7,relative_storage_key,cell-crops/121a69bf-ba23-4014-892b-158b9c2b71a4/aa1323a6-7f80-4e1e-819a-ec182f045f3d/97fb12a0-df7f-455f-8e13-e0383ad3934d/f4a5bc0f-6d33-4b38-95be-e74bc7ea94f7/crop.png,1298,4e1cbf3cb5b426d6561d5127e7306ce2345e0d265ac9792132ebf3f9ac3c67ee,cell_crops
cell_crops,420cf943-26cc-4ca5-979f-22413cf86d05,relative_storage_key,cell-crops/5d9ca4e3-60b1-4a9f-aba0-8a5edd13510a/3f2dc1d9-eb62-44b3-a325-2d8db65a585c/0c7ee510-e240-4b6f-b8bc-352c4dd9aa20/a2ad8e25-7704-4281-8b5d-a4bb3de63fa2/crop.png,10699,f7d560cf3fdaf6d0bedd6e979a54530e01f72205b27cfccbeae7b14c29ac39c5,cell_crops
cell_crops,423fa657-04e8-4eba-ae2a-21d7e6b6d866,relative_storage_key,cell-crops/25afdd28-85df-4a2a-9dab-2727ced6821b/f5668b77-a7c4-4ed2-aade-94bbf92900cf/08cd9b57-9a64-410c-8133-1dbdbf2e697c/e69d7b88-d872-4c43-ba82-9486ea51c30e/crop.png,1100,ea2023e7a0cafbbd67f9d9fba52ef786c7dd20422bbd97f9b03b9a3f3560808a,cell_crops
cell_crops,42659880-6c80-43e9-95fb-73cc729d6131,relative_storage_key,cell-crops/b0a5839c-3668-4411-b590-cc1d8fed470e/bf423fe1-2fc5-4662-9eda-ff1496c1bba9/c2a6cffd-18de-474e-ba04-2bf65b0f4f8c/760a87e0-6a98-4a91-b41c-f7a87a19deff/crop.png,10587,e07e85c11191b0bb2707e4ebea4c01fed11a5dd7f7c0c2d9fdf55bd3ae7eb365,cell_crops
cell_crops,42aedfaa-25be-4d08-b872-bf638c69e0b3,relative_storage_key,cell-crops/e109f86a-afaf-4c6b-8831-0fd7fc4fa7b2/2b113263-4ee7-4c87-a4d5-c689a43626bb/5b7cb03b-f0e6-42de-9aba-d4fb3757ad09/a8b65e62-489c-4e2b-954e-47f1f535dbe5/crop.png,3365,6f9e1f4aa01ef40f927be1d965e275d4211b7f9adfd678502f1605b4bd9c0523,cell_crops
cell_crops,42ba407f-b14b-4697-b5a5-3053d16a670f,relative_storage_key,cell-crops/1c49c468-795c-45ed-98a4-e3670ddd5182/2f40a287-e0d5-4ab9-919e-a1ddfe57b9bd/2ac85463-e0b3-4c27-bb72-7ffdae1f53ab/916a72b7-d657-4959-859d-2cea68057f6e/crop.png,2178,9d968c2630d693365edb378902e8b20f74035d778ac7357a8e5132da5cf385a6,cell_crops
cell_crops,42e497eb-0809-436f-b8fd-68590ce24cb0,relative_storage_key,cell-crops/cd096d9e-0d01-4e4f-acd5-65e1548c215b/de773a50-b182-4ed9-9bdc-3f6f65bf242d/8eae56e5-dc27-4e8b-86ce-b22204a68814/361ff6dd-c8b6-42a4-98f5-77c757d2bcb9/crop.png,723,9d97bdceb3b09f0f8439f86f742038b6e4b5ae8f32428f23509b9ae28e2383bf,cell_crops
cell_crops,430394a7-faa6-4bd4-ae26-1496b12237c6,relative_storage_key,cell-crops/c9a6b7af-881f-47da-980a-1a2c2b743a1c/03505d0f-434b-48ac-ae42-76750f4fbc1a/a0889d56-1430-4a7f-b67c-e21291ac9ed7/a12bf2ee-d6c5-467e-b7b8-271110068865/crop.png,9442,6e304b8b0b961c3416a37087e2c36959bf05bedee8862d6ba821233505ed58ec,cell_crops
cell_crops,4325c30e-4887-428a-967f-211f01bf0d29,relative_storage_key,cell-crops/7fd7ef40-bc9c-40d1-9e62-62bf0850c6b3/f6e252a5-7924-4e5c-bc63-8b711db60ba0/8a0187a3-03f0-45bd-ac3c-6e47c7999f03/015e00fc-8750-424d-a8c0-f7d7dc496bc4/crop.png,2922,95dfb8385985f6db857fbf583704960a27eeecdf41e3297ef47bc97c8ca1c952,cell_crops
cell_crops,435057cf-1da9-4478-bfdd-0a9e2706d134,relative_storage_key,cell-crops/7fd7ef40-bc9c-40d1-9e62-62bf0850c6b3/f6e252a5-7924-4e5c-bc63-8b711db60ba0/8a0187a3-03f0-45bd-ac3c-6e47c7999f03/fdf9a38c-e0a8-44ce-8de7-df999a8b3921/crop.png,1251,7cb549ec1eabd5c2804616157629e608b6f90bc5158a209d1804dcb07e5d9242,cell_crops
cell_crops,43872817-aebb-4da9-91ab-c823c8a607a9,relative_storage_key,cell-crops/1c49de91-f3ba-4794-8cbd-62bc966049c5/1007bc39-4bca-4a32-9069-5c8180b174db/cdcfc6c7-12a5-4405-8fb1-213826f88d05/b9201f59-6926-44c7-9e9c-b71869e3f02f/crop.png,3730,f4603178713846f7e527f214699d4eb32089b65bf8e603cc530dbddbfbb55585,cell_crops
cell_crops,4389a935-2ec5-486a-81c2-920eeb89f843,relative_storage_key,cell-crops/c9a6b7af-881f-47da-980a-1a2c2b743a1c/03505d0f-434b-48ac-ae42-76750f4fbc1a/a0889d56-1430-4a7f-b67c-e21291ac9ed7/393eb979-a120-49f5-bee8-26aa4764ec99/crop.png,1600,de98c1a4762330eb78ce93f431391e9018983ee9d6ae9f54f5b49855878db0e3,cell_crops
cell_crops,43938f33-93c9-4992-a4fa-0bfe9b1ffd12,relative_storage_key,cell-crops/7ef7cff8-899e-428e-b89a-36803c0575b3/04bafb48-259f-4626-82fb-a3359ee3160b/26ddb17b-1b89-4301-8f40-011ccf0f40dc/a767eb9e-977e-4700-9efc-7dd204e20ba8/crop.png,13807,311766f6c012a12465d2f3d08b7c084284440718c2fda5633ec81fe644b74cfc,cell_crops
cell_crops,43b183cf-cb13-4500-99bb-b00b0c56b99a,relative_storage_key,cell-crops/5d9ca4e3-60b1-4a9f-aba0-8a5edd13510a/3f2dc1d9-eb62-44b3-a325-2d8db65a585c/0c7ee510-e240-4b6f-b8bc-352c4dd9aa20/4c5a13f5-7563-4a1e-ba12-dc9e1083d4ac/crop.png,3736,a8cb1d2f35613fe7b7e24c70d9909415108dc746051316290a373a3d13a22c16,cell_crops
cell_crops,43c3b5d8-ce39-46ec-be89-0145a2a9422b,relative_storage_key,cell-crops/5f35abbf-10da-4c5e-b4d7-0b2e59de51f2/99ac88d3-5c9f-4fc3-8d6a-abadae1ee80c/b0ad2c3c-3de1-4628-bf32-d60536a0da80/419c491f-ed66-4485-8724-eedd4da04815/crop.png,3593,dbd71e998f36555426d891f429850027ee9a6016136bd9a4724ceec82db0cefa,cell_crops
cell_crops,43cc125d-67b2-4f99-a3f0-24cf112492a8,relative_storage_key,cell-crops/8122e340-548f-40df-9dd4-ed43859605ff/ed18ce4e-6fb0-4f1f-b313-c9d76617210c/8cb2cae1-c3e1-487c-a274-4385f339dded/5dcb39f8-4a7c-4adc-a51e-98719e6ccdae/crop.png,5673,1689835c09eb6e6b19c0479d0b1ae53117867b28a1d7fbab77cca56e2dcd7613,cell_crops
cell_crops,43dae4b2-b2ed-4ba0-93d1-0b797e1c3d71,relative_storage_key,cell-crops/7ef7cff8-899e-428e-b89a-36803c0575b3/04bafb48-259f-4626-82fb-a3359ee3160b/26ddb17b-1b89-4301-8f40-011ccf0f40dc/e94ace48-3f90-4089-9759-7c741e95bdc0/crop.png,12757,3bee1debfd22f0ac93f1cd464f4ea0566d72757de1e6cf7931bca2242116a8ba,cell_crops
cell_crops,43f0057c-f7ff-4979-8654-fb15d4f836f4,relative_storage_key,cell-crops/7a11c0f4-a9d7-4446-a5f2-437ffc334a6c/0ff18f89-6fbd-4755-8e89-15227de46f41/3dca4192-f767-48f3-a7e8-59e22d9db3f9/a2b1779f-d6ff-4a23-8f15-e5549f42c580/crop.png,3110,8ae9e830e09fa2707cef162265a40e2b254f8e2ecae9475078f26e1c11b1de3b,cell_crops
cell_crops,43f8cd4b-b6b2-4a88-a9f9-dcb324a72851,relative_storage_key,cell-crops/4383bcb6-1595-4b3c-9c6f-ced12863a762/f6d15c09-591e-4808-aff5-02f7c8c4d239/25a1a8fb-90d3-4cfb-b43b-20ee3b4b7788/6a13df8f-0cea-42c0-89d0-9c1481e1f448/crop.png,3630,7a7266e168fd4d644d622197cf4c5598151e192f96561a12f22007a3bd42706e,cell_crops
cell_crops,442770a2-eae4-4a64-8a55-592f2a05997b,relative_storage_key,cell-crops/1c49de91-f3ba-4794-8cbd-62bc966049c5/1007bc39-4bca-4a32-9069-5c8180b174db/cdcfc6c7-12a5-4405-8fb1-213826f88d05/6375dd5a-2230-45a5-bbf3-cc67aa15e5c0/crop.png,3255,2a7740ea88a675bacf12c8dbe7d886bdafd093c74a4d80b80fdae5276c87a020,cell_crops
cell_crops,442e7dad-17ba-4761-9c7c-9de01b73e6c9,relative_storage_key,cell-crops/7fd7ef40-bc9c-40d1-9e62-62bf0850c6b3/f6e252a5-7924-4e5c-bc63-8b711db60ba0/8a0187a3-03f0-45bd-ac3c-6e47c7999f03/141651f5-c218-4a2f-a8a9-f88435d785fe/crop.png,4101,f2db3a7c6780fc7c679843f2a4405ccce68d248dfa07bcb0791c4853b89dfdd5,cell_crops
cell_crops,44434c48-ce78-4337-847b-a500f9cf87c3,relative_storage_key,cell-crops/93807208-985b-4d70-bb43-c7843db4141d/f4a29ede-288f-42ba-abf0-32395606ffc4/8d3b080d-2f56-4175-b76a-dc309555e9de/e1312d23-5490-481f-b947-f56c8d4b27ec/crop.png,10699,f7d560cf3fdaf6d0bedd6e979a54530e01f72205b27cfccbeae7b14c29ac39c5,cell_crops
cell_crops,44644f65-4e8c-4e21-aa14-c90955bbe4dc,relative_storage_key,cell-crops/6dede06e-ae61-4920-bb2c-935cde2a5ff5/60bd296d-21d5-4d22-99bc-a023cb410f35/88dc4c92-8367-4c4d-a59b-da86d01b8d82/82949879-b58d-42f4-8764-9455b99969b5/crop.png,4129,1a8973672cbc66cf69ab7fcea7eb9ae40d0cb5ddf8e7b39fcc8367d6215be771,cell_crops
cell_crops,446c0bc8-9968-4c2d-9b92-f0953ade2777,relative_storage_key,cell-crops/b0a5839c-3668-4411-b590-cc1d8fed470e/bf423fe1-2fc5-4662-9eda-ff1496c1bba9/c2a6cffd-18de-474e-ba04-2bf65b0f4f8c/f474b53d-12a2-452f-8cf2-7c82a005b302/crop.png,1251,7cb549ec1eabd5c2804616157629e608b6f90bc5158a209d1804dcb07e5d9242,cell_crops
cell_crops,448e0ce8-051e-4dd8-93ce-04d32c917cd4,relative_storage_key,cell-crops/211b65b9-8b1b-4bc9-bf8e-2572a00a3ecd/85d8a71e-e9ed-4062-a036-52e42dd89720/83b0bdb6-4441-49e8-b6a7-4de634e8d548/407918ac-8038-429c-ab5d-e8a863bc5c5c/crop.png,1338,f0e5eaee9a7ebdfbd95c0f3a47a849854c0ab8ca2003c8f7b2409ba0b36a761b,cell_crops
cell_crops,44aff89b-ad2b-47ef-ac64-0edc82d3747d,relative_storage_key,cell-crops/07c71166-93b3-415e-b764-6ca7344238f6/151ee7ee-b609-4e6b-985c-04af59a85470/9c45439d-fd87-46c3-944a-439ab92cbf89/e63b8463-88cc-4087-8b4d-e15fc56123e7/crop.png,2352,de6a4305ddb0de3d28cfdbebcc4d5ffb86bc4fc4ed6deff3c3b4198aad476566,cell_crops
cell_crops,44c33c01-f512-457c-bd3f-6a6cb6f970ea,relative_storage_key,cell-crops/7a11c0f4-a9d7-4446-a5f2-437ffc334a6c/0ff18f89-6fbd-4755-8e89-15227de46f41/3dca4192-f767-48f3-a7e8-59e22d9db3f9/7ff3785f-530b-4303-8fee-c913a00f0c3f/crop.png,23905,60b2a70bf3bcaa46bbddf3ef8f55a1d63b00f7676335900e3d3e28ee0d6c4f3a,cell_crops
cell_crops,44c731e8-8a40-4f0a-9b77-0f7952efdad7,relative_storage_key,cell-crops/7a11c0f4-a9d7-4446-a5f2-437ffc334a6c/0ff18f89-6fbd-4755-8e89-15227de46f41/3dca4192-f767-48f3-a7e8-59e22d9db3f9/712df1ce-6022-4615-82a8-eec9716ea57e/crop.png,8483,24370a20808a56914daf4ff9728d4ea053a49f26dbf578d33aa797352c853e4a,cell_crops
cell_crops,451d259d-a8ba-4fb1-bc3e-7ccbaef45463,relative_storage_key,cell-crops/214fd936-3c74-4042-937a-3131ff495bdd/5e7bbe13-3cf2-4c2d-9022-31d242f15fb1/c6a30725-877a-4570-819a-de52a6bcb57d/01416b71-11ed-4f17-9b9e-66980950bc8c/crop.png,11788,5ee289799e70e53777efece00e27b99448fd1c31651fcbaec441a61bf2378012,cell_crops
cell_crops,452522f1-ec07-4db6-93a8-6d00cf3c1211,relative_storage_key,cell-crops/93807208-985b-4d70-bb43-c7843db4141d/f4a29ede-288f-42ba-abf0-32395606ffc4/8d3b080d-2f56-4175-b76a-dc309555e9de/4d2dafc1-c89c-496d-8e2e-f5748d3c8cfa/crop.png,3292,a5c7cdf16c37a279e3857e834d7f9f1e1d588cdb33b95f408794881c88c961e9,cell_crops
cell_crops,45415e24-9bf3-4c81-af29-1bc20f596db5,relative_storage_key,cell-crops/6dede06e-ae61-4920-bb2c-935cde2a5ff5/60bd296d-21d5-4d22-99bc-a023cb410f35/88dc4c92-8367-4c4d-a59b-da86d01b8d82/12073d80-f704-4364-823e-be5893b25260/crop.png,12776,d72628844b8613aadcb75c97c1aa6a0d02999a0f93cb46047076bf427fbb79c6,cell_crops
cell_crops,4541f07e-c8e4-407c-ac64-06c831efaf7a,relative_storage_key,cell-crops/7fd7ef40-bc9c-40d1-9e62-62bf0850c6b3/f6e252a5-7924-4e5c-bc63-8b711db60ba0/8a0187a3-03f0-45bd-ac3c-6e47c7999f03/3ecf288e-6c3b-4cca-b0c3-14dace82b010/crop.png,4125,1a579ab97a8a36afa908289cc11a2d9a36c35be5a6d4f8e18d5b289a0b59efe5,cell_crops
cell_crops,454dc399-00fb-473e-8637-13c5e19294bf,relative_storage_key,cell-crops/e109f86a-afaf-4c6b-8831-0fd7fc4fa7b2/2b113263-4ee7-4c87-a4d5-c689a43626bb/5b7cb03b-f0e6-42de-9aba-d4fb3757ad09/1d153522-44d6-4a44-9ba6-7b2c17ac1f23/crop.png,4953,d05e8aa07792215cad6c88df456968a89dfc6588f0adf98e4fff8af108d035e1,cell_crops
cell_crops,45593843-cbef-46c8-b1ce-d2b2fea93eae,relative_storage_key,cell-crops/5ad2e702-acee-4f0a-9a01-8a2ba6b24733/1abc6f5a-ce2e-4d43-a7b2-9323cf7efa1c/13514ba4-7c6f-40a0-a6d6-573684da9510/5dfa05f2-9a1f-47d6-bb06-36861f1b2139/crop.png,4283,c54a03dbb009388d784b77030788c92fd1eaf283024cc9bf189330eb5e554017,cell_crops
cell_crops,456aafda-d76d-4816-ad21-17f0cf4f0c32,relative_storage_key,cell-crops/1c49de91-f3ba-4794-8cbd-62bc966049c5/1007bc39-4bca-4a32-9069-5c8180b174db/cdcfc6c7-12a5-4405-8fb1-213826f88d05/83c53c1e-001d-4e83-8a9e-8a3ef0ab654c/crop.png,4956,4b7917718f3b7f58fa13759444b29a1799bf52d15ccfec7f4e070eb7b05587f5,cell_crops
cell_crops,459b20ca-7a5e-46e6-ab89-8c6c6f0d0f60,relative_storage_key,cell-crops/25afdd28-85df-4a2a-9dab-2727ced6821b/f5668b77-a7c4-4ed2-aade-94bbf92900cf/08cd9b57-9a64-410c-8133-1dbdbf2e697c/e1806e80-ebfc-4b3d-8eb0-a998fd4f638f/crop.png,3711,804f56dac64fd64a4a05014c49dd16a5a24887f1a583b9a668c53a9c84e52200,cell_crops
cell_crops,45ba871e-697b-4b10-bcce-0c7968d0f605,relative_storage_key,cell-crops/121a69bf-ba23-4014-892b-158b9c2b71a4/aa1323a6-7f80-4e1e-819a-ec182f045f3d/97fb12a0-df7f-455f-8e13-e0383ad3934d/1b99990a-af03-4d10-9ab3-1a6ba01ffde2/crop.png,5267,af7554768d942055704560fb618bfbce17d85ee5d38bb5e3554156dd6b52cf74,cell_crops
cell_crops,45c2c5a4-6418-4e33-ad4e-42b40245fe5c,relative_storage_key,cell-crops/214fd936-3c74-4042-937a-3131ff495bdd/5e7bbe13-3cf2-4c2d-9022-31d242f15fb1/c6a30725-877a-4570-819a-de52a6bcb57d/36308a72-1e20-4053-bfd1-c092f7451a60/crop.png,7027,44125c981ae2947147a0e6b0e12432ab897312f4a36befad02a48a01e01f0ce9,cell_crops
cell_crops,45d6ad13-08e7-4d07-bff9-3eb0e63e4dbf,relative_storage_key,cell-crops/214fd936-3c74-4042-937a-3131ff495bdd/5e7bbe13-3cf2-4c2d-9022-31d242f15fb1/c6a30725-877a-4570-819a-de52a6bcb57d/6f21c515-30c0-4d34-aaf3-94d9096b0687/crop.png,723,1cabfcce739320ede756740be85d17e486026f8d632642d14270611f2c71b243,cell_crops
cell_crops,45d826c8-aa05-4ccc-a0a9-432993bf50aa,relative_storage_key,cell-crops/54e278de-2381-4a05-8faa-42bf761f6688/50b0884e-ddde-4252-be9d-058151c986c4/f4400105-33b9-4bc0-860b-010b1cf3d386/3958af05-f4a8-4bb0-8637-183d305e0a89/crop.png,930,7a436b40376bacfd5298c2b88143a12e9cf55023ceb7a8ed5bc777c1a3c73513,cell_crops
cell_crops,45e63097-ec49-41f8-8755-68e217315138,relative_storage_key,cell-crops/59a98cc0-24f4-424a-b208-3fe06063fa47/98626a4c-b3fc-464a-a4fe-90bc886c7647/c0a49ec0-99e0-4b2b-a9e4-1e2ec28655a0/d6066900-97ce-4426-b9c7-a2986c227a77/crop.png,4445,87ec7a9b295f5ebc8226a7242ae3d3465b8ce72d06e74668a46110722fb9e76a,cell_crops
cell_crops,463c3300-1d4b-4974-809b-43af0b591cbb,relative_storage_key,cell-crops/72906de0-83a0-4e98-940e-735fe5fb2363/c3c7a47a-b9d7-41c8-a8db-3269a23bca95/452e4d39-1e65-4a32-8a6a-e88382ac7aa6/bce01e10-f6c6-4be7-a054-8844a4a1664b/crop.png,4303,7313e6457a91552ab999fec6bae568e58049c77682e8d3fd872365a728d46243,cell_crops
cell_crops,463cae84-74e8-4ab3-beeb-a9c83586647b,relative_storage_key,cell-crops/c9a6b7af-881f-47da-980a-1a2c2b743a1c/03505d0f-434b-48ac-ae42-76750f4fbc1a/a0889d56-1430-4a7f-b67c-e21291ac9ed7/65145f19-e716-4852-bc07-41e6f4bb4637/crop.png,16904,eff4fa29e1180c01116667a3eedbd9385b294fef53d81a3823637ef31ff1dafe,cell_crops
cell_crops,463f60c4-941c-4af6-9fc4-660e60e111fc,relative_storage_key,cell-crops/4383bcb6-1595-4b3c-9c6f-ced12863a762/f6d15c09-591e-4808-aff5-02f7c8c4d239/25a1a8fb-90d3-4cfb-b43b-20ee3b4b7788/3062644e-94d5-48f8-8c43-4d68411a5faf/crop.png,5193,05d7656362c72604cf863aa8079daec9ceea6174d3b239b30814800b1d9213ef,cell_crops
cell_crops,469c96d6-97c3-4740-8772-a621b72ce5b0,relative_storage_key,cell-crops/7fd7ef40-bc9c-40d1-9e62-62bf0850c6b3/f6e252a5-7924-4e5c-bc63-8b711db60ba0/8a0187a3-03f0-45bd-ac3c-6e47c7999f03/ab1adac1-0637-4ba0-a244-c83f0e5f52cf/crop.png,1879,746891f98efb36c4c0e5ee5a2d1f75dc4aa17a962fca13335499019e1872593e,cell_crops
cell_crops,469ea028-91b6-4f4f-933c-f78f92b40d41,relative_storage_key,cell-crops/e11b10f7-d1c3-4d6a-9e69-a4b6bc1abc46/1db1a505-3eaf-456d-b123-7b9f8ee77762/339d62a6-0363-472b-b2e3-4a7befd2c42f/beb9e848-f994-497b-aeb5-e55dd4187fd5/crop.png,1603,6822f1263e46280838d6e49344832dbd8ed3a10e285e4ed2cf5febc783882146,cell_crops
cell_crops,46b25b2a-b722-4983-94aa-491180088326,relative_storage_key,cell-crops/ae68a99c-11f7-457a-88f8-3cef9a144958/618af6de-bfab-495e-8634-e484d620ee21/650c7580-8b2e-4bc4-88e8-bf03c5bb423d/777a0b01-ab1d-40be-89f5-3580ce5403a6/crop.png,8082,72d5358a73997a63e3532c1ee81ec7a2796b0e43204eb9db9cfbd4ae84188073,cell_crops
cell_crops,472ed257-64c8-42a6-b638-6910b1727394,relative_storage_key,cell-crops/1c49de91-f3ba-4794-8cbd-62bc966049c5/1007bc39-4bca-4a32-9069-5c8180b174db/cdcfc6c7-12a5-4405-8fb1-213826f88d05/53d1c884-2550-4aea-b910-63b2da17875f/crop.png,4201,3400e8aa19fbaa64d09a3cf286d3ecc1b6ad129d45b30085b25501e4728a67cf,cell_crops
cell_crops,4739eff6-7747-4c5d-8378-4e428a212db5,relative_storage_key,cell-crops/54e278de-2381-4a05-8faa-42bf761f6688/50b0884e-ddde-4252-be9d-058151c986c4/f4400105-33b9-4bc0-860b-010b1cf3d386/b9a41e34-05f3-4aaa-bdf5-9f18ae399c6c/crop.png,2194,b95741a437a45f71a96bcf09bf19fbca2638d3f7f9a28c9fc34109cd45c55e52,cell_crops
cell_crops,47960847-8516-4d99-935a-45673ecc386c,relative_storage_key,cell-crops/214fd936-3c74-4042-937a-3131ff495bdd/5e7bbe13-3cf2-4c2d-9022-31d242f15fb1/c6a30725-877a-4570-819a-de52a6bcb57d/d9041f46-e2d7-40c3-ab2d-2d1a6910e4f3/crop.png,13807,311766f6c012a12465d2f3d08b7c084284440718c2fda5633ec81fe644b74cfc,cell_crops
cell_crops,47eae579-66e0-491a-896a-58344d5128cf,relative_storage_key,cell-crops/5ad2e702-acee-4f0a-9a01-8a2ba6b24733/1abc6f5a-ce2e-4d43-a7b2-9323cf7efa1c/13514ba4-7c6f-40a0-a6d6-573684da9510/bf0cc79d-066f-4019-8a69-ef19d78e0c6c/crop.png,5401,e0933bcdbe27964866e27ca9d8bce59882328fc319d2b3107dbc1980da3ff454,cell_crops
cell_crops,47ec38a2-0e68-42ab-92e8-8409676cd2c1,relative_storage_key,cell-crops/121a69bf-ba23-4014-892b-158b9c2b71a4/aa1323a6-7f80-4e1e-819a-ec182f045f3d/97fb12a0-df7f-455f-8e13-e0383ad3934d/56e2ada5-5248-49d4-a4a9-e28b577cf304/crop.png,1471,8411937f8e3c754d985ca1249b21de68b3186a2e3577116614a373c6bc5d8f83,cell_crops
cell_crops,47f4e1a5-7502-48e7-ab2e-c187b0ccdcfe,relative_storage_key,cell-crops/7eba770f-f337-4ed5-b174-fb4c18baaae5/0074b7b4-1a21-4123-9fb0-7a7e78c65792/6a4c1def-59d7-4111-8a64-9cfb8e00ba8f/60c705e1-832d-4197-9ca9-b75e3a2bc51d/crop.png,4517,a14d8edd99ad227251e9ad4398a176e9db6c37174496c358f8b39cd85891f3ae,cell_crops
cell_crops,47f5ccfc-36ee-4744-9754-acbea188bf0e,relative_storage_key,cell-crops/d28e9146-5ad9-4df7-8af4-1b8901780c2b/f196b05e-1e21-41c5-8292-1c802004009a/6948fa72-3ff5-45bb-beb5-8ae3bba8b6d6/0235b370-0110-478d-aa29-b3313369f6da/crop.png,3858,ebb96cc6e62ab2e3f5a2027984dd5e0eecb0c29206512ece3be732bf767ed6f3,cell_crops
cell_crops,47fdbcd1-13a1-45ac-9ddd-5baa2f48cd12,relative_storage_key,cell-crops/211b65b9-8b1b-4bc9-bf8e-2572a00a3ecd/85d8a71e-e9ed-4062-a036-52e42dd89720/83b0bdb6-4441-49e8-b6a7-4de634e8d548/88a5a9c2-b0b7-436e-8cba-4c45434c5623/crop.png,1850,18390240eb1aff93ddec37468edd268d51ab6cd45c47af3f2e677981ab710e98,cell_crops
cell_crops,4828c2a9-b7a2-4609-9322-fbcf95d19a4b,relative_storage_key,cell-crops/5ad2e702-acee-4f0a-9a01-8a2ba6b24733/1abc6f5a-ce2e-4d43-a7b2-9323cf7efa1c/13514ba4-7c6f-40a0-a6d6-573684da9510/d43bdacd-3b81-4168-a300-aa64c68e7d66/crop.png,10247,9be7a6d225018e52963bc79e0f7401140c5ba461eb2cd8bb298e670dc7fd4b2a,cell_crops
cell_crops,483fc47e-bce1-43b7-89fd-e20a8f8f1bdf,relative_storage_key,cell-crops/8b912699-0346-4eca-9a3f-992922f65702/c5ca90cc-e321-4501-82f3-a2e0ef0f51a7/51a1e5c5-fac7-4ab5-b6dd-bef48d583434/7ed41863-1316-4803-8e3c-f29ebe68a2de/crop.png,6727,3adc48cb2cfbbb81425f9c52b64719e582974a5a05bc4be0ab962ac4c0720a9f,cell_crops
cell_crops,4843ee38-5100-4800-a3b3-0da559260a6b,relative_storage_key,cell-crops/b0a5839c-3668-4411-b590-cc1d8fed470e/bf423fe1-2fc5-4662-9eda-ff1496c1bba9/c2a6cffd-18de-474e-ba04-2bf65b0f4f8c/a621a8dc-c691-4e8e-8d87-f6198af3032c/crop.png,1768,60f6e0d762485f8a083be08b0cce3470f0af3dd38c200dbea64a81d08827654a,cell_crops
cell_crops,488e4db4-4238-46ac-a544-1c19782c8e1d,relative_storage_key,cell-crops/c9a6b7af-881f-47da-980a-1a2c2b743a1c/03505d0f-434b-48ac-ae42-76750f4fbc1a/a0889d56-1430-4a7f-b67c-e21291ac9ed7/97ff78f1-8aff-4011-814d-233b8419563b/crop.png,1073,cb4eb809b434b8b4ffac473bfe65a43fc3d33bd95e2818fd160ee2822cb06212,cell_crops
cell_crops,489ea42c-fc8d-42e6-be26-364974e18e15,relative_storage_key,cell-crops/7fd7ef40-bc9c-40d1-9e62-62bf0850c6b3/f6e252a5-7924-4e5c-bc63-8b711db60ba0/8a0187a3-03f0-45bd-ac3c-6e47c7999f03/78d9dca0-347a-45a5-a5b7-680328447a82/crop.png,1414,fec8dbb8e1a35eeef303b628bfdde4ba9bb9d7b01b8676d279857ee0f95f7659,cell_crops
cell_crops,48b49ea3-10e2-41e4-b7ca-311d5d926423,relative_storage_key,cell-crops/aac2f7a6-e279-42c1-8035-33134bfdf3eb/881590dc-6d13-4137-ba82-d28d2ed5199a/34070251-bc08-40a2-b33a-35ad175a7189/cd820e59-eee2-46d8-8612-dfc34f79c453/crop.png,3730,f4603178713846f7e527f214699d4eb32089b65bf8e603cc530dbddbfbb55585,cell_crops
cell_crops,48bb58b7-769a-4be0-b0f2-8bf1d5adef04,relative_storage_key,cell-crops/211b65b9-8b1b-4bc9-bf8e-2572a00a3ecd/85d8a71e-e9ed-4062-a036-52e42dd89720/83b0bdb6-4441-49e8-b6a7-4de634e8d548/5f51ba9c-5def-4bd6-b798-2e0112b426bd/crop.png,1702,c0f599b1c16bb5ecb779b6cd4cd091716eaea79816c16b9a44d0d45008fc51b1,cell_crops
cell_crops,48c9a3a6-47ba-4eb0-827d-adc813a85705,relative_storage_key,cell-crops/b0a5839c-3668-4411-b590-cc1d8fed470e/bf423fe1-2fc5-4662-9eda-ff1496c1bba9/c2a6cffd-18de-474e-ba04-2bf65b0f4f8c/976413f0-cb49-4094-b416-e4c2173259d7/crop.png,1110,83d543d61b0d73b4423e653858548520eac3d7aae76f2317332717b1f52fb415,cell_crops
cell_crops,48d9d3c7-4fae-4cd8-bf2a-c481e5dbe24d,relative_storage_key,cell-crops/7ef7cff8-899e-428e-b89a-36803c0575b3/04bafb48-259f-4626-82fb-a3359ee3160b/849d1772-b3d7-402e-82b3-2942cd77a889/9bfce53e-d48f-4814-9120-08fe29ad9316/crop.png,3925,9438d38d631a455e94afa9e88429de7b265cd26fa743ecfab04a30c33026316e,cell_crops
cell_crops,48ffb060-3130-49de-b7a8-2fddf8d3fa46,relative_storage_key,cell-crops/54e278de-2381-4a05-8faa-42bf761f6688/50b0884e-ddde-4252-be9d-058151c986c4/f4400105-33b9-4bc0-860b-010b1cf3d386/9bffa3ac-6d21-4f50-978e-e8ff563118b0/crop.png,15485,0d28d1ed98320c37e79a21f8a675cf5fdb5dec358aee67fc7d4c211c1b066d68,cell_crops
cell_crops,491c2236-6c03-4d2b-8247-a1941445cf79,relative_storage_key,cell-crops/7ef7cff8-899e-428e-b89a-36803c0575b3/04bafb48-259f-4626-82fb-a3359ee3160b/849d1772-b3d7-402e-82b3-2942cd77a889/cd6606cd-d5fa-42e9-b211-9eba8cbf4b55/crop.png,14065,ff8754e6e0189de97f7080dc8734379852eb7f2f8f90ee353c98afbdf515a42c,cell_crops
cell_crops,4921afea-d60c-4c55-99e5-e5095c8463e7,relative_storage_key,cell-crops/211b65b9-8b1b-4bc9-bf8e-2572a00a3ecd/85d8a71e-e9ed-4062-a036-52e42dd89720/83b0bdb6-4441-49e8-b6a7-4de634e8d548/81d16daa-9aa6-4fcb-9f80-f96f12154140/crop.png,5827,5753a440e1aac2d83088e12ea3fed497104af73863de537978ca710452e16641,cell_crops
cell_crops,492639de-b31e-4f1c-a5ff-7d00f284086a,relative_storage_key,cell-crops/25afdd28-85df-4a2a-9dab-2727ced6821b/f5668b77-a7c4-4ed2-aade-94bbf92900cf/08cd9b57-9a64-410c-8133-1dbdbf2e697c/83dd924d-ec64-420f-8de5-6488d312b914/crop.png,4234,d166c35d569f16f89a4aa11efe2d8fa6da606aef6ef64baf3391a4373c9f57ef,cell_crops
cell_crops,494142aa-8ef3-475b-91a8-60b333a2e71a,relative_storage_key,cell-crops/25afdd28-85df-4a2a-9dab-2727ced6821b/f5668b77-a7c4-4ed2-aade-94bbf92900cf/08cd9b57-9a64-410c-8133-1dbdbf2e697c/6f80198b-805b-436c-86b7-1aeb65937277/crop.png,1284,3aa98b747201ccc46611158a111b30ebd08c8a7af484520e0da8cdc4675b9c8b,cell_crops
cell_crops,495cf0d7-7e39-4e23-8987-3a5b74e76c92,relative_storage_key,cell-crops/6dede06e-ae61-4920-bb2c-935cde2a5ff5/60bd296d-21d5-4d22-99bc-a023cb410f35/88dc4c92-8367-4c4d-a59b-da86d01b8d82/160bc9eb-e30c-4508-ba1b-0874380cd7d6/crop.png,9890,b08a97d1933ceeaa1bde5b21c633c9d84b27eb6c4c34ead143c433afda9670be,cell_crops
cell_crops,496493f6-0510-4ae7-94ee-277e32018a5f,relative_storage_key,cell-crops/214fd936-3c74-4042-937a-3131ff495bdd/5e7bbe13-3cf2-4c2d-9022-31d242f15fb1/c6a30725-877a-4570-819a-de52a6bcb57d/f20c5723-1642-48e8-813a-7b58dc17aa18/crop.png,9890,b08a97d1933ceeaa1bde5b21c633c9d84b27eb6c4c34ead143c433afda9670be,cell_crops
cell_crops,49871002-2ebb-4a73-8872-1fbbc2814c47,relative_storage_key,cell-crops/e11b10f7-d1c3-4d6a-9e69-a4b6bc1abc46/1db1a505-3eaf-456d-b123-7b9f8ee77762/339d62a6-0363-472b-b2e3-4a7befd2c42f/ca3563f9-5366-4a5e-bd13-9e05d89a6116/crop.png,2407,bbcc9cec2888d0ea0becaa639bcb32cbb6f68d6fb18910094431692a5b960cd1,cell_crops
cell_crops,49ed6c8e-07a6-45de-972d-e78c78e1d43c,relative_storage_key,cell-crops/211b65b9-8b1b-4bc9-bf8e-2572a00a3ecd/85d8a71e-e9ed-4062-a036-52e42dd89720/83b0bdb6-4441-49e8-b6a7-4de634e8d548/5b29ad97-39af-48fb-b9ea-4f0a94206fa2/crop.png,1608,d13f66df3e2f13060b565a9d8ebb348fd22b3878c1fdd19f11815a9a359e7a4b,cell_crops
cell_crops,4a036194-d4cc-4ceb-a71b-1053558b712f,relative_storage_key,cell-crops/7fd7ef40-bc9c-40d1-9e62-62bf0850c6b3/f6e252a5-7924-4e5c-bc63-8b711db60ba0/8a0187a3-03f0-45bd-ac3c-6e47c7999f03/8730aab4-c21c-4ab1-83d7-8b3c8d93498e/crop.png,1110,83d543d61b0d73b4423e653858548520eac3d7aae76f2317332717b1f52fb415,cell_crops
cell_crops,4a27a9c7-349b-421a-8fb3-3895f33e9a25,relative_storage_key,cell-crops/07c71166-93b3-415e-b764-6ca7344238f6/151ee7ee-b609-4e6b-985c-04af59a85470/9c45439d-fd87-46c3-944a-439ab92cbf89/0186c32d-8fa9-4715-9c24-fc7ba8d6115d/crop.png,6408,29a3fb4759da3840ca7c56ac17bb0411e9bc96d39f910c536eb9cb7ef2a8e248,cell_crops
cell_crops,4a3d2c3e-a616-4e03-8552-dbcdae036859,relative_storage_key,cell-crops/b0a5839c-3668-4411-b590-cc1d8fed470e/bf423fe1-2fc5-4662-9eda-ff1496c1bba9/c2a6cffd-18de-474e-ba04-2bf65b0f4f8c/ce0db83a-9e18-4cbf-9ffd-01a37a7183d7/crop.png,24978,4d073f553edad040cc0bf42cfc2cb973450481ae0e207ee2e9e61ff1af2978e3,cell_crops
cell_crops,4a55de6d-c10f-4d4c-a150-f3798e436685,relative_storage_key,cell-crops/8b912699-0346-4eca-9a3f-992922f65702/c5ca90cc-e321-4501-82f3-a2e0ef0f51a7/51a1e5c5-fac7-4ab5-b6dd-bef48d583434/ab453a5b-5ba4-4c81-b5a5-3d78f02fe1ed/crop.png,6917,9eaa30e5e8248300887a4b720091cdf079dfe586eb1f4d4f3e7892a626481f20,cell_crops
cell_crops,4a7e81df-9a57-4c6b-aa37-3a9ee95ff8bd,relative_storage_key,cell-crops/214fd936-3c74-4042-937a-3131ff495bdd/5e7bbe13-3cf2-4c2d-9022-31d242f15fb1/c6a30725-877a-4570-819a-de52a6bcb57d/23eac7e6-bfe1-47ab-adc1-ea269e0cc302/crop.png,4014,ebea0974c1facf5b27bb8e8c5cb6d81887d093b1620db4ff3a5ef500d0329c43,cell_crops
cell_crops,4a8f894a-be53-4fdb-a8db-876896232d00,relative_storage_key,cell-crops/211b65b9-8b1b-4bc9-bf8e-2572a00a3ecd/85d8a71e-e9ed-4062-a036-52e42dd89720/83b0bdb6-4441-49e8-b6a7-4de634e8d548/b5718ecf-26e2-49a8-bcd8-7670a245521d/crop.png,14507,c709766e0da204aab02febcd2e227faff89ae014472c716ed61e4895692eb1b9,cell_crops
cell_crops,4a941df8-405f-4dd8-b7a3-3f676b572e72,relative_storage_key,cell-crops/59a98cc0-24f4-424a-b208-3fe06063fa47/98626a4c-b3fc-464a-a4fe-90bc886c7647/c0a49ec0-99e0-4b2b-a9e4-1e2ec28655a0/f5ef5037-a395-4ef5-8165-ee7f6aa0d659/crop.png,5610,c23ad068250757c27d07e333274db4f5e186d8cc984c956ec5c629a4515670f9,cell_crops
cell_crops,4aa85562-14fb-4395-b80d-3c3c3e2414ca,relative_storage_key,cell-crops/214fd936-3c74-4042-937a-3131ff495bdd/5e7bbe13-3cf2-4c2d-9022-31d242f15fb1/c6a30725-877a-4570-819a-de52a6bcb57d/7f427839-cde8-467d-a89f-5922435472e0/crop.png,12757,3bee1debfd22f0ac93f1cd464f4ea0566d72757de1e6cf7931bca2242116a8ba,cell_crops
cell_crops,4ab719f2-9cc5-4aa2-905f-7162cefc3233,relative_storage_key,cell-crops/07c71166-93b3-415e-b764-6ca7344238f6/151ee7ee-b609-4e6b-985c-04af59a85470/9c45439d-fd87-46c3-944a-439ab92cbf89/214895ce-61e1-4468-a37e-b9d7fca4db11/crop.png,1621,39c059416e6f6df8158939e5c23d4e851344b0b1021c3e4c717e477f6ade161d,cell_crops
cell_crops,4ac5429a-9879-47e0-9fc9-2778019a0e07,relative_storage_key,cell-crops/54e278de-2381-4a05-8faa-42bf761f6688/50b0884e-ddde-4252-be9d-058151c986c4/f4400105-33b9-4bc0-860b-010b1cf3d386/f1aeabdf-234c-45a0-9e3a-467764b5b2a4/crop.png,847,bbe0abadea0e8bd4b9b8380b5230e33e444ad2977daa83577e7ad9b986e8c7a9,cell_crops
cell_crops,4ad5325a-3e95-4d57-a4dd-54a182a66565,relative_storage_key,cell-crops/7a11c0f4-a9d7-4446-a5f2-437ffc334a6c/0ff18f89-6fbd-4755-8e89-15227de46f41/3dca4192-f767-48f3-a7e8-59e22d9db3f9/71920f18-240d-4f48-a50f-163d987a3b94/crop.png,3546,3c21a52361def992a9f40eb5917977c83c8fafc394987e60b0041449c0fd2b02,cell_crops
cell_crops,4aed5a2a-00a6-4700-8f5a-03250dc768d8,relative_storage_key,cell-crops/e109f86a-afaf-4c6b-8831-0fd7fc4fa7b2/2b113263-4ee7-4c87-a4d5-c689a43626bb/5b7cb03b-f0e6-42de-9aba-d4fb3757ad09/5b853b46-aff4-4547-8a6a-605672e121b1/crop.png,5552,19caa8c3e5df2b32f0bb3ce21e0a8f921bbf4199b5e250e56ac251a478db58b2,cell_crops
cell_crops,4b037647-bbc6-4545-96a6-64dbf7a073be,relative_storage_key,cell-crops/1c49de91-f3ba-4794-8cbd-62bc966049c5/1007bc39-4bca-4a32-9069-5c8180b174db/cdcfc6c7-12a5-4405-8fb1-213826f88d05/8423df82-14b1-4128-8001-38c1712f6e1c/crop.png,6498,7ac9a50b0ae1c7265e6e6a61616cae8b9a7e25b7e4be3030c470b5eee025476a,cell_crops
cell_crops,4b190f92-bb28-4714-a32c-601c34879286,relative_storage_key,cell-crops/c9a6b7af-881f-47da-980a-1a2c2b743a1c/03505d0f-434b-48ac-ae42-76750f4fbc1a/a0889d56-1430-4a7f-b67c-e21291ac9ed7/525bf33b-4289-4e4c-8d90-4630b03114d5/crop.png,5226,ce4eb07b256a6a0bf9c585e6c82389539030a3bac4c4876dda9b625f90029ca0,cell_crops
cell_crops,4b21a87e-2dbb-4f0c-99d0-976e6f5fc908,relative_storage_key,cell-crops/72906de0-83a0-4e98-940e-735fe5fb2363/c3c7a47a-b9d7-41c8-a8db-3269a23bca95/452e4d39-1e65-4a32-8a6a-e88382ac7aa6/838bdb9e-7309-4f76-9f07-f6b412d6bdb7/crop.png,5380,3c3aa3a1c5079a0314e53797fea2f4d2dfeab8e51a3025f92c9b1eb279069d12,cell_crops
cell_crops,4b2c5f6f-0e26-4ea8-8f18-8d4d99368c20,relative_storage_key,cell-crops/211b65b9-8b1b-4bc9-bf8e-2572a00a3ecd/85d8a71e-e9ed-4062-a036-52e42dd89720/83b0bdb6-4441-49e8-b6a7-4de634e8d548/9a384e84-dcdc-4094-bb24-6b46d927e174/crop.png,1516,a21e3b44dcee0b65f4e8a9b445a184767dcd470de3aa412806758985f8c46925,cell_crops
cell_crops,4b39ca0c-07ba-4305-9400-65b829042d80,relative_storage_key,cell-crops/7eba770f-f337-4ed5-b174-fb4c18baaae5/0074b7b4-1a21-4123-9fb0-7a7e78c65792/6a4c1def-59d7-4111-8a64-9cfb8e00ba8f/ee8b84af-4a14-4030-b325-5be7d995784a/crop.png,5579,d1d41ec28d1d1445990a14e65b962edd790221d279859cd7883c6e726f599f51,cell_crops
cell_crops,4b8a791d-cfe1-48d5-ad05-20689dcb8ff1,relative_storage_key,cell-crops/211b65b9-8b1b-4bc9-bf8e-2572a00a3ecd/85d8a71e-e9ed-4062-a036-52e42dd89720/83b0bdb6-4441-49e8-b6a7-4de634e8d548/bf0f5e81-a0d9-48ef-a04a-b0fccecf86c1/crop.png,8384,f5f70b1582dd9daae20db134ceb5b4c4c0000f74899c4d243fbe016df93c5c56,cell_crops
cell_crops,4b8abd4e-6c0d-45c1-9f17-f3f07571e239,relative_storage_key,cell-crops/5d9ca4e3-60b1-4a9f-aba0-8a5edd13510a/3f2dc1d9-eb62-44b3-a325-2d8db65a585c/0c7ee510-e240-4b6f-b8bc-352c4dd9aa20/6368ccbd-6748-4d5b-a1a2-66d3d0f7ce7c/crop.png,9262,2192c61a82cda81cc0aed73534931b2814be90399c81711b86c60b6078122388,cell_crops
cell_crops,4b8fae44-81db-4bb9-a4b1-45c7deaad48d,relative_storage_key,cell-crops/7fd7ef40-bc9c-40d1-9e62-62bf0850c6b3/f6e252a5-7924-4e5c-bc63-8b711db60ba0/8a0187a3-03f0-45bd-ac3c-6e47c7999f03/6a06cdb3-fe60-40e2-a229-803a976d8c3f/crop.png,5432,0f871b4585c19cfe2a343dc556035712a8f224a9c2ce0e7dfd4d99f6b98e45cf,cell_crops
cell_crops,4b932e3a-1d5a-4c29-9479-f699f545a8de,relative_storage_key,cell-crops/e109f86a-afaf-4c6b-8831-0fd7fc4fa7b2/2b113263-4ee7-4c87-a4d5-c689a43626bb/5b7cb03b-f0e6-42de-9aba-d4fb3757ad09/be762c0c-9987-41ba-80b6-43fc16276816/crop.png,3889,bfe1df2fc5ee234d4a6ccf6e82f79f08e92da0dca2a768edfb50d3c321f57d09,cell_crops
cell_crops,4bad17db-8ae9-445c-8c22-af0e957e26e8,relative_storage_key,cell-crops/ba5fc281-07c1-46ca-8091-0c13e6753aa4/d33fb4ff-3366-4fff-9806-8ab03314dbd1/18b27447-aed7-42fa-9142-4bab96366973/1b669d6d-235e-4371-b7fc-6db7e4b63aa9/crop.png,7465,574196bb245dbf555244bf00a5488721d803d0ba064f7a436cd6a8553ac131c6,cell_crops
cell_crops,4bec11b2-fafc-4e51-bd25-ebc76610223b,relative_storage_key,cell-crops/d28e9146-5ad9-4df7-8af4-1b8901780c2b/f196b05e-1e21-41c5-8292-1c802004009a/6948fa72-3ff5-45bb-beb5-8ae3bba8b6d6/d6cf7fa9-cacc-4727-808a-d48a8bfaefc2/crop.png,3612,24f31221471c63c60c24dce6039f6da36cf4a67ef5905a7dc7d8846368300251,cell_crops
cell_crops,4c10e55d-7d24-4d68-890f-097526c10102,relative_storage_key,cell-crops/93807208-985b-4d70-bb43-c7843db4141d/f4a29ede-288f-42ba-abf0-32395606ffc4/8d3b080d-2f56-4175-b76a-dc309555e9de/d10d5d6b-6415-4e30-bae0-b8b66c71d77f/crop.png,5069,8bad531012ee55002083ce71c8153cea753d49e8f24e256318377032b8dcbc3d,cell_crops
cell_crops,4c148f67-efd7-4ea9-9709-f863ba66acf8,relative_storage_key,cell-crops/211b65b9-8b1b-4bc9-bf8e-2572a00a3ecd/85d8a71e-e9ed-4062-a036-52e42dd89720/83b0bdb6-4441-49e8-b6a7-4de634e8d548/b8b1e001-b3c3-42b3-a3b6-7c7d5c98550b/crop.png,6462,6ced983cefb8c65260c3c9575aed2b0b174814c7b35edc2c89ce86a54fd53be7,cell_crops
cell_crops,4c269b64-79b7-4ea6-a913-7e421cba3c66,relative_storage_key,cell-crops/52c4864d-1788-41db-a1d2-883ce7d83a58/490887fa-b3af-4136-85dc-8ae66e413acd/bf339bce-cffa-48e9-a044-4b9df2cc36b4/ec17dd64-a889-4191-b560-6b50e018b771/crop.png,3376,deb6d47fd59cc0ab72629c1101ec1a4c512d600ae4e0d5f0ff18e37353fba9be,cell_crops
cell_crops,4c440a70-774d-4280-bd7a-381a5ca0342b,relative_storage_key,cell-crops/9696ad8c-6c01-439f-afa5-29d7f5234348/c6ffc450-182b-4d59-bf0d-1090bd076903/dd3b1716-0bb9-4523-9fa9-61bc274925d8/8268ac1f-78d6-474e-a6a4-3bae23f9ea72/crop.png,3979,07694ad338b1bbdb8341833011ce1015fb784a57998af1a6320b57c28226c432,cell_crops
cell_crops,4c589575-8fa0-46ac-bdaa-fee206c86fc9,relative_storage_key,cell-crops/54e278de-2381-4a05-8faa-42bf761f6688/50b0884e-ddde-4252-be9d-058151c986c4/f4400105-33b9-4bc0-860b-010b1cf3d386/72cfde9f-c3f2-489d-98a9-8bdcc8922331/crop.png,5827,5753a440e1aac2d83088e12ea3fed497104af73863de537978ca710452e16641,cell_crops
cell_crops,4c64ef83-f7c7-4464-b5ee-bffd9d0e193f,relative_storage_key,cell-crops/5f35abbf-10da-4c5e-b4d7-0b2e59de51f2/99ac88d3-5c9f-4fc3-8d6a-abadae1ee80c/b0ad2c3c-3de1-4628-bf32-d60536a0da80/f2021042-eee5-4ab0-b32e-23e6bfa8248d/crop.png,5023,6c78ab95a52f1f3def0768a6a1797b8ae2adf74841b948b4105f7a14a60f81d6,cell_crops
cell_crops,4c68fa7c-e0ad-4885-8236-2f4106acfa27,relative_storage_key,cell-crops/121a69bf-ba23-4014-892b-158b9c2b71a4/aa1323a6-7f80-4e1e-819a-ec182f045f3d/97fb12a0-df7f-455f-8e13-e0383ad3934d/ab0391c2-5daf-4a70-8a2f-5b47ebb48905/crop.png,2437,a34b370632529db22a8e54554fbbbf27e2b3a6b5781f40e567f19a887613afa1,cell_crops
cell_crops,4c701204-a827-4314-bce6-be7f3df1392f,relative_storage_key,cell-crops/07c71166-93b3-415e-b764-6ca7344238f6/151ee7ee-b609-4e6b-985c-04af59a85470/9c45439d-fd87-46c3-944a-439ab92cbf89/64a85aec-09bf-48b1-a614-8780d5e00a6c/crop.png,1353,845808b4d8b6337a93d7b4448f67a7447e774aec4f11f5b70492cd60e21078b6,cell_crops
cell_crops,4c8a4bc3-6669-4457-9000-69c2e7f0923c,relative_storage_key,cell-crops/4383bcb6-1595-4b3c-9c6f-ced12863a762/f6d15c09-591e-4808-aff5-02f7c8c4d239/25a1a8fb-90d3-4cfb-b43b-20ee3b4b7788/940c91cc-c6bc-4ba0-aaed-9b72a5f2e352/crop.png,7411,9590e33a449bbd803184173a0fd73a27f333e6a17e39133183152fb58b7891eb,cell_crops
cell_crops,4c98bc94-4868-4f61-bf0d-f9b21885e58f,relative_storage_key,cell-crops/aac2f7a6-e279-42c1-8035-33134bfdf3eb/881590dc-6d13-4137-ba82-d28d2ed5199a/34070251-bc08-40a2-b33a-35ad175a7189/1b322958-b32b-451b-bc84-5e8daf8f09d6/crop.png,8217,da714960b45e9b7278075d0cfc44052c5f7a4a4fd72f8fdf89463baa31cda780,cell_crops
cell_crops,4ca710e4-2fca-4edd-bf45-1653501fda95,relative_storage_key,cell-crops/7fd7ef40-bc9c-40d1-9e62-62bf0850c6b3/f6e252a5-7924-4e5c-bc63-8b711db60ba0/8a0187a3-03f0-45bd-ac3c-6e47c7999f03/77fe46d3-62f5-45f8-883d-84503d2162de/crop.png,2098,bf5f4e06ce83de76daefa5bbaa5c2298d51a42c02da68568e92987d56b4f0a01,cell_crops
cell_crops,4cdbaab2-d1f2-4423-aecd-9182772ae284,relative_storage_key,cell-crops/7fd7ef40-bc9c-40d1-9e62-62bf0850c6b3/f6e252a5-7924-4e5c-bc63-8b711db60ba0/8a0187a3-03f0-45bd-ac3c-6e47c7999f03/8bb9293e-ecf1-4cb6-b28c-2f43c679e1d2/crop.png,10587,e07e85c11191b0bb2707e4ebea4c01fed11a5dd7f7c0c2d9fdf55bd3ae7eb365,cell_crops
cell_crops,4cdbab14-02c9-4ce6-b056-505a9c8bc1ca,relative_storage_key,cell-crops/7ef7cff8-899e-428e-b89a-36803c0575b3/04bafb48-259f-4626-82fb-a3359ee3160b/26ddb17b-1b89-4301-8f40-011ccf0f40dc/9afb2a01-1f90-4269-8afe-2dd0fdd865e9/crop.png,7464,af6e72b5825c174b6e5216a13c15b6d4886bbe653aed14943692415e2cf39114,cell_crops
cell_crops,4cf2ef43-0d25-4d52-82eb-88caba9613e1,relative_storage_key,cell-crops/211b65b9-8b1b-4bc9-bf8e-2572a00a3ecd/85d8a71e-e9ed-4062-a036-52e42dd89720/83b0bdb6-4441-49e8-b6a7-4de634e8d548/0e43816f-b4f2-4f91-98ad-6cf261b47f6b/crop.png,1516,1583f4245f28f112218b994ae6d8ffe640e51273330d8d4a437f9d131303e61b,cell_crops
cell_crops,4cf4fb74-f5ab-405f-b941-2323a6f6f845,relative_storage_key,cell-crops/1c49c468-795c-45ed-98a4-e3670ddd5182/2f40a287-e0d5-4ab9-919e-a1ddfe57b9bd/2ac85463-e0b3-4c27-bb72-7ffdae1f53ab/79bd5ec9-ad6f-4028-a0a3-04bc08cd8721/crop.png,7410,44f2d772357ed340dba59520d28902b7da520f3d873c1b780bf0e81ae9ffa3e2,cell_crops
cell_crops,4cf561e1-8d63-4f78-9d87-6954e290e37b,relative_storage_key,cell-crops/5d9ca4e3-60b1-4a9f-aba0-8a5edd13510a/3f2dc1d9-eb62-44b3-a325-2d8db65a585c/0c7ee510-e240-4b6f-b8bc-352c4dd9aa20/f019fb44-8d46-4ffa-a4a9-4cb4f1d5b760/crop.png,3994,154452a953fd545726af5465e9309d9ad2dc2339c7397810efbc00b1f91fbbfd,cell_crops
cell_crops,4cfb5fbd-b2d7-402d-b32c-a9644f1e23dc,relative_storage_key,cell-crops/ae68a99c-11f7-457a-88f8-3cef9a144958/618af6de-bfab-495e-8634-e484d620ee21/650c7580-8b2e-4bc4-88e8-bf03c5bb423d/34ed640e-4037-4d7d-a654-dac2bbc90f43/crop.png,1517,10052df41eeb03b6463d4eec2d11092964450f455ee5342bb47a2cf321c82dad,cell_crops
cell_crops,4d000ca3-2690-4e78-b749-c69b7a24bfce,relative_storage_key,cell-crops/52c4864d-1788-41db-a1d2-883ce7d83a58/490887fa-b3af-4136-85dc-8ae66e413acd/bf339bce-cffa-48e9-a044-4b9df2cc36b4/2c116d3e-ceec-41aa-89f6-9bd567341c17/crop.png,698,47fce6a518904a570ef30de634d404c891823d6ae79724d510297be3aee51956,cell_crops
cell_crops,4d3e9b2d-0885-462d-8e49-006a09d982be,relative_storage_key,cell-crops/6dede06e-ae61-4920-bb2c-935cde2a5ff5/60bd296d-21d5-4d22-99bc-a023cb410f35/88dc4c92-8367-4c4d-a59b-da86d01b8d82/80148d64-8b9a-4bf0-867a-7a96cd7e484c/crop.png,7027,44125c981ae2947147a0e6b0e12432ab897312f4a36befad02a48a01e01f0ce9,cell_crops
cell_crops,4d7974f7-59fe-401e-ac5c-6e6358852445,relative_storage_key,cell-crops/c9a6b7af-881f-47da-980a-1a2c2b743a1c/03505d0f-434b-48ac-ae42-76750f4fbc1a/a0889d56-1430-4a7f-b67c-e21291ac9ed7/532d2ab4-e62e-40c9-8120-e0907c501e4a/crop.png,2738,fcdee09d9cc07f959a6158084e75424fbf5b54ba3cee237060ca2806cc034c9d,cell_crops
cell_crops,4d8be717-bb05-4145-a4a1-1b165867fbcf,relative_storage_key,cell-crops/b0a5839c-3668-4411-b590-cc1d8fed470e/bf423fe1-2fc5-4662-9eda-ff1496c1bba9/c2a6cffd-18de-474e-ba04-2bf65b0f4f8c/ae7fc27b-1bb2-43c8-b6b7-6b57105de0e9/crop.png,1654,987cc1357a5d45d0df8c1dfd2ad6d4719f361d7be93ddcbb396c7d43296ca4af,cell_crops
cell_crops,4db36b8c-af17-4732-82b7-074b6714bb29,relative_storage_key,cell-crops/ae68a99c-11f7-457a-88f8-3cef9a144958/618af6de-bfab-495e-8634-e484d620ee21/650c7580-8b2e-4bc4-88e8-bf03c5bb423d/32f86cfa-f0e5-49af-8d27-ab5931e9c41e/crop.png,7762,1ca7326ba0df6893b1ff87440df9df872fc0c0abc1a06bf5a875b9ac793c09f7,cell_crops
cell_crops,4dc76b8a-822a-411b-b255-699420320242,relative_storage_key,cell-crops/7eba770f-f337-4ed5-b174-fb4c18baaae5/0074b7b4-1a21-4123-9fb0-7a7e78c65792/6a4c1def-59d7-4111-8a64-9cfb8e00ba8f/57154395-fcd7-4e75-8f31-2029c81f9a1f/crop.png,4389,f64dcae0b2f5385f045664b24ce40441ec94c22ee10e8c42d56596be8bef5f9d,cell_crops
cell_crops,4dd95046-9a20-4f86-8d1e-fdb174f2f8ab,relative_storage_key,cell-crops/e11b10f7-d1c3-4d6a-9e69-a4b6bc1abc46/1db1a505-3eaf-456d-b123-7b9f8ee77762/339d62a6-0363-472b-b2e3-4a7befd2c42f/61fd8991-5463-4f58-b5cd-ffc286476c2d/crop.png,1410,72f74fb0abe6a45fb17b76327cd36a29c6b1e9c69b39498640f403b8cd5aace4,cell_crops
cell_crops,4de17ab8-8a5f-4d1f-a451-702d4732853b,relative_storage_key,cell-crops/25afdd28-85df-4a2a-9dab-2727ced6821b/f5668b77-a7c4-4ed2-aade-94bbf92900cf/08cd9b57-9a64-410c-8133-1dbdbf2e697c/3472b9af-fd59-41de-89dc-43745004a165/crop.png,1662,df1f30bc1c1ec36c79b53af0e3968d5213a1d3ad8bcfdfe71201a5575cf72034,cell_crops
cell_crops,4df2148e-4eef-4f3e-8523-9047b3a1c777,relative_storage_key,cell-crops/5d9ca4e3-60b1-4a9f-aba0-8a5edd13510a/3f2dc1d9-eb62-44b3-a325-2d8db65a585c/0c7ee510-e240-4b6f-b8bc-352c4dd9aa20/2900d99c-0a2a-4c5b-97f3-72b36b64c7ae/crop.png,9050,bd55bf35ca5b85429069d296ab8650d67e87f1cbead182af287f03b6370f5575,cell_crops
cell_crops,4dff656a-5a52-4bb8-ab80-ded39b5de5a4,relative_storage_key,cell-crops/7eba770f-f337-4ed5-b174-fb4c18baaae5/0074b7b4-1a21-4123-9fb0-7a7e78c65792/6a4c1def-59d7-4111-8a64-9cfb8e00ba8f/7e65735c-32fc-4169-9d59-a03cb97b0e6f/crop.png,5144,87cbb342c1486dfba574827201bf3e1e9ccfe3ca565f3171b81d7d8f39f5cf3a,cell_crops
cell_crops,4e1965ff-908e-4154-ae3e-ddaf1c4f4754,relative_storage_key,cell-crops/7a11c0f4-a9d7-4446-a5f2-437ffc334a6c/0ff18f89-6fbd-4755-8e89-15227de46f41/3dca4192-f767-48f3-a7e8-59e22d9db3f9/ae9fcf91-d406-453b-a022-6d3331752a91/crop.png,4058,f4f0eefb745026bacb8a249c1f052eb69802fc8e83552fe49bfebc38b5c796df,cell_crops
cell_crops,4e280258-2bbd-413f-91ef-a73e0e875d97,relative_storage_key,cell-crops/7fd7ef40-bc9c-40d1-9e62-62bf0850c6b3/f6e252a5-7924-4e5c-bc63-8b711db60ba0/8a0187a3-03f0-45bd-ac3c-6e47c7999f03/828c284a-5d4b-4efd-a8fa-a5394578add2/crop.png,1055,d9cfd009957a476c57b2250203526206eef711cfc01b430c3a809814506de61b,cell_crops
cell_crops,4e5fdebe-28fe-4da2-b98d-cb5c75200242,relative_storage_key,cell-crops/7ef7cff8-899e-428e-b89a-36803c0575b3/04bafb48-259f-4626-82fb-a3359ee3160b/00b8d663-89b1-4dfe-8f8f-9a01bca4688b/6857ca66-90b8-4db0-9d53-e3992de4edc0/crop.png,4759,99e8abdab377a29740ef056b9b90beb15613c1349e70053a39e5ade4d6a6ddea,cell_crops
cell_crops,4e6d4ca0-ea77-4a74-9362-16110593c47f,relative_storage_key,cell-crops/72906de0-83a0-4e98-940e-735fe5fb2363/c3c7a47a-b9d7-41c8-a8db-3269a23bca95/452e4d39-1e65-4a32-8a6a-e88382ac7aa6/1eb892f4-0cf6-4f52-83f9-2039d0652252/crop.png,7243,b7a7efad91b1bf2bd8b7f92d79aaa0ac55530dd1f0e9220b224507564e450c70,cell_crops
cell_crops,4e946179-98cf-4e9a-946b-543ba889ece3,relative_storage_key,cell-crops/e109f86a-afaf-4c6b-8831-0fd7fc4fa7b2/2b113263-4ee7-4c87-a4d5-c689a43626bb/5b7cb03b-f0e6-42de-9aba-d4fb3757ad09/5af4789d-bda4-4268-9175-a22eebdcdea0/crop.png,4008,e7d00cc50070053ec4e81f88460155bb43ac7cfd79ef3e86b8e7175bc77a5782,cell_crops
cell_crops,4ea1b81f-35a0-454e-94c1-e3ae203851b1,relative_storage_key,cell-crops/8122e340-548f-40df-9dd4-ed43859605ff/ed18ce4e-6fb0-4f1f-b313-c9d76617210c/8cb2cae1-c3e1-487c-a274-4385f339dded/e143eef4-e375-4160-b334-0c237766e1bd/crop.png,6727,3adc48cb2cfbbb81425f9c52b64719e582974a5a05bc4be0ab962ac4c0720a9f,cell_crops
cell_crops,4eab8c60-4bb1-4880-ba70-b67f3eda861e,relative_storage_key,cell-crops/1c49c468-795c-45ed-98a4-e3670ddd5182/2f40a287-e0d5-4ab9-919e-a1ddfe57b9bd/2ac85463-e0b3-4c27-bb72-7ffdae1f53ab/4d438aba-2d12-4f04-9494-75f76936d81c/crop.png,3143,8a8f7c1a2a97cebf77809c1d4d554eac21985b6dd955fb34274e4695bc587317,cell_crops
cell_crops,4ec83d05-46d4-495b-86a9-441ed979c62a,relative_storage_key,cell-crops/07c71166-93b3-415e-b764-6ca7344238f6/151ee7ee-b609-4e6b-985c-04af59a85470/9c45439d-fd87-46c3-944a-439ab92cbf89/9e12b9db-cc20-44ef-b36c-5544828e52ea/crop.png,2973,14caf82f6d203b89cc443d496ee0c3fcb72267c44be51011d891b5b80733e089,cell_crops
cell_crops,4ed145e0-f682-4f0a-8b7d-4558ccd4ce0a,relative_storage_key,cell-crops/3a33d13c-ff5b-46ba-94b4-0710e5185301/a78dd7b0-8ddc-4cd7-bc5a-241f8b427de6/7ba97fb6-e951-4c3b-93d8-3958918f513f/4d69a6dd-f917-4c05-abad-d6ba4d0c911f/crop.png,4115,f08730a42cc3835638d594a9b1adf9e3120e9c8e04170d0110c4a7c28ac7b35d,cell_crops
cell_crops,4ed8be9e-3a2f-4cc6-b209-cef6a139e35a,relative_storage_key,cell-crops/72906de0-83a0-4e98-940e-735fe5fb2363/c3c7a47a-b9d7-41c8-a8db-3269a23bca95/452e4d39-1e65-4a32-8a6a-e88382ac7aa6/7a3a807c-b8a3-49ca-8864-5c0f99850d94/crop.png,4139,aac3f4a5fa669ee951a7155325e676cda5725343220489118b579061f21b6a3f,cell_crops
cell_crops,4ef16f0e-a062-47ef-a86f-c1d12050d0d8,relative_storage_key,cell-crops/05b33155-8921-4eb9-9920-af67decfe454/6278de2c-44dd-4a75-aca2-9708e58437ba/92e2e64a-1c82-402b-b24d-75d43d50a17f/be7643c6-3c9d-49b9-9280-8472351dcaa7/crop.png,3781,a401741bacee8557cf51af4dc12948e63a0350c571d6fa1be1c1ea7581894306,cell_crops
cell_crops,4f210e52-b2dc-4a92-aa0e-128b756e35b8,relative_storage_key,cell-crops/b0a5839c-3668-4411-b590-cc1d8fed470e/bf423fe1-2fc5-4662-9eda-ff1496c1bba9/c2a6cffd-18de-474e-ba04-2bf65b0f4f8c/c26ed1e3-b09b-4997-a519-b7faa6ab741f/crop.png,3651,8c38967b419fb90bbd6eeadc7af41581d4bdd8316fa06ca6a72358930c54680a,cell_crops
cell_crops,4f30eff2-c999-4461-bdbf-15ae5fec658a,relative_storage_key,cell-crops/4e1ca921-c5c6-4d89-b035-2d7dd99040d5/b9f975b3-7cd8-4b9a-a2cc-1bd9a76d924c/dc6df3c3-f03e-4261-bd4c-a2df5e0f0d88/c6f0880e-aea2-4a21-981e-479edb338540/crop.png,1510,c44ec853f729e90bd36b2da025e958b788cc5c6343127fa38edd5a7d5aec2a05,cell_crops
cell_crops,4f49234e-953e-46e0-a0a8-85f02477e4de,relative_storage_key,cell-crops/4e1ca921-c5c6-4d89-b035-2d7dd99040d5/b9f975b3-7cd8-4b9a-a2cc-1bd9a76d924c/dc6df3c3-f03e-4261-bd4c-a2df5e0f0d88/370830d1-b161-4776-8e9c-987547e753d8/crop.png,1206,0d0487c335e7ff8cb353cd5c3206337fa10d8cb701d0d9618daa8f3e2aecb0b8,cell_crops
cell_crops,4f71f0bc-276d-41b3-9de2-7bea7ae53f09,relative_storage_key,cell-crops/e109f86a-afaf-4c6b-8831-0fd7fc4fa7b2/2b113263-4ee7-4c87-a4d5-c689a43626bb/5b7cb03b-f0e6-42de-9aba-d4fb3757ad09/f5a0c124-3abb-4d07-ae30-ed828341c7ec/crop.png,3225,f4ef3df75833c77833b50f983fe3f83f61994b3e6f7be4595d3272fc2e2f65fd,cell_crops
cell_crops,4f780905-46cf-430d-a99d-c8c4755edd7e,relative_storage_key,cell-crops/39265da0-dd1a-4f17-89aa-1e661f9c473f/72553654-6802-48a4-964a-3fa748870a05/afee46ec-494f-4fe6-be85-353a4cfc0b56/da87cf34-ea0b-4231-80f1-76a70c5f5278/crop.png,9734,79bb6367aa1442990afbae38c40e02bec11c81bd99f168c30401a6f3fb0a4e32,cell_crops
cell_crops,4f796496-c90a-4b54-aa39-634b5edb6963,relative_storage_key,cell-crops/52c4864d-1788-41db-a1d2-883ce7d83a58/490887fa-b3af-4136-85dc-8ae66e413acd/bf339bce-cffa-48e9-a044-4b9df2cc36b4/5b04ee31-11fe-40cc-9f80-45b0de87c5ba/crop.png,1960,c8b496593b9f8dbd2d64d9d045b278d3fa9a755e521aa19a73a27bdb62ce042f,cell_crops
cell_crops,4facdb3c-f93f-46c8-b132-461220a6c0b0,relative_storage_key,cell-crops/3a9a3ddd-a6fb-43b7-98e8-82fe65649b10/69a3938d-51bb-45d7-928d-1b35d46634bb/ea56489d-de29-4bcd-bf1e-16e83feedee6/1884db8d-3309-45df-98fa-54db9f205726/crop.png,5817,76ea6e2a79aa2d762cef98cfdf26e5c63c1174394d0824fad3a9236a3ac2304a,cell_crops
cell_crops,4feb56d8-361a-46f5-8885-bed816917773,relative_storage_key,cell-crops/4e1ca921-c5c6-4d89-b035-2d7dd99040d5/b9f975b3-7cd8-4b9a-a2cc-1bd9a76d924c/dc6df3c3-f03e-4261-bd4c-a2df5e0f0d88/40b853c8-2c26-4308-90af-438aa13ed4f4/crop.png,1502,30b8d7a02cd0236c6daf0092ee5b85cbf967ec9f5f16a04004008d983f68c9eb,cell_crops
cell_crops,5046b41a-28ea-4f7c-ab78-85db8b5bd9e1,relative_storage_key,cell-crops/e11b10f7-d1c3-4d6a-9e69-a4b6bc1abc46/1db1a505-3eaf-456d-b123-7b9f8ee77762/339d62a6-0363-472b-b2e3-4a7befd2c42f/ce7459b5-a916-442a-87f3-5a6b27c48581/crop.png,1338,8339a697fef6aa3935b4184f7b976d00e58db288bba234b6fba3663099c14b12,cell_crops
cell_crops,50897d1a-9aba-4df2-a504-c367f0393391,relative_storage_key,cell-crops/8b912699-0346-4eca-9a3f-992922f65702/c5ca90cc-e321-4501-82f3-a2e0ef0f51a7/51a1e5c5-fac7-4ab5-b6dd-bef48d583434/e08eea80-7266-4bd1-ae33-bbaaa1d99b4b/crop.png,4075,d10f5ea0b16d6c3ba774e2b3fc3ef8a58a20b4d0a335e66da354f4397be4b260,cell_crops
cell_crops,50940a1a-3430-416c-b078-77ba405877f4,relative_storage_key,cell-crops/7eba770f-f337-4ed5-b174-fb4c18baaae5/0074b7b4-1a21-4123-9fb0-7a7e78c65792/6a4c1def-59d7-4111-8a64-9cfb8e00ba8f/81083340-2889-43a4-ae11-e2f558bf3721/crop.png,3792,62b16ec02e893f1caa2bdb459fb1c3185c96caad9c721dd381d9e3047bb9659e,cell_crops
cell_crops,50cbd30b-ac77-4d77-a977-30c2d0f3bd4f,relative_storage_key,cell-crops/5f35abbf-10da-4c5e-b4d7-0b2e59de51f2/99ac88d3-5c9f-4fc3-8d6a-abadae1ee80c/b0ad2c3c-3de1-4628-bf32-d60536a0da80/df08e3ae-07f3-42a8-9264-0f1387ff844b/crop.png,3174,c00fa65a6577a332231f3071ae0d14d932b443d0a34931954168b0a16850e93b,cell_crops
cell_crops,50eda078-4f69-4774-9999-737f410d9b02,relative_storage_key,cell-crops/c6209893-144a-447d-a436-fe89fc140cee/f088ac8e-c214-474d-837d-53532f4ef947/43249c8b-9008-49c9-8246-2b24989143a2/a31a19e4-b15b-4f3b-b971-fa1b57b1a01b/crop.png,5037,03e4c28e65e996a177082149515b7e9647db7c07907f388635af76c8e34abd9e,cell_crops
cell_crops,5103815d-287d-4f83-abfd-c40d8c6c8134,relative_storage_key,cell-crops/05b33155-8921-4eb9-9920-af67decfe454/6278de2c-44dd-4a75-aca2-9708e58437ba/92e2e64a-1c82-402b-b24d-75d43d50a17f/121cc821-85ce-487e-a080-bec9e616c22b/crop.png,3674,7e392bae231fc69610ef38cd277f37621a0bb098808fc1a14217cce9386dac05,cell_crops
cell_crops,51052a97-b446-45b6-8839-014ade8103a3,relative_storage_key,cell-crops/72906de0-83a0-4e98-940e-735fe5fb2363/c3c7a47a-b9d7-41c8-a8db-3269a23bca95/452e4d39-1e65-4a32-8a6a-e88382ac7aa6/66b0d457-d51f-4895-81f0-6ab5c4aa6944/crop.png,3632,d861bdb3840546caba3f64b4f4feabf5af8f23b2724e761a3f279e77f0517d03,cell_crops
cell_crops,512516e7-b53c-4a74-af74-dcd016689b68,relative_storage_key,cell-crops/3a9a3ddd-a6fb-43b7-98e8-82fe65649b10/69a3938d-51bb-45d7-928d-1b35d46634bb/ea56489d-de29-4bcd-bf1e-16e83feedee6/5eb6c9d0-cae9-4157-a1f8-a59c9a05f8dc/crop.png,6155,a485e36824a3f5db6c6a66193e0f5e78949db53d7c8148e241fa46000e4baa42,cell_crops
cell_crops,5146ea50-f623-41cc-9a1a-3c3ef94e6951,relative_storage_key,cell-crops/8122e340-548f-40df-9dd4-ed43859605ff/ed18ce4e-6fb0-4f1f-b313-c9d76617210c/8cb2cae1-c3e1-487c-a274-4385f339dded/6ca5a8e5-d5fa-44e6-8bf9-06e69a65b6ec/crop.png,2813,e4f7bec03b9f9174c13d46a0cd5def81f6441168ac533faa5464b22f333f4d58,cell_crops
cell_crops,51509a6e-fa9c-4800-b1e7-2c850049b140,relative_storage_key,cell-crops/07c71166-93b3-415e-b764-6ca7344238f6/151ee7ee-b609-4e6b-985c-04af59a85470/9c45439d-fd87-46c3-944a-439ab92cbf89/1593d285-8f69-41be-a609-f29ca1c9f2e8/crop.png,1486,b6da1822f529c6e3397ea91ed03906d3fa5ac1c472842cbb7d7b7df30d1e8194,cell_crops
cell_crops,5167e7c9-d5bb-4ebb-9fd5-ef2f99171045,relative_storage_key,cell-crops/c9a6b7af-881f-47da-980a-1a2c2b743a1c/03505d0f-434b-48ac-ae42-76750f4fbc1a/a0889d56-1430-4a7f-b67c-e21291ac9ed7/daac83e4-2154-4ac8-93ff-892715501751/crop.png,1606,95709358b5eab3d66c9978d263c12865a18f9547c55e602e3c5340d11eb9cea4,cell_crops
cell_crops,517968d9-b24e-4b28-a1b8-a270f43a95e1,relative_storage_key,cell-crops/5ad2e702-acee-4f0a-9a01-8a2ba6b24733/1abc6f5a-ce2e-4d43-a7b2-9323cf7efa1c/13514ba4-7c6f-40a0-a6d6-573684da9510/31b77030-5c1e-4439-a60c-24e9c2a8688c/crop.png,4303,7313e6457a91552ab999fec6bae568e58049c77682e8d3fd872365a728d46243,cell_crops
cell_crops,51947d09-f83f-4e47-a9f9-86e3e8654273,relative_storage_key,cell-crops/7ef7cff8-899e-428e-b89a-36803c0575b3/04bafb48-259f-4626-82fb-a3359ee3160b/849d1772-b3d7-402e-82b3-2942cd77a889/c24b06cc-cb0d-4b94-aa84-c837690c99aa/crop.png,4639,6c571086d5bb76820869ffa2f4c1931f4191c8c6371f3775329a7ec5d83037a8,cell_crops
cell_crops,51a43eae-0071-4a5d-a3f6-fb41a1c4e9df,relative_storage_key,cell-crops/25afdd28-85df-4a2a-9dab-2727ced6821b/f5668b77-a7c4-4ed2-aade-94bbf92900cf/08cd9b57-9a64-410c-8133-1dbdbf2e697c/c6c91fd0-93b3-42f6-bc77-b7669f7b4e62/crop.png,1179,ccbbbea36084943398674cceb925896a8d158db7399eed64082376c375d8b57c,cell_crops
cell_crops,51ade14d-b15b-4e73-9636-52ff42d8d0a4,relative_storage_key,cell-crops/b0a5839c-3668-4411-b590-cc1d8fed470e/bf423fe1-2fc5-4662-9eda-ff1496c1bba9/c2a6cffd-18de-474e-ba04-2bf65b0f4f8c/e4b2955e-f5e0-476f-b9c3-bb938a4a6c3b/crop.png,1479,3f831aa05c0282efffd7ef7394ffdcb4e7167697fd25f32e6c2d98294bcdaaff,cell_crops
cell_crops,51b362fb-bc4e-449e-89e2-4ff8d4f693ff,relative_storage_key,cell-crops/72906de0-83a0-4e98-940e-735fe5fb2363/c3c7a47a-b9d7-41c8-a8db-3269a23bca95/452e4d39-1e65-4a32-8a6a-e88382ac7aa6/33f8f884-35d6-45af-b102-b8277568bb06/crop.png,5642,ad3c36fd5461def280c472064cc4ffe4a64497623292d16701fb96c454415a4f,cell_crops
cell_crops,51c3dd35-2275-402c-8071-49b70275fc1a,relative_storage_key,cell-crops/5ad2e702-acee-4f0a-9a01-8a2ba6b24733/1abc6f5a-ce2e-4d43-a7b2-9323cf7efa1c/13514ba4-7c6f-40a0-a6d6-573684da9510/a8994b91-4f5e-4524-b915-5d3d34bef249/crop.png,12013,a2b52899d88eba28d9bec56fd8c46be71317593664366ef1aca9d400704a69fa,cell_crops
cell_crops,51ec69a9-59fb-49a1-b626-c6b88dc5ec15,relative_storage_key,cell-crops/5d9ca4e3-60b1-4a9f-aba0-8a5edd13510a/3f2dc1d9-eb62-44b3-a325-2d8db65a585c/0c7ee510-e240-4b6f-b8bc-352c4dd9aa20/fc807064-2109-4231-aff3-705f1e2f0277/crop.png,3558,651a3a83fd44673164f062db374fcb38409ad2f5cedca10f8d092cf9fa49561a,cell_crops
cell_crops,5267cfc2-bbfa-4c82-9930-4ab58c663129,relative_storage_key,cell-crops/211b65b9-8b1b-4bc9-bf8e-2572a00a3ecd/85d8a71e-e9ed-4062-a036-52e42dd89720/83b0bdb6-4441-49e8-b6a7-4de634e8d548/17be581c-fdd3-45d0-b3b0-6885d2c68bad/crop.png,4683,792535b12e1a1a6469e5c0e34304343019a14e0309dad0a0561750bb6f84b793,cell_crops
cell_crops,526d7ded-0f27-4398-b1c3-18d66c038e58,relative_storage_key,cell-crops/25afdd28-85df-4a2a-9dab-2727ced6821b/f5668b77-a7c4-4ed2-aade-94bbf92900cf/08cd9b57-9a64-410c-8133-1dbdbf2e697c/6203147c-0967-45bc-88d5-b30dfd9435b8/crop.png,5383,bf22c9ecef678cdfda1e3aea962a246b07cd843ca7383f654ab170428585a997,cell_crops
cell_crops,5297fe58-61b1-491a-89bb-423e6195b0c1,relative_storage_key,cell-crops/52c4864d-1788-41db-a1d2-883ce7d83a58/490887fa-b3af-4136-85dc-8ae66e413acd/bf339bce-cffa-48e9-a044-4b9df2cc36b4/e945549e-cdd1-4873-bfeb-543ca00d2b98/crop.png,1779,10cdbfb5484d613723029662c2bed76c23d3371833b586538d6b05b71e64a32a,cell_crops
cell_crops,52b0d6c8-a282-4826-bf78-357a040cb939,relative_storage_key,cell-crops/1c49de91-f3ba-4794-8cbd-62bc966049c5/1007bc39-4bca-4a32-9069-5c8180b174db/cdcfc6c7-12a5-4405-8fb1-213826f88d05/4bfe5316-48ae-4abf-a85e-dc9e0d1ebdee/crop.png,8217,da714960b45e9b7278075d0cfc44052c5f7a4a4fd72f8fdf89463baa31cda780,cell_crops
cell_crops,52ba445a-88df-4f6f-b831-7edc4ff8b69e,relative_storage_key,cell-crops/d28e9146-5ad9-4df7-8af4-1b8901780c2b/f196b05e-1e21-41c5-8292-1c802004009a/6948fa72-3ff5-45bb-beb5-8ae3bba8b6d6/0d0d7381-4bd5-4ed7-8452-6a2577683a05/crop.png,5134,31fb6862decf6865637b61a6e29f518cd7fa97e5807222fe1f1715715bac1a4f,cell_crops
cell_crops,52c93bec-4fb9-47c1-839f-ac28f4bbcaf2,relative_storage_key,cell-crops/05b33155-8921-4eb9-9920-af67decfe454/6278de2c-44dd-4a75-aca2-9708e58437ba/92e2e64a-1c82-402b-b24d-75d43d50a17f/a6f69e85-a50c-4070-a6a0-2c791a71e78b/crop.png,3225,f4ef3df75833c77833b50f983fe3f83f61994b3e6f7be4595d3272fc2e2f65fd,cell_crops
cell_crops,52f48b81-34a3-456b-87a3-7c33613ffb55,relative_storage_key,cell-crops/59a98cc0-24f4-424a-b208-3fe06063fa47/98626a4c-b3fc-464a-a4fe-90bc886c7647/c0a49ec0-99e0-4b2b-a9e4-1e2ec28655a0/3ad7a571-68eb-494e-b163-df6205b33866/crop.png,3704,b310ce995e7f4ec08389adc8002f44fe36a4344d36aab54515d1bd0e01dc7449,cell_crops
cell_crops,52fa9b23-ef8a-4d13-afef-bf6a1294e3a2,relative_storage_key,cell-crops/3a9a3ddd-a6fb-43b7-98e8-82fe65649b10/69a3938d-51bb-45d7-928d-1b35d46634bb/ea56489d-de29-4bcd-bf1e-16e83feedee6/219fd5bf-d3ac-4750-acd8-30d434fcc235/crop.png,2479,064820df6ab9f9735cbaa4cf332903825cbef4742401417dc749b10f5b1c6d7a,cell_crops
cell_crops,5301a693-5d97-4b0c-8185-975aada9b729,relative_storage_key,cell-crops/211b65b9-8b1b-4bc9-bf8e-2572a00a3ecd/85d8a71e-e9ed-4062-a036-52e42dd89720/83b0bdb6-4441-49e8-b6a7-4de634e8d548/0313cb97-02f7-4e62-9082-b86688a9603f/crop.png,3193,bbf5a4e7ff59d26599733ccc261d6c476903933ee1a2a87379b1412e0a996ceb,cell_crops
cell_crops,530c94ce-b804-4a25-ab07-f24f70bf1b85,relative_storage_key,cell-crops/db1855bf-e94d-43ea-86dc-5c1d21c82206/70a62caf-67c3-44f5-8752-596e9432c4ca/f914626e-fa1c-483a-ac2d-a7ebce6130f5/80663912-4ef9-4b63-8739-b8797c4102c4/crop.png,3706,5eca491ab24a9c5f9201df30fffab03aac6c681ae66db1b2741a038d17eca90f,cell_crops
cell_crops,5317ca82-0bba-474f-abe6-1b16fdb909df,relative_storage_key,cell-crops/52c4864d-1788-41db-a1d2-883ce7d83a58/490887fa-b3af-4136-85dc-8ae66e413acd/bf339bce-cffa-48e9-a044-4b9df2cc36b4/72c1428d-e9bb-454e-8acb-55dc84c18439/crop.png,1446,bbfab166c6b84915582c8e14b79a61d47e121e479700db82732e66af0d72dbdd,cell_crops
cell_crops,5327de2e-e90c-490f-a3a0-22f10e174d59,relative_storage_key,cell-crops/ae68a99c-11f7-457a-88f8-3cef9a144958/618af6de-bfab-495e-8634-e484d620ee21/650c7580-8b2e-4bc4-88e8-bf03c5bb423d/baa3a567-39d2-4bab-b1e3-44a2d00b2527/crop.png,1311,81c34a95a451f44ce5c46e3242851983a9eef6a5371c3ad9e1d4633a9c259507,cell_crops
cell_crops,534c300a-b449-44c6-b69a-676fed2e2082,relative_storage_key,cell-crops/e11b10f7-d1c3-4d6a-9e69-a4b6bc1abc46/1db1a505-3eaf-456d-b123-7b9f8ee77762/339d62a6-0363-472b-b2e3-4a7befd2c42f/dc92331d-7779-4b23-9e80-e06c2f4520b5/crop.png,10500,14f6096346e9ae33d9c26af71426e073752d0df4b32ceb95d2b3354a9efcb91f,cell_crops
cell_crops,53523fb5-44a5-44ea-bdb9-8df950d7b330,relative_storage_key,cell-crops/e11b10f7-d1c3-4d6a-9e69-a4b6bc1abc46/1db1a505-3eaf-456d-b123-7b9f8ee77762/339d62a6-0363-472b-b2e3-4a7befd2c42f/e8a112a4-a569-4fc3-9107-c1962249434e/crop.png,1817,54f1602c266a215745d9fcd16f37f76b0a41953c94c87e3e00cecbe094f81a06,cell_crops
cell_crops,536cfa4c-2910-455c-b71e-bd01410673f7,relative_storage_key,cell-crops/e11b10f7-d1c3-4d6a-9e69-a4b6bc1abc46/1db1a505-3eaf-456d-b123-7b9f8ee77762/339d62a6-0363-472b-b2e3-4a7befd2c42f/91bb2ae8-b5b2-46af-a849-27f83791fd69/crop.png,971,943b2b2de40bfc7d23da41938b356c19d3409abba17e5c5fb4cccd2159ac751d,cell_crops
cell_crops,537f73f7-3c61-4464-b9ee-b693d41b2897,relative_storage_key,cell-crops/e11b10f7-d1c3-4d6a-9e69-a4b6bc1abc46/1db1a505-3eaf-456d-b123-7b9f8ee77762/339d62a6-0363-472b-b2e3-4a7befd2c42f/f9c4710d-e976-44cc-b8e1-320879e9848f/crop.png,5511,09d7b9a870f7dba1dddf218dd0b9e568c1441972aa27e926426e96865a31f113,cell_crops
cell_crops,53a2d7ea-ca6d-4717-a297-d245686e8a49,relative_storage_key,cell-crops/59a98cc0-24f4-424a-b208-3fe06063fa47/98626a4c-b3fc-464a-a4fe-90bc886c7647/c0a49ec0-99e0-4b2b-a9e4-1e2ec28655a0/58a7e224-cb60-48fd-9fb8-7332d2a753d2/crop.png,7812,386add1d7f75bdd4abcb4b388071c5f8d9742b3d6e56908335a91c66faacc479,cell_crops
cell_crops,53deb2af-a081-4d29-803e-797e5cbe8066,relative_storage_key,cell-crops/5d9ca4e3-60b1-4a9f-aba0-8a5edd13510a/3f2dc1d9-eb62-44b3-a325-2d8db65a585c/0c7ee510-e240-4b6f-b8bc-352c4dd9aa20/b583c483-a36f-4290-a082-beec2e751861/crop.png,4089,0a7f6672b37c876df7b2097b746ff6d9ad4e5a28ee780267a739093cc795a803,cell_crops
cell_crops,54190ea5-c444-4167-aa59-06a7f4426b79,relative_storage_key,cell-crops/7ef7cff8-899e-428e-b89a-36803c0575b3/04bafb48-259f-4626-82fb-a3359ee3160b/26ddb17b-1b89-4301-8f40-011ccf0f40dc/25daa518-5539-426a-8ede-07b0bbe212a8/crop.png,12776,d72628844b8613aadcb75c97c1aa6a0d02999a0f93cb46047076bf427fbb79c6,cell_crops
cell_crops,543b345e-d222-4004-80b7-6e100dd026c0,relative_storage_key,cell-crops/52c4864d-1788-41db-a1d2-883ce7d83a58/490887fa-b3af-4136-85dc-8ae66e413acd/bf339bce-cffa-48e9-a044-4b9df2cc36b4/d2ace148-6b05-49a9-ad08-02393e115812/crop.png,1389,1c68fcf86c3b2ff7c02a8a64e9256b22dc758872c9add686d9dcc54b1beb81b0,cell_crops
cell_crops,54a4fe5b-977d-4510-a802-36cc14c1b57f,relative_storage_key,cell-crops/7fd7ef40-bc9c-40d1-9e62-62bf0850c6b3/f6e252a5-7924-4e5c-bc63-8b711db60ba0/8a0187a3-03f0-45bd-ac3c-6e47c7999f03/d4aad2d7-6aa5-4293-9405-fcb21be8c603/crop.png,7840,4f8c60a224bb83826bb0d30ed22a83bddb278d97fdeeda7da3f990260ee5b22d,cell_crops
cell_crops,54a7698b-b274-4fa3-a4ab-d35e737c8691,relative_storage_key,cell-crops/93807208-985b-4d70-bb43-c7843db4141d/f4a29ede-288f-42ba-abf0-32395606ffc4/8d3b080d-2f56-4175-b76a-dc309555e9de/5fb67f42-51c9-43f8-9e3c-b1b2328f6956/crop.png,3976,d1204586405e33a7342f4430adaeb47d2a9725638b13e1ff9ef138875175cde9,cell_crops
cell_crops,54a80b5b-320a-4e08-9759-3848a8559975,relative_storage_key,cell-crops/211b65b9-8b1b-4bc9-bf8e-2572a00a3ecd/85d8a71e-e9ed-4062-a036-52e42dd89720/83b0bdb6-4441-49e8-b6a7-4de634e8d548/3f423b8a-d1d6-4a51-96be-599d1927712d/crop.png,2355,bea9257db697d8be57fd38616d6d98347d9615492661e67c471ddfe0d4f5e801,cell_crops
cell_crops,54c0aff2-5cd8-4b11-b18a-b125ca783dee,relative_storage_key,cell-crops/25afdd28-85df-4a2a-9dab-2727ced6821b/f5668b77-a7c4-4ed2-aade-94bbf92900cf/08cd9b57-9a64-410c-8133-1dbdbf2e697c/8b4ba860-6667-42ad-a950-f474a09a802c/crop.png,1241,6d10643c85f8304b070599206e16f64c3701b5dc6b58a94bc0ce29b116d4ce00,cell_crops
cell_crops,54deefb6-e7a9-4cf1-95a4-b47669f33595,relative_storage_key,cell-crops/8b912699-0346-4eca-9a3f-992922f65702/c5ca90cc-e321-4501-82f3-a2e0ef0f51a7/51a1e5c5-fac7-4ab5-b6dd-bef48d583434/9df391ff-e5ff-492e-881d-9b459cd92453/crop.png,10447,423a2225d21a94fa10934945475c0d96e5934720512899bcd05daeecae1570c9,cell_crops
cell_crops,54f75cac-7682-45da-96e0-8289f5a6e34e,relative_storage_key,cell-crops/07c71166-93b3-415e-b764-6ca7344238f6/151ee7ee-b609-4e6b-985c-04af59a85470/9c45439d-fd87-46c3-944a-439ab92cbf89/2a75a458-267c-4112-99e2-7553d43fb8eb/crop.png,3879,171ecfa89fcdcaf0a5e13b563b32e234f029e82d94b013d90841c2d38fb5a41f,cell_crops
cell_crops,55229d1e-60e9-4721-9130-c2042f9838d6,relative_storage_key,cell-crops/9696ad8c-6c01-439f-afa5-29d7f5234348/c6ffc450-182b-4d59-bf0d-1090bd076903/dd3b1716-0bb9-4523-9fa9-61bc274925d8/17eed6c2-394f-4806-84b6-e675df15aa11/crop.png,21033,425894de78fb2e2ea93c4e27e3849260cf7d8d176051ab5aa86d7222c8b29094,cell_crops
cell_crops,5522a585-e65f-48aa-9939-65d0c5efd2cd,relative_storage_key,cell-crops/fce4a23b-7725-4c69-960b-5c9cd9b68f50/c6ecf996-e832-44ad-89bf-2ca55d1d46d5/5ecbdf28-e01c-4b51-ae7b-f9d88c6b9aa5/140e5d87-25e4-49e4-b4ea-2eb09c9eb808/crop.png,3734,b86a241052e6c2e561249e9767e0f5c1d67a17a4b68792e04440e11d5ad96c08,cell_crops
cell_crops,556c7d59-e8b9-4be5-8009-bd9ae55ae8d1,relative_storage_key,cell-crops/e11b10f7-d1c3-4d6a-9e69-a4b6bc1abc46/1db1a505-3eaf-456d-b123-7b9f8ee77762/339d62a6-0363-472b-b2e3-4a7befd2c42f/61669f70-fc7c-4105-b3d6-692f96cba757/crop.png,1979,b99cff0dec0442b5cd78647756bb9f719b847e3c4d344d0f8fc8b19be8319150,cell_crops
cell_crops,559e9005-ad5d-4178-a652-9483bf9d57fb,relative_storage_key,cell-crops/4383bcb6-1595-4b3c-9c6f-ced12863a762/f6d15c09-591e-4808-aff5-02f7c8c4d239/25a1a8fb-90d3-4cfb-b43b-20ee3b4b7788/103c5fe3-ef44-4f4b-b7b9-1bb5c3cac243/crop.png,5022,1ed46cc341cd1088574b9551788b2deaab0e6cc4dfceecaf633b054cb5f0e2d9,cell_crops
cell_crops,55e43ff3-d063-4632-a74e-b7809b892c80,relative_storage_key,cell-crops/39265da0-dd1a-4f17-89aa-1e661f9c473f/72553654-6802-48a4-964a-3fa748870a05/afee46ec-494f-4fe6-be85-353a4cfc0b56/99ccdf66-951d-40f1-b177-02c9a2780bd0/crop.png,3549,7704c479507e4ee04636fac74b12d9a380668ab59e8c5d2becd4b11cb82c255e,cell_crops
cell_crops,55f408a6-be7b-4fad-8893-3a0a3c91d648,relative_storage_key,cell-crops/8b912699-0346-4eca-9a3f-992922f65702/c5ca90cc-e321-4501-82f3-a2e0ef0f51a7/51a1e5c5-fac7-4ab5-b6dd-bef48d583434/ec1e557d-1d2f-4bf2-813f-ee4b0e86819e/crop.png,4024,d7103552344eca072042ae80da9ec47d18b44d294b05b730f3d5ec2f8f26ea1c,cell_crops
cell_crops,55f68f0b-ee64-4952-83e2-8a840ec16098,relative_storage_key,cell-crops/9696ad8c-6c01-439f-afa5-29d7f5234348/c6ffc450-182b-4d59-bf0d-1090bd076903/dd3b1716-0bb9-4523-9fa9-61bc274925d8/9ba319a1-e4e6-4e77-95d1-7b4cbadcd938/crop.png,3694,8738d8833eec8b81383543b9081aec2117280e8ede8ad4a3ef9b0914b9e23c13,cell_crops
cell_crops,55fca8e9-b3dc-4c58-ab78-fef0a715ea28,relative_storage_key,cell-crops/3a9a3ddd-a6fb-43b7-98e8-82fe65649b10/69a3938d-51bb-45d7-928d-1b35d46634bb/ea56489d-de29-4bcd-bf1e-16e83feedee6/0ff88812-5151-4e75-b10a-c999b87a6804/crop.png,4807,40382db2e279d958b86a0397cb7dfc6463c37bbf34e46dfd4db2c9da02d14cac,cell_crops
cell_crops,5608de9b-2992-4363-8be8-46995e2e7f0c,relative_storage_key,cell-crops/07c71166-93b3-415e-b764-6ca7344238f6/151ee7ee-b609-4e6b-985c-04af59a85470/9c45439d-fd87-46c3-944a-439ab92cbf89/ce1985c8-8ec1-4512-884b-b719181ae339/crop.png,1420,1be10665923766be65df745972bf3aa13d5437396a6120932a4e1915caa5cd2e,cell_crops
cell_crops,560f8f69-664f-47ce-aee3-2c665c3b1e91,relative_storage_key,cell-crops/e11b10f7-d1c3-4d6a-9e69-a4b6bc1abc46/1db1a505-3eaf-456d-b123-7b9f8ee77762/339d62a6-0363-472b-b2e3-4a7befd2c42f/134e2745-e24e-4386-b42e-4833f1c00cc8/crop.png,1697,5e16417c06450751f8f91d0e45a76676330ab54a82faab20015166246841a1ad,cell_crops
cell_crops,5648aa54-48c4-4236-9cb4-93d1237d42ae,relative_storage_key,cell-crops/07c71166-93b3-415e-b764-6ca7344238f6/151ee7ee-b609-4e6b-985c-04af59a85470/9c45439d-fd87-46c3-944a-439ab92cbf89/f49bc9da-c0fc-49d5-bf73-77ab2020fcce/crop.png,3177,83cf34928c5338f495d278365805879bbb6ebc365b3afdb7b32c2a72b1d16616,cell_crops
cell_crops,565f2992-d53c-4f90-9744-5234c0c262e9,relative_storage_key,cell-crops/c9a6b7af-881f-47da-980a-1a2c2b743a1c/03505d0f-434b-48ac-ae42-76750f4fbc1a/a0889d56-1430-4a7f-b67c-e21291ac9ed7/70c6f5e2-4258-4ccd-b08c-b9c881f353ea/crop.png,1467,f906e4dee8a65e1d49e03478ffb81f9bd1454098e4fd87a8cbca8fe24da52542,cell_crops
cell_crops,568be139-13a0-4c81-834b-1808721f78c9,relative_storage_key,cell-crops/52c4864d-1788-41db-a1d2-883ce7d83a58/490887fa-b3af-4136-85dc-8ae66e413acd/bf339bce-cffa-48e9-a044-4b9df2cc36b4/cd788a51-220c-4446-8364-2b40caa5e902/crop.png,3003,64976b9233ec69fc256477df4574ee49acfa78cfc17a13f295dab0546135845b,cell_crops
cell_crops,56c0f16d-eee7-408f-aa82-7e5544bfbe35,relative_storage_key,cell-crops/ba5fc281-07c1-46ca-8091-0c13e6753aa4/d33fb4ff-3366-4fff-9806-8ab03314dbd1/18b27447-aed7-42fa-9142-4bab96366973/d61ce65d-335d-4931-8777-abfcf28c84a4/crop.png,3859,24ce37b10dd4e0cc13b148a223298886cea73e00a5e9dab1ef8b00f8a27611ce,cell_crops
cell_crops,56c633e7-4062-4dc0-a55c-0ad9025ef935,relative_storage_key,cell-crops/4383bcb6-1595-4b3c-9c6f-ced12863a762/f6d15c09-591e-4808-aff5-02f7c8c4d239/25a1a8fb-90d3-4cfb-b43b-20ee3b4b7788/faf12feb-130e-42f9-91ba-59e4557e0488/crop.png,3339,39d5966808f07b187caf220ebf69dccfa325ba389e043942a9e8048f12a9cdca,cell_crops
cell_crops,56e8cfe5-9e59-4925-a5b5-52313b1ec8c7,relative_storage_key,cell-crops/7ef7cff8-899e-428e-b89a-36803c0575b3/04bafb48-259f-4626-82fb-a3359ee3160b/849d1772-b3d7-402e-82b3-2942cd77a889/402b0c2c-e55d-450b-ab40-ee2c305931ae/crop.png,4040,462a2306a2a5c1ed54fd8b491d5060726a6a104487b5169747daea2d2bfba191,cell_crops
cell_crops,57001466-adb7-4590-96ba-13c349e42b6c,relative_storage_key,cell-crops/c9a6b7af-881f-47da-980a-1a2c2b743a1c/03505d0f-434b-48ac-ae42-76750f4fbc1a/a0889d56-1430-4a7f-b67c-e21291ac9ed7/d07a3bc1-661a-482b-a326-558de19b272e/crop.png,3766,4f1d8bb7ca4a6115e5b207021cb056696c96b5e1cdf1fe10b2e29f346d09cfcc,cell_crops
cell_crops,57052139-f055-4ec2-9445-82119aa8fcc6,relative_storage_key,cell-crops/ae68a99c-11f7-457a-88f8-3cef9a144958/618af6de-bfab-495e-8634-e484d620ee21/650c7580-8b2e-4bc4-88e8-bf03c5bb423d/b44d5a75-10c6-4139-8383-b1c87a514006/crop.png,3134,313cedd2354a25dba465fae59c913149d396a7e56271180eb8f2e4501f2cbc07,cell_crops
cell_crops,5706b9e5-c71c-4048-8e3f-8e1571207c40,relative_storage_key,cell-crops/7ef7cff8-899e-428e-b89a-36803c0575b3/04bafb48-259f-4626-82fb-a3359ee3160b/26ddb17b-1b89-4301-8f40-011ccf0f40dc/7e4f8192-628a-4fcb-a5a7-aa59818e2244/crop.png,4002,d3834eeed0a68eb1adcb95f075846ec221df3ee59b7bba4ff2674c5ac0cb4dca,cell_crops
cell_crops,570890b6-395d-4aed-a5b3-50a8f646ebc1,relative_storage_key,cell-crops/121a69bf-ba23-4014-892b-158b9c2b71a4/aa1323a6-7f80-4e1e-819a-ec182f045f3d/97fb12a0-df7f-455f-8e13-e0383ad3934d/9e6d9280-a73b-4deb-9e80-93eda12cb107/crop.png,1887,f3e39123f16a5d747eeb5684a6be0e3c0db98ab8ebb75c7bfd21d74aeff9eb27,cell_crops
cell_crops,5715a0aa-005b-4af3-8ebc-3ea5ede45c23,relative_storage_key,cell-crops/07c71166-93b3-415e-b764-6ca7344238f6/151ee7ee-b609-4e6b-985c-04af59a85470/9c45439d-fd87-46c3-944a-439ab92cbf89/e2dd3059-fff4-4af1-b30d-22ead1700b7a/crop.png,8487,94c1dfc1dd998b00c9cc6d4707ea9dcf319dd1b975da3897b9ba6fb56270738d,cell_crops
cell_crops,571af219-5d91-4278-9999-9f7be03752d6,relative_storage_key,cell-crops/ae68a99c-11f7-457a-88f8-3cef9a144958/618af6de-bfab-495e-8634-e484d620ee21/650c7580-8b2e-4bc4-88e8-bf03c5bb423d/0a82ce58-4c82-4832-b58e-e088d83bd09c/crop.png,6543,0443e2da477ee148b43367448f0efbff31ed83b63b8fbaeacf971fbee8c8ef54,cell_crops
cell_crops,5750a334-8197-44dc-aef6-51fd68b9f849,relative_storage_key,cell-crops/59a98cc0-24f4-424a-b208-3fe06063fa47/98626a4c-b3fc-464a-a4fe-90bc886c7647/c0a49ec0-99e0-4b2b-a9e4-1e2ec28655a0/effc2423-36c4-4416-8d7d-890cc15388c8/crop.png,10277,a1644a178bf66adb90d27dcfdd2f566646f0c16d3e2bb9c52375be7a5e1fcb5f,cell_crops
cell_crops,5794d303-91ff-4fab-9cb6-cc48516d5609,relative_storage_key,cell-crops/ae68a99c-11f7-457a-88f8-3cef9a144958/618af6de-bfab-495e-8634-e484d620ee21/650c7580-8b2e-4bc4-88e8-bf03c5bb423d/276c81e8-eaf2-4f7e-8477-36088dfbaee9/crop.png,1329,923088472bed46d911e5fb215633fe8873201bae0ce617e5626095560ceb0f86,cell_crops
cell_crops,57b41fb1-5150-4fc8-8688-afdc7bdde28b,relative_storage_key,cell-crops/c6209893-144a-447d-a436-fe89fc140cee/f088ac8e-c214-474d-837d-53532f4ef947/43249c8b-9008-49c9-8246-2b24989143a2/41d55de2-7177-4dae-8b87-52faed691cf8/crop.png,3581,7fa24199988ebda14546a5b09b3a4e328cca3005ab2cc2bdfc4f4c284d54c3ac,cell_crops
cell_crops,57b785a3-f2bd-4748-afa9-b815c06eaf24,relative_storage_key,cell-crops/383c9700-4823-4ef4-a3f6-c8bac0a28dd4/0d86637f-bf43-4c20-a000-30e6e09038ff/e4296ff7-9e31-4bd9-8593-2615946bcceb/b08ceb55-8b72-4446-bf94-df5f1538b585/crop.png,700,f51b58bfef7747a69882ec2c2866f7a58a4b880860b9478050f32c1c1a261d63,cell_crops
cell_crops,57d60047-d4e8-4080-b4ac-e333995c00e3,relative_storage_key,cell-crops/e11b10f7-d1c3-4d6a-9e69-a4b6bc1abc46/1db1a505-3eaf-456d-b123-7b9f8ee77762/339d62a6-0363-472b-b2e3-4a7befd2c42f/a6b20bae-c585-4010-82df-91fe4fe8e9d8/crop.png,1848,360f5f8c23f5b6c82fb18a04bd9be10d9bcb7084bc9a8b3fe68d9b71c29bb0da,cell_crops
cell_crops,57f253c6-1705-4fd0-9429-4f72c840807d,relative_storage_key,cell-crops/52c4864d-1788-41db-a1d2-883ce7d83a58/490887fa-b3af-4136-85dc-8ae66e413acd/bf339bce-cffa-48e9-a044-4b9df2cc36b4/07ec70fb-415d-47f2-bbb0-b27a4487b0c2/crop.png,1512,8da7ae73739af283f0ddebc942838114ac766ff2e810e753bc6848a2872191e4,cell_crops
cell_crops,580b5a59-5824-4bc1-8083-bc1cda424ac0,relative_storage_key,cell-crops/54e278de-2381-4a05-8faa-42bf761f6688/50b0884e-ddde-4252-be9d-058151c986c4/f4400105-33b9-4bc0-860b-010b1cf3d386/135055d6-0265-4376-8ae3-5148d7cd9cd0/crop.png,11462,9b80008aba68d3cf0cfba75236b9c28b311074997e1360b51a6cc7d40508ad04,cell_crops
cell_crops,58293850-4b5f-48f9-99f3-b324d7094092,relative_storage_key,cell-crops/b0a5839c-3668-4411-b590-cc1d8fed470e/bf423fe1-2fc5-4662-9eda-ff1496c1bba9/c2a6cffd-18de-474e-ba04-2bf65b0f4f8c/5ed35575-efd5-49c2-8ca0-8a8038b3eed6/crop.png,1451,985fcc17d6a938c5f92150a2655c83d6d2f2dcc6b0c685b0cba8ae00a522d478,cell_crops
cell_crops,582cbc4a-8d2b-4320-9acd-2de10cb89642,relative_storage_key,cell-crops/5f35abbf-10da-4c5e-b4d7-0b2e59de51f2/99ac88d3-5c9f-4fc3-8d6a-abadae1ee80c/b0ad2c3c-3de1-4628-bf32-d60536a0da80/2283cfe0-1711-46cd-9435-4a5245ec7b73/crop.png,2827,750d48f24335818bbd47aba8074eb9ff9ed8f8416490354c5c4a5a03281084cf,cell_crops
cell_crops,58321c6a-baff-4517-851a-ceb559c5a8d8,relative_storage_key,cell-crops/211b65b9-8b1b-4bc9-bf8e-2572a00a3ecd/85d8a71e-e9ed-4062-a036-52e42dd89720/83b0bdb6-4441-49e8-b6a7-4de634e8d548/2953dde8-85a8-40e2-93b2-bb0a848cec2f/crop.png,1317,0f2b9e2cf5c73af3553745d1f207a82f57c0cd4a8755be52f1e606e4aa8e9200,cell_crops
cell_crops,58446b81-ab64-427e-ae1d-3490befedc12,relative_storage_key,cell-crops/9696ad8c-6c01-439f-afa5-29d7f5234348/c6ffc450-182b-4d59-bf0d-1090bd076903/dd3b1716-0bb9-4523-9fa9-61bc274925d8/88c96622-feab-4f7a-82d9-a3afb47a3094/crop.png,3549,7704c479507e4ee04636fac74b12d9a380668ab59e8c5d2becd4b11cb82c255e,cell_crops
cell_crops,584ba916-43e5-4231-8592-af4efe830099,relative_storage_key,cell-crops/ae68a99c-11f7-457a-88f8-3cef9a144958/618af6de-bfab-495e-8634-e484d620ee21/650c7580-8b2e-4bc4-88e8-bf03c5bb423d/050509af-ea9e-4816-a660-ce1e2a10d79c/crop.png,1252,579fa18faac49ba42d0543834cbc9a17edf83c7a25e1a6abbad14ab13d4a081d,cell_crops
cell_crops,58622e67-33c1-4f10-9874-b4bb3ed8ad20,relative_storage_key,cell-crops/214fd936-3c74-4042-937a-3131ff495bdd/5e7bbe13-3cf2-4c2d-9022-31d242f15fb1/c6a30725-877a-4570-819a-de52a6bcb57d/e7f8d9fc-9561-4918-b273-b357a883614d/crop.png,4598,a0d7beef531bf82e02393bc5a601a6432c67310f2c91c691a3c2a3d3ef97df49,cell_crops
cell_crops,588c3ce6-3080-4899-98c1-ae0d79a3fa7b,relative_storage_key,cell-crops/fce4a23b-7725-4c69-960b-5c9cd9b68f50/c6ecf996-e832-44ad-89bf-2ca55d1d46d5/5ecbdf28-e01c-4b51-ae7b-f9d88c6b9aa5/50ca529f-3652-43bc-8268-ebcbd272b906/crop.png,6367,6fc570c50e81555459077b8d872327c9ccde813895579b9c99d0f8e109d7a587,cell_crops
cell_crops,589d381d-85d0-4ce1-b5c1-6a245eebc657,relative_storage_key,cell-crops/6dede06e-ae61-4920-bb2c-935cde2a5ff5/60bd296d-21d5-4d22-99bc-a023cb410f35/88dc4c92-8367-4c4d-a59b-da86d01b8d82/c0159cb8-269e-475a-b18c-4a35f6e6d5ee/crop.png,777,4476fa8b04741f7887dab1731cf2809b85d785b331234ef446e8359d39e6ddbe,cell_crops
cell_crops,58a421cd-515d-4bad-8cb1-d9d74d60f915,relative_storage_key,cell-crops/4e1ca921-c5c6-4d89-b035-2d7dd99040d5/b9f975b3-7cd8-4b9a-a2cc-1bd9a76d924c/dc6df3c3-f03e-4261-bd4c-a2df5e0f0d88/1b766e50-e578-444d-b51b-f27ffa424e0d/crop.png,1581,1991c661e37865114429c7acf14d9d8e58635cab95990da476cc4f1d8e97811e,cell_crops
cell_crops,58a6ccb2-7d90-4128-a1d3-89c64739ae02,relative_storage_key,cell-crops/e11b10f7-d1c3-4d6a-9e69-a4b6bc1abc46/1db1a505-3eaf-456d-b123-7b9f8ee77762/339d62a6-0363-472b-b2e3-4a7befd2c42f/6ded8b54-b194-4759-8c41-e0b4ae934d20/crop.png,2878,13ebd01b3ecaa28754a5030cef1574a51847b4f0f83b3df76846239eadee4409,cell_crops
cell_crops,58e1cae4-7650-441e-8b5c-8fef4c63b3c8,relative_storage_key,cell-crops/54e278de-2381-4a05-8faa-42bf761f6688/50b0884e-ddde-4252-be9d-058151c986c4/f4400105-33b9-4bc0-860b-010b1cf3d386/3e123f0b-4700-43a9-8252-333713ac1321/crop.png,3321,b35bf6b0b87664231176f52982114f9946de927688861c0f8b0f5a11f120facb,cell_crops
cell_crops,58ed34fd-b171-4198-8f8c-b05aa76911e5,relative_storage_key,cell-crops/ba5fc281-07c1-46ca-8091-0c13e6753aa4/d33fb4ff-3366-4fff-9806-8ab03314dbd1/18b27447-aed7-42fa-9142-4bab96366973/f181130a-b134-4516-ab43-4ff2868083d6/crop.png,733,bc7e66ba3c9a6b34cb7b09703049a86f040f2fcbe227b39fb6440cc504949ebd,cell_crops
cell_crops,5934591a-92dc-4eea-b176-4c0e620a8a86,relative_storage_key,cell-crops/bc8b8317-c17d-4b7a-b737-5e40120559e2/8c8e678b-a6c7-4b8c-b4c0-d34745f32fe3/25cb85d9-3b89-46ca-982a-f71517c971ee/1da7f583-ad76-4559-83e0-856c4a8543e7/crop.png,4888,b21b046ea62dddb5428c70c62b9aa55d7e832c93e5b995cf38e7b52869da86b1,cell_crops
cell_crops,593751a4-6bf5-498e-ba8a-54cf052e57d8,relative_storage_key,cell-crops/39265da0-dd1a-4f17-89aa-1e661f9c473f/72553654-6802-48a4-964a-3fa748870a05/afee46ec-494f-4fe6-be85-353a4cfc0b56/d01519ab-50b6-4494-8af9-71953b4d6f3e/crop.png,5180,a62abba886fbe409373708ee2054e558759f19159c926440aab1795e37391555,cell_crops
cell_crops,593844b4-d057-45c2-b2cc-5f76edac173c,relative_storage_key,cell-crops/7be00fe5-41da-48c5-b2c2-9618f0a7c517/3ebcfc6b-b6e3-40b6-939c-33977196460c/8fa36d4d-c412-435a-a109-923281f0f43d/9b9fb7c7-b92a-4fdb-b96d-576339da1b79/crop.png,3935,a075f5961501fd0f39c8a837b68081ebc8559314918164d8014c070151954c84,cell_crops
cell_crops,594befdf-0bcd-4699-8a05-d2b068995123,relative_storage_key,cell-crops/39265da0-dd1a-4f17-89aa-1e661f9c473f/72553654-6802-48a4-964a-3fa748870a05/afee46ec-494f-4fe6-be85-353a4cfc0b56/3b1a447a-1dea-4067-bb15-ad0bb370a2da/crop.png,3448,520962c147ebaa829c531b5bb73a6b01fe096d67d8b5ae4579639ebc7b996441,cell_crops
cell_crops,59604f74-6313-4d1d-998b-a325300f3cbc,relative_storage_key,cell-crops/7be00fe5-41da-48c5-b2c2-9618f0a7c517/3ebcfc6b-b6e3-40b6-939c-33977196460c/8fa36d4d-c412-435a-a109-923281f0f43d/b3a33373-bccc-4fbb-a1d4-061781120cd4/crop.png,3952,7d0c0b980046f26b7db7f0438ed8e3120262175b47fdf8d16afc60ed248725f2,cell_crops
cell_crops,59bb71f1-865a-467c-bd22-92d24743f73e,relative_storage_key,cell-crops/7fd7ef40-bc9c-40d1-9e62-62bf0850c6b3/f6e252a5-7924-4e5c-bc63-8b711db60ba0/8a0187a3-03f0-45bd-ac3c-6e47c7999f03/0d0c99bc-7574-4b68-9084-d1aa075d4751/crop.png,1382,9d008c7a164602c0bc037f406fd38b0e303d91171e1cb4607f3da47c5508a13f,cell_crops
cell_crops,59ed8513-fad0-4b39-82b3-e9eb38aebde3,relative_storage_key,cell-crops/7ef7cff8-899e-428e-b89a-36803c0575b3/04bafb48-259f-4626-82fb-a3359ee3160b/00b8d663-89b1-4dfe-8f8f-9a01bca4688b/752e458a-da45-4e7d-baa5-01bd3d7b989f/crop.png,3924,70f4ae8174b507a69de0d0ca6baf60ccac7cf4380465aa06750a0d8a2d8830c6,cell_crops
cell_crops,5a2a90a2-0686-4136-afc5-a3119716978b,relative_storage_key,cell-crops/7fd7ef40-bc9c-40d1-9e62-62bf0850c6b3/f6e252a5-7924-4e5c-bc63-8b711db60ba0/8a0187a3-03f0-45bd-ac3c-6e47c7999f03/b3b4ad37-3516-4919-b257-01592b5791a9/crop.png,1779,10cdbfb5484d613723029662c2bed76c23d3371833b586538d6b05b71e64a32a,cell_crops
cell_crops,5a2c013b-f4e9-48a2-ab2e-ab9561fd3d1e,relative_storage_key,cell-crops/5f35abbf-10da-4c5e-b4d7-0b2e59de51f2/99ac88d3-5c9f-4fc3-8d6a-abadae1ee80c/b0ad2c3c-3de1-4628-bf32-d60536a0da80/3576f5c3-9d5b-43ce-97e1-0c2723b04422/crop.png,5108,30e164f478593d341f8eb5fecc77eb85ebef54c99c154551d99f0aef602903aa,cell_crops
cell_crops,5a2c206a-d0d2-4861-aae7-722a4af07970,relative_storage_key,cell-crops/aac2f7a6-e279-42c1-8035-33134bfdf3eb/881590dc-6d13-4137-ba82-d28d2ed5199a/34070251-bc08-40a2-b33a-35ad175a7189/1b7be580-dde6-41b4-920f-360c159ad702/crop.png,12738,a5c83eefced829afe94a8ca54553fdaa01272248a3692ba49aad272af6627999,cell_crops
cell_crops,5a2d7edd-b69d-4e15-ae41-458f5165595e,relative_storage_key,cell-crops/9696ad8c-6c01-439f-afa5-29d7f5234348/c6ffc450-182b-4d59-bf0d-1090bd076903/dd3b1716-0bb9-4523-9fa9-61bc274925d8/f7aae179-8829-4f63-acf1-04e53a8dbfdb/crop.png,11297,31ff506ba49a3b45d9246485c6a9677be33c35c9598ab980d8cc114740c7ea1b,cell_crops
cell_crops,5a6a63ba-7035-42ff-8f00-f8edebdf1b1d,relative_storage_key,cell-crops/e11b10f7-d1c3-4d6a-9e69-a4b6bc1abc46/1db1a505-3eaf-456d-b123-7b9f8ee77762/339d62a6-0363-472b-b2e3-4a7befd2c42f/8f8bf98e-5384-4d38-8456-14af52785c6a/crop.png,2426,89bdcacbb0487c9beccea9193ab9392dc49bf304d5a1d519dae720b16cf22f8b,cell_crops
cell_crops,5a8175f1-e5c5-4825-bd34-56767380b88c,relative_storage_key,cell-crops/4383bcb6-1595-4b3c-9c6f-ced12863a762/f6d15c09-591e-4808-aff5-02f7c8c4d239/25a1a8fb-90d3-4cfb-b43b-20ee3b4b7788/d45a39ac-b02e-4c9b-ab72-d1ad31da1e05/crop.png,2275,d5e009d4a20914778ba386accf43d6488b92c869b917d7a893b4b377838f3593,cell_crops
cell_crops,5a8d7a6d-00db-4eeb-8f12-605a2574462d,relative_storage_key,cell-crops/121a69bf-ba23-4014-892b-158b9c2b71a4/aa1323a6-7f80-4e1e-819a-ec182f045f3d/97fb12a0-df7f-455f-8e13-e0383ad3934d/d1b7a6bc-05bc-46f3-b1b5-10ea97f98c10/crop.png,1784,d021c6a3e0fbd630f8a7312a74f64341b4fd8f7b9f3e1701c098e0d861e40a90,cell_crops
cell_crops,5a8f57d0-2e08-42a2-9379-deea68fbec4a,relative_storage_key,cell-crops/52c4864d-1788-41db-a1d2-883ce7d83a58/490887fa-b3af-4136-85dc-8ae66e413acd/bf339bce-cffa-48e9-a044-4b9df2cc36b4/4a6efc97-7935-4972-a464-8c152a6e3e0a/crop.png,2189,eefd964afafa801cc32bd2c890400b121eabaf0830644dd817a98faa25aa0016,cell_crops
cell_crops,5aa15430-ba04-48f6-9307-9661df74eacc,relative_storage_key,cell-crops/b0a5839c-3668-4411-b590-cc1d8fed470e/bf423fe1-2fc5-4662-9eda-ff1496c1bba9/c2a6cffd-18de-474e-ba04-2bf65b0f4f8c/65b64dd3-13eb-4273-a878-32434b5f6e92/crop.png,1779,10cdbfb5484d613723029662c2bed76c23d3371833b586538d6b05b71e64a32a,cell_crops
cell_crops,5aaf3fb7-7eb0-4288-b39a-7712a9f68f5d,relative_storage_key,cell-crops/ae68a99c-11f7-457a-88f8-3cef9a144958/618af6de-bfab-495e-8634-e484d620ee21/650c7580-8b2e-4bc4-88e8-bf03c5bb423d/e0dc6417-0195-40e4-adb2-e51ba9eae070/crop.png,1028,0d35acf59e0f49cff874cceeb775244d2bbc3e2e5c7153ad9be4c63f5f1551b4,cell_crops
cell_crops,5ab39dd5-4f91-43fe-abf0-d38e5837021d,relative_storage_key,cell-crops/07c71166-93b3-415e-b764-6ca7344238f6/151ee7ee-b609-4e6b-985c-04af59a85470/9c45439d-fd87-46c3-944a-439ab92cbf89/55d42095-e99a-4825-b0bc-75cbf8e2c847/crop.png,3041,fa992e5404e456f299dca81cc4574ccfe57b361d9bad9e8c8f1491a8ba2ac706,cell_crops
cell_crops,5abfbdc4-a181-4bca-95e1-169433564a90,relative_storage_key,cell-crops/54e278de-2381-4a05-8faa-42bf761f6688/50b0884e-ddde-4252-be9d-058151c986c4/f4400105-33b9-4bc0-860b-010b1cf3d386/cb18c50a-de37-4fa9-b10d-b4f1b2f12c97/crop.png,14507,c709766e0da204aab02febcd2e227faff89ae014472c716ed61e4895692eb1b9,cell_crops
cell_crops,5acdb623-9e53-4bdc-955f-3c3da354ed66,relative_storage_key,cell-crops/d28e9146-5ad9-4df7-8af4-1b8901780c2b/f196b05e-1e21-41c5-8292-1c802004009a/6948fa72-3ff5-45bb-beb5-8ae3bba8b6d6/90679b22-b3dd-4c65-9235-5448d51f5627/crop.png,2839,6ba0ceab110e1b5626de21bd7a24e6879b7403ffb928ab46e5e34316602c89e1,cell_crops
cell_crops,5ae36209-e1fd-41f1-8cb3-836c01042b01,relative_storage_key,cell-crops/25afdd28-85df-4a2a-9dab-2727ced6821b/f5668b77-a7c4-4ed2-aade-94bbf92900cf/08cd9b57-9a64-410c-8133-1dbdbf2e697c/fdf2f218-8eeb-4dba-a05c-686a932f6d86/crop.png,1064,6c65af3ccf60a65c61f22d8adfbf24d2bf086ae7fc3d5985f752f9ea2278f744,cell_crops
cell_crops,5ae79a03-525f-420d-bf70-bbd026d14adf,relative_storage_key,cell-crops/59a98cc0-24f4-424a-b208-3fe06063fa47/98626a4c-b3fc-464a-a4fe-90bc886c7647/c0a49ec0-99e0-4b2b-a9e4-1e2ec28655a0/6e952b07-9bda-4543-b621-fa2688b463f8/crop.png,5559,bbf43f3cf3eafb4a6cf5f4c864814a2489006102e30bfdecdfad270d5052c0f7,cell_crops
cell_crops,5b0950d8-6f95-46e9-89bd-530b90f11897,relative_storage_key,cell-crops/db1855bf-e94d-43ea-86dc-5c1d21c82206/70a62caf-67c3-44f5-8752-596e9432c4ca/f914626e-fa1c-483a-ac2d-a7ebce6130f5/0fc0ac2e-719c-4fdb-abe2-bae94ed69e90/crop.png,3881,4399918b858dec58517741036aca96ae981704693ee502f98a0f0a2547ee1eb2,cell_crops
cell_crops,5b0de85e-7aa8-4f85-98fc-046c65fb0f58,relative_storage_key,cell-crops/7fd7ef40-bc9c-40d1-9e62-62bf0850c6b3/f6e252a5-7924-4e5c-bc63-8b711db60ba0/8a0187a3-03f0-45bd-ac3c-6e47c7999f03/2ed4fdd0-f9c8-4638-b278-1b7d1b005c99/crop.png,3003,64976b9233ec69fc256477df4574ee49acfa78cfc17a13f295dab0546135845b,cell_crops
cell_crops,5b26ce8f-58b5-4537-b48c-4197f0accc25,relative_storage_key,cell-crops/25afdd28-85df-4a2a-9dab-2727ced6821b/f5668b77-a7c4-4ed2-aade-94bbf92900cf/08cd9b57-9a64-410c-8133-1dbdbf2e697c/4685ec13-a802-40ca-a150-e369934416c6/crop.png,1726,7d21a421bfff243ab3e094bd1fc11b78fdb0f794ba3f3a689cdef5178e20a67a,cell_crops
cell_crops,5b26eabe-7050-4614-8408-bcff4606accc,relative_storage_key,cell-crops/54e278de-2381-4a05-8faa-42bf761f6688/50b0884e-ddde-4252-be9d-058151c986c4/f4400105-33b9-4bc0-860b-010b1cf3d386/ec6bd5ba-eeed-46ac-846e-7debb01ac0c4/crop.png,4683,792535b12e1a1a6469e5c0e34304343019a14e0309dad0a0561750bb6f84b793,cell_crops
cell_crops,5b4d5de4-59d5-48ef-b812-c25297c21a0b,relative_storage_key,cell-crops/7fd7ef40-bc9c-40d1-9e62-62bf0850c6b3/f6e252a5-7924-4e5c-bc63-8b711db60ba0/8a0187a3-03f0-45bd-ac3c-6e47c7999f03/e064a629-b514-4a10-a499-962a3304c65c/crop.png,4913,8fd6cf0563bb5e499a6601d035c464f13a68a1d1cacd938427f6be56b71566d8,cell_crops
cell_crops,5b4e33bc-6f63-491a-96c1-154277e7039f,relative_storage_key,cell-crops/5f35abbf-10da-4c5e-b4d7-0b2e59de51f2/99ac88d3-5c9f-4fc3-8d6a-abadae1ee80c/b0ad2c3c-3de1-4628-bf32-d60536a0da80/6f278ce2-fc9a-4c0a-9e7b-cf1027750c2e/crop.png,5338,8a20b00ddf3088184398ebfad1132e8aeabfbb9eb446b6f5b5b6e68f9cede6f5,cell_crops
cell_crops,5b55b0eb-1de6-4b8a-b9c0-3cc0b391202f,relative_storage_key,cell-crops/ba5fc281-07c1-46ca-8091-0c13e6753aa4/d33fb4ff-3366-4fff-9806-8ab03314dbd1/18b27447-aed7-42fa-9142-4bab96366973/2e28b212-0523-4b42-9d24-9bc740c99bc7/crop.png,3720,60bdfcce2a0afd3579e47a01da2756f0b2fd8b441c5746fc75034536331335ce,cell_crops
cell_crops,5b690ba2-00df-49ff-89e3-c17763905360,relative_storage_key,cell-crops/c6209893-144a-447d-a436-fe89fc140cee/f088ac8e-c214-474d-837d-53532f4ef947/43249c8b-9008-49c9-8246-2b24989143a2/addabe53-cdce-4132-a04e-7b91b9b419ee/crop.png,4591,874cca7c1ca445a0c0dc638e323833c56271006d20db281893a0056a290ff8e4,cell_crops
cell_crops,5b8fdff9-355b-4a5b-80db-de766a37ce0f,relative_storage_key,cell-crops/b0a5839c-3668-4411-b590-cc1d8fed470e/bf423fe1-2fc5-4662-9eda-ff1496c1bba9/c2a6cffd-18de-474e-ba04-2bf65b0f4f8c/e044e2c1-b756-4298-9790-8a634fbd8c1a/crop.png,7565,4b7fbf2d7271b165e552b79b1eabc53bfda71cef5a47143799c0124f17999ff8,cell_crops
cell_crops,5bd180bb-f6c8-4289-89cb-4155694aedcb,relative_storage_key,cell-crops/db1855bf-e94d-43ea-86dc-5c1d21c82206/70a62caf-67c3-44f5-8752-596e9432c4ca/f914626e-fa1c-483a-ac2d-a7ebce6130f5/f706dc97-8d09-4220-82b8-1c55ff4e2411/crop.png,3458,fbaf232ef32e48ebdb874a20ee243549c1e17896816dd1d0abd5f0c124c6881a,cell_crops
cell_crops,5bf8641e-e9a0-42cd-af01-ad6e97470f8e,relative_storage_key,cell-crops/6dede06e-ae61-4920-bb2c-935cde2a5ff5/60bd296d-21d5-4d22-99bc-a023cb410f35/88dc4c92-8367-4c4d-a59b-da86d01b8d82/c5362c30-9a7c-458e-a704-045dc32ec5dc/crop.png,3336,249e7df71aa27e6257b98ffdc79be28f9ad817e3a5451ad28d09b2c8c90e7a67,cell_crops
cell_crops,5c22fff2-953a-41a6-a91b-477911378549,relative_storage_key,cell-crops/383c9700-4823-4ef4-a3f6-c8bac0a28dd4/0d86637f-bf43-4c20-a000-30e6e09038ff/e4296ff7-9e31-4bd9-8593-2615946bcceb/176f0d13-0ff4-4323-87b3-9181610238d0/crop.png,723,9d97bdceb3b09f0f8439f86f742038b6e4b5ae8f32428f23509b9ae28e2383bf,cell_crops
cell_crops,5c5b31cd-c6df-4452-bba7-d2ed251e522a,relative_storage_key,cell-crops/c6209893-144a-447d-a436-fe89fc140cee/f088ac8e-c214-474d-837d-53532f4ef947/43249c8b-9008-49c9-8246-2b24989143a2/1b2edad7-a7d3-4af0-a792-504c921970a8/crop.png,1839,5b54ac3d1aa851e7e36175f3391b8cb398c83e0a5aa8792429243c2d14f29526,cell_crops
cell_crops,5c6a3009-fc4e-4140-b9e7-85f402f93a0b,relative_storage_key,cell-crops/5f35abbf-10da-4c5e-b4d7-0b2e59de51f2/99ac88d3-5c9f-4fc3-8d6a-abadae1ee80c/b0ad2c3c-3de1-4628-bf32-d60536a0da80/272cef37-0a16-4b79-bc8f-75ba96b3203d/crop.png,3368,0880545f48c29f3e0b5c80cb01fc1a81da2ead149251c5a84f4546c4308c714e,cell_crops
cell_crops,5c706da1-ad88-4f33-9890-cdf5c8f26d0a,relative_storage_key,cell-crops/7fd7ef40-bc9c-40d1-9e62-62bf0850c6b3/f6e252a5-7924-4e5c-bc63-8b711db60ba0/8a0187a3-03f0-45bd-ac3c-6e47c7999f03/d3382f28-2a62-40ba-8dbb-0cd88ab0089d/crop.png,2239,35aee4c778b384717b9591421428a8b532d5a0616c7f2c899b3a0939e1a86caf,cell_crops
cell_crops,5c73dc3e-80ea-40be-83f2-c74e2f9b0ef6,relative_storage_key,cell-crops/54e278de-2381-4a05-8faa-42bf761f6688/50b0884e-ddde-4252-be9d-058151c986c4/f4400105-33b9-4bc0-860b-010b1cf3d386/d32d5daa-04e9-4587-b203-85ab7170d1a7/crop.png,1399,e42a3f556f5115c4a12cfd73a9c2755c6ee8e93762f829fc58b1c180aaccde31,cell_crops
cell_crops,5c946206-2c4d-4c1e-9df0-ccea76590762,relative_storage_key,cell-crops/93807208-985b-4d70-bb43-c7843db4141d/f4a29ede-288f-42ba-abf0-32395606ffc4/8d3b080d-2f56-4175-b76a-dc309555e9de/b9e3da93-78d4-4946-9a30-c1bdf956d5fa/crop.png,6312,7b3879a7d97578f340fa305f1ff2a2ed16740b36bac13e6f122e227721510f3e,cell_crops
cell_crops,5caf99f7-e8de-401e-a19b-5195efc486b7,relative_storage_key,cell-crops/25afdd28-85df-4a2a-9dab-2727ced6821b/f5668b77-a7c4-4ed2-aade-94bbf92900cf/08cd9b57-9a64-410c-8133-1dbdbf2e697c/9ea3f838-0fab-4e22-a472-900674955c8e/crop.png,1582,34e5c2d9c94f09688d3462e9e789e16de1072ba4bbb5c54685b68eb41f480ab6,cell_crops
cell_crops,5ce821a1-9e5d-46ff-8540-643f9c6e59f9,relative_storage_key,cell-crops/93807208-985b-4d70-bb43-c7843db4141d/f4a29ede-288f-42ba-abf0-32395606ffc4/8d3b080d-2f56-4175-b76a-dc309555e9de/3fe49612-79ff-4c68-aae5-47a80ca7220d/crop.png,3902,7f14709a32e5b80166cf0ae5043ac283668a398dd696298a41dd1f6e1d5c3f5f,cell_crops
cell_crops,5d034f99-b81b-44b6-93d9-421c8274efb3,relative_storage_key,cell-crops/7ef7cff8-899e-428e-b89a-36803c0575b3/04bafb48-259f-4626-82fb-a3359ee3160b/26ddb17b-1b89-4301-8f40-011ccf0f40dc/3ce1dd98-40d4-4d0b-aa10-0f6d7aa35d81/crop.png,777,4476fa8b04741f7887dab1731cf2809b85d785b331234ef446e8359d39e6ddbe,cell_crops
cell_crops,5d164367-a9c0-46fd-8df8-5eb21a191841,relative_storage_key,cell-crops/ae68a99c-11f7-457a-88f8-3cef9a144958/618af6de-bfab-495e-8634-e484d620ee21/650c7580-8b2e-4bc4-88e8-bf03c5bb423d/a49270d6-8040-454f-831e-d17d60cc9127/crop.png,2815,224fa696521a4a61038da57694261c84ff48095083572599239324466055c022,cell_crops
cell_crops,5d1977f3-3c55-429c-8dd8-708518437764,relative_storage_key,cell-crops/b0a5839c-3668-4411-b590-cc1d8fed470e/bf423fe1-2fc5-4662-9eda-ff1496c1bba9/c2a6cffd-18de-474e-ba04-2bf65b0f4f8c/d78c0c4f-70cf-46e5-bb93-7ca190a8a421/crop.png,1055,d9cfd009957a476c57b2250203526206eef711cfc01b430c3a809814506de61b,cell_crops
cell_crops,5d259025-7e76-45dd-ac3c-b225e6487bfd,relative_storage_key,cell-crops/4383bcb6-1595-4b3c-9c6f-ced12863a762/f6d15c09-591e-4808-aff5-02f7c8c4d239/25a1a8fb-90d3-4cfb-b43b-20ee3b4b7788/3182ffdf-8f39-4594-b195-a8826ce04efc/crop.png,4119,0ae9a890b8d1ced9d32592e929244f5acd3c758f8fdeed990339140ab8de0919,cell_crops
cell_crops,5d3dff28-d239-4e45-a98b-f1de6e897cd2,relative_storage_key,cell-crops/7fd7ef40-bc9c-40d1-9e62-62bf0850c6b3/f6e252a5-7924-4e5c-bc63-8b711db60ba0/8a0187a3-03f0-45bd-ac3c-6e47c7999f03/bce082e9-e86e-4592-b87b-5c5441baaedf/crop.png,5002,7f65bc140557dc4fc9264ba567b82e0f50cfc0588316f85c391a687f645689ce,cell_crops
cell_crops,5d4d3f98-863d-4ada-9547-2f9a1b9b8781,relative_storage_key,cell-crops/72906de0-83a0-4e98-940e-735fe5fb2363/c3c7a47a-b9d7-41c8-a8db-3269a23bca95/452e4d39-1e65-4a32-8a6a-e88382ac7aa6/b9d03b37-ad96-4b0d-8e42-7cb6fb8a83a1/crop.png,32617,2dbaea9276b36b7ebbe49cd1c5a5810c3eb5d2fd5e54089c016dbcb7e2005dce,cell_crops
cell_crops,5d6ec4d8-0e75-4248-b0be-113068b49fbe,relative_storage_key,cell-crops/4383bcb6-1595-4b3c-9c6f-ced12863a762/f6d15c09-591e-4808-aff5-02f7c8c4d239/25a1a8fb-90d3-4cfb-b43b-20ee3b4b7788/ed26e1a6-aa3e-494a-a658-fa28251934f2/crop.png,13628,af3108a05ca8ca4ab54450dd610ad39c2137c288eb03a5cfb4b1afac0c58d9e8,cell_crops
cell_crops,5daea5e4-d7ff-4b98-96e5-94899983b87a,relative_storage_key,cell-crops/54e278de-2381-4a05-8faa-42bf761f6688/50b0884e-ddde-4252-be9d-058151c986c4/f4400105-33b9-4bc0-860b-010b1cf3d386/bbc84c14-0cd8-4154-b79e-01bd4a5e64bc/crop.png,4948,379b7214aeab715e51556f2f43ed65a05819cc92deb127a43346e0b6dbf75f14,cell_crops
cell_crops,5dc1fc79-fcec-4435-934a-d657ba9a3e06,relative_storage_key,cell-crops/b0a5839c-3668-4411-b590-cc1d8fed470e/bf423fe1-2fc5-4662-9eda-ff1496c1bba9/c2a6cffd-18de-474e-ba04-2bf65b0f4f8c/99d497bb-d3ec-445a-a130-5874f280e6ec/crop.png,5432,0f871b4585c19cfe2a343dc556035712a8f224a9c2ce0e7dfd4d99f6b98e45cf,cell_crops
cell_crops,5dc61941-1030-4928-84a7-2f543e86a36b,relative_storage_key,cell-crops/07c71166-93b3-415e-b764-6ca7344238f6/151ee7ee-b609-4e6b-985c-04af59a85470/9c45439d-fd87-46c3-944a-439ab92cbf89/404bc4c6-6c2d-471b-85f4-785c8954ac25/crop.png,1603,2b928ae68e2d28302dcadb4cbf66001823009a5070940138a0ec838a05ccb90c,cell_crops
cell_crops,5ddd0fb2-ad06-45e0-9151-767440792f7f,relative_storage_key,cell-crops/39265da0-dd1a-4f17-89aa-1e661f9c473f/72553654-6802-48a4-964a-3fa748870a05/afee46ec-494f-4fe6-be85-353a4cfc0b56/178efd7a-7518-4790-bb8c-913265101c39/crop.png,5669,3e926a5ab555a821bcb9c97d6f3dc7ce49de61e9de41ad2ce4b6ffc9de4e3074,cell_crops
cell_crops,5df0c973-2cd8-43b9-af66-a1d7c1e95433,relative_storage_key,cell-crops/7ef7cff8-899e-428e-b89a-36803c0575b3/04bafb48-259f-4626-82fb-a3359ee3160b/849d1772-b3d7-402e-82b3-2942cd77a889/bac036a7-ac1e-49d6-bf22-310772b0a171/crop.png,4950,8d7c9e0f5ea61de9832c607d2c313b937419e2bb9823aaf21a1fa88c7320cbfb,cell_crops
cell_crops,5e00fa0f-f5ee-49e8-bfe5-a58998785f63,relative_storage_key,cell-crops/7fd7ef40-bc9c-40d1-9e62-62bf0850c6b3/f6e252a5-7924-4e5c-bc63-8b711db60ba0/8a0187a3-03f0-45bd-ac3c-6e47c7999f03/ccd2bab9-3662-4d37-831d-317a16b5d54b/crop.png,1389,1c68fcf86c3b2ff7c02a8a64e9256b22dc758872c9add686d9dcc54b1beb81b0,cell_crops
cell_crops,5e0f1b24-f0f9-4ad0-b3d0-c9d88e178569,relative_storage_key,cell-crops/59a98cc0-24f4-424a-b208-3fe06063fa47/98626a4c-b3fc-464a-a4fe-90bc886c7647/c0a49ec0-99e0-4b2b-a9e4-1e2ec28655a0/37852344-dd54-4018-9542-388aac0a16ac/crop.png,4028,8ae6278adc4553f358dbcae7d2499829af72b2540bb2fc16b753689490879684,cell_crops
cell_crops,5e70422a-bde8-421c-9c22-dc4c8e624fa2,relative_storage_key,cell-crops/5ad2e702-acee-4f0a-9a01-8a2ba6b24733/1abc6f5a-ce2e-4d43-a7b2-9323cf7efa1c/13514ba4-7c6f-40a0-a6d6-573684da9510/9531e842-991f-4daa-b497-8e0e1990759e/crop.png,7243,b7a7efad91b1bf2bd8b7f92d79aaa0ac55530dd1f0e9220b224507564e450c70,cell_crops
cell_crops,5ec0431a-f55a-408f-be94-6ec0f15886a5,relative_storage_key,cell-crops/121a69bf-ba23-4014-892b-158b9c2b71a4/aa1323a6-7f80-4e1e-819a-ec182f045f3d/97fb12a0-df7f-455f-8e13-e0383ad3934d/d195adde-b678-49de-b4cf-ff488ed1dfc7/crop.png,14238,718f3f88e73e22c889ec857e9fb8f3538890d43a68563f43d2992e454180066f,cell_crops
cell_crops,5ed56b38-6043-4822-b22d-9bae7d7403e0,relative_storage_key,cell-crops/8122e340-548f-40df-9dd4-ed43859605ff/ed18ce4e-6fb0-4f1f-b313-c9d76617210c/8cb2cae1-c3e1-487c-a274-4385f339dded/89d17135-7c9a-4d63-9235-a49849c94142/crop.png,2451,81c189cc46798d45726f2b3f3f5377c6f203cec6d255e58fc6a9b21b8fc1ed50,cell_crops
cell_crops,5ee502ec-ce4a-47d4-bd49-af3fe96091a4,relative_storage_key,cell-crops/05b33155-8921-4eb9-9920-af67decfe454/6278de2c-44dd-4a75-aca2-9708e58437ba/92e2e64a-1c82-402b-b24d-75d43d50a17f/8ba596e6-7d1d-49a8-9f99-a282471bda40/crop.png,8954,2244ce1ebbf31afed32f92b7207118dda14540ab1430688785dad34b5a008155,cell_crops
cell_crops,5eec2f3c-b96f-49a4-b72e-0bcf29cff876,relative_storage_key,cell-crops/ae68a99c-11f7-457a-88f8-3cef9a144958/618af6de-bfab-495e-8634-e484d620ee21/650c7580-8b2e-4bc4-88e8-bf03c5bb423d/af100921-6766-4f30-b6af-b3c3763b901e/crop.png,5375,88ff1837b6ca1e07773d3c0ccd7eb115c35111f15ce727c3573a64001cb0e677,cell_crops
cell_crops,5ef6ec36-4380-460c-8f95-b36c84b797c1,relative_storage_key,cell-crops/ba5fc281-07c1-46ca-8091-0c13e6753aa4/d33fb4ff-3366-4fff-9806-8ab03314dbd1/18b27447-aed7-42fa-9142-4bab96366973/0d9f0dc5-4947-40a2-a565-62867873259f/crop.png,3753,31a98aa84d6cded5dc3c190f65e45080f24dde826283fd0ef54ce1804485020c,cell_crops
cell_crops,5f0fa1f9-7acc-4f4b-b835-2bf4382c7439,relative_storage_key,cell-crops/7fd7ef40-bc9c-40d1-9e62-62bf0850c6b3/f6e252a5-7924-4e5c-bc63-8b711db60ba0/8a0187a3-03f0-45bd-ac3c-6e47c7999f03/13d0b49f-143d-41c8-a4a6-69b8710267d6/crop.png,4325,7a4387c610b4121513d85a49bb43ed620c0c8deda2300862606715f8f220c18d,cell_crops
cell_crops,5f133217-fa46-4b7c-8163-d9ceb7f51ffd,relative_storage_key,cell-crops/54e278de-2381-4a05-8faa-42bf761f6688/50b0884e-ddde-4252-be9d-058151c986c4/f4400105-33b9-4bc0-860b-010b1cf3d386/2bcd4bb5-7437-4c12-87a1-e63f7788c3cb/crop.png,1711,c95d8c775d6cf95654d8e87aab7a1301710a35160a3f452c301f5d564e439747,cell_crops
cell_crops,5f51f122-d44c-4ffd-82dc-8328f96d9e9f,relative_storage_key,cell-crops/5d9ca4e3-60b1-4a9f-aba0-8a5edd13510a/3f2dc1d9-eb62-44b3-a325-2d8db65a585c/0c7ee510-e240-4b6f-b8bc-352c4dd9aa20/9c3fb2ad-22a0-4302-86a0-a5e2fd9e47bc/crop.png,13496,e374efea7091f54f31a67ff08e2cb3cbbec67535ec6639ea979f95d4036769dd,cell_crops
cell_crops,5f580dc5-ba6a-45b9-8861-26d464468dfe,relative_storage_key,cell-crops/ae68a99c-11f7-457a-88f8-3cef9a144958/618af6de-bfab-495e-8634-e484d620ee21/650c7580-8b2e-4bc4-88e8-bf03c5bb423d/806287fd-1d6c-4d19-9a9c-7c5996ae9202/crop.png,831,cc76e0159c2face4e44a99a13db7e23ca0f0bd6a78710dc2a09ef1d9460fbce8,cell_crops
cell_crops,5f61a331-1467-4286-b1bb-addb66861f22,relative_storage_key,cell-crops/9696ad8c-6c01-439f-afa5-29d7f5234348/c6ffc450-182b-4d59-bf0d-1090bd076903/dd3b1716-0bb9-4523-9fa9-61bc274925d8/39f82c67-652a-4f7c-9278-5039229102b0/crop.png,2847,8cfc7ff0853839aa8909d35bf042ff9e9124c484b6b9044823633e1e32924fd8,cell_crops
cell_crops,5f6378ff-2441-450a-9a72-01ee513b6704,relative_storage_key,cell-crops/7be00fe5-41da-48c5-b2c2-9618f0a7c517/3ebcfc6b-b6e3-40b6-939c-33977196460c/8fa36d4d-c412-435a-a109-923281f0f43d/69d7641c-d3d4-4c69-9fd1-4983f60dbb14/crop.png,5053,9f773a3f9eec64ca66f62557db77758da51ff9e480923c4c0e1aca9e2bebcccd,cell_crops
cell_crops,5f788457-85ff-4d93-ad00-390848300284,relative_storage_key,cell-crops/1c49de91-f3ba-4794-8cbd-62bc966049c5/1007bc39-4bca-4a32-9069-5c8180b174db/cdcfc6c7-12a5-4405-8fb1-213826f88d05/c79d8b10-9ef1-4075-b35a-6a2bea4e010c/crop.png,7582,fcc4fb702b0e2da94b26c004b0755ef1514febfd15abc125202e8540d5be3324,cell_crops
cell_crops,5f7df257-d64f-4d82-9ad4-f5bb82c9f98c,relative_storage_key,cell-crops/211b65b9-8b1b-4bc9-bf8e-2572a00a3ecd/85d8a71e-e9ed-4062-a036-52e42dd89720/83b0bdb6-4441-49e8-b6a7-4de634e8d548/84e9ae59-25be-4fd0-bf8e-ab9bedd2c8ed/crop.png,1613,1577f91c4672e9a4a847ed86afce60e7e469876a15e921e520d5648621379c24,cell_crops
cell_crops,5f87fba8-cc24-40c5-9485-e8fb13def82e,relative_storage_key,cell-crops/54e278de-2381-4a05-8faa-42bf761f6688/50b0884e-ddde-4252-be9d-058151c986c4/f4400105-33b9-4bc0-860b-010b1cf3d386/133289cb-4f89-4503-a4a7-557b9922a650/crop.png,1333,43c4d04cc2bc6fdf12efa31efc22665c3c7b25c8bd842793cc06fc281f64329a,cell_crops
cell_crops,5fa2d510-2596-451e-ab83-08394371e21e,relative_storage_key,cell-crops/4e1ca921-c5c6-4d89-b035-2d7dd99040d5/b9f975b3-7cd8-4b9a-a2cc-1bd9a76d924c/dc6df3c3-f03e-4261-bd4c-a2df5e0f0d88/ef32650b-bdd1-4b06-abe9-ebbdf2a1375c/crop.png,4978,c84d4f198ec79f0fe1ac856d09cd68efba128bb6eb1aae782401cb211c74919e,cell_crops
cell_crops,5fb57d6b-4e7d-4474-8c71-eeb4af2c9dc2,relative_storage_key,cell-crops/7be00fe5-41da-48c5-b2c2-9618f0a7c517/3ebcfc6b-b6e3-40b6-939c-33977196460c/8fa36d4d-c412-435a-a109-923281f0f43d/3f2bedfd-407d-4f62-9ae0-29317ae0d1b0/crop.png,4260,bb1b3de15dd6663e5163c78ceb46238937c69431fe1b5024808f315850f3592f,cell_crops
cell_crops,5fca0c69-4fde-46d3-bf9d-911c355ce0c2,relative_storage_key,cell-crops/214fd936-3c74-4042-937a-3131ff495bdd/5e7bbe13-3cf2-4c2d-9022-31d242f15fb1/c6a30725-877a-4570-819a-de52a6bcb57d/38659ed7-f43c-415d-acba-e37f38767d21/crop.png,4160,2a330b115bbf201974a01936237670b914c5e6b589f95b750e9b6b68913d037d,cell_crops
cell_crops,6014c435-2d41-479c-9636-628b774b54ff,relative_storage_key,cell-crops/e109f86a-afaf-4c6b-8831-0fd7fc4fa7b2/2b113263-4ee7-4c87-a4d5-c689a43626bb/5b7cb03b-f0e6-42de-9aba-d4fb3757ad09/8c74264d-82f6-466c-9c50-97d5d26267b1/crop.png,4445,87ec7a9b295f5ebc8226a7242ae3d3465b8ce72d06e74668a46110722fb9e76a,cell_crops
cell_crops,60373e24-723c-4bfe-94d9-08301aac318f,relative_storage_key,cell-crops/3a33d13c-ff5b-46ba-94b4-0710e5185301/a78dd7b0-8ddc-4cd7-bc5a-241f8b427de6/7ba97fb6-e951-4c3b-93d8-3958918f513f/b7a5e497-628e-4b2c-9bba-118cab165d7d/crop.png,5979,81c139c7812a3458a79d4640d22375a9ea2cc9845dfaf0bad994db8f69f14e60,cell_crops
cell_crops,603bc5a3-82c2-44fb-bd31-5ddecacaa7db,relative_storage_key,cell-crops/bc8b8317-c17d-4b7a-b737-5e40120559e2/8c8e678b-a6c7-4b8c-b4c0-d34745f32fe3/25cb85d9-3b89-46ca-982a-f71517c971ee/fc2a014a-3aa6-4830-833f-dc16ff69cd0e/crop.png,3720,4b4b74bff3aff179833037b6a92d29810b00af299388f414b63fe4a65fbb492b,cell_crops
cell_crops,60704719-d968-4969-bc89-13638579246d,relative_storage_key,cell-crops/25afdd28-85df-4a2a-9dab-2727ced6821b/f5668b77-a7c4-4ed2-aade-94bbf92900cf/08cd9b57-9a64-410c-8133-1dbdbf2e697c/a4b79baa-d56d-460b-9591-0f02fe37a4bb/crop.png,1640,3882f69d5f85bbb1e7ebe6c8c9f139ef3c65a5626a6473b73913cf02895b7608,cell_crops
cell_crops,60cf13dd-da2d-4aac-ab1e-12f1d4e7d1a9,relative_storage_key,cell-crops/cd096d9e-0d01-4e4f-acd5-65e1548c215b/de773a50-b182-4ed9-9bdc-3f6f65bf242d/8eae56e5-dc27-4e8b-86ce-b22204a68814/b681e607-a2c5-408f-90cb-15957222c603/crop.png,686,db9d94468294deee77c9068ab47cb4af3e942beb3933991ae2f8f1f47ee8e371,cell_crops
cell_crops,60d63564-1839-4632-bed0-32c96835b79f,relative_storage_key,cell-crops/b0a5839c-3668-4411-b590-cc1d8fed470e/bf423fe1-2fc5-4662-9eda-ff1496c1bba9/c2a6cffd-18de-474e-ba04-2bf65b0f4f8c/61544f49-4cea-4295-af3f-9f58fcd10174/crop.png,3316,c0b432d7e252778285012bfb6bd7966fb51e055d3479ca5bc9c4d1fac9874ca1,cell_crops
cell_crops,60e0c53a-61d1-4893-aabf-7b0de5fb51a9,relative_storage_key,cell-crops/e109f86a-afaf-4c6b-8831-0fd7fc4fa7b2/2b113263-4ee7-4c87-a4d5-c689a43626bb/5b7cb03b-f0e6-42de-9aba-d4fb3757ad09/1722003b-28bd-4adb-989e-2af13747a3f7/crop.png,3977,260a1b38f503cf5c34ab6fdb870e8e3e185c1075ee56d3f689d8db9eb73c1aad,cell_crops
cell_crops,60f974c2-97ce-4421-9f36-d61391eb9b4d,relative_storage_key,cell-crops/52c4864d-1788-41db-a1d2-883ce7d83a58/490887fa-b3af-4136-85dc-8ae66e413acd/bf339bce-cffa-48e9-a044-4b9df2cc36b4/abbcdfa1-ce9f-4e27-8fea-d191509714c8/crop.png,24978,4d073f553edad040cc0bf42cfc2cb973450481ae0e207ee2e9e61ff1af2978e3,cell_crops
cell_crops,611802aa-dfae-4102-9b25-b724def33c17,relative_storage_key,cell-crops/c9a6b7af-881f-47da-980a-1a2c2b743a1c/03505d0f-434b-48ac-ae42-76750f4fbc1a/a0889d56-1430-4a7f-b67c-e21291ac9ed7/568ea8d1-01fd-49ef-98a1-621d4742c6f3/crop.png,1413,8182c854e5329ceeac710e4a29a186c37715965f33e14783ad35352d27740db5,cell_crops
cell_crops,6161c25e-6de9-4f98-9083-32727ef2a2a2,relative_storage_key,cell-crops/7ef7cff8-899e-428e-b89a-36803c0575b3/04bafb48-259f-4626-82fb-a3359ee3160b/849d1772-b3d7-402e-82b3-2942cd77a889/792b6f9d-5678-4c07-81db-c40b2a644356/crop.png,11801,924ba0c06031fbc95a71e42f5eddf8123f558517acd15e498e01b5acdaa208e4,cell_crops
cell_crops,6177c048-72da-41cd-a662-411aac364909,relative_storage_key,cell-crops/b0a5839c-3668-4411-b590-cc1d8fed470e/bf423fe1-2fc5-4662-9eda-ff1496c1bba9/c2a6cffd-18de-474e-ba04-2bf65b0f4f8c/2cbdd24e-99ca-4ddc-8f0b-51163eaa43f7/crop.png,1352,048add6089fc6d8fd80e7e9c2fe5823b02413f26ec63aa5266f64702585cc97b,cell_crops
cell_crops,61ee8b64-73ea-4a0c-85d4-6bd3921a0147,relative_storage_key,cell-crops/ba5fc281-07c1-46ca-8091-0c13e6753aa4/d33fb4ff-3366-4fff-9806-8ab03314dbd1/18b27447-aed7-42fa-9142-4bab96366973/762ff07b-67da-48ca-a62d-be2478bff27a/crop.png,4981,b28b2ad0c2bb76db0e1efbd5582df24f0ac72acd919bd932889e00718d6f0ca4,cell_crops
cell_crops,61eea0db-9bdf-4016-855d-368a7721a5cc,relative_storage_key,cell-crops/121a69bf-ba23-4014-892b-158b9c2b71a4/aa1323a6-7f80-4e1e-819a-ec182f045f3d/97fb12a0-df7f-455f-8e13-e0383ad3934d/c2933ad2-ce21-4ca1-8481-5deacea596be/crop.png,3058,699addf83ad8368e86e7aba3d4d6e7ce135cf7a6338e0bacec21b27ddf4ab6ca,cell_crops
cell_crops,61f819b0-976b-4f56-bbdd-30d7ddf188d1,relative_storage_key,cell-crops/7ef7cff8-899e-428e-b89a-36803c0575b3/04bafb48-259f-4626-82fb-a3359ee3160b/00b8d663-89b1-4dfe-8f8f-9a01bca4688b/b2d11db9-f038-4e6d-aa04-143e0274e33a/crop.png,5652,02dd064da18287d1f39133fdfb4668b98992944dbddab6ff7ebf2a3af326b09f,cell_crops
cell_crops,6203d1d1-d2d8-4990-a281-429e1947af19,relative_storage_key,cell-crops/07c71166-93b3-415e-b764-6ca7344238f6/151ee7ee-b609-4e6b-985c-04af59a85470/9c45439d-fd87-46c3-944a-439ab92cbf89/4e6be50e-793b-4830-b491-67855608471e/crop.png,5773,0f6c256c7f62eef4e0746346bdabdd4d95d2507e3232be67d20d3005838f3ffb,cell_crops
cell_crops,624daf4d-1c55-4159-92f0-045ad912f318,relative_storage_key,cell-crops/54e278de-2381-4a05-8faa-42bf761f6688/50b0884e-ddde-4252-be9d-058151c986c4/f4400105-33b9-4bc0-860b-010b1cf3d386/feb4b1fc-c6bd-481b-8e45-3d9b22d07eb4/crop.png,1463,008866b738e454481b3addefe3a9675b88db16def7d0c5b9f2b83b1d1f9f4d6a,cell_crops
cell_crops,6273b63c-9c90-47a1-8349-20671ae3c7ea,relative_storage_key,cell-crops/7ef7cff8-899e-428e-b89a-36803c0575b3/04bafb48-259f-4626-82fb-a3359ee3160b/26ddb17b-1b89-4301-8f40-011ccf0f40dc/aa1af043-96e5-4054-a8ac-fa77560ca991/crop.png,5073,3a5b01849008d66468c08e325725fdaed3e7fa81ce11e3c179f9cea75e38dc9d,cell_crops
cell_crops,62a9796b-3ac7-41c0-987c-2666df460e0b,relative_storage_key,cell-crops/5d9ca4e3-60b1-4a9f-aba0-8a5edd13510a/3f2dc1d9-eb62-44b3-a325-2d8db65a585c/0c7ee510-e240-4b6f-b8bc-352c4dd9aa20/9e995022-3884-4e8e-8b01-53d450fcc6cf/crop.png,5100,cf123388cbe26ced3f96cf00941f43c53b38c0edb65fdc214701d69f39231210,cell_crops
cell_crops,62c569c8-0510-4432-853b-7892a8c3b7c4,relative_storage_key,cell-crops/93807208-985b-4d70-bb43-c7843db4141d/f4a29ede-288f-42ba-abf0-32395606ffc4/8d3b080d-2f56-4175-b76a-dc309555e9de/2ccc8ea7-8dde-43c6-b936-b03c15969462/crop.png,3950,e9216f722f86d5f3802c3d578efcfa3cc0b2379501ed9c98f7230e856bdbdbb3,cell_crops
cell_crops,62e48580-ab94-40f6-a635-563130fa82ff,relative_storage_key,cell-crops/e11b10f7-d1c3-4d6a-9e69-a4b6bc1abc46/1db1a505-3eaf-456d-b123-7b9f8ee77762/339d62a6-0363-472b-b2e3-4a7befd2c42f/b2bb7193-ec5c-4ca8-9f40-3100feb68f8d/crop.png,1440,4cf3e5fa07e5925331ebe45a9a1276c7503f777b4e883617a8efe1857a619e6b,cell_crops
cell_crops,630341fd-e454-4b12-9dd3-317d56072aed,relative_storage_key,cell-crops/121a69bf-ba23-4014-892b-158b9c2b71a4/aa1323a6-7f80-4e1e-819a-ec182f045f3d/97fb12a0-df7f-455f-8e13-e0383ad3934d/393d8c31-cf80-4ac7-9754-11e233f9eceb/crop.png,2539,6490023bf8e285fe1f96c0d4480d514c2917aef0bbea3e1a35e37ff994db865b,cell_crops
cell_crops,634b27ab-79bd-43f2-8342-a52598c974f8,relative_storage_key,cell-crops/211b65b9-8b1b-4bc9-bf8e-2572a00a3ecd/85d8a71e-e9ed-4062-a036-52e42dd89720/83b0bdb6-4441-49e8-b6a7-4de634e8d548/feafc112-7a12-4f3a-8936-73edd93f04d5/crop.png,3485,bdd95e122a4b93616c153c1cada8c257867c925749b827e003222512645a49ea,cell_crops
cell_crops,63590a8e-9bae-40eb-b20a-2ce54453f00c,relative_storage_key,cell-crops/52c4864d-1788-41db-a1d2-883ce7d83a58/490887fa-b3af-4136-85dc-8ae66e413acd/bf339bce-cffa-48e9-a044-4b9df2cc36b4/3ee57f06-c56c-4e25-b8ef-2022c43d2e9b/crop.png,1382,9d008c7a164602c0bc037f406fd38b0e303d91171e1cb4607f3da47c5508a13f,cell_crops
cell_crops,6364b3d6-b690-43e8-a3c9-b626c020d0d9,relative_storage_key,cell-crops/52c4864d-1788-41db-a1d2-883ce7d83a58/490887fa-b3af-4136-85dc-8ae66e413acd/bf339bce-cffa-48e9-a044-4b9df2cc36b4/a41d87c5-e6cf-4bd2-9b2f-07e7da525240/crop.png,1451,985fcc17d6a938c5f92150a2655c83d6d2f2dcc6b0c685b0cba8ae00a522d478,cell_crops
cell_crops,636fbd49-14d0-4675-b89c-08207510eaa0,relative_storage_key,cell-crops/211b65b9-8b1b-4bc9-bf8e-2572a00a3ecd/85d8a71e-e9ed-4062-a036-52e42dd89720/83b0bdb6-4441-49e8-b6a7-4de634e8d548/20c12bcd-8f04-4a57-8c37-e276773c2a65/crop.png,4948,379b7214aeab715e51556f2f43ed65a05819cc92deb127a43346e0b6dbf75f14,cell_crops
cell_crops,63964af3-d671-45e1-9155-876877f9d9da,relative_storage_key,cell-crops/52c4864d-1788-41db-a1d2-883ce7d83a58/490887fa-b3af-4136-85dc-8ae66e413acd/bf339bce-cffa-48e9-a044-4b9df2cc36b4/4a096552-f48f-4c60-9446-e861fc211098/crop.png,1633,615334fbb85912d32be0633bd6ef1c3df1a7110ad39748bbd8296e30665d545c,cell_crops
cell_crops,63ac6328-a68c-4ba6-b830-efc6fb05b6f7,relative_storage_key,cell-crops/25afdd28-85df-4a2a-9dab-2727ced6821b/f5668b77-a7c4-4ed2-aade-94bbf92900cf/08cd9b57-9a64-410c-8133-1dbdbf2e697c/e515b681-fcf2-445c-bdac-7cd955cdffb9/crop.png,1818,7c08e520d34aef97d69a9a93c2c950dbebd201505436784837967ca1da3d8452,cell_crops
cell_crops,63ba09d6-7863-45a0-8fa0-e6dcc21b68df,relative_storage_key,cell-crops/121a69bf-ba23-4014-892b-158b9c2b71a4/aa1323a6-7f80-4e1e-819a-ec182f045f3d/97fb12a0-df7f-455f-8e13-e0383ad3934d/381c15f2-7a12-4ca2-8e11-28f187a5da1d/crop.png,6548,d44142b93c843a95b7900aa0d3aefdb0c1faf581199b8260532d27110fd58a86,cell_crops
cell_crops,63da3c18-3a4f-41b5-87bf-1947e893efe3,relative_storage_key,cell-crops/214fd936-3c74-4042-937a-3131ff495bdd/5e7bbe13-3cf2-4c2d-9022-31d242f15fb1/c6a30725-877a-4570-819a-de52a6bcb57d/1714b3b3-26d2-40ae-86d7-5ceb3c48e1dd/crop.png,3336,249e7df71aa27e6257b98ffdc79be28f9ad817e3a5451ad28d09b2c8c90e7a67,cell_crops
cell_crops,63edef00-610d-4120-b8ed-2564e76d73fd,relative_storage_key,cell-crops/5d9ca4e3-60b1-4a9f-aba0-8a5edd13510a/3f2dc1d9-eb62-44b3-a325-2d8db65a585c/0c7ee510-e240-4b6f-b8bc-352c4dd9aa20/0b7c1cc6-1f08-4c2c-83da-5118fcc1ce2f/crop.png,3935,a075f5961501fd0f39c8a837b68081ebc8559314918164d8014c070151954c84,cell_crops
cell_crops,63fecb00-0b1a-4906-8747-e00bcf71cde8,relative_storage_key,cell-crops/7ef7cff8-899e-428e-b89a-36803c0575b3/04bafb48-259f-4626-82fb-a3359ee3160b/00b8d663-89b1-4dfe-8f8f-9a01bca4688b/350016b5-b950-48ba-9c58-60b728cd0ba1/crop.png,3595,e67f2950225f8d64c70e1b2aeb59e3c26e13ccef7910983e1445144091f77a30,cell_crops
cell_crops,6403b85c-cf8c-4186-be72-a6208f155579,relative_storage_key,cell-crops/3a33d13c-ff5b-46ba-94b4-0710e5185301/a78dd7b0-8ddc-4cd7-bc5a-241f8b427de6/7ba97fb6-e951-4c3b-93d8-3958918f513f/a8fde3d3-3b93-4e88-bd53-aa87455bb8d8/crop.png,3625,b41b0a832e7c87f9581f222e34c53beda8351985d8e6a3cce10e2dec3d019317,cell_crops
cell_crops,642750ba-c159-4d4b-9eab-6c4598b2c347,relative_storage_key,cell-crops/05b33155-8921-4eb9-9920-af67decfe454/6278de2c-44dd-4a75-aca2-9708e58437ba/92e2e64a-1c82-402b-b24d-75d43d50a17f/92d20428-2ad1-475c-85ee-dc54e14bfb71/crop.png,3977,260a1b38f503cf5c34ab6fdb870e8e3e185c1075ee56d3f689d8db9eb73c1aad,cell_crops
cell_crops,6454cb62-86fd-423f-bac8-c9626595f5c0,relative_storage_key,cell-crops/59a98cc0-24f4-424a-b208-3fe06063fa47/98626a4c-b3fc-464a-a4fe-90bc886c7647/c0a49ec0-99e0-4b2b-a9e4-1e2ec28655a0/c588ef46-7110-4c7c-a005-d9545fcdb565/crop.png,4008,e7d00cc50070053ec4e81f88460155bb43ac7cfd79ef3e86b8e7175bc77a5782,cell_crops
cell_crops,646d05b5-0de0-41d3-ad80-b60818a10e1d,relative_storage_key,cell-crops/bc8b8317-c17d-4b7a-b737-5e40120559e2/8c8e678b-a6c7-4b8c-b4c0-d34745f32fe3/25cb85d9-3b89-46ca-982a-f71517c971ee/fabd5470-0ebe-45bb-bb54-bbb3b75ffb34/crop.png,5392,bdb6403d23bdfabc4338bbc7f9c0ebdb7aa736efa225eede9b66f92badfbcc03,cell_crops
cell_crops,647627ed-5690-4a2d-963f-a4ee2a430f4e,relative_storage_key,cell-crops/25afdd28-85df-4a2a-9dab-2727ced6821b/f5668b77-a7c4-4ed2-aade-94bbf92900cf/08cd9b57-9a64-410c-8133-1dbdbf2e697c/9c0828de-4175-48ad-b2e9-a5cdc3653882/crop.png,3157,df31e94b48c6ded8f5b04983a09c3d77c012fb240bff7244c8bd225f589081e0,cell_crops
cell_crops,648c24f1-7865-405c-a2d7-0d82967640b3,relative_storage_key,cell-crops/59a98cc0-24f4-424a-b208-3fe06063fa47/98626a4c-b3fc-464a-a4fe-90bc886c7647/c0a49ec0-99e0-4b2b-a9e4-1e2ec28655a0/2c0e35a4-928a-4fd8-9c36-64096c148f6f/crop.png,6814,c5537c446c49d91f052b6f2cd7bb074406aeb767572829df89b70cb16740cb79,cell_crops
cell_crops,649692b8-1348-45f3-94ff-aadb975148c0,relative_storage_key,cell-crops/7a11c0f4-a9d7-4446-a5f2-437ffc334a6c/0ff18f89-6fbd-4755-8e89-15227de46f41/3dca4192-f767-48f3-a7e8-59e22d9db3f9/8a2aaffd-c6fd-4243-8eb6-b485f55b02f3/crop.png,7395,ee7f85da4ad6551d89a4bfcfcebaf7e006db043c32c3a85e27ab78c8e5c7f2ec,cell_crops
cell_crops,649c9c3f-c5ed-406a-aacd-f28fcb062bb8,relative_storage_key,cell-crops/5ad2e702-acee-4f0a-9a01-8a2ba6b24733/1abc6f5a-ce2e-4d43-a7b2-9323cf7efa1c/13514ba4-7c6f-40a0-a6d6-573684da9510/a1e77f55-1ded-44b5-b6b9-c6d88d419fbd/crop.png,5093,0b351944a40e5a7a181c8f134eac92d8d0c0f1d5ae44eedcfa47be047865dacd,cell_crops
cell_crops,64a15eec-a93e-4ba2-af67-fa42a0320cce,relative_storage_key,cell-crops/214fd936-3c74-4042-937a-3131ff495bdd/5e7bbe13-3cf2-4c2d-9022-31d242f15fb1/c6a30725-877a-4570-819a-de52a6bcb57d/f9c1fb9f-1a2c-4fa4-a732-974e33e4d7e2/crop.png,12776,d72628844b8613aadcb75c97c1aa6a0d02999a0f93cb46047076bf427fbb79c6,cell_crops
cell_crops,64b7489d-4c4b-45ce-804a-0019220edd12,relative_storage_key,cell-crops/4383bcb6-1595-4b3c-9c6f-ced12863a762/f6d15c09-591e-4808-aff5-02f7c8c4d239/25a1a8fb-90d3-4cfb-b43b-20ee3b4b7788/138d2c93-45cb-4bab-a2b4-3f3cc77130b3/crop.png,12606,a938c96d52643aece3635e0c09d8637fca91829cd6a11084e8709abd6eb69ae5,cell_crops
cell_crops,64bc95e4-27ee-48ef-ade4-b2a9198ee8ee,relative_storage_key,cell-crops/8122e340-548f-40df-9dd4-ed43859605ff/ed18ce4e-6fb0-4f1f-b313-c9d76617210c/8cb2cae1-c3e1-487c-a274-4385f339dded/97d772b4-3551-4027-9b67-d3ab95106dd6/crop.png,75400,5a5ceae7e03a1f1c554046ff04fc8336f757c2664401a3096b9ea4ade19ee69e,cell_crops
cell_crops,64ce5d2b-88b4-4d90-aefd-018ea9022ea6,relative_storage_key,cell-crops/25afdd28-85df-4a2a-9dab-2727ced6821b/f5668b77-a7c4-4ed2-aade-94bbf92900cf/08cd9b57-9a64-410c-8133-1dbdbf2e697c/2082e968-cb96-4e82-803c-1dc8c666c40e/crop.png,1139,e613e43c4061f7a9c60858e9f11cf874140b5a3457d9d5e96e38c8a5688a27ed,cell_crops
cell_crops,64ecde1a-08b0-4016-b0c4-971e52969ec2,relative_storage_key,cell-crops/25afdd28-85df-4a2a-9dab-2727ced6821b/f5668b77-a7c4-4ed2-aade-94bbf92900cf/08cd9b57-9a64-410c-8133-1dbdbf2e697c/31186cae-5e0b-4d8e-8f93-eff5091d4194/crop.png,13004,876d57d948766260a8dab27c647f04345515294fcdc982e82a1e3e39eb2df0c2,cell_crops
cell_crops,654f5be8-82fb-48c1-a8d6-c3600e247c22,relative_storage_key,cell-crops/6dede06e-ae61-4920-bb2c-935cde2a5ff5/60bd296d-21d5-4d22-99bc-a023cb410f35/88dc4c92-8367-4c4d-a59b-da86d01b8d82/0e7ff5cb-94c6-41da-bbfc-574ebac497e8/crop.png,4661,31fed9b1f3d0b17d9c3f3578ba5f4247c4e64977618b1f0765da183cd999bb0a,cell_crops
cell_crops,65506f8b-8d33-42a5-9245-3e18772c8b1d,relative_storage_key,cell-crops/ba5fc281-07c1-46ca-8091-0c13e6753aa4/d33fb4ff-3366-4fff-9806-8ab03314dbd1/18b27447-aed7-42fa-9142-4bab96366973/eab6181a-7a13-4eb7-a5b2-7d180e8f692b/crop.png,4811,a3c57ab7b881c0d373b39aa8d21254a3a321ddc3fdb489d2509b835083ab5324,cell_crops
cell_crops,65561ef4-3b15-481e-b309-706031e0d21e,relative_storage_key,cell-crops/121a69bf-ba23-4014-892b-158b9c2b71a4/aa1323a6-7f80-4e1e-819a-ec182f045f3d/97fb12a0-df7f-455f-8e13-e0383ad3934d/60d94324-bd8c-4112-9a7f-1cee1ba7a47f/crop.png,1440,b30239b653933655f06bada0b5ea1d5cd44549352a1ed8d879834a97f7f46e6e,cell_crops
cell_crops,6571c708-9dac-4128-8670-c4434fdab758,relative_storage_key,cell-crops/7ef7cff8-899e-428e-b89a-36803c0575b3/04bafb48-259f-4626-82fb-a3359ee3160b/00b8d663-89b1-4dfe-8f8f-9a01bca4688b/4198d39c-3614-450d-8c55-bb8479114e37/crop.png,3678,097dc13dbb6305be12be8854d0b6d513f29c972919335f7a15ff661bf45eb245,cell_crops
cell_crops,657691b5-b0c2-42ae-98c4-a18e060b469d,relative_storage_key,cell-crops/52c4864d-1788-41db-a1d2-883ce7d83a58/490887fa-b3af-4136-85dc-8ae66e413acd/bf339bce-cffa-48e9-a044-4b9df2cc36b4/c36c9fcd-7322-4b51-adea-72e58c5eaa44/crop.png,3125,7071920060b00588a8b29b960c1702da9f43aa3cd62dfd3f4f2f30950a0a6924,cell_crops
cell_crops,6586f222-59fe-4bd0-a20d-ede5f2b47743,relative_storage_key,cell-crops/d28e9146-5ad9-4df7-8af4-1b8901780c2b/f196b05e-1e21-41c5-8292-1c802004009a/6948fa72-3ff5-45bb-beb5-8ae3bba8b6d6/add21edc-5701-4344-9178-6c2182d013fe/crop.png,6183,a35c11511923467d095ab7331643fa0f0ccc8322ad5334bfe167ecea3c67ced6,cell_crops
cell_crops,65b69aa2-e704-4d0c-aa2c-34035d0b0290,relative_storage_key,cell-crops/bc8b8317-c17d-4b7a-b737-5e40120559e2/8c8e678b-a6c7-4b8c-b4c0-d34745f32fe3/25cb85d9-3b89-46ca-982a-f71517c971ee/34fc3016-7381-4609-b987-49460cc97175/crop.png,5184,2247706d821c0e8a906b9e370d752e0f05a76558db6604256deeef1c36fa1301,cell_crops
cell_crops,65bb57cf-d44e-4987-83a6-3ac1fc1589cd,relative_storage_key,cell-crops/59a98cc0-24f4-424a-b208-3fe06063fa47/98626a4c-b3fc-464a-a4fe-90bc886c7647/c0a49ec0-99e0-4b2b-a9e4-1e2ec28655a0/5ca99172-14ec-42e6-8791-003780405296/crop.png,2429,14f411f0f39555c3197f24d3d54adb20a0347551ae3d546c198dd47a6fc412b5,cell_crops
cell_crops,65d63afe-db60-4259-aa7b-8d1b17d16739,relative_storage_key,cell-crops/214fd936-3c74-4042-937a-3131ff495bdd/5e7bbe13-3cf2-4c2d-9022-31d242f15fb1/c6a30725-877a-4570-819a-de52a6bcb57d/43586df8-5327-4406-bf32-f2bcf7a60c17/crop.png,8525,b7e25945309c42d6e565cac5cb2194828e50ce37b7ee8c5fe035ef3affc689d9,cell_crops
cell_crops,662b1a6f-6fc9-4bec-9e72-4a43607e8108,relative_storage_key,cell-crops/c9a6b7af-881f-47da-980a-1a2c2b743a1c/03505d0f-434b-48ac-ae42-76750f4fbc1a/a0889d56-1430-4a7f-b67c-e21291ac9ed7/892aa96d-5ddb-441c-91b5-d78d357b2522/crop.png,19737,67e3b9e6870a8d2671874b8f3dd4e6f68dd2bd0bc5eda8380e4c9be94c049045,cell_crops
cell_crops,6631380d-0fd7-435c-a05e-8c4958cbf78e,relative_storage_key,cell-crops/93807208-985b-4d70-bb43-c7843db4141d/f4a29ede-288f-42ba-abf0-32395606ffc4/8d3b080d-2f56-4175-b76a-dc309555e9de/1db4973b-8652-4166-8707-e59df9a49e97/crop.png,3935,a075f5961501fd0f39c8a837b68081ebc8559314918164d8014c070151954c84,cell_crops
cell_crops,6631f620-303b-480e-8fa4-dbfb4174c03e,relative_storage_key,cell-crops/7fd7ef40-bc9c-40d1-9e62-62bf0850c6b3/f6e252a5-7924-4e5c-bc63-8b711db60ba0/8a0187a3-03f0-45bd-ac3c-6e47c7999f03/1e1d3fef-399d-468f-bec3-9b59f95971db/crop.png,2427,e58c5282ac2df52b64197d4a391327d901aa58eb56c614732e364279447d6d58,cell_crops
cell_crops,663e528d-c157-49e1-a14c-081899ceea40,relative_storage_key,cell-crops/7ef7cff8-899e-428e-b89a-36803c0575b3/04bafb48-259f-4626-82fb-a3359ee3160b/26ddb17b-1b89-4301-8f40-011ccf0f40dc/349ffd05-5788-47b1-965e-10ce14229b1a/crop.png,3266,593c58c67ee67fb4417ddfbf8b4c2547f0f770eb65cbb57e815bd99d189e1ef6,cell_crops
cell_crops,66461d9e-7efa-4b53-bf27-db00e3583d24,relative_storage_key,cell-crops/121a69bf-ba23-4014-892b-158b9c2b71a4/aa1323a6-7f80-4e1e-819a-ec182f045f3d/97fb12a0-df7f-455f-8e13-e0383ad3934d/04d6293c-4d2f-4bc7-a0ea-31b81f352d9b/crop.png,8082,72d5358a73997a63e3532c1ee81ec7a2796b0e43204eb9db9cfbd4ae84188073,cell_crops
cell_crops,6658f725-983f-4bee-8ad8-8433366006a7,relative_storage_key,cell-crops/7fd7ef40-bc9c-40d1-9e62-62bf0850c6b3/f6e252a5-7924-4e5c-bc63-8b711db60ba0/8a0187a3-03f0-45bd-ac3c-6e47c7999f03/bc28acd1-d83b-41e6-9aae-31c7f739c6e7/crop.png,2914,d368a3ac1b66c8f1d134be9526cc96345ff37e9377681e6a10fc89b611ca7d53,cell_crops
cell_crops,667d7f62-8bb5-4ae9-8fc6-969193ae8e9b,relative_storage_key,cell-crops/05b33155-8921-4eb9-9920-af67decfe454/6278de2c-44dd-4a75-aca2-9708e58437ba/92e2e64a-1c82-402b-b24d-75d43d50a17f/18cc3057-7d85-4c53-a8fe-25eb0d57f5f2/crop.png,6665,2b58b7adc228a4f80c180ba76193b9e148a7c3886dc2180c1ae7b2289cfab2ef,cell_crops
cell_crops,669b6846-92bd-439d-8b21-8d4ae2bce8b0,relative_storage_key,cell-crops/6dede06e-ae61-4920-bb2c-935cde2a5ff5/60bd296d-21d5-4d22-99bc-a023cb410f35/88dc4c92-8367-4c4d-a59b-da86d01b8d82/e635e31a-daed-4a39-baea-70690950171a/crop.png,3715,e4012736878b7a669a5b3eb829441e6b48215be50b60cb80c9f6146c8cd757e3,cell_crops
cell_crops,66a00463-2000-4fd4-ae50-66e4c1bb6ecc,relative_storage_key,cell-crops/ae68a99c-11f7-457a-88f8-3cef9a144958/618af6de-bfab-495e-8634-e484d620ee21/650c7580-8b2e-4bc4-88e8-bf03c5bb423d/79d28078-5535-4201-a7de-ced8a9b22e9d/crop.png,3058,699addf83ad8368e86e7aba3d4d6e7ce135cf7a6338e0bacec21b27ddf4ab6ca,cell_crops
cell_crops,66bb0da2-9727-4e3f-8b2b-dcc6d5929db2,relative_storage_key,cell-crops/fce4a23b-7725-4c69-960b-5c9cd9b68f50/c6ecf996-e832-44ad-89bf-2ca55d1d46d5/5ecbdf28-e01c-4b51-ae7b-f9d88c6b9aa5/b114b903-185a-4a54-b27c-e9087ff88657/crop.png,4911,20a4aaa2d8b05d0c9ef8b489b3d96fd07be07ddc419c24b6191eda28b1567a54,cell_crops
cell_crops,66df8b05-c1e8-4a81-84c6-4ba19610bd20,relative_storage_key,cell-crops/7ef7cff8-899e-428e-b89a-36803c0575b3/04bafb48-259f-4626-82fb-a3359ee3160b/00b8d663-89b1-4dfe-8f8f-9a01bca4688b/811d27ac-644c-4523-b5bb-e2c19c2fe918/crop.png,7873,990fcdd352b0d590a8dbdc127b571559bc55a2cd45cd521bc42ff6b3bdf40f42,cell_crops
cell_crops,6735d0b2-862d-4c91-a0c7-350f75e229ea,relative_storage_key,cell-crops/fce4a23b-7725-4c69-960b-5c9cd9b68f50/c6ecf996-e832-44ad-89bf-2ca55d1d46d5/5ecbdf28-e01c-4b51-ae7b-f9d88c6b9aa5/f81cc3cb-ac1d-42f3-9f8e-24849e1f6257/crop.png,3626,1c0d3981a59700e48f76f2750d92a472161431925bac33902fa76e759a1bc0a1,cell_crops
cell_crops,674e64a4-b08d-4be0-a694-b4dc5bcb7b70,relative_storage_key,cell-crops/cd096d9e-0d01-4e4f-acd5-65e1548c215b/de773a50-b182-4ed9-9bdc-3f6f65bf242d/8eae56e5-dc27-4e8b-86ce-b22204a68814/d61b43ad-916c-4358-a04b-d5311fe6c533/crop.png,700,f51b58bfef7747a69882ec2c2866f7a58a4b880860b9478050f32c1c1a261d63,cell_crops
cell_crops,67522370-b357-40be-87e7-cca7c0233958,relative_storage_key,cell-crops/ae68a99c-11f7-457a-88f8-3cef9a144958/618af6de-bfab-495e-8634-e484d620ee21/650c7580-8b2e-4bc4-88e8-bf03c5bb423d/7e15e274-fb0b-4fac-89c0-c3d92d482d26/crop.png,1439,12f2bad7a70bdafd26638ea4637a377adb05bf730415bd94adb67ec8bb3f275b,cell_crops
cell_crops,677bbee7-95b5-4457-8d24-86962bb580b7,relative_storage_key,cell-crops/5d9ca4e3-60b1-4a9f-aba0-8a5edd13510a/3f2dc1d9-eb62-44b3-a325-2d8db65a585c/0c7ee510-e240-4b6f-b8bc-352c4dd9aa20/0756473f-2f6d-4908-af4e-14f352dcdd02/crop.png,2235,0ecc379c5257aa1b147b1495b12ea8630e591da382ef8dd3c1fd646643b385e5,cell_crops
cell_crops,67a03d25-5195-4ff1-b82c-18b84d3b309a,relative_storage_key,cell-crops/e11b10f7-d1c3-4d6a-9e69-a4b6bc1abc46/1db1a505-3eaf-456d-b123-7b9f8ee77762/339d62a6-0363-472b-b2e3-4a7befd2c42f/b8926b9a-03b7-48a2-94a3-11130941ab6e/crop.png,1507,24009ed2f37aee3c60e14d3b1d25a96e60842a9e873cde0e16b76e1933abceb8,cell_crops
cell_crops,67a25f68-3d1d-4cc0-bb14-9e78300fbf8f,relative_storage_key,cell-crops/b0a5839c-3668-4411-b590-cc1d8fed470e/bf423fe1-2fc5-4662-9eda-ff1496c1bba9/c2a6cffd-18de-474e-ba04-2bf65b0f4f8c/f53e3b7d-9b79-40bc-ad01-202457a4941a/crop.png,2158,19fbf1aed0fa2c3f68e31e74da49299f1e2297981055df9e4db2039e87080d04,cell_crops
cell_crops,67a4da06-e514-4b2e-96b0-696242099367,relative_storage_key,cell-crops/211b65b9-8b1b-4bc9-bf8e-2572a00a3ecd/85d8a71e-e9ed-4062-a036-52e42dd89720/83b0bdb6-4441-49e8-b6a7-4de634e8d548/28c9a1f3-0c7f-422f-9edf-1376e7a2c22e/crop.png,11722,73de0f725b6de19a527f12e0421b41251badc7b0be063cf8272b1ad004873558,cell_crops
cell_crops,67a60f37-682d-47f0-b394-482f1689d280,relative_storage_key,cell-crops/211b65b9-8b1b-4bc9-bf8e-2572a00a3ecd/85d8a71e-e9ed-4062-a036-52e42dd89720/83b0bdb6-4441-49e8-b6a7-4de634e8d548/81dde788-16f7-4997-8aff-92878a7dfe3e/crop.png,1748,4929ca8b567dbf65b719197ba06d5770e7caddc0c3538dae7f9bf9b44181e6a0,cell_crops
cell_crops,67ae90b8-9faa-49c3-b6c6-ffe4090246ca,relative_storage_key,cell-crops/7a11c0f4-a9d7-4446-a5f2-437ffc334a6c/0ff18f89-6fbd-4755-8e89-15227de46f41/3dca4192-f767-48f3-a7e8-59e22d9db3f9/3adfd42f-c1b0-455f-a126-553fb802a8c1/crop.png,5099,556cc38a8231356c3f99c96c7c4eec2252453fc5e2c54dea38dd8f09b0986929,cell_crops
cell_crops,67b5acda-2a34-4867-aab9-bdd616f23e2a,relative_storage_key,cell-crops/5f35abbf-10da-4c5e-b4d7-0b2e59de51f2/99ac88d3-5c9f-4fc3-8d6a-abadae1ee80c/b0ad2c3c-3de1-4628-bf32-d60536a0da80/0db58119-6a0a-4d32-a31c-8cee9df3ecc3/crop.png,4301,8ff23db881a9a8febc2f046ec0d44ad85b37d6784d515287baa4f4797c79e54a,cell_crops
cell_crops,67b64fb9-9aea-46d7-8ec3-45d01d8b2bab,relative_storage_key,cell-crops/e11b10f7-d1c3-4d6a-9e69-a4b6bc1abc46/1db1a505-3eaf-456d-b123-7b9f8ee77762/339d62a6-0363-472b-b2e3-4a7befd2c42f/1f726fef-959a-4a83-8e09-e12fd25d5a5a/crop.png,3354,c358c9ecd6fef084c2f8212b9339986cda76d22182c43a9bfe63d3f866aef21b,cell_crops
cell_crops,67b6d105-e069-49ff-bab9-162b8494d3dc,relative_storage_key,cell-crops/fce4a23b-7725-4c69-960b-5c9cd9b68f50/c6ecf996-e832-44ad-89bf-2ca55d1d46d5/5ecbdf28-e01c-4b51-ae7b-f9d88c6b9aa5/9bc67c2d-c83c-40e3-b728-73f8ed7b8fb3/crop.png,3965,a0768592edff51110f667ac93a5e3d4829f63f6cf02b086355583250deced1aa,cell_crops
cell_crops,67d97bec-b3f9-444b-a09f-2ae0d2f4c843,relative_storage_key,cell-crops/3a33d13c-ff5b-46ba-94b4-0710e5185301/a78dd7b0-8ddc-4cd7-bc5a-241f8b427de6/7ba97fb6-e951-4c3b-93d8-3958918f513f/10eba1aa-666e-40d3-baa2-f809fba02e48/crop.png,3482,32ab980c64b07a3eed81dea871e214574acbbff52aeeaf9b48f0e0408179878c,cell_crops
cell_crops,67e84775-1ea1-40ee-ab20-9b879ec81205,relative_storage_key,cell-crops/8b912699-0346-4eca-9a3f-992922f65702/c5ca90cc-e321-4501-82f3-a2e0ef0f51a7/51a1e5c5-fac7-4ab5-b6dd-bef48d583434/b1556f33-bef0-4bd9-bc9f-013c6b28812d/crop.png,11274,8d38eed801421fcd424770e32877c12df57995018dbc606ee7ecf469291f4640,cell_crops
cell_crops,682a7e77-1c1e-4953-a68c-2f3af14b1e91,relative_storage_key,cell-crops/fce4a23b-7725-4c69-960b-5c9cd9b68f50/c6ecf996-e832-44ad-89bf-2ca55d1d46d5/5ecbdf28-e01c-4b51-ae7b-f9d88c6b9aa5/d0993947-36ab-4e15-b527-e2e290a33389/crop.png,7209,49199b2178a000f3da9e7873f5709fe6b13db77d7aa65ee599583fcbaf62f230,cell_crops
cell_crops,6870cd56-a1ca-4531-bade-3cb58b404a24,relative_storage_key,cell-crops/e11b10f7-d1c3-4d6a-9e69-a4b6bc1abc46/1db1a505-3eaf-456d-b123-7b9f8ee77762/339d62a6-0363-472b-b2e3-4a7befd2c42f/cb31797f-1e3a-4e90-8986-55a13d55ef78/crop.png,20588,5d5fc8f5b940d4805c54ee57f9b7886492dc51773542f568448387c1468a20ed,cell_crops
cell_crops,688be986-c6fe-407f-ad96-4c0a597f03ec,relative_storage_key,cell-crops/121a69bf-ba23-4014-892b-158b9c2b71a4/aa1323a6-7f80-4e1e-819a-ec182f045f3d/97fb12a0-df7f-455f-8e13-e0383ad3934d/82303b71-8dc7-4af8-b435-61a0c8c2d2c4/crop.png,831,cc76e0159c2face4e44a99a13db7e23ca0f0bd6a78710dc2a09ef1d9460fbce8,cell_crops
cell_crops,689d2092-a44b-423c-a10d-4d725fcb6129,relative_storage_key,cell-crops/ae68a99c-11f7-457a-88f8-3cef9a144958/618af6de-bfab-495e-8634-e484d620ee21/650c7580-8b2e-4bc4-88e8-bf03c5bb423d/f473c66b-8ec2-4d57-a444-0c435f442ec0/crop.png,1846,591bbfe23a17fd0f3e40a4dedebcfe5f0a041d980e8bd7afe4be85fc29a68dab,cell_crops
cell_crops,68da5c24-dc25-4fc6-b8e2-06ae25ada8ae,relative_storage_key,cell-crops/db1855bf-e94d-43ea-86dc-5c1d21c82206/70a62caf-67c3-44f5-8752-596e9432c4ca/f914626e-fa1c-483a-ac2d-a7ebce6130f5/64febb4c-916e-4b0d-b22e-00cac1735c89/crop.png,5103,63e8b38684ce1ece1247bce8343076352dd090d30212322d0c2ec71f7faaf26f,cell_crops
cell_crops,68dd7105-f817-42fe-9fda-96f915aa2919,relative_storage_key,cell-crops/b0a5839c-3668-4411-b590-cc1d8fed470e/bf423fe1-2fc5-4662-9eda-ff1496c1bba9/c2a6cffd-18de-474e-ba04-2bf65b0f4f8c/9f06db43-1f89-4592-b083-7214da872b8a/crop.png,5002,7f65bc140557dc4fc9264ba567b82e0f50cfc0588316f85c391a687f645689ce,cell_crops
cell_crops,693694fc-d800-40b3-85fe-62ca8f03e96c,relative_storage_key,cell-crops/54e278de-2381-4a05-8faa-42bf761f6688/50b0884e-ddde-4252-be9d-058151c986c4/f4400105-33b9-4bc0-860b-010b1cf3d386/a9b4fa45-b48d-4373-ac22-9aa7c6903b0b/crop.png,724,58e188dfdbaee26f034467f1b1dd03e25a7bf2f8daf0e2592eb8f4b85a3634bc,cell_crops
cell_crops,693c91aa-c574-4fc0-89a9-811f307ab68c,relative_storage_key,cell-crops/1c49de91-f3ba-4794-8cbd-62bc966049c5/1007bc39-4bca-4a32-9069-5c8180b174db/cdcfc6c7-12a5-4405-8fb1-213826f88d05/dd0ba7ea-ce45-47f0-9367-e9d53f28e40c/crop.png,6289,c08612fc92546b72d137df562831312cebadcfde91278acc143af4a016e96598,cell_crops
cell_crops,696a27fb-9a0b-4396-88b5-b75d9de7e6e9,relative_storage_key,cell-crops/121a69bf-ba23-4014-892b-158b9c2b71a4/aa1323a6-7f80-4e1e-819a-ec182f045f3d/97fb12a0-df7f-455f-8e13-e0383ad3934d/24cb622a-c2a3-4690-af79-9b259dd31db4/crop.png,6582,be51299bda4684faa8b822e83846a619dcff194dfdf386fb75ea728e4ddcb553,cell_crops
cell_crops,696e6a61-779a-46bc-a8cb-e6e73b11f42b,relative_storage_key,cell-crops/b0a5839c-3668-4411-b590-cc1d8fed470e/bf423fe1-2fc5-4662-9eda-ff1496c1bba9/c2a6cffd-18de-474e-ba04-2bf65b0f4f8c/75b2f6b7-b331-4008-b901-41a181f09af1/crop.png,2189,eefd964afafa801cc32bd2c890400b121eabaf0830644dd817a98faa25aa0016,cell_crops
cell_crops,6978e803-48ed-42df-916c-fc80b01f960e,relative_storage_key,cell-crops/c6209893-144a-447d-a436-fe89fc140cee/f088ac8e-c214-474d-837d-53532f4ef947/43249c8b-9008-49c9-8246-2b24989143a2/68ade68f-0235-4036-8282-f82a09fb4caf/crop.png,4253,a61cca8a77fc45a853794bd15dbbd685b75dc99fd3943b5de554a5afc815e8ed,cell_crops
cell_crops,699254f4-4779-4951-9475-cdda23b06418,relative_storage_key,cell-crops/8122e340-548f-40df-9dd4-ed43859605ff/ed18ce4e-6fb0-4f1f-b313-c9d76617210c/8cb2cae1-c3e1-487c-a274-4385f339dded/ddd11512-7b48-45ec-afab-7e6b551e8dd7/crop.png,3982,af1251c6a40f213248a82f171eb5b221ae5b5489f7df32192f79b641bddf8255,cell_crops
cell_crops,69ad58ab-072c-4096-b07e-73ce80b50812,relative_storage_key,cell-crops/07c71166-93b3-415e-b764-6ca7344238f6/151ee7ee-b609-4e6b-985c-04af59a85470/9c45439d-fd87-46c3-944a-439ab92cbf89/dc406827-ba04-4e0a-a7d4-ed511ac62b7b/crop.png,1601,685f3e86e9435ac0ecfa33b1bfac7a81b916349c29271462173345aaed5624e0,cell_crops
cell_crops,69b3bd5a-7233-4d4d-9e80-c341476c28d3,relative_storage_key,cell-crops/214fd936-3c74-4042-937a-3131ff495bdd/5e7bbe13-3cf2-4c2d-9022-31d242f15fb1/c6a30725-877a-4570-819a-de52a6bcb57d/808e0818-d441-48e6-bb96-cc023420fccd/crop.png,10578,7e1e5d5a0a49b145a57a83867bb1341be0bc5850e3876c92edc61b45fb5371f2,cell_crops
cell_crops,69cf0399-348c-4c90-bfc3-9bfa4e5041e1,relative_storage_key,cell-crops/121a69bf-ba23-4014-892b-158b9c2b71a4/aa1323a6-7f80-4e1e-819a-ec182f045f3d/97fb12a0-df7f-455f-8e13-e0383ad3934d/57064b4e-8192-4e47-a5c3-d192ea1755b3/crop.png,2444,2a60fd98abf05ce1e7024b1f665b194d4281f672bdad0efc6c5ddadd02226a5e,cell_crops
cell_crops,69d429cb-9b53-450f-ae8f-27c4ed874696,relative_storage_key,cell-crops/ba5fc281-07c1-46ca-8091-0c13e6753aa4/d33fb4ff-3366-4fff-9806-8ab03314dbd1/18b27447-aed7-42fa-9142-4bab96366973/d11293bf-e3a8-4476-9795-9e7c879a79e4/crop.png,4113,aee0199159b5b1dd317a924ee99816d284f0c47152d69e7dbfc2f4371994f010,cell_crops
cell_crops,6a149f81-4b69-43b3-910f-6400433159e3,relative_storage_key,cell-crops/8b912699-0346-4eca-9a3f-992922f65702/c5ca90cc-e321-4501-82f3-a2e0ef0f51a7/51a1e5c5-fac7-4ab5-b6dd-bef48d583434/8a1bd0a7-7525-48c0-9190-717071b252a0/crop.png,3516,948532669f2b537ac8039af433e3948020a1247f7c00cdb32d1e0e1cace45c36,cell_crops
cell_crops,6a1fed22-53fc-419e-88b7-ae5f13cc0a45,relative_storage_key,cell-crops/1c49c468-795c-45ed-98a4-e3670ddd5182/2f40a287-e0d5-4ab9-919e-a1ddfe57b9bd/2ac85463-e0b3-4c27-bb72-7ffdae1f53ab/e9429b87-a130-4368-bb87-edfa2d90c6e7/crop.png,9157,2058887d864bc74bf4294a5232ce4870e70023823219840b2b2d24082f4cd47d,cell_crops
cell_crops,6a259786-e15e-4cca-bd9b-2ff7a3b8d3c7,relative_storage_key,cell-crops/54e278de-2381-4a05-8faa-42bf761f6688/50b0884e-ddde-4252-be9d-058151c986c4/f4400105-33b9-4bc0-860b-010b1cf3d386/777a4070-815f-4307-861f-782ae71fdc19/crop.png,3166,c955ebe675ed1fde70e523db7ba3354ee091803aa408c6722e58ebe697b826fd,cell_crops
cell_crops,6a50386a-7671-42c8-aaa7-e2120596384d,relative_storage_key,cell-crops/5d9ca4e3-60b1-4a9f-aba0-8a5edd13510a/3f2dc1d9-eb62-44b3-a325-2d8db65a585c/0c7ee510-e240-4b6f-b8bc-352c4dd9aa20/83ff422b-c0c5-4dc9-9b3a-317f3b1c77a0/crop.png,3950,e9216f722f86d5f3802c3d578efcfa3cc0b2379501ed9c98f7230e856bdbdbb3,cell_crops
cell_crops,6a535f27-5e27-4f88-b20d-63a288be6104,relative_storage_key,cell-crops/db1855bf-e94d-43ea-86dc-5c1d21c82206/70a62caf-67c3-44f5-8752-596e9432c4ca/f914626e-fa1c-483a-ac2d-a7ebce6130f5/0d44fb55-452b-428d-be43-45760194e66c/crop.png,6092,e3d752cf843217fd08be637f071e58068b61ea9bda5e3a871e8897123f7e8e78,cell_crops
cell_crops,6a6ffa66-0c98-4141-adaf-0e423e1d7a20,relative_storage_key,cell-crops/4383bcb6-1595-4b3c-9c6f-ced12863a762/f6d15c09-591e-4808-aff5-02f7c8c4d239/25a1a8fb-90d3-4cfb-b43b-20ee3b4b7788/764d7ece-8c35-4421-9a5d-da16ac9fe66d/crop.png,12546,5258b1200bf1d843dce951a364371160769c30400ffeb579a1e069a1be368ec0,cell_crops
cell_crops,6a790e36-eba4-407f-a36f-ef12dfca9775,relative_storage_key,cell-crops/7fd7ef40-bc9c-40d1-9e62-62bf0850c6b3/f6e252a5-7924-4e5c-bc63-8b711db60ba0/8a0187a3-03f0-45bd-ac3c-6e47c7999f03/8ac12d4a-2887-4f1d-83a5-1a39b178c0fd/crop.png,1768,60f6e0d762485f8a083be08b0cce3470f0af3dd38c200dbea64a81d08827654a,cell_crops
cell_crops,6aa37a1c-0835-4c9a-8f2b-1f908a068403,relative_storage_key,cell-crops/7ef7cff8-899e-428e-b89a-36803c0575b3/04bafb48-259f-4626-82fb-a3359ee3160b/00b8d663-89b1-4dfe-8f8f-9a01bca4688b/bffad171-50ff-4aad-988f-16c084eba157/crop.png,4425,d2d77bb6ea88c575b076859dfaf928b65c0f1a0b083b1ac08a1a3e9669bafd1e,cell_crops
cell_crops,6ada322e-096b-4ce7-b0a9-c555b3d1c913,relative_storage_key,cell-crops/1c49de91-f3ba-4794-8cbd-62bc966049c5/1007bc39-4bca-4a32-9069-5c8180b174db/cdcfc6c7-12a5-4405-8fb1-213826f88d05/3e29b7d6-0d53-4591-8343-a0b8509e412c/crop.png,5856,721bcc2cadcdaafd79bbc5362b6c20fc50daa6b24692f6323aaf08baf282b3be,cell_crops
cell_crops,6b073ea9-b770-444e-b26a-e1976f1d37ed,relative_storage_key,cell-crops/72906de0-83a0-4e98-940e-735fe5fb2363/c3c7a47a-b9d7-41c8-a8db-3269a23bca95/452e4d39-1e65-4a32-8a6a-e88382ac7aa6/5d8d89bd-8c51-460c-81c4-e6cb17ab174a/crop.png,2959,e8be48e1b907a76df6a45cd5c2c86e3777725d7197c998abe4fecc4b1b23e10e,cell_crops
cell_crops,6b094b94-7666-4c91-8695-84d6892ce1c5,relative_storage_key,cell-crops/59a98cc0-24f4-424a-b208-3fe06063fa47/98626a4c-b3fc-464a-a4fe-90bc886c7647/c0a49ec0-99e0-4b2b-a9e4-1e2ec28655a0/6a1370b8-bdbb-4eb2-a1e3-71c505bfb3c4/crop.png,5850,7d6bedd893609d154bc9c7ffaea373779d9f35c4cab369e69fb5afae3b86a3e2,cell_crops
cell_crops,6b14f050-d73f-432f-8f8f-1530e17cbea5,relative_storage_key,cell-crops/e11b10f7-d1c3-4d6a-9e69-a4b6bc1abc46/1db1a505-3eaf-456d-b123-7b9f8ee77762/339d62a6-0363-472b-b2e3-4a7befd2c42f/a02f7b62-0dd8-4180-b1c0-cb92867c4d5e/crop.png,5583,8fdd4cb9389110f37323e950001108980755cd4d0a354079fdf5cd248455ce44,cell_crops
cell_crops,6b15759a-0362-4aa2-88e7-d5409b427fea,relative_storage_key,cell-crops/4383bcb6-1595-4b3c-9c6f-ced12863a762/f6d15c09-591e-4808-aff5-02f7c8c4d239/25a1a8fb-90d3-4cfb-b43b-20ee3b4b7788/8152713f-44c8-4068-91e2-6882c8056626/crop.png,3941,5bc1dc1f56d4f92c7f0bf7d255b3f9afc7b35c73003f6d1ac43f7d3f26d3cf23,cell_crops
cell_crops,6b228c0b-af2f-47b0-8871-e510290a9a36,relative_storage_key,cell-crops/aac2f7a6-e279-42c1-8035-33134bfdf3eb/881590dc-6d13-4137-ba82-d28d2ed5199a/34070251-bc08-40a2-b33a-35ad175a7189/0d79b81c-5c7d-45b9-8d89-383f7abc9f8f/crop.png,3506,9363e8b9238569aac410e2d7507ab580b294a812c454c3fc307ceceda7d41c44,cell_crops
cell_crops,6b27b75a-b3a1-4379-ab8e-dec96c42fa32,relative_storage_key,cell-crops/8122e340-548f-40df-9dd4-ed43859605ff/ed18ce4e-6fb0-4f1f-b313-c9d76617210c/8cb2cae1-c3e1-487c-a274-4385f339dded/1069dee2-4b5b-4f41-aeda-bbf62a404f89/crop.png,10447,423a2225d21a94fa10934945475c0d96e5934720512899bcd05daeecae1570c9,cell_crops
cell_crops,6b2b1b78-be59-4cfe-924b-1f8204a12465,relative_storage_key,cell-crops/7ef7cff8-899e-428e-b89a-36803c0575b3/04bafb48-259f-4626-82fb-a3359ee3160b/00b8d663-89b1-4dfe-8f8f-9a01bca4688b/2e11224b-05b3-4e4a-bc1d-3c09a9c4c718/crop.png,14966,190008dffefe67b9cf640e6c46b3d8d50d13662c3ab52998e28f6d9aa06a2dd5,cell_crops
cell_crops,6b6e1462-ace4-4f13-839d-dc2b1a3164e7,relative_storage_key,cell-crops/7a11c0f4-a9d7-4446-a5f2-437ffc334a6c/0ff18f89-6fbd-4755-8e89-15227de46f41/3dca4192-f767-48f3-a7e8-59e22d9db3f9/cceb9505-8cf8-497c-b934-6d8d0a3748e5/crop.png,4030,c9d14fb3fec81fd683ed721e7459204529f0387b974414ba73140da5bc200bc8,cell_crops
cell_crops,6b865f44-fc08-4524-9c0b-e5191fa2e58a,relative_storage_key,cell-crops/214fd936-3c74-4042-937a-3131ff495bdd/5e7bbe13-3cf2-4c2d-9022-31d242f15fb1/c6a30725-877a-4570-819a-de52a6bcb57d/abccbeb8-bcda-4e6f-aea6-315460841fa2/crop.png,6995,6c1c1ea1662a329024f31faf1d33ede91d00a82dcececcfa34d8c80288ebd5ac,cell_crops
cell_crops,6b867d0e-f822-43fe-8e68-e0f8bf03ebfd,relative_storage_key,cell-crops/ae68a99c-11f7-457a-88f8-3cef9a144958/618af6de-bfab-495e-8634-e484d620ee21/650c7580-8b2e-4bc4-88e8-bf03c5bb423d/6493b30f-81ea-44ae-aa06-711ac88ab28d/crop.png,2848,e82a5b31cbc2d01051c138412b74275e3dc504e59cdab2670b4100fb49079c43,cell_crops
cell_crops,6b97f60a-5891-45b2-812b-5dff224baeee,relative_storage_key,cell-crops/7eba770f-f337-4ed5-b174-fb4c18baaae5/0074b7b4-1a21-4123-9fb0-7a7e78c65792/6a4c1def-59d7-4111-8a64-9cfb8e00ba8f/d0407f6e-8d51-4ee6-8d5e-3039c6a7b6fd/crop.png,9461,2ddfc8ac6851f5b30f576f085f7c748ea69fcf60934d068dd01fce5fd8fa6bde,cell_crops
cell_crops,6bf2f44a-7cbf-446c-a2af-17a89bb56981,relative_storage_key,cell-crops/9696ad8c-6c01-439f-afa5-29d7f5234348/c6ffc450-182b-4d59-bf0d-1090bd076903/dd3b1716-0bb9-4523-9fa9-61bc274925d8/6619d7d3-ff8a-4bb1-9437-851a2fc3d645/crop.png,9424,a73d124dcd8fd669726701f7bb813395051d26c37a891d17f171121c21e8af44,cell_crops
cell_crops,6c01b528-1a21-4bb8-89f5-a5f80a4cfd29,relative_storage_key,cell-crops/9696ad8c-6c01-439f-afa5-29d7f5234348/c6ffc450-182b-4d59-bf0d-1090bd076903/dd3b1716-0bb9-4523-9fa9-61bc274925d8/6252903d-432a-49b3-ae48-821c7d33b3fc/crop.png,4633,5608b359ebe97991112a11be789d6a184da09b39c5ca72c3c402251b3e6f10cf,cell_crops
cell_crops,6c3e2d55-c765-4f89-8d31-e828eeaf4821,relative_storage_key,cell-crops/9696ad8c-6c01-439f-afa5-29d7f5234348/c6ffc450-182b-4d59-bf0d-1090bd076903/dd3b1716-0bb9-4523-9fa9-61bc274925d8/d3137cbf-d4da-42e8-87e3-575f6866fa4b/crop.png,3940,0a7215e1a8a907ba053e50a49aa851c133fc8271c841da3b0c54b76feaf5f696,cell_crops
cell_crops,6cb459cc-01b9-4ee4-b39b-8e971edebb55,relative_storage_key,cell-crops/121a69bf-ba23-4014-892b-158b9c2b71a4/aa1323a6-7f80-4e1e-819a-ec182f045f3d/97fb12a0-df7f-455f-8e13-e0383ad3934d/f6ddf10e-edbc-41c4-827e-b5a196547e8c/crop.png,2412,2b94d3788697257286200ab82e97747cfe87428a84e7809583fa9b5fe91756d5,cell_crops
cell_crops,6cb5c3d6-85b8-4131-83e5-4a6d47c18621,relative_storage_key,cell-crops/52c4864d-1788-41db-a1d2-883ce7d83a58/490887fa-b3af-4136-85dc-8ae66e413acd/bf339bce-cffa-48e9-a044-4b9df2cc36b4/37127191-924b-46ec-86e8-f3b74c7e9da2/crop.png,1673,d3a23ae7fc9485138d3872b71132ccfd5d82d97fbe45ef6831b04d4f7384cc30,cell_crops
cell_crops,6ccf853f-d920-49b9-aa3e-371201b06212,relative_storage_key,cell-crops/5d9ca4e3-60b1-4a9f-aba0-8a5edd13510a/3f2dc1d9-eb62-44b3-a325-2d8db65a585c/0c7ee510-e240-4b6f-b8bc-352c4dd9aa20/358b92c3-bf76-4417-988c-b7370c774de2/crop.png,4260,bb1b3de15dd6663e5163c78ceb46238937c69431fe1b5024808f315850f3592f,cell_crops
cell_crops,6cd09eac-3162-47d1-b4bc-ec313ce6430e,relative_storage_key,cell-crops/c6209893-144a-447d-a436-fe89fc140cee/f088ac8e-c214-474d-837d-53532f4ef947/43249c8b-9008-49c9-8246-2b24989143a2/903f3ce0-58a0-4565-aed4-d7edec332a1b/crop.png,3571,427816d386941984da72649cf7e44e7b0e89e7b706329e7c3a0df740dbed48ae,cell_crops
cell_crops,6cf2f582-a06b-471a-b43d-3cbb9107dcd3,relative_storage_key,cell-crops/7fd7ef40-bc9c-40d1-9e62-62bf0850c6b3/f6e252a5-7924-4e5c-bc63-8b711db60ba0/8a0187a3-03f0-45bd-ac3c-6e47c7999f03/411beba1-3214-4a0a-ac14-b13e252517f4/crop.png,1337,1f1c82a743fc6cdc92e09c6eae0bc1a33ee6906840675f645838ce9e80555b78,cell_crops
cell_crops,6d067a0f-ac90-4ba7-863a-c63f09e3ed41,relative_storage_key,cell-crops/e11b10f7-d1c3-4d6a-9e69-a4b6bc1abc46/1db1a505-3eaf-456d-b123-7b9f8ee77762/339d62a6-0363-472b-b2e3-4a7befd2c42f/eaa050ab-173e-49c4-905e-89f5d2c11d38/crop.png,1562,ae7e1e1dc774ba2f02e03e5adb158195d4443cea0fa77b2fe6cf2f3db5b090f3,cell_crops
cell_crops,6d132e47-a538-4322-a554-030745e801e5,relative_storage_key,cell-crops/8122e340-548f-40df-9dd4-ed43859605ff/ed18ce4e-6fb0-4f1f-b313-c9d76617210c/8cb2cae1-c3e1-487c-a274-4385f339dded/6ce57e76-92b2-48fb-bc0f-fada83969688/crop.png,6526,398dd03e0eaf46d3a1f70d1a6c4f08425c00ce6cd00550acc3912dfffbeba7b6,cell_crops
cell_crops,6d1c0ef2-bcf7-4682-a340-724ca458498c,relative_storage_key,cell-crops/39265da0-dd1a-4f17-89aa-1e661f9c473f/72553654-6802-48a4-964a-3fa748870a05/afee46ec-494f-4fe6-be85-353a4cfc0b56/686b424e-e7b4-4787-a1f6-9f1fd7a954ca/crop.png,3482,32ab980c64b07a3eed81dea871e214574acbbff52aeeaf9b48f0e0408179878c,cell_crops
cell_crops,6d7bd1b5-305a-44af-a926-bd490b926985,relative_storage_key,cell-crops/4e1ca921-c5c6-4d89-b035-2d7dd99040d5/b9f975b3-7cd8-4b9a-a2cc-1bd9a76d924c/dc6df3c3-f03e-4261-bd4c-a2df5e0f0d88/d384aa77-64ee-4cae-8cd2-2a6c2d0b2dd3/crop.png,9170,40b0f80f0e208fda23f84d1dceeed8c381b6a868034a9584e599d27c4207074b,cell_crops
cell_crops,6d98a953-0030-4444-a718-3c269c164a90,relative_storage_key,cell-crops/7ef7cff8-899e-428e-b89a-36803c0575b3/04bafb48-259f-4626-82fb-a3359ee3160b/00b8d663-89b1-4dfe-8f8f-9a01bca4688b/aad25fec-525d-4831-8c12-e97d96c44c2d/crop.png,4117,41e6feea7c5976815295b0a2e99111288ba3e21fcfffb9f4af0c55d0b6e53d39,cell_crops
cell_crops,6db8eba9-065e-4efe-99ef-aad5fba4f19e,relative_storage_key,cell-crops/e109f86a-afaf-4c6b-8831-0fd7fc4fa7b2/2b113263-4ee7-4c87-a4d5-c689a43626bb/5b7cb03b-f0e6-42de-9aba-d4fb3757ad09/f55ac212-e736-4314-b9b3-b213c9d324cc/crop.png,74352,84e3e3838c05008c1f176eed725466b254f63a87392533433b032e40ccf2773a,cell_crops
cell_crops,6dbab7f3-1489-4188-8505-bedba3c30b00,relative_storage_key,cell-crops/c9a6b7af-881f-47da-980a-1a2c2b743a1c/03505d0f-434b-48ac-ae42-76750f4fbc1a/a0889d56-1430-4a7f-b67c-e21291ac9ed7/10b15eba-83c4-4688-aea0-840abe9459f6/crop.png,4470,93cdeb984caae603f20ddd99e8cf6d7a63d51dabc710c09f4db973376f23912d,cell_crops
cell_crops,6dd3f886-0819-4acc-b0ca-6eefc1605cf3,relative_storage_key,cell-crops/72906de0-83a0-4e98-940e-735fe5fb2363/c3c7a47a-b9d7-41c8-a8db-3269a23bca95/452e4d39-1e65-4a32-8a6a-e88382ac7aa6/719998f3-2f3f-489c-b0af-d803eef0f5d4/crop.png,3099,0390ed390b548b1d6f28045813a193e00ec4c9a6ece9a4a9cc09714aad23b960,cell_crops
cell_crops,6df1628f-9e7a-45fd-a249-06036d0acb21,relative_storage_key,cell-crops/7fd7ef40-bc9c-40d1-9e62-62bf0850c6b3/f6e252a5-7924-4e5c-bc63-8b711db60ba0/8a0187a3-03f0-45bd-ac3c-6e47c7999f03/b1ea6a69-8702-4dff-a2a3-d58a598a0e3f/crop.png,1654,987cc1357a5d45d0df8c1dfd2ad6d4719f361d7be93ddcbb396c7d43296ca4af,cell_crops
cell_crops,6df1ead7-5b4a-4853-a3a2-45441a0de4d4,relative_storage_key,cell-crops/3a9a3ddd-a6fb-43b7-98e8-82fe65649b10/69a3938d-51bb-45d7-928d-1b35d46634bb/ea56489d-de29-4bcd-bf1e-16e83feedee6/57844b99-554b-4605-9298-00b8a9f743eb/crop.png,7577,9d848217a139ca0b7149d90e651963736cc0d866119e3174174b0367b17727c0,cell_crops
cell_crops,6dfdc297-116e-445b-90b3-ac3bf8112e2c,relative_storage_key,cell-crops/e922ee8e-77f4-426a-8de9-c98840e1bb7d/cbe1ff80-b88b-4401-b918-9064927d2acf/195bafe6-f5d3-4155-8e36-a48b6d4b88bd/a174bb90-c353-43e3-806e-f0871319e8a1/crop.png,499,2d7845200bde7c0b24fcd5a2bae929b7b361f89f6ebf73838cc892e84ed8521d,cell_crops
cell_crops,6e0a5127-5a34-4596-91fb-918aa562f07b,relative_storage_key,cell-crops/8122e340-548f-40df-9dd4-ed43859605ff/ed18ce4e-6fb0-4f1f-b313-c9d76617210c/8cb2cae1-c3e1-487c-a274-4385f339dded/522a522f-4428-42f3-b501-118b46412e65/crop.png,3816,5d0cbad1d28ce211efdd90a00c0dc22de9620f7ac8bf0fc9bca222cc03372f35,cell_crops
cell_crops,6e0f9630-ecf8-47cc-9d88-e173180a14c3,relative_storage_key,cell-crops/05b33155-8921-4eb9-9920-af67decfe454/6278de2c-44dd-4a75-aca2-9708e58437ba/92e2e64a-1c82-402b-b24d-75d43d50a17f/ae333ebc-afac-4c42-b3ec-636247a08370/crop.png,5429,9492644991312d0792fd2604e8f640603b249558e998f8ce14d3584f2fecce7b,cell_crops
cell_crops,6e5e3746-2c50-41d6-a9a8-af98e9b2ccea,relative_storage_key,cell-crops/54e278de-2381-4a05-8faa-42bf761f6688/50b0884e-ddde-4252-be9d-058151c986c4/f4400105-33b9-4bc0-860b-010b1cf3d386/5b342816-c256-49bb-a4cc-433b003b9bc5/crop.png,3193,bbf5a4e7ff59d26599733ccc261d6c476903933ee1a2a87379b1412e0a996ceb,cell_crops
cell_crops,6e687000-b89e-4c2c-a61f-ee0a7a22f6ee,relative_storage_key,cell-crops/e11b10f7-d1c3-4d6a-9e69-a4b6bc1abc46/1db1a505-3eaf-456d-b123-7b9f8ee77762/339d62a6-0363-472b-b2e3-4a7befd2c42f/eb9ffb30-f5d8-42be-a814-a5227b397396/crop.png,3103,6f75833cf53e5d98be6ff32ceb14b062e73ed0cdcbe1adf2164de6fe3c44b0e3,cell_crops
cell_crops,6e90de4a-4a6d-4c76-89b7-fb6ee5009036,relative_storage_key,cell-crops/25afdd28-85df-4a2a-9dab-2727ced6821b/f5668b77-a7c4-4ed2-aade-94bbf92900cf/08cd9b57-9a64-410c-8133-1dbdbf2e697c/76d82da7-8028-4dc6-8ce6-0d53ffa3ec7a/crop.png,3119,ad4a3514cce91ae1beb9c7449fdfa7baec63a97a2ba646d2ac587518dbff6cce,cell_crops
cell_crops,6ecb64bc-c3cb-4e81-b04a-c9f49f3499a6,relative_storage_key,cell-crops/db1855bf-e94d-43ea-86dc-5c1d21c82206/70a62caf-67c3-44f5-8752-596e9432c4ca/f914626e-fa1c-483a-ac2d-a7ebce6130f5/4e6a95d8-1ff7-4eb2-9799-b212e7d510e1/crop.png,11588,cdd261c70efdcd7781275cd50acb6f73d58f62979caeb0904629784486080e18,cell_crops
cell_crops,6ed7500d-3c2b-44af-a0e5-f3798b36caa5,relative_storage_key,cell-crops/7be00fe5-41da-48c5-b2c2-9618f0a7c517/3ebcfc6b-b6e3-40b6-939c-33977196460c/8fa36d4d-c412-435a-a109-923281f0f43d/1b99c14d-8990-4a29-9734-fcbf514c96ea/crop.png,4335,ffcc731adb2aef7a1ba937d31b0428968ea02e41ec7017da54e7b8645eb16992,cell_crops
cell_crops,6f3e700c-cd19-4453-8cd1-7bbe3322276e,relative_storage_key,cell-crops/ae68a99c-11f7-457a-88f8-3cef9a144958/618af6de-bfab-495e-8634-e484d620ee21/650c7580-8b2e-4bc4-88e8-bf03c5bb423d/c7f7bc97-d4b2-4b18-8b21-6eaddfbe1aa4/crop.png,1311,e15ee905da64e09639989f9867192841204f4ed90902d9baaa6d833ba9417065,cell_crops
cell_crops,6f629cee-287c-4892-8176-24adab0236f8,relative_storage_key,cell-crops/07c71166-93b3-415e-b764-6ca7344238f6/151ee7ee-b609-4e6b-985c-04af59a85470/9c45439d-fd87-46c3-944a-439ab92cbf89/536775d0-b643-403a-8e7d-40f9f658ca25/crop.png,4663,da91728df848b9ef2573f1c5557211fe58e024a4da9ddb789350970621ca33c5,cell_crops
cell_crops,6f975b0d-f279-4b67-9f2e-29b6910803c0,relative_storage_key,cell-crops/7a11c0f4-a9d7-4446-a5f2-437ffc334a6c/0ff18f89-6fbd-4755-8e89-15227de46f41/3dca4192-f767-48f3-a7e8-59e22d9db3f9/4758317f-9975-46d1-a16b-ab0af9075909/crop.png,4171,6f6769f11408317cf34057b0f09cb6ce878d8f6255a2cdf6241487cddcf1a027,cell_crops
cell_crops,6fb2115f-3a9e-4037-a059-c5f1a909bf71,relative_storage_key,cell-crops/b0a5839c-3668-4411-b590-cc1d8fed470e/bf423fe1-2fc5-4662-9eda-ff1496c1bba9/c2a6cffd-18de-474e-ba04-2bf65b0f4f8c/13cbd45b-9874-4d2e-bd48-a96a7d213a74/crop.png,2628,f22904fb1a6d3f78046a146bfd6449063afebd05a3fed3d10ee2376a5e0d5262,cell_crops
cell_crops,6fcf3d08-d682-45a4-82c6-ecbe3af5b04b,relative_storage_key,cell-crops/9696ad8c-6c01-439f-afa5-29d7f5234348/c6ffc450-182b-4d59-bf0d-1090bd076903/dd3b1716-0bb9-4523-9fa9-61bc274925d8/2efeb1d0-b5c7-4d1b-951f-94c6bf442299/crop.png,9734,79bb6367aa1442990afbae38c40e02bec11c81bd99f168c30401a6f3fb0a4e32,cell_crops
cell_crops,6fd85d30-2228-47ea-b2e5-2ac664fe7c8f,relative_storage_key,cell-crops/25afdd28-85df-4a2a-9dab-2727ced6821b/f5668b77-a7c4-4ed2-aade-94bbf92900cf/08cd9b57-9a64-410c-8133-1dbdbf2e697c/cb778ce1-59c0-44e1-9e40-430fd1686c99/crop.png,649,11626cb1514f520cb945a861bbd2ffcf61447a7c26b859ab7513c4bef1ccd75b,cell_crops
cell_crops,6fe7ecb6-b62c-41b4-816e-10af10a80b9a,relative_storage_key,cell-crops/ae68a99c-11f7-457a-88f8-3cef9a144958/618af6de-bfab-495e-8634-e484d620ee21/650c7580-8b2e-4bc4-88e8-bf03c5bb423d/ad22e539-7213-4b5b-abaa-7fd8af1aad3a/crop.png,2455,34aa85c89cb95d257560ec02b8318ace05ded6da1b1b53c180049eb502616288,cell_crops
cell_crops,6fee6e65-1113-455c-aa6e-7cb5b42a5a91,relative_storage_key,cell-crops/b0a5839c-3668-4411-b590-cc1d8fed470e/bf423fe1-2fc5-4662-9eda-ff1496c1bba9/c2a6cffd-18de-474e-ba04-2bf65b0f4f8c/0a8c3828-bb5a-489e-8d0f-623845499959/crop.png,4492,16f008001f72b28a6250f9c9de5a88ebf526831055fbe0e929d7a23de79b49fe,cell_crops
cell_crops,6ff89ad2-0ff5-4572-b917-ab0fe08e69cb,relative_storage_key,cell-crops/05b33155-8921-4eb9-9920-af67decfe454/6278de2c-44dd-4a75-aca2-9708e58437ba/92e2e64a-1c82-402b-b24d-75d43d50a17f/2167e126-4e2e-4bfd-ae4d-0d86cd592f95/crop.png,5047,0ef5caf94e8a41cdd943f114f2767775f3c0c9c418b8aac66e48f9949931fd84,cell_crops
cell_crops,701998ab-43ec-474d-a033-3f73959d4ff6,relative_storage_key,cell-crops/214fd936-3c74-4042-937a-3131ff495bdd/5e7bbe13-3cf2-4c2d-9022-31d242f15fb1/c6a30725-877a-4570-819a-de52a6bcb57d/95a30c68-d9be-4837-b4ab-2a185b11cd4d/crop.png,7315,5d103a50f5356870cabdd1453966bf1db6e19b14373b70ca91b74d3697d4461c,cell_crops
cell_crops,7053f08d-fc98-4539-a825-69d8cb94950f,relative_storage_key,cell-crops/07c71166-93b3-415e-b764-6ca7344238f6/151ee7ee-b609-4e6b-985c-04af59a85470/9c45439d-fd87-46c3-944a-439ab92cbf89/234009e8-6607-4fb1-9686-a9a0fac589ea/crop.png,1316,2df9bf15cf3cef63a9cbfc852d1687c747d46bb2d8aa045245b5aab9b373a1a5,cell_crops
cell_crops,706c7742-579e-49c7-a18e-6f592405411e,relative_storage_key,cell-crops/7be00fe5-41da-48c5-b2c2-9618f0a7c517/3ebcfc6b-b6e3-40b6-939c-33977196460c/8fa36d4d-c412-435a-a109-923281f0f43d/81ec80a5-28df-455d-830e-19b03e473418/crop.png,19304,d38996b49635c9f3646958c0d2f32d5d45f95c7c6e721640130a55fa9710cf45,cell_crops
cell_crops,70770cf5-16c5-4acf-8761-45b26bf020f8,relative_storage_key,cell-crops/7fd7ef40-bc9c-40d1-9e62-62bf0850c6b3/f6e252a5-7924-4e5c-bc63-8b711db60ba0/8a0187a3-03f0-45bd-ac3c-6e47c7999f03/b5653d7a-85e1-419c-93fd-93d4bd6f5c6b/crop.png,4492,16f008001f72b28a6250f9c9de5a88ebf526831055fbe0e929d7a23de79b49fe,cell_crops
cell_crops,7097ea14-18b3-4382-8f32-b1b6b6de691d,relative_storage_key,cell-crops/211b65b9-8b1b-4bc9-bf8e-2572a00a3ecd/85d8a71e-e9ed-4062-a036-52e42dd89720/83b0bdb6-4441-49e8-b6a7-4de634e8d548/70e08145-4437-4055-a73f-0a407f443551/crop.png,2696,3a9f91563afd78826ec7b1342e86defba8231077827c227c583b95a8947479c6,cell_crops
cell_crops,70ae2fc9-4fea-456a-bbbb-692d3f23d4f6,relative_storage_key,cell-crops/211b65b9-8b1b-4bc9-bf8e-2572a00a3ecd/85d8a71e-e9ed-4062-a036-52e42dd89720/83b0bdb6-4441-49e8-b6a7-4de634e8d548/ca886da1-f3a2-4d33-8474-594c6d9b86e2/crop.png,1399,e42a3f556f5115c4a12cfd73a9c2755c6ee8e93762f829fc58b1c180aaccde31,cell_crops
cell_crops,70c2828a-e8cc-4471-8bc9-bc34e62662ab,relative_storage_key,cell-crops/7be00fe5-41da-48c5-b2c2-9618f0a7c517/3ebcfc6b-b6e3-40b6-939c-33977196460c/8fa36d4d-c412-435a-a109-923281f0f43d/94c67f19-42fa-4e57-9a47-32fa3168e744/crop.png,3786,5ef9401ec0e5ba2ddc97ad44e5629c43c72d0def526cec147f89001437b3a7c6,cell_crops
cell_crops,70fbf8e3-25a7-4b67-8f00-f483303a8444,relative_storage_key,cell-crops/e11b10f7-d1c3-4d6a-9e69-a4b6bc1abc46/1db1a505-3eaf-456d-b123-7b9f8ee77762/339d62a6-0363-472b-b2e3-4a7befd2c42f/30bf96d9-beed-4783-a337-2baf417229d6/crop.png,1378,2e811bfc51b5018051a7078cc4af612c8b0a782eb2b7444c1948fa27a8d4ebd0,cell_crops
cell_crops,7113c02f-0fa5-4b2c-a208-cef9146ebad1,relative_storage_key,cell-crops/7ef7cff8-899e-428e-b89a-36803c0575b3/04bafb48-259f-4626-82fb-a3359ee3160b/00b8d663-89b1-4dfe-8f8f-9a01bca4688b/f8595600-3412-44bf-bf08-2f48c44d17e3/crop.png,33867,3863f4d5d6997cc0667bbcbfada1cb7c304ae56c1c8dfc425251cfd4c9ace757,cell_crops
cell_crops,7122e93e-aeec-4c29-9c1f-eb9a27b24ce2,relative_storage_key,cell-crops/4e1ca921-c5c6-4d89-b035-2d7dd99040d5/b9f975b3-7cd8-4b9a-a2cc-1bd9a76d924c/dc6df3c3-f03e-4261-bd4c-a2df5e0f0d88/6cb3db82-c30d-4db5-8844-0f1f619b3fef/crop.png,1476,c5ef6e01b171461671bdd4d6282e572b798e722fd28d1ff6e7169abbe95224a3,cell_crops
cell_crops,7123d0a7-367b-4b41-bb13-91304ced7ae2,relative_storage_key,cell-crops/7be00fe5-41da-48c5-b2c2-9618f0a7c517/3ebcfc6b-b6e3-40b6-939c-33977196460c/8fa36d4d-c412-435a-a109-923281f0f43d/2170af7b-0126-4c48-b587-77c40945f59e/crop.png,8715,0c48e051725b855f56b810ed888c7e9fbfc16105772260f2f646924e0d000a63,cell_crops
cell_crops,713bf364-b21f-4163-92ae-eead7edc4cf9,relative_storage_key,cell-crops/25afdd28-85df-4a2a-9dab-2727ced6821b/f5668b77-a7c4-4ed2-aade-94bbf92900cf/08cd9b57-9a64-410c-8133-1dbdbf2e697c/4ed3f23f-32b0-4887-8a7b-5b0672c5e7d1/crop.png,1535,19be81d47f11c174c9e788f3260b3185b8ca1d05e069c5da0a8d0c81d930c962,cell_crops
cell_crops,715339c8-3f06-4a10-8ca2-04c85748d708,relative_storage_key,cell-crops/25afdd28-85df-4a2a-9dab-2727ced6821b/f5668b77-a7c4-4ed2-aade-94bbf92900cf/08cd9b57-9a64-410c-8133-1dbdbf2e697c/a9ef6c0c-9577-4a07-8054-e0424b5aa86f/crop.png,8796,14e444d42bcb9bf0bbd6d7781cf21b287c67dab03a58e826a58ed2bc9108b53c,cell_crops
cell_crops,71558394-09a1-4f36-b116-dc1904fb3eb3,relative_storage_key,cell-crops/8122e340-548f-40df-9dd4-ed43859605ff/ed18ce4e-6fb0-4f1f-b313-c9d76617210c/8cb2cae1-c3e1-487c-a274-4385f339dded/52ee011f-0d44-4f2c-864a-a09536660ffb/crop.png,4069,1331751b5e248abe6c2b85eec6f0adec18e5750643cc8ef9cf5ade3c8321c6be,cell_crops
cell_crops,7189bbbc-7043-4769-b8cd-da21ab02a6c1,relative_storage_key,cell-crops/25afdd28-85df-4a2a-9dab-2727ced6821b/f5668b77-a7c4-4ed2-aade-94bbf92900cf/08cd9b57-9a64-410c-8133-1dbdbf2e697c/3bed4968-245d-4c58-a0d7-533c0b35812f/crop.png,1913,d27e2251355f6585d3577485f8cc95fb2436678c6a3b202c8b647d2e8ae5c472,cell_crops
cell_crops,719dfc5d-535f-462b-b4d1-c5e2fe3f6244,relative_storage_key,cell-crops/8122e340-548f-40df-9dd4-ed43859605ff/ed18ce4e-6fb0-4f1f-b313-c9d76617210c/8cb2cae1-c3e1-487c-a274-4385f339dded/ae6d4443-ece7-4a5a-9cfe-60313aa405cc/crop.png,4079,28c7f707bf3a5c0d4fbf368fa2db33909a8022bb63b29d3006171287b7b6337f,cell_crops
cell_crops,71aa2e54-e5e5-4403-849b-76e037163ccb,relative_storage_key,cell-crops/aac2f7a6-e279-42c1-8035-33134bfdf3eb/881590dc-6d13-4137-ba82-d28d2ed5199a/34070251-bc08-40a2-b33a-35ad175a7189/fac1e3a6-e97e-4366-8b1b-29e5f7d12d9f/crop.png,7387,47b8041ca0535a01433b9863c9abd36c5db813b089e1fed136a411d8e8650da5,cell_crops
cell_crops,71b6f685-dac9-415d-92ed-66e3f97b54db,relative_storage_key,cell-crops/25afdd28-85df-4a2a-9dab-2727ced6821b/f5668b77-a7c4-4ed2-aade-94bbf92900cf/08cd9b57-9a64-410c-8133-1dbdbf2e697c/a6e0cd08-7c97-46dd-84d6-77b6c1ccbf9b/crop.png,3888,169e4fcf4dc1d3bc5914887471c6ec4e07dff22abe09b4bb663583fd929eb6e5,cell_crops
cell_crops,71ec3407-0db1-4375-9600-9930c1967156,relative_storage_key,cell-crops/54e278de-2381-4a05-8faa-42bf761f6688/50b0884e-ddde-4252-be9d-058151c986c4/f4400105-33b9-4bc0-860b-010b1cf3d386/e79b5b52-6fef-4ce4-bce8-2c4b85ec46d1/crop.png,1567,8b36f13a1f7470be93e7a3cac8a89b3b3f3c38676343b7c07364eca391fc18f2,cell_crops
cell_crops,71f85d24-a460-4cb4-8ed9-ea30d9d59e68,relative_storage_key,cell-crops/7ef7cff8-899e-428e-b89a-36803c0575b3/04bafb48-259f-4626-82fb-a3359ee3160b/849d1772-b3d7-402e-82b3-2942cd77a889/b677a81c-d99a-4c6d-ac20-a285cae0f3fb/crop.png,5333,3186e39783ebf9e7afb671f536e5dfc1da181ba03fbee53a2b0d2aa034fd5f18,cell_crops
cell_crops,71f91abc-1ec0-4ab5-926f-b71e853c9cca,relative_storage_key,cell-crops/52c4864d-1788-41db-a1d2-883ce7d83a58/490887fa-b3af-4136-85dc-8ae66e413acd/bf339bce-cffa-48e9-a044-4b9df2cc36b4/edb87f42-ef8c-4cdd-a4d2-0f3a17656d92/crop.png,2377,bca363580240d015e4653e81d66bb40e7b752fc3074ba2de947ea9fbdc9e04df,cell_crops
cell_crops,721ef620-e66f-4540-b3a7-d0f660bd745e,relative_storage_key,cell-crops/7fd7ef40-bc9c-40d1-9e62-62bf0850c6b3/f6e252a5-7924-4e5c-bc63-8b711db60ba0/8a0187a3-03f0-45bd-ac3c-6e47c7999f03/d9f715fd-d564-44c4-8941-e68e522b215a/crop.png,5059,2b21484896197810de9053e2931e330abbfe73f3f11da56917bd114022bdaca3,cell_crops
cell_crops,72437a7a-73c1-41ee-bc72-a97fa6da1bda,relative_storage_key,cell-crops/4e1ca921-c5c6-4d89-b035-2d7dd99040d5/b9f975b3-7cd8-4b9a-a2cc-1bd9a76d924c/dc6df3c3-f03e-4261-bd4c-a2df5e0f0d88/08a8c992-abb5-49d2-8e49-75d605d4aa60/crop.png,2080,9aa4b4ee7b5543c203e5d10996673f68481c32aba92aed2eaab83e8e832dc6ff,cell_crops
cell_crops,72452442-8523-4d94-b17c-e01c640d2027,relative_storage_key,cell-crops/72906de0-83a0-4e98-940e-735fe5fb2363/c3c7a47a-b9d7-41c8-a8db-3269a23bca95/452e4d39-1e65-4a32-8a6a-e88382ac7aa6/c504ef6f-4c48-476a-850f-40d96430e604/crop.png,2059,765671c4a5ba93f52efcccf805bc5dbc76631b904f0c0124eec339887ae313d9,cell_crops
cell_crops,72804ca9-acdc-47f7-bc5b-5f6314a71cde,relative_storage_key,cell-crops/7a11c0f4-a9d7-4446-a5f2-437ffc334a6c/0ff18f89-6fbd-4755-8e89-15227de46f41/3dca4192-f767-48f3-a7e8-59e22d9db3f9/97a82daa-2f11-4cf3-a696-28f63935edaa/crop.png,8074,b94df88df641e0147b698f35f078e72dcdc0c7547d0592c7b86374be6a887015,cell_crops
cell_crops,728c26f4-58d5-47d3-94ef-05b0c9d89cde,relative_storage_key,cell-crops/3a9a3ddd-a6fb-43b7-98e8-82fe65649b10/69a3938d-51bb-45d7-928d-1b35d46634bb/ea56489d-de29-4bcd-bf1e-16e83feedee6/1f6c8897-2ea7-42be-90dc-edcce8fd2e07/crop.png,5533,42591b010f11f3bed606210e36fd03ee5df8e1df227977c03e5fd8b081cbf81e,cell_crops
cell_crops,728f009a-adc9-4271-9c44-93b0179ddd4c,relative_storage_key,cell-crops/3a33d13c-ff5b-46ba-94b4-0710e5185301/a78dd7b0-8ddc-4cd7-bc5a-241f8b427de6/7ba97fb6-e951-4c3b-93d8-3958918f513f/0d66b49d-f37c-4152-8d61-0e4d4c3ac4a8/crop.png,2844,f2c8b964cdf52ff5079ac88932259f3744279b7caf0406c7cd8159198dd20f0b,cell_crops
cell_crops,72a28c99-4745-4880-88b8-86779fe395d1,relative_storage_key,cell-crops/ae68a99c-11f7-457a-88f8-3cef9a144958/618af6de-bfab-495e-8634-e484d620ee21/650c7580-8b2e-4bc4-88e8-bf03c5bb423d/b377eff5-0301-4b35-b4d3-26ad19cb0982/crop.png,1135,cc34b6baeab4b66d1ce4bf7634e5d556e0d7f6bf945f11407c9a52ad27824306,cell_crops
cell_crops,72c54edf-ba0e-486c-b841-ded688c8472f,relative_storage_key,cell-crops/e11b10f7-d1c3-4d6a-9e69-a4b6bc1abc46/1db1a505-3eaf-456d-b123-7b9f8ee77762/339d62a6-0363-472b-b2e3-4a7befd2c42f/5ceb52af-d76d-44fe-a982-4635da74d228/crop.png,1702,ff22b9fa2ebf0a850c217970ba4a3c9220d9cb8a3933903b91013d733520b7ee,cell_crops
cell_crops,72cd5d6b-2103-45a5-8fff-ca90ce20d277,relative_storage_key,cell-crops/d28e9146-5ad9-4df7-8af4-1b8901780c2b/f196b05e-1e21-41c5-8292-1c802004009a/6948fa72-3ff5-45bb-beb5-8ae3bba8b6d6/f7819fc3-970a-4060-b898-bd113b105d89/crop.png,4766,a30ca0ea41f3ea1107ac96a03f99b3ec0c7bfe7f6d587e5d980a7bf6e0221a95,cell_crops
cell_crops,72fd1afc-7eff-40bc-afd7-002b79f1e586,relative_storage_key,cell-crops/c9a6b7af-881f-47da-980a-1a2c2b743a1c/03505d0f-434b-48ac-ae42-76750f4fbc1a/a0889d56-1430-4a7f-b67c-e21291ac9ed7/3ec584c6-1243-4385-b746-4b89feecade7/crop.png,1185,0e5c74a4e94919dc7e69ee92ba6e7e044ccb3a62b6c71fee2b95c9f4179e7cf3,cell_crops
cell_crops,73057559-7754-49f7-a05f-665915b1e86c,relative_storage_key,cell-crops/8122e340-548f-40df-9dd4-ed43859605ff/ed18ce4e-6fb0-4f1f-b313-c9d76617210c/8cb2cae1-c3e1-487c-a274-4385f339dded/502dd695-df24-42f1-b761-fab1e4154d5d/crop.png,11274,8d38eed801421fcd424770e32877c12df57995018dbc606ee7ecf469291f4640,cell_crops
cell_crops,73088ad6-583e-4038-a271-0d1e976036f7,relative_storage_key,cell-crops/7be00fe5-41da-48c5-b2c2-9618f0a7c517/3ebcfc6b-b6e3-40b6-939c-33977196460c/8fa36d4d-c412-435a-a109-923281f0f43d/67d02a6b-af56-4a7f-9d16-a61bbe2cdc71/crop.png,6941,8c0ee242c713d7f7af9e7bcfb53eec04a36ced11a51f65f4e84b3f048ea35465,cell_crops
cell_crops,730ae5ea-f294-4558-a7ae-dc7b3a123bed,relative_storage_key,cell-crops/fce4a23b-7725-4c69-960b-5c9cd9b68f50/c6ecf996-e832-44ad-89bf-2ca55d1d46d5/5ecbdf28-e01c-4b51-ae7b-f9d88c6b9aa5/c8f71f85-0d55-475b-b531-cb9d05f4ef7e/crop.png,5295,6d34e0772901801b7d990063f100a998f230cf1e20afdd7fc5d6035d50480bc5,cell_crops
cell_crops,73204eaf-7119-474d-96a8-2225ffa5c2c3,relative_storage_key,cell-crops/e11b10f7-d1c3-4d6a-9e69-a4b6bc1abc46/1db1a505-3eaf-456d-b123-7b9f8ee77762/339d62a6-0363-472b-b2e3-4a7befd2c42f/093912d9-21ff-46db-b363-3da8a91a2e62/crop.png,1361,ea1001c6672088c60011bd2600c4e21802cf7622077006bb1921e48902031191,cell_crops
cell_crops,73353f17-2a64-4d8a-a50c-82b047a80a92,relative_storage_key,cell-crops/07c71166-93b3-415e-b764-6ca7344238f6/151ee7ee-b609-4e6b-985c-04af59a85470/9c45439d-fd87-46c3-944a-439ab92cbf89/c51849c6-bb48-46e4-aaf2-0545e595535f/crop.png,1467,a8b02edf25d1492c7513d3b88c897bda4b04856cfad6f06a65b28495d6a2c430,cell_crops
cell_crops,733c6962-6fd4-4037-ba5e-a0a53c75e088,relative_storage_key,cell-crops/39265da0-dd1a-4f17-89aa-1e661f9c473f/72553654-6802-48a4-964a-3fa748870a05/afee46ec-494f-4fe6-be85-353a4cfc0b56/87a35987-21ae-453f-897c-f4ffd83e26d5/crop.png,3948,eb223ad825dbd26fe8be0e7acd69c7667b9171690c0710ab4c1a631738aae86a,cell_crops
cell_crops,7349f5e0-c396-4972-99a5-da374ce9a60c,relative_storage_key,cell-crops/7ef7cff8-899e-428e-b89a-36803c0575b3/04bafb48-259f-4626-82fb-a3359ee3160b/849d1772-b3d7-402e-82b3-2942cd77a889/ee094732-5d54-476c-91e3-812fa8d2ae12/crop.png,13159,6d1533740b5f7f4cedc5a6a26c1a28575fe4af34db269e70ca254389b3e0c79a,cell_crops
cell_crops,738b9481-f429-42ad-9300-5e4fbb5d1208,relative_storage_key,cell-crops/ae68a99c-11f7-457a-88f8-3cef9a144958/618af6de-bfab-495e-8634-e484d620ee21/650c7580-8b2e-4bc4-88e8-bf03c5bb423d/43562055-be38-4f9d-9b31-ef0d51b9b756/crop.png,1471,8411937f8e3c754d985ca1249b21de68b3186a2e3577116614a373c6bc5d8f83,cell_crops
cell_crops,738ca53e-35ae-4f2f-9113-1012e0831d58,relative_storage_key,cell-crops/54e278de-2381-4a05-8faa-42bf761f6688/50b0884e-ddde-4252-be9d-058151c986c4/f4400105-33b9-4bc0-860b-010b1cf3d386/0c2ab1d5-e0c0-4b05-93ad-76bd7d71b63e/crop.png,3485,bdd95e122a4b93616c153c1cada8c257867c925749b827e003222512645a49ea,cell_crops
cell_crops,7395fda9-ba77-4bc9-881f-a9c8d35fdc6a,relative_storage_key,cell-crops/7fd7ef40-bc9c-40d1-9e62-62bf0850c6b3/f6e252a5-7924-4e5c-bc63-8b711db60ba0/8a0187a3-03f0-45bd-ac3c-6e47c7999f03/646f7dc8-9cf2-4a07-b5fa-57693d7eb865/crop.png,1459,24ec2aef0c53ee4befdaa7aefafab43da6e93625dc09241056d26cd8ab562627,cell_crops
cell_crops,73ad76f4-6f78-423f-8b08-55bf4075b2e2,relative_storage_key,cell-crops/05b33155-8921-4eb9-9920-af67decfe454/6278de2c-44dd-4a75-aca2-9708e58437ba/92e2e64a-1c82-402b-b24d-75d43d50a17f/a9cfb1ae-43d3-422c-9877-14a1acfe45b0/crop.png,3909,1a45f058b0ef2ae4b3e3e0bd5f6b955029415e1d60a3643c16f9bf93d11d2bd1,cell_crops
cell_crops,73cd2ba9-7610-4d39-8f1f-04bf367e2d9f,relative_storage_key,cell-crops/8b912699-0346-4eca-9a3f-992922f65702/c5ca90cc-e321-4501-82f3-a2e0ef0f51a7/51a1e5c5-fac7-4ab5-b6dd-bef48d583434/044a4081-5499-4f37-b91d-817d1b22d424/crop.png,4236,4310550e88377e2bb3e041b68dfd13360b6b036da7dbc88a4ab0a0ee01b97528,cell_crops
cell_crops,73d3b1f1-a48c-4270-b99c-e8e539341b4d,relative_storage_key,cell-crops/05b33155-8921-4eb9-9920-af67decfe454/6278de2c-44dd-4a75-aca2-9708e58437ba/92e2e64a-1c82-402b-b24d-75d43d50a17f/13e78e9b-559b-4828-96a1-30f31bf14614/crop.png,4837,9054502812b0d39e3ed4e1be160f86d56e448019e167a1e38fdaefc9804217f6,cell_crops
cell_crops,73f54f20-d328-43d4-abef-96c2af55d1d9,relative_storage_key,cell-crops/ba5fc281-07c1-46ca-8091-0c13e6753aa4/d33fb4ff-3366-4fff-9806-8ab03314dbd1/18b27447-aed7-42fa-9142-4bab96366973/1601e3f9-da28-4b60-b15c-995100e0f82e/crop.png,8301,7c644d6a279aa9305ade3e3a11548ebd28c613a5f1014b9d5ab229d29b6e47d8,cell_crops
cell_crops,73fb3ed7-8a00-47cb-8514-6579a354b21b,relative_storage_key,cell-crops/4383bcb6-1595-4b3c-9c6f-ced12863a762/f6d15c09-591e-4808-aff5-02f7c8c4d239/25a1a8fb-90d3-4cfb-b43b-20ee3b4b7788/f6918187-9df2-4224-8b9e-179507b0251c/crop.png,4834,a27418634a20adf3d5cfe0412c2fd317883a82409d513af087870351d5c3caa2,cell_crops
cell_crops,74063cdb-e5c4-4a07-9b80-6f3b36cae0c7,relative_storage_key,cell-crops/07c71166-93b3-415e-b764-6ca7344238f6/151ee7ee-b609-4e6b-985c-04af59a85470/9c45439d-fd87-46c3-944a-439ab92cbf89/c220d236-21cb-4e8c-be91-2d7db70cb79c/crop.png,1071,dd4b3678bdc76dd4fd7ea38824c38670e7da5ae59908ee075f31300e748a6d62,cell_crops
cell_crops,745d5baa-1ae6-4868-b476-f3a8671bbc32,relative_storage_key,cell-crops/5d9ca4e3-60b1-4a9f-aba0-8a5edd13510a/3f2dc1d9-eb62-44b3-a325-2d8db65a585c/0c7ee510-e240-4b6f-b8bc-352c4dd9aa20/ab2dd497-6458-448c-85a8-770e03a42513/crop.png,3651,90b343dc1d3c6bae1c4a1fd71513793ec638285b0378559c6aad32d47bab9ccb,cell_crops
cell_crops,746f91e8-8b73-4ca3-9404-226574c9049b,relative_storage_key,cell-crops/e11b10f7-d1c3-4d6a-9e69-a4b6bc1abc46/1db1a505-3eaf-456d-b123-7b9f8ee77762/339d62a6-0363-472b-b2e3-4a7befd2c42f/aae69fb8-51ac-45e5-a41d-1d9be88c991d/crop.png,9019,3cd3a2ff411530d2766c59e0e771e75fc65a5dbde263aa9a4d5a4c2891e9babf,cell_crops
cell_crops,747cb519-531a-4a80-9b62-3b901ab99304,relative_storage_key,cell-crops/121a69bf-ba23-4014-892b-158b9c2b71a4/aa1323a6-7f80-4e1e-819a-ec182f045f3d/97fb12a0-df7f-455f-8e13-e0383ad3934d/34ff9e68-1a83-461f-8e3a-3bd1fe74c0d2/crop.png,1509,06f00ecf9e4e6efc4ccde3b9491940529a898af0b08c9307a46d271fb654610d,cell_crops
cell_crops,74884e9d-594a-4311-b67c-cc4fc8fe53ba,relative_storage_key,cell-crops/07c71166-93b3-415e-b764-6ca7344238f6/151ee7ee-b609-4e6b-985c-04af59a85470/9c45439d-fd87-46c3-944a-439ab92cbf89/16d4a120-890c-458c-8f9d-aafee63053a2/crop.png,7396,cdef0e829a870ed5560a1efe11990c8eaf50a419bbbcaf1e0e9b8bd08e3208bc,cell_crops
cell_crops,74c1412a-3fa6-424b-bb89-a3f832f86ee0,relative_storage_key,cell-crops/121a69bf-ba23-4014-892b-158b9c2b71a4/aa1323a6-7f80-4e1e-819a-ec182f045f3d/97fb12a0-df7f-455f-8e13-e0383ad3934d/ff5f7097-28ca-42f1-82cc-1d8ccf5c8fa5/crop.png,1581,1991c661e37865114429c7acf14d9d8e58635cab95990da476cc4f1d8e97811e,cell_crops
cell_crops,74e8bb74-cc66-4a3a-a5e7-4a2d0d0e0c47,relative_storage_key,cell-crops/b0a5839c-3668-4411-b590-cc1d8fed470e/bf423fe1-2fc5-4662-9eda-ff1496c1bba9/c2a6cffd-18de-474e-ba04-2bf65b0f4f8c/6ccb9f17-22f6-4c52-a39a-b9841f879bb7/crop.png,4325,7a4387c610b4121513d85a49bb43ed620c0c8deda2300862606715f8f220c18d,cell_crops
cell_crops,74fa1a5b-c900-4428-84f3-a5aa95cdfaf6,relative_storage_key,cell-crops/bc8b8317-c17d-4b7a-b737-5e40120559e2/8c8e678b-a6c7-4b8c-b4c0-d34745f32fe3/25cb85d9-3b89-46ca-982a-f71517c971ee/bd71ccb9-9b45-46c4-a8f6-d74d723855c9/crop.png,5068,eb0bf6f3ba42d3196cf5fd78825a67c3613c587d9a31da747570304c1e7e5465,cell_crops
cell_crops,74ffa0c8-f996-4e04-a58c-6135d0208304,relative_storage_key,cell-crops/121a69bf-ba23-4014-892b-158b9c2b71a4/aa1323a6-7f80-4e1e-819a-ec182f045f3d/97fb12a0-df7f-455f-8e13-e0383ad3934d/ea561443-5fe3-4516-bcdd-26d88782f65e/crop.png,6543,0443e2da477ee148b43367448f0efbff31ed83b63b8fbaeacf971fbee8c8ef54,cell_crops
cell_crops,750b0c8d-2a40-43db-87d9-826cc98aa263,relative_storage_key,cell-crops/72906de0-83a0-4e98-940e-735fe5fb2363/c3c7a47a-b9d7-41c8-a8db-3269a23bca95/452e4d39-1e65-4a32-8a6a-e88382ac7aa6/d434cfc8-d680-4cb2-ba2f-5ee10b9e7f3f/crop.png,7249,b6e6d05eaeddebfdce419ff111364eab0786a93b8100bef82cfac92e206d7ef2,cell_crops
cell_crops,750c173a-912c-474b-96db-0a1a636087ba,relative_storage_key,cell-crops/72906de0-83a0-4e98-940e-735fe5fb2363/c3c7a47a-b9d7-41c8-a8db-3269a23bca95/452e4d39-1e65-4a32-8a6a-e88382ac7aa6/b40220b7-e994-4c0c-b40b-85d71b6a6a33/crop.png,10265,86a2792feeea8a95a0eab1ee765aa7cc1ed0440c72d97ab3d6615627ec4f54e3,cell_crops
cell_crops,750ce5f3-e3e3-4822-a853-0c26479c7448,relative_storage_key,cell-crops/7a11c0f4-a9d7-4446-a5f2-437ffc334a6c/0ff18f89-6fbd-4755-8e89-15227de46f41/3dca4192-f767-48f3-a7e8-59e22d9db3f9/51a7043e-bb6e-4ec4-9846-58d14e903f39/crop.png,7331,8a7013ad6dcf706657a8fe9d7d27d80a116c855d037ea002dd29feae70450446,cell_crops
cell_crops,75168fa3-759b-4bc6-85a1-4cc48953cf8f,relative_storage_key,cell-crops/3a33d13c-ff5b-46ba-94b4-0710e5185301/a78dd7b0-8ddc-4cd7-bc5a-241f8b427de6/7ba97fb6-e951-4c3b-93d8-3958918f513f/6d86fcc7-9e9b-42e9-b752-09b7c2770956/crop.png,4117,42cf57dfcafcb9bf45f6c839703a338e62fdb0bb7884018f1171653c86118ce3,cell_crops
cell_crops,75227aff-9af2-4628-a2f0-0986d98e5f98,relative_storage_key,cell-crops/e11b10f7-d1c3-4d6a-9e69-a4b6bc1abc46/1db1a505-3eaf-456d-b123-7b9f8ee77762/339d62a6-0363-472b-b2e3-4a7befd2c42f/9bc680db-0f0a-4d12-98de-236847c6b8af/crop.png,3239,145501b1901fcf5c821cd650305c282bd36f3c676e388a3f30a91d109cf9d57e,cell_crops
cell_crops,752ed109-5b22-4b97-b331-18222347979d,relative_storage_key,cell-crops/25afdd28-85df-4a2a-9dab-2727ced6821b/f5668b77-a7c4-4ed2-aade-94bbf92900cf/08cd9b57-9a64-410c-8133-1dbdbf2e697c/96df46b3-a724-4564-8d30-69f47fc46308/crop.png,1410,23a2a007ee3ec5dd3f0b325b932a9ccb28351c0c298a3466a9119a5459d8990a,cell_crops
cell_crops,754c8978-7f10-4732-b47b-1b53c913082e,relative_storage_key,cell-crops/db1855bf-e94d-43ea-86dc-5c1d21c82206/70a62caf-67c3-44f5-8752-596e9432c4ca/f914626e-fa1c-483a-ac2d-a7ebce6130f5/31d9a6e9-596f-4e26-a256-fa6bccceb032/crop.png,4798,f6b773875c16cc2860572af5cf15c33443989bd5c8451d57714a6270a8d6ad35,cell_crops
cell_crops,756861fb-0d93-4098-bb66-05818473fbf6,relative_storage_key,cell-crops/bc8b8317-c17d-4b7a-b737-5e40120559e2/8c8e678b-a6c7-4b8c-b4c0-d34745f32fe3/25cb85d9-3b89-46ca-982a-f71517c971ee/2496561c-d638-425b-bb4a-ddce82dba8f4/crop.png,4034,2aa45a02b12120769a2205cea1e680fb4518277b87d4d53385cd49fecf220b99,cell_crops
cell_crops,7579c851-1b78-494f-be89-4f65a4b41d79,relative_storage_key,cell-crops/211b65b9-8b1b-4bc9-bf8e-2572a00a3ecd/85d8a71e-e9ed-4062-a036-52e42dd89720/83b0bdb6-4441-49e8-b6a7-4de634e8d548/46375a72-9f0f-4e37-b2f1-bffb70095585/crop.png,4163,6581c4c92fca44ecb00ce469204f46fa971947f890772b46ec23d5394f48486c,cell_crops
cell_crops,757cb533-cb3a-4ae5-bfe6-ec17b48e1213,relative_storage_key,cell-crops/9696ad8c-6c01-439f-afa5-29d7f5234348/c6ffc450-182b-4d59-bf0d-1090bd076903/dd3b1716-0bb9-4523-9fa9-61bc274925d8/6aed6e4a-4341-49c3-8eeb-29cef9a2c95f/crop.png,5669,3e926a5ab555a821bcb9c97d6f3dc7ce49de61e9de41ad2ce4b6ffc9de4e3074,cell_crops
cell_crops,758b91ed-4852-4790-a5f9-4d6c7a6ac738,relative_storage_key,cell-crops/d28e9146-5ad9-4df7-8af4-1b8901780c2b/f196b05e-1e21-41c5-8292-1c802004009a/6948fa72-3ff5-45bb-beb5-8ae3bba8b6d6/6fd6b6ea-4628-4c4f-b64a-33b6d3417b13/crop.png,9889,d125d0f349d55f5ce960c8a59621592808c46b9f08cbd7600630d80689ee2082,cell_crops
cell_crops,759d9d26-82c4-4d4b-aafa-23c4cadc9848,relative_storage_key,cell-crops/aac2f7a6-e279-42c1-8035-33134bfdf3eb/881590dc-6d13-4137-ba82-d28d2ed5199a/34070251-bc08-40a2-b33a-35ad175a7189/11337608-fe35-4f2c-bbbc-01b9368fe9cb/crop.png,4399,fd49527b19f0b4d7ed23e59609a768fbaa69d4ae3ba5c2c87865a0f751bd4925,cell_crops
cell_crops,75ac7058-6251-41db-8884-57c747d70be6,relative_storage_key,cell-crops/8122e340-548f-40df-9dd4-ed43859605ff/ed18ce4e-6fb0-4f1f-b313-c9d76617210c/8cb2cae1-c3e1-487c-a274-4385f339dded/5f68d314-0074-4a58-a632-dbbe24ddb32c/crop.png,5847,c3aed8157b45267c5674dcd2fa60855080665c69bf366ee2d7e1421733fb27e8,cell_crops
cell_crops,75c235c7-b375-439e-ad83-25db12870cbb,relative_storage_key,cell-crops/4383bcb6-1595-4b3c-9c6f-ced12863a762/f6d15c09-591e-4808-aff5-02f7c8c4d239/25a1a8fb-90d3-4cfb-b43b-20ee3b4b7788/cd2e0894-ea7c-44ce-8999-f40dc9db024c/crop.png,5054,f7059f0decf5c5575f6158de35c80beb6c9ed968f8a5bc4a842dfa64ec3701ad,cell_crops
cell_crops,75ead5e9-8423-4ee9-937e-781c26ff1144,relative_storage_key,cell-crops/1c49de91-f3ba-4794-8cbd-62bc966049c5/1007bc39-4bca-4a32-9069-5c8180b174db/cdcfc6c7-12a5-4405-8fb1-213826f88d05/e40beb09-3177-4b2c-b4d5-d62889193e76/crop.png,45755,ba4bf6bdbebd91589c197a6681ace97000703f5cca84af8f5d33aa0ece31d611,cell_crops
cell_crops,75fb96a8-7b5a-4430-85b9-ff49713f6990,relative_storage_key,cell-crops/54e278de-2381-4a05-8faa-42bf761f6688/50b0884e-ddde-4252-be9d-058151c986c4/f4400105-33b9-4bc0-860b-010b1cf3d386/56ff9d40-62dd-4826-b23a-bd7aeefe01e5/crop.png,7455,70ca0440c74ddf22bd9f3d0e93bc7baa2ccc335b1fddf611a93a15ed0cb7f6e7,cell_crops
cell_crops,7618e43a-43f8-4ae1-ae5a-22445950d777,relative_storage_key,cell-crops/7fd7ef40-bc9c-40d1-9e62-62bf0850c6b3/f6e252a5-7924-4e5c-bc63-8b711db60ba0/8a0187a3-03f0-45bd-ac3c-6e47c7999f03/32ef2830-0016-4160-9680-2d7dea11e505/crop.png,2382,237c9bb18dd80047db31d6d85e53a1cfcf4070b2facf8d0c625b0efdc9b63298,cell_crops
cell_crops,7624e07c-2c83-46ef-a371-c2f78ef56df5,relative_storage_key,cell-crops/db1855bf-e94d-43ea-86dc-5c1d21c82206/70a62caf-67c3-44f5-8752-596e9432c4ca/f914626e-fa1c-483a-ac2d-a7ebce6130f5/f8b8468a-d17f-40a8-a26d-16cd0b206dfd/crop.png,4055,05853f1c439c09fc72e5a38e62190a6ccf0a870dcb4a1c0327fa94884a2ab279,cell_crops
cell_crops,76291dd5-76a0-4729-8ba3-ea9c31dd7617,relative_storage_key,cell-crops/05b33155-8921-4eb9-9920-af67decfe454/6278de2c-44dd-4a75-aca2-9708e58437ba/92e2e64a-1c82-402b-b24d-75d43d50a17f/accf5d31-3dd9-4981-80de-f666ccb58762/crop.png,74352,84e3e3838c05008c1f176eed725466b254f63a87392533433b032e40ccf2773a,cell_crops
cell_crops,76541814-48f1-42ad-9fc0-6a110d116f09,relative_storage_key,cell-crops/59a98cc0-24f4-424a-b208-3fe06063fa47/98626a4c-b3fc-464a-a4fe-90bc886c7647/c0a49ec0-99e0-4b2b-a9e4-1e2ec28655a0/96e8bb30-9a58-4e40-b462-0e1cc3a60985/crop.png,6665,2b58b7adc228a4f80c180ba76193b9e148a7c3886dc2180c1ae7b2289cfab2ef,cell_crops
cell_crops,765df0bd-1ee2-4249-9c4f-34131cb14db9,relative_storage_key,cell-crops/aac2f7a6-e279-42c1-8035-33134bfdf3eb/881590dc-6d13-4137-ba82-d28d2ed5199a/34070251-bc08-40a2-b33a-35ad175a7189/ca39bf90-e5ad-4cf1-997b-c930ae101f26/crop.png,5399,775efd80929d1ebc90eb66c203f0eb484c68956ad11927bfcfd9c01617cffe57,cell_crops
cell_crops,767c2094-fda9-4a95-9cc2-acd49295c467,relative_storage_key,cell-crops/ae68a99c-11f7-457a-88f8-3cef9a144958/618af6de-bfab-495e-8634-e484d620ee21/650c7580-8b2e-4bc4-88e8-bf03c5bb423d/1b566d85-401a-478d-9ec5-bf6ba13c9e17/crop.png,2384,5d4b018df679de4b280ec768a483a49bfadaa17c9ffb783c658e20525aa536fc,cell_crops
cell_crops,768cc5a1-bcd5-4432-8b52-18fded30f5f1,relative_storage_key,cell-crops/4e1ca921-c5c6-4d89-b035-2d7dd99040d5/b9f975b3-7cd8-4b9a-a2cc-1bd9a76d924c/dc6df3c3-f03e-4261-bd4c-a2df5e0f0d88/718909df-f6ba-44ec-95c6-b6bca05eef7d/crop.png,1440,b30239b653933655f06bada0b5ea1d5cd44549352a1ed8d879834a97f7f46e6e,cell_crops
cell_crops,76924da7-0a0f-495b-b808-8abb67c153ba,relative_storage_key,cell-crops/59a98cc0-24f4-424a-b208-3fe06063fa47/98626a4c-b3fc-464a-a4fe-90bc886c7647/c0a49ec0-99e0-4b2b-a9e4-1e2ec28655a0/1b69b9c7-a8ff-4681-8200-f5b46b0a8fbb/crop.png,8954,2244ce1ebbf31afed32f92b7207118dda14540ab1430688785dad34b5a008155,cell_crops
cell_crops,769e5489-636b-4ab2-8fa9-ebb1f0586081,relative_storage_key,cell-crops/9696ad8c-6c01-439f-afa5-29d7f5234348/c6ffc450-182b-4d59-bf0d-1090bd076903/dd3b1716-0bb9-4523-9fa9-61bc274925d8/b1d54163-9f77-488f-83c1-d49997635474/crop.png,3482,32ab980c64b07a3eed81dea871e214574acbbff52aeeaf9b48f0e0408179878c,cell_crops
cell_crops,76cf7503-f55d-4ff9-aec4-51d27472538a,relative_storage_key,cell-crops/8122e340-548f-40df-9dd4-ed43859605ff/ed18ce4e-6fb0-4f1f-b313-c9d76617210c/8cb2cae1-c3e1-487c-a274-4385f339dded/3a548b49-6b23-45f9-8670-e53c2792e56b/crop.png,1990,28ac896e61013b7e66e49bfe05a367c699d7d630db544c3eab28c234e80631d8,cell_crops
cell_crops,76d870e7-46e9-4cb8-98a3-2798b7b44b57,relative_storage_key,cell-crops/7fd7ef40-bc9c-40d1-9e62-62bf0850c6b3/f6e252a5-7924-4e5c-bc63-8b711db60ba0/8a0187a3-03f0-45bd-ac3c-6e47c7999f03/9c61a7d3-e231-4c5a-8801-69b9d47d6c67/crop.png,6373,bada4bd93bdda15bd0d84e807c9f8c4228604eba3dcbc18845ca4570b7a8ee22,cell_crops
cell_crops,76e90501-24d2-4a36-8bbc-69e0c45a2ebd,relative_storage_key,cell-crops/121a69bf-ba23-4014-892b-158b9c2b71a4/aa1323a6-7f80-4e1e-819a-ec182f045f3d/97fb12a0-df7f-455f-8e13-e0383ad3934d/107c440e-cc3d-4b8e-aedb-eb4571f21501/crop.png,1502,30b8d7a02cd0236c6daf0092ee5b85cbf967ec9f5f16a04004008d983f68c9eb,cell_crops
cell_crops,76f94940-d1a6-4ba9-a8f6-192e3af380de,relative_storage_key,cell-crops/3a33d13c-ff5b-46ba-94b4-0710e5185301/a78dd7b0-8ddc-4cd7-bc5a-241f8b427de6/7ba97fb6-e951-4c3b-93d8-3958918f513f/93087cc6-f9ac-49aa-b688-65f81c7677e9/crop.png,21033,425894de78fb2e2ea93c4e27e3849260cf7d8d176051ab5aa86d7222c8b29094,cell_crops
cell_crops,76fb593b-01fa-4507-a9cc-b24f92f79e07,relative_storage_key,cell-crops/1c49de91-f3ba-4794-8cbd-62bc966049c5/1007bc39-4bca-4a32-9069-5c8180b174db/cdcfc6c7-12a5-4405-8fb1-213826f88d05/d2b713e3-3124-4d27-8581-c812695e32d0/crop.png,15314,b7ea57ddf76bf03d011e7c190f847f1503e33767c6e441283a2ecb42aba212f3,cell_crops
cell_crops,770fe793-172f-4e63-bff3-d64d8c82e8d5,relative_storage_key,cell-crops/3a33d13c-ff5b-46ba-94b4-0710e5185301/a78dd7b0-8ddc-4cd7-bc5a-241f8b427de6/7ba97fb6-e951-4c3b-93d8-3958918f513f/de950732-9396-457a-9e4b-715fd874dbc8/crop.png,5890,bcfa99aeb5551e82666c08cb1a7b434b535c2cba22766b61a370d115ca17141a,cell_crops
cell_crops,77373bfe-4b2b-4a62-943b-a0f02af14cde,relative_storage_key,cell-crops/8122e340-548f-40df-9dd4-ed43859605ff/ed18ce4e-6fb0-4f1f-b313-c9d76617210c/8cb2cae1-c3e1-487c-a274-4385f339dded/2d3ccb6a-24c1-4a6f-bb2b-6c8f0dad01bc/crop.png,5101,388fa8ca6bc76cb872623267e364c788e30de90c3c2b3b610569245c1b5cd9e0,cell_crops
cell_crops,777f5ed2-55b3-46a7-ab24-1cf4e2c6ba2e,relative_storage_key,cell-crops/1c49de91-f3ba-4794-8cbd-62bc966049c5/1007bc39-4bca-4a32-9069-5c8180b174db/cdcfc6c7-12a5-4405-8fb1-213826f88d05/8aa90dff-712c-4a16-ab3a-48904e561bb2/crop.png,6877,cb4da12f41c729dffe4ba2584030ee1015ac6775abe4d8d774cbf258bcfc5eff,cell_crops
cell_crops,77a7fd4c-ecb4-4fa5-81ec-bb3af7aca67d,relative_storage_key,cell-crops/fce4a23b-7725-4c69-960b-5c9cd9b68f50/c6ecf996-e832-44ad-89bf-2ca55d1d46d5/5ecbdf28-e01c-4b51-ae7b-f9d88c6b9aa5/e2ec3ee9-bff8-4dd3-88ca-538b86c52deb/crop.png,4337,e0150a1fbfbb86b966d6205e6d2663ce44233536303ee06d131fc1ce36395311,cell_crops
cell_crops,77ca3dec-b563-4589-a9e1-9e47d9610111,relative_storage_key,cell-crops/e109f86a-afaf-4c6b-8831-0fd7fc4fa7b2/2b113263-4ee7-4c87-a4d5-c689a43626bb/5b7cb03b-f0e6-42de-9aba-d4fb3757ad09/24e0fff7-483a-4f8b-8879-7a3d95453f06/crop.png,3909,1a45f058b0ef2ae4b3e3e0bd5f6b955029415e1d60a3643c16f9bf93d11d2bd1,cell_crops
cell_crops,77d848c9-a70e-4514-a4f9-c819c5aa8c74,relative_storage_key,cell-crops/3a33d13c-ff5b-46ba-94b4-0710e5185301/a78dd7b0-8ddc-4cd7-bc5a-241f8b427de6/7ba97fb6-e951-4c3b-93d8-3958918f513f/fc2d602f-b323-4f1c-b133-bcfb62213712/crop.png,7965,9522a0ed180741c1689a275de4838c720aaafa2944af8547129b4e8c2608c833,cell_crops
cell_crops,77e077aa-ee9b-4ad9-a50c-46ea3f568b76,relative_storage_key,cell-crops/8122e340-548f-40df-9dd4-ed43859605ff/ed18ce4e-6fb0-4f1f-b313-c9d76617210c/8cb2cae1-c3e1-487c-a274-4385f339dded/e76c46a4-de74-468d-bd4a-07707ba92566/crop.png,6917,9eaa30e5e8248300887a4b720091cdf079dfe586eb1f4d4f3e7892a626481f20,cell_crops
cell_crops,780a2cd1-c1d7-41c4-984d-c57277dff51d,relative_storage_key,cell-crops/8b912699-0346-4eca-9a3f-992922f65702/c5ca90cc-e321-4501-82f3-a2e0ef0f51a7/51a1e5c5-fac7-4ab5-b6dd-bef48d583434/50658b9d-27cf-4137-b58d-575f3dc385b4/crop.png,4888,b21b046ea62dddb5428c70c62b9aa55d7e832c93e5b995cf38e7b52869da86b1,cell_crops
cell_crops,780ac6d4-cd0b-4772-b7b3-0c3934262857,relative_storage_key,cell-crops/ae68a99c-11f7-457a-88f8-3cef9a144958/618af6de-bfab-495e-8634-e484d620ee21/650c7580-8b2e-4bc4-88e8-bf03c5bb423d/f18ea5e6-8b17-4f2b-94cf-ee165467d5d1/crop.png,2539,6490023bf8e285fe1f96c0d4480d514c2917aef0bbea3e1a35e37ff994db865b,cell_crops
cell_crops,7817df63-65c3-4594-84f5-a2c104b1be5c,relative_storage_key,cell-crops/e11b10f7-d1c3-4d6a-9e69-a4b6bc1abc46/1db1a505-3eaf-456d-b123-7b9f8ee77762/339d62a6-0363-472b-b2e3-4a7befd2c42f/3315cb10-0abe-4363-8e0d-3bd122d673ed/crop.png,2940,e5ba5710254f32d372f7b71b8aa82fec8fede235d813ada7a7d31e76af14332b,cell_crops
cell_crops,7825cc30-b2b4-4acd-be50-d2ca34ef4aea,relative_storage_key,cell-crops/214fd936-3c74-4042-937a-3131ff495bdd/5e7bbe13-3cf2-4c2d-9022-31d242f15fb1/c6a30725-877a-4570-819a-de52a6bcb57d/cbaf42a8-3fd6-4a04-a1f4-320b1e9e0ef4/crop.png,2264,c19c08bf076ddcec58ae5b19018edf2442ee762c95fc943e7a9cf9cf274e491b,cell_crops
cell_crops,78269ead-c7b1-4df6-b766-0aa4b185243e,relative_storage_key,cell-crops/ae68a99c-11f7-457a-88f8-3cef9a144958/618af6de-bfab-495e-8634-e484d620ee21/650c7580-8b2e-4bc4-88e8-bf03c5bb423d/ae08bc8b-d948-4f89-bb7e-42059ecd71be/crop.png,1788,83a0f1160da8c9466b738a9cdf3040ebcd50288ba3e8c603c269409c64a3af15,cell_crops
cell_crops,7844d3ee-5a2d-49aa-bbff-2abe58591fff,relative_storage_key,cell-crops/211b65b9-8b1b-4bc9-bf8e-2572a00a3ecd/85d8a71e-e9ed-4062-a036-52e42dd89720/83b0bdb6-4441-49e8-b6a7-4de634e8d548/3c3407bf-2f76-4ae2-8f1a-6997dd3ef506/crop.png,1333,43c4d04cc2bc6fdf12efa31efc22665c3c7b25c8bd842793cc06fc281f64329a,cell_crops
cell_crops,78451b0b-f1c4-45c0-9a06-ecda2d537121,relative_storage_key,cell-crops/54e278de-2381-4a05-8faa-42bf761f6688/50b0884e-ddde-4252-be9d-058151c986c4/f4400105-33b9-4bc0-860b-010b1cf3d386/c1e88171-300d-4855-855e-e108f2d44047/crop.png,2073,eb6c51615084d4f49e54fa8838a80021cffff230756421a5351ed1b160d5e89d,cell_crops
cell_crops,787cb13c-6771-421c-b801-dce112cc454d,relative_storage_key,cell-crops/bc8b8317-c17d-4b7a-b737-5e40120559e2/8c8e678b-a6c7-4b8c-b4c0-d34745f32fe3/25cb85d9-3b89-46ca-982a-f71517c971ee/5434634c-bf7b-454e-9362-2bb731433959/crop.png,4486,d79e12f93d1b2386c275fecc4d108502a366e6493f0674f7f533b68ac37dca16,cell_crops
cell_crops,78b67155-b8a8-45c5-a890-783fcecff035,relative_storage_key,cell-crops/d28e9146-5ad9-4df7-8af4-1b8901780c2b/f196b05e-1e21-41c5-8292-1c802004009a/6948fa72-3ff5-45bb-beb5-8ae3bba8b6d6/093636eb-de87-45ea-8388-e5b496abd690/crop.png,5900,6fc76ca4a98277648bc4f552670bd3e7bdd0a905b8baf01744d5b25e238165e0,cell_crops
cell_crops,78ccd911-71fc-4ab8-9b85-19548526abe0,relative_storage_key,cell-crops/7a11c0f4-a9d7-4446-a5f2-437ffc334a6c/0ff18f89-6fbd-4755-8e89-15227de46f41/3dca4192-f767-48f3-a7e8-59e22d9db3f9/218e2196-3a93-4b7d-94da-47d5cc581a24/crop.png,11483,30262d39d330f21d6ad1ca974008414cc86b4c779a44f309e36399254e42d791,cell_crops
cell_crops,79042bd1-fa2f-40c9-a4e4-eeb03598edf9,relative_storage_key,cell-crops/7ef7cff8-899e-428e-b89a-36803c0575b3/04bafb48-259f-4626-82fb-a3359ee3160b/849d1772-b3d7-402e-82b3-2942cd77a889/de084961-5428-4444-8933-e5d61314f399/crop.png,3973,5a131ae37ff5a0af911b106b644db255b7455f8a8f8071de7e5d2fceac25597c,cell_crops
cell_crops,7924bf82-d72f-49ed-9a38-9aa6b568998a,relative_storage_key,cell-crops/8b912699-0346-4eca-9a3f-992922f65702/c5ca90cc-e321-4501-82f3-a2e0ef0f51a7/51a1e5c5-fac7-4ab5-b6dd-bef48d583434/7c8e9bd7-42f4-4450-8410-a5bf962d9303/crop.png,2572,2cf5581ab3240ad5685279a4d7a3356b08ed950bc2a818a79bfc0a0c56180df5,cell_crops
cell_crops,79371323-70e3-4828-9b4c-7f47b72c427f,relative_storage_key,cell-crops/7ef7cff8-899e-428e-b89a-36803c0575b3/04bafb48-259f-4626-82fb-a3359ee3160b/00b8d663-89b1-4dfe-8f8f-9a01bca4688b/6038a647-1648-4035-8813-32d731d96ac0/crop.png,4685,82cc01f1efa3fdcc0634af54f6dd837bbd36bf804e1925f8894683e707bb6937,cell_crops
cell_crops,79665797-346c-43f3-b5ef-c85e4fd2e0c4,relative_storage_key,cell-crops/3a33d13c-ff5b-46ba-94b4-0710e5185301/a78dd7b0-8ddc-4cd7-bc5a-241f8b427de6/7ba97fb6-e951-4c3b-93d8-3958918f513f/68666627-bc85-4fd9-a2c9-52b2f73ae6d0/crop.png,810,0f2fa4b4d5f38eb9045ea55bd0efc5b18fe5f23e40fbe45941f43baf7b1541c2,cell_crops
cell_crops,796aa668-ce89-4a46-a896-1d4100fc8221,relative_storage_key,cell-crops/e109f86a-afaf-4c6b-8831-0fd7fc4fa7b2/2b113263-4ee7-4c87-a4d5-c689a43626bb/5b7cb03b-f0e6-42de-9aba-d4fb3757ad09/f194706f-2885-46c0-bebd-1d7e115794c5/crop.png,4006,00b655810f50e35986356ac133572447ff4591e78f3c7d6cfcb942e973c48267,cell_crops
cell_crops,79c85c32-e38c-4cb4-8c9d-111b30be9bcb,relative_storage_key,cell-crops/4383bcb6-1595-4b3c-9c6f-ced12863a762/f6d15c09-591e-4808-aff5-02f7c8c4d239/25a1a8fb-90d3-4cfb-b43b-20ee3b4b7788/a7402178-9f6f-43a1-85b0-b4ea857c7c28/crop.png,7613,29dd441aaaef2c501451a3039e576e93d1894b7f0cc16cce0d78d6861d5f1859,cell_crops
cell_crops,79fbf5eb-63b8-462b-8ade-9649b8547b4e,relative_storage_key,cell-crops/e11b10f7-d1c3-4d6a-9e69-a4b6bc1abc46/1db1a505-3eaf-456d-b123-7b9f8ee77762/339d62a6-0363-472b-b2e3-4a7befd2c42f/bb7f6632-4a44-4abe-bf70-5ef02aceea3e/crop.png,1264,7461a2ae605ee0bb111ab78522c3df5c746f13e33d930b8b12fde2316c0c2b98,cell_crops
cell_crops,7a05e94e-01bf-40a2-a5d0-69e90e3f387a,relative_storage_key,cell-crops/e109f86a-afaf-4c6b-8831-0fd7fc4fa7b2/2b113263-4ee7-4c87-a4d5-c689a43626bb/5b7cb03b-f0e6-42de-9aba-d4fb3757ad09/049c6af5-b879-4183-84f3-b00d3ba392df/crop.png,11040,4c1a7d02f549671ccd682752c0e1d10aac1d932d5091222653559f747eb7ef62,cell_crops
cell_crops,7a086820-9704-4281-9a13-b7cd586eb60b,relative_storage_key,cell-crops/8b912699-0346-4eca-9a3f-992922f65702/c5ca90cc-e321-4501-82f3-a2e0ef0f51a7/51a1e5c5-fac7-4ab5-b6dd-bef48d583434/db649051-6ff5-4133-9b60-13d8f60c6b4a/crop.png,2451,81c189cc46798d45726f2b3f3f5377c6f203cec6d255e58fc6a9b21b8fc1ed50,cell_crops
cell_crops,7a15cd70-fe34-4187-833e-c08c97aefbff,relative_storage_key,cell-crops/aac2f7a6-e279-42c1-8035-33134bfdf3eb/881590dc-6d13-4137-ba82-d28d2ed5199a/34070251-bc08-40a2-b33a-35ad175a7189/b891dc1d-a375-4fce-aba5-1f2a05a54204/crop.png,10293,ce62bca2da7afa40f81a6317fb47817bd59916adad83c1c3a4ae0f9ce93e1faf,cell_crops
cell_crops,7a1a9f3d-ed7b-4f8c-8d3d-47117497e203,relative_storage_key,cell-crops/db1855bf-e94d-43ea-86dc-5c1d21c82206/70a62caf-67c3-44f5-8752-596e9432c4ca/f914626e-fa1c-483a-ac2d-a7ebce6130f5/26086801-61b3-48be-ada8-754058e68dcc/crop.png,3269,d6b0b01bcdac891ee06e5298aa58c535c93d8d094e4fbfd4b3852c2d06a7dfb3,cell_crops
cell_crops,7a3b4d03-3431-44e6-8083-0320bac173c7,relative_storage_key,cell-crops/211b65b9-8b1b-4bc9-bf8e-2572a00a3ecd/85d8a71e-e9ed-4062-a036-52e42dd89720/83b0bdb6-4441-49e8-b6a7-4de634e8d548/d32d073a-68c6-4c16-8fe8-b201b5139336/crop.png,2424,adf8bc111c6f5fc848d3db25c25372891ef725dcef619bf86f7281b5b1d6b220,cell_crops
cell_crops,7a7e63c8-4b42-4e33-a580-e3f8aed500b0,relative_storage_key,cell-crops/ae68a99c-11f7-457a-88f8-3cef9a144958/618af6de-bfab-495e-8634-e484d620ee21/650c7580-8b2e-4bc4-88e8-bf03c5bb423d/ceb01c77-393f-43ba-8d78-a12c0fa5e905/crop.png,13351,a83bf94cfaba0e61c8cb043bd05e6f6c4dcc4188c5adfaa4bb3509288e2726ea,cell_crops
cell_crops,7a852e7f-e700-4141-a1a1-70d294d887b5,relative_storage_key,cell-crops/e109f86a-afaf-4c6b-8831-0fd7fc4fa7b2/2b113263-4ee7-4c87-a4d5-c689a43626bb/5b7cb03b-f0e6-42de-9aba-d4fb3757ad09/da0f9663-7f61-4c11-b3e1-e33f4be4b692/crop.png,5047,0ef5caf94e8a41cdd943f114f2767775f3c0c9c418b8aac66e48f9949931fd84,cell_crops
cell_crops,7a9e866c-7e96-4932-a919-e0f9f849e0e8,relative_storage_key,cell-crops/b0a5839c-3668-4411-b590-cc1d8fed470e/bf423fe1-2fc5-4662-9eda-ff1496c1bba9/c2a6cffd-18de-474e-ba04-2bf65b0f4f8c/533ea911-e6ae-44f1-a36a-74f0215f7126/crop.png,1414,fec8dbb8e1a35eeef303b628bfdde4ba9bb9d7b01b8676d279857ee0f95f7659,cell_crops
cell_crops,7aa39d78-d6ac-46fd-ba7b-694b18449142,relative_storage_key,cell-crops/c9a6b7af-881f-47da-980a-1a2c2b743a1c/03505d0f-434b-48ac-ae42-76750f4fbc1a/a0889d56-1430-4a7f-b67c-e21291ac9ed7/847791d6-2c7b-46ab-adfe-32236382268b/crop.png,1292,60dae334d49b4fcfadfae682b5566ad2860e9049d12b2b0360051eda3ad0b1d1,cell_crops
cell_crops,7aaa2785-13bd-4209-a246-f94804d3b1e3,relative_storage_key,cell-crops/e11b10f7-d1c3-4d6a-9e69-a4b6bc1abc46/1db1a505-3eaf-456d-b123-7b9f8ee77762/339d62a6-0363-472b-b2e3-4a7befd2c42f/665c80c8-c9a6-4ca7-915b-01d661c18649/crop.png,11389,4cb8cd2808e8dfff6786b35ccf0a7f00745bfe3347b4c91db9ab3c6969990162,cell_crops
cell_crops,7abb1ec1-5616-473b-ba7c-292a99c23256,relative_storage_key,cell-crops/07c71166-93b3-415e-b764-6ca7344238f6/151ee7ee-b609-4e6b-985c-04af59a85470/9c45439d-fd87-46c3-944a-439ab92cbf89/52c59fc9-ef81-404a-9efa-be2a2e3cd8e5/crop.png,6003,0e8367c64982a2f1818875d7899c098296edf28b016c37e5ad3f37511426414e,cell_crops
cell_crops,7ac10da5-cfe6-4bc4-9dd0-23dfb1d7970d,relative_storage_key,cell-crops/cd096d9e-0d01-4e4f-acd5-65e1548c215b/de773a50-b182-4ed9-9bdc-3f6f65bf242d/8eae56e5-dc27-4e8b-86ce-b22204a68814/a7265052-1ffe-4df2-a826-fdc962170e2b/crop.png,635,a52c04a6f833913490df7d588e52deea6205e1dd49e1c781a8b8e590566135fb,cell_crops
cell_crops,7ad18076-63cf-4a35-9630-b9ab34993b49,relative_storage_key,cell-crops/c9a6b7af-881f-47da-980a-1a2c2b743a1c/03505d0f-434b-48ac-ae42-76750f4fbc1a/a0889d56-1430-4a7f-b67c-e21291ac9ed7/b09f3762-6c60-4508-a1bc-62f4541ffb77/crop.png,1244,e0bde70706d3e720f670c8967f6e65d0b32ced97a5f2d811479208cfe1c1a983,cell_crops
cell_crops,7b0b69db-ffc3-4475-8095-f1e5ec688345,relative_storage_key,cell-crops/bc8b8317-c17d-4b7a-b737-5e40120559e2/8c8e678b-a6c7-4b8c-b4c0-d34745f32fe3/25cb85d9-3b89-46ca-982a-f71517c971ee/3b099806-9887-4c47-8730-3c407933e256/crop.png,2572,2cf5581ab3240ad5685279a4d7a3356b08ed950bc2a818a79bfc0a0c56180df5,cell_crops
cell_crops,7b2f6ab4-e77f-4ec5-b355-83c67a43ceb2,relative_storage_key,cell-crops/b0a5839c-3668-4411-b590-cc1d8fed470e/bf423fe1-2fc5-4662-9eda-ff1496c1bba9/c2a6cffd-18de-474e-ba04-2bf65b0f4f8c/51d8f8c9-0c25-4b9f-8dfa-4bc19e23c391/crop.png,5222,0de8304d5bcbf180d0357e6491aa77520f511e8bca926a6f2c1dc5152bf26e04,cell_crops
cell_crops,7b30a615-41ed-4739-84cb-fb0b347e679e,relative_storage_key,cell-crops/bc8b8317-c17d-4b7a-b737-5e40120559e2/8c8e678b-a6c7-4b8c-b4c0-d34745f32fe3/25cb85d9-3b89-46ca-982a-f71517c971ee/ca0b8f5e-6c97-48f9-bdd4-3a9bbfd5e3f1/crop.png,4069,1331751b5e248abe6c2b85eec6f0adec18e5750643cc8ef9cf5ade3c8321c6be,cell_crops
cell_crops,7b4e59dc-ef00-4f6d-9224-9dfcad53996f,relative_storage_key,cell-crops/07c71166-93b3-415e-b764-6ca7344238f6/151ee7ee-b609-4e6b-985c-04af59a85470/9c45439d-fd87-46c3-944a-439ab92cbf89/e3e45ab2-9afa-4456-ac96-ebea6e0b13f8/crop.png,1594,029dbfd3183dbb23096644a344510fa96eff6f67a28970280d32b2a51fd994d9,cell_crops
cell_crops,7b54bfdc-7592-4086-af4e-cf185987fbe4,relative_storage_key,cell-crops/07c71166-93b3-415e-b764-6ca7344238f6/151ee7ee-b609-4e6b-985c-04af59a85470/9c45439d-fd87-46c3-944a-439ab92cbf89/29d0a926-9081-4742-9460-741e8fe7a26e/crop.png,1682,39887861a88da255be511f73fd8aaa4dba7c781ffa8fa1b0ff721f81f4fc1f75,cell_crops
cell_crops,7b66f6d6-ddef-42df-a30d-abaddb5b9ff8,relative_storage_key,cell-crops/4e1ca921-c5c6-4d89-b035-2d7dd99040d5/b9f975b3-7cd8-4b9a-a2cc-1bd9a76d924c/dc6df3c3-f03e-4261-bd4c-a2df5e0f0d88/ac0e3117-216f-4673-b96f-afd8e11e94f0/crop.png,1178,9244c6fc721b4248c4d2c868e92bdf49fdadeb2512a872b0f2a5e1f2080d56e3,cell_crops
cell_crops,7b74566a-2352-4c36-8e1a-0a026d28b750,relative_storage_key,cell-crops/383c9700-4823-4ef4-a3f6-c8bac0a28dd4/0d86637f-bf43-4c20-a000-30e6e09038ff/e4296ff7-9e31-4bd9-8593-2615946bcceb/62a7d687-81c8-4d44-b366-b9aa000915fd/crop.png,621,edb7ef808378e0934773f9569a846fc1841f03f40ffa61e9150a62f592196618,cell_crops
cell_crops,7b88a184-5b27-4b14-b97a-013227cebb99,relative_storage_key,cell-crops/07c71166-93b3-415e-b764-6ca7344238f6/151ee7ee-b609-4e6b-985c-04af59a85470/9c45439d-fd87-46c3-944a-439ab92cbf89/b6f9340b-c305-4e73-9e65-ee9ac2e4c529/crop.png,1475,f7f5d30a47e41731054aef714639caffb1caf6cc3cc336ba9ba6e4b24da5cbd1,cell_crops
cell_crops,7baa091e-a6e0-486b-9b6a-e98206af6fba,relative_storage_key,cell-crops/54e278de-2381-4a05-8faa-42bf761f6688/50b0884e-ddde-4252-be9d-058151c986c4/f4400105-33b9-4bc0-860b-010b1cf3d386/72ab6f54-59f8-4d52-a029-4d40f557de3a/crop.png,4666,14f390a96bba809e3dbcf5795584999e02e4ed5badf21adfa8184107473690eb,cell_crops
cell_crops,7babc3a6-779a-43f7-ba99-40db0bfb1a00,relative_storage_key,cell-crops/7be00fe5-41da-48c5-b2c2-9618f0a7c517/3ebcfc6b-b6e3-40b6-939c-33977196460c/8fa36d4d-c412-435a-a109-923281f0f43d/4de2da16-2617-4f10-9196-d86d92a742da/crop.png,5069,8bad531012ee55002083ce71c8153cea753d49e8f24e256318377032b8dcbc3d,cell_crops
cell_crops,7bb36a4f-46be-4ec3-bcd1-66f337fa4ddf,relative_storage_key,cell-crops/7a11c0f4-a9d7-4446-a5f2-437ffc334a6c/0ff18f89-6fbd-4755-8e89-15227de46f41/3dca4192-f767-48f3-a7e8-59e22d9db3f9/2608f789-ec18-4a3e-95e7-a0888ad4efc4/crop.png,3700,b261433914c58b0d6b3c0b1e4f69e9181294719d49a3c9e9b689b79a63460645,cell_crops
cell_crops,7bd92042-676a-450d-ba30-487607e06165,relative_storage_key,cell-crops/7be00fe5-41da-48c5-b2c2-9618f0a7c517/3ebcfc6b-b6e3-40b6-939c-33977196460c/8fa36d4d-c412-435a-a109-923281f0f43d/e6896915-6582-4c8e-9d36-d04096ec6c65/crop.png,4150,03df961773c9cd0b9589f682940dc953251413c25ccb4ef37de9dce8e90b85f6,cell_crops
cell_crops,7beaf8bd-9502-48eb-adbd-4c352d1f484b,relative_storage_key,cell-crops/db1855bf-e94d-43ea-86dc-5c1d21c82206/70a62caf-67c3-44f5-8752-596e9432c4ca/f914626e-fa1c-483a-ac2d-a7ebce6130f5/3d3457f1-752a-4031-b808-aa8533e86f0d/crop.png,9915,558c44741316b80a18a0ecf19c241b7ac6bd787ec3f18f5d1acbf844f7e6e422,cell_crops
cell_crops,7c1bd7f9-f99a-4ae1-86dd-f7e41a89ded1,relative_storage_key,cell-crops/c9a6b7af-881f-47da-980a-1a2c2b743a1c/03505d0f-434b-48ac-ae42-76750f4fbc1a/a0889d56-1430-4a7f-b67c-e21291ac9ed7/7a1eddb7-28a4-4d3a-bfff-2d136ab660e3/crop.png,8966,f34e950766e434c2009b79f0eaa772f1b4c94d516994b9df157649ff0eea286d,cell_crops
cell_crops,7c1edf0d-cebd-453d-8b56-3b16bdeb448c,relative_storage_key,cell-crops/07c71166-93b3-415e-b764-6ca7344238f6/151ee7ee-b609-4e6b-985c-04af59a85470/9c45439d-fd87-46c3-944a-439ab92cbf89/bc00bc85-6ec3-4ffe-a82f-fb327f09ece9/crop.png,2451,b4b9f773359f3dc90c46e1be4d1405232e1e389b805bd9b4e5e71b9cf2ed35db,cell_crops
cell_crops,7c471c96-f9ac-4de0-bacb-13775cc3c4c5,relative_storage_key,cell-crops/07c71166-93b3-415e-b764-6ca7344238f6/151ee7ee-b609-4e6b-985c-04af59a85470/9c45439d-fd87-46c3-944a-439ab92cbf89/43b7b2e8-a4bf-446f-8e98-93f37d249d13/crop.png,3731,4b58085861342994e35ab20b9569c05b2765c815d8ecd94f302ae48f12c3c1e8,cell_crops
cell_crops,7c7d1c8c-91e5-4e9b-ac9e-f7d70b087670,relative_storage_key,cell-crops/aac2f7a6-e279-42c1-8035-33134bfdf3eb/881590dc-6d13-4137-ba82-d28d2ed5199a/34070251-bc08-40a2-b33a-35ad175a7189/97af90af-05ab-45da-8133-8bac2c85a8b2/crop.png,4291,1da12e340db0055395cd91c35ce8e62f68b52a6503d675e97a4073322bdd22c3,cell_crops
cell_crops,7ca4ba37-8926-4202-a4fc-33e113d9fd18,relative_storage_key,cell-crops/7fd7ef40-bc9c-40d1-9e62-62bf0850c6b3/f6e252a5-7924-4e5c-bc63-8b711db60ba0/8a0187a3-03f0-45bd-ac3c-6e47c7999f03/2cb76679-69ff-40fa-a9d8-3ab2db960648/crop.png,1479,3f831aa05c0282efffd7ef7394ffdcb4e7167697fd25f32e6c2d98294bcdaaff,cell_crops
cell_crops,7d0843e9-be64-46fc-95a9-9a2bfea4e23e,relative_storage_key,cell-crops/54e278de-2381-4a05-8faa-42bf761f6688/50b0884e-ddde-4252-be9d-058151c986c4/f4400105-33b9-4bc0-860b-010b1cf3d386/28729b60-d79e-4fb8-87c6-451cbf2d935d/crop.png,2139,8d01c894164b5f7d946ebdaba24423cc2c663e6cc2dae46949c985d608dfde43,cell_crops
cell_crops,7d4f6c5a-1dd6-483d-bc54-e9828ef1f07e,relative_storage_key,cell-crops/54e278de-2381-4a05-8faa-42bf761f6688/50b0884e-ddde-4252-be9d-058151c986c4/f4400105-33b9-4bc0-860b-010b1cf3d386/58451d06-aa9e-4346-9422-d2ce5f8b7ef9/crop.png,3405,e16f96e3e24897701aeb19ce06f7d57b4dd3fa663c4afc2a9299b05ef728d19c,cell_crops
cell_crops,7d588107-2dfb-4eba-b698-a31ccb981d81,relative_storage_key,cell-crops/ba5fc281-07c1-46ca-8091-0c13e6753aa4/d33fb4ff-3366-4fff-9806-8ab03314dbd1/18b27447-aed7-42fa-9142-4bab96366973/ac1ba6ac-9ed8-4ab3-a6cf-91fe09bd73bc/crop.png,10991,d301c542ef685052dbdb935b1db80acee4aa9b3c2106862f2686d3182287bf9f,cell_crops
cell_crops,7d5999ca-0408-4e00-8087-cca01d434036,relative_storage_key,cell-crops/b0a5839c-3668-4411-b590-cc1d8fed470e/bf423fe1-2fc5-4662-9eda-ff1496c1bba9/c2a6cffd-18de-474e-ba04-2bf65b0f4f8c/5084fbef-9a23-41b9-93ee-771be2e742db/crop.png,7840,4f8c60a224bb83826bb0d30ed22a83bddb278d97fdeeda7da3f990260ee5b22d,cell_crops
cell_crops,7d5fa1a7-3805-471f-8972-4d9a98d2607d,relative_storage_key,cell-crops/52c4864d-1788-41db-a1d2-883ce7d83a58/490887fa-b3af-4136-85dc-8ae66e413acd/bf339bce-cffa-48e9-a044-4b9df2cc36b4/8977fde4-89bf-4dee-8714-0cc58e803fa7/crop.png,7840,4f8c60a224bb83826bb0d30ed22a83bddb278d97fdeeda7da3f990260ee5b22d,cell_crops
cell_crops,7d64bfd8-4dfd-45ca-81f5-a336c516df1c,relative_storage_key,cell-crops/e11b10f7-d1c3-4d6a-9e69-a4b6bc1abc46/1db1a505-3eaf-456d-b123-7b9f8ee77762/339d62a6-0363-472b-b2e3-4a7befd2c42f/9cf8f09c-fdb2-445c-9bb3-3ac6588e78f2/crop.png,4385,2e81d7601290bef31f17331e0692ae15d1b36cc68b7595e915029d42f5100c6b,cell_crops
cell_crops,7d68e201-c1f8-4f2c-868e-d05924779792,relative_storage_key,cell-crops/07c71166-93b3-415e-b764-6ca7344238f6/151ee7ee-b609-4e6b-985c-04af59a85470/9c45439d-fd87-46c3-944a-439ab92cbf89/d28db35d-30df-47bd-bca4-06438e8cfc4c/crop.png,2106,e2d51761bbd0534b2094a15843606beb95ee3fd027a3b50c2b25dc312f479c21,cell_crops
cell_crops,7da0239f-2010-4256-bab8-f16bd59bf5d5,relative_storage_key,cell-crops/b0a5839c-3668-4411-b590-cc1d8fed470e/bf423fe1-2fc5-4662-9eda-ff1496c1bba9/c2a6cffd-18de-474e-ba04-2bf65b0f4f8c/d6b35045-5754-4288-b5ab-69be756ebfe8/crop.png,1657,171acaa0197c2067699866a0b9fdbb85f7cbf6c4bdc9ff129c2c2022bcbad8c5,cell_crops
cell_crops,7deb2cbb-3589-4854-a092-079dec5e7182,relative_storage_key,cell-crops/07c71166-93b3-415e-b764-6ca7344238f6/151ee7ee-b609-4e6b-985c-04af59a85470/9c45439d-fd87-46c3-944a-439ab92cbf89/0951f3ea-6d47-43cb-be2a-482b3b2cfe9f/crop.png,4166,b8c57b823c5a380a815adb405ad110cb5ab604140ed6aba3e7b84c6fae19be9f,cell_crops
cell_crops,7df3be4d-2a50-4e01-9ddb-fa85c705e5a9,relative_storage_key,cell-crops/121a69bf-ba23-4014-892b-158b9c2b71a4/aa1323a6-7f80-4e1e-819a-ec182f045f3d/97fb12a0-df7f-455f-8e13-e0383ad3934d/a51a80a5-70fb-4e0c-bd77-9d85345e1d0a/crop.png,1545,63f1d114d4ff33705fe7f8a5c7ff6467d2a919c51c20199a8da54f8e53bef7d2,cell_crops
cell_crops,7e1e8d78-a4a2-4bfb-a101-441dec63a265,relative_storage_key,cell-crops/52c4864d-1788-41db-a1d2-883ce7d83a58/490887fa-b3af-4136-85dc-8ae66e413acd/bf339bce-cffa-48e9-a044-4b9df2cc36b4/873f9d75-1b3b-479c-bedd-6c236f1cc56f/crop.png,20131,9ab044a5b908ce4aff0e261420943afd9d0176c41eb571ba4109ab606f941969,cell_crops
cell_crops,7e2fc53d-dddc-478a-9e01-32c653e4cd72,relative_storage_key,cell-crops/7ef7cff8-899e-428e-b89a-36803c0575b3/04bafb48-259f-4626-82fb-a3359ee3160b/00b8d663-89b1-4dfe-8f8f-9a01bca4688b/bfa45a2b-a917-46a8-b3a6-a3bd4de7c524/crop.png,2674,70266f805504bbfed9671b54febbc786002a5eec74abc325aad371b8c58d07e2,cell_crops
cell_crops,7e90737d-339c-4237-aea3-17dcda0142af,relative_storage_key,cell-crops/ba5fc281-07c1-46ca-8091-0c13e6753aa4/d33fb4ff-3366-4fff-9806-8ab03314dbd1/18b27447-aed7-42fa-9142-4bab96366973/623f0a72-c463-4250-aa54-3ff7c8e925e1/crop.png,4392,da4967263b1f85dc27197aa62f9521d490fc098d6ce77bd8df5c33bb0ad57669,cell_crops
cell_crops,7e944068-ffd4-49ab-8f8d-45fb1d355c3c,relative_storage_key,cell-crops/25afdd28-85df-4a2a-9dab-2727ced6821b/f5668b77-a7c4-4ed2-aade-94bbf92900cf/08cd9b57-9a64-410c-8133-1dbdbf2e697c/202d445e-52d0-43ec-84f7-dd2eef40ad8d/crop.png,3610,68253c13d44ebc9ba33667cfd7ebd5b81424647efe81488af91cda631b661a72,cell_crops
cell_crops,7e95ceeb-c5ca-420d-bc0b-6b2fd0ecdc29,relative_storage_key,cell-crops/7ef7cff8-899e-428e-b89a-36803c0575b3/04bafb48-259f-4626-82fb-a3359ee3160b/26ddb17b-1b89-4301-8f40-011ccf0f40dc/3890759d-c7ba-4ea9-b5e0-7ec7d93a0c40/crop.png,3156,686d95cde152304104c76261bcf90bbd674a7de4322940a931b1bdba9743efe3,cell_crops
cell_crops,7e9cb853-036e-4420-8a26-d722b3032c5d,relative_storage_key,cell-crops/3a9a3ddd-a6fb-43b7-98e8-82fe65649b10/69a3938d-51bb-45d7-928d-1b35d46634bb/ea56489d-de29-4bcd-bf1e-16e83feedee6/5c881e06-bda1-4553-89b1-d515c4c146af/crop.png,5899,365b5ea13f668b2a711ab0944295252623abad98d39ac03f021286cf51815d67,cell_crops
cell_crops,7ecba46a-0d84-4df1-8924-2368c72c4da2,relative_storage_key,cell-crops/9696ad8c-6c01-439f-afa5-29d7f5234348/c6ffc450-182b-4d59-bf0d-1090bd076903/dd3b1716-0bb9-4523-9fa9-61bc274925d8/325a6343-ed68-4e0f-a49b-1e65232ed3f9/crop.png,4117,42cf57dfcafcb9bf45f6c839703a338e62fdb0bb7884018f1171653c86118ce3,cell_crops
cell_crops,7ee14b05-014c-4299-9577-ab93de16a3ed,relative_storage_key,cell-crops/8122e340-548f-40df-9dd4-ed43859605ff/ed18ce4e-6fb0-4f1f-b313-c9d76617210c/8cb2cae1-c3e1-487c-a274-4385f339dded/78debd16-933a-4f7e-a06f-8996b2dd2b33/crop.png,3413,a83bb33d66f9ee53a70c140fedb4c4718767b7a1ce695c9a0f04ca52a2632b36,cell_crops
cell_crops,7ee6ade8-2d1e-46a4-8c1c-d3ec404e1091,relative_storage_key,cell-crops/3a33d13c-ff5b-46ba-94b4-0710e5185301/a78dd7b0-8ddc-4cd7-bc5a-241f8b427de6/7ba97fb6-e951-4c3b-93d8-3958918f513f/373d51c3-c2b3-42f7-a62f-fa83f7f101e6/crop.png,5469,b95ed23c6d833f033f3b4e8fe3c832d0aa4f015f513ece08764622de576a04dc,cell_crops
cell_crops,7f01f0e5-ad9b-4954-87f3-acd19e5f4a19,relative_storage_key,cell-crops/7a11c0f4-a9d7-4446-a5f2-437ffc334a6c/0ff18f89-6fbd-4755-8e89-15227de46f41/3dca4192-f767-48f3-a7e8-59e22d9db3f9/72f52e82-7b14-4803-9d3c-53386787a56e/crop.png,4386,6c989a289322a35a19553c2a044fa9b76bbec0cfbf46e014b38aac0114599a61,cell_crops
cell_crops,7f47b34f-2ade-4708-8a36-6f95956a08c1,relative_storage_key,cell-crops/1c49c468-795c-45ed-98a4-e3670ddd5182/2f40a287-e0d5-4ab9-919e-a1ddfe57b9bd/2ac85463-e0b3-4c27-bb72-7ffdae1f53ab/16799786-4bb5-4102-a8d2-e291aaa88894/crop.png,2083,814031631ee2f3b622ada9452df98f70b44f7466807b769785f7db988140e98e,cell_crops
cell_crops,7f83520c-1cc4-465e-93e1-fa222153bcca,relative_storage_key,cell-crops/93807208-985b-4d70-bb43-c7843db4141d/f4a29ede-288f-42ba-abf0-32395606ffc4/8d3b080d-2f56-4175-b76a-dc309555e9de/d7e9e3ad-b6ab-4faa-8159-96a87fac8e28/crop.png,5053,9f773a3f9eec64ca66f62557db77758da51ff9e480923c4c0e1aca9e2bebcccd,cell_crops
cell_crops,7fcbc368-d3af-4779-a3c2-387e7e1513e0,relative_storage_key,cell-crops/214fd936-3c74-4042-937a-3131ff495bdd/5e7bbe13-3cf2-4c2d-9022-31d242f15fb1/c6a30725-877a-4570-819a-de52a6bcb57d/5d5b0852-baa8-429f-9b08-6744f68c117e/crop.png,3156,686d95cde152304104c76261bcf90bbd674a7de4322940a931b1bdba9743efe3,cell_crops
cell_crops,7ff36000-124f-4bd7-9757-ec91d5ddae1c,relative_storage_key,cell-crops/e922ee8e-77f4-426a-8de9-c98840e1bb7d/cbe1ff80-b88b-4401-b918-9064927d2acf/195bafe6-f5d3-4155-8e36-a48b6d4b88bd/f83c2e46-3e91-4936-82f3-e00116abb7fe/crop.png,3253,ffaa180a4d7a1cf511ef360d132dafc13bfd5e15487d735f02a9add3ca857bf8,cell_crops
cell_crops,801493e0-3f10-47ca-a017-72e444c6b2ab,relative_storage_key,cell-crops/6dede06e-ae61-4920-bb2c-935cde2a5ff5/60bd296d-21d5-4d22-99bc-a023cb410f35/88dc4c92-8367-4c4d-a59b-da86d01b8d82/71701cfe-c0ef-4d5e-a7ec-2f31f8621a6e/crop.png,3457,42f36c10fad04497689c545fd43747919ca3290bcc8a8f558ae96c99ce4814e6,cell_crops
cell_crops,80154689-490d-464c-abfe-3c5db69c3844,relative_storage_key,cell-crops/25afdd28-85df-4a2a-9dab-2727ced6821b/f5668b77-a7c4-4ed2-aade-94bbf92900cf/08cd9b57-9a64-410c-8133-1dbdbf2e697c/047aebe9-3943-4796-a3f2-50bbb0c3d13a/crop.png,3788,4dbcbe484b7f5f29698fa436326ccfbfefba29916ca0b66c1c007c6f0e38217d,cell_crops
cell_crops,80214da8-5dd0-413a-99cb-5269a26828e3,relative_storage_key,cell-crops/e11b10f7-d1c3-4d6a-9e69-a4b6bc1abc46/1db1a505-3eaf-456d-b123-7b9f8ee77762/339d62a6-0363-472b-b2e3-4a7befd2c42f/0e51ee98-8bf4-4e7e-8758-c50620f22f44/crop.png,4764,ca5d8dded8e8207e972115bb5a706e7a43388e80f5367b5fcf37719071714e8d,cell_crops
cell_crops,80334ee6-8494-42ca-b0d2-19e8f84c9940,relative_storage_key,cell-crops/ae68a99c-11f7-457a-88f8-3cef9a144958/618af6de-bfab-495e-8634-e484d620ee21/650c7580-8b2e-4bc4-88e8-bf03c5bb423d/6e73a095-5984-492a-9dbd-5ab87aa6fa4b/crop.png,6173,6463d693cf11fbca2bed2b80ca09d7aa58d998120edec27a0dcfa45c0927e411,cell_crops
cell_crops,806bfe19-4346-46d5-b860-5e677921ab1c,relative_storage_key,cell-crops/54e278de-2381-4a05-8faa-42bf761f6688/50b0884e-ddde-4252-be9d-058151c986c4/f4400105-33b9-4bc0-860b-010b1cf3d386/e099e321-c1c8-4c94-bed2-55504fc9d453/crop.png,1702,c0f599b1c16bb5ecb779b6cd4cd091716eaea79816c16b9a44d0d45008fc51b1,cell_crops
cell_crops,80750b09-a7c2-4823-aa67-0c9146d4a68a,relative_storage_key,cell-crops/d28e9146-5ad9-4df7-8af4-1b8901780c2b/f196b05e-1e21-41c5-8292-1c802004009a/6948fa72-3ff5-45bb-beb5-8ae3bba8b6d6/ba9a333a-7df8-4531-8e2e-1549784cea5f/crop.png,4307,b53d855cbd6d19fc777bc15374d993ca03cec665f61fd8b07fcc45712a8e4188,cell_crops
cell_crops,808fa2ae-bf99-4196-ab59-d9fac0d1011b,relative_storage_key,cell-crops/52c4864d-1788-41db-a1d2-883ce7d83a58/490887fa-b3af-4136-85dc-8ae66e413acd/bf339bce-cffa-48e9-a044-4b9df2cc36b4/4e881886-8102-4f69-97ad-deba322c57e4/crop.png,1369,42dbfd16e51e1cfa2c7d11f4d6f220e2ff9fa7af05f2a3463aa0c2dbf6a02191,cell_crops
cell_crops,80b6e21a-44be-4e9e-9675-e79e791610a7,relative_storage_key,cell-crops/52c4864d-1788-41db-a1d2-883ce7d83a58/490887fa-b3af-4136-85dc-8ae66e413acd/bf339bce-cffa-48e9-a044-4b9df2cc36b4/a99eb904-d1fa-419e-ad6a-4eb667ef5e18/crop.png,10223,2681d9d475fd5d6a9eb36f4ac92df899dffaec5d5f62e16373a127e34036483b,cell_crops
cell_crops,80dac4f6-c3d9-40a0-9e1f-81dda7bfcbfa,relative_storage_key,cell-crops/7ef7cff8-899e-428e-b89a-36803c0575b3/04bafb48-259f-4626-82fb-a3359ee3160b/849d1772-b3d7-402e-82b3-2942cd77a889/b12e3f52-b370-4600-a25e-5c57e278b7db/crop.png,5509,4775cf46edc02ac84c06da853f4fa9387cc6e1e77726ec3110c16c93103243cd,cell_crops
cell_crops,80ef1399-e570-446c-8928-7f3ed9926acd,relative_storage_key,cell-crops/8b912699-0346-4eca-9a3f-992922f65702/c5ca90cc-e321-4501-82f3-a2e0ef0f51a7/51a1e5c5-fac7-4ab5-b6dd-bef48d583434/b85c8cd2-7095-4482-a262-40c0c9ffadb2/crop.png,4034,2aa45a02b12120769a2205cea1e680fb4518277b87d4d53385cd49fecf220b99,cell_crops
cell_crops,81157d8a-aa2d-45ea-92ed-b340765c5708,relative_storage_key,cell-crops/7ef7cff8-899e-428e-b89a-36803c0575b3/04bafb48-259f-4626-82fb-a3359ee3160b/849d1772-b3d7-402e-82b3-2942cd77a889/90ae425e-d886-4ad4-8fce-1357a357e247/crop.png,17519,eb0c672944cb7fd771e64dce21165e14e444d85bf615a74b0e52092ac1854030,cell_crops
cell_crops,813ba41b-977f-4c2d-bddf-ef63e5f197b8,relative_storage_key,cell-crops/e109f86a-afaf-4c6b-8831-0fd7fc4fa7b2/2b113263-4ee7-4c87-a4d5-c689a43626bb/5b7cb03b-f0e6-42de-9aba-d4fb3757ad09/9d181541-022f-4b1a-938d-60bdef50b977/crop.png,1657,548855637cb4f5284e5fda2a7472e268458175a7c6d68f53c9a054575d3f74b7,cell_crops
cell_crops,81474bf7-1a5c-4cd8-a7a0-5aeba1767f1b,relative_storage_key,cell-crops/d28e9146-5ad9-4df7-8af4-1b8901780c2b/f196b05e-1e21-41c5-8292-1c802004009a/6948fa72-3ff5-45bb-beb5-8ae3bba8b6d6/3c8f7640-6a14-4462-a597-6947ee0b5133/crop.png,16712,50b0ca7bf43abb2da2386334341f85524590c7bfdf294513e97ac068563daa1a,cell_crops
cell_crops,815f66fc-6aec-4c06-a90f-9f9882f913d7,relative_storage_key,cell-crops/121a69bf-ba23-4014-892b-158b9c2b71a4/aa1323a6-7f80-4e1e-819a-ec182f045f3d/97fb12a0-df7f-455f-8e13-e0383ad3934d/a7050db0-496e-457c-811b-472543e8b7ec/crop.png,5376,ff33668ef39d4767fa9593193b7253891639171d6f3b285348f676a505e7d25f,cell_crops
cell_crops,815fab17-a777-41d3-96c6-e596498a5589,relative_storage_key,cell-crops/e11b10f7-d1c3-4d6a-9e69-a4b6bc1abc46/1db1a505-3eaf-456d-b123-7b9f8ee77762/339d62a6-0363-472b-b2e3-4a7befd2c42f/8c5ec727-db31-4586-9d91-6b1911f01576/crop.png,4956,2da7a829c4029ca6d1b4361c62e0c8bf1575207c7df70151e514104cc4bf8652,cell_crops
cell_crops,8168082e-f0ae-4a4d-8b9d-c584c450bded,relative_storage_key,cell-crops/4e1ca921-c5c6-4d89-b035-2d7dd99040d5/b9f975b3-7cd8-4b9a-a2cc-1bd9a76d924c/dc6df3c3-f03e-4261-bd4c-a2df5e0f0d88/3ed8c10a-da89-4617-a8f9-7ba5ef077b44/crop.png,1431,cd8d1d9eb81ed1ca5bd5c9bfb7f75736cd2d8569604ca8f7d20919f138e7cfe8,cell_crops
cell_crops,8188df08-da27-446e-9b68-23187ea208e5,relative_storage_key,cell-crops/e109f86a-afaf-4c6b-8831-0fd7fc4fa7b2/2b113263-4ee7-4c87-a4d5-c689a43626bb/5b7cb03b-f0e6-42de-9aba-d4fb3757ad09/6581897e-10bb-4742-91cc-f6bae158f0b8/crop.png,3465,84054545f16ee943361d7f12bfa89ca7de0feab4289183211cdf7c8e1755bf15,cell_crops
cell_crops,818bc313-8def-4888-9a16-2ec37b0c6ef2,relative_storage_key,cell-crops/52c4864d-1788-41db-a1d2-883ce7d83a58/490887fa-b3af-4136-85dc-8ae66e413acd/bf339bce-cffa-48e9-a044-4b9df2cc36b4/66463685-642e-4a01-a92b-2226b753421d/crop.png,7900,50fd37eb4d1eb716431b4bc8a5a24602aec03c75ee559771035c8d3e1767a7fa,cell_crops
cell_crops,81913a59-319b-4654-a2e9-a86cc06aae9d,relative_storage_key,cell-crops/52c4864d-1788-41db-a1d2-883ce7d83a58/490887fa-b3af-4136-85dc-8ae66e413acd/bf339bce-cffa-48e9-a044-4b9df2cc36b4/d1fbc9fc-b69b-47f8-8296-33bf7e040c32/crop.png,1124,a73bae23ffb83455c5cbb6c1d83ce14dc627d473201d35afae95629e9cf0f0a7,cell_crops
cell_crops,81a08b12-1504-4eaa-9337-7ce4e2d92903,relative_storage_key,cell-crops/7fd7ef40-bc9c-40d1-9e62-62bf0850c6b3/f6e252a5-7924-4e5c-bc63-8b711db60ba0/8a0187a3-03f0-45bd-ac3c-6e47c7999f03/44091e3e-7634-4b05-acc7-6f339096b325/crop.png,10223,2681d9d475fd5d6a9eb36f4ac92df899dffaec5d5f62e16373a127e34036483b,cell_crops
cell_crops,81ce8616-376e-4247-abd1-4217d340d578,relative_storage_key,cell-crops/3a33d13c-ff5b-46ba-94b4-0710e5185301/a78dd7b0-8ddc-4cd7-bc5a-241f8b427de6/7ba97fb6-e951-4c3b-93d8-3958918f513f/35c819f7-7632-47e8-be81-b05f0ca490e2/crop.png,8740,32d8ab867210352b599aa27f26a5daf54869fad7582fe7be99b1f73b0f90e0d7,cell_crops
cell_crops,81dc58f5-c1d7-4c84-adeb-b932b7e8f58c,relative_storage_key,cell-crops/ae68a99c-11f7-457a-88f8-3cef9a144958/618af6de-bfab-495e-8634-e484d620ee21/650c7580-8b2e-4bc4-88e8-bf03c5bb423d/5898c812-a484-4968-914a-3f696678530f/crop.png,2080,9aa4b4ee7b5543c203e5d10996673f68481c32aba92aed2eaab83e8e832dc6ff,cell_crops
cell_crops,81e8d9ba-5f4f-4c2f-af1f-34bb55f7be50,relative_storage_key,cell-crops/52c4864d-1788-41db-a1d2-883ce7d83a58/490887fa-b3af-4136-85dc-8ae66e413acd/bf339bce-cffa-48e9-a044-4b9df2cc36b4/dd32a944-1331-4a71-95b4-274dbee099ba/crop.png,1426,7c6d291c61549f9a7cc45e61465e4118ae54bd47dcc79259892a99e39d574527,cell_crops
cell_crops,8299dc3a-aefb-44a9-960b-d763f3275807,relative_storage_key,cell-crops/b0a5839c-3668-4411-b590-cc1d8fed470e/bf423fe1-2fc5-4662-9eda-ff1496c1bba9/c2a6cffd-18de-474e-ba04-2bf65b0f4f8c/97d4e7a5-df7b-4bc7-ac1c-cbd525dea893/crop.png,3234,272ae57c4d43a89da3d52ff6f10c7063fbdfbc14c06c3a4f71802c31d63de38a,cell_crops
cell_crops,829df44f-e861-4927-9334-28e85ab79f0d,relative_storage_key,cell-crops/e11b10f7-d1c3-4d6a-9e69-a4b6bc1abc46/1db1a505-3eaf-456d-b123-7b9f8ee77762/339d62a6-0363-472b-b2e3-4a7befd2c42f/c8681da4-55fa-4469-bda5-84da54d9adc6/crop.png,3277,59d97cc66cee6325b8e3c289a2c8db4aaf2a8a864d1fa53ee1323abbd3a80c59,cell_crops
cell_crops,82b60350-549b-46db-b3b8-456ca575ea43,relative_storage_key,cell-crops/7be00fe5-41da-48c5-b2c2-9618f0a7c517/3ebcfc6b-b6e3-40b6-939c-33977196460c/8fa36d4d-c412-435a-a109-923281f0f43d/e4e39aad-d555-4c6a-847a-3768a41ef778/crop.png,3623,4935ec2342c036245b85de0392ca7f0f9fcfd0e046c7653f96f1fd325963b6be,cell_crops
cell_crops,82d9b4b7-cdbb-487d-bf85-7000c68cfb5a,relative_storage_key,cell-crops/52c4864d-1788-41db-a1d2-883ce7d83a58/490887fa-b3af-4136-85dc-8ae66e413acd/bf339bce-cffa-48e9-a044-4b9df2cc36b4/3b3ceab3-8d47-4243-921a-f6837f4a5efc/crop.png,5014,9f436917a942d8de0eb2a6d3ae41d18da25c139288d2361466fe83f348e0ee9f,cell_crops
cell_crops,83007ffe-e517-46d3-aa82-875a68f1ed6d,relative_storage_key,cell-crops/07c71166-93b3-415e-b764-6ca7344238f6/151ee7ee-b609-4e6b-985c-04af59a85470/9c45439d-fd87-46c3-944a-439ab92cbf89/80a2cc4f-288d-4122-88c9-0989541c7750/crop.png,1122,2eceb19ecec0eebef37ece21bb78c8331c1fb49ab7f69e4320c70b98b405ef86,cell_crops
cell_crops,830239ce-9c18-4fc8-875e-cb4247b83117,relative_storage_key,cell-crops/bc8b8317-c17d-4b7a-b737-5e40120559e2/8c8e678b-a6c7-4b8c-b4c0-d34745f32fe3/25cb85d9-3b89-46ca-982a-f71517c971ee/8aeb2aa2-e248-4825-8b3d-a2270274adfb/crop.png,2451,81c189cc46798d45726f2b3f3f5377c6f203cec6d255e58fc6a9b21b8fc1ed50,cell_crops
cell_crops,8323ee19-e308-4300-ba69-4808f1d7abb3,relative_storage_key,cell-crops/8b912699-0346-4eca-9a3f-992922f65702/c5ca90cc-e321-4501-82f3-a2e0ef0f51a7/51a1e5c5-fac7-4ab5-b6dd-bef48d583434/e33eb3c3-a663-4dbf-93ce-72029fdf1e9d/crop.png,3261,923daab95441ebee40b6ece56dc9cfb6a7c895e10f578f24f2f27b995d3ccad5,cell_crops
cell_crops,832e562a-12d7-4c6b-879c-e15a73d1021c,relative_storage_key,cell-crops/1c49de91-f3ba-4794-8cbd-62bc966049c5/1007bc39-4bca-4a32-9069-5c8180b174db/cdcfc6c7-12a5-4405-8fb1-213826f88d05/4d11e33f-117e-43c9-a97a-1a7aae374b31/crop.png,3717,1eedbebd28a0c19127a083fc8e30956cf76e13355fdaf69a27a3ebb3bdf1eafa,cell_crops
cell_crops,83bddb51-0b0f-4bb4-bda6-acaf87eaf41e,relative_storage_key,cell-crops/e11b10f7-d1c3-4d6a-9e69-a4b6bc1abc46/1db1a505-3eaf-456d-b123-7b9f8ee77762/339d62a6-0363-472b-b2e3-4a7befd2c42f/6211d33b-c14c-4108-8b45-7281c1033d13/crop.png,3690,89026bbbefcdc857f8be0a3c0765d2b66ece3545d428a83eaae3fafe5c16bc2e,cell_crops
cell_crops,83c6f1ef-f116-4987-a87b-a34748f7f688,relative_storage_key,cell-crops/7fd7ef40-bc9c-40d1-9e62-62bf0850c6b3/f6e252a5-7924-4e5c-bc63-8b711db60ba0/8a0187a3-03f0-45bd-ac3c-6e47c7999f03/3ab540d8-d88a-4bb1-a4b8-f53210967701/crop.png,698,47fce6a518904a570ef30de634d404c891823d6ae79724d510297be3aee51956,cell_crops
cell_crops,8408b0d5-f5b5-4aec-9d62-c14dc0346a41,relative_storage_key,cell-crops/8b912699-0346-4eca-9a3f-992922f65702/c5ca90cc-e321-4501-82f3-a2e0ef0f51a7/51a1e5c5-fac7-4ab5-b6dd-bef48d583434/4c71cfcd-432c-4374-891d-4c36920dc08c/crop.png,9101,0ac84f4126eacfab1201e195e3bcc4f2890e4b240ae47b3eb9b273ab67e30817,cell_crops
cell_crops,8422da0b-85b4-4f5a-8149-eaacef73d8bf,relative_storage_key,cell-crops/7ef7cff8-899e-428e-b89a-36803c0575b3/04bafb48-259f-4626-82fb-a3359ee3160b/849d1772-b3d7-402e-82b3-2942cd77a889/06d2b228-82df-4e9f-b4d0-d3a6687db42d/crop.png,4837,bc414e47218477035a141a997eded69e3155317da65c2d720ea72d450e8f582a,cell_crops
cell_crops,84412c7e-a9c3-4864-bac6-0a06f225e2ac,relative_storage_key,cell-crops/e11b10f7-d1c3-4d6a-9e69-a4b6bc1abc46/1db1a505-3eaf-456d-b123-7b9f8ee77762/339d62a6-0363-472b-b2e3-4a7befd2c42f/3e882009-6356-46cc-9f86-4641772db81d/crop.png,1353,e2ead932f2a3bf4c95520e810016b559902039ab2e805f0eae5f25ca2fd27187,cell_crops
cell_crops,84603fcd-c576-4126-aea7-5b9020cb8e8d,relative_storage_key,cell-crops/3a9a3ddd-a6fb-43b7-98e8-82fe65649b10/69a3938d-51bb-45d7-928d-1b35d46634bb/ea56489d-de29-4bcd-bf1e-16e83feedee6/11bfc49e-c48f-453d-8b17-21eb6f6d0880/crop.png,3913,5b0f43f886a24ffa03efe066cdf4b931c300cbee48272fb0703029acedc6ecad,cell_crops
cell_crops,8460fc55-0061-4ca3-bc99-4fe92da62677,relative_storage_key,cell-crops/e11b10f7-d1c3-4d6a-9e69-a4b6bc1abc46/1db1a505-3eaf-456d-b123-7b9f8ee77762/339d62a6-0363-472b-b2e3-4a7befd2c42f/07da0b85-3a5a-4f79-a630-501dfd01c20b/crop.png,3065,d9d388c0ff43d27918c9f5fb942f97faf6390ff631aa7423c18ccbf37f1a665a,cell_crops
cell_crops,84800022-2126-44f5-a6fd-45fe316c565c,relative_storage_key,cell-crops/25afdd28-85df-4a2a-9dab-2727ced6821b/f5668b77-a7c4-4ed2-aade-94bbf92900cf/08cd9b57-9a64-410c-8133-1dbdbf2e697c/084111f2-dcee-4972-a472-14e1bd197c12/crop.png,4124,a7448328bb6966d9492335de2795c06f699ca8a0ec916d0fc339ff4123d23e34,cell_crops
cell_crops,8486d1c1-b912-4677-ab66-8df1a58452b2,relative_storage_key,cell-crops/25afdd28-85df-4a2a-9dab-2727ced6821b/f5668b77-a7c4-4ed2-aade-94bbf92900cf/08cd9b57-9a64-410c-8133-1dbdbf2e697c/c49c959a-18a1-4003-8b09-d83f986ab243/crop.png,1558,31ec19804626e00ee6f99783dc207c953ed71b4d0693e062b00094945ad7c289,cell_crops
cell_crops,8489de2d-9e31-43a4-8c2d-b7f50f35e08e,relative_storage_key,cell-crops/54e278de-2381-4a05-8faa-42bf761f6688/50b0884e-ddde-4252-be9d-058151c986c4/f4400105-33b9-4bc0-860b-010b1cf3d386/f70c7e77-21e6-4ba2-8ce4-0f7603a39352/crop.png,1516,1583f4245f28f112218b994ae6d8ffe640e51273330d8d4a437f9d131303e61b,cell_crops
cell_crops,848a5dbe-2647-47a7-b676-310e06cffdb0,relative_storage_key,cell-crops/07c71166-93b3-415e-b764-6ca7344238f6/151ee7ee-b609-4e6b-985c-04af59a85470/9c45439d-fd87-46c3-944a-439ab92cbf89/96b61719-7e5d-4b9e-82ee-f43629a38bbb/crop.png,1625,90e1b6f07b056bbd34b0912f7c4c847f71a037177029c76eef0449d973977955,cell_crops
cell_crops,84973fb4-21b8-424e-af67-49d99531f907,relative_storage_key,cell-crops/4e1ca921-c5c6-4d89-b035-2d7dd99040d5/b9f975b3-7cd8-4b9a-a2cc-1bd9a76d924c/dc6df3c3-f03e-4261-bd4c-a2df5e0f0d88/4903ea36-d83b-4c70-9a27-d8e0436d779a/crop.png,1578,f626126739d1bed58c36ebcc9465f2424638bea93ed4eb79c6a62b03a42280fe,cell_crops
cell_crops,84b152c3-8ecf-473e-8685-1f3c44375a7a,relative_storage_key,cell-crops/59a98cc0-24f4-424a-b208-3fe06063fa47/98626a4c-b3fc-464a-a4fe-90bc886c7647/c0a49ec0-99e0-4b2b-a9e4-1e2ec28655a0/e3f2ae00-c56c-4f45-a41c-a5987453c56f/crop.png,3889,bfe1df2fc5ee234d4a6ccf6e82f79f08e92da0dca2a768edfb50d3c321f57d09,cell_crops
cell_crops,84c2fd15-1a81-4715-b797-153f6fec6c50,relative_storage_key,cell-crops/c6209893-144a-447d-a436-fe89fc140cee/f088ac8e-c214-474d-837d-53532f4ef947/43249c8b-9008-49c9-8246-2b24989143a2/a1237ce0-7234-479c-8a7e-e131a67171c8/crop.png,3228,dbd02424c78786574d7b5acb1897e5b38f08437d8f7e385e8e79ad31060e6425,cell_crops
cell_crops,84c931b5-7622-4531-9038-de469b33f003,relative_storage_key,cell-crops/54e278de-2381-4a05-8faa-42bf761f6688/50b0884e-ddde-4252-be9d-058151c986c4/f4400105-33b9-4bc0-860b-010b1cf3d386/32d29477-3ade-4fdd-9772-fd49df1112da/crop.png,1959,ba8f176994d37dc770023a1170588f07dd1901d4623ba8bcf5524ca44a886b63,cell_crops
cell_crops,84f72c5a-2658-4f09-aead-2f9c90dc6610,relative_storage_key,cell-crops/7be00fe5-41da-48c5-b2c2-9618f0a7c517/3ebcfc6b-b6e3-40b6-939c-33977196460c/8fa36d4d-c412-435a-a109-923281f0f43d/344acd01-e287-4e94-b00b-06cb3e4d058e/crop.png,13496,e374efea7091f54f31a67ff08e2cb3cbbec67535ec6639ea979f95d4036769dd,cell_crops
cell_crops,85001213-ebc4-4647-b18f-24b2455ef447,relative_storage_key,cell-crops/5d9ca4e3-60b1-4a9f-aba0-8a5edd13510a/3f2dc1d9-eb62-44b3-a325-2d8db65a585c/0c7ee510-e240-4b6f-b8bc-352c4dd9aa20/a2aa1c6b-82e3-4452-883f-f305beb666cc/crop.png,1197,91d0277f0a2e38da154331d457c39b7f8e6f376ef313dfca39533504891cb1f9,cell_crops
cell_crops,8508852d-c324-498d-a134-4ec5552d840c,relative_storage_key,cell-crops/1c49de91-f3ba-4794-8cbd-62bc966049c5/1007bc39-4bca-4a32-9069-5c8180b174db/cdcfc6c7-12a5-4405-8fb1-213826f88d05/68663b8d-8f76-4b4a-87e9-a4c692c61433/crop.png,4668,9574ac8e494c7906cb0e8b56fc396b91bb26cedb8ab21e2c5b3a8b66b7d468b4,cell_crops
cell_crops,85174f6f-70b9-4a92-93f5-e47d80e3dc4c,relative_storage_key,cell-crops/b0a5839c-3668-4411-b590-cc1d8fed470e/bf423fe1-2fc5-4662-9eda-ff1496c1bba9/c2a6cffd-18de-474e-ba04-2bf65b0f4f8c/8a2a7f37-6868-4428-a33d-060e199ccbb4/crop.png,4125,1a579ab97a8a36afa908289cc11a2d9a36c35be5a6d4f8e18d5b289a0b59efe5,cell_crops
cell_crops,8536934d-2e11-49d1-b7c2-7c5fa5bbfca6,relative_storage_key,cell-crops/e109f86a-afaf-4c6b-8831-0fd7fc4fa7b2/2b113263-4ee7-4c87-a4d5-c689a43626bb/5b7cb03b-f0e6-42de-9aba-d4fb3757ad09/99072d3d-b751-48bb-8334-fdbae7dc6bc7/crop.png,10845,20b28c6ed8080ff510a8adcd4c2e88b15c795e6e2b345ebe555a3ffb17228733,cell_crops
cell_crops,8541cdc4-428d-49b0-a576-83a3c7f3dd25,relative_storage_key,cell-crops/d28e9146-5ad9-4df7-8af4-1b8901780c2b/f196b05e-1e21-41c5-8292-1c802004009a/6948fa72-3ff5-45bb-beb5-8ae3bba8b6d6/ef702734-9bb4-4516-a4bb-a4a31aafd4ff/crop.png,9179,4f87652dd3bdf36dd64fa65b08d979005c37c6e23aca612f225531a253b9b41b,cell_crops
cell_crops,85430d11-07e0-4cd0-aa77-56eaeb85db99,relative_storage_key,cell-crops/39265da0-dd1a-4f17-89aa-1e661f9c473f/72553654-6802-48a4-964a-3fa748870a05/afee46ec-494f-4fe6-be85-353a4cfc0b56/64266c5d-1547-4e5c-9b38-e7f1dac8e41c/crop.png,2844,f2c8b964cdf52ff5079ac88932259f3744279b7caf0406c7cd8159198dd20f0b,cell_crops
cell_crops,855e7a86-8c4a-46d7-b108-20837bfe1e80,relative_storage_key,cell-crops/121a69bf-ba23-4014-892b-158b9c2b71a4/aa1323a6-7f80-4e1e-819a-ec182f045f3d/97fb12a0-df7f-455f-8e13-e0383ad3934d/518bc152-1c4b-452c-802c-51f365d94e29/crop.png,1145,8421ce3c7c7cf5fe1e2ea3487467c5efaeff089d9351762135c1c61b86c05083,cell_crops
cell_crops,85627907-eea6-4ad6-956c-eaaa22e22f7c,relative_storage_key,cell-crops/1c49de91-f3ba-4794-8cbd-62bc966049c5/1007bc39-4bca-4a32-9069-5c8180b174db/cdcfc6c7-12a5-4405-8fb1-213826f88d05/13fa1b54-c00c-4a01-af0a-a98be3252367/crop.png,10293,ce62bca2da7afa40f81a6317fb47817bd59916adad83c1c3a4ae0f9ce93e1faf,cell_crops
cell_crops,85ca0698-e345-481e-b4d7-08367367f4c9,relative_storage_key,cell-crops/121a69bf-ba23-4014-892b-158b9c2b71a4/aa1323a6-7f80-4e1e-819a-ec182f045f3d/97fb12a0-df7f-455f-8e13-e0383ad3934d/ff3e7a6b-67cd-4c96-9b45-c541e6c09af4/crop.png,7396,aaf463e8d4ca7ba651e3e374e9ff770f802d6a9e674943890ad8ea9b9c53d081,cell_crops
cell_crops,85d163b9-9f09-4733-ba24-5a6c6fc615aa,relative_storage_key,cell-crops/ae68a99c-11f7-457a-88f8-3cef9a144958/618af6de-bfab-495e-8634-e484d620ee21/650c7580-8b2e-4bc4-88e8-bf03c5bb423d/36ad42f3-0678-4234-beed-408e6e4071f0/crop.png,1608,1ecbc6a894486eca96b093d1bfc96addb59dfbde7b930428ecbc432ad90f0704,cell_crops
cell_crops,86031d8f-59db-4ab4-882a-76917247ee36,relative_storage_key,cell-crops/ba5fc281-07c1-46ca-8091-0c13e6753aa4/d33fb4ff-3366-4fff-9806-8ab03314dbd1/18b27447-aed7-42fa-9142-4bab96366973/c23c72a2-f9e3-4e61-9a33-0cc6a624a766/crop.png,5144,5066428f3c0c808492f6bfdf008bf44a0c75458e80722eef295d22d5796e68fc,cell_crops
cell_crops,862d4535-b029-4825-b516-6bb4abbc33cd,relative_storage_key,cell-crops/7ef7cff8-899e-428e-b89a-36803c0575b3/04bafb48-259f-4626-82fb-a3359ee3160b/00b8d663-89b1-4dfe-8f8f-9a01bca4688b/094f739a-95d0-4864-a006-a1429d2e80f4/crop.png,10013,784176a38f8807d71070438c4dc7aa1dbfa2b17989d6be64dfc9497cf08b03b0,cell_crops
cell_crops,863129eb-ebdb-410f-8cc7-bfc6d5035a8d,relative_storage_key,cell-crops/211b65b9-8b1b-4bc9-bf8e-2572a00a3ecd/85d8a71e-e9ed-4062-a036-52e42dd89720/83b0bdb6-4441-49e8-b6a7-4de634e8d548/29c3f8e2-a9d3-4589-9c80-2527d4b8f263/crop.png,4666,14f390a96bba809e3dbcf5795584999e02e4ed5badf21adfa8184107473690eb,cell_crops
cell_crops,863e6024-a87f-43b4-a941-8d4de4e64395,relative_storage_key,cell-crops/d28e9146-5ad9-4df7-8af4-1b8901780c2b/f196b05e-1e21-41c5-8292-1c802004009a/6948fa72-3ff5-45bb-beb5-8ae3bba8b6d6/42ea7c05-f405-42d4-8b42-a06b26d9b1da/crop.png,3087,b3a9d98be5db04b0f02826ad19cfaf634bc4b26d627b3f43b54f3ebaea9a154d,cell_crops
cell_crops,864f52e9-0d07-41fd-a1db-df3a2aa928c6,relative_storage_key,cell-crops/7ef7cff8-899e-428e-b89a-36803c0575b3/04bafb48-259f-4626-82fb-a3359ee3160b/849d1772-b3d7-402e-82b3-2942cd77a889/d0f9bc5d-9d38-4a69-b56a-df1baafb27e2/crop.png,4536,86e5d0f97f73362c59d97ecd85f73d142849c8209d1784f3bc1474078e14ca7b,cell_crops
cell_crops,86514af6-06a0-4595-9804-2a46a49545cc,relative_storage_key,cell-crops/c9a6b7af-881f-47da-980a-1a2c2b743a1c/03505d0f-434b-48ac-ae42-76750f4fbc1a/a0889d56-1430-4a7f-b67c-e21291ac9ed7/e073fb13-96d3-470e-b279-d8346f789dc8/crop.png,1299,f9a5e1a326c9b52df48b72f9fb040a41ded6321952e3f4ce93d77d3bfc102de5,cell_crops
cell_crops,867c5a00-687d-458a-b75c-1f67ad2ce977,relative_storage_key,cell-crops/25afdd28-85df-4a2a-9dab-2727ced6821b/f5668b77-a7c4-4ed2-aade-94bbf92900cf/08cd9b57-9a64-410c-8133-1dbdbf2e697c/e3764022-1e5c-4a91-bf22-a4327be36f14/crop.png,10060,f57113cc9dc6dee81caab02264bc1c6f8e8635463d94b63434c4c802064ad9c4,cell_crops
cell_crops,868ece01-cbe2-4553-8d8a-2673abcc3bfb,relative_storage_key,cell-crops/211b65b9-8b1b-4bc9-bf8e-2572a00a3ecd/85d8a71e-e9ed-4062-a036-52e42dd89720/83b0bdb6-4441-49e8-b6a7-4de634e8d548/1bd80757-3cbb-48e7-b131-ade66f98e220/crop.png,2133,da05ce4c43c9567c1fc8dd64674e2cff13bdb1caa71eb45eb45e884f0aaa816c,cell_crops
cell_crops,8693f45b-2eee-48c9-b229-dac18139dec4,relative_storage_key,cell-crops/54e278de-2381-4a05-8faa-42bf761f6688/50b0884e-ddde-4252-be9d-058151c986c4/f4400105-33b9-4bc0-860b-010b1cf3d386/017f400f-45a2-42c7-ba65-d34fd26c0052/crop.png,1481,fb85fd89dee78553a82f8857bc06b45fa32076a5e184cb71202d00afc959fc71,cell_crops
cell_crops,86b5e2de-b55e-416d-89e6-f174538fa7af,relative_storage_key,cell-crops/4383bcb6-1595-4b3c-9c6f-ced12863a762/f6d15c09-591e-4808-aff5-02f7c8c4d239/25a1a8fb-90d3-4cfb-b43b-20ee3b4b7788/72cdcd52-e31a-41a9-a4e3-4e39abf0ff40/crop.png,15246,6459d081d5f9f4ec868244f7cb3f5844b452d3c037d53d9378111ac37886fd9a,cell_crops
cell_crops,86c02b2b-a693-4643-9b9b-058266d4d1d4,relative_storage_key,cell-crops/7fd7ef40-bc9c-40d1-9e62-62bf0850c6b3/f6e252a5-7924-4e5c-bc63-8b711db60ba0/8a0187a3-03f0-45bd-ac3c-6e47c7999f03/39b56b4a-f3c4-4000-be8a-b1999ca50046/crop.png,1162,697870ac5d32e6e541183bb276718a47cb3ca4003bda74dc1d5bb4947c3f34ea,cell_crops
cell_crops,86c5041c-c59b-4e9e-a120-0d26bf69d767,relative_storage_key,cell-crops/4e1ca921-c5c6-4d89-b035-2d7dd99040d5/b9f975b3-7cd8-4b9a-a2cc-1bd9a76d924c/dc6df3c3-f03e-4261-bd4c-a2df5e0f0d88/60cffac7-939a-4331-afe3-18aa28e0d33b/crop.png,6173,6463d693cf11fbca2bed2b80ca09d7aa58d998120edec27a0dcfa45c0927e411,cell_crops
cell_crops,86caf84e-45cd-4e90-b6c3-04e0f7e56f4a,relative_storage_key,cell-crops/6dede06e-ae61-4920-bb2c-935cde2a5ff5/60bd296d-21d5-4d22-99bc-a023cb410f35/88dc4c92-8367-4c4d-a59b-da86d01b8d82/ce2f5791-136f-4a00-969d-d762969279dc/crop.png,10578,7e1e5d5a0a49b145a57a83867bb1341be0bc5850e3876c92edc61b45fb5371f2,cell_crops
cell_crops,86d3620b-6fdc-4ee1-b16f-ce57eb0c15f5,relative_storage_key,cell-crops/4383bcb6-1595-4b3c-9c6f-ced12863a762/f6d15c09-591e-4808-aff5-02f7c8c4d239/25a1a8fb-90d3-4cfb-b43b-20ee3b4b7788/2bc94b17-0b34-4059-be02-5586a880f5d6/crop.png,2662,dbce93c15a850ef1c7cf4587353eaa57a846a5ddc5fe08e77588605be3a17a18,cell_crops
cell_crops,86f8b209-8fd0-49a8-a801-96f5dfad18fa,relative_storage_key,cell-crops/93807208-985b-4d70-bb43-c7843db4141d/f4a29ede-288f-42ba-abf0-32395606ffc4/8d3b080d-2f56-4175-b76a-dc309555e9de/9269add0-5608-4952-b2be-da3f4144fcd8/crop.png,3558,651a3a83fd44673164f062db374fcb38409ad2f5cedca10f8d092cf9fa49561a,cell_crops
cell_crops,8703c542-b28d-47d4-b8b7-dc92543fb296,relative_storage_key,cell-crops/5ad2e702-acee-4f0a-9a01-8a2ba6b24733/1abc6f5a-ce2e-4d43-a7b2-9323cf7efa1c/13514ba4-7c6f-40a0-a6d6-573684da9510/24a318de-88a0-4d05-a0b2-d352fa03ede5/crop.png,3099,0390ed390b548b1d6f28045813a193e00ec4c9a6ece9a4a9cc09714aad23b960,cell_crops
cell_crops,870baf8b-e949-4c41-8dde-3cd32b222a70,relative_storage_key,cell-crops/4e1ca921-c5c6-4d89-b035-2d7dd99040d5/b9f975b3-7cd8-4b9a-a2cc-1bd9a76d924c/dc6df3c3-f03e-4261-bd4c-a2df5e0f0d88/20f882f1-66a2-4000-b9d2-5ff3d85ee594/crop.png,3058,699addf83ad8368e86e7aba3d4d6e7ce135cf7a6338e0bacec21b27ddf4ab6ca,cell_crops
cell_crops,870c9dec-27e6-4d8a-be48-f96fce50ce03,relative_storage_key,cell-crops/4383bcb6-1595-4b3c-9c6f-ced12863a762/f6d15c09-591e-4808-aff5-02f7c8c4d239/25a1a8fb-90d3-4cfb-b43b-20ee3b4b7788/0c8c971b-06ee-46b8-90a7-d23df251f24e/crop.png,2139,cc9e95cc2064cb48ba1b77cfeac3d81b720c13325463ef9458653e4a018e4432,cell_crops
cell_crops,871507a0-4f69-4e7d-ad90-d029903438f3,relative_storage_key,cell-crops/7ef7cff8-899e-428e-b89a-36803c0575b3/04bafb48-259f-4626-82fb-a3359ee3160b/849d1772-b3d7-402e-82b3-2942cd77a889/a7ab90c9-c26d-45d7-9a1c-f52efd92ea75/crop.png,4055,c4d2fab818e7672a3731465abb0fbd6b46fa793b977099a3ecfbc464b6f9a1a5,cell_crops
cell_crops,87368753-918a-4249-859d-31a75968ea57,relative_storage_key,cell-crops/214fd936-3c74-4042-937a-3131ff495bdd/5e7bbe13-3cf2-4c2d-9022-31d242f15fb1/c6a30725-877a-4570-819a-de52a6bcb57d/deea9d01-d995-4aa1-9c7a-950d92ac4176/crop.png,15550,9d45766fcd1fd2bd876022ef346d390d0df1080c3ec9fb59887ec73c138e73a1,cell_crops
cell_crops,874d0869-263f-4c62-9305-286845912edc,relative_storage_key,cell-crops/52c4864d-1788-41db-a1d2-883ce7d83a58/490887fa-b3af-4136-85dc-8ae66e413acd/bf339bce-cffa-48e9-a044-4b9df2cc36b4/6a39f3ef-641c-4ea9-985b-dcdf8d526e49/crop.png,1654,987cc1357a5d45d0df8c1dfd2ad6d4719f361d7be93ddcbb396c7d43296ca4af,cell_crops
cell_crops,87ac522c-e817-4725-a846-19f125f19e8c,relative_storage_key,cell-crops/c6209893-144a-447d-a436-fe89fc140cee/f088ac8e-c214-474d-837d-53532f4ef947/43249c8b-9008-49c9-8246-2b24989143a2/c73becda-aad8-4223-b407-9c73cc522689/crop.png,6905,cf1bf2b1ba85cd60663b0bf4539b315d62f9093bbcf1c4b9a846542bb1e92efe,cell_crops
cell_crops,87b392a5-a601-482e-a444-43ba5d66fbad,relative_storage_key,cell-crops/bc8b8317-c17d-4b7a-b737-5e40120559e2/8c8e678b-a6c7-4b8c-b4c0-d34745f32fe3/25cb85d9-3b89-46ca-982a-f71517c971ee/b77dc398-336c-44c3-afcc-108109394279/crop.png,3901,c9453cdc99309aae8963860e3116315e2b1a3d15b40921a6c85a9da70d8eda79,cell_crops
cell_crops,87beda53-8ca9-471b-b6e1-a30d774ffb58,relative_storage_key,cell-crops/7fd7ef40-bc9c-40d1-9e62-62bf0850c6b3/f6e252a5-7924-4e5c-bc63-8b711db60ba0/8a0187a3-03f0-45bd-ac3c-6e47c7999f03/14c1be99-3ebc-4743-9f96-21abc5e58c3c/crop.png,10435,c1be9545a8d165ae4955a2acaf70d188bb03549d2cbe818fa6eb2548184a0790,cell_crops
cell_crops,87e393d1-6b72-4b69-862b-4cbc56f0183c,relative_storage_key,cell-crops/121a69bf-ba23-4014-892b-158b9c2b71a4/aa1323a6-7f80-4e1e-819a-ec182f045f3d/97fb12a0-df7f-455f-8e13-e0383ad3934d/23c7ab04-b475-46d0-887e-cb18d9a92478/crop.png,3931,43b1c495e26d816533d136061ad035b0b559c69ca8dbe96b495b2dc7f065fddf,cell_crops
cell_crops,87e9848a-214b-4fcc-87c9-621d1c1bfb9f,relative_storage_key,cell-crops/07c71166-93b3-415e-b764-6ca7344238f6/151ee7ee-b609-4e6b-985c-04af59a85470/9c45439d-fd87-46c3-944a-439ab92cbf89/13c12937-8917-47de-8cb3-c73ff38a34d8/crop.png,1642,3fb4d4041d6e0b7ac4794ac7c44e94533efd6ef5e2998b6c143079820d944e94,cell_crops
cell_crops,87f6d1f5-0811-4851-bff0-bef6a84c3cc0,relative_storage_key,cell-crops/25afdd28-85df-4a2a-9dab-2727ced6821b/f5668b77-a7c4-4ed2-aade-94bbf92900cf/08cd9b57-9a64-410c-8133-1dbdbf2e697c/e7aedd23-5f7a-418f-86d8-7c67f5d295b9/crop.png,1242,807ec33bdaa1b739ca2c57aec8cea9abe4712dd72137609a8f6027a120f772cf,cell_crops
cell_crops,87fbcde3-1e9b-4779-a2a6-b02b38a06837,relative_storage_key,cell-crops/121a69bf-ba23-4014-892b-158b9c2b71a4/aa1323a6-7f80-4e1e-819a-ec182f045f3d/97fb12a0-df7f-455f-8e13-e0383ad3934d/1b347d49-deb1-4415-91dd-6cef91d80058/crop.png,7762,1ca7326ba0df6893b1ff87440df9df872fc0c0abc1a06bf5a875b9ac793c09f7,cell_crops
cell_crops,8815cd42-b147-415e-a2b5-dc1df7b00f1f,relative_storage_key,cell-crops/05b33155-8921-4eb9-9920-af67decfe454/6278de2c-44dd-4a75-aca2-9708e58437ba/92e2e64a-1c82-402b-b24d-75d43d50a17f/09c54db0-deea-4140-bff3-c01c9943ac2c/crop.png,1970,f8e09d4fdee187233215a9413aad44dc9620ef9930d9123cb7e04e0498660273,cell_crops
cell_crops,883be39f-7c93-47c5-b015-2bdbe9cad3b6,relative_storage_key,cell-crops/c9a6b7af-881f-47da-980a-1a2c2b743a1c/03505d0f-434b-48ac-ae42-76750f4fbc1a/a0889d56-1430-4a7f-b67c-e21291ac9ed7/e704064c-8b1c-481c-89f1-1d73a18f63a3/crop.png,1415,0cfb847321be772fea82127ab61d41f57012f6331a2ec70b1bc64945438045b1,cell_crops
cell_crops,8852fb5c-59eb-4b1e-8eb9-9a875ca2097f,relative_storage_key,cell-crops/211b65b9-8b1b-4bc9-bf8e-2572a00a3ecd/85d8a71e-e9ed-4062-a036-52e42dd89720/83b0bdb6-4441-49e8-b6a7-4de634e8d548/c7814c2d-05b1-456a-a32e-d2349cac3def/crop.png,2073,eb6c51615084d4f49e54fa8838a80021cffff230756421a5351ed1b160d5e89d,cell_crops
cell_crops,885af257-daff-4303-a702-026f2425059e,relative_storage_key,cell-crops/5f35abbf-10da-4c5e-b4d7-0b2e59de51f2/99ac88d3-5c9f-4fc3-8d6a-abadae1ee80c/b0ad2c3c-3de1-4628-bf32-d60536a0da80/75eaf376-d520-4224-a61b-33867847aff3/crop.png,12826,fdc69ff562777867fd59cd72c6ab856d8812989ae9c3022798b640fc4fa61836,cell_crops
cell_crops,888ecce3-b636-4c05-bb1f-0ba72c14080d,relative_storage_key,cell-crops/7be00fe5-41da-48c5-b2c2-9618f0a7c517/3ebcfc6b-b6e3-40b6-939c-33977196460c/8fa36d4d-c412-435a-a109-923281f0f43d/c497de75-b3bd-43bd-a44e-e8f0ac1caf71/crop.png,2235,0ecc379c5257aa1b147b1495b12ea8630e591da382ef8dd3c1fd646643b385e5,cell_crops
cell_crops,88bd73eb-73b2-4e21-9a38-d061e18108f8,relative_storage_key,cell-crops/db1855bf-e94d-43ea-86dc-5c1d21c82206/70a62caf-67c3-44f5-8752-596e9432c4ca/f914626e-fa1c-483a-ac2d-a7ebce6130f5/710f56bc-692d-493c-97f1-fbc45f343398/crop.png,8095,5c5e8a498df8b79adbb4f07a00c93251ba92fc4859b48a46a08eb61dffa3ae54,cell_crops
cell_crops,88be38ef-ea9f-41ec-998c-c4599c17be08,relative_storage_key,cell-crops/52c4864d-1788-41db-a1d2-883ce7d83a58/490887fa-b3af-4136-85dc-8ae66e413acd/bf339bce-cffa-48e9-a044-4b9df2cc36b4/355aea62-7253-4767-9d8f-8b5295b9da5a/crop.png,4913,8fd6cf0563bb5e499a6601d035c464f13a68a1d1cacd938427f6be56b71566d8,cell_crops
cell_crops,8900223f-bcec-4f8c-9e17-908b02577f2d,relative_storage_key,cell-crops/cd096d9e-0d01-4e4f-acd5-65e1548c215b/de773a50-b182-4ed9-9bdc-3f6f65bf242d/8eae56e5-dc27-4e8b-86ce-b22204a68814/b254e370-cfb4-4323-a1df-2425064fac5c/crop.png,690,e3c8566de66e45cffa286d0b22b7db089d27d08b2e02f04f233696e493039f35,cell_crops
cell_crops,89190369-ac49-4c16-8d34-e24e493e9d4b,relative_storage_key,cell-crops/54e278de-2381-4a05-8faa-42bf761f6688/50b0884e-ddde-4252-be9d-058151c986c4/f4400105-33b9-4bc0-860b-010b1cf3d386/6aed1a37-0e65-4c09-b0b2-4c1baa818a23/crop.png,3895,7c99fc411fe6544be8fa0aae6cf5d1c1be3167c7559ab2ee1e341bc612664163,cell_crops
cell_crops,891fa393-e0a1-42c2-a842-76200b6418fe,relative_storage_key,cell-crops/ae68a99c-11f7-457a-88f8-3cef9a144958/618af6de-bfab-495e-8634-e484d620ee21/650c7580-8b2e-4bc4-88e8-bf03c5bb423d/96fe4d7c-d23c-4ffa-95c7-f71c04743626/crop.png,6945,5be00bbb576d282f8e5ce922bccc0dafa2243804be59b38afc27c694c104a2ad,cell_crops
cell_crops,8930ba2b-5dcd-470c-a1bf-53b01c9e12a9,relative_storage_key,cell-crops/d28e9146-5ad9-4df7-8af4-1b8901780c2b/f196b05e-1e21-41c5-8292-1c802004009a/6948fa72-3ff5-45bb-beb5-8ae3bba8b6d6/b003119d-4629-4e8c-9d43-5760fd0d59e0/crop.png,3054,c7a3f881807b8fb2757249eb9c6e0a27304665eba735a30f4569cbed95f708f9,cell_crops
cell_crops,8931dffb-ce0d-413a-9a52-3697f0211751,relative_storage_key,cell-crops/b0a5839c-3668-4411-b590-cc1d8fed470e/bf423fe1-2fc5-4662-9eda-ff1496c1bba9/c2a6cffd-18de-474e-ba04-2bf65b0f4f8c/396ca5a6-340b-4920-a230-b5ac98f6c625/crop.png,2922,95dfb8385985f6db857fbf583704960a27eeecdf41e3297ef47bc97c8ca1c952,cell_crops
cell_crops,89418ad5-df92-4e50-b523-ec967dd7a555,relative_storage_key,cell-crops/52c4864d-1788-41db-a1d2-883ce7d83a58/490887fa-b3af-4136-85dc-8ae66e413acd/bf339bce-cffa-48e9-a044-4b9df2cc36b4/a5d71039-0ba3-483c-a402-cd39376f3ef9/crop.png,1414,fec8dbb8e1a35eeef303b628bfdde4ba9bb9d7b01b8676d279857ee0f95f7659,cell_crops
cell_crops,895304e8-2297-41cb-a03e-b5218fc95646,relative_storage_key,cell-crops/7fd7ef40-bc9c-40d1-9e62-62bf0850c6b3/f6e252a5-7924-4e5c-bc63-8b711db60ba0/8a0187a3-03f0-45bd-ac3c-6e47c7999f03/26d031c8-4b8b-4f8b-b191-2212d408f591/crop.png,2021,e18122c5eba11e961e323498ce312f661c90a67aa6bfe04d15251e921db08685,cell_crops
cell_crops,89636e60-7240-4581-8c15-b690681fdb98,relative_storage_key,cell-crops/52c4864d-1788-41db-a1d2-883ce7d83a58/490887fa-b3af-4136-85dc-8ae66e413acd/bf339bce-cffa-48e9-a044-4b9df2cc36b4/5737338d-0e94-44e7-bfcd-434293fb008b/crop.png,17814,91eeacc004904929e5e7f54c1ba09f19e32e84b08eaf7926ae63d82906417d68,cell_crops
cell_crops,898e2d47-0596-491a-9128-16f23e594cbc,relative_storage_key,cell-crops/3a33d13c-ff5b-46ba-94b4-0710e5185301/a78dd7b0-8ddc-4cd7-bc5a-241f8b427de6/7ba97fb6-e951-4c3b-93d8-3958918f513f/e4811b08-0e43-49df-879b-61e736a06269/crop.png,5669,3e926a5ab555a821bcb9c97d6f3dc7ce49de61e9de41ad2ce4b6ffc9de4e3074,cell_crops
cell_crops,898ef1c6-4446-490f-ad61-a507f0351bc7,relative_storage_key,cell-crops/05b33155-8921-4eb9-9920-af67decfe454/6278de2c-44dd-4a75-aca2-9708e58437ba/92e2e64a-1c82-402b-b24d-75d43d50a17f/4e9755c2-1821-4dd1-8691-58774fe344be/crop.png,4028,8ae6278adc4553f358dbcae7d2499829af72b2540bb2fc16b753689490879684,cell_crops
cell_crops,89ba19a0-a1fd-4ffe-95ee-088bab16a529,relative_storage_key,cell-crops/7eba770f-f337-4ed5-b174-fb4c18baaae5/0074b7b4-1a21-4123-9fb0-7a7e78c65792/6a4c1def-59d7-4111-8a64-9cfb8e00ba8f/8f21b974-31b0-4d7f-9744-6af3412e5229/crop.png,5924,700bcf1d1fe24b7ecfd62b36ea10b6625ba11c9fb7d21af75461ef6b630363c0,cell_crops
cell_crops,89c7e6ad-2186-4fa6-88ad-f68951717b4d,relative_storage_key,cell-crops/121a69bf-ba23-4014-892b-158b9c2b71a4/aa1323a6-7f80-4e1e-819a-ec182f045f3d/97fb12a0-df7f-455f-8e13-e0383ad3934d/1a121fd4-bea6-407e-9509-1d7f31e41479/crop.png,1822,c7b251cc40b73570203f6b45fb4d2437f012322647d2a84875a696bfb9941849,cell_crops
cell_crops,89e98b7e-129f-4fcd-9437-470d1ccc90eb,relative_storage_key,cell-crops/7ef7cff8-899e-428e-b89a-36803c0575b3/04bafb48-259f-4626-82fb-a3359ee3160b/849d1772-b3d7-402e-82b3-2942cd77a889/9ff1432d-6c45-4268-b2d9-33ca3a40d3fd/crop.png,2668,54910c9ffcd79dea6ec11da18207e34b46b7f0843cf779c303958784f203afb8,cell_crops
cell_crops,8a1012eb-7e03-4c93-9da9-78b9095265cd,relative_storage_key,cell-crops/db1855bf-e94d-43ea-86dc-5c1d21c82206/70a62caf-67c3-44f5-8752-596e9432c4ca/f914626e-fa1c-483a-ac2d-a7ebce6130f5/a6b4137e-c5fc-4c3f-935f-478e62e88e0f/crop.png,4277,8137bbc23988f8a08852fcfdf63445a769bb419b2de53c7c9d21f6686952623d,cell_crops
cell_crops,8a4a7468-97f7-4b6c-8bf9-a2a40f9898d2,relative_storage_key,cell-crops/fce4a23b-7725-4c69-960b-5c9cd9b68f50/c6ecf996-e832-44ad-89bf-2ca55d1d46d5/5ecbdf28-e01c-4b51-ae7b-f9d88c6b9aa5/d8ba6e6e-fe37-4ba4-b114-ac20c4fed667/crop.png,4299,896934721d51e9d9d23165303deec8ef3d63318c4fd5ed2899e4013b4913860a,cell_crops
cell_crops,8a675941-10a8-4f4a-ba16-930b0a738260,relative_storage_key,cell-crops/54e278de-2381-4a05-8faa-42bf761f6688/50b0884e-ddde-4252-be9d-058151c986c4/f4400105-33b9-4bc0-860b-010b1cf3d386/bb8013ef-8cdd-4757-90bb-69f8554cc926/crop.png,4163,6581c4c92fca44ecb00ce469204f46fa971947f890772b46ec23d5394f48486c,cell_crops
cell_crops,8ab87661-7e47-40eb-a939-5b3032fecc02,relative_storage_key,cell-crops/1c49c468-795c-45ed-98a4-e3670ddd5182/2f40a287-e0d5-4ab9-919e-a1ddfe57b9bd/2ac85463-e0b3-4c27-bb72-7ffdae1f53ab/867da6b6-cb7c-46f7-845d-1d5517502e10/crop.png,33170,a1abdac5586a46d50f5994c260a44b738702dcbef37d286231a8f2c9130469a6,cell_crops
cell_crops,8ac145c7-a1d7-49dd-8969-ac4f814e97d6,relative_storage_key,cell-crops/e11b10f7-d1c3-4d6a-9e69-a4b6bc1abc46/1db1a505-3eaf-456d-b123-7b9f8ee77762/339d62a6-0363-472b-b2e3-4a7befd2c42f/110358c6-451f-4b12-93c1-098fb8d08e7c/crop.png,2643,88e62f682948f35dcaef879f3060a9ce9853fb12737673e11a5ab621b28bdbd1,cell_crops
cell_crops,8ad6ccd9-471c-4fe9-86cc-371e8bd1a27b,relative_storage_key,cell-crops/52c4864d-1788-41db-a1d2-883ce7d83a58/490887fa-b3af-4136-85dc-8ae66e413acd/bf339bce-cffa-48e9-a044-4b9df2cc36b4/d874e654-7b3c-4c7e-92bd-a9407ea886b5/crop.png,2425,4b0c8e88b9cfa90f958b41d207ffadf66ef6fd810612e9fc3bfaf309ba9f34b5,cell_crops
cell_crops,8afe4aa1-ae5d-432a-8a23-d9c5dce3c6fa,relative_storage_key,cell-crops/c6209893-144a-447d-a436-fe89fc140cee/f088ac8e-c214-474d-837d-53532f4ef947/43249c8b-9008-49c9-8246-2b24989143a2/583714d5-fbf6-4831-bdde-9551c6a4525d/crop.png,4737,af5e123de12e81d2e7ca0b11306de7f483106e3ef4fb752149e422ee9595e930,cell_crops
cell_crops,8b2a192e-ea03-4906-b7cc-639511d7aede,relative_storage_key,cell-crops/52c4864d-1788-41db-a1d2-883ce7d83a58/490887fa-b3af-4136-85dc-8ae66e413acd/bf339bce-cffa-48e9-a044-4b9df2cc36b4/daa39f8a-9cd1-446b-8874-027b152e9aac/crop.png,1805,b81f890070750869c022700f41f4173c474afd8e7a4776912a2566502f00fe49,cell_crops
cell_crops,8b430753-16be-4799-92b1-bc01193fe976,relative_storage_key,cell-crops/7eba770f-f337-4ed5-b174-fb4c18baaae5/0074b7b4-1a21-4123-9fb0-7a7e78c65792/6a4c1def-59d7-4111-8a64-9cfb8e00ba8f/d94629c5-5f64-4ddc-a4b0-69d73770268a/crop.png,5236,e9ac40a76848c0fcae65e60db0459554c8c8fa90fbb6d3a909746a584c325fb6,cell_crops
cell_crops,8b437a30-80b0-424d-b59a-b9ef2442b73e,relative_storage_key,cell-crops/39265da0-dd1a-4f17-89aa-1e661f9c473f/72553654-6802-48a4-964a-3fa748870a05/afee46ec-494f-4fe6-be85-353a4cfc0b56/539512d0-9d7b-4d5b-823d-b822a17b8d62/crop.png,810,0f2fa4b4d5f38eb9045ea55bd0efc5b18fe5f23e40fbe45941f43baf7b1541c2,cell_crops
cell_crops,8b4f6570-a718-470f-8314-ac5c84b31bc9,relative_storage_key,cell-crops/54e278de-2381-4a05-8faa-42bf761f6688/50b0884e-ddde-4252-be9d-058151c986c4/f4400105-33b9-4bc0-860b-010b1cf3d386/b0d6db7d-505c-4621-97fe-14d509276a48/crop.png,4987,fec34d6fbf32e9608f7c7a267ca1fed131bfc7b77eb47d8422ed2536415cb690,cell_crops
cell_crops,8b5a2765-d214-499a-92cb-9d89e9c038fd,relative_storage_key,cell-crops/72906de0-83a0-4e98-940e-735fe5fb2363/c3c7a47a-b9d7-41c8-a8db-3269a23bca95/452e4d39-1e65-4a32-8a6a-e88382ac7aa6/a41aec5c-d067-4dbf-97a6-30a5eab3c17d/crop.png,3763,23fb47e377af8712eab5b74cab61e960af7357e77560e61245b1c098cd903fd1,cell_crops
cell_crops,8b6e57e7-7dbb-4592-b1b7-0fb80560c1cb,relative_storage_key,cell-crops/54e278de-2381-4a05-8faa-42bf761f6688/50b0884e-ddde-4252-be9d-058151c986c4/f4400105-33b9-4bc0-860b-010b1cf3d386/6e9961e9-59c4-4f35-a3da-c185c07c7338/crop.png,1654,c9c45c2366dfcb29288c0d2a468d926daaa5a2425dfbf8767ec7453b46717ca3,cell_crops
cell_crops,8b8fcf6c-844e-46e4-8ade-095b95cd6681,relative_storage_key,cell-crops/bc8b8317-c17d-4b7a-b737-5e40120559e2/8c8e678b-a6c7-4b8c-b4c0-d34745f32fe3/25cb85d9-3b89-46ca-982a-f71517c971ee/6a90952b-7a6c-4f54-b2f0-401c0d5080f6/crop.png,3982,af1251c6a40f213248a82f171eb5b221ae5b5489f7df32192f79b641bddf8255,cell_crops
cell_crops,8bb51620-88f1-4538-8b5e-a5a91f5d9ac9,relative_storage_key,cell-crops/52c4864d-1788-41db-a1d2-883ce7d83a58/490887fa-b3af-4136-85dc-8ae66e413acd/bf339bce-cffa-48e9-a044-4b9df2cc36b4/6ddf8395-e767-45d8-8408-584ef9953159/crop.png,1055,d9cfd009957a476c57b2250203526206eef711cfc01b430c3a809814506de61b,cell_crops
cell_crops,8bbd2edf-2b32-4ecf-8637-3463b0ab8eaa,relative_storage_key,cell-crops/5ad2e702-acee-4f0a-9a01-8a2ba6b24733/1abc6f5a-ce2e-4d43-a7b2-9323cf7efa1c/13514ba4-7c6f-40a0-a6d6-573684da9510/5a644c7f-824c-4cbe-af0a-4cc969a2efd7/crop.png,3763,23fb47e377af8712eab5b74cab61e960af7357e77560e61245b1c098cd903fd1,cell_crops
cell_crops,8bc06199-61c5-46bb-8d2a-fead97569cce,relative_storage_key,cell-crops/d28e9146-5ad9-4df7-8af4-1b8901780c2b/f196b05e-1e21-41c5-8292-1c802004009a/6948fa72-3ff5-45bb-beb5-8ae3bba8b6d6/b58b258f-61ef-47bc-bdda-c0e83d37a6fe/crop.png,3757,f8d1c4efcf75493a9d8b29374b0f3ffe8e7b7241976ccaacf74820094a157d29,cell_crops
cell_crops,8bc8022f-b0df-451e-9baf-1860b74e3efc,relative_storage_key,cell-crops/b0a5839c-3668-4411-b590-cc1d8fed470e/bf423fe1-2fc5-4662-9eda-ff1496c1bba9/c2a6cffd-18de-474e-ba04-2bf65b0f4f8c/d758ea82-34a1-44d3-8cd3-4dd11fe2c112/crop.png,3797,821d66bc3c685eca74c69a79ff0bd4a5c83109a04ca3b6dd64d88800e7c8d8f1,cell_crops
cell_crops,8bd5c2c9-6e0e-4f0e-86e5-544df2f92b7d,relative_storage_key,cell-crops/214fd936-3c74-4042-937a-3131ff495bdd/5e7bbe13-3cf2-4c2d-9022-31d242f15fb1/c6a30725-877a-4570-819a-de52a6bcb57d/d11256bf-6f0a-4378-9486-66178c0d2812/crop.png,3457,42f36c10fad04497689c545fd43747919ca3290bcc8a8f558ae96c99ce4814e6,cell_crops
cell_crops,8be1305c-cd36-46b7-914f-2bea363d4e6d,relative_storage_key,cell-crops/5f35abbf-10da-4c5e-b4d7-0b2e59de51f2/99ac88d3-5c9f-4fc3-8d6a-abadae1ee80c/b0ad2c3c-3de1-4628-bf32-d60536a0da80/d724cb81-604e-4100-b30c-071f7c77103b/crop.png,3703,cccaeae08e6db5e8e4308fdf2a861fded59df400f3a99e554e64f9802a7ebf21,cell_crops
cell_crops,8c0a55e9-2b68-4d7c-b00d-b785c6f3582f,relative_storage_key,cell-crops/ae68a99c-11f7-457a-88f8-3cef9a144958/618af6de-bfab-495e-8634-e484d620ee21/650c7580-8b2e-4bc4-88e8-bf03c5bb423d/23e7773e-6592-49e7-892d-fbf561ab53d0/crop.png,14238,718f3f88e73e22c889ec857e9fb8f3538890d43a68563f43d2992e454180066f,cell_crops
cell_crops,8c0eb3ff-8fc3-42b5-83ee-627f52a7e4c5,relative_storage_key,cell-crops/c6209893-144a-447d-a436-fe89fc140cee/f088ac8e-c214-474d-837d-53532f4ef947/43249c8b-9008-49c9-8246-2b24989143a2/6447d87f-bebd-4f76-af71-dd32a08660d1/crop.png,11397,dbc9ed1da8710fa440f1d903deee3128485b6ed4a31508cdde3476d003d57f30,cell_crops
cell_crops,8c18e3a7-fc60-48a4-b1d6-1f1cf72a45a9,relative_storage_key,cell-crops/214fd936-3c74-4042-937a-3131ff495bdd/5e7bbe13-3cf2-4c2d-9022-31d242f15fb1/c6a30725-877a-4570-819a-de52a6bcb57d/469d2f55-dcd4-4322-ad93-9d063b8c1d26/crop.png,10355,721a840feef567667068b19bebef34f4312d4e2bf2ff9d5827163df50962e09b,cell_crops
cell_crops,8c36a73d-e173-4c59-b607-a8d15f87f92b,relative_storage_key,cell-crops/7ef7cff8-899e-428e-b89a-36803c0575b3/04bafb48-259f-4626-82fb-a3359ee3160b/849d1772-b3d7-402e-82b3-2942cd77a889/63711f80-8b14-4164-ba65-f7580adcf6f5/crop.png,4118,ab50f51e71f5396f397b50b9e7091e798483202197f5619cb281b020094157d3,cell_crops
cell_crops,8c44db09-b236-43c3-8623-094c1b3ea244,relative_storage_key,cell-crops/211b65b9-8b1b-4bc9-bf8e-2572a00a3ecd/85d8a71e-e9ed-4062-a036-52e42dd89720/83b0bdb6-4441-49e8-b6a7-4de634e8d548/1d194d73-aa6c-4882-a8a8-fba118778380/crop.png,1447,0d9dc249c68da4659e4b3aa75aef2c92fff60c76579848f77d3923bb6db823f0,cell_crops
cell_crops,8c59e7aa-2d86-4fbc-b60a-40efc32cda0c,relative_storage_key,cell-crops/6dede06e-ae61-4920-bb2c-935cde2a5ff5/60bd296d-21d5-4d22-99bc-a023cb410f35/88dc4c92-8367-4c4d-a59b-da86d01b8d82/c0a985c3-72b7-48e5-9b39-66b4940929be/crop.png,6503,7d78760b02b21a808ee8ad23093454b3b0538be2755f5c8e7e31dba8e702e3f5,cell_crops
cell_crops,8c635913-12ff-4813-aff9-01bae2e95738,relative_storage_key,cell-crops/52c4864d-1788-41db-a1d2-883ce7d83a58/490887fa-b3af-4136-85dc-8ae66e413acd/bf339bce-cffa-48e9-a044-4b9df2cc36b4/83b3d33d-7b6c-4a6a-bbe6-ae57dc08088b/crop.png,6760,c0d790388fd2326983b27a30143aa9c08f46e736820d1c68513f02c2d61d00b8,cell_crops
cell_crops,8c75549b-694c-4d9a-a8ed-3680269b0b5b,relative_storage_key,cell-crops/5ad2e702-acee-4f0a-9a01-8a2ba6b24733/1abc6f5a-ce2e-4d43-a7b2-9323cf7efa1c/13514ba4-7c6f-40a0-a6d6-573684da9510/8828ad06-e270-403c-8839-658044cb6989/crop.png,3959,222c7ca5ee29a358fb425e25023ee8e1f3c3316c5e990bf35738d52aa39c2890,cell_crops
cell_crops,8c7f718f-b6f7-40aa-9050-3b6e1f01086b,relative_storage_key,cell-crops/3a9a3ddd-a6fb-43b7-98e8-82fe65649b10/69a3938d-51bb-45d7-928d-1b35d46634bb/ea56489d-de29-4bcd-bf1e-16e83feedee6/14e3d619-e420-40a0-acac-07e7af61390f/crop.png,5169,57fafc09ef6ffd3a4f0f808abf9f9e06b95ce806d168359f736b2f7d9f5eaf0f,cell_crops
cell_crops,8c839fc4-7299-4c67-b731-407760e38144,relative_storage_key,cell-crops/3a33d13c-ff5b-46ba-94b4-0710e5185301/a78dd7b0-8ddc-4cd7-bc5a-241f8b427de6/7ba97fb6-e951-4c3b-93d8-3958918f513f/5f09ac87-142d-403d-bfb5-a0f8f070a62d/crop.png,3448,520962c147ebaa829c531b5bb73a6b01fe096d67d8b5ae4579639ebc7b996441,cell_crops
cell_crops,8c961cb3-ebee-492a-9d7b-799065b6da1f,relative_storage_key,cell-crops/93807208-985b-4d70-bb43-c7843db4141d/f4a29ede-288f-42ba-abf0-32395606ffc4/8d3b080d-2f56-4175-b76a-dc309555e9de/c9a2867e-6a7c-4f92-a591-4fda93f5bdf3/crop.png,3736,a8cb1d2f35613fe7b7e24c70d9909415108dc746051316290a373a3d13a22c16,cell_crops
cell_crops,8c9adc6a-83b2-445b-8e27-6081342a0535,relative_storage_key,cell-crops/c6209893-144a-447d-a436-fe89fc140cee/f088ac8e-c214-474d-837d-53532f4ef947/43249c8b-9008-49c9-8246-2b24989143a2/bd006d32-b2f3-4478-8769-510d24577329/crop.png,11970,c103ea1efed3b4818e3f2622c5ec4782e6a0ab567b58b726053f8a699d6e418c,cell_crops
cell_crops,8cb29097-e127-4500-b658-a1b1eb1ddb5c,relative_storage_key,cell-crops/9696ad8c-6c01-439f-afa5-29d7f5234348/c6ffc450-182b-4d59-bf0d-1090bd076903/dd3b1716-0bb9-4523-9fa9-61bc274925d8/b9daa9ec-11e7-4a0f-8a37-a43e1c7055af/crop.png,7840,4a9c193ac5b9b2582680fb69f02aa327e965cbe15154e0d518af0d350fec7c9a,cell_crops
cell_crops,8cfc7309-79bf-401a-b563-688c82e2ace2,relative_storage_key,cell-crops/bc8b8317-c17d-4b7a-b737-5e40120559e2/8c8e678b-a6c7-4b8c-b4c0-d34745f32fe3/25cb85d9-3b89-46ca-982a-f71517c971ee/e9fb65ee-fc39-43f8-86e4-8c56dbb82ead/crop.png,4024,d7103552344eca072042ae80da9ec47d18b44d294b05b730f3d5ec2f8f26ea1c,cell_crops
cell_crops,8d3263d8-c877-49b2-b83e-bf2f01efede5,relative_storage_key,cell-crops/52c4864d-1788-41db-a1d2-883ce7d83a58/490887fa-b3af-4136-85dc-8ae66e413acd/bf339bce-cffa-48e9-a044-4b9df2cc36b4/dd631f45-25be-43e9-bc5b-631e87a19ae4/crop.png,5002,7f65bc140557dc4fc9264ba567b82e0f50cfc0588316f85c391a687f645689ce,cell_crops
cell_crops,8d7b766f-bb1f-498c-8f4e-ac35e5119e2d,relative_storage_key,cell-crops/8122e340-548f-40df-9dd4-ed43859605ff/ed18ce4e-6fb0-4f1f-b313-c9d76617210c/8cb2cae1-c3e1-487c-a274-4385f339dded/053f00e1-1b0c-4329-bd03-6a5aa1bf24c8/crop.png,3729,7b2cda6c46a3958cf19452172c535138be983a4bcda93b14b5d02d3b4c32470d,cell_crops
cell_crops,8e188d64-5b04-4444-af58-2f9948bfa42c,relative_storage_key,cell-crops/383c9700-4823-4ef4-a3f6-c8bac0a28dd4/0d86637f-bf43-4c20-a000-30e6e09038ff/e4296ff7-9e31-4bd9-8593-2615946bcceb/57bf1883-a834-4361-b091-e6bdf69728f9/crop.png,592,460a5add630be1dedd00c00fb1ee4aefd80a8da7c8ecfa197a5dbb23498ee000,cell_crops
cell_crops,8e525d20-b0b3-426d-be35-5d3ed1940913,relative_storage_key,cell-crops/5d9ca4e3-60b1-4a9f-aba0-8a5edd13510a/3f2dc1d9-eb62-44b3-a325-2d8db65a585c/0c7ee510-e240-4b6f-b8bc-352c4dd9aa20/a2bb973a-9114-4dcc-95b8-d16efc336daa/crop.png,8715,0c48e051725b855f56b810ed888c7e9fbfc16105772260f2f646924e0d000a63,cell_crops
cell_crops,8e6091b9-155b-4f01-af42-63ad09b62588,relative_storage_key,cell-crops/93807208-985b-4d70-bb43-c7843db4141d/f4a29ede-288f-42ba-abf0-32395606ffc4/8d3b080d-2f56-4175-b76a-dc309555e9de/8bd74be8-4c02-48fd-8916-938ee98abb8c/crop.png,5524,6e8283438d191df6354e55cd3e69a1caad6a3ddaee156669b7f37433349d6751,cell_crops
cell_crops,8e7f8752-d270-4668-9a14-c7fa73d011e5,relative_storage_key,cell-crops/7fd7ef40-bc9c-40d1-9e62-62bf0850c6b3/f6e252a5-7924-4e5c-bc63-8b711db60ba0/8a0187a3-03f0-45bd-ac3c-6e47c7999f03/f7e9eb9a-8685-49b2-b454-0b7471fbc904/crop.png,2377,bca363580240d015e4653e81d66bb40e7b752fc3074ba2de947ea9fbdc9e04df,cell_crops
cell_crops,8e8779b0-f8b9-4edd-b087-a5d4e628cd40,relative_storage_key,cell-crops/c9a6b7af-881f-47da-980a-1a2c2b743a1c/03505d0f-434b-48ac-ae42-76750f4fbc1a/a0889d56-1430-4a7f-b67c-e21291ac9ed7/d6941c85-3f42-4b5e-a4ce-3054918959cf/crop.png,6761,80ba4e97662cb628ec0317cd63a328068da4ee906b5cfc74831ca209906a21d5,cell_crops
cell_crops,8ea30c1f-6694-4d0d-a73f-c8b90737be47,relative_storage_key,cell-crops/07c71166-93b3-415e-b764-6ca7344238f6/151ee7ee-b609-4e6b-985c-04af59a85470/9c45439d-fd87-46c3-944a-439ab92cbf89/b0b0bbf1-bf7f-486d-9234-7d897b7606dd/crop.png,7588,8e33a65d61f835981d1e5b2e525a7dc3907c5b2981e6ba41ed6023c69cf1d730,cell_crops
cell_crops,8eb44716-9ef2-46dc-bdf9-9c47ebcfe6d2,relative_storage_key,cell-crops/7eba770f-f337-4ed5-b174-fb4c18baaae5/0074b7b4-1a21-4123-9fb0-7a7e78c65792/6a4c1def-59d7-4111-8a64-9cfb8e00ba8f/cc208aae-4d9f-4703-94dd-b13754597e2d/crop.png,2835,dc5aa1887d7a46dc258d21a4aa230195fcd0ac4fb3b00446ca140af0ca23e278,cell_crops
cell_crops,8eb95a88-50cf-4a9a-a09b-faaed76ec3b3,relative_storage_key,cell-crops/c9a6b7af-881f-47da-980a-1a2c2b743a1c/03505d0f-434b-48ac-ae42-76750f4fbc1a/a0889d56-1430-4a7f-b67c-e21291ac9ed7/bea8a4d0-29c6-4ad9-924a-072076173e97/crop.png,1517,19e3f2d16c616a8ce2df81d38ec706243de065e3f61819850ecd010965ab4095,cell_crops
cell_crops,8ed04d14-47a7-428e-b509-4b99e6425b80,relative_storage_key,cell-crops/121a69bf-ba23-4014-892b-158b9c2b71a4/aa1323a6-7f80-4e1e-819a-ec182f045f3d/97fb12a0-df7f-455f-8e13-e0383ad3934d/1c5bbc14-5b6e-493b-bf4f-a606f204c2ce/crop.png,1846,591bbfe23a17fd0f3e40a4dedebcfe5f0a041d980e8bd7afe4be85fc29a68dab,cell_crops
cell_crops,8f017d8e-53df-4cbf-a68d-fe92444398ce,relative_storage_key,cell-crops/4e1ca921-c5c6-4d89-b035-2d7dd99040d5/b9f975b3-7cd8-4b9a-a2cc-1bd9a76d924c/dc6df3c3-f03e-4261-bd4c-a2df5e0f0d88/a8ef1ed1-eb6a-47fb-90c6-0493e59fd389/crop.png,1887,f3e39123f16a5d747eeb5684a6be0e3c0db98ab8ebb75c7bfd21d74aeff9eb27,cell_crops
cell_crops,8f20569e-dc7a-4290-a8ba-ddcc56b4b37f,relative_storage_key,cell-crops/7fd7ef40-bc9c-40d1-9e62-62bf0850c6b3/f6e252a5-7924-4e5c-bc63-8b711db60ba0/8a0187a3-03f0-45bd-ac3c-6e47c7999f03/ff069f28-d38a-48ed-8176-a806d5bfd3be/crop.png,1213,f1ba6338b30b8dd4769266200040d30de84cc221cf50799166023d914e182c2c,cell_crops
cell_crops,8f342ede-67f8-4d9a-988f-cd9eda2c9e1d,relative_storage_key,cell-crops/05b33155-8921-4eb9-9920-af67decfe454/6278de2c-44dd-4a75-aca2-9708e58437ba/92e2e64a-1c82-402b-b24d-75d43d50a17f/99f81552-5ea4-43b6-9df3-243e7066d36f/crop.png,3889,bfe1df2fc5ee234d4a6ccf6e82f79f08e92da0dca2a768edfb50d3c321f57d09,cell_crops
cell_crops,8f535fcc-ba37-4a4b-bf3b-321b0e42ef97,relative_storage_key,cell-crops/6dede06e-ae61-4920-bb2c-935cde2a5ff5/60bd296d-21d5-4d22-99bc-a023cb410f35/88dc4c92-8367-4c4d-a59b-da86d01b8d82/2f37bdb5-5bc1-4551-a817-d13c2efbf575/crop.png,4002,d3834eeed0a68eb1adcb95f075846ec221df3ee59b7bba4ff2674c5ac0cb4dca,cell_crops
cell_crops,8f5fc981-2188-47dd-8473-87ad2a4d4684,relative_storage_key,cell-crops/ba5fc281-07c1-46ca-8091-0c13e6753aa4/d33fb4ff-3366-4fff-9806-8ab03314dbd1/18b27447-aed7-42fa-9142-4bab96366973/67c1a532-74f0-4f3c-adce-210e690dbc1d/crop.png,6097,94aa3bc2867c777f39c70359a75fea62c839d49554bda5650b11c7c9fa637ded,cell_crops
cell_crops,8f620254-5010-47d5-a4b6-2256e8b5078d,relative_storage_key,cell-crops/d28e9146-5ad9-4df7-8af4-1b8901780c2b/f196b05e-1e21-41c5-8292-1c802004009a/6948fa72-3ff5-45bb-beb5-8ae3bba8b6d6/d3fef29a-c1c5-4dcc-8bba-3b7279a89af7/crop.png,11543,eb41d0e1683831f644cdbaf78cc3fe1ecee5b7d3348e85965d3f0090edcebf8e,cell_crops
cell_crops,8fb453e4-4d8b-4111-abb8-205429e4fd1d,relative_storage_key,cell-crops/4e1ca921-c5c6-4d89-b035-2d7dd99040d5/b9f975b3-7cd8-4b9a-a2cc-1bd9a76d924c/dc6df3c3-f03e-4261-bd4c-a2df5e0f0d88/a8ed448a-7520-4cec-ab56-72d64ef4c7a3/crop.png,1145,8421ce3c7c7cf5fe1e2ea3487467c5efaeff089d9351762135c1c61b86c05083,cell_crops
cell_crops,8fc2db45-e4e0-4284-833d-bb074f6bf83a,relative_storage_key,cell-crops/07c71166-93b3-415e-b764-6ca7344238f6/151ee7ee-b609-4e6b-985c-04af59a85470/9c45439d-fd87-46c3-944a-439ab92cbf89/8095e95d-db1e-400d-9a6c-4d607c22e6d8/crop.png,1155,ff181deb40ee1091498d126017fcd50f27cf42f7a44432e467dbf243c56871ac,cell_crops
cell_crops,8fee4f2e-d062-4a84-ba12-a16fa4793f9d,relative_storage_key,cell-crops/6dede06e-ae61-4920-bb2c-935cde2a5ff5/60bd296d-21d5-4d22-99bc-a023cb410f35/88dc4c92-8367-4c4d-a59b-da86d01b8d82/996bc7c7-2e25-4637-8f5b-db0a3f4aa26e/crop.png,5073,3a5b01849008d66468c08e325725fdaed3e7fa81ce11e3c179f9cea75e38dc9d,cell_crops
cell_crops,8ffbfb02-2b07-4c59-b42b-849554447625,relative_storage_key,cell-crops/52c4864d-1788-41db-a1d2-883ce7d83a58/490887fa-b3af-4136-85dc-8ae66e413acd/bf339bce-cffa-48e9-a044-4b9df2cc36b4/7c7540a5-19bd-47a7-b7a3-86dbb0fa9515/crop.png,2914,d368a3ac1b66c8f1d134be9526cc96345ff37e9377681e6a10fc89b611ca7d53,cell_crops
cell_crops,900efe57-3d2a-451f-a605-ad9313ba115c,relative_storage_key,cell-crops/5ad2e702-acee-4f0a-9a01-8a2ba6b24733/1abc6f5a-ce2e-4d43-a7b2-9323cf7efa1c/13514ba4-7c6f-40a0-a6d6-573684da9510/5aac1349-4bf0-4fde-b086-e5e6d089a8c0/crop.png,5380,3c3aa3a1c5079a0314e53797fea2f4d2dfeab8e51a3025f92c9b1eb279069d12,cell_crops
cell_crops,90105436-94a7-437c-a61d-8ad5b4a02e8d,relative_storage_key,cell-crops/e11b10f7-d1c3-4d6a-9e69-a4b6bc1abc46/1db1a505-3eaf-456d-b123-7b9f8ee77762/339d62a6-0363-472b-b2e3-4a7befd2c42f/3ebe7382-865c-454e-93fa-16916faed607/crop.png,6885,8e4ac3428a5491bf2d175fb7c105d44abaa95ca158e067d69448d15b4b98fb00,cell_crops
cell_crops,90290dba-59f7-47fe-b88d-6dcec305a50c,relative_storage_key,cell-crops/05b33155-8921-4eb9-9920-af67decfe454/6278de2c-44dd-4a75-aca2-9708e58437ba/92e2e64a-1c82-402b-b24d-75d43d50a17f/8004295a-dc22-4ab4-addd-019c743573bc/crop.png,5850,7d6bedd893609d154bc9c7ffaea373779d9f35c4cab369e69fb5afae3b86a3e2,cell_crops
cell_crops,9044ddae-ac45-4bce-a61a-4dfeec0b68e4,relative_storage_key,cell-crops/aac2f7a6-e279-42c1-8035-33134bfdf3eb/881590dc-6d13-4137-ba82-d28d2ed5199a/34070251-bc08-40a2-b33a-35ad175a7189/867acc44-f753-4bb2-8f29-0741a30f93d0/crop.png,14305,68776cef7967a9ddf806cacf647906419535e9c81d94229c796c16bcba00d74e,cell_crops
cell_crops,904b8bf8-b365-4a9b-8f00-1bf354f2ef2d,relative_storage_key,cell-crops/cd096d9e-0d01-4e4f-acd5-65e1548c215b/de773a50-b182-4ed9-9bdc-3f6f65bf242d/8eae56e5-dc27-4e8b-86ce-b22204a68814/dd9177cf-66c0-404a-9b17-6b66e720df22/crop.png,929,dbace6e540ec7a9319e76c69a25172d7d6bb5bd6ce8c8b47927a1fe82393f910,cell_crops
cell_crops,907b3bfd-2942-48fd-97ba-9aa1540dbafe,relative_storage_key,cell-crops/e109f86a-afaf-4c6b-8831-0fd7fc4fa7b2/2b113263-4ee7-4c87-a4d5-c689a43626bb/5b7cb03b-f0e6-42de-9aba-d4fb3757ad09/9550e961-d443-4bf6-aacb-da1744a9ed76/crop.png,5786,9556c94c7aeb09f679c0aab84d8a72eb5082432024b8eae6ed538e5d50f3ad1d,cell_crops
cell_crops,907c4ad8-e7f7-43c2-b68e-be21f8841826,relative_storage_key,cell-crops/7eba770f-f337-4ed5-b174-fb4c18baaae5/0074b7b4-1a21-4123-9fb0-7a7e78c65792/6a4c1def-59d7-4111-8a64-9cfb8e00ba8f/ceaee8be-b77d-4d7c-976f-9ed8b5e3c050/crop.png,7030,f5f33253a528327849f1015eb75293f167efadc9671f0b49c4caa9509c34e580,cell_crops
cell_crops,90900020-aa2f-433d-b617-863ad0c584d4,relative_storage_key,cell-crops/d28e9146-5ad9-4df7-8af4-1b8901780c2b/f196b05e-1e21-41c5-8292-1c802004009a/6948fa72-3ff5-45bb-beb5-8ae3bba8b6d6/e6c1b3f0-b36e-4b40-be44-e392a06b87f7/crop.png,4377,003283b89b800c6364aca259bbaba607ab70af6158e9fd5be23261c692bb9018,cell_crops
cell_crops,9134c018-b779-4e6b-9760-92bb6044ed01,relative_storage_key,cell-crops/52c4864d-1788-41db-a1d2-883ce7d83a58/490887fa-b3af-4136-85dc-8ae66e413acd/bf339bce-cffa-48e9-a044-4b9df2cc36b4/45a5d353-6aca-4d1a-9a35-32df2329ff35/crop.png,1827,f8b285fce090d39fd3ca35a073a23378cc1b9942bc06867fe9711f8312c33dc2,cell_crops
cell_crops,914320f2-97e1-4934-8a5d-1fce1d67f25a,relative_storage_key,cell-crops/7fd7ef40-bc9c-40d1-9e62-62bf0850c6b3/f6e252a5-7924-4e5c-bc63-8b711db60ba0/8a0187a3-03f0-45bd-ac3c-6e47c7999f03/6e28656d-5928-431d-b8b7-00fca423e362/crop.png,1124,a73bae23ffb83455c5cbb6c1d83ce14dc627d473201d35afae95629e9cf0f0a7,cell_crops
cell_crops,9153b1ce-67cc-46a5-8432-ed5117116e04,relative_storage_key,cell-crops/93807208-985b-4d70-bb43-c7843db4141d/f4a29ede-288f-42ba-abf0-32395606ffc4/8d3b080d-2f56-4175-b76a-dc309555e9de/d5069559-0284-47cb-b3cf-5dc2399519d8/crop.png,4132,bbbac4bce11f0266bbc545609bead976c99ead3e43b478208217d86f16e69947,cell_crops
cell_crops,916933aa-0540-40ae-814a-b29b6d482138,relative_storage_key,cell-crops/1c49c468-795c-45ed-98a4-e3670ddd5182/2f40a287-e0d5-4ab9-919e-a1ddfe57b9bd/2ac85463-e0b3-4c27-bb72-7ffdae1f53ab/751ec159-520c-4321-97b6-60849442bb4a/crop.png,5039,1454eb21edde3e07c6683678395404e9aea77b8b05cc563a403d359eb226cd3e,cell_crops
cell_crops,91851fa8-4c08-4a5a-b44e-ccac5f16a01b,relative_storage_key,cell-crops/fce4a23b-7725-4c69-960b-5c9cd9b68f50/c6ecf996-e832-44ad-89bf-2ca55d1d46d5/5ecbdf28-e01c-4b51-ae7b-f9d88c6b9aa5/008857df-e887-4040-bf03-1e5db71be86a/crop.png,3913,5ab5204751dc66cdd2aa3b86c95fce21b54716368d036b44ec19915eb88eb522,cell_crops
cell_crops,91aa84b3-5623-4939-ac7f-b2241ba0e7da,relative_storage_key,cell-crops/4383bcb6-1595-4b3c-9c6f-ced12863a762/f6d15c09-591e-4808-aff5-02f7c8c4d239/25a1a8fb-90d3-4cfb-b43b-20ee3b4b7788/23152656-97c7-42d7-9147-ceaa12575512/crop.png,8955,02423afd308f4ec55d71939ff3e12fd000d44df946c376bedcb1cde6d10ba3b1,cell_crops
cell_crops,91d3122f-b537-4ddc-a7c8-4ccce0378c5f,relative_storage_key,cell-crops/05b33155-8921-4eb9-9920-af67decfe454/6278de2c-44dd-4a75-aca2-9708e58437ba/92e2e64a-1c82-402b-b24d-75d43d50a17f/8213fa62-85c8-4366-aa6e-b557aad14466/crop.png,6814,c5537c446c49d91f052b6f2cd7bb074406aeb767572829df89b70cb16740cb79,cell_crops
cell_crops,91d54ab0-621b-4127-a3a2-f86cf610477d,relative_storage_key,cell-crops/b0a5839c-3668-4411-b590-cc1d8fed470e/bf423fe1-2fc5-4662-9eda-ff1496c1bba9/c2a6cffd-18de-474e-ba04-2bf65b0f4f8c/305fb551-fa25-46d2-84ee-c3b2e4de4eea/crop.png,1446,b1a5a775eae4c22e4a36c9e93d67eaefb4abd14c9cde35be5f7b42dfe3ff4d1f,cell_crops
cell_crops,92049a03-1a18-4a52-8a8d-f07110b83d67,relative_storage_key,cell-crops/07c71166-93b3-415e-b764-6ca7344238f6/151ee7ee-b609-4e6b-985c-04af59a85470/9c45439d-fd87-46c3-944a-439ab92cbf89/e2ae4b03-e920-42af-9471-890f7fb57404/crop.png,872,55f17c86ece851fe77f42a3da631fd881e693fa82a722961ffe0d47bf3f80610,cell_crops
cell_crops,921c490a-3c65-4e67-92da-7c1099a3119c,relative_storage_key,cell-crops/6dede06e-ae61-4920-bb2c-935cde2a5ff5/60bd296d-21d5-4d22-99bc-a023cb410f35/88dc4c92-8367-4c4d-a59b-da86d01b8d82/08392d16-5487-4894-abde-e865902916d6/crop.png,4598,a0d7beef531bf82e02393bc5a601a6432c67310f2c91c691a3c2a3d3ef97df49,cell_crops
cell_crops,92459cbb-3e9f-4ebb-814d-ee170c316b57,relative_storage_key,cell-crops/aac2f7a6-e279-42c1-8035-33134bfdf3eb/881590dc-6d13-4137-ba82-d28d2ed5199a/34070251-bc08-40a2-b33a-35ad175a7189/f63aad03-3e0b-4020-b882-f30cda455273/crop.png,15314,b7ea57ddf76bf03d011e7c190f847f1503e33767c6e441283a2ecb42aba212f3,cell_crops
cell_crops,924aa5c6-3953-4922-abb2-07085ac7cde1,relative_storage_key,cell-crops/07c71166-93b3-415e-b764-6ca7344238f6/151ee7ee-b609-4e6b-985c-04af59a85470/9c45439d-fd87-46c3-944a-439ab92cbf89/2e879f84-ada5-4a1c-890e-0c55988971fd/crop.png,1595,617d95e50ecff143d609282f3e85ff1febc18d109e49b063626945ef6eb9812b,cell_crops
cell_crops,924c3a71-9ef1-4b09-8719-6dba015ff929,relative_storage_key,cell-crops/7ef7cff8-899e-428e-b89a-36803c0575b3/04bafb48-259f-4626-82fb-a3359ee3160b/00b8d663-89b1-4dfe-8f8f-9a01bca4688b/ef6cc4ba-4e94-4e9d-a69e-92a3f3c3ff9d/crop.png,4081,f7892a5572ce85251f6b153286b176558bb5d8ad0114bbb4b61eedc0973b01b5,cell_crops
cell_crops,925b5537-3430-4242-966f-5fea3267f7ca,relative_storage_key,cell-crops/7fd7ef40-bc9c-40d1-9e62-62bf0850c6b3/f6e252a5-7924-4e5c-bc63-8b711db60ba0/8a0187a3-03f0-45bd-ac3c-6e47c7999f03/7b37b9c9-7749-4346-a379-56da07cd861c/crop.png,1541,74ed00d5f7943e0685635f3efb59b4ddb20f87a6d7a62e31ee45f73be591b545,cell_crops
cell_crops,925caea8-217a-4b95-b5a4-fe380d63bf2f,relative_storage_key,cell-crops/121a69bf-ba23-4014-892b-158b9c2b71a4/aa1323a6-7f80-4e1e-819a-ec182f045f3d/97fb12a0-df7f-455f-8e13-e0383ad3934d/28674c77-1910-45f5-b512-77d6489fa89b/crop.png,1785,8f5194fd30f353a7865e9abe43f602929b6165662c947d0e9df0b4066ecea8c4,cell_crops
cell_crops,925cda56-0691-4d2d-9603-e275b4e5f0aa,relative_storage_key,cell-crops/e11b10f7-d1c3-4d6a-9e69-a4b6bc1abc46/1db1a505-3eaf-456d-b123-7b9f8ee77762/339d62a6-0363-472b-b2e3-4a7befd2c42f/2f7344df-4ce1-4ab2-9c9e-0ef41e99fcd9/crop.png,10777,972a7ea5f110d37ceda07edc9709a2f20b9f66c01089fb4312ab9d5e8bf6fba4,cell_crops
cell_crops,9271d9e9-3a8c-4f6f-83e4-9f2b1ae32a59,relative_storage_key,cell-crops/7ef7cff8-899e-428e-b89a-36803c0575b3/04bafb48-259f-4626-82fb-a3359ee3160b/849d1772-b3d7-402e-82b3-2942cd77a889/dee31947-c856-43b1-9019-0afeda6729f4/crop.png,6581,20291b8adf4e039c59e2b5509608a1cd482b0adbe2d406b60ac844d589bf6f73,cell_crops
cell_crops,9278569d-0c5a-4753-83f6-d9371adabc79,relative_storage_key,cell-crops/39265da0-dd1a-4f17-89aa-1e661f9c473f/72553654-6802-48a4-964a-3fa748870a05/afee46ec-494f-4fe6-be85-353a4cfc0b56/6d307d81-97c5-41a9-977b-d1ce01d64b09/crop.png,4633,5608b359ebe97991112a11be789d6a184da09b39c5ca72c3c402251b3e6f10cf,cell_crops
cell_crops,92813465-81cc-4a06-a2e0-85a5152a417b,relative_storage_key,cell-crops/3a9a3ddd-a6fb-43b7-98e8-82fe65649b10/69a3938d-51bb-45d7-928d-1b35d46634bb/ea56489d-de29-4bcd-bf1e-16e83feedee6/075aaf26-99c4-4198-aaa7-ad0c5bff4fac/crop.png,5057,eadc6fdf39060061eda9c3fa80527a44ba57e95d4129a4a1798383f8e226a825,cell_crops
cell_crops,92a23be8-a924-4696-81de-f78a648bbd60,relative_storage_key,cell-crops/e11b10f7-d1c3-4d6a-9e69-a4b6bc1abc46/1db1a505-3eaf-456d-b123-7b9f8ee77762/339d62a6-0363-472b-b2e3-4a7befd2c42f/3fcef73f-f1cf-4d71-b157-4804d37fcf7c/crop.png,2221,3645f548105711882c4e8c0ea9d8a2f48ea0cbf7a94ad55f645e6753f338f1a8,cell_crops
cell_crops,92acbcfd-639f-432e-9e31-42e671e39398,relative_storage_key,cell-crops/ae68a99c-11f7-457a-88f8-3cef9a144958/618af6de-bfab-495e-8634-e484d620ee21/650c7580-8b2e-4bc4-88e8-bf03c5bb423d/b77b4c1b-ebca-46ad-9562-b805b64d2ea3/crop.png,6582,be51299bda4684faa8b822e83846a619dcff194dfdf386fb75ea728e4ddcb553,cell_crops
cell_crops,92c54e7a-3cb9-420d-88be-19a8c9a9f485,relative_storage_key,cell-crops/aac2f7a6-e279-42c1-8035-33134bfdf3eb/881590dc-6d13-4137-ba82-d28d2ed5199a/34070251-bc08-40a2-b33a-35ad175a7189/bc554a3f-e113-4c90-88c2-270146fe9625/crop.png,3585,064f31de1d54bc2064cad64ff7c71f8ab74aaa91931c9dffb27c20ed07deda89,cell_crops
cell_crops,92d580ca-3567-420e-af7f-736c0dbd6daa,relative_storage_key,cell-crops/07c71166-93b3-415e-b764-6ca7344238f6/151ee7ee-b609-4e6b-985c-04af59a85470/9c45439d-fd87-46c3-944a-439ab92cbf89/83877c86-ba61-4b08-a681-15e9dd1aa2a9/crop.png,1482,8a8fc41baff11db360721120ecbd068491712b4debb43fd8d543a90dd9e818dc,cell_crops
cell_crops,93282737-7ee6-4ec3-98d7-a0c5d86ca0ba,relative_storage_key,cell-crops/7eba770f-f337-4ed5-b174-fb4c18baaae5/0074b7b4-1a21-4123-9fb0-7a7e78c65792/6a4c1def-59d7-4111-8a64-9cfb8e00ba8f/3576e19c-2fa2-477b-a8bc-732f76deec3b/crop.png,904,109dbea6bd158b83603796282953236221a7c582a2c97ef6ff5562ec9d88fd6c,cell_crops
cell_crops,933d722a-e4da-41b8-835c-a2a54c2f506e,relative_storage_key,cell-crops/db1855bf-e94d-43ea-86dc-5c1d21c82206/70a62caf-67c3-44f5-8752-596e9432c4ca/f914626e-fa1c-483a-ac2d-a7ebce6130f5/ec738f7a-c1c4-46c5-8551-b724ab32a66c/crop.png,1856,9f985bb47f8b2635b73544fbdb03a54a8800c5c8f3958216496df2459bac813b,cell_crops
cell_crops,93496a86-6417-4e82-83d7-3e66b5532cb3,relative_storage_key,cell-crops/59a98cc0-24f4-424a-b208-3fe06063fa47/98626a4c-b3fc-464a-a4fe-90bc886c7647/c0a49ec0-99e0-4b2b-a9e4-1e2ec28655a0/dffcb9d1-c491-4b52-8aaf-fe73c01fd207/crop.png,4837,9054502812b0d39e3ed4e1be160f86d56e448019e167a1e38fdaefc9804217f6,cell_crops
cell_crops,935a78de-b7d3-4be4-8f54-d567a1f8ce0a,relative_storage_key,cell-crops/b0a5839c-3668-4411-b590-cc1d8fed470e/bf423fe1-2fc5-4662-9eda-ff1496c1bba9/c2a6cffd-18de-474e-ba04-2bf65b0f4f8c/04fa16d4-0ea2-47f1-9415-45453b5ff8d4/crop.png,1880,094f9c14faba76b1a8ac843f4ea34792c1828b5ecf8150dc456ae1659e1a6d95,cell_crops
cell_crops,936bad4f-90a0-4417-adb2-2b0f1708510b,relative_storage_key,cell-crops/121a69bf-ba23-4014-892b-158b9c2b71a4/aa1323a6-7f80-4e1e-819a-ec182f045f3d/97fb12a0-df7f-455f-8e13-e0383ad3934d/1f61bf0f-8c33-4d09-ad7a-34976a5d7eab/crop.png,1178,9244c6fc721b4248c4d2c868e92bdf49fdadeb2512a872b0f2a5e1f2080d56e3,cell_crops
cell_crops,936eeb12-9a77-4417-aae7-51d317844321,relative_storage_key,cell-crops/4e1ca921-c5c6-4d89-b035-2d7dd99040d5/b9f975b3-7cd8-4b9a-a2cc-1bd9a76d924c/dc6df3c3-f03e-4261-bd4c-a2df5e0f0d88/bc40e372-51cd-485b-ab77-33b6c13ac329/crop.png,2437,a34b370632529db22a8e54554fbbbf27e2b3a6b5781f40e567f19a887613afa1,cell_crops
cell_crops,93722d18-9f78-4453-9ff3-8c05ce844496,relative_storage_key,cell-crops/e11b10f7-d1c3-4d6a-9e69-a4b6bc1abc46/1db1a505-3eaf-456d-b123-7b9f8ee77762/339d62a6-0363-472b-b2e3-4a7befd2c42f/d6dc4778-db69-4fa4-af10-ccb7029d3bbf/crop.png,2165,fa76db5bb1f11a1b6e4890ba7611931affba389889f378be0d4b30763418ad55,cell_crops
cell_crops,9377944a-0a3b-4880-8b66-3158912c8af8,relative_storage_key,cell-crops/e11b10f7-d1c3-4d6a-9e69-a4b6bc1abc46/1db1a505-3eaf-456d-b123-7b9f8ee77762/339d62a6-0363-472b-b2e3-4a7befd2c42f/bae1ce4b-69bc-4de6-a95e-bde8ce36b3c2/crop.png,2133,05fc3af0abc87b3263792faf887a168c18570026ceeeef607672595d2fed7482,cell_crops
cell_crops,939e7fde-ed78-43a9-a0a3-4ffece4756bc,relative_storage_key,cell-crops/b0a5839c-3668-4411-b590-cc1d8fed470e/bf423fe1-2fc5-4662-9eda-ff1496c1bba9/c2a6cffd-18de-474e-ba04-2bf65b0f4f8c/11643395-31da-476e-b376-09568540ff0a/crop.png,965,e1d2b14094d28fee7c3ec7025468ac68bc7aebb425bf1be296eb52049b9fc37a,cell_crops
cell_crops,93a7517c-9af0-40e5-b627-d1f9bd5cc178,relative_storage_key,cell-crops/05b33155-8921-4eb9-9920-af67decfe454/6278de2c-44dd-4a75-aca2-9708e58437ba/92e2e64a-1c82-402b-b24d-75d43d50a17f/dce66967-fe14-423e-9a61-56dace462e99/crop.png,3390,845e83f0f14bbdd3c8847e3366a3e4fda3540801a4fd1ab6724345b1e42d05df,cell_crops
cell_crops,93d94490-ac91-4c29-bdf9-1fbf32dabf5a,relative_storage_key,cell-crops/c9a6b7af-881f-47da-980a-1a2c2b743a1c/03505d0f-434b-48ac-ae42-76750f4fbc1a/a0889d56-1430-4a7f-b67c-e21291ac9ed7/b6090205-5c9d-4e39-96d2-cf409b1db6dd/crop.png,1408,042cefe731ecce4f7d47d3db4479cb65b2ebd58c1c8f68da8f78d043f3133ee6,cell_crops
cell_crops,93ddf1a2-af18-411b-ad39-56eba7a4cbe0,relative_storage_key,cell-crops/7fd7ef40-bc9c-40d1-9e62-62bf0850c6b3/f6e252a5-7924-4e5c-bc63-8b711db60ba0/8a0187a3-03f0-45bd-ac3c-6e47c7999f03/71cfc8c5-340d-4670-9416-769253587689/crop.png,3651,8c38967b419fb90bbd6eeadc7af41581d4bdd8316fa06ca6a72358930c54680a,cell_crops
cell_crops,93fb9b30-92ce-4d26-882e-1a6609413582,relative_storage_key,cell-crops/59a98cc0-24f4-424a-b208-3fe06063fa47/98626a4c-b3fc-464a-a4fe-90bc886c7647/c0a49ec0-99e0-4b2b-a9e4-1e2ec28655a0/22732a71-ffb6-46d5-8e9e-4468c9098322/crop.png,11040,4c1a7d02f549671ccd682752c0e1d10aac1d932d5091222653559f747eb7ef62,cell_crops
cell_crops,94432c6a-a6cb-4d38-bf42-dcc01ed98983,relative_storage_key,cell-crops/3a33d13c-ff5b-46ba-94b4-0710e5185301/a78dd7b0-8ddc-4cd7-bc5a-241f8b427de6/7ba97fb6-e951-4c3b-93d8-3958918f513f/6b16bec3-d842-413e-90dd-d8226e222dcb/crop.png,3694,8738d8833eec8b81383543b9081aec2117280e8ede8ad4a3ef9b0914b9e23c13,cell_crops
cell_crops,94a7882a-f9ab-4cf1-bfdb-99a10d99141b,relative_storage_key,cell-crops/4383bcb6-1595-4b3c-9c6f-ced12863a762/f6d15c09-591e-4808-aff5-02f7c8c4d239/25a1a8fb-90d3-4cfb-b43b-20ee3b4b7788/dbb3870c-5759-4e7c-aec6-bba355de3e4f/crop.png,3706,b5ddb7f81de6e6b40d64c7e29e184921a25007e469da4c895a11bcd9e9823dc7,cell_crops
cell_crops,94aa5c24-8a4f-4a54-addc-dd027230370f,relative_storage_key,cell-crops/b0a5839c-3668-4411-b590-cc1d8fed470e/bf423fe1-2fc5-4662-9eda-ff1496c1bba9/c2a6cffd-18de-474e-ba04-2bf65b0f4f8c/7d39a861-7e7c-4a0e-a124-2aff84967b24/crop.png,5059,2b21484896197810de9053e2931e330abbfe73f3f11da56917bd114022bdaca3,cell_crops
cell_crops,94afdf2f-d29c-47b8-a1d9-1a94760af7b2,relative_storage_key,cell-crops/05b33155-8921-4eb9-9920-af67decfe454/6278de2c-44dd-4a75-aca2-9708e58437ba/92e2e64a-1c82-402b-b24d-75d43d50a17f/17346ecb-9e42-48e3-8c01-6d2544f78901/crop.png,3944,36f27f6b2159d88550aec384fcabc47557390e48d94b04b985ba6c65f4ec44f8,cell_crops
cell_crops,94cab860-9a92-49dd-8f71-79a65a280e5d,relative_storage_key,cell-crops/db1855bf-e94d-43ea-86dc-5c1d21c82206/70a62caf-67c3-44f5-8752-596e9432c4ca/f914626e-fa1c-483a-ac2d-a7ebce6130f5/238dd947-84f2-4df2-a1ec-4259068cb1e5/crop.png,9661,bcea0cd8e5ff363c17861df2a59209c46b1f477e510bbfa95741b98063804769,cell_crops
cell_crops,94ea5ebf-db39-4cce-9122-186e322d5f79,relative_storage_key,cell-crops/52c4864d-1788-41db-a1d2-883ce7d83a58/490887fa-b3af-4136-85dc-8ae66e413acd/bf339bce-cffa-48e9-a044-4b9df2cc36b4/2bafce91-8294-4688-8cee-b3486a58576f/crop.png,2158,19fbf1aed0fa2c3f68e31e74da49299f1e2297981055df9e4db2039e87080d04,cell_crops
cell_crops,951f578c-6007-46f9-bcac-14026ac36ca4,relative_storage_key,cell-crops/54e278de-2381-4a05-8faa-42bf761f6688/50b0884e-ddde-4252-be9d-058151c986c4/f4400105-33b9-4bc0-860b-010b1cf3d386/be2d3956-8346-419a-aceb-35f71aa94a8e/crop.png,4360,1c2a8e065147c3ec3a0f26c5ae6f2ac7d60e799c7719203b9d6df62cec9847a1,cell_crops
cell_crops,9523051d-d346-4bc9-add1-069354da1b81,relative_storage_key,cell-crops/4383bcb6-1595-4b3c-9c6f-ced12863a762/f6d15c09-591e-4808-aff5-02f7c8c4d239/25a1a8fb-90d3-4cfb-b43b-20ee3b4b7788/df2ab9c6-7e9e-4941-9026-2c570c539f5d/crop.png,3935,38bfd1b7a4d6246ac30db6dd3c243638f42d3931fa39d12a0d3015284df1c02e,cell_crops
cell_crops,95734319-8ffe-442e-b93c-2434b9541966,relative_storage_key,cell-crops/05b33155-8921-4eb9-9920-af67decfe454/6278de2c-44dd-4a75-aca2-9708e58437ba/92e2e64a-1c82-402b-b24d-75d43d50a17f/e777f101-7e92-4f1f-913c-4d09439e0ea7/crop.png,5362,cb65dbd84f3354bfe0f22ded30414c53e5ddaccc22ffebff81f1082c241cbcbb,cell_crops
cell_crops,95b38c5e-169f-4ca7-8b25-2f2b02e7c1d0,relative_storage_key,cell-crops/211b65b9-8b1b-4bc9-bf8e-2572a00a3ecd/85d8a71e-e9ed-4062-a036-52e42dd89720/83b0bdb6-4441-49e8-b6a7-4de634e8d548/415333e0-718d-46ce-ae35-c317284de8bc/crop.png,11462,9b80008aba68d3cf0cfba75236b9c28b311074997e1360b51a6cc7d40508ad04,cell_crops
cell_crops,95beba32-d93b-441b-9021-9b9b57274b3f,relative_storage_key,cell-crops/b0a5839c-3668-4411-b590-cc1d8fed470e/bf423fe1-2fc5-4662-9eda-ff1496c1bba9/c2a6cffd-18de-474e-ba04-2bf65b0f4f8c/11950ed2-15d2-4445-8a07-46d47b167410/crop.png,1691,6d45832fe5c8352226f997dd6436b02891572d1ba0159a1a90cdc2d377c9ee71,cell_crops
cell_crops,95c3c50c-db3f-45fa-9b69-edfa3a4beed2,relative_storage_key,cell-crops/8b912699-0346-4eca-9a3f-992922f65702/c5ca90cc-e321-4501-82f3-a2e0ef0f51a7/51a1e5c5-fac7-4ab5-b6dd-bef48d583434/b584d90e-46b8-40f1-9341-15f75fbd73cd/crop.png,3364,9b2254221e9f23ba05f050a5f6a7f0d866c6a87a21d3731b446f91e4cf7b45ee,cell_crops
cell_crops,95dc7f46-707f-4a0d-9691-e39513bfca71,relative_storage_key,cell-crops/1c49c468-795c-45ed-98a4-e3670ddd5182/2f40a287-e0d5-4ab9-919e-a1ddfe57b9bd/2ac85463-e0b3-4c27-bb72-7ffdae1f53ab/8d22260f-ba88-46a2-ab00-76abed0de55b/crop.png,3800,f36a5f37a5899faf5e47a1046220d4e2edda09df8f04d74504cb17cd2a735364,cell_crops
cell_crops,960be185-5158-405a-afb5-6a4da537201a,relative_storage_key,cell-crops/52c4864d-1788-41db-a1d2-883ce7d83a58/490887fa-b3af-4136-85dc-8ae66e413acd/bf339bce-cffa-48e9-a044-4b9df2cc36b4/5bb83b86-d496-43c0-b98c-d8967b1f3852/crop.png,1691,6d45832fe5c8352226f997dd6436b02891572d1ba0159a1a90cdc2d377c9ee71,cell_crops
cell_crops,96108f49-bbc8-48fa-b847-60c062b6e640,relative_storage_key,cell-crops/59a98cc0-24f4-424a-b208-3fe06063fa47/98626a4c-b3fc-464a-a4fe-90bc886c7647/c0a49ec0-99e0-4b2b-a9e4-1e2ec28655a0/5e244e20-06db-4133-8a56-83781903ca27/crop.png,4953,d05e8aa07792215cad6c88df456968a89dfc6588f0adf98e4fff8af108d035e1,cell_crops
cell_crops,9614614d-b217-4b9b-8cb5-cd7a49a3e447,relative_storage_key,cell-crops/9696ad8c-6c01-439f-afa5-29d7f5234348/c6ffc450-182b-4d59-bf0d-1090bd076903/dd3b1716-0bb9-4523-9fa9-61bc274925d8/f1d0a4b4-1078-4b9a-a5d8-9b2964640cf8/crop.png,30740,f6dd0d0f2ae75a66f56859494aae14dab8092ccb645fcebcc188a8c81b84aa34,cell_crops
cell_crops,96beb698-acbf-4a5d-a28f-61e98a8ebfd4,relative_storage_key,cell-crops/1c49c468-795c-45ed-98a4-e3670ddd5182/2f40a287-e0d5-4ab9-919e-a1ddfe57b9bd/2ac85463-e0b3-4c27-bb72-7ffdae1f53ab/3676a69c-f669-4d00-a194-542b428a1cb6/crop.png,4190,e26f0e460cc94b71811d21a2fcedb24db360ef6139fccf597f94173ac869604f,cell_crops
cell_crops,96d7844e-8faf-4c3a-b435-8b5da667090d,relative_storage_key,cell-crops/3a33d13c-ff5b-46ba-94b4-0710e5185301/a78dd7b0-8ddc-4cd7-bc5a-241f8b427de6/7ba97fb6-e951-4c3b-93d8-3958918f513f/f8b05c59-f94b-4dd7-9796-23b3118e8670/crop.png,7840,4a9c193ac5b9b2582680fb69f02aa327e965cbe15154e0d518af0d350fec7c9a,cell_crops
cell_crops,96edfc19-84a7-4aa2-a1b6-f72ed9d3974e,relative_storage_key,cell-crops/39265da0-dd1a-4f17-89aa-1e661f9c473f/72553654-6802-48a4-964a-3fa748870a05/afee46ec-494f-4fe6-be85-353a4cfc0b56/25339ff6-2696-4445-9472-ca823005e0bc/crop.png,4209,383b8a38b7b62897574197b8ab7b02c88ce6dc24f9a8ca92bcb697e61244fcb6,cell_crops
cell_crops,9714a856-b532-4682-bd6d-d4a38f6df110,relative_storage_key,cell-crops/b0a5839c-3668-4411-b590-cc1d8fed470e/bf423fe1-2fc5-4662-9eda-ff1496c1bba9/c2a6cffd-18de-474e-ba04-2bf65b0f4f8c/1b09cf2c-6d87-48cb-b0cf-a56b6806e97d/crop.png,4913,8fd6cf0563bb5e499a6601d035c464f13a68a1d1cacd938427f6be56b71566d8,cell_crops
cell_crops,971d050b-680f-4031-a459-64eb8cf9baa2,relative_storage_key,cell-crops/54e278de-2381-4a05-8faa-42bf761f6688/50b0884e-ddde-4252-be9d-058151c986c4/f4400105-33b9-4bc0-860b-010b1cf3d386/ba1ad280-8f7a-48c4-9583-81d2521d178b/crop.png,1574,a82bf9cb65dceb250dfd3e8ee0e1c4dd2d0c3fb8816373bd23fd733a582f561b,cell_crops
cell_crops,9736abba-ff70-4c3f-83c1-0430bc6f80e0,relative_storage_key,cell-crops/5ad2e702-acee-4f0a-9a01-8a2ba6b24733/1abc6f5a-ce2e-4d43-a7b2-9323cf7efa1c/13514ba4-7c6f-40a0-a6d6-573684da9510/5e967335-f264-4979-9b3c-8970f4d3ce42/crop.png,5548,e326b72278b87c7a728a7abf280ceaa26d6ee6324a975be3c46a189ab83aa0fa,cell_crops
cell_crops,9737bc53-f105-44b5-903d-06101189f2e2,relative_storage_key,cell-crops/7fd7ef40-bc9c-40d1-9e62-62bf0850c6b3/f6e252a5-7924-4e5c-bc63-8b711db60ba0/8a0187a3-03f0-45bd-ac3c-6e47c7999f03/b1240c17-3c41-4114-a6f3-f64310b09fba/crop.png,10410,4cced3b798ed40f6c91d44bcfa5ac8ae90fb2a07d7bc62f1df78c657cb23cedb,cell_crops
cell_crops,97470ed6-834b-4954-98f3-f1ba13c3878f,relative_storage_key,cell-crops/bc8b8317-c17d-4b7a-b737-5e40120559e2/8c8e678b-a6c7-4b8c-b4c0-d34745f32fe3/25cb85d9-3b89-46ca-982a-f71517c971ee/12991254-932d-4b18-a615-e68e78f7903b/crop.png,3364,9b2254221e9f23ba05f050a5f6a7f0d866c6a87a21d3731b446f91e4cf7b45ee,cell_crops
cell_crops,974cdc04-b47f-40c7-84ac-713e1af10ca9,relative_storage_key,cell-crops/211b65b9-8b1b-4bc9-bf8e-2572a00a3ecd/85d8a71e-e9ed-4062-a036-52e42dd89720/83b0bdb6-4441-49e8-b6a7-4de634e8d548/fb2d42ca-302b-488c-958a-e2785b3c7be2/crop.png,2032,09957369e3c2cf674a3cfae8844db5c37890397e4cb6260d9eb86b3a7b0dcda3,cell_crops
cell_crops,9761187a-27fc-441b-9428-23ac032cbe59,relative_storage_key,cell-crops/8122e340-548f-40df-9dd4-ed43859605ff/ed18ce4e-6fb0-4f1f-b313-c9d76617210c/8cb2cae1-c3e1-487c-a274-4385f339dded/34bfc338-4b5b-4787-bce1-b3dac1318419/crop.png,5392,bdb6403d23bdfabc4338bbc7f9c0ebdb7aa736efa225eede9b66f92badfbcc03,cell_crops
cell_crops,97752b46-a11e-461c-8f8c-8dc5defad582,relative_storage_key,cell-crops/b0a5839c-3668-4411-b590-cc1d8fed470e/bf423fe1-2fc5-4662-9eda-ff1496c1bba9/c2a6cffd-18de-474e-ba04-2bf65b0f4f8c/d044882d-cee8-4b35-b356-4fadee94520e/crop.png,1446,bbfab166c6b84915582c8e14b79a61d47e121e479700db82732e66af0d72dbdd,cell_crops
cell_crops,979fdfae-1782-4e00-9b1c-b4007e396a93,relative_storage_key,cell-crops/59a98cc0-24f4-424a-b208-3fe06063fa47/98626a4c-b3fc-464a-a4fe-90bc886c7647/c0a49ec0-99e0-4b2b-a9e4-1e2ec28655a0/6e686d96-4e21-4428-90c0-1c7d118c8553/crop.png,2797,2985ea0abd96b5301e878eb8919f64c5ed7d07858d473124923ac54eb8073eb7,cell_crops
cell_crops,98269929-95cb-4e8f-92ee-5ca70c7e2c8a,relative_storage_key,cell-crops/ae68a99c-11f7-457a-88f8-3cef9a144958/618af6de-bfab-495e-8634-e484d620ee21/650c7580-8b2e-4bc4-88e8-bf03c5bb423d/b4ecec60-c7f6-4318-bec6-7612bc2554e3/crop.png,1509,06f00ecf9e4e6efc4ccde3b9491940529a898af0b08c9307a46d271fb654610d,cell_crops
cell_crops,9885eb5a-c48c-4376-88b5-95cca38e4e7a,relative_storage_key,cell-crops/52c4864d-1788-41db-a1d2-883ce7d83a58/490887fa-b3af-4136-85dc-8ae66e413acd/bf339bce-cffa-48e9-a044-4b9df2cc36b4/96e5e62b-106f-4054-8393-49ea956c6368/crop.png,2922,95dfb8385985f6db857fbf583704960a27eeecdf41e3297ef47bc97c8ca1c952,cell_crops
cell_crops,98cac46c-d2f5-43d1-a5da-4814215f84ef,relative_storage_key,cell-crops/c9a6b7af-881f-47da-980a-1a2c2b743a1c/03505d0f-434b-48ac-ae42-76750f4fbc1a/a0889d56-1430-4a7f-b67c-e21291ac9ed7/a22d0ba0-66ab-4314-b7e0-92779a6ab8b0/crop.png,1695,15277a99dcba1bf392d3da2b0a35f8c8f7974b052a199ae26337d011291958a6,cell_crops
cell_crops,98feec1b-2767-4f68-a9f3-3a41e9ef097c,relative_storage_key,cell-crops/54e278de-2381-4a05-8faa-42bf761f6688/50b0884e-ddde-4252-be9d-058151c986c4/f4400105-33b9-4bc0-860b-010b1cf3d386/78b2d0f8-92bd-47f0-8af7-4b248b7bec8d/crop.png,2756,94a6b1df43b77167c64639b67627eb23190c51b8dc0ddb92c50f95578268df6e,cell_crops
cell_crops,99042556-0afc-4685-bcd8-abcacce4e7b9,relative_storage_key,cell-crops/52c4864d-1788-41db-a1d2-883ce7d83a58/490887fa-b3af-4136-85dc-8ae66e413acd/bf339bce-cffa-48e9-a044-4b9df2cc36b4/92afc851-32d5-403a-ae88-57e95c49f2ec/crop.png,1211,95dde2da836cbbf8916aafcac49e61ab7ee8dd4753ccaeb2c93c95904226d0c8,cell_crops
cell_crops,99084003-6310-4fed-9f0f-4fa67ccaabb1,relative_storage_key,cell-crops/39265da0-dd1a-4f17-89aa-1e661f9c473f/72553654-6802-48a4-964a-3fa748870a05/afee46ec-494f-4fe6-be85-353a4cfc0b56/4d2095dd-aaec-4c6e-ab10-4b20dcd739a3/crop.png,10092,7875290f82c06f631339f8e5b4510beed81647971452612fd8b8b328ef196e21,cell_crops
cell_crops,99100c07-e8f7-401b-afcf-6876032da24b,relative_storage_key,cell-crops/1c49de91-f3ba-4794-8cbd-62bc966049c5/1007bc39-4bca-4a32-9069-5c8180b174db/cdcfc6c7-12a5-4405-8fb1-213826f88d05/104dbff6-6b69-4078-bd08-0f7dead8f83d/crop.png,5399,775efd80929d1ebc90eb66c203f0eb484c68956ad11927bfcfd9c01617cffe57,cell_crops
cell_crops,9911201b-9bd7-4f62-8f07-5052ea99d3ab,relative_storage_key,cell-crops/aac2f7a6-e279-42c1-8035-33134bfdf3eb/881590dc-6d13-4137-ba82-d28d2ed5199a/34070251-bc08-40a2-b33a-35ad175a7189/43c2915d-1925-45ba-91fe-3332e883a521/crop.png,6498,7ac9a50b0ae1c7265e6e6a61616cae8b9a7e25b7e4be3030c470b5eee025476a,cell_crops
cell_crops,99127c01-3d1d-42e4-8365-87926b08f28d,relative_storage_key,cell-crops/b0a5839c-3668-4411-b590-cc1d8fed470e/bf423fe1-2fc5-4662-9eda-ff1496c1bba9/c2a6cffd-18de-474e-ba04-2bf65b0f4f8c/f85ce6b9-e46f-4e85-8184-d42347cc41bf/crop.png,1211,95dde2da836cbbf8916aafcac49e61ab7ee8dd4753ccaeb2c93c95904226d0c8,cell_crops
cell_crops,9926fd04-2e78-4a6a-806c-16656b59d070,relative_storage_key,cell-crops/1c49c468-795c-45ed-98a4-e3670ddd5182/2f40a287-e0d5-4ab9-919e-a1ddfe57b9bd/2ac85463-e0b3-4c27-bb72-7ffdae1f53ab/cd806fc8-2720-4a0b-8bd5-e548ad024c84/crop.png,3991,83bf422abe3c94616a21296d85ae8198d1b2db209b07f4c8a19ccf019d9d6c52,cell_crops
cell_crops,99469811-1874-4f97-bf0d-fcd550f612b3,relative_storage_key,cell-crops/7ef7cff8-899e-428e-b89a-36803c0575b3/04bafb48-259f-4626-82fb-a3359ee3160b/00b8d663-89b1-4dfe-8f8f-9a01bca4688b/73f6ad8d-fa02-407f-9203-19735e86f0f1/crop.png,12517,6abc1b3e75a26ef3ba6c29a1b77494e28e39d3ff247d81a8fb868272f19401ba,cell_crops
cell_crops,99534bf3-2881-47b3-b5fe-0e086a5296b6,relative_storage_key,cell-crops/3a9a3ddd-a6fb-43b7-98e8-82fe65649b10/69a3938d-51bb-45d7-928d-1b35d46634bb/ea56489d-de29-4bcd-bf1e-16e83feedee6/4b3f2425-b024-4f98-8aa3-747153dd351d/crop.png,3116,5ed7f8eb3fbb74576280f8b174bba0dcc36c5122021e9fb1a2fc1d6cd33981e2,cell_crops
cell_crops,9974fc7d-f2f0-4adc-9a87-0820606ece2d,relative_storage_key,cell-crops/7eba770f-f337-4ed5-b174-fb4c18baaae5/0074b7b4-1a21-4123-9fb0-7a7e78c65792/6a4c1def-59d7-4111-8a64-9cfb8e00ba8f/916a92af-8fef-4a6a-8eda-2e7c61206a72/crop.png,5297,e0344a7dfe7fccaba571a0ba92151ddb6511958785e618e30e164435f8fcc07a,cell_crops
cell_crops,998f4f3c-d178-4371-b796-d8bd2e6f6917,relative_storage_key,cell-crops/8122e340-548f-40df-9dd4-ed43859605ff/ed18ce4e-6fb0-4f1f-b313-c9d76617210c/8cb2cae1-c3e1-487c-a274-4385f339dded/f4751684-a519-4221-ad30-a07b73449f1e/crop.png,5068,eb0bf6f3ba42d3196cf5fd78825a67c3613c587d9a31da747570304c1e7e5465,cell_crops
cell_crops,999b064e-faa1-4002-b11e-d0b11c052a8e,relative_storage_key,cell-crops/1c49c468-795c-45ed-98a4-e3670ddd5182/2f40a287-e0d5-4ab9-919e-a1ddfe57b9bd/2ac85463-e0b3-4c27-bb72-7ffdae1f53ab/bd60ec9c-d03e-4633-bf2a-8dadf0170c13/crop.png,10397,cd55a3aaedbc1f38756f3ac1c969089dd9142a704d593dcadfe5318e1aaeec58,cell_crops
cell_crops,99bbf3c1-7072-4434-96bd-08dab5340e38,relative_storage_key,cell-crops/c9a6b7af-881f-47da-980a-1a2c2b743a1c/03505d0f-434b-48ac-ae42-76750f4fbc1a/a0889d56-1430-4a7f-b67c-e21291ac9ed7/1d5ac0e8-898c-429a-8502-327bdc9c1715/crop.png,1617,d6b55eb872386294f53c201809719d977579e02b12af35853ae87b2922e47be6,cell_crops
cell_crops,99ea40e5-036d-46ee-9cae-7e9c7d57e980,relative_storage_key,cell-crops/383c9700-4823-4ef4-a3f6-c8bac0a28dd4/0d86637f-bf43-4c20-a000-30e6e09038ff/e4296ff7-9e31-4bd9-8593-2615946bcceb/557e9262-fdf9-437a-9be2-d74c49ca1ab5/crop.png,658,4065be89f32698e8ea7502ad0b4ad23a229796ad690644972fb1e89d467f39a0,cell_crops
cell_crops,99fff05a-9e6d-476b-8c0a-c1d7a10cefe3,relative_storage_key,cell-crops/7fd7ef40-bc9c-40d1-9e62-62bf0850c6b3/f6e252a5-7924-4e5c-bc63-8b711db60ba0/8a0187a3-03f0-45bd-ac3c-6e47c7999f03/b5e02da9-1227-4ae0-a4c3-9ed1977fa39e/crop.png,24021,0c84bdf703f57145be444ddd555f94fc12ca1b6577354a5f4f9975c950db3da1,cell_crops
cell_crops,9a14c2be-1ff6-4de4-98f7-677d47369555,relative_storage_key,cell-crops/8122e340-548f-40df-9dd4-ed43859605ff/ed18ce4e-6fb0-4f1f-b313-c9d76617210c/8cb2cae1-c3e1-487c-a274-4385f339dded/8335452a-a6d0-4fae-998b-248bb9e7900e/crop.png,1676,9ad7cdd310b9f37fb0d44f6c441cb622beddb600f26eea78682e4ea704b96162,cell_crops
cell_crops,9a20f715-eaea-4037-9410-9b717a48c57e,relative_storage_key,cell-crops/211b65b9-8b1b-4bc9-bf8e-2572a00a3ecd/85d8a71e-e9ed-4062-a036-52e42dd89720/83b0bdb6-4441-49e8-b6a7-4de634e8d548/7c9c50ea-f581-4da4-80c6-aac9e45407ec/crop.png,724,58e188dfdbaee26f034467f1b1dd03e25a7bf2f8daf0e2592eb8f4b85a3634bc,cell_crops
cell_crops,9a2c8dff-8b33-41ca-9ea3-4adc5c816bf6,relative_storage_key,cell-crops/59a98cc0-24f4-424a-b208-3fe06063fa47/98626a4c-b3fc-464a-a4fe-90bc886c7647/c0a49ec0-99e0-4b2b-a9e4-1e2ec28655a0/1db71c30-92b8-4cd6-b81e-24168f1b3a19/crop.png,5552,19caa8c3e5df2b32f0bb3ce21e0a8f921bbf4199b5e250e56ac251a478db58b2,cell_crops
cell_crops,9a311edd-c7ac-4939-894f-dee5b58d21dc,relative_storage_key,cell-crops/7eba770f-f337-4ed5-b174-fb4c18baaae5/0074b7b4-1a21-4123-9fb0-7a7e78c65792/6a4c1def-59d7-4111-8a64-9cfb8e00ba8f/a82b9b47-c47e-4b44-9acc-f4a560d6a106/crop.png,8949,8b05fd92597ceaf95eadd1635c648b66691e0b31e3f33f90ded3ea4a1307c532,cell_crops
cell_crops,9a436f25-f11e-43a1-9974-75792635fd0c,relative_storage_key,cell-crops/72906de0-83a0-4e98-940e-735fe5fb2363/c3c7a47a-b9d7-41c8-a8db-3269a23bca95/452e4d39-1e65-4a32-8a6a-e88382ac7aa6/34668fd4-0479-4515-b8a5-da3de98d8157/crop.png,5170,4710f5538ba47bdcea89641dc0399f9f64cf3af19d41e4e0569b450c040897ec,cell_crops
cell_crops,9a460722-fa77-41ef-b241-34878278ba0f,relative_storage_key,cell-crops/211b65b9-8b1b-4bc9-bf8e-2572a00a3ecd/85d8a71e-e9ed-4062-a036-52e42dd89720/83b0bdb6-4441-49e8-b6a7-4de634e8d548/57e7fbbe-144c-4d4a-a0d2-63eb2552c3db/crop.png,1213,1c53acab51ef74f5708d69f5ded13eb1885062a74b8641052f4a45c3069f70c3,cell_crops
cell_crops,9a603b37-6f65-42e3-9572-4f3b00d2a709,relative_storage_key,cell-crops/8b912699-0346-4eca-9a3f-992922f65702/c5ca90cc-e321-4501-82f3-a2e0ef0f51a7/51a1e5c5-fac7-4ab5-b6dd-bef48d583434/ae1c9209-42f9-4569-9436-b8c318ec022d/crop.png,1567,c72d641e4ed2f0264642c8d560d89b3e1d1a4bcc091ef6d308958d137cbe2abe,cell_crops
cell_crops,9a6a6da8-5d5e-466d-80cf-8f7c6bb85444,relative_storage_key,cell-crops/211b65b9-8b1b-4bc9-bf8e-2572a00a3ecd/85d8a71e-e9ed-4062-a036-52e42dd89720/83b0bdb6-4441-49e8-b6a7-4de634e8d548/00a248c0-5709-4cf0-b1f8-f143dac74069/crop.png,5426,d8cdd159a7b7a363e61ebb749cf3b88a209e3ebfc67449d9a51dfcb778965e4d,cell_crops
cell_crops,9a6efcb2-bfea-401f-af37-ad0c32023273,relative_storage_key,cell-crops/52c4864d-1788-41db-a1d2-883ce7d83a58/490887fa-b3af-4136-85dc-8ae66e413acd/bf339bce-cffa-48e9-a044-4b9df2cc36b4/24259a9c-e41a-4203-8787-f66fdbe3076d/crop.png,1446,b1a5a775eae4c22e4a36c9e93d67eaefb4abd14c9cde35be5f7b42dfe3ff4d1f,cell_crops
cell_crops,9ab0cd11-c086-4ceb-9296-6d2d82ea0cfe,relative_storage_key,cell-crops/25afdd28-85df-4a2a-9dab-2727ced6821b/f5668b77-a7c4-4ed2-aade-94bbf92900cf/08cd9b57-9a64-410c-8133-1dbdbf2e697c/021a9074-2d18-40f5-9ab6-c2867db0c3a8/crop.png,5179,922db0afb1bdc8b3a346ab1756d6c5a800bdf764983470f7ed608b10394d4361,cell_crops
cell_crops,9aeb8194-b480-429d-ba46-34826434a950,relative_storage_key,cell-crops/5ad2e702-acee-4f0a-9a01-8a2ba6b24733/1abc6f5a-ce2e-4d43-a7b2-9323cf7efa1c/13514ba4-7c6f-40a0-a6d6-573684da9510/9ec0d54b-a9b2-4138-bf62-6812b25c009f/crop.png,4041,cf831cbab261cee14f328a9b376509a4153121ab6527a0e92ecbb9af8256b17c,cell_crops
cell_crops,9b0badb2-24ac-4df8-b9b1-2e1ab73c748e,relative_storage_key,cell-crops/7fd7ef40-bc9c-40d1-9e62-62bf0850c6b3/f6e252a5-7924-4e5c-bc63-8b711db60ba0/8a0187a3-03f0-45bd-ac3c-6e47c7999f03/26aef0ad-bcb0-45b8-b84a-9f158dc69e1d/crop.png,7565,4b7fbf2d7271b165e552b79b1eabc53bfda71cef5a47143799c0124f17999ff8,cell_crops
cell_crops,9b0d1fb0-9a7f-4e7a-9657-1ef07f8dae2c,relative_storage_key,cell-crops/6dede06e-ae61-4920-bb2c-935cde2a5ff5/60bd296d-21d5-4d22-99bc-a023cb410f35/88dc4c92-8367-4c4d-a59b-da86d01b8d82/35dce9d1-e3d2-4f13-bea0-e087a2973311/crop.png,11788,5ee289799e70e53777efece00e27b99448fd1c31651fcbaec441a61bf2378012,cell_crops
cell_crops,9b14b498-fd3d-4d16-845a-2f965641e2b4,relative_storage_key,cell-crops/7eba770f-f337-4ed5-b174-fb4c18baaae5/0074b7b4-1a21-4123-9fb0-7a7e78c65792/6a4c1def-59d7-4111-8a64-9cfb8e00ba8f/9de2fca0-45a0-43ed-9bfd-02d0ecd10448/crop.png,4007,8833ca6bc703acb473b8d034b3a9df5c212fd5d28526de32d92a6890daffb1b9,cell_crops
cell_crops,9b1aecf4-4291-4f1b-a347-794b5f3938d6,relative_storage_key,cell-crops/1c49de91-f3ba-4794-8cbd-62bc966049c5/1007bc39-4bca-4a32-9069-5c8180b174db/cdcfc6c7-12a5-4405-8fb1-213826f88d05/de15fac5-f2c2-44d3-a703-21741e7fd144/crop.png,4449,8e7a69afb551a99a631635d893e7af3ab3bb2b279e822628245cab0cbc7a3da2,cell_crops
cell_crops,9b2f23df-3eee-4536-9be9-41fb2501291f,relative_storage_key,cell-crops/54e278de-2381-4a05-8faa-42bf761f6688/50b0884e-ddde-4252-be9d-058151c986c4/f4400105-33b9-4bc0-860b-010b1cf3d386/84e0f24d-7f31-44f6-9f11-7756078c5c2e/crop.png,7928,cd625e1e04556fbe8f92a07297d5993dd07c499b9b23b38b64d6474fbad53118,cell_crops
cell_crops,9b392b57-922a-4132-acf9-420c956c734d,relative_storage_key,cell-crops/fce4a23b-7725-4c69-960b-5c9cd9b68f50/c6ecf996-e832-44ad-89bf-2ca55d1d46d5/5ecbdf28-e01c-4b51-ae7b-f9d88c6b9aa5/5526427c-c095-437f-b3a4-2d2fb3bb889e/crop.png,2498,99abafda2070ae64c43c419f9a0dcbdd133a31b78888f1ade0cb99b47db1a8a0,cell_crops
cell_crops,9b6c16af-d35b-49fd-a9cd-6a00bf349729,relative_storage_key,cell-crops/5f35abbf-10da-4c5e-b4d7-0b2e59de51f2/99ac88d3-5c9f-4fc3-8d6a-abadae1ee80c/b0ad2c3c-3de1-4628-bf32-d60536a0da80/77c45097-7c11-4571-a9b4-120a21da0365/crop.png,3796,7ad80eadeb9bd363649dd468ddb1fda9ab927c4c53d0a1bbca9662ab844ae189,cell_crops
cell_crops,9b7aab28-9bf6-4397-9a62-a7858178bd6d,relative_storage_key,cell-crops/07c71166-93b3-415e-b764-6ca7344238f6/151ee7ee-b609-4e6b-985c-04af59a85470/9c45439d-fd87-46c3-944a-439ab92cbf89/35111e80-c222-40d2-a479-d6cfd876ecd6/crop.png,1632,929a9a1fb755c9525fb8589d5f86c6e47e7ad3e467b861398b7b3a16f748a697,cell_crops
cell_crops,9ba4e18d-53db-4cfc-8ec7-51da19867b0d,relative_storage_key,cell-crops/4e1ca921-c5c6-4d89-b035-2d7dd99040d5/b9f975b3-7cd8-4b9a-a2cc-1bd9a76d924c/dc6df3c3-f03e-4261-bd4c-a2df5e0f0d88/f29422e3-59ed-4451-84d3-cf696dbcca93/crop.png,1788,83a0f1160da8c9466b738a9cdf3040ebcd50288ba3e8c603c269409c64a3af15,cell_crops
cell_crops,9bd26077-d2fc-4390-8da6-a8e46c9cb414,relative_storage_key,cell-crops/7a11c0f4-a9d7-4446-a5f2-437ffc334a6c/0ff18f89-6fbd-4755-8e89-15227de46f41/3dca4192-f767-48f3-a7e8-59e22d9db3f9/86bb9ae6-a546-4335-8645-eb9f709b46bd/crop.png,3973,8b6989146ecd153ce20c9eed93c81e256132122e959d69fbd3779e9815103f43,cell_crops
cell_crops,9bdcda5f-8385-410a-9156-b16f28562902,relative_storage_key,cell-crops/7be00fe5-41da-48c5-b2c2-9618f0a7c517/3ebcfc6b-b6e3-40b6-939c-33977196460c/8fa36d4d-c412-435a-a109-923281f0f43d/a1776b64-ef44-406d-807b-aab3b8faffbe/crop.png,4132,bbbac4bce11f0266bbc545609bead976c99ead3e43b478208217d86f16e69947,cell_crops
cell_crops,9be1dcc7-998e-474a-afd5-a25ff2ee4d56,relative_storage_key,cell-crops/7ef7cff8-899e-428e-b89a-36803c0575b3/04bafb48-259f-4626-82fb-a3359ee3160b/849d1772-b3d7-402e-82b3-2942cd77a889/92239fc0-53b3-4213-aa6a-bbc47e57e4db/crop.png,1752,2bcbcdd7f570d8d2bd39fcbb73f5b4b60f0194a7d34602189f5019400e1bbb4c,cell_crops
cell_crops,9c1f0a08-cf60-4721-b7e1-b8b58b6ade41,relative_storage_key,cell-crops/25afdd28-85df-4a2a-9dab-2727ced6821b/f5668b77-a7c4-4ed2-aade-94bbf92900cf/08cd9b57-9a64-410c-8133-1dbdbf2e697c/3ffc4a23-61f1-4183-8b2b-d5f169c38404/crop.png,858,5ed2942faf155d24f2d36fe3b7bda6b87cb9f7b67103039e90109ec41c33c5db,cell_crops
cell_crops,9c3db0eb-1dbc-4995-a6a0-2ba47e927673,relative_storage_key,cell-crops/07c71166-93b3-415e-b764-6ca7344238f6/151ee7ee-b609-4e6b-985c-04af59a85470/9c45439d-fd87-46c3-944a-439ab92cbf89/4efa5d41-a9b7-432a-8bf6-bf989f1e660c/crop.png,6795,8551a90daf4621922052371e30d5968757160a188e30662d3386088647077433,cell_crops
cell_crops,9c713bfc-1b1d-4ace-89d0-f80981b59f42,relative_storage_key,cell-crops/52c4864d-1788-41db-a1d2-883ce7d83a58/490887fa-b3af-4136-85dc-8ae66e413acd/bf339bce-cffa-48e9-a044-4b9df2cc36b4/5f8449ae-9def-4e96-9486-909ae21c6dfb/crop.png,5059,2b21484896197810de9053e2931e330abbfe73f3f11da56917bd114022bdaca3,cell_crops
cell_crops,9c73d297-f0fd-4a9c-af67-23da3a6d6c2e,relative_storage_key,cell-crops/6dede06e-ae61-4920-bb2c-935cde2a5ff5/60bd296d-21d5-4d22-99bc-a023cb410f35/88dc4c92-8367-4c4d-a59b-da86d01b8d82/fbd7a817-f110-4e35-ab5e-6c41495af5f2/crop.png,2684,e7f967d61858247593b406b179278208f907e4bf5dc733f765ff0b92ab25a35e,cell_crops
cell_crops,9c8068d4-23f5-44e7-b2e1-e6572724a152,relative_storage_key,cell-crops/c6209893-144a-447d-a436-fe89fc140cee/f088ac8e-c214-474d-837d-53532f4ef947/43249c8b-9008-49c9-8246-2b24989143a2/9e763721-af8f-48e3-8214-c774586cff94/crop.png,4158,6c25238af4ecea44a81fd0fd2f6bf96f1bd3d42f7a4cf808d7917e33157488ae,cell_crops
cell_crops,9cbcfbab-0ceb-4aa9-97b1-af2cea46c8e6,relative_storage_key,cell-crops/e11b10f7-d1c3-4d6a-9e69-a4b6bc1abc46/1db1a505-3eaf-456d-b123-7b9f8ee77762/339d62a6-0363-472b-b2e3-4a7befd2c42f/147e64f9-21c8-4653-bf4e-9f086d437f6f/crop.png,6166,d4841f7d2c099b2b90f6e0d05b7e90854497e95975607d59542084dfa1e63555,cell_crops
cell_crops,9cbfd76b-b6d4-4e4b-ae36-2ae2381e8de2,relative_storage_key,cell-crops/07c71166-93b3-415e-b764-6ca7344238f6/151ee7ee-b609-4e6b-985c-04af59a85470/9c45439d-fd87-46c3-944a-439ab92cbf89/af41b7a2-1d3e-4975-b255-cf9db32ce013/crop.png,3414,fa0b6f721d0aeb3c4c4363740b311b55d5c073d4e15b7929d77b1ac8f0fcc3b2,cell_crops
cell_crops,9cc2c322-8791-4a8c-ae86-3094bafedfaa,relative_storage_key,cell-crops/07c71166-93b3-415e-b764-6ca7344238f6/151ee7ee-b609-4e6b-985c-04af59a85470/9c45439d-fd87-46c3-944a-439ab92cbf89/5b60eb3c-800f-4693-8cdf-adda1fbc7599/crop.png,5604,e9ad256e47a14f5ab05ff034eefef1f1f255dbef45dbc70bd9c0de271ab65437,cell_crops
cell_crops,9cca4ba5-b675-482e-9907-a802b9f385fa,relative_storage_key,cell-crops/5ad2e702-acee-4f0a-9a01-8a2ba6b24733/1abc6f5a-ce2e-4d43-a7b2-9323cf7efa1c/13514ba4-7c6f-40a0-a6d6-573684da9510/5a9b2e57-7543-4e2a-86a6-ecab567c0ce3/crop.png,9042,5d987a4082326cf98e42e5b71c485947f6b24c143eff0bf764fd9f6625a54b3f,cell_crops
cell_crops,9cd2b8e1-babd-4ba7-8b03-e4564e85b4f9,relative_storage_key,cell-crops/c9a6b7af-881f-47da-980a-1a2c2b743a1c/03505d0f-434b-48ac-ae42-76750f4fbc1a/a0889d56-1430-4a7f-b67c-e21291ac9ed7/8d9c6d45-58c1-436c-874f-721ba12ea3f2/crop.png,6219,2ab5dc89e7abf2f968855538a65dc4c1bd7679a1b84c1d1e9f6ce1241c445298,cell_crops
cell_crops,9ce69d5f-77fb-4bc6-b967-eac4163fac14,relative_storage_key,cell-crops/7eba770f-f337-4ed5-b174-fb4c18baaae5/0074b7b4-1a21-4123-9fb0-7a7e78c65792/6a4c1def-59d7-4111-8a64-9cfb8e00ba8f/2a1bc990-6f01-4988-977e-e4846babc194/crop.png,10933,3ec4b193a31e9d04fb2bd73883a4a0261184a76990c6c6dda6fe743216489b54,cell_crops
cell_crops,9cea1f5e-ea04-4370-9c96-3d5c6a1c79bb,relative_storage_key,cell-crops/121a69bf-ba23-4014-892b-158b9c2b71a4/aa1323a6-7f80-4e1e-819a-ec182f045f3d/97fb12a0-df7f-455f-8e13-e0383ad3934d/17bd8bc8-1271-46a7-9f34-39a098324176/crop.png,1371,19df4c322c04b160597d8fe287d5136f4a19c0e953d5d6ce7eb68f42dac817b0,cell_crops
cell_crops,9d32e66d-3079-4df7-88e5-3b2c33c04a0a,relative_storage_key,cell-crops/e11b10f7-d1c3-4d6a-9e69-a4b6bc1abc46/1db1a505-3eaf-456d-b123-7b9f8ee77762/339d62a6-0363-472b-b2e3-4a7befd2c42f/9f1ee331-8423-4dcb-900c-14bdc89835cb/crop.png,4165,4239752dca16832b02ac4062d0ca494ab33fc4a9895774475461dae929cb672f,cell_crops
cell_crops,9d3335e0-d94e-4700-aede-a3afdc4f91d6,relative_storage_key,cell-crops/121a69bf-ba23-4014-892b-158b9c2b71a4/aa1323a6-7f80-4e1e-819a-ec182f045f3d/97fb12a0-df7f-455f-8e13-e0383ad3934d/d7d7d6b6-7129-4e49-a374-bd7dadabfa04/crop.png,5969,4107bb6656d85b7b278d68b225fe30bce217818a99c0a8c662688c688db6929c,cell_crops
cell_crops,9d3f4594-67b2-4262-ac66-122748a41f62,relative_storage_key,cell-crops/1c49de91-f3ba-4794-8cbd-62bc966049c5/1007bc39-4bca-4a32-9069-5c8180b174db/cdcfc6c7-12a5-4405-8fb1-213826f88d05/1dd50dc9-90c9-48d9-947c-0f0b28a2966a/crop.png,4986,e971e9c13e06f9e4ae68f78f3c50ed70f79eb99ac86396de6c6adcf3e39a21e1,cell_crops
cell_crops,9d3f97c5-2530-48cd-915f-8974796f98b7,relative_storage_key,cell-crops/214fd936-3c74-4042-937a-3131ff495bdd/5e7bbe13-3cf2-4c2d-9022-31d242f15fb1/c6a30725-877a-4570-819a-de52a6bcb57d/1a12df57-287c-446e-929f-3d05c98f0a1d/crop.png,6503,7d78760b02b21a808ee8ad23093454b3b0538be2755f5c8e7e31dba8e702e3f5,cell_crops
cell_crops,9d58eccf-b170-4ffc-839e-1f00717cb7b3,relative_storage_key,cell-crops/c6209893-144a-447d-a436-fe89fc140cee/f088ac8e-c214-474d-837d-53532f4ef947/43249c8b-9008-49c9-8246-2b24989143a2/8dc104bb-b2d9-479b-82d3-f1b91ff24d76/crop.png,8432,2643b86654aba7de72ad0ccd3476f4dc9b2a98cf6cf5573aa64a37f60caecfa6,cell_crops
cell_crops,9d7c87a7-5402-4712-ac01-0a0ccdfbbb9e,relative_storage_key,cell-crops/e11b10f7-d1c3-4d6a-9e69-a4b6bc1abc46/1db1a505-3eaf-456d-b123-7b9f8ee77762/339d62a6-0363-472b-b2e3-4a7befd2c42f/a64ce316-cd29-4dbe-b5a5-ed9f7978a9e9/crop.png,1459,39449bd9bcf82bafe775de5c5e3f6c97491546f994631e6069234d1881ef8a87,cell_crops
cell_crops,9d8b20c3-4a17-43b4-be50-e4b905d00878,relative_storage_key,cell-crops/d28e9146-5ad9-4df7-8af4-1b8901780c2b/f196b05e-1e21-41c5-8292-1c802004009a/6948fa72-3ff5-45bb-beb5-8ae3bba8b6d6/bc16ad80-e1fe-4e20-9ab3-166f69735d2f/crop.png,802,1e81d9b49b1c58f63372d569ffba4c34b478b72b85a83b51be2f8bcfc244911f,cell_crops
cell_crops,9d9e6d16-14b6-46ee-bdb1-979ce7541681,relative_storage_key,cell-crops/6dede06e-ae61-4920-bb2c-935cde2a5ff5/60bd296d-21d5-4d22-99bc-a023cb410f35/88dc4c92-8367-4c4d-a59b-da86d01b8d82/f715886c-76ff-467d-a2f4-000fc6e4eba6/crop.png,3266,593c58c67ee67fb4417ddfbf8b4c2547f0f770eb65cbb57e815bd99d189e1ef6,cell_crops
cell_crops,9da12f24-72c4-4c4b-9b03-703a50000b96,relative_storage_key,cell-crops/e11b10f7-d1c3-4d6a-9e69-a4b6bc1abc46/1db1a505-3eaf-456d-b123-7b9f8ee77762/339d62a6-0363-472b-b2e3-4a7befd2c42f/a849fc41-9d70-470c-b6aa-2c86502f3b9d/crop.png,1644,80f6007426dfa51a666b2fdba4c8fe78f0663028934dc17f06a50908ec295e45,cell_crops
cell_crops,9de9b8a1-98cd-4d5e-80b1-9bc1a6f1c9e9,relative_storage_key,cell-crops/52c4864d-1788-41db-a1d2-883ce7d83a58/490887fa-b3af-4136-85dc-8ae66e413acd/bf339bce-cffa-48e9-a044-4b9df2cc36b4/8c3f8bc0-f216-49a9-bb36-924b29428c93/crop.png,3316,c0b432d7e252778285012bfb6bd7966fb51e055d3479ca5bc9c4d1fac9874ca1,cell_crops
cell_crops,9deaed7c-074d-4f39-a644-3d3bb4349a0f,relative_storage_key,cell-crops/07c71166-93b3-415e-b764-6ca7344238f6/151ee7ee-b609-4e6b-985c-04af59a85470/9c45439d-fd87-46c3-944a-439ab92cbf89/4c7cb7bb-291e-4239-bf4e-b3e4e4e9bd74/crop.png,1474,3516d103a8a7c6a565167941f40b51ee49368799d5046e20ebf7404249f1d2e6,cell_crops
cell_crops,9dec8bd7-0069-42ea-b57f-505b20414f0c,relative_storage_key,cell-crops/bc8b8317-c17d-4b7a-b737-5e40120559e2/8c8e678b-a6c7-4b8c-b4c0-d34745f32fe3/25cb85d9-3b89-46ca-982a-f71517c971ee/4c813292-afa6-4cdb-9790-49ff55df7ac8/crop.png,2813,e4f7bec03b9f9174c13d46a0cd5def81f6441168ac533faa5464b22f333f4d58,cell_crops
cell_crops,9e3e8815-b76f-4acd-9c55-1b511dac8fd3,relative_storage_key,cell-crops/3a33d13c-ff5b-46ba-94b4-0710e5185301/a78dd7b0-8ddc-4cd7-bc5a-241f8b427de6/7ba97fb6-e951-4c3b-93d8-3958918f513f/3f30706a-001a-446f-b5a5-e380babf3a4d/crop.png,10092,7875290f82c06f631339f8e5b4510beed81647971452612fd8b8b328ef196e21,cell_crops
cell_crops,9e4d8863-959a-4f45-9a31-0c7e0b760ba9,relative_storage_key,cell-crops/93807208-985b-4d70-bb43-c7843db4141d/f4a29ede-288f-42ba-abf0-32395606ffc4/8d3b080d-2f56-4175-b76a-dc309555e9de/cd298d4b-47e8-4cdc-a20b-f96c65be287e/crop.png,5828,c69d2991aa8238ab1f323e36a03e7fb8178775e6e68793affde01061d1e11b55,cell_crops
cell_crops,9e4fe011-8b38-491c-bfa3-dffdb2636847,relative_storage_key,cell-crops/52c4864d-1788-41db-a1d2-883ce7d83a58/490887fa-b3af-4136-85dc-8ae66e413acd/bf339bce-cffa-48e9-a044-4b9df2cc36b4/16166685-cdce-481c-93b3-cd0ed5bab030/crop.png,1154,743c4e7f157ae24f7bc4d5b22fcdd91194774552b24aabc3c1a327d10c978ca3,cell_crops
cell_crops,9e86b45e-8355-4975-b3ea-5cad2a6c371a,relative_storage_key,cell-crops/7a11c0f4-a9d7-4446-a5f2-437ffc334a6c/0ff18f89-6fbd-4755-8e89-15227de46f41/3dca4192-f767-48f3-a7e8-59e22d9db3f9/a703bb96-7a9a-4ed0-976b-ef659b0e3f2c/crop.png,10598,28018149a2b6e54299b9bb8c82a55f6c76f97810973758a23074028aa804c44d,cell_crops
cell_crops,9eb9de2c-8836-4655-a515-82b6a95da706,relative_storage_key,cell-crops/07c71166-93b3-415e-b764-6ca7344238f6/151ee7ee-b609-4e6b-985c-04af59a85470/9c45439d-fd87-46c3-944a-439ab92cbf89/51fc5ea9-5b0c-496a-ab17-5059511721bd/crop.png,4522,8627a8d0586727d297537faf472c3fd1b2b12fbb71457ae0a4099915ad683d1a,cell_crops
cell_crops,9eba7510-7d26-4a5b-ae06-a814ac713c3c,relative_storage_key,cell-crops/72906de0-83a0-4e98-940e-735fe5fb2363/c3c7a47a-b9d7-41c8-a8db-3269a23bca95/452e4d39-1e65-4a32-8a6a-e88382ac7aa6/32d20755-ca14-44e3-b11b-754583d29c18/crop.png,3554,d08396173698d1117374a3671903ef1c191d279f4ffbae3d9d94b56ba054cf55,cell_crops
cell_crops,9ec7775b-6f82-4ddb-88c8-5a3a25f9a571,relative_storage_key,cell-crops/25afdd28-85df-4a2a-9dab-2727ced6821b/f5668b77-a7c4-4ed2-aade-94bbf92900cf/08cd9b57-9a64-410c-8133-1dbdbf2e697c/7f0502c2-0b94-4085-919a-34467bf150ed/crop.png,1522,10069d056e563fbf41dc0c9caea2842e47871edeb25c844ec16a725b15587a9a,cell_crops
cell_crops,9f157ce0-d939-4a62-86a0-34bf9deedf4e,relative_storage_key,cell-crops/8122e340-548f-40df-9dd4-ed43859605ff/ed18ce4e-6fb0-4f1f-b313-c9d76617210c/8cb2cae1-c3e1-487c-a274-4385f339dded/8fe2c3e9-da5b-4dc9-b77e-80f1525572c1/crop.png,5923,809cc8fc88c0fd8eb53e469ddc0acc393054597e7c840a523aac6c7d6196fca0,cell_crops
cell_crops,9f194c99-e9fe-4754-8c57-4e7dd616fee5,relative_storage_key,cell-crops/7a11c0f4-a9d7-4446-a5f2-437ffc334a6c/0ff18f89-6fbd-4755-8e89-15227de46f41/3dca4192-f767-48f3-a7e8-59e22d9db3f9/eef9f485-a300-422b-90a3-b44075fe4b0d/crop.png,4035,3e3f5a5dc2d47e16e0332b12b295a09ce326977636570f7afec804ca4d2e270c,cell_crops
cell_crops,9f50c9d6-408a-40a9-8730-829398168420,relative_storage_key,cell-crops/52c4864d-1788-41db-a1d2-883ce7d83a58/490887fa-b3af-4136-85dc-8ae66e413acd/bf339bce-cffa-48e9-a044-4b9df2cc36b4/ee612189-a967-43a3-8c05-1578451d8928/crop.png,1337,1f1c82a743fc6cdc92e09c6eae0bc1a33ee6906840675f645838ce9e80555b78,cell_crops
cell_crops,9f591dc8-1db4-491f-b9ba-d7127ce4b621,relative_storage_key,cell-crops/3a9a3ddd-a6fb-43b7-98e8-82fe65649b10/69a3938d-51bb-45d7-928d-1b35d46634bb/ea56489d-de29-4bcd-bf1e-16e83feedee6/79c3ae05-c2a7-404a-adb9-8ff3488aff96/crop.png,10098,5a6077deb3a322555e5d97c7762698c213d2c206ca98595623e792621ecc16e6,cell_crops
cell_crops,9f77471c-f366-42a4-ab84-3826b65f64e4,relative_storage_key,cell-crops/211b65b9-8b1b-4bc9-bf8e-2572a00a3ecd/85d8a71e-e9ed-4062-a036-52e42dd89720/83b0bdb6-4441-49e8-b6a7-4de634e8d548/195113a3-3834-4cc4-bb56-53141c40d3e6/crop.png,2682,3cb6cd934837670668ffab8f7d57cff4427966aab0ca424867c440e884aaa120,cell_crops
cell_crops,9f8819f2-0608-49b4-ac2d-d9088017432a,relative_storage_key,cell-crops/383c9700-4823-4ef4-a3f6-c8bac0a28dd4/0d86637f-bf43-4c20-a000-30e6e09038ff/e4296ff7-9e31-4bd9-8593-2615946bcceb/9661fd4b-ff39-4088-b667-4a2a07214144/crop.png,929,dbace6e540ec7a9319e76c69a25172d7d6bb5bd6ce8c8b47927a1fe82393f910,cell_crops
cell_crops,9ff85775-4a29-46ca-807d-bc6df19b7cb6,relative_storage_key,cell-crops/5ad2e702-acee-4f0a-9a01-8a2ba6b24733/1abc6f5a-ce2e-4d43-a7b2-9323cf7efa1c/13514ba4-7c6f-40a0-a6d6-573684da9510/3688496b-a5c4-48d2-88a3-cb0e4f463b68/crop.png,4320,d67e4f30296df5b7ccb98c0c4bee0d2076f29d0c96dab4c96d4dd19a8c8ba27f,cell_crops
cell_crops,a0070039-0325-471a-87c7-a25be541d39d,relative_storage_key,cell-crops/c9a6b7af-881f-47da-980a-1a2c2b743a1c/03505d0f-434b-48ac-ae42-76750f4fbc1a/a0889d56-1430-4a7f-b67c-e21291ac9ed7/c030e30b-bbf4-4278-ab17-57f9e37441ca/crop.png,871,5feb7de722ebbc2e1fcf060e9267cbcbcdacfcc727acdd2b561de0d119ac4904,cell_crops
cell_crops,a0365ff9-34ee-4820-86e2-1b5c9af45696,relative_storage_key,cell-crops/52c4864d-1788-41db-a1d2-883ce7d83a58/490887fa-b3af-4136-85dc-8ae66e413acd/bf339bce-cffa-48e9-a044-4b9df2cc36b4/41cf9161-c520-4c39-ad0f-4c22cf75c8c8/crop.png,2382,237c9bb18dd80047db31d6d85e53a1cfcf4070b2facf8d0c625b0efdc9b63298,cell_crops
cell_crops,a0504fa5-673b-4de3-9585-35d2c7510554,relative_storage_key,cell-crops/6dede06e-ae61-4920-bb2c-935cde2a5ff5/60bd296d-21d5-4d22-99bc-a023cb410f35/88dc4c92-8367-4c4d-a59b-da86d01b8d82/7c531ac0-3192-4557-bbe3-b8db16407e4c/crop.png,4160,2a330b115bbf201974a01936237670b914c5e6b589f95b750e9b6b68913d037d,cell_crops
cell_crops,a079ddb2-3973-4aca-b1ec-fb40f6038dc4,relative_storage_key,cell-crops/cd096d9e-0d01-4e4f-acd5-65e1548c215b/de773a50-b182-4ed9-9bdc-3f6f65bf242d/8eae56e5-dc27-4e8b-86ce-b22204a68814/7e87e497-d0ee-4e1f-b272-eb666e8f6bdb/crop.png,741,c37a156ab72ddaadde1cee4ec8d0bb622a20e831ebbfa5609fe8f72c81f82e95,cell_crops
cell_crops,a0863a6d-3a76-4b84-af4d-5f36951f23d4,relative_storage_key,cell-crops/e109f86a-afaf-4c6b-8831-0fd7fc4fa7b2/2b113263-4ee7-4c87-a4d5-c689a43626bb/5b7cb03b-f0e6-42de-9aba-d4fb3757ad09/aa4df68c-0763-4aae-882c-1a1094f775f6/crop.png,6437,b3ad00c19433c7f7b70761520ebfbe2a75a3619e090628f50522ffef7bca9ef0,cell_crops
cell_crops,a08e8402-3125-4e1c-9dc9-8f38902f7af7,relative_storage_key,cell-crops/ae68a99c-11f7-457a-88f8-3cef9a144958/618af6de-bfab-495e-8634-e484d620ee21/650c7580-8b2e-4bc4-88e8-bf03c5bb423d/59eb6cdf-2dec-413a-8c8e-d4451051e2a2/crop.png,16093,2ef9de13527812c2555ffa06f5176b5c4da552930b7b4be1b9696ec0a00df030,cell_crops
cell_crops,a0926968-1830-4072-a8f3-31328d207344,relative_storage_key,cell-crops/4e1ca921-c5c6-4d89-b035-2d7dd99040d5/b9f975b3-7cd8-4b9a-a2cc-1bd9a76d924c/dc6df3c3-f03e-4261-bd4c-a2df5e0f0d88/c1e2f7bd-e9fd-4517-9132-5bd24bdb324b/crop.png,6543,0443e2da477ee148b43367448f0efbff31ed83b63b8fbaeacf971fbee8c8ef54,cell_crops
cell_crops,a0d25cfd-3f46-410d-9ee8-5c713b819439,relative_storage_key,cell-crops/4e1ca921-c5c6-4d89-b035-2d7dd99040d5/b9f975b3-7cd8-4b9a-a2cc-1bd9a76d924c/dc6df3c3-f03e-4261-bd4c-a2df5e0f0d88/99fe4a81-9afe-4a7b-993d-b57200e9f7e3/crop.png,3091,3d80ef22f5041f162d9af281dabdead4e6a8ce86f4873d864279ac3ebf81b70d,cell_crops
cell_crops,a142acef-8bf0-434e-9e29-583e5f45c948,relative_storage_key,cell-crops/214fd936-3c74-4042-937a-3131ff495bdd/5e7bbe13-3cf2-4c2d-9022-31d242f15fb1/c6a30725-877a-4570-819a-de52a6bcb57d/89f205cf-3e49-4472-ac58-27d71a1e48fd/crop.png,8691,b4bec4dcd7ea2a1ea869ddcdec59c3c101f58793e0e1040a2213ba09346e5a6c,cell_crops
cell_crops,a166ddd8-7a00-449b-a6f7-8dc576972d8f,relative_storage_key,cell-crops/bc8b8317-c17d-4b7a-b737-5e40120559e2/8c8e678b-a6c7-4b8c-b4c0-d34745f32fe3/25cb85d9-3b89-46ca-982a-f71517c971ee/9751b2a0-16c9-4222-a996-cd9787c98675/crop.png,1567,c72d641e4ed2f0264642c8d560d89b3e1d1a4bcc091ef6d308958d137cbe2abe,cell_crops
cell_crops,a17c1866-4563-43b7-b945-bdc03ee4064b,relative_storage_key,cell-crops/52c4864d-1788-41db-a1d2-883ce7d83a58/490887fa-b3af-4136-85dc-8ae66e413acd/bf339bce-cffa-48e9-a044-4b9df2cc36b4/0502f779-670f-4408-ac81-27e9564cce02/crop.png,3022,2c56fa2c4f03099c3466e87ddd3ec16a62443219f057edd3cbdc9008dc867a49,cell_crops
cell_crops,a1999d12-35e9-4dcc-bbcf-1d991f499840,relative_storage_key,cell-crops/54e278de-2381-4a05-8faa-42bf761f6688/50b0884e-ddde-4252-be9d-058151c986c4/f4400105-33b9-4bc0-860b-010b1cf3d386/95936d2d-470a-45db-8d7c-b73d11e9a891/crop.png,2648,8fff752235ad528ab7583024c447b5ff8bc05aeeb372872eedcbf9f48c2088de,cell_crops
cell_crops,a1c65e95-aca4-414a-b66d-8803c7983005,relative_storage_key,cell-crops/7a11c0f4-a9d7-4446-a5f2-437ffc334a6c/0ff18f89-6fbd-4755-8e89-15227de46f41/3dca4192-f767-48f3-a7e8-59e22d9db3f9/0fd5db91-3b6d-4486-be32-047c85449877/crop.png,8414,9267c90f4515595392f69a719357166a4c7760333b1bd7b89c19ad184bc61975,cell_crops
cell_crops,a1d1fdf2-a864-4f71-9fee-47a182deb12b,relative_storage_key,cell-crops/211b65b9-8b1b-4bc9-bf8e-2572a00a3ecd/85d8a71e-e9ed-4062-a036-52e42dd89720/83b0bdb6-4441-49e8-b6a7-4de634e8d548/5d3bb05b-86a9-414e-abef-a1ebe3434d58/crop.png,7941,cff3e07f8e99eaf91f908c7a168472ac3e20e1b7c31bbd005bc2ea53eb7f1ba1,cell_crops
cell_crops,a1f1ede9-fa46-4912-9506-bccc65f0e419,relative_storage_key,cell-crops/c9a6b7af-881f-47da-980a-1a2c2b743a1c/03505d0f-434b-48ac-ae42-76750f4fbc1a/a0889d56-1430-4a7f-b67c-e21291ac9ed7/ec7e8bd9-d576-464f-947a-ca01a0a2352d/crop.png,4290,af54d95a80e72d98c28da7bdd8c1e94216eba80bb9225ab2cb7051d703bac892,cell_crops
cell_crops,a21cfd93-b9fb-4fc2-abf2-ed536a176d7c,relative_storage_key,cell-crops/54e278de-2381-4a05-8faa-42bf761f6688/50b0884e-ddde-4252-be9d-058151c986c4/f4400105-33b9-4bc0-860b-010b1cf3d386/5c2460cb-ef04-4880-8f11-271d9c510c86/crop.png,1613,1577f91c4672e9a4a847ed86afce60e7e469876a15e921e520d5648621379c24,cell_crops
cell_crops,a257e2e8-5f0a-4415-aaf8-99beaf952c15,relative_storage_key,cell-crops/3a9a3ddd-a6fb-43b7-98e8-82fe65649b10/69a3938d-51bb-45d7-928d-1b35d46634bb/ea56489d-de29-4bcd-bf1e-16e83feedee6/a81b84dc-de5f-42f3-a8c2-cf213fac0a0b/crop.png,5077,1259f0c7ffe4adcf90d37d7786ebabcc92146f35a68453ff60c08b87e8c33d4e,cell_crops
cell_crops,a276fa14-49fd-4185-9b38-fa997f1073e7,relative_storage_key,cell-crops/4383bcb6-1595-4b3c-9c6f-ced12863a762/f6d15c09-591e-4808-aff5-02f7c8c4d239/25a1a8fb-90d3-4cfb-b43b-20ee3b4b7788/3af19554-9a21-40dd-979e-6ce1c5e210fa/crop.png,4927,5c1ae40afaa24ebb3bac82534e94f0551c42e5fd08f7f319bfc83d7b67eb39a8,cell_crops
cell_crops,a27ad00f-1c58-4585-887f-133bc278590f,relative_storage_key,cell-crops/4e1ca921-c5c6-4d89-b035-2d7dd99040d5/b9f975b3-7cd8-4b9a-a2cc-1bd9a76d924c/dc6df3c3-f03e-4261-bd4c-a2df5e0f0d88/780b5bc2-ad0c-46b2-b2eb-1bb40eb15d4d/crop.png,1792,f4685f484591daf7a6761f53194c14251c6f5736f893a8d2d4277a8e0ec3438b,cell_crops
cell_crops,a2a07233-7191-4545-b5c8-8f88adb1d46a,relative_storage_key,cell-crops/5d9ca4e3-60b1-4a9f-aba0-8a5edd13510a/3f2dc1d9-eb62-44b3-a325-2d8db65a585c/0c7ee510-e240-4b6f-b8bc-352c4dd9aa20/8e26c76b-7a5a-47dc-8057-15fe39227268/crop.png,3976,d1204586405e33a7342f4430adaeb47d2a9725638b13e1ff9ef138875175cde9,cell_crops
cell_crops,a2a9daa8-5c46-4bc4-8d00-4792021ce601,relative_storage_key,cell-crops/c9a6b7af-881f-47da-980a-1a2c2b743a1c/03505d0f-434b-48ac-ae42-76750f4fbc1a/a0889d56-1430-4a7f-b67c-e21291ac9ed7/bc0d8045-9292-4bce-87a2-a3a967862f4a/crop.png,1321,76772643037965037394fd00154f9245db003d9a907b82c81d0f62825e3a5d95,cell_crops
cell_crops,a2c0340c-6988-4bbf-8186-25cb1bbfa685,relative_storage_key,cell-crops/121a69bf-ba23-4014-892b-158b9c2b71a4/aa1323a6-7f80-4e1e-819a-ec182f045f3d/97fb12a0-df7f-455f-8e13-e0383ad3934d/6aa671fe-687c-4b72-8f9e-275e42beaeb7/crop.png,6173,6463d693cf11fbca2bed2b80ca09d7aa58d998120edec27a0dcfa45c0927e411,cell_crops
cell_crops,a2ef621d-ba66-4e17-ae32-45c508332d97,relative_storage_key,cell-crops/7ef7cff8-899e-428e-b89a-36803c0575b3/04bafb48-259f-4626-82fb-a3359ee3160b/26ddb17b-1b89-4301-8f40-011ccf0f40dc/e753fd61-9c20-4685-b7dd-fe2bfc060ea9/crop.png,2684,e7f967d61858247593b406b179278208f907e4bf5dc733f765ff0b92ab25a35e,cell_crops
cell_crops,a31fbb96-465b-4213-b59d-2f5904d6a006,relative_storage_key,cell-crops/214fd936-3c74-4042-937a-3131ff495bdd/5e7bbe13-3cf2-4c2d-9022-31d242f15fb1/c6a30725-877a-4570-819a-de52a6bcb57d/ec7c9166-1814-4afd-aa4e-e219291c4cc0/crop.png,5073,3a5b01849008d66468c08e325725fdaed3e7fa81ce11e3c179f9cea75e38dc9d,cell_crops
cell_crops,a3b7951b-7fab-4edc-b1bf-3ec985ec59b6,relative_storage_key,cell-crops/5d9ca4e3-60b1-4a9f-aba0-8a5edd13510a/3f2dc1d9-eb62-44b3-a325-2d8db65a585c/0c7ee510-e240-4b6f-b8bc-352c4dd9aa20/8a0eccdc-2532-4812-8c10-962fe00d2796/crop.png,850,aa3de3ba71a8403de96b676a796a44e5731c36823c10133bf46785da2c422780,cell_crops
cell_crops,a3efd21f-ba2a-4bfb-ab4b-d76a04d6a316,relative_storage_key,cell-crops/121a69bf-ba23-4014-892b-158b9c2b71a4/aa1323a6-7f80-4e1e-819a-ec182f045f3d/97fb12a0-df7f-455f-8e13-e0383ad3934d/9432ff42-d2a4-48a3-a535-f88c1c338e59/crop.png,1510,4d67eb28bbdc51002652eeb22355711f65964566a4f3acaa167839d168ce1148,cell_crops
cell_crops,a3f476a9-0cce-4387-9ded-120ebe2fb640,relative_storage_key,cell-crops/54e278de-2381-4a05-8faa-42bf761f6688/50b0884e-ddde-4252-be9d-058151c986c4/f4400105-33b9-4bc0-860b-010b1cf3d386/cd7835c8-95e6-45a6-9e6e-de9f70f6729f/crop.png,7941,cff3e07f8e99eaf91f908c7a168472ac3e20e1b7c31bbd005bc2ea53eb7f1ba1,cell_crops
cell_crops,a3f50c38-3ea8-4df8-ab90-41991e23cb31,relative_storage_key,cell-crops/ae68a99c-11f7-457a-88f8-3cef9a144958/618af6de-bfab-495e-8634-e484d620ee21/650c7580-8b2e-4bc4-88e8-bf03c5bb423d/15535e74-c769-48c2-a128-09cb8e523f74/crop.png,2583,34642983bd29bdfb08f564865202ab49ce30991794e62a4d8c61d7d8cc616d99,cell_crops
cell_crops,a404b756-7b70-4400-a0a5-80c6d315ad29,relative_storage_key,cell-crops/c9a6b7af-881f-47da-980a-1a2c2b743a1c/03505d0f-434b-48ac-ae42-76750f4fbc1a/a0889d56-1430-4a7f-b67c-e21291ac9ed7/1acf6c9b-e592-4be7-9e60-55a528e8d22b/crop.png,1119,6becab86893d0bb42b2cac9d0d208a374cbe474887a1b59b8d2eed295935c262,cell_crops
cell_crops,a45a5fde-e3fd-48d1-b148-0f88042b8097,relative_storage_key,cell-crops/3a9a3ddd-a6fb-43b7-98e8-82fe65649b10/69a3938d-51bb-45d7-928d-1b35d46634bb/ea56489d-de29-4bcd-bf1e-16e83feedee6/5487eefb-cedf-4562-b08c-99cd53f73f02/crop.png,8174,38e5e370b9952b2cc1e7bd6775c259287bc3f6d6a9e6dc3ba8ac26e8c596c040,cell_crops
cell_crops,a4a38c45-e36f-4b27-af18-2c0571ffe122,relative_storage_key,cell-crops/7be00fe5-41da-48c5-b2c2-9618f0a7c517/3ebcfc6b-b6e3-40b6-939c-33977196460c/8fa36d4d-c412-435a-a109-923281f0f43d/a68d0112-957e-4ede-a023-574cc5046c73/crop.png,5114,e06480c5ed5fc5cf85c36c4662c32f0435d810307f18379bf732a21851bbaf98,cell_crops
cell_crops,a4edbc43-c9d1-497d-8c3a-f47b1458cb7c,relative_storage_key,cell-crops/7ef7cff8-899e-428e-b89a-36803c0575b3/04bafb48-259f-4626-82fb-a3359ee3160b/00b8d663-89b1-4dfe-8f8f-9a01bca4688b/c2e2b393-ac86-48a5-bb82-6f7bc7572d07/crop.png,15816,7dddd89937f95f9ee6b2da206cf675ebb1b3360eccb6d0530833aa66d8fbf37a,cell_crops
cell_crops,a50188fc-8b9d-44c9-830e-f7bb9d610cdf,relative_storage_key,cell-crops/db1855bf-e94d-43ea-86dc-5c1d21c82206/70a62caf-67c3-44f5-8752-596e9432c4ca/f914626e-fa1c-483a-ac2d-a7ebce6130f5/8e42e450-0049-46ec-b568-a2fc9ffca1be/crop.png,8572,bf380c0f6b5c7874f841eb15f9af2504e992059c78558372e097ff1c2aa42738,cell_crops
cell_crops,a515dc48-5c84-4105-82c6-250eb63bcfc7,relative_storage_key,cell-crops/d28e9146-5ad9-4df7-8af4-1b8901780c2b/f196b05e-1e21-41c5-8292-1c802004009a/6948fa72-3ff5-45bb-beb5-8ae3bba8b6d6/2e7e4a80-7952-48c7-9cf5-96382db105ce/crop.png,4272,4c60239e111cfade2c398c3f5369b6796c04e780350c8c677869e37ceb223107,cell_crops
cell_crops,a5231836-5e88-4c1d-a916-1ca01943b5f3,relative_storage_key,cell-crops/7fd7ef40-bc9c-40d1-9e62-62bf0850c6b3/f6e252a5-7924-4e5c-bc63-8b711db60ba0/8a0187a3-03f0-45bd-ac3c-6e47c7999f03/0cd64b50-836d-4180-8437-2f8c87b9392d/crop.png,1960,c8b496593b9f8dbd2d64d9d045b278d3fa9a755e521aa19a73a27bdb62ce042f,cell_crops
cell_crops,a529b493-e20f-4033-bf3c-2d9b1e74401e,relative_storage_key,cell-crops/52c4864d-1788-41db-a1d2-883ce7d83a58/490887fa-b3af-4136-85dc-8ae66e413acd/bf339bce-cffa-48e9-a044-4b9df2cc36b4/becac283-3537-4df2-9fce-348673da7c40/crop.png,1590,43bc69570c5d509ba3363bce246d5081542a54d5c440706928e14262fd4a7814,cell_crops
cell_crops,a53b8569-a90d-4924-9c12-e5e5f3cae6ae,relative_storage_key,cell-crops/d28e9146-5ad9-4df7-8af4-1b8901780c2b/f196b05e-1e21-41c5-8292-1c802004009a/6948fa72-3ff5-45bb-beb5-8ae3bba8b6d6/0e547fd7-0866-45d3-86ea-0b7edcac86e5/crop.png,5686,607496ba105f35750b997b5d47f63eb8f6490c3da4605e77cf2fac5ac8aa0c21,cell_crops
cell_crops,a54f8528-e917-4088-b21c-9f9d37a3894e,relative_storage_key,cell-crops/4e1ca921-c5c6-4d89-b035-2d7dd99040d5/b9f975b3-7cd8-4b9a-a2cc-1bd9a76d924c/dc6df3c3-f03e-4261-bd4c-a2df5e0f0d88/5d6500f3-dd92-441d-a319-64c561485fc5/crop.png,1470,cd1a49b5d5627de2e38916a5312d1f4c9ec306a66b2a2b9221e1a4b1738e24bd,cell_crops
cell_crops,a563f17f-f134-4765-a7ed-9c185613d945,relative_storage_key,cell-crops/e11b10f7-d1c3-4d6a-9e69-a4b6bc1abc46/1db1a505-3eaf-456d-b123-7b9f8ee77762/339d62a6-0363-472b-b2e3-4a7befd2c42f/f928528c-2926-404d-b5a4-10c527f1217b/crop.png,1023,745b5f802398f4a22237779b7ed6a1acb9c089ddb7882248819de80248de0646,cell_crops
cell_crops,a5dcef63-d2e5-48f7-9a4d-c6facbf7eb9b,relative_storage_key,cell-crops/214fd936-3c74-4042-937a-3131ff495bdd/5e7bbe13-3cf2-4c2d-9022-31d242f15fb1/c6a30725-877a-4570-819a-de52a6bcb57d/3d115f65-2137-464b-9280-d0bb481f9f0f/crop.png,6224,01ae2a246bff47e04b4bfe981a60e9ae353d1fd44a14d1457a8ae631d0adef18,cell_crops
cell_crops,a5e13963-c777-46f6-abf9-8ee4713aedf4,relative_storage_key,cell-crops/54e278de-2381-4a05-8faa-42bf761f6688/50b0884e-ddde-4252-be9d-058151c986c4/f4400105-33b9-4bc0-860b-010b1cf3d386/1835ae11-c8aa-4e92-bdb7-f799ca388601/crop.png,857,762935bbab91292b4f96d3559bea0f93857e643129debe6c9ca8322e613688bc,cell_crops
cell_crops,a5ef79cb-5006-4054-9c24-3cf31d823c99,relative_storage_key,cell-crops/52c4864d-1788-41db-a1d2-883ce7d83a58/490887fa-b3af-4136-85dc-8ae66e413acd/bf339bce-cffa-48e9-a044-4b9df2cc36b4/295dc705-ddc8-4122-9a34-fcb7398f21f6/crop.png,2239,35aee4c778b384717b9591421428a8b532d5a0616c7f2c899b3a0939e1a86caf,cell_crops
cell_crops,a5f1136d-4086-4984-9f95-5a5951f50dd2,relative_storage_key,cell-crops/4e1ca921-c5c6-4d89-b035-2d7dd99040d5/b9f975b3-7cd8-4b9a-a2cc-1bd9a76d924c/dc6df3c3-f03e-4261-bd4c-a2df5e0f0d88/bf4b2d99-514e-437e-a968-a13db638b727/crop.png,6945,5be00bbb576d282f8e5ce922bccc0dafa2243804be59b38afc27c694c104a2ad,cell_crops
cell_crops,a60235aa-0e16-43a3-a3bc-eba55097906f,relative_storage_key,cell-crops/25afdd28-85df-4a2a-9dab-2727ced6821b/f5668b77-a7c4-4ed2-aade-94bbf92900cf/08cd9b57-9a64-410c-8133-1dbdbf2e697c/c137b585-099b-4a0e-b429-92173fa65548/crop.png,2961,4851bb74f2a2ea50082816a27f2a0d7ba1223090ae2bad80aa0a91a2eef1eb9f,cell_crops
cell_crops,a61e88a8-aa8d-46f4-a2a6-f59d9ce8af8e,relative_storage_key,cell-crops/b0a5839c-3668-4411-b590-cc1d8fed470e/bf423fe1-2fc5-4662-9eda-ff1496c1bba9/c2a6cffd-18de-474e-ba04-2bf65b0f4f8c/cb438780-b6c8-400a-950d-d7e8816d7bef/crop.png,1512,8da7ae73739af283f0ddebc942838114ac766ff2e810e753bc6848a2872191e4,cell_crops
cell_crops,a6237e81-bb17-4cd1-8610-34c73619a415,relative_storage_key,cell-crops/4e1ca921-c5c6-4d89-b035-2d7dd99040d5/b9f975b3-7cd8-4b9a-a2cc-1bd9a76d924c/dc6df3c3-f03e-4261-bd4c-a2df5e0f0d88/a84f5da4-4b93-40bc-a921-b7c0adde0b06/crop.png,1298,4e1cbf3cb5b426d6561d5127e7306ce2345e0d265ac9792132ebf3f9ac3c67ee,cell_crops
cell_crops,a63ebab2-c9a7-4332-afdd-0ae4ef6d3e4c,relative_storage_key,cell-crops/ba5fc281-07c1-46ca-8091-0c13e6753aa4/d33fb4ff-3366-4fff-9806-8ab03314dbd1/18b27447-aed7-42fa-9142-4bab96366973/99715929-4384-47de-8e4b-e1630502281b/crop.png,6655,5e65f0b1ca083ad41b08735ad4ca3f247a11444f246ab95320938ac36d1f79df,cell_crops
cell_crops,a67233e1-708e-474f-b9cd-c86f5bb37c0c,relative_storage_key,cell-crops/ae68a99c-11f7-457a-88f8-3cef9a144958/618af6de-bfab-495e-8634-e484d620ee21/650c7580-8b2e-4bc4-88e8-bf03c5bb423d/0c86f328-9669-4b65-8f66-3c49e6250d5d/crop.png,5969,4107bb6656d85b7b278d68b225fe30bce217818a99c0a8c662688c688db6929c,cell_crops
cell_crops,a67d988a-e9bf-442f-8e7c-020ac62d1c3d,relative_storage_key,cell-crops/5d9ca4e3-60b1-4a9f-aba0-8a5edd13510a/3f2dc1d9-eb62-44b3-a325-2d8db65a585c/0c7ee510-e240-4b6f-b8bc-352c4dd9aa20/69c74fb9-87cb-430c-aa63-dd030245786f/crop.png,3292,a5c7cdf16c37a279e3857e834d7f9f1e1d588cdb33b95f408794881c88c961e9,cell_crops
cell_crops,a6ccbae7-082d-43ea-9351-581b282dc1d5,relative_storage_key,cell-crops/05b33155-8921-4eb9-9920-af67decfe454/6278de2c-44dd-4a75-aca2-9708e58437ba/92e2e64a-1c82-402b-b24d-75d43d50a17f/862b2c5c-e9f7-45f9-beb8-0660485b5787/crop.png,5113,be8e91fa803fdc9df3ede2ea6fe86fb094bbd3607f9be3be1a004ea57230ce19,cell_crops
cell_crops,a6e0321d-4afc-4341-aa50-6d7b20b78ec8,relative_storage_key,cell-crops/07c71166-93b3-415e-b764-6ca7344238f6/151ee7ee-b609-4e6b-985c-04af59a85470/9c45439d-fd87-46c3-944a-439ab92cbf89/5d87587a-277f-49e8-a582-57a67e8ea598/crop.png,8103,fc65acbaae55343ba5fd12a880a2e4e8fa85c185004253c64992285fc27c2533,cell_crops
cell_crops,a6ee911b-5057-47a7-8dba-8c9ccfd9a4a0,relative_storage_key,cell-crops/e11b10f7-d1c3-4d6a-9e69-a4b6bc1abc46/1db1a505-3eaf-456d-b123-7b9f8ee77762/339d62a6-0363-472b-b2e3-4a7befd2c42f/dcf20e0b-572b-4795-b029-8dece9d32650/crop.png,2599,eda6f26d4d206b511fad0cdb27737a5b5196ae266a97f595c04b91e05eb6f8e8,cell_crops
cell_crops,a6fa14a1-1da4-40df-b9a2-6a3a2f3e7621,relative_storage_key,cell-crops/6dede06e-ae61-4920-bb2c-935cde2a5ff5/60bd296d-21d5-4d22-99bc-a023cb410f35/88dc4c92-8367-4c4d-a59b-da86d01b8d82/30346a3e-bed6-431b-b49c-e6427acbd0c7/crop.png,8525,b7e25945309c42d6e565cac5cb2194828e50ce37b7ee8c5fe035ef3affc689d9,cell_crops
cell_crops,a714f483-0079-40be-969c-fb2dbe8e8a86,relative_storage_key,cell-crops/25afdd28-85df-4a2a-9dab-2727ced6821b/f5668b77-a7c4-4ed2-aade-94bbf92900cf/08cd9b57-9a64-410c-8133-1dbdbf2e697c/66a19acf-cca6-4685-9e13-10c78dcb4efe/crop.png,19406,376a150910bf326efd558f1b37b7acbf1be7937be0c9f7f05af88c143d8cd928,cell_crops
cell_crops,a7197c5a-30d3-401a-9428-0af8553d63f1,relative_storage_key,cell-crops/07c71166-93b3-415e-b764-6ca7344238f6/151ee7ee-b609-4e6b-985c-04af59a85470/9c45439d-fd87-46c3-944a-439ab92cbf89/2b33331a-fc7b-46aa-a712-f4eb89f8a4f6/crop.png,6216,1e0450df2d1314346ac3e1970107a18610bd2af85fdda6357f7061fc39256364,cell_crops
cell_crops,a7304999-9629-4f4d-a6da-3ecc0e18b2bc,relative_storage_key,cell-crops/7eba770f-f337-4ed5-b174-fb4c18baaae5/0074b7b4-1a21-4123-9fb0-7a7e78c65792/6a4c1def-59d7-4111-8a64-9cfb8e00ba8f/3277020a-0b87-4260-b3e1-e71df6e475ea/crop.png,4205,1395c2106a315bccb5f7e734c0603b8e3508133244c2b5ada748fc953b378364,cell_crops
cell_crops,a7304b5b-bf09-474a-87f6-06eb905935fc,relative_storage_key,cell-crops/5d9ca4e3-60b1-4a9f-aba0-8a5edd13510a/3f2dc1d9-eb62-44b3-a325-2d8db65a585c/0c7ee510-e240-4b6f-b8bc-352c4dd9aa20/f613ff53-0202-4455-8453-e683ae523917/crop.png,6312,7b3879a7d97578f340fa305f1ff2a2ed16740b36bac13e6f122e227721510f3e,cell_crops
cell_crops,a76ccba8-6c55-4523-9e9f-0730a83a3532,relative_storage_key,cell-crops/211b65b9-8b1b-4bc9-bf8e-2572a00a3ecd/85d8a71e-e9ed-4062-a036-52e42dd89720/83b0bdb6-4441-49e8-b6a7-4de634e8d548/6a45f36b-115a-44cd-889f-7defee44ad4e/crop.png,7928,cd625e1e04556fbe8f92a07297d5993dd07c499b9b23b38b64d6474fbad53118,cell_crops
cell_crops,a79be633-5399-4d4a-9876-b18531a98872,relative_storage_key,cell-crops/fce4a23b-7725-4c69-960b-5c9cd9b68f50/c6ecf996-e832-44ad-89bf-2ca55d1d46d5/5ecbdf28-e01c-4b51-ae7b-f9d88c6b9aa5/6e805086-27cd-47f6-ade5-9c99176add4b/crop.png,3998,f713a2ca0e40c02a46aa0ddd7df2331c173747889b12d1c46523df915b369f28,cell_crops
cell_crops,a7cefe7b-98f6-455c-b3e7-796366c59117,relative_storage_key,cell-crops/211b65b9-8b1b-4bc9-bf8e-2572a00a3ecd/85d8a71e-e9ed-4062-a036-52e42dd89720/83b0bdb6-4441-49e8-b6a7-4de634e8d548/fdaeb9fb-8650-4d1b-856e-2b637833d4eb/crop.png,3166,c955ebe675ed1fde70e523db7ba3354ee091803aa408c6722e58ebe697b826fd,cell_crops
cell_crops,a85f2e56-4419-404e-a0bd-ce1d82119c3e,relative_storage_key,cell-crops/211b65b9-8b1b-4bc9-bf8e-2572a00a3ecd/85d8a71e-e9ed-4062-a036-52e42dd89720/83b0bdb6-4441-49e8-b6a7-4de634e8d548/cbda3db6-3d76-448d-b3da-4e429ecb079d/crop.png,1420,9309cafadbd2370e8ae16a15c8f5dc1abb5be1d603d9f976f768c465e884204c,cell_crops
cell_crops,a871fde2-66f8-4c6e-862d-1f99360c0058,relative_storage_key,cell-crops/7fd7ef40-bc9c-40d1-9e62-62bf0850c6b3/f6e252a5-7924-4e5c-bc63-8b711db60ba0/8a0187a3-03f0-45bd-ac3c-6e47c7999f03/ae558558-aa38-4948-8fd0-01c692511bc8/crop.png,1590,43bc69570c5d509ba3363bce246d5081542a54d5c440706928e14262fd4a7814,cell_crops
cell_crops,a8a8c6cc-0aaa-4143-8211-34ec66192f2f,relative_storage_key,cell-crops/1c49c468-795c-45ed-98a4-e3670ddd5182/2f40a287-e0d5-4ab9-919e-a1ddfe57b9bd/2ac85463-e0b3-4c27-bb72-7ffdae1f53ab/fd9944fc-6396-43fc-8a9f-7760bf8b5545/crop.png,7259,de8e701be2590f35b4cc947f9abd13339a679ddeb89c05357b2322c9b1f16a18,cell_crops
cell_crops,a8af1565-771f-4047-b297-e5e73c64fbbb,relative_storage_key,cell-crops/e109f86a-afaf-4c6b-8831-0fd7fc4fa7b2/2b113263-4ee7-4c87-a4d5-c689a43626bb/5b7cb03b-f0e6-42de-9aba-d4fb3757ad09/098c82ef-1bf0-47f7-8932-0e9147120446/crop.png,6665,2b58b7adc228a4f80c180ba76193b9e148a7c3886dc2180c1ae7b2289cfab2ef,cell_crops
cell_crops,a8b678c0-3bef-47b3-9314-8150ffb87522,relative_storage_key,cell-crops/1c49c468-795c-45ed-98a4-e3670ddd5182/2f40a287-e0d5-4ab9-919e-a1ddfe57b9bd/2ac85463-e0b3-4c27-bb72-7ffdae1f53ab/861442bd-180b-4aac-b59a-0b0301ebc92a/crop.png,13683,22e59a316ca0a914c5740e60caf9f913769fa4159a18108f6bec45a6d5535824,cell_crops
cell_crops,a8cade6f-d6e3-4458-8547-4b8a6ed8fae2,relative_storage_key,cell-crops/07c71166-93b3-415e-b764-6ca7344238f6/151ee7ee-b609-4e6b-985c-04af59a85470/9c45439d-fd87-46c3-944a-439ab92cbf89/77387d12-54b1-4430-966e-4b9c09ba0656/crop.png,1457,409c27aa016f3dea2b5cb33b354fbe0295e107b84fd0b5be42c88bc44d1d7451,cell_crops
cell_crops,a8d9bc0c-0266-4b56-b2d0-48167a81ea37,relative_storage_key,cell-crops/4383bcb6-1595-4b3c-9c6f-ced12863a762/f6d15c09-591e-4808-aff5-02f7c8c4d239/25a1a8fb-90d3-4cfb-b43b-20ee3b4b7788/23872e99-64be-496d-85fd-4b0ef95763d2/crop.png,4226,2cf4957649e22d9621fdf0c84a49c545ca758c1c27b79e5bf4c7e2ac5a1adace,cell_crops
cell_crops,a8e12e62-0cea-4775-8133-bfda0a1e8535,relative_storage_key,cell-crops/e11b10f7-d1c3-4d6a-9e69-a4b6bc1abc46/1db1a505-3eaf-456d-b123-7b9f8ee77762/339d62a6-0363-472b-b2e3-4a7befd2c42f/bef39c94-0756-45e8-9f28-e1130611478c/crop.png,1952,e7a0f37cbb8d1557f9855fcda9b3363e3c9422fe119459792a9cb28e50ff5895,cell_crops
cell_crops,a8eb6877-9ef1-4e7c-a7a8-e41033d6d755,relative_storage_key,cell-crops/c9a6b7af-881f-47da-980a-1a2c2b743a1c/03505d0f-434b-48ac-ae42-76750f4fbc1a/a0889d56-1430-4a7f-b67c-e21291ac9ed7/043c498d-5647-4095-94eb-04a4a8f6efab/crop.png,13190,1e8b3b381322a284515973b363544363b5a1ac666c610780bf9f50d6bf8c5f56,cell_crops
cell_crops,a911d62f-0a46-4762-ae9a-6e0fc518a2ca,relative_storage_key,cell-crops/3a9a3ddd-a6fb-43b7-98e8-82fe65649b10/69a3938d-51bb-45d7-928d-1b35d46634bb/ea56489d-de29-4bcd-bf1e-16e83feedee6/66ad9719-bcf9-4b2a-9fd3-de9dde7a8064/crop.png,10247,b9a9dafe6ce24d42df640fcfe1591de790d7f73849bb1778e3df2ba2b3561eeb,cell_crops
cell_crops,a911eb2b-b32d-4b52-ae4f-7c392d218a85,relative_storage_key,cell-crops/72906de0-83a0-4e98-940e-735fe5fb2363/c3c7a47a-b9d7-41c8-a8db-3269a23bca95/452e4d39-1e65-4a32-8a6a-e88382ac7aa6/575c0e1b-7052-42a7-92ea-d7712d13526a/crop.png,2149,83715d87b44832aa60c452bfde08de979ce67f5cf30dc4bdfde132e4b5727382,cell_crops
cell_crops,a93f8a3f-1bb6-4851-a1dc-d59af3396214,relative_storage_key,cell-crops/b0a5839c-3668-4411-b590-cc1d8fed470e/bf423fe1-2fc5-4662-9eda-ff1496c1bba9/c2a6cffd-18de-474e-ba04-2bf65b0f4f8c/e5f064ee-104b-4e4e-b555-8cdfc1e7b7df/crop.png,1154,743c4e7f157ae24f7bc4d5b22fcdd91194774552b24aabc3c1a327d10c978ca3,cell_crops
cell_crops,a97d3862-8df6-4bfb-bca4-a5929bef3436,relative_storage_key,cell-crops/3a33d13c-ff5b-46ba-94b4-0710e5185301/a78dd7b0-8ddc-4cd7-bc5a-241f8b427de6/7ba97fb6-e951-4c3b-93d8-3958918f513f/0aa16e09-55ce-45c0-a20a-ee1b92af0b40/crop.png,5180,a62abba886fbe409373708ee2054e558759f19159c926440aab1795e37391555,cell_crops
cell_crops,a97ffe13-838a-4659-8f11-6fbeb681b23e,relative_storage_key,cell-crops/211b65b9-8b1b-4bc9-bf8e-2572a00a3ecd/85d8a71e-e9ed-4062-a036-52e42dd89720/83b0bdb6-4441-49e8-b6a7-4de634e8d548/0b4e89de-2f7a-4044-9625-8309682773df/crop.png,15485,0d28d1ed98320c37e79a21f8a675cf5fdb5dec358aee67fc7d4c211c1b066d68,cell_crops
cell_crops,a98d8f35-71ec-44df-93a4-9e62e9844ff3,relative_storage_key,cell-crops/b0a5839c-3668-4411-b590-cc1d8fed470e/bf423fe1-2fc5-4662-9eda-ff1496c1bba9/c2a6cffd-18de-474e-ba04-2bf65b0f4f8c/adfcc6bd-1464-46c3-b92f-92c1c44a7c19/crop.png,5512,2e56e3cc4d0baf49c8547b950a8bad9967e5278ff487dfa53b97531657a9daf5,cell_crops
cell_crops,a99376fa-2005-4f6e-b0a1-fc626acb6049,relative_storage_key,cell-crops/25afdd28-85df-4a2a-9dab-2727ced6821b/f5668b77-a7c4-4ed2-aade-94bbf92900cf/08cd9b57-9a64-410c-8133-1dbdbf2e697c/3d44c66c-2edf-4e88-9051-ab5ec310a229/crop.png,4104,0ee78648d48a8f2330072877ce5d5afac0929b9d13919bd6560d516ba86cc9ec,cell_crops
cell_crops,a9a3a50d-f667-4150-a977-84bf44cbd87f,relative_storage_key,cell-crops/b0a5839c-3668-4411-b590-cc1d8fed470e/bf423fe1-2fc5-4662-9eda-ff1496c1bba9/c2a6cffd-18de-474e-ba04-2bf65b0f4f8c/6a6aa5be-5490-43e7-ba16-db462b240cd6/crop.png,20131,9ab044a5b908ce4aff0e261420943afd9d0176c41eb571ba4109ab606f941969,cell_crops
cell_crops,a9cd248a-d428-4bed-bbeb-2c0c2cad611f,relative_storage_key,cell-crops/bc8b8317-c17d-4b7a-b737-5e40120559e2/8c8e678b-a6c7-4b8c-b4c0-d34745f32fe3/25cb85d9-3b89-46ca-982a-f71517c971ee/c07f4396-2613-4cb0-8964-76522cb96a8e/crop.png,10985,6ec209f547d5a3c3fa1714a0e58f5ea82f61af927e9a90ab22a7d63514a99a63,cell_crops
cell_crops,a9d706fb-41d7-4a5f-a842-a29e6cf3bbac,relative_storage_key,cell-crops/07c71166-93b3-415e-b764-6ca7344238f6/151ee7ee-b609-4e6b-985c-04af59a85470/9c45439d-fd87-46c3-944a-439ab92cbf89/6f3fd1ec-fee0-44e1-80de-c3ca7072d731/crop.png,3775,2ffc872d9ed86a7763a25a3309ba15a23090b538248a4d59fe71e0e544a7f195,cell_crops
cell_crops,a9da3d10-50f2-41bb-b4b3-d365bc359c3d,relative_storage_key,cell-crops/05b33155-8921-4eb9-9920-af67decfe454/6278de2c-44dd-4a75-aca2-9708e58437ba/92e2e64a-1c82-402b-b24d-75d43d50a17f/b7bf4e23-159f-4e04-8c9e-6d8cf285991c/crop.png,5610,c23ad068250757c27d07e333274db4f5e186d8cc984c956ec5c629a4515670f9,cell_crops
cell_crops,a9f0b5c8-95e1-4f5e-b9a9-66e037193804,relative_storage_key,cell-crops/39265da0-dd1a-4f17-89aa-1e661f9c473f/72553654-6802-48a4-964a-3fa748870a05/afee46ec-494f-4fe6-be85-353a4cfc0b56/ac1e3c8f-5ea4-44d9-9892-b96f7f2f63b6/crop.png,8740,32d8ab867210352b599aa27f26a5daf54869fad7582fe7be99b1f73b0f90e0d7,cell_crops
cell_crops,aa07d258-54eb-4c1e-9ada-05a446bee191,relative_storage_key,cell-crops/25afdd28-85df-4a2a-9dab-2727ced6821b/f5668b77-a7c4-4ed2-aade-94bbf92900cf/08cd9b57-9a64-410c-8133-1dbdbf2e697c/46a9d6c1-b8f9-4d21-be6f-77491add973c/crop.png,1871,2a1f7c539d772f335a8c6d40cac23b42e19e8d77f31639d033ee0007fb6c856f,cell_crops
cell_crops,aa0a4f2b-d1dd-47b0-aaec-59d266c4a0f5,relative_storage_key,cell-crops/8122e340-548f-40df-9dd4-ed43859605ff/ed18ce4e-6fb0-4f1f-b313-c9d76617210c/8cb2cae1-c3e1-487c-a274-4385f339dded/b0e07e52-a928-417f-a013-390d50cfe372/crop.png,4024,d7103552344eca072042ae80da9ec47d18b44d294b05b730f3d5ec2f8f26ea1c,cell_crops
cell_crops,aa1bb87c-00f6-4a7a-9a3e-de06a3649337,relative_storage_key,cell-crops/c6209893-144a-447d-a436-fe89fc140cee/f088ac8e-c214-474d-837d-53532f4ef947/43249c8b-9008-49c9-8246-2b24989143a2/a908014f-97f9-4155-9c18-c6333447225e/crop.png,3231,8210466fed0ba9c7280ad20f01cf0d4b981bb2e301740228e52facc981f48937,cell_crops
cell_crops,aa23f32a-97d5-40ee-997f-dce684d6cfec,relative_storage_key,cell-crops/3a33d13c-ff5b-46ba-94b4-0710e5185301/a78dd7b0-8ddc-4cd7-bc5a-241f8b427de6/7ba97fb6-e951-4c3b-93d8-3958918f513f/64cd3424-3da4-475f-a0bf-fe4e2ac20655/crop.png,3948,eb223ad825dbd26fe8be0e7acd69c7667b9171690c0710ab4c1a631738aae86a,cell_crops
cell_crops,aa4cdf3f-9288-4315-b200-d6658650aabe,relative_storage_key,cell-crops/db1855bf-e94d-43ea-86dc-5c1d21c82206/70a62caf-67c3-44f5-8752-596e9432c4ca/f914626e-fa1c-483a-ac2d-a7ebce6130f5/9b0feea8-2343-4c61-9d71-cf90cabdc627/crop.png,4718,f03af39ed494fe1dfb53f95c7e4b433bce6e9694ed4ac88b04c43dab7f74b6bd,cell_crops
cell_crops,aa5789fc-0ee1-4a85-8e4d-aabfcc50fe6e,relative_storage_key,cell-crops/3a9a3ddd-a6fb-43b7-98e8-82fe65649b10/69a3938d-51bb-45d7-928d-1b35d46634bb/ea56489d-de29-4bcd-bf1e-16e83feedee6/29f3854f-cd3a-4c88-92df-fc430216c52c/crop.png,2989,ac72974c6e3cad78bf115fe7e61df990fdef227e4698d1b761da008800958da7,cell_crops
cell_crops,aa5f45cb-8005-4f6e-945e-bc8ae4477f03,relative_storage_key,cell-crops/b0a5839c-3668-4411-b590-cc1d8fed470e/bf423fe1-2fc5-4662-9eda-ff1496c1bba9/c2a6cffd-18de-474e-ba04-2bf65b0f4f8c/378ae149-c0c0-4fd6-9925-ec684d02b256/crop.png,7900,50fd37eb4d1eb716431b4bc8a5a24602aec03c75ee559771035c8d3e1767a7fa,cell_crops
cell_crops,aa621d3b-53f8-4c7e-919d-2babbb8ad25b,relative_storage_key,cell-crops/3a33d13c-ff5b-46ba-94b4-0710e5185301/a78dd7b0-8ddc-4cd7-bc5a-241f8b427de6/7ba97fb6-e951-4c3b-93d8-3958918f513f/f9b2016b-5d4f-4c3c-b1cc-8aff982c8b92/crop.png,8811,c6f9ecee2bf5d59c5e1153291d1ae01327a39f80986ddde4c5d36240efca42ce,cell_crops
cell_crops,aa7478e7-c3b4-4291-9e5d-9691b2313e19,relative_storage_key,cell-crops/aac2f7a6-e279-42c1-8035-33134bfdf3eb/881590dc-6d13-4137-ba82-d28d2ed5199a/34070251-bc08-40a2-b33a-35ad175a7189/3991f451-e6c3-49d8-bae9-38873d4d4fc1/crop.png,4449,8e7a69afb551a99a631635d893e7af3ab3bb2b279e822628245cab0cbc7a3da2,cell_crops
cell_crops,aa879b4c-0e74-4f0c-90be-20597ba459a4,relative_storage_key,cell-crops/121a69bf-ba23-4014-892b-158b9c2b71a4/aa1323a6-7f80-4e1e-819a-ec182f045f3d/97fb12a0-df7f-455f-8e13-e0383ad3934d/f34115de-032b-4432-bc5f-3a47898cf1d6/crop.png,4978,c84d4f198ec79f0fe1ac856d09cd68efba128bb6eb1aae782401cb211c74919e,cell_crops
cell_crops,aa9ce363-e4fc-47e1-a2b3-e33a874ac968,relative_storage_key,cell-crops/7fd7ef40-bc9c-40d1-9e62-62bf0850c6b3/f6e252a5-7924-4e5c-bc63-8b711db60ba0/8a0187a3-03f0-45bd-ac3c-6e47c7999f03/7edacf51-7ffe-410a-b986-792f3b86406b/crop.png,965,e1d2b14094d28fee7c3ec7025468ac68bc7aebb425bf1be296eb52049b9fc37a,cell_crops
cell_crops,aad212c6-6a4b-48bb-8907-cca14e878816,relative_storage_key,cell-crops/4e1ca921-c5c6-4d89-b035-2d7dd99040d5/b9f975b3-7cd8-4b9a-a2cc-1bd9a76d924c/dc6df3c3-f03e-4261-bd4c-a2df5e0f0d88/56027393-e435-4b12-bb31-4fe4ede00ae4/crop.png,8082,72d5358a73997a63e3532c1ee81ec7a2796b0e43204eb9db9cfbd4ae84188073,cell_crops
cell_crops,aad3638e-f5e8-4cac-9eba-2cabdb3bd09f,relative_storage_key,cell-crops/5d9ca4e3-60b1-4a9f-aba0-8a5edd13510a/3f2dc1d9-eb62-44b3-a325-2d8db65a585c/0c7ee510-e240-4b6f-b8bc-352c4dd9aa20/59495bf1-41f2-46d8-815c-b4a69d175ebe/crop.png,4335,ffcc731adb2aef7a1ba937d31b0428968ea02e41ec7017da54e7b8645eb16992,cell_crops
cell_crops,aadd54bb-09bd-47b7-be06-6f31568628fe,relative_storage_key,cell-crops/ae68a99c-11f7-457a-88f8-3cef9a144958/618af6de-bfab-495e-8634-e484d620ee21/650c7580-8b2e-4bc4-88e8-bf03c5bb423d/e104d4bc-24a9-4206-8807-f2bdbcc7771d/crop.png,3931,43b1c495e26d816533d136061ad035b0b559c69ca8dbe96b495b2dc7f065fddf,cell_crops
cell_crops,aaea9a04-a0c6-433d-b725-7f964bcbba2f,relative_storage_key,cell-crops/7be00fe5-41da-48c5-b2c2-9618f0a7c517/3ebcfc6b-b6e3-40b6-939c-33977196460c/8fa36d4d-c412-435a-a109-923281f0f43d/0e748554-faff-4dbb-84ee-ddfcbb24c643/crop.png,4182,c5fb237444cb2e25a0099c7b854f2811cb752d2ddc59f92f841728a2bc46dbfb,cell_crops
cell_crops,aaf3b44a-8e6d-4703-92bf-0c0125583ae9,relative_storage_key,cell-crops/aac2f7a6-e279-42c1-8035-33134bfdf3eb/881590dc-6d13-4137-ba82-d28d2ed5199a/34070251-bc08-40a2-b33a-35ad175a7189/ed148e08-d9ca-4687-a4f2-9ecfb446ae94/crop.png,6289,c08612fc92546b72d137df562831312cebadcfde91278acc143af4a016e96598,cell_crops
cell_crops,ab06667b-842b-42d0-9500-4a0639ed7210,relative_storage_key,cell-crops/39265da0-dd1a-4f17-89aa-1e661f9c473f/72553654-6802-48a4-964a-3fa748870a05/afee46ec-494f-4fe6-be85-353a4cfc0b56/40a03890-a8a5-4ece-82cd-77043ee524db/crop.png,30740,f6dd0d0f2ae75a66f56859494aae14dab8092ccb645fcebcc188a8c81b84aa34,cell_crops
cell_crops,ab0a68f3-a74c-4ec1-83dd-90faab3c7dd2,relative_storage_key,cell-crops/4e1ca921-c5c6-4d89-b035-2d7dd99040d5/b9f975b3-7cd8-4b9a-a2cc-1bd9a76d924c/dc6df3c3-f03e-4261-bd4c-a2df5e0f0d88/308c5df4-64c8-45ed-a176-92c39c2b7bf2/crop.png,1608,1ecbc6a894486eca96b093d1bfc96addb59dfbde7b930428ecbc432ad90f0704,cell_crops
cell_crops,ab254ea0-cb66-4b48-8d2d-2362998143c9,relative_storage_key,cell-crops/121a69bf-ba23-4014-892b-158b9c2b71a4/aa1323a6-7f80-4e1e-819a-ec182f045f3d/97fb12a0-df7f-455f-8e13-e0383ad3934d/9276bd51-fa25-4a2b-b612-6421776f342c/crop.png,1578,f626126739d1bed58c36ebcc9465f2424638bea93ed4eb79c6a62b03a42280fe,cell_crops
cell_crops,ab482c7a-3ec0-45c5-a187-233d6dfc7a5f,relative_storage_key,cell-crops/ae68a99c-11f7-457a-88f8-3cef9a144958/618af6de-bfab-495e-8634-e484d620ee21/650c7580-8b2e-4bc4-88e8-bf03c5bb423d/97c46861-9ea1-4d62-9ffe-d173a0575d20/crop.png,1545,63f1d114d4ff33705fe7f8a5c7ff6467d2a919c51c20199a8da54f8e53bef7d2,cell_crops
cell_crops,ab5837f3-cc96-41f1-bc32-7e6178dae1e8,relative_storage_key,cell-crops/7fd7ef40-bc9c-40d1-9e62-62bf0850c6b3/f6e252a5-7924-4e5c-bc63-8b711db60ba0/8a0187a3-03f0-45bd-ac3c-6e47c7999f03/ee492294-1305-483c-b988-68f0ce62beab/crop.png,17814,91eeacc004904929e5e7f54c1ba09f19e32e84b08eaf7926ae63d82906417d68,cell_crops
cell_crops,ab644163-e6a2-4af8-8339-2b9d8989f587,relative_storage_key,cell-crops/39265da0-dd1a-4f17-89aa-1e661f9c473f/72553654-6802-48a4-964a-3fa748870a05/afee46ec-494f-4fe6-be85-353a4cfc0b56/168f1b91-7bd6-4325-883d-75981f4da137/crop.png,3625,b41b0a832e7c87f9581f222e34c53beda8351985d8e6a3cce10e2dec3d019317,cell_crops
cell_crops,ab7f8330-bdcc-4acd-adaf-bf646fdde392,relative_storage_key,cell-crops/5d9ca4e3-60b1-4a9f-aba0-8a5edd13510a/3f2dc1d9-eb62-44b3-a325-2d8db65a585c/0c7ee510-e240-4b6f-b8bc-352c4dd9aa20/63e23ade-9ac3-4016-a4b4-672800cac0ee/crop.png,3786,5ef9401ec0e5ba2ddc97ad44e5629c43c72d0def526cec147f89001437b3a7c6,cell_crops
cell_crops,ab9dab60-b453-4f44-a178-9d55dc91a841,relative_storage_key,cell-crops/5f35abbf-10da-4c5e-b4d7-0b2e59de51f2/99ac88d3-5c9f-4fc3-8d6a-abadae1ee80c/b0ad2c3c-3de1-4628-bf32-d60536a0da80/9bf4ffb1-4046-4493-a33f-888e2277535a/crop.png,9890,528426c809cd523cbe350533dc2c62577887a496b658911324554b4ceb2efc0d,cell_crops
cell_crops,abbe282a-d690-425e-96fb-602f7de0ef0d,relative_storage_key,cell-crops/1c49de91-f3ba-4794-8cbd-62bc966049c5/1007bc39-4bca-4a32-9069-5c8180b174db/cdcfc6c7-12a5-4405-8fb1-213826f88d05/d2d131c9-c011-4904-94c8-d3c437b97914/crop.png,10851,d5c1ff027f6502f1a8032a3f88d4eebb9cc36c1b576f8dbe30f9247dbd91fbd7,cell_crops
cell_crops,abd1fe06-0d36-47d3-b048-1ede22138e56,relative_storage_key,cell-crops/5f35abbf-10da-4c5e-b4d7-0b2e59de51f2/99ac88d3-5c9f-4fc3-8d6a-abadae1ee80c/b0ad2c3c-3de1-4628-bf32-d60536a0da80/ffef3960-4ed2-4bf2-8f2a-934365857773/crop.png,8108,b9736934e802e957b1da37ebb35ad1820e65d191a6f73e0dcc26117b2bc00639,cell_crops
cell_crops,abd610c2-a76d-4e77-8c8f-3b049f305efe,relative_storage_key,cell-crops/9696ad8c-6c01-439f-afa5-29d7f5234348/c6ffc450-182b-4d59-bf0d-1090bd076903/dd3b1716-0bb9-4523-9fa9-61bc274925d8/4610bdda-6d3a-4538-ad8a-674875ed054d/crop.png,4983,b2df1be650a17e475a4b18dae9d429d28f8d803ce9d1668e47ad11d2156066b6,cell_crops
cell_crops,abda4c38-5f89-4c6a-b216-a8c68d2a9aef,relative_storage_key,cell-crops/3a9a3ddd-a6fb-43b7-98e8-82fe65649b10/69a3938d-51bb-45d7-928d-1b35d46634bb/ea56489d-de29-4bcd-bf1e-16e83feedee6/9640688c-b01a-44c0-8b70-580b40e24c65/crop.png,5353,0425568b20b1e2dfa781b78f6b3dadb3df5553cdd987958c54864b391ea076ca,cell_crops
cell_crops,abdd891d-1082-4c45-a6de-929ebdba803a,relative_storage_key,cell-crops/c6209893-144a-447d-a436-fe89fc140cee/f088ac8e-c214-474d-837d-53532f4ef947/43249c8b-9008-49c9-8246-2b24989143a2/bb6f8dee-6416-47c8-8a95-084fb8bb43f4/crop.png,8060,3b31cbb7fea4d036b1c770cff94734424e015963b68766a4d26f8950813974bd,cell_crops
cell_crops,ac0a000b-7464-42ba-b788-c315d8faa853,relative_storage_key,cell-crops/d28e9146-5ad9-4df7-8af4-1b8901780c2b/f196b05e-1e21-41c5-8292-1c802004009a/6948fa72-3ff5-45bb-beb5-8ae3bba8b6d6/c3481897-1a64-46f0-a308-d870b97288ce/crop.png,67975,73c5d6cd1812ccec8b11862f9cf18da3f3119de2261e3ee057a87c81bc04bb9a,cell_crops
cell_crops,aca6b894-fe02-47c1-95ea-5d21fcceb01d,relative_storage_key,cell-crops/c6209893-144a-447d-a436-fe89fc140cee/f088ac8e-c214-474d-837d-53532f4ef947/43249c8b-9008-49c9-8246-2b24989143a2/8975b684-c246-4ab5-9678-89cb3d8ce0a7/crop.png,3577,5fe9a3f902b45de75f5e4913c5155c2f44fd6c893dee0dd524dc77da92117c30,cell_crops
cell_crops,ace7f8b4-b70e-4417-9a66-8a9fb1748dc9,relative_storage_key,cell-crops/25afdd28-85df-4a2a-9dab-2727ced6821b/f5668b77-a7c4-4ed2-aade-94bbf92900cf/08cd9b57-9a64-410c-8133-1dbdbf2e697c/becdd473-5355-45c1-96f7-0f39ae507e70/crop.png,1069,65280abc04101be8472308532036a4d3b08b9d15db4280b4bd79a39ce1894520,cell_crops
cell_crops,acfa325f-409c-467d-b16e-8ff5316349a1,relative_storage_key,cell-crops/7eba770f-f337-4ed5-b174-fb4c18baaae5/0074b7b4-1a21-4123-9fb0-7a7e78c65792/6a4c1def-59d7-4111-8a64-9cfb8e00ba8f/38e34c11-99d5-42bd-9c48-013fc8ad4cee/crop.png,19741,25eba9131c8c8926d8b9057b25364ebab9d8704b574e7108dd5e0a80b29547b4,cell_crops
cell_crops,acfec85f-e94a-493a-9d10-5bf9623c3be8,relative_storage_key,cell-crops/d28e9146-5ad9-4df7-8af4-1b8901780c2b/f196b05e-1e21-41c5-8292-1c802004009a/6948fa72-3ff5-45bb-beb5-8ae3bba8b6d6/355ab926-376e-42ef-b142-d431cd31e80f/crop.png,4679,e4a06623718c7acadb6e730fdd9f26af425e667dd03619d400c6e15a4f275f36,cell_crops
cell_crops,ad014ed7-fde1-4d38-8c00-3a11bd47a57b,relative_storage_key,cell-crops/4e1ca921-c5c6-4d89-b035-2d7dd99040d5/b9f975b3-7cd8-4b9a-a2cc-1bd9a76d924c/dc6df3c3-f03e-4261-bd4c-a2df5e0f0d88/228e6b81-2d87-44d7-b845-f96e5f62140c/crop.png,3479,e80266d68d607c8b207046a77deac5bcadb5c029bf6ca478ce85e2c6710acb4a,cell_crops
cell_crops,ad3a21f3-6c74-47cf-8199-94e5894837a5,relative_storage_key,cell-crops/05b33155-8921-4eb9-9920-af67decfe454/6278de2c-44dd-4a75-aca2-9708e58437ba/92e2e64a-1c82-402b-b24d-75d43d50a17f/8b9020cd-1b89-4709-a630-c42c38cc57cc/crop.png,4006,00b655810f50e35986356ac133572447ff4591e78f3c7d6cfcb942e973c48267,cell_crops
cell_crops,adc0804e-d838-4694-bdee-d0f437695138,relative_storage_key,cell-crops/39265da0-dd1a-4f17-89aa-1e661f9c473f/72553654-6802-48a4-964a-3fa748870a05/afee46ec-494f-4fe6-be85-353a4cfc0b56/f8a8879a-253d-418c-8926-c4518fa28be7/crop.png,3694,8738d8833eec8b81383543b9081aec2117280e8ede8ad4a3ef9b0914b9e23c13,cell_crops
cell_crops,adc46741-5eda-4b6c-a391-4d31d0b33fef,relative_storage_key,cell-crops/ba5fc281-07c1-46ca-8091-0c13e6753aa4/d33fb4ff-3366-4fff-9806-8ab03314dbd1/18b27447-aed7-42fa-9142-4bab96366973/85fc73bc-185e-44fd-85bc-c481b4e9a32e/crop.png,7574,d655b0802f8a83545922d34b218ae8d6b17ce3327dbec7f5d8fe2f5a459db9f9,cell_crops
cell_crops,addc55a2-9bde-41d0-8659-5ef0bb2c9e10,relative_storage_key,cell-crops/3a9a3ddd-a6fb-43b7-98e8-82fe65649b10/69a3938d-51bb-45d7-928d-1b35d46634bb/ea56489d-de29-4bcd-bf1e-16e83feedee6/a97926bc-69ba-405e-b27e-ef21e3688b3b/crop.png,6795,70f713b1cb10193339d4948be1450208eac1f23dbc1aa8be26583d98ba771c90,cell_crops
cell_crops,adddf280-4ce6-46fd-963e-25be36c1013e,relative_storage_key,cell-crops/211b65b9-8b1b-4bc9-bf8e-2572a00a3ecd/85d8a71e-e9ed-4062-a036-52e42dd89720/83b0bdb6-4441-49e8-b6a7-4de634e8d548/532e9b23-2b2e-40e8-913c-dedf94986e77/crop.png,1711,c95d8c775d6cf95654d8e87aab7a1301710a35160a3f452c301f5d564e439747,cell_crops
cell_crops,ade2a049-735d-4083-bcee-00f28448ccd3,relative_storage_key,cell-crops/211b65b9-8b1b-4bc9-bf8e-2572a00a3ecd/85d8a71e-e9ed-4062-a036-52e42dd89720/83b0bdb6-4441-49e8-b6a7-4de634e8d548/c6c39d31-a1f9-40eb-ad40-f28e9ac3e207/crop.png,7455,70ca0440c74ddf22bd9f3d0e93bc7baa2ccc335b1fddf611a93a15ed0cb7f6e7,cell_crops
cell_crops,ade91b8f-b62d-4d0f-9fed-97880f02ddd5,relative_storage_key,cell-crops/211b65b9-8b1b-4bc9-bf8e-2572a00a3ecd/85d8a71e-e9ed-4062-a036-52e42dd89720/83b0bdb6-4441-49e8-b6a7-4de634e8d548/b8cf4a0c-0a55-4b81-9353-7a9ed1e5acdd/crop.png,1481,fb85fd89dee78553a82f8857bc06b45fa32076a5e184cb71202d00afc959fc71,cell_crops
cell_crops,ae46c47e-4074-422a-84c4-f73b2a84cb70,relative_storage_key,cell-crops/1c49c468-795c-45ed-98a4-e3670ddd5182/2f40a287-e0d5-4ab9-919e-a1ddfe57b9bd/2ac85463-e0b3-4c27-bb72-7ffdae1f53ab/c4d62adb-f14f-4696-b6d5-60690b41763b/crop.png,5373,9782c7e5de995878cebbceb058c5d0f7b75e29381346a7158340634df9f3624c,cell_crops
cell_crops,ae4f9c73-42bf-47a9-8b8d-89891055eb26,relative_storage_key,cell-crops/b0a5839c-3668-4411-b590-cc1d8fed470e/bf423fe1-2fc5-4662-9eda-ff1496c1bba9/c2a6cffd-18de-474e-ba04-2bf65b0f4f8c/bd9a1647-bad6-4d2c-b8a9-dc0d7867edde/crop.png,7181,73b729fb3324c3567cb12aee90d33e156f9e6259f2d7f39e2834dfabef7ff3c0,cell_crops
cell_crops,ae53947b-63cf-40a5-ae62-17a7f8f9d942,relative_storage_key,cell-crops/3a33d13c-ff5b-46ba-94b4-0710e5185301/a78dd7b0-8ddc-4cd7-bc5a-241f8b427de6/7ba97fb6-e951-4c3b-93d8-3958918f513f/4d61cbd2-3724-41f4-9aee-4afe602dc008/crop.png,2847,8cfc7ff0853839aa8909d35bf042ff9e9124c484b6b9044823633e1e32924fd8,cell_crops
cell_crops,ae66b19b-169a-472b-a007-c24281d49b2d,relative_storage_key,cell-crops/c9a6b7af-881f-47da-980a-1a2c2b743a1c/03505d0f-434b-48ac-ae42-76750f4fbc1a/a0889d56-1430-4a7f-b67c-e21291ac9ed7/bf9d22df-35c5-4e1f-b8a3-78064b71c14d/crop.png,658,1afb7dfcabe378eb5b655c2931290011ef6f6ce6dbc486a03ef339b6ad4905b4,cell_crops
cell_crops,ae786a1f-3f94-4ec4-9c50-b69211af7579,relative_storage_key,cell-crops/c9a6b7af-881f-47da-980a-1a2c2b743a1c/03505d0f-434b-48ac-ae42-76750f4fbc1a/a0889d56-1430-4a7f-b67c-e21291ac9ed7/ad093fca-f8e0-4e30-9b93-6f52ef9ab413/crop.png,1564,169ebb64a15d67c2bda674f447abbf4055d2faa7d83f2936d58c00080c893d74,cell_crops
cell_crops,ae7d6e20-5ead-43c0-81c0-476bde7bf693,relative_storage_key,cell-crops/3a33d13c-ff5b-46ba-94b4-0710e5185301/a78dd7b0-8ddc-4cd7-bc5a-241f8b427de6/7ba97fb6-e951-4c3b-93d8-3958918f513f/d5404aee-3ce9-4347-8400-808fa38346cb/crop.png,11297,31ff506ba49a3b45d9246485c6a9677be33c35c9598ab980d8cc114740c7ea1b,cell_crops
cell_crops,ae8cee7d-9b30-4aad-b90a-c9780c33a2c2,relative_storage_key,cell-crops/7eba770f-f337-4ed5-b174-fb4c18baaae5/0074b7b4-1a21-4123-9fb0-7a7e78c65792/6a4c1def-59d7-4111-8a64-9cfb8e00ba8f/c2fa18b0-7d45-440c-b33d-bf396e0bbbe3/crop.png,8936,acac1d9d8a535e5e8a44067001dff983db8503558f26ad0201821853b49f7ebb,cell_crops
cell_crops,aea9f00e-4f3c-452a-a7ac-407b3b25c0b6,relative_storage_key,cell-crops/ae68a99c-11f7-457a-88f8-3cef9a144958/618af6de-bfab-495e-8634-e484d620ee21/650c7580-8b2e-4bc4-88e8-bf03c5bb423d/83b840db-2f14-4785-ad6f-cf9e20fb1a93/crop.png,1578,f626126739d1bed58c36ebcc9465f2424638bea93ed4eb79c6a62b03a42280fe,cell_crops
cell_crops,aeb0cae4-2a39-45aa-a402-787b64cdb689,relative_storage_key,cell-crops/ba5fc281-07c1-46ca-8091-0c13e6753aa4/d33fb4ff-3366-4fff-9806-8ab03314dbd1/18b27447-aed7-42fa-9142-4bab96366973/eb1447bf-dfc7-40ee-afb6-e69df2037e54/crop.png,5417,641a74e9066fe536fac9f2112fccd8a78772e604d97db4e47856d3262af597ed,cell_crops
cell_crops,aed118b5-0541-4bde-8ba3-ee2e47336a14,relative_storage_key,cell-crops/7eba770f-f337-4ed5-b174-fb4c18baaae5/0074b7b4-1a21-4123-9fb0-7a7e78c65792/6a4c1def-59d7-4111-8a64-9cfb8e00ba8f/662e6a18-1b8d-44a5-80e3-2b7de1f469fe/crop.png,4034,c9234261854450a7c3500362b963b77e748b31d66c04d6c99ca8333910bec02d,cell_crops
cell_crops,aedb2a8a-4580-454a-9b24-371513aa9185,relative_storage_key,cell-crops/3a33d13c-ff5b-46ba-94b4-0710e5185301/a78dd7b0-8ddc-4cd7-bc5a-241f8b427de6/7ba97fb6-e951-4c3b-93d8-3958918f513f/581864a8-a00c-4c91-8837-8af1d37a55db/crop.png,9424,a73d124dcd8fd669726701f7bb813395051d26c37a891d17f171121c21e8af44,cell_crops
cell_crops,aeef6f97-ace8-4dff-a28b-462510f08bda,relative_storage_key,cell-crops/8122e340-548f-40df-9dd4-ed43859605ff/ed18ce4e-6fb0-4f1f-b313-c9d76617210c/8cb2cae1-c3e1-487c-a274-4385f339dded/49afa5aa-e28c-4cea-9e87-7fdd8f33e6f7/crop.png,4034,2aa45a02b12120769a2205cea1e680fb4518277b87d4d53385cd49fecf220b99,cell_crops
cell_crops,af0b4fb8-5b9e-4eab-89c5-66476dd81081,relative_storage_key,cell-crops/7ef7cff8-899e-428e-b89a-36803c0575b3/04bafb48-259f-4626-82fb-a3359ee3160b/00b8d663-89b1-4dfe-8f8f-9a01bca4688b/33d19c8a-9ec7-4168-8a7d-c1b8e0bab09c/crop.png,6778,2aaa9a706589fe360d77ea3d1254499a971bca32047b6d8cf36c0bcc56c8fa5d,cell_crops
cell_crops,af308de9-3114-472d-933f-d7bf6d9f4c96,relative_storage_key,cell-crops/7ef7cff8-899e-428e-b89a-36803c0575b3/04bafb48-259f-4626-82fb-a3359ee3160b/849d1772-b3d7-402e-82b3-2942cd77a889/24008c3f-a373-4c63-a5ae-48d2418e0056/crop.png,6713,148c4a3e3357f3406fec1300878014702a9fb62d0836dc907732be4156491902,cell_crops
cell_crops,af31c0ea-6588-4f5c-a62d-413e184ef58e,relative_storage_key,cell-crops/7fd7ef40-bc9c-40d1-9e62-62bf0850c6b3/f6e252a5-7924-4e5c-bc63-8b711db60ba0/8a0187a3-03f0-45bd-ac3c-6e47c7999f03/681e4d81-7ea4-427d-8c3d-7621a816080d/crop.png,20131,9ab044a5b908ce4aff0e261420943afd9d0176c41eb571ba4109ab606f941969,cell_crops
cell_crops,af31fb22-0237-4f8a-8a50-5e796f63f2d3,relative_storage_key,cell-crops/25afdd28-85df-4a2a-9dab-2727ced6821b/f5668b77-a7c4-4ed2-aade-94bbf92900cf/08cd9b57-9a64-410c-8133-1dbdbf2e697c/e81ebdd8-9670-4c60-9f69-1a5a3f66ec35/crop.png,3576,498eb7f41f6e683679922fb5a078f03c78f041682c263d3fbcdcd33ab6d721b7,cell_crops
cell_crops,af37ad03-f017-46f0-9fec-d1e32ff198c0,relative_storage_key,cell-crops/c9a6b7af-881f-47da-980a-1a2c2b743a1c/03505d0f-434b-48ac-ae42-76750f4fbc1a/a0889d56-1430-4a7f-b67c-e21291ac9ed7/1af662cd-3f6b-418d-a3a5-fab916250e08/crop.png,1845,e990984575024ce733c50ee79e4c1ae59caca129ba1e9192ffce35926b6f665d,cell_crops
cell_crops,af4b0533-8046-4952-a785-af5298375a38,relative_storage_key,cell-crops/db1855bf-e94d-43ea-86dc-5c1d21c82206/70a62caf-67c3-44f5-8752-596e9432c4ca/f914626e-fa1c-483a-ac2d-a7ebce6130f5/1c7206d2-0be2-49c6-a227-ee1b4442f304/crop.png,8154,ff29b4d4fa15939e4469511530368f22ba3e02f5120a0179d3e6f0fabc4e738c,cell_crops
cell_crops,af94eb9b-d277-4b33-8b35-9c0aae7c79ed,relative_storage_key,cell-crops/93807208-985b-4d70-bb43-c7843db4141d/f4a29ede-288f-42ba-abf0-32395606ffc4/8d3b080d-2f56-4175-b76a-dc309555e9de/660b3b7e-e74a-4281-a67b-37bf5ee781db/crop.png,4089,0a7f6672b37c876df7b2097b746ff6d9ad4e5a28ee780267a739093cc795a803,cell_crops
cell_crops,afb685ac-dc3d-4dfb-a9d0-ca8580e2a92b,relative_storage_key,cell-crops/7fd7ef40-bc9c-40d1-9e62-62bf0850c6b3/f6e252a5-7924-4e5c-bc63-8b711db60ba0/8a0187a3-03f0-45bd-ac3c-6e47c7999f03/4d8873d4-69c1-4c5d-a9a0-30af640e33d1/crop.png,3797,821d66bc3c685eca74c69a79ff0bd4a5c83109a04ca3b6dd64d88800e7c8d8f1,cell_crops
cell_crops,afcbdb87-44b9-420f-8d3e-1af5fba88489,relative_storage_key,cell-crops/bc8b8317-c17d-4b7a-b737-5e40120559e2/8c8e678b-a6c7-4b8c-b4c0-d34745f32fe3/25cb85d9-3b89-46ca-982a-f71517c971ee/7d81a5c6-6738-462a-a77e-649838a801a2/crop.png,3516,948532669f2b537ac8039af433e3948020a1247f7c00cdb32d1e0e1cace45c36,cell_crops
cell_crops,afd61641-12f2-4e36-919e-88d070e76a3b,relative_storage_key,cell-crops/54e278de-2381-4a05-8faa-42bf761f6688/50b0884e-ddde-4252-be9d-058151c986c4/f4400105-33b9-4bc0-860b-010b1cf3d386/00b5eaa7-ded2-4c9a-a972-81d9a401bccd/crop.png,3776,49ef6256698805d58411e6da653a9de9cfc8ae3bd5ee3a62423c0d5f35db05d1,cell_crops
cell_crops,b006dc70-ec2c-4325-80d0-54e718f5fd52,relative_storage_key,cell-crops/7fd7ef40-bc9c-40d1-9e62-62bf0850c6b3/f6e252a5-7924-4e5c-bc63-8b711db60ba0/8a0187a3-03f0-45bd-ac3c-6e47c7999f03/a7983c4e-603d-4e96-8a1d-e19e37fc20cc/crop.png,8897,cee31204a5719cd91ed9fe845db1ee873f6bd1c51cb3ff0e18bbac84d5fbc597,cell_crops
cell_crops,b013e786-435f-4259-a6d2-846e85058580,relative_storage_key,cell-crops/e11b10f7-d1c3-4d6a-9e69-a4b6bc1abc46/1db1a505-3eaf-456d-b123-7b9f8ee77762/339d62a6-0363-472b-b2e3-4a7befd2c42f/ef9e4130-c0a7-418c-ac1d-f846c01a8dbd/crop.png,4159,d0f1e7ff525d71e865b79bb652f30c094aa38a09adc2d2bf559f81fea5d5b7c1,cell_crops
cell_crops,b01dbfd3-c042-46e1-9e6f-107dbb6bccbf,relative_storage_key,cell-crops/7ef7cff8-899e-428e-b89a-36803c0575b3/04bafb48-259f-4626-82fb-a3359ee3160b/26ddb17b-1b89-4301-8f40-011ccf0f40dc/bb23b576-9e6a-44d5-9778-ef9f7f27ac7a/crop.png,7929,a9e47fe621fd783f185fd0a574463d375b072da88abd7d105cbf9be3e57167d0,cell_crops
cell_crops,b02328c8-11f3-43ce-8a28-df9d1241a9e4,relative_storage_key,cell-crops/ba5fc281-07c1-46ca-8091-0c13e6753aa4/d33fb4ff-3366-4fff-9806-8ab03314dbd1/18b27447-aed7-42fa-9142-4bab96366973/f71758a0-d2c4-4626-b603-de3785a89f22/crop.png,3961,e122ff7089398fe99205d58d7cc0cdf93b378825dd3d5be40ea80aa2f14fc1dd,cell_crops
cell_crops,b028e72d-8749-441d-a8e4-4b470480c435,relative_storage_key,cell-crops/7ef7cff8-899e-428e-b89a-36803c0575b3/04bafb48-259f-4626-82fb-a3359ee3160b/00b8d663-89b1-4dfe-8f8f-9a01bca4688b/171c0b72-7a64-4d7d-866f-a835b8228994/crop.png,3702,34e70836f53c13889403a51d53359eb4ddce0c25225319c98fca1f9baf459997,cell_crops
cell_crops,b035dce8-88cd-45c6-bcfb-f4d6d642d59d,relative_storage_key,cell-crops/e109f86a-afaf-4c6b-8831-0fd7fc4fa7b2/2b113263-4ee7-4c87-a4d5-c689a43626bb/5b7cb03b-f0e6-42de-9aba-d4fb3757ad09/b766b3e9-3239-4df9-8f50-3f7f62dc2140/crop.png,7812,386add1d7f75bdd4abcb4b388071c5f8d9742b3d6e56908335a91c66faacc479,cell_crops
cell_crops,b03924ae-a1c5-4502-a646-8ac7224c61b4,relative_storage_key,cell-crops/7eba770f-f337-4ed5-b174-fb4c18baaae5/0074b7b4-1a21-4123-9fb0-7a7e78c65792/6a4c1def-59d7-4111-8a64-9cfb8e00ba8f/13f96275-e34b-4240-b95d-b213db2b51f3/crop.png,3944,54c79409f8272882b3dd7cbab2690ab23ffedeb1ad8eeaa83efd2c8d34fe5adf,cell_crops
cell_crops,b040e9b0-0d99-4d7e-96f5-c35aa32c65c5,relative_storage_key,cell-crops/54e278de-2381-4a05-8faa-42bf761f6688/50b0884e-ddde-4252-be9d-058151c986c4/f4400105-33b9-4bc0-860b-010b1cf3d386/c01b1cec-ffa6-40b3-93e2-b83728ca3f15/crop.png,1516,a21e3b44dcee0b65f4e8a9b445a184767dcd470de3aa412806758985f8c46925,cell_crops
cell_crops,b0647e83-c572-4cff-ade6-1f5f08d060c0,relative_storage_key,cell-crops/c6209893-144a-447d-a436-fe89fc140cee/f088ac8e-c214-474d-837d-53532f4ef947/43249c8b-9008-49c9-8246-2b24989143a2/c37c04e1-c224-42ec-b682-c893b27784b0/crop.png,2946,96ba0f89ad2aba9a436a9501e155e2f929acad1c1ed64c516ae5ca73a03da48c,cell_crops
cell_crops,b079424a-425d-476b-a5b2-8fb9b7d3f909,relative_storage_key,cell-crops/54e278de-2381-4a05-8faa-42bf761f6688/50b0884e-ddde-4252-be9d-058151c986c4/f4400105-33b9-4bc0-860b-010b1cf3d386/446fb80d-5a53-4b28-9eb3-b03882bb0aea/crop.png,1850,18390240eb1aff93ddec37468edd268d51ab6cd45c47af3f2e677981ab710e98,cell_crops
cell_crops,b080edec-02a9-49c7-a044-ba2d072eb496,relative_storage_key,cell-crops/7ef7cff8-899e-428e-b89a-36803c0575b3/04bafb48-259f-4626-82fb-a3359ee3160b/849d1772-b3d7-402e-82b3-2942cd77a889/80b6f116-930e-4545-a098-2b92471b942e/crop.png,3426,f8ec6214c6707919fc79de511e91f7972bfde20bd744cded37914165e62c2e31,cell_crops
cell_crops,b0887c67-6b95-49d6-961b-3660ad316e0b,relative_storage_key,cell-crops/3a33d13c-ff5b-46ba-94b4-0710e5185301/a78dd7b0-8ddc-4cd7-bc5a-241f8b427de6/7ba97fb6-e951-4c3b-93d8-3958918f513f/0ae2a691-1b34-4eff-bd6a-633626ad40aa/crop.png,10927,206b3ecd1845b1581aedf160741bd558d292d7676a9f3e0d31fa35741b5f786f,cell_crops
cell_crops,b08d06f1-2426-458b-ad82-af4c329ace00,relative_storage_key,cell-crops/59a98cc0-24f4-424a-b208-3fe06063fa47/98626a4c-b3fc-464a-a4fe-90bc886c7647/c0a49ec0-99e0-4b2b-a9e4-1e2ec28655a0/5561b1e8-1353-4795-b5d0-85c569992a69/crop.png,3781,a401741bacee8557cf51af4dc12948e63a0350c571d6fa1be1c1ea7581894306,cell_crops
cell_crops,b0b6debc-c985-4b73-ae4c-9c8f61f77be1,relative_storage_key,cell-crops/ae68a99c-11f7-457a-88f8-3cef9a144958/618af6de-bfab-495e-8634-e484d620ee21/650c7580-8b2e-4bc4-88e8-bf03c5bb423d/b9461d0f-93c9-442f-8a5f-6726ef4bfec3/crop.png,6456,4fabd5ba38dd3bfd53d56c05d32f041855345c1d00ca36dcd16aa2aeb1aa8397,cell_crops
cell_crops,b10073f3-59e5-4898-879a-719baa2850e2,relative_storage_key,cell-crops/7be00fe5-41da-48c5-b2c2-9618f0a7c517/3ebcfc6b-b6e3-40b6-939c-33977196460c/8fa36d4d-c412-435a-a109-923281f0f43d/3a30512c-40b9-41ef-8c4f-22a820c2c93c/crop.png,3651,90b343dc1d3c6bae1c4a1fd71513793ec638285b0378559c6aad32d47bab9ccb,cell_crops
cell_crops,b11b572b-b997-44a1-b892-4a9c76cc9cb8,relative_storage_key,cell-crops/121a69bf-ba23-4014-892b-158b9c2b71a4/aa1323a6-7f80-4e1e-819a-ec182f045f3d/97fb12a0-df7f-455f-8e13-e0383ad3934d/0b393250-f707-4db4-9324-d698a9453573/crop.png,1899,86baaf831c008e6aa34560797d9b86418c2c9471835dd949d03ab6199899037d,cell_crops
cell_crops,b11c028b-69f7-4cc2-a63e-786c9d0bcbd3,relative_storage_key,cell-crops/e11b10f7-d1c3-4d6a-9e69-a4b6bc1abc46/1db1a505-3eaf-456d-b123-7b9f8ee77762/339d62a6-0363-472b-b2e3-4a7befd2c42f/367de6c9-9f5b-4eb5-b431-76a604aa5c22/crop.png,10411,9d89c5eec905de201a55afd23c5669ccb3e539ff6d8d148c57e31421289a4e7d,cell_crops
cell_crops,b142ee21-fb56-465b-a8e2-623b22742b52,relative_storage_key,cell-crops/aac2f7a6-e279-42c1-8035-33134bfdf3eb/881590dc-6d13-4137-ba82-d28d2ed5199a/34070251-bc08-40a2-b33a-35ad175a7189/89504826-0634-45d7-8e28-d85db853e527/crop.png,3717,1eedbebd28a0c19127a083fc8e30956cf76e13355fdaf69a27a3ebb3bdf1eafa,cell_crops
cell_crops,b17e805f-7f0a-495c-a6f4-3987ff215eaa,relative_storage_key,cell-crops/214fd936-3c74-4042-937a-3131ff495bdd/5e7bbe13-3cf2-4c2d-9022-31d242f15fb1/c6a30725-877a-4570-819a-de52a6bcb57d/7d5b9f4f-c831-4bba-acda-747914bf7697/crop.png,2684,e7f967d61858247593b406b179278208f907e4bf5dc733f765ff0b92ab25a35e,cell_crops
cell_crops,b1bbd289-d0d9-4489-87b3-5ed85ca1ea0b,relative_storage_key,cell-crops/121a69bf-ba23-4014-892b-158b9c2b71a4/aa1323a6-7f80-4e1e-819a-ec182f045f3d/97fb12a0-df7f-455f-8e13-e0383ad3934d/d40ffec2-7025-4fd3-a790-b30bac41c705/crop.png,2983,a1800396085a4b8ae047b4709cf9f732f5ca6a0c763a2b82ed3284683b8c0596,cell_crops
cell_crops,b1dc5c73-c259-44ef-b0fb-63b0a740ef67,relative_storage_key,cell-crops/4e1ca921-c5c6-4d89-b035-2d7dd99040d5/b9f975b3-7cd8-4b9a-a2cc-1bd9a76d924c/dc6df3c3-f03e-4261-bd4c-a2df5e0f0d88/a5defaa1-3f6b-456a-bb38-861b725ee80b/crop.png,1439,12f2bad7a70bdafd26638ea4637a377adb05bf730415bd94adb67ec8bb3f275b,cell_crops
cell_crops,b1e4ed2d-bb14-4e34-b025-cc619ab9d0a5,relative_storage_key,cell-crops/52c4864d-1788-41db-a1d2-883ce7d83a58/490887fa-b3af-4136-85dc-8ae66e413acd/bf339bce-cffa-48e9-a044-4b9df2cc36b4/63255a89-f6ac-4cac-832b-272804439c8b/crop.png,1541,74ed00d5f7943e0685635f3efb59b4ddb20f87a6d7a62e31ee45f73be591b545,cell_crops
cell_crops,b1f94ff2-bbda-445d-8392-275b119df981,relative_storage_key,cell-crops/54e278de-2381-4a05-8faa-42bf761f6688/50b0884e-ddde-4252-be9d-058151c986c4/f4400105-33b9-4bc0-860b-010b1cf3d386/1be6d955-d449-423f-bf85-4518a1179ea7/crop.png,3532,fd6ba2cb74d41a85891283569196818f4aaad4f072a83d7b4733f5635699903a,cell_crops
cell_crops,b20905ce-1cd2-4d06-83eb-55c5732cd0ff,relative_storage_key,cell-crops/7ef7cff8-899e-428e-b89a-36803c0575b3/04bafb48-259f-4626-82fb-a3359ee3160b/26ddb17b-1b89-4301-8f40-011ccf0f40dc/3a75a437-6e14-436a-8265-a406052b44ae/crop.png,4661,31fed9b1f3d0b17d9c3f3578ba5f4247c4e64977618b1f0765da183cd999bb0a,cell_crops
cell_crops,b20f4b05-d2c0-4fc5-bb18-42be90cbec66,relative_storage_key,cell-crops/6dede06e-ae61-4920-bb2c-935cde2a5ff5/60bd296d-21d5-4d22-99bc-a023cb410f35/88dc4c92-8367-4c4d-a59b-da86d01b8d82/dee86475-f359-4d75-a007-25805b211b7c/crop.png,7315,5d103a50f5356870cabdd1453966bf1db6e19b14373b70ca91b74d3697d4461c,cell_crops
cell_crops,b211fba2-c04c-40c2-8193-f0af58a5dccb,relative_storage_key,cell-crops/7a11c0f4-a9d7-4446-a5f2-437ffc334a6c/0ff18f89-6fbd-4755-8e89-15227de46f41/3dca4192-f767-48f3-a7e8-59e22d9db3f9/40972113-c20e-4b5c-8994-e5a11172fa9f/crop.png,4055,f4186917df407929a14cae5613e3edc470fa807fde94dd088967bfae3e6402dd,cell_crops
cell_crops,b219279b-0677-42ff-b740-138d5b9f2ac5,relative_storage_key,cell-crops/07c71166-93b3-415e-b764-6ca7344238f6/151ee7ee-b609-4e6b-985c-04af59a85470/9c45439d-fd87-46c3-944a-439ab92cbf89/d2538303-3e48-4165-9f0d-839f99c91775/crop.png,3895,a25c15752c443ee61a1994e64d20b20198d091ed07614cda4ec663acd7f7fb19,cell_crops
cell_crops,b256a412-055a-4ba9-a3e4-bce5fec9551b,relative_storage_key,cell-crops/07c71166-93b3-415e-b764-6ca7344238f6/151ee7ee-b609-4e6b-985c-04af59a85470/9c45439d-fd87-46c3-944a-439ab92cbf89/7db579d1-c96a-444b-84c6-87fcc787a6ec/crop.png,1552,366b90ba99aee3c4c1d56701e954eb9429186fd29e0bc8e15785d48711d7f934,cell_crops
cell_crops,b257f27e-1ed5-4725-b262-c5b24884ffee,relative_storage_key,cell-crops/c9a6b7af-881f-47da-980a-1a2c2b743a1c/03505d0f-434b-48ac-ae42-76750f4fbc1a/a0889d56-1430-4a7f-b67c-e21291ac9ed7/9330d6d3-9131-4625-90c8-d8a30fc9c02c/crop.png,1450,ea4bfbbc833b8d81b8de5d01f25fb710073f44ab8a27c456879e1a9edd00ba3e,cell_crops
cell_crops,b2a842cb-c075-4cfa-a944-c94bf41ba818,relative_storage_key,cell-crops/6dede06e-ae61-4920-bb2c-935cde2a5ff5/60bd296d-21d5-4d22-99bc-a023cb410f35/88dc4c92-8367-4c4d-a59b-da86d01b8d82/e455d2ec-a0a5-4f54-bca8-a085a9460e2b/crop.png,3364,70c6f60d430abce6a0400332e771dcc2fb9293f7c37da163631284b05519fe84,cell_crops
cell_crops,b2b61125-f77d-4888-9a71-73b3286b0faf,relative_storage_key,cell-crops/7ef7cff8-899e-428e-b89a-36803c0575b3/04bafb48-259f-4626-82fb-a3359ee3160b/00b8d663-89b1-4dfe-8f8f-9a01bca4688b/84636bbb-b9da-41f7-b825-2aa380c7be22/crop.png,3280,d09df3e518e6a59953eb80eb5416a82a024ad387c44d37381b4de881f3ec7d5b,cell_crops
cell_crops,b2bf212f-e2f8-4378-8325-08c6566267c9,relative_storage_key,cell-crops/fce4a23b-7725-4c69-960b-5c9cd9b68f50/c6ecf996-e832-44ad-89bf-2ca55d1d46d5/5ecbdf28-e01c-4b51-ae7b-f9d88c6b9aa5/de4ea3f9-3922-4e19-9cc7-820e2da94695/crop.png,8227,26b10b26c8d912216e48f7bdcc17cb9409ebfe8a8fef0231ee1a79dda4e89f16,cell_crops
cell_crops,b2e98008-3a3b-4cb9-833c-f3ff38de0eb4,relative_storage_key,cell-crops/4383bcb6-1595-4b3c-9c6f-ced12863a762/f6d15c09-591e-4808-aff5-02f7c8c4d239/25a1a8fb-90d3-4cfb-b43b-20ee3b4b7788/49adc35c-753c-4fdb-878d-a439dbcb6d5e/crop.png,8645,e70b6d25b5e38fdea843734ad19fd8fdaceffd07a25285f0ac186aaf213f1510,cell_crops
cell_crops,b2ebee97-1735-4bb1-995b-49772ecabce3,relative_storage_key,cell-crops/4e1ca921-c5c6-4d89-b035-2d7dd99040d5/b9f975b3-7cd8-4b9a-a2cc-1bd9a76d924c/dc6df3c3-f03e-4261-bd4c-a2df5e0f0d88/6ac507aa-d74d-4e90-b1b0-f580d5044b08/crop.png,3008,33f605273aea3e19dc7d0cbdc607a703de17954266f645580e7f9255168b4056,cell_crops
cell_crops,b30835e7-7536-40cf-af67-3b8fb283a841,relative_storage_key,cell-crops/07c71166-93b3-415e-b764-6ca7344238f6/151ee7ee-b609-4e6b-985c-04af59a85470/9c45439d-fd87-46c3-944a-439ab92cbf89/18e132a8-0170-4fc2-92df-eafd71967f2f/crop.png,1579,5feb18b15b410ca3eac796e3e738e6116ee1dd72d1557be96a2c14b14b4add7c,cell_crops
cell_crops,b30f2e9b-5b4e-4777-96e9-149fef0ad6b8,relative_storage_key,cell-crops/54e278de-2381-4a05-8faa-42bf761f6688/50b0884e-ddde-4252-be9d-058151c986c4/f4400105-33b9-4bc0-860b-010b1cf3d386/3bcaf601-b7f8-472f-8897-b75d10f5a3ab/crop.png,1410,dce220c03c3f367cbb51c55ae5e413bdef0fd562a8bf7c8a4097df99c4c63fc6,cell_crops
cell_crops,b31d1b99-3702-45ad-bbd0-907874bfd511,relative_storage_key,cell-crops/59a98cc0-24f4-424a-b208-3fe06063fa47/98626a4c-b3fc-464a-a4fe-90bc886c7647/c0a49ec0-99e0-4b2b-a9e4-1e2ec28655a0/9692a032-821c-4ccf-a6ea-177adff35bfb/crop.png,1551,0d14e6d9f943c7c017b9ce99989288b007e5e7e27d90e4740f8139e738b1415c,cell_crops
cell_crops,b3291a9f-add7-4eed-b145-f1a007f1eaea,relative_storage_key,cell-crops/8b912699-0346-4eca-9a3f-992922f65702/c5ca90cc-e321-4501-82f3-a2e0ef0f51a7/51a1e5c5-fac7-4ab5-b6dd-bef48d583434/7f857d7e-2ef4-4164-b74d-29deb17e3ee8/crop.png,3413,a83bb33d66f9ee53a70c140fedb4c4718767b7a1ce695c9a0f04ca52a2632b36,cell_crops
cell_crops,b329374b-5a78-492a-8f26-3b81769b64aa,relative_storage_key,cell-crops/7be00fe5-41da-48c5-b2c2-9618f0a7c517/3ebcfc6b-b6e3-40b6-939c-33977196460c/8fa36d4d-c412-435a-a109-923281f0f43d/996c82e4-979b-4782-9370-1a8db9cf0d42/crop.png,4036,4fc99ea3e4620b65d7606e78bbc4e52d43e9f83a5d77a5c25d2a72551db7585e,cell_crops
cell_crops,b349ce37-3c09-4f93-af28-ad133a54d865,relative_storage_key,cell-crops/cd096d9e-0d01-4e4f-acd5-65e1548c215b/de773a50-b182-4ed9-9bdc-3f6f65bf242d/8eae56e5-dc27-4e8b-86ce-b22204a68814/7a6440f4-4871-478e-a194-1f3cbfd94313/crop.png,656,e7d20836724de713efad1cfcbb0518c04facb780a965bb6f8feac12e6ef2138e,cell_crops
cell_crops,b35d533e-2a7b-4362-ab5c-ff0b8168da73,relative_storage_key,cell-crops/db1855bf-e94d-43ea-86dc-5c1d21c82206/70a62caf-67c3-44f5-8752-596e9432c4ca/f914626e-fa1c-483a-ac2d-a7ebce6130f5/aeded737-b68d-4e8e-91c6-2feb0e4934f5/crop.png,4212,29c8b63d92041f2351c6682a5c34d2de170189d2de7a92e2eb0e8565c78bb31a,cell_crops
cell_crops,b3644861-1e28-4421-9df8-db73203f832b,relative_storage_key,cell-crops/b0a5839c-3668-4411-b590-cc1d8fed470e/bf423fe1-2fc5-4662-9eda-ff1496c1bba9/c2a6cffd-18de-474e-ba04-2bf65b0f4f8c/0661f60a-80f1-4bf6-af98-0a48edc27c4f/crop.png,4101,f2db3a7c6780fc7c679843f2a4405ccce68d248dfa07bcb0791c4853b89dfdd5,cell_crops
cell_crops,b3732bff-9ea5-465e-9f10-f0927bbad750,relative_storage_key,cell-crops/4383bcb6-1595-4b3c-9c6f-ced12863a762/f6d15c09-591e-4808-aff5-02f7c8c4d239/25a1a8fb-90d3-4cfb-b43b-20ee3b4b7788/19a3bed3-cb4f-4ebf-b45c-c689f89974ea/crop.png,3538,b6e7d919c7ea9772c82cfebd7b80c2764418c74b1135279bc00e460cdd3c8b94,cell_crops
cell_crops,b386763e-fcaa-484e-b030-655305eae072,relative_storage_key,cell-crops/07c71166-93b3-415e-b764-6ca7344238f6/151ee7ee-b609-4e6b-985c-04af59a85470/9c45439d-fd87-46c3-944a-439ab92cbf89/3358bc89-24e9-4465-b7f0-7d0cc6a145c4/crop.png,1387,123d73c3c1b65f57a6b07c1c523f9fb89a88cfbc9b411d11de06182b0e3d7466,cell_crops
cell_crops,b38b9081-fb38-4207-9737-33a06dbe8fd2,relative_storage_key,cell-crops/ae68a99c-11f7-457a-88f8-3cef9a144958/618af6de-bfab-495e-8634-e484d620ee21/650c7580-8b2e-4bc4-88e8-bf03c5bb423d/b62bac92-0f28-47e2-aa09-0bd136c1b49f/crop.png,4633,df1ac051e804018cb5b16d341a5ff4e8354166d3a08ea7aec5caeab3eacb1835,cell_crops
cell_crops,b391acbb-c4eb-4426-91e7-73dbb5931aac,relative_storage_key,cell-crops/211b65b9-8b1b-4bc9-bf8e-2572a00a3ecd/85d8a71e-e9ed-4062-a036-52e42dd89720/83b0bdb6-4441-49e8-b6a7-4de634e8d548/f9417c6b-40de-4978-81bb-5477abc7fbf8/crop.png,10562,b78685754e48779a4f813845e3c50c647f72d31e7be2c76bd33a8b05f9d04cf0,cell_crops
cell_crops,b3a2953c-bb1d-4138-8e88-52e07951ab10,relative_storage_key,cell-crops/121a69bf-ba23-4014-892b-158b9c2b71a4/aa1323a6-7f80-4e1e-819a-ec182f045f3d/97fb12a0-df7f-455f-8e13-e0383ad3934d/3d9cd71c-a052-441a-aa09-8fdf8bd10f18/crop.png,1788,83a0f1160da8c9466b738a9cdf3040ebcd50288ba3e8c603c269409c64a3af15,cell_crops
cell_crops,b3c1647a-1689-4c23-afbe-967b4e191cfa,relative_storage_key,cell-crops/52c4864d-1788-41db-a1d2-883ce7d83a58/490887fa-b3af-4136-85dc-8ae66e413acd/bf339bce-cffa-48e9-a044-4b9df2cc36b4/9aba3798-7759-446a-ab56-eb85f844f412/crop.png,3752,72196c7d0512b2fe61b5f15686d678fb0793056a929f21312f6b3d6b619a8f24,cell_crops
cell_crops,b3f74727-c01e-469b-948a-6319d5b66f53,relative_storage_key,cell-crops/54e278de-2381-4a05-8faa-42bf761f6688/50b0884e-ddde-4252-be9d-058151c986c4/f4400105-33b9-4bc0-860b-010b1cf3d386/de7d5c01-3dcd-45d4-9925-d67e6b365155/crop.png,1075,f6810e27fb7423154c2bd771cf58ae168c07e4e8b1494d854e10c0d15d6ff386,cell_crops
cell_crops,b3fda6f0-7fdc-4088-8166-2445b5f5d781,relative_storage_key,cell-crops/7ef7cff8-899e-428e-b89a-36803c0575b3/04bafb48-259f-4626-82fb-a3359ee3160b/849d1772-b3d7-402e-82b3-2942cd77a889/63a3dc97-59b4-46ca-aecb-94a718a2c8a8/crop.png,4156,214eee9fde292c04f81e00fcb90b57756cb4ecca776b794d9de6c7102ed9963f,cell_crops
cell_crops,b4054e43-d469-4826-967f-e0e714bf3492,relative_storage_key,cell-crops/4e1ca921-c5c6-4d89-b035-2d7dd99040d5/b9f975b3-7cd8-4b9a-a2cc-1bd9a76d924c/dc6df3c3-f03e-4261-bd4c-a2df5e0f0d88/2322b2b3-e5de-4003-a7e1-4fcb54551db8/crop.png,2983,a1800396085a4b8ae047b4709cf9f732f5ca6a0c763a2b82ed3284683b8c0596,cell_crops
cell_crops,b406c3fe-ba0d-4a83-a528-9d4e28032cf0,relative_storage_key,cell-crops/25afdd28-85df-4a2a-9dab-2727ced6821b/f5668b77-a7c4-4ed2-aade-94bbf92900cf/08cd9b57-9a64-410c-8133-1dbdbf2e697c/dc6acfd9-d484-4bab-afc2-6c3b9d8fef0c/crop.png,1878,8505cd848fe191486561844176ec586c3496524496a8b43f0c52d0efbad04eb9,cell_crops
cell_crops,b4211972-08c6-4857-bad1-89c4ea3a0aa7,relative_storage_key,cell-crops/b0a5839c-3668-4411-b590-cc1d8fed470e/bf423fe1-2fc5-4662-9eda-ff1496c1bba9/c2a6cffd-18de-474e-ba04-2bf65b0f4f8c/d576dcf4-bc11-48c8-bffc-5b38dbd15e35/crop.png,2425,4b0c8e88b9cfa90f958b41d207ffadf66ef6fd810612e9fc3bfaf309ba9f34b5,cell_crops
cell_crops,b45d9b26-2f10-48e2-9ef1-5157d35609b9,relative_storage_key,cell-crops/4e1ca921-c5c6-4d89-b035-2d7dd99040d5/b9f975b3-7cd8-4b9a-a2cc-1bd9a76d924c/dc6df3c3-f03e-4261-bd4c-a2df5e0f0d88/0a68e16e-161e-4159-92b7-83fdb2d0136b/crop.png,2477,edb2eb4d9217ae67b1eabc7ea8ab2c053749e86170a00f5a0154d1b4ac08364e,cell_crops
cell_crops,b4977c8f-7cf3-4fb3-8bae-c09c4ee969a8,relative_storage_key,cell-crops/c9a6b7af-881f-47da-980a-1a2c2b743a1c/03505d0f-434b-48ac-ae42-76750f4fbc1a/a0889d56-1430-4a7f-b67c-e21291ac9ed7/6a6bf672-54a8-467a-820c-8ccb60b67fc7/crop.png,21866,ac09a0cba1165ce0ef1e37df5ed52465124b010f39516f05c1f504ecc477fe6a,cell_crops
cell_crops,b4daa7e2-0086-4c03-9720-ad4b8681af64,relative_storage_key,cell-crops/d28e9146-5ad9-4df7-8af4-1b8901780c2b/f196b05e-1e21-41c5-8292-1c802004009a/6948fa72-3ff5-45bb-beb5-8ae3bba8b6d6/14023d50-b6dd-4dc3-890a-90a2808a9f54/crop.png,3326,6e8db12f9789d2a96cf95adbe9b19fcd371f8effec220668804acdc16f9def5a,cell_crops
cell_crops,b503db8c-a630-496c-8f39-b03f64d82703,relative_storage_key,cell-crops/ba5fc281-07c1-46ca-8091-0c13e6753aa4/d33fb4ff-3366-4fff-9806-8ab03314dbd1/18b27447-aed7-42fa-9142-4bab96366973/229091a3-3dfc-4acf-931a-d47107c00654/crop.png,4880,4731f7c50077a05c41a2a7146e670fa875f3eb0151d52f14c352bf53d07af368,cell_crops
cell_crops,b52a2a87-babd-47cd-80f6-51b104d029f4,relative_storage_key,cell-crops/8b912699-0346-4eca-9a3f-992922f65702/c5ca90cc-e321-4501-82f3-a2e0ef0f51a7/51a1e5c5-fac7-4ab5-b6dd-bef48d583434/2ae7d5a1-6941-4fdb-a4e0-1cf3b271cac3/crop.png,5623,444e8a3c6a1948ead1f255b8a00e968191d317874b785308f7f292d561be2abc,cell_crops
cell_crops,b53fa18d-a843-49dc-a0a9-cd42a50a2aa3,relative_storage_key,cell-crops/7ef7cff8-899e-428e-b89a-36803c0575b3/04bafb48-259f-4626-82fb-a3359ee3160b/26ddb17b-1b89-4301-8f40-011ccf0f40dc/c224cb6f-6292-46f8-86a9-0f4e0b5d5ad9/crop.png,4014,ebea0974c1facf5b27bb8e8c5cb6d81887d093b1620db4ff3a5ef500d0329c43,cell_crops
cell_crops,b5647332-0ec9-4fbf-9d8f-a23a3e44a1e6,relative_storage_key,cell-crops/05b33155-8921-4eb9-9920-af67decfe454/6278de2c-44dd-4a75-aca2-9708e58437ba/92e2e64a-1c82-402b-b24d-75d43d50a17f/f9bfc53f-a040-4681-9769-0a800d894552/crop.png,3863,8be8a03055a294c12cb94c3afdb61a6bffe9a01af8a653a5bff478bf6adbae2b,cell_crops
cell_crops,b57c7e06-58c2-44fc-ada3-8ae50c3c74d5,relative_storage_key,cell-crops/4e1ca921-c5c6-4d89-b035-2d7dd99040d5/b9f975b3-7cd8-4b9a-a2cc-1bd9a76d924c/dc6df3c3-f03e-4261-bd4c-a2df5e0f0d88/35e808c0-4361-40f5-8149-b6be720e2219/crop.png,16093,2ef9de13527812c2555ffa06f5176b5c4da552930b7b4be1b9696ec0a00df030,cell_crops
cell_crops,b57ef9c2-7603-453b-8f54-b7bddf510eec,relative_storage_key,cell-crops/8b912699-0346-4eca-9a3f-992922f65702/c5ca90cc-e321-4501-82f3-a2e0ef0f51a7/51a1e5c5-fac7-4ab5-b6dd-bef48d583434/686e39b3-7beb-47b7-92da-b1c4cfe192bf/crop.png,1990,28ac896e61013b7e66e49bfe05a367c699d7d630db544c3eab28c234e80631d8,cell_crops
cell_crops,b58161ee-389d-49cd-8100-1dcf32945758,relative_storage_key,cell-crops/7fd7ef40-bc9c-40d1-9e62-62bf0850c6b3/f6e252a5-7924-4e5c-bc63-8b711db60ba0/8a0187a3-03f0-45bd-ac3c-6e47c7999f03/517d6aa4-bb94-449c-a986-855472101bb2/crop.png,1446,b1a5a775eae4c22e4a36c9e93d67eaefb4abd14c9cde35be5f7b42dfe3ff4d1f,cell_crops
cell_crops,b5869b4a-0282-4dc5-bb02-d0eb6b6e186c,relative_storage_key,cell-crops/aac2f7a6-e279-42c1-8035-33134bfdf3eb/881590dc-6d13-4137-ba82-d28d2ed5199a/34070251-bc08-40a2-b33a-35ad175a7189/bc7fe781-7a03-4f7d-aadf-cf13d004f44f/crop.png,3567,c68e88952ea6799b78cdb1706b13e6c2f5c73c83a8c1249081e49697de6dc51f,cell_crops
cell_crops,b5d6b3d0-0263-4655-922c-e94a9de8a21f,relative_storage_key,cell-crops/c6209893-144a-447d-a436-fe89fc140cee/f088ac8e-c214-474d-837d-53532f4ef947/43249c8b-9008-49c9-8246-2b24989143a2/df7f8bad-5b91-4b8e-978c-ce85b4ee570f/crop.png,4038,6c46bba422f5cb85e1de798d9e35982f63365f7beb0dfe75dff3aca578d93088,cell_crops
cell_crops,b5f32436-3e91-4f89-bdbc-0f8e8d42dbb7,relative_storage_key,cell-crops/ae68a99c-11f7-457a-88f8-3cef9a144958/618af6de-bfab-495e-8634-e484d620ee21/650c7580-8b2e-4bc4-88e8-bf03c5bb423d/4b472229-1b4c-498a-b68f-89f64e5ad827/crop.png,1206,0d0487c335e7ff8cb353cd5c3206337fa10d8cb701d0d9618daa8f3e2aecb0b8,cell_crops
cell_crops,b60d619e-860a-4adf-9f92-452d59d6ef2e,relative_storage_key,cell-crops/4e1ca921-c5c6-4d89-b035-2d7dd99040d5/b9f975b3-7cd8-4b9a-a2cc-1bd9a76d924c/dc6df3c3-f03e-4261-bd4c-a2df5e0f0d88/48d605b9-bc08-4dc8-8cf2-9790b0bc2e72/crop.png,6999,eae6ada2a123a4f27e56435914094e4a5dc360644c2252e25e72489289221f15,cell_crops
cell_crops,b612bf7d-eab1-4b46-9f43-e94feae00c1f,relative_storage_key,cell-crops/25afdd28-85df-4a2a-9dab-2727ced6821b/f5668b77-a7c4-4ed2-aade-94bbf92900cf/08cd9b57-9a64-410c-8133-1dbdbf2e697c/423427ad-851e-4ad4-b887-a775c0bc0c32/crop.png,2035,99af5c87a3cfa509d37d5a570e90b2e8b909fad21342660702641b2ee143076b,cell_crops
cell_crops,b65c4c00-baff-49ec-bd58-610ab0f72e07,relative_storage_key,cell-crops/1c49c468-795c-45ed-98a4-e3670ddd5182/2f40a287-e0d5-4ab9-919e-a1ddfe57b9bd/2ac85463-e0b3-4c27-bb72-7ffdae1f53ab/3e0d694c-99b4-4670-add8-394db2bda9a0/crop.png,8410,a5caf4c79a35fd5e13f36ef4ca5891178057a64c5b223fcc218e28ddef9d0271,cell_crops
cell_crops,b6b99946-da56-4341-805b-84bd30a852dd,relative_storage_key,cell-crops/7fd7ef40-bc9c-40d1-9e62-62bf0850c6b3/f6e252a5-7924-4e5c-bc63-8b711db60ba0/8a0187a3-03f0-45bd-ac3c-6e47c7999f03/4f314756-ac34-4d81-8e9b-ec7adf48b245/crop.png,7181,73b729fb3324c3567cb12aee90d33e156f9e6259f2d7f39e2834dfabef7ff3c0,cell_crops
cell_crops,b6c287d8-614b-4429-8ac1-06f3adf02e84,relative_storage_key,cell-crops/7eba770f-f337-4ed5-b174-fb4c18baaae5/0074b7b4-1a21-4123-9fb0-7a7e78c65792/6a4c1def-59d7-4111-8a64-9cfb8e00ba8f/cb3e6ab9-e4be-47db-89d4-6888f8cb85e0/crop.png,5142,33a380cda6e3a3ea099b10e07a9e9224e37f9426350e3fee791bb87171605547,cell_crops
cell_crops,b6ccdd77-c5c0-495e-8551-59d7fe66970d,relative_storage_key,cell-crops/b0a5839c-3668-4411-b590-cc1d8fed470e/bf423fe1-2fc5-4662-9eda-ff1496c1bba9/c2a6cffd-18de-474e-ba04-2bf65b0f4f8c/08cb3f7a-1d73-41eb-a4b7-3373661ceebd/crop.png,1827,f8b285fce090d39fd3ca35a073a23378cc1b9942bc06867fe9711f8312c33dc2,cell_crops
cell_crops,b6d3ac43-3d25-42f2-8b6a-738efaa51afb,relative_storage_key,cell-crops/3a9a3ddd-a6fb-43b7-98e8-82fe65649b10/69a3938d-51bb-45d7-928d-1b35d46634bb/ea56489d-de29-4bcd-bf1e-16e83feedee6/64f80c28-b01d-4b02-84d6-c6fd3c71cba6/crop.png,8559,fd77ef794eea63b5bbb5fa8bd952be95a9829f15729007c8eb7a69e39df2c5ac,cell_crops
cell_crops,b6d8e4aa-d5b1-44c7-a436-e2de1c3e91c6,relative_storage_key,cell-crops/07c71166-93b3-415e-b764-6ca7344238f6/151ee7ee-b609-4e6b-985c-04af59a85470/9c45439d-fd87-46c3-944a-439ab92cbf89/04021820-06b0-486d-a5d1-7334a8923c9d/crop.png,956,b35e5672350886fdfaa0eb2aff348bfd7ffcd264262690fcee1e72d5f52812b9,cell_crops
cell_crops,b6e0f503-70bc-4500-a3b7-6a4806d92173,relative_storage_key,cell-crops/07c71166-93b3-415e-b764-6ca7344238f6/151ee7ee-b609-4e6b-985c-04af59a85470/9c45439d-fd87-46c3-944a-439ab92cbf89/fa055290-b8c0-4ce4-aa42-c27d3e24d6b4/crop.png,1575,21d9139dc1058ae8cb89a55b85d4fd35fd85564bdd5120e024f5cd1cb4526b50,cell_crops
cell_crops,b6f2b371-4335-4b70-8193-bb154d37b352,relative_storage_key,cell-crops/4383bcb6-1595-4b3c-9c6f-ced12863a762/f6d15c09-591e-4808-aff5-02f7c8c4d239/25a1a8fb-90d3-4cfb-b43b-20ee3b4b7788/238ec554-ec61-49c7-986d-421cb2980665/crop.png,3537,9c355dffc88b4450e040b59934d70a7e2a7b6946834764269322f155e984f478,cell_crops
cell_crops,b708870d-35fa-4a96-8ab1-b818979c5779,relative_storage_key,cell-crops/7fd7ef40-bc9c-40d1-9e62-62bf0850c6b3/f6e252a5-7924-4e5c-bc63-8b711db60ba0/8a0187a3-03f0-45bd-ac3c-6e47c7999f03/0948483f-f30f-49eb-944a-d9e74b3fecae/crop.png,1369,42dbfd16e51e1cfa2c7d11f4d6f220e2ff9fa7af05f2a3463aa0c2dbf6a02191,cell_crops
cell_crops,b719fb62-52cf-4e73-851f-88d46deac57d,relative_storage_key,cell-crops/4e1ca921-c5c6-4d89-b035-2d7dd99040d5/b9f975b3-7cd8-4b9a-a2cc-1bd9a76d924c/dc6df3c3-f03e-4261-bd4c-a2df5e0f0d88/446ea615-2c73-4cf5-977b-74dd6647f164/crop.png,1252,579fa18faac49ba42d0543834cbc9a17edf83c7a25e1a6abbad14ab13d4a081d,cell_crops
cell_crops,b72c77ea-bf0c-46cf-9d47-5bdfd6c17a6a,relative_storage_key,cell-crops/5f35abbf-10da-4c5e-b4d7-0b2e59de51f2/99ac88d3-5c9f-4fc3-8d6a-abadae1ee80c/b0ad2c3c-3de1-4628-bf32-d60536a0da80/ce11d486-1efc-4e8a-977e-ef4455f828b7/crop.png,4667,6d595fc038d1d8f66353484ffe173bc54a58581d2abb1d7e93164c5e582a0b64,cell_crops
cell_crops,b73cff5c-93bc-4944-bf1c-457f89675bc2,relative_storage_key,cell-crops/211b65b9-8b1b-4bc9-bf8e-2572a00a3ecd/85d8a71e-e9ed-4062-a036-52e42dd89720/83b0bdb6-4441-49e8-b6a7-4de634e8d548/9040dbf9-5d8d-4d91-bc92-6a7223745de4/crop.png,3895,7c99fc411fe6544be8fa0aae6cf5d1c1be3167c7559ab2ee1e341bc612664163,cell_crops
cell_crops,b7491f63-06e2-4b33-a2d2-e8d49461c15e,relative_storage_key,cell-crops/7eba770f-f337-4ed5-b174-fb4c18baaae5/0074b7b4-1a21-4123-9fb0-7a7e78c65792/6a4c1def-59d7-4111-8a64-9cfb8e00ba8f/78118c6d-686d-43c3-b824-31f348e8c244/crop.png,3979,803994f7513f0933ce7107ec616a207d57b3d0101b359bf0331ffb1e1c887a44,cell_crops
cell_crops,b781c3b0-febe-4b1a-a420-bd39194faca5,relative_storage_key,cell-crops/07c71166-93b3-415e-b764-6ca7344238f6/151ee7ee-b609-4e6b-985c-04af59a85470/9c45439d-fd87-46c3-944a-439ab92cbf89/d6c8aa4a-ed4e-47ad-8a0e-ca8f3e5909bd/crop.png,1783,5c726fc16e957e60bbc5117677d1672cfa2d3b48077198110bf214dbe2c9800a,cell_crops
cell_crops,b7a95332-7e4a-4960-a093-9101f10d68b5,relative_storage_key,cell-crops/211b65b9-8b1b-4bc9-bf8e-2572a00a3ecd/85d8a71e-e9ed-4062-a036-52e42dd89720/83b0bdb6-4441-49e8-b6a7-4de634e8d548/658d2fbd-4978-4d39-899e-7c088db290e2/crop.png,3532,fd6ba2cb74d41a85891283569196818f4aaad4f072a83d7b4733f5635699903a,cell_crops
cell_crops,b7b75ed0-7fb2-4d60-9737-72b678bb7127,relative_storage_key,cell-crops/7eba770f-f337-4ed5-b174-fb4c18baaae5/0074b7b4-1a21-4123-9fb0-7a7e78c65792/6a4c1def-59d7-4111-8a64-9cfb8e00ba8f/470cd824-8251-499b-8692-93bc7a8bc652/crop.png,4035,4b1e18a34af5197177587cc7bb99b465969e1ffd57c72299805578e701dd7bab,cell_crops
cell_crops,b7ea6296-d4bc-4110-bfd8-5a62654196c4,relative_storage_key,cell-crops/8122e340-548f-40df-9dd4-ed43859605ff/ed18ce4e-6fb0-4f1f-b313-c9d76617210c/8cb2cae1-c3e1-487c-a274-4385f339dded/daf4faea-a718-44fd-879f-5cb1a9fe9bc3/crop.png,10985,6ec209f547d5a3c3fa1714a0e58f5ea82f61af927e9a90ab22a7d63514a99a63,cell_crops
cell_crops,b7ee78fd-e58d-462c-92eb-0ea28abf71f5,relative_storage_key,cell-crops/07c71166-93b3-415e-b764-6ca7344238f6/151ee7ee-b609-4e6b-985c-04af59a85470/9c45439d-fd87-46c3-944a-439ab92cbf89/681aa32f-0a2f-4d93-af92-2ff997f66deb/crop.png,16203,4f7985b7a2dacd1a8b64c65b796e72fee7278fc0d871a73504d7ff0ee23b6ce6,cell_crops
cell_crops,b7ef8bfd-fc74-464a-bae3-f2dca185548b,relative_storage_key,cell-crops/07c71166-93b3-415e-b764-6ca7344238f6/151ee7ee-b609-4e6b-985c-04af59a85470/9c45439d-fd87-46c3-944a-439ab92cbf89/e64b9050-1e15-44d7-9fae-66483fda7554/crop.png,1510,759f13129d5ab1d99f9f2728fc6cf15becf6b6317a5605bc184679f2f063da71,cell_crops
cell_crops,b80da8ab-fe4e-4525-bfd0-6e3237f7b3c6,relative_storage_key,cell-crops/fce4a23b-7725-4c69-960b-5c9cd9b68f50/c6ecf996-e832-44ad-89bf-2ca55d1d46d5/5ecbdf28-e01c-4b51-ae7b-f9d88c6b9aa5/5f44fd9f-b59d-4443-91de-d40376142ba3/crop.png,7303,0b76c4f28b80599aa575dc942104fad9f6281bb3e883923a9c33e6619c7bc305,cell_crops
cell_crops,b81c6269-0e68-4010-96ac-cad78829db5b,relative_storage_key,cell-crops/52c4864d-1788-41db-a1d2-883ce7d83a58/490887fa-b3af-4136-85dc-8ae66e413acd/bf339bce-cffa-48e9-a044-4b9df2cc36b4/06ab028c-d6ed-4377-9e48-b6d49aaa3bdc/crop.png,1554,bfbbf98c9b02d8abe1fe26c28d5196546fd1177c15c259143638936f48830e95,cell_crops
cell_crops,b88d3273-1f33-423c-95c1-45032e127b91,relative_storage_key,cell-crops/ba5fc281-07c1-46ca-8091-0c13e6753aa4/d33fb4ff-3366-4fff-9806-8ab03314dbd1/18b27447-aed7-42fa-9142-4bab96366973/7983c873-eeb4-4ca9-b133-f94c7e85884e/crop.png,1651,fc1dfab10b37477174e3a6fed3fd8f15cd4020fb119d51923f1d8da3cc8b6b0e,cell_crops
cell_crops,b8bbcc99-34a2-49dd-82d2-b7f722e786c6,relative_storage_key,cell-crops/4e1ca921-c5c6-4d89-b035-2d7dd99040d5/b9f975b3-7cd8-4b9a-a2cc-1bd9a76d924c/dc6df3c3-f03e-4261-bd4c-a2df5e0f0d88/71a7d80c-eaa7-484c-bb62-f5dbbe07dc4d/crop.png,17986,b00cbb9312a018e315582a20f15a2b2be54b9ce58c1e4aae9b6f5d562d87e256,cell_crops
cell_crops,b8c5fce4-505e-4ba3-93cc-8e55f87298d7,relative_storage_key,cell-crops/07c71166-93b3-415e-b764-6ca7344238f6/151ee7ee-b609-4e6b-985c-04af59a85470/9c45439d-fd87-46c3-944a-439ab92cbf89/ef5e76a4-ac6f-46cb-a768-ce3e6a5db8bd/crop.png,2020,1ae2a055fbbdfd801e811409e660f4312fb3de4f3543a2a878ce2168ed7f4ddb,cell_crops
cell_crops,b8d94064-c027-455e-b7c4-261c1abce6b2,relative_storage_key,cell-crops/25afdd28-85df-4a2a-9dab-2727ced6821b/f5668b77-a7c4-4ed2-aade-94bbf92900cf/08cd9b57-9a64-410c-8133-1dbdbf2e697c/e6ff3a29-85c9-4e37-979d-8de0a1d2a805/crop.png,1607,c2fbdc8a9447bc8e1db35622121788911ad76d4fe4b06fb074678a45383157b6,cell_crops
cell_crops,b8df62c2-895d-478a-918d-29741afba13a,relative_storage_key,cell-crops/7fd7ef40-bc9c-40d1-9e62-62bf0850c6b3/f6e252a5-7924-4e5c-bc63-8b711db60ba0/8a0187a3-03f0-45bd-ac3c-6e47c7999f03/768b80ef-c9d0-4260-859c-178db39ed4c8/crop.png,4717,0543d6977be3e58c0464d22f1237b4df6dce06c9e52f66d4c995f64e15c8eec7,cell_crops
cell_crops,b8e8220f-2a46-4a33-9319-03192af0bc98,relative_storage_key,cell-crops/b0a5839c-3668-4411-b590-cc1d8fed470e/bf423fe1-2fc5-4662-9eda-ff1496c1bba9/c2a6cffd-18de-474e-ba04-2bf65b0f4f8c/74073dee-7173-429e-bef0-19fada5716aa/crop.png,6043,62b1a83439dc307c40d82ff8abae59a97fe1b43fff3f93435b0b11e25b14a2b9,cell_crops
cell_crops,b8f26caa-e02d-4e65-b654-79626e136e01,relative_storage_key,cell-crops/5ad2e702-acee-4f0a-9a01-8a2ba6b24733/1abc6f5a-ce2e-4d43-a7b2-9323cf7efa1c/13514ba4-7c6f-40a0-a6d6-573684da9510/1a10a56c-f1a7-4a4a-874b-792dfa0f6ba7/crop.png,3554,d08396173698d1117374a3671903ef1c191d279f4ffbae3d9d94b56ba054cf55,cell_crops
cell_crops,b91d9a45-6772-4c84-9c26-9c7df16bc141,relative_storage_key,cell-crops/4e1ca921-c5c6-4d89-b035-2d7dd99040d5/b9f975b3-7cd8-4b9a-a2cc-1bd9a76d924c/dc6df3c3-f03e-4261-bd4c-a2df5e0f0d88/3b51cef0-b0de-4b92-b1f4-42607e64112f/crop.png,1509,06f00ecf9e4e6efc4ccde3b9491940529a898af0b08c9307a46d271fb654610d,cell_crops
cell_crops,b9202963-a8f3-47a9-ab48-9093b0b58847,relative_storage_key,cell-crops/25afdd28-85df-4a2a-9dab-2727ced6821b/f5668b77-a7c4-4ed2-aade-94bbf92900cf/08cd9b57-9a64-410c-8133-1dbdbf2e697c/44ae6ccc-57ce-47e6-9141-872dbf78e780/crop.png,1503,0ad5eeb88f5c42f3c7373b15036de8a78b0ab24d2fd210cabac0c3c695394d5e,cell_crops
cell_crops,b93c914f-d210-4bba-a0fe-642cc39fa13d,relative_storage_key,cell-crops/5f35abbf-10da-4c5e-b4d7-0b2e59de51f2/99ac88d3-5c9f-4fc3-8d6a-abadae1ee80c/b0ad2c3c-3de1-4628-bf32-d60536a0da80/5c18ac95-8f61-4416-95e0-df18072f5390/crop.png,3499,2c0db89e211c5290401c3cd78c30ac78cbcf4f9580df6a5549ddc64a81145201,cell_crops
cell_crops,b9754df6-80e9-4650-b6a7-70fdbe6c4e40,relative_storage_key,cell-crops/5d9ca4e3-60b1-4a9f-aba0-8a5edd13510a/3f2dc1d9-eb62-44b3-a325-2d8db65a585c/0c7ee510-e240-4b6f-b8bc-352c4dd9aa20/1b7b051d-579f-4ea4-a024-37a396d16c54/crop.png,9812,9fb29efa0b1ead7fe6acffbfe8efc2cb579d5dbebb52e825d2d1a82a4850d835,cell_crops
cell_crops,b9a93f0d-20ab-41f3-8213-01ef1ad29b9b,relative_storage_key,cell-crops/e11b10f7-d1c3-4d6a-9e69-a4b6bc1abc46/1db1a505-3eaf-456d-b123-7b9f8ee77762/339d62a6-0363-472b-b2e3-4a7befd2c42f/b7e43859-249e-4de9-8707-de05054c29ac/crop.png,10555,259c9ef816b718faac406406f6d86df7d2fd928d7a2f36d99eee72acdc351990,cell_crops
cell_crops,b9ac2b88-fa2c-4f55-90cb-acf5d5010f7f,relative_storage_key,cell-crops/07c71166-93b3-415e-b764-6ca7344238f6/151ee7ee-b609-4e6b-985c-04af59a85470/9c45439d-fd87-46c3-944a-439ab92cbf89/bec65551-233d-4695-823d-4988a5100257/crop.png,11280,28c7a70899c921488956106753e4eccde2490af7379947287e4f144e940464e6,cell_crops
cell_crops,b9b49b69-c3cf-42ca-a678-c648358c8002,relative_storage_key,cell-crops/6dede06e-ae61-4920-bb2c-935cde2a5ff5/60bd296d-21d5-4d22-99bc-a023cb410f35/88dc4c92-8367-4c4d-a59b-da86d01b8d82/8cb60bfe-5355-4a3d-8a7e-b7692734f3ad/crop.png,5293,45f651a6b27589f82945ed681342ae3b0a729525de1d4870d67a0f4c64675fa3,cell_crops
cell_crops,b9bc35e1-b9de-49e8-81e9-b2148bdc0727,relative_storage_key,cell-crops/b0a5839c-3668-4411-b590-cc1d8fed470e/bf423fe1-2fc5-4662-9eda-ff1496c1bba9/c2a6cffd-18de-474e-ba04-2bf65b0f4f8c/b1b1fe71-cbae-4507-b022-81f902f1c43c/crop.png,1382,9d008c7a164602c0bc037f406fd38b0e303d91171e1cb4607f3da47c5508a13f,cell_crops
cell_crops,b9d1a7f6-8809-4ffd-9357-131cc1be4889,relative_storage_key,cell-crops/d28e9146-5ad9-4df7-8af4-1b8901780c2b/f196b05e-1e21-41c5-8292-1c802004009a/6948fa72-3ff5-45bb-beb5-8ae3bba8b6d6/a4a7c3fb-0c25-4470-ab66-b42d29c150f0/crop.png,3667,96269467423dce14d76ce17c2a102e41e260b96097436b8426889c6c06bbf230,cell_crops
cell_crops,b9da049c-14ed-45bb-a3bd-ff0c95249a76,relative_storage_key,cell-crops/7ef7cff8-899e-428e-b89a-36803c0575b3/04bafb48-259f-4626-82fb-a3359ee3160b/00b8d663-89b1-4dfe-8f8f-9a01bca4688b/d7376387-417f-4216-b684-9692d1a274f0/crop.png,4906,73e0816675e29f5c1ca2213d5d6aaccfda4d158cce617243de381de90939113e,cell_crops
cell_crops,b9ebf743-6eb1-4741-8cac-3ddb173a0d5e,relative_storage_key,cell-crops/8b912699-0346-4eca-9a3f-992922f65702/c5ca90cc-e321-4501-82f3-a2e0ef0f51a7/51a1e5c5-fac7-4ab5-b6dd-bef48d583434/50534147-7389-42c7-88df-7242485b2a18/crop.png,3982,af1251c6a40f213248a82f171eb5b221ae5b5489f7df32192f79b641bddf8255,cell_crops
cell_crops,b9f4947f-fdc2-4bfe-91b4-cd92ddf84917,relative_storage_key,cell-crops/25afdd28-85df-4a2a-9dab-2727ced6821b/f5668b77-a7c4-4ed2-aade-94bbf92900cf/08cd9b57-9a64-410c-8133-1dbdbf2e697c/2b63401e-d448-44c4-a524-c79daf7c63d8/crop.png,7767,501a80cb42508c5647ac47ddef3e4833d9010e54f3a301c2704c409183f15ece,cell_crops
cell_crops,b9f7af9e-a0d8-4fc5-9902-0b60f3f764c1,relative_storage_key,cell-crops/7ef7cff8-899e-428e-b89a-36803c0575b3/04bafb48-259f-4626-82fb-a3359ee3160b/849d1772-b3d7-402e-82b3-2942cd77a889/4f06b483-80c0-4d98-be6c-5357ee7d5ca6/crop.png,11109,c026125a2e219b7b92b42733330afadd6c1d38a7367564d70d832bc2e2b494bb,cell_crops
cell_crops,ba1c5dd3-b5a0-48ab-9eed-b898f0d904c9,relative_storage_key,cell-crops/383c9700-4823-4ef4-a3f6-c8bac0a28dd4/0d86637f-bf43-4c20-a000-30e6e09038ff/e4296ff7-9e31-4bd9-8593-2615946bcceb/6ab01e5a-b0eb-4f6a-ae7c-6d67d6023b08/crop.png,741,c37a156ab72ddaadde1cee4ec8d0bb622a20e831ebbfa5609fe8f72c81f82e95,cell_crops
cell_crops,ba3bd833-f0e5-4743-9275-4646e7f2c751,relative_storage_key,cell-crops/b0a5839c-3668-4411-b590-cc1d8fed470e/bf423fe1-2fc5-4662-9eda-ff1496c1bba9/c2a6cffd-18de-474e-ba04-2bf65b0f4f8c/77e8d979-d25f-428b-bde9-a876067ea8cc/crop.png,10435,c1be9545a8d165ae4955a2acaf70d188bb03549d2cbe818fa6eb2548184a0790,cell_crops
cell_crops,ba5004e3-7445-4eca-921b-b0b41da2bd32,relative_storage_key,cell-crops/aac2f7a6-e279-42c1-8035-33134bfdf3eb/881590dc-6d13-4137-ba82-d28d2ed5199a/34070251-bc08-40a2-b33a-35ad175a7189/2e22c0da-07ac-4fc4-bfe2-5c60d69b700a/crop.png,3973,57b93c73d0c9d3f9c1d224207607caf9d426ab53cd328bfcb2a1619b00036b1a,cell_crops
cell_crops,ba788471-14df-4ea6-9db4-daa2eaf3cbfe,relative_storage_key,cell-crops/7ef7cff8-899e-428e-b89a-36803c0575b3/04bafb48-259f-4626-82fb-a3359ee3160b/849d1772-b3d7-402e-82b3-2942cd77a889/d2f5d72a-caed-4071-9fe2-f795372ee211/crop.png,3395,4bfdf0ad9fa02030bab96a2b0bf24222440cddde1fa9427de0dc08b9bf2b59d6,cell_crops
cell_crops,baa4a269-4669-4b26-9acf-056e2b4c425f,relative_storage_key,cell-crops/7ef7cff8-899e-428e-b89a-36803c0575b3/04bafb48-259f-4626-82fb-a3359ee3160b/26ddb17b-1b89-4301-8f40-011ccf0f40dc/8cdd55f7-6508-467f-9758-eb0d3d71173f/crop.png,4129,1a8973672cbc66cf69ab7fcea7eb9ae40d0cb5ddf8e7b39fcc8367d6215be771,cell_crops
cell_crops,baac219f-f406-4efa-88f7-8301107e15cf,relative_storage_key,cell-crops/6dede06e-ae61-4920-bb2c-935cde2a5ff5/60bd296d-21d5-4d22-99bc-a023cb410f35/88dc4c92-8367-4c4d-a59b-da86d01b8d82/ba3bb08c-188b-4ede-8557-98c76885fa16/crop.png,4014,ebea0974c1facf5b27bb8e8c5cb6d81887d093b1620db4ff3a5ef500d0329c43,cell_crops
cell_crops,bac32ac0-77af-47f4-a439-ee3997bd95ca,relative_storage_key,cell-crops/b0a5839c-3668-4411-b590-cc1d8fed470e/bf423fe1-2fc5-4662-9eda-ff1496c1bba9/c2a6cffd-18de-474e-ba04-2bf65b0f4f8c/d9c46173-0324-463b-8c5a-3b8c0758339d/crop.png,4717,0543d6977be3e58c0464d22f1237b4df6dce06c9e52f66d4c995f64e15c8eec7,cell_crops
cell_crops,bae88e92-cc6a-4b15-8fbf-d0371de14386,relative_storage_key,cell-crops/5f35abbf-10da-4c5e-b4d7-0b2e59de51f2/99ac88d3-5c9f-4fc3-8d6a-abadae1ee80c/b0ad2c3c-3de1-4628-bf32-d60536a0da80/1e221d99-2837-4bec-ad36-36c687592044/crop.png,8554,51b42ceb348008633c39c5885048a8c50514e7143751c2fd0ae39acfab6621b2,cell_crops
cell_crops,bb0820ed-f9cd-4160-932f-2c94393a68ef,relative_storage_key,cell-crops/121a69bf-ba23-4014-892b-158b9c2b71a4/aa1323a6-7f80-4e1e-819a-ec182f045f3d/97fb12a0-df7f-455f-8e13-e0383ad3934d/83027d6e-5c93-492f-9c9b-fe66a38b483b/crop.png,17986,b00cbb9312a018e315582a20f15a2b2be54b9ce58c1e4aae9b6f5d562d87e256,cell_crops
cell_crops,bb0f3c1e-38ce-47c1-ab74-995c122dc716,relative_storage_key,cell-crops/54e278de-2381-4a05-8faa-42bf761f6688/50b0884e-ddde-4252-be9d-058151c986c4/f4400105-33b9-4bc0-860b-010b1cf3d386/35e8c62d-0a90-40b7-a877-882976073b42/crop.png,2682,3cb6cd934837670668ffab8f7d57cff4427966aab0ca424867c440e884aaa120,cell_crops
cell_crops,bb0fc6e3-4983-45dc-9973-7a89fdad1970,relative_storage_key,cell-crops/7ef7cff8-899e-428e-b89a-36803c0575b3/04bafb48-259f-4626-82fb-a3359ee3160b/26ddb17b-1b89-4301-8f40-011ccf0f40dc/14173603-80ef-46cc-b926-b4e6cd0a3682/crop.png,4160,2a330b115bbf201974a01936237670b914c5e6b589f95b750e9b6b68913d037d,cell_crops
cell_crops,bb1e6a29-c211-4185-adee-f599479d26c3,relative_storage_key,cell-crops/e109f86a-afaf-4c6b-8831-0fd7fc4fa7b2/2b113263-4ee7-4c87-a4d5-c689a43626bb/5b7cb03b-f0e6-42de-9aba-d4fb3757ad09/ac6d5104-0d18-4be1-9d0a-b29c48ac2a1e/crop.png,3674,7e392bae231fc69610ef38cd277f37621a0bb098808fc1a14217cce9386dac05,cell_crops
cell_crops,bb398d0c-425d-4f59-bc3b-df02bbafbb12,relative_storage_key,cell-crops/07c71166-93b3-415e-b764-6ca7344238f6/151ee7ee-b609-4e6b-985c-04af59a85470/9c45439d-fd87-46c3-944a-439ab92cbf89/0fe04a9e-a7be-4eef-a6f9-20d2c37b833d/crop.png,1243,6953983f5f95f1621627f7b57a9a42cf8ffff65ae0b574502993908eba2e7407,cell_crops
cell_crops,bb59d597-50aa-4cf9-90be-1ab0ee2fae79,relative_storage_key,cell-crops/121a69bf-ba23-4014-892b-158b9c2b71a4/aa1323a6-7f80-4e1e-819a-ec182f045f3d/97fb12a0-df7f-455f-8e13-e0383ad3934d/8cb3370d-1654-4718-9918-77dfb31d2c0e/crop.png,1306,6a8b6ba0b6c050e4ac148c49dce93919a10bc39fcf4c7167bda7952a81a0d60f,cell_crops
cell_crops,bb6dfbe6-29f7-4cf7-94d7-5638fa4f2a64,relative_storage_key,cell-crops/7a11c0f4-a9d7-4446-a5f2-437ffc334a6c/0ff18f89-6fbd-4755-8e89-15227de46f41/3dca4192-f767-48f3-a7e8-59e22d9db3f9/ff20ed87-4fe2-486c-948d-d439a4cb2fb8/crop.png,4640,58aa82f0ca553400cd99aeb8fb87144aa18df0f7eec7d582406d06092f705501,cell_crops
cell_crops,bb8fe0df-9270-4c22-96a6-8edb1d68ac3c,relative_storage_key,cell-crops/fce4a23b-7725-4c69-960b-5c9cd9b68f50/c6ecf996-e832-44ad-89bf-2ca55d1d46d5/5ecbdf28-e01c-4b51-ae7b-f9d88c6b9aa5/24d03ac1-728b-4187-a7b0-b8f6f433e0fb/crop.png,23385,9fdfb64efa2510e05658445f400bd1268a1a6c97c42cee14095a9d5d8690fe20,cell_crops
cell_crops,bb9837d0-064b-4546-a96f-2cc6c9b6706e,relative_storage_key,cell-crops/1c49de91-f3ba-4794-8cbd-62bc966049c5/1007bc39-4bca-4a32-9069-5c8180b174db/cdcfc6c7-12a5-4405-8fb1-213826f88d05/1436a76e-7b64-4c36-ba4c-2a61b7ad306d/crop.png,7387,47b8041ca0535a01433b9863c9abd36c5db813b089e1fed136a411d8e8650da5,cell_crops
cell_crops,bb9fa8e6-1356-4a0f-8a84-cff70ebd2de2,relative_storage_key,cell-crops/25afdd28-85df-4a2a-9dab-2727ced6821b/f5668b77-a7c4-4ed2-aade-94bbf92900cf/08cd9b57-9a64-410c-8133-1dbdbf2e697c/19a857a3-671c-44a3-ae72-203fe4329c78/crop.png,1288,d35f0022a27cb04da5a51c66a905dce34a8838a769b32565604611968d3a1a05,cell_crops
cell_crops,bbaec9f3-9f37-4a35-9435-7f917db9dc3f,relative_storage_key,cell-crops/b0a5839c-3668-4411-b590-cc1d8fed470e/bf423fe1-2fc5-4662-9eda-ff1496c1bba9/c2a6cffd-18de-474e-ba04-2bf65b0f4f8c/552c1bf4-b3f4-445c-8ccb-2e5adb9e92ba/crop.png,2364,cba01f630bf2ebb0dab90a46279b0e66136b7187dbb9a5210060336ca0b12f66,cell_crops
cell_crops,bbb1b636-57e1-4dd1-a33e-b9d19c10c894,relative_storage_key,cell-crops/25afdd28-85df-4a2a-9dab-2727ced6821b/f5668b77-a7c4-4ed2-aade-94bbf92900cf/08cd9b57-9a64-410c-8133-1dbdbf2e697c/a8229113-bcbe-4feb-8b73-2e749d93b989/crop.png,2533,475d5a69174ddd4cc409d1458febec9b05bab910a7603e0482082d7e9150f176,cell_crops
cell_crops,bbb24580-0d19-4fc1-8827-d905931e180c,relative_storage_key,cell-crops/4e1ca921-c5c6-4d89-b035-2d7dd99040d5/b9f975b3-7cd8-4b9a-a2cc-1bd9a76d924c/dc6df3c3-f03e-4261-bd4c-a2df5e0f0d88/2f264349-78b9-4ccf-b43c-c1a30b0b67b6/crop.png,1785,8f5194fd30f353a7865e9abe43f602929b6165662c947d0e9df0b4066ecea8c4,cell_crops
cell_crops,bbc5fef4-5c57-4487-9086-d66340520adc,relative_storage_key,cell-crops/ae68a99c-11f7-457a-88f8-3cef9a144958/618af6de-bfab-495e-8634-e484d620ee21/650c7580-8b2e-4bc4-88e8-bf03c5bb423d/9a203c72-4ca4-4be6-a33f-ac2784be168a/crop.png,9170,40b0f80f0e208fda23f84d1dceeed8c381b6a868034a9584e599d27c4207074b,cell_crops
cell_crops,bbd5113b-f108-4c09-927c-2e2a9e69c81f,relative_storage_key,cell-crops/fce4a23b-7725-4c69-960b-5c9cd9b68f50/c6ecf996-e832-44ad-89bf-2ca55d1d46d5/5ecbdf28-e01c-4b51-ae7b-f9d88c6b9aa5/4cd06cc8-f82d-4140-9bd0-bf6740cfcc40/crop.png,4199,fd9c21c7e43d546af4e89d55460e8368a85febfd429524cee87bdffd25b3d6a9,cell_crops
cell_crops,bbd7488d-5986-4142-a6fc-be25e0349b62,relative_storage_key,cell-crops/39265da0-dd1a-4f17-89aa-1e661f9c473f/72553654-6802-48a4-964a-3fa748870a05/afee46ec-494f-4fe6-be85-353a4cfc0b56/fa4de950-cee0-41f9-ad36-e93e82dd2e8f/crop.png,21033,425894de78fb2e2ea93c4e27e3849260cf7d8d176051ab5aa86d7222c8b29094,cell_crops
cell_crops,bbdf803e-0cb2-42be-87f4-4e6aede77df5,relative_storage_key,cell-crops/4e1ca921-c5c6-4d89-b035-2d7dd99040d5/b9f975b3-7cd8-4b9a-a2cc-1bd9a76d924c/dc6df3c3-f03e-4261-bd4c-a2df5e0f0d88/de4417a8-f156-4c8d-b6bb-8fbe6e78d00a/crop.png,5375,88ff1837b6ca1e07773d3c0ccd7eb115c35111f15ce727c3573a64001cb0e677,cell_crops
cell_crops,bbf35420-0f59-4bbe-a700-e0933b8af54c,relative_storage_key,cell-crops/7eba770f-f337-4ed5-b174-fb4c18baaae5/0074b7b4-1a21-4123-9fb0-7a7e78c65792/6a4c1def-59d7-4111-8a64-9cfb8e00ba8f/84b1806c-39e1-4024-a60a-5f4317204a75/crop.png,9809,ed7996f54e62d068944769741296162801fe5f866cc58961b7a6b312b8111ef5,cell_crops
cell_crops,bc091579-468e-470f-bce4-8196adad1962,relative_storage_key,cell-crops/7ef7cff8-899e-428e-b89a-36803c0575b3/04bafb48-259f-4626-82fb-a3359ee3160b/26ddb17b-1b89-4301-8f40-011ccf0f40dc/e23bf8f4-5715-4080-86c8-e09493ba340f/crop.png,3640,7a51667ac2e2a0ed6b7cf5a6e82e31c223752fc3756f690713d2cd24802222ab,cell_crops
cell_crops,bc0e4b62-82f0-4da8-9f51-fadd82a7302d,relative_storage_key,cell-crops/52c4864d-1788-41db-a1d2-883ce7d83a58/490887fa-b3af-4136-85dc-8ae66e413acd/bf339bce-cffa-48e9-a044-4b9df2cc36b4/d43af776-eb61-4502-9371-f8648506d1e6/crop.png,1352,048add6089fc6d8fd80e7e9c2fe5823b02413f26ec63aa5266f64702585cc97b,cell_crops
cell_crops,bc1c5cec-1756-4c51-b9a0-775703558443,relative_storage_key,cell-crops/52c4864d-1788-41db-a1d2-883ce7d83a58/490887fa-b3af-4136-85dc-8ae66e413acd/bf339bce-cffa-48e9-a044-4b9df2cc36b4/7dc688a3-4358-4b15-8e2d-8e607ec15d74/crop.png,5222,00f08e97c3e7f4889183ab12a60155183eeeb6d94259f990fa4ed30660c680ca,cell_crops
cell_crops,bc45fc23-1bc8-4fb1-bf6c-24d607c37831,relative_storage_key,cell-crops/121a69bf-ba23-4014-892b-158b9c2b71a4/aa1323a6-7f80-4e1e-819a-ec182f045f3d/97fb12a0-df7f-455f-8e13-e0383ad3934d/955b248e-4245-4201-b47d-27e7337f6c78/crop.png,3091,3d80ef22f5041f162d9af281dabdead4e6a8ce86f4873d864279ac3ebf81b70d,cell_crops
cell_crops,bc4d04b6-4518-4c3f-814a-76a91391be7c,relative_storage_key,cell-crops/5ad2e702-acee-4f0a-9a01-8a2ba6b24733/1abc6f5a-ce2e-4d43-a7b2-9323cf7efa1c/13514ba4-7c6f-40a0-a6d6-573684da9510/8fe51916-fd0e-4887-8be3-b0091970ca7f/crop.png,13507,b1fdb9b68ba477be0a25583dbbfa0141f9b100137ac80b635156cb4e750dc963,cell_crops
cell_crops,bc552f91-2e69-4f2d-ad5b-ae95c4dca868,relative_storage_key,cell-crops/8b912699-0346-4eca-9a3f-992922f65702/c5ca90cc-e321-4501-82f3-a2e0ef0f51a7/51a1e5c5-fac7-4ab5-b6dd-bef48d583434/b43c857a-0035-4661-a791-3031b2e8662b/crop.png,5847,c3aed8157b45267c5674dcd2fa60855080665c69bf366ee2d7e1421733fb27e8,cell_crops
cell_crops,bc5e22c2-1679-48d1-93a9-467bc9a20496,relative_storage_key,cell-crops/7fd7ef40-bc9c-40d1-9e62-62bf0850c6b3/f6e252a5-7924-4e5c-bc63-8b711db60ba0/8a0187a3-03f0-45bd-ac3c-6e47c7999f03/d2d74f08-965a-4848-ba7f-0693c544234e/crop.png,3022,2c56fa2c4f03099c3466e87ddd3ec16a62443219f057edd3cbdc9008dc867a49,cell_crops
cell_crops,bc721227-8270-4963-9b46-ff84422ee9f4,relative_storage_key,cell-crops/bc8b8317-c17d-4b7a-b737-5e40120559e2/8c8e678b-a6c7-4b8c-b4c0-d34745f32fe3/25cb85d9-3b89-46ca-982a-f71517c971ee/821b6876-c39a-4484-9fb5-c469d87b2f9f/crop.png,5475,2486d848107f180a6c91bfacb138431fb93648ff77df283d016ff6c19b137067,cell_crops
cell_crops,bc72f816-e104-4c70-ae3e-fc6696646fd3,relative_storage_key,cell-crops/7ef7cff8-899e-428e-b89a-36803c0575b3/04bafb48-259f-4626-82fb-a3359ee3160b/26ddb17b-1b89-4301-8f40-011ccf0f40dc/a52ea689-8267-47a7-868b-739bbea6a3e9/crop.png,2264,c19c08bf076ddcec58ae5b19018edf2442ee762c95fc943e7a9cf9cf274e491b,cell_crops
cell_crops,bcab846f-343b-4704-a202-253290395555,relative_storage_key,cell-crops/4383bcb6-1595-4b3c-9c6f-ced12863a762/f6d15c09-591e-4808-aff5-02f7c8c4d239/25a1a8fb-90d3-4cfb-b43b-20ee3b4b7788/3f9742b6-2d36-4191-91f4-ed120e3aa37b/crop.png,3414,b3f36c18504ff1052dde3e4bc22c09b2023ddccf467b807926ade8310168662c,cell_crops
cell_crops,bcbc652a-df9e-4021-b913-fb9f1341c216,relative_storage_key,cell-crops/4e1ca921-c5c6-4d89-b035-2d7dd99040d5/b9f975b3-7cd8-4b9a-a2cc-1bd9a76d924c/dc6df3c3-f03e-4261-bd4c-a2df5e0f0d88/0497685e-9a3e-4295-a06a-efd3d27f16b3/crop.png,2384,5d4b018df679de4b280ec768a483a49bfadaa17c9ffb783c658e20525aa536fc,cell_crops
cell_crops,bcf9d078-6cfc-401f-8b28-547522a102e1,relative_storage_key,cell-crops/25afdd28-85df-4a2a-9dab-2727ced6821b/f5668b77-a7c4-4ed2-aade-94bbf92900cf/08cd9b57-9a64-410c-8133-1dbdbf2e697c/1c8241a8-2398-4624-8365-808fc435b8d9/crop.png,17536,fd49470d3d3a46019b82136bcbef356d21580f7db06d80748de75f0c4c8005a3,cell_crops
cell_crops,bd04c335-1730-4daf-a1de-eeac9abb5107,relative_storage_key,cell-crops/5ad2e702-acee-4f0a-9a01-8a2ba6b24733/1abc6f5a-ce2e-4d43-a7b2-9323cf7efa1c/13514ba4-7c6f-40a0-a6d6-573684da9510/880cfa36-3c07-4b60-84d1-31d4a11abdc0/crop.png,32617,2dbaea9276b36b7ebbe49cd1c5a5810c3eb5d2fd5e54089c016dbcb7e2005dce,cell_crops
cell_crops,bd116f60-7b09-47f4-8e56-5cf6ac142533,relative_storage_key,cell-crops/ae68a99c-11f7-457a-88f8-3cef9a144958/618af6de-bfab-495e-8634-e484d620ee21/650c7580-8b2e-4bc4-88e8-bf03c5bb423d/88f836cb-346c-4ce7-96cf-2adc9208c1f8/crop.png,3008,33f605273aea3e19dc7d0cbdc607a703de17954266f645580e7f9255168b4056,cell_crops
cell_crops,bd198d2b-aaa0-4408-821a-9a7b4e73817e,relative_storage_key,cell-crops/bc8b8317-c17d-4b7a-b737-5e40120559e2/8c8e678b-a6c7-4b8c-b4c0-d34745f32fe3/25cb85d9-3b89-46ca-982a-f71517c971ee/39d0b192-1d8e-434a-a7bc-a05495579ead/crop.png,3729,7b2cda6c46a3958cf19452172c535138be983a4bcda93b14b5d02d3b4c32470d,cell_crops
cell_crops,bd65b53e-f300-4007-8284-d89125895f4f,relative_storage_key,cell-crops/bc8b8317-c17d-4b7a-b737-5e40120559e2/8c8e678b-a6c7-4b8c-b4c0-d34745f32fe3/25cb85d9-3b89-46ca-982a-f71517c971ee/a622efa0-3188-4e63-9315-b516b6539a15/crop.png,5923,809cc8fc88c0fd8eb53e469ddc0acc393054597e7c840a523aac6c7d6196fca0,cell_crops
cell_crops,bd6841f6-0b2a-478a-86e3-99d42acbcc92,relative_storage_key,cell-crops/aac2f7a6-e279-42c1-8035-33134bfdf3eb/881590dc-6d13-4137-ba82-d28d2ed5199a/34070251-bc08-40a2-b33a-35ad175a7189/62f99523-07b1-43a3-9fde-5b52dcbe252e/crop.png,3660,60fa246e4decb0c5d44352da2d82cb44a46cf1d09b7f6e363216bbaae75cef85,cell_crops
cell_crops,bd8ae9ec-4399-4d05-a2da-fa44b7bce999,relative_storage_key,cell-crops/8b912699-0346-4eca-9a3f-992922f65702/c5ca90cc-e321-4501-82f3-a2e0ef0f51a7/51a1e5c5-fac7-4ab5-b6dd-bef48d583434/394ddead-bc69-476d-8ba0-138cada23e3e/crop.png,2813,e4f7bec03b9f9174c13d46a0cd5def81f6441168ac533faa5464b22f333f4d58,cell_crops
cell_crops,bd932060-8621-4a78-8cc3-b4ca2a74544e,relative_storage_key,cell-crops/211b65b9-8b1b-4bc9-bf8e-2572a00a3ecd/85d8a71e-e9ed-4062-a036-52e42dd89720/83b0bdb6-4441-49e8-b6a7-4de634e8d548/3f9a91de-d02e-40e5-9b29-91c684f81cd4/crop.png,2194,b95741a437a45f71a96bcf09bf19fbca2638d3f7f9a28c9fc34109cd45c55e52,cell_crops
cell_crops,bd9e3236-357a-4cb5-8d28-f196a9813d9e,relative_storage_key,cell-crops/db1855bf-e94d-43ea-86dc-5c1d21c82206/70a62caf-67c3-44f5-8752-596e9432c4ca/f914626e-fa1c-483a-ac2d-a7ebce6130f5/49873ab3-420d-424a-a152-efc112f1aea9/crop.png,12138,66e8611f05b5cec6a1bf8c399fd2e3f861bc8cc0ac7571ee0abf42df6372bc91,cell_crops
cell_crops,bdc99cdd-0aca-4744-8b33-98d9f304dc67,relative_storage_key,cell-crops/b0a5839c-3668-4411-b590-cc1d8fed470e/bf423fe1-2fc5-4662-9eda-ff1496c1bba9/c2a6cffd-18de-474e-ba04-2bf65b0f4f8c/1da067ce-3356-4574-a551-6e2203d4b8bc/crop.png,2382,237c9bb18dd80047db31d6d85e53a1cfcf4070b2facf8d0c625b0efdc9b63298,cell_crops
cell_crops,bdd591ab-7f74-4fd4-a4bd-8944df63d49e,relative_storage_key,cell-crops/ae68a99c-11f7-457a-88f8-3cef9a144958/618af6de-bfab-495e-8634-e484d620ee21/650c7580-8b2e-4bc4-88e8-bf03c5bb423d/d00bb279-ec3a-4c5d-bd4c-7c983057b7d7/crop.png,1860,39c6d18654986f51b710858d978b0c26797fca801b3df74212a959d8e5008bf6,cell_crops
cell_crops,bdd998c3-d4ca-455c-91bf-e66177d3bca4,relative_storage_key,cell-crops/4e1ca921-c5c6-4d89-b035-2d7dd99040d5/b9f975b3-7cd8-4b9a-a2cc-1bd9a76d924c/dc6df3c3-f03e-4261-bd4c-a2df5e0f0d88/e0cb449c-f8d5-4623-99c9-9c470beb9b6a/crop.png,1498,c318f7cec0a1d0d3c4c242b56c569378676941b49fe9f9f7288116e3c29914f3,cell_crops
cell_crops,bde7e91c-0aee-45e4-902b-8061b5607423,relative_storage_key,cell-crops/7ef7cff8-899e-428e-b89a-36803c0575b3/04bafb48-259f-4626-82fb-a3359ee3160b/26ddb17b-1b89-4301-8f40-011ccf0f40dc/48e95a4a-b3f0-49ad-9ab3-a834f09a01e5/crop.png,11788,5ee289799e70e53777efece00e27b99448fd1c31651fcbaec441a61bf2378012,cell_crops
cell_crops,be348da1-06e2-41b9-9015-7217257623e7,relative_storage_key,cell-crops/05b33155-8921-4eb9-9920-af67decfe454/6278de2c-44dd-4a75-aca2-9708e58437ba/92e2e64a-1c82-402b-b24d-75d43d50a17f/ad91fb3f-c8ed-41c7-b808-8e25085e9c40/crop.png,3704,b310ce995e7f4ec08389adc8002f44fe36a4344d36aab54515d1bd0e01dc7449,cell_crops
cell_crops,be74630a-ba05-4af6-8bed-28f47cf9af73,relative_storage_key,cell-crops/cd096d9e-0d01-4e4f-acd5-65e1548c215b/de773a50-b182-4ed9-9bdc-3f6f65bf242d/8eae56e5-dc27-4e8b-86ce-b22204a68814/221ece8a-0b5c-4897-aef2-2c810fa923e1/crop.png,621,edb7ef808378e0934773f9569a846fc1841f03f40ffa61e9150a62f592196618,cell_crops
cell_crops,bec5cced-1143-487c-ad2e-a5efecbcaa1c,relative_storage_key,cell-crops/c9a6b7af-881f-47da-980a-1a2c2b743a1c/03505d0f-434b-48ac-ae42-76750f4fbc1a/a0889d56-1430-4a7f-b67c-e21291ac9ed7/5427377e-4c7b-4a44-bde9-f492c7a4a2e9/crop.png,1218,983501accf8eca1057cf904c32f3c7777dddf3f5fc0db7cf5b2c8a3205fcd6c3,cell_crops
cell_crops,becabfe6-8880-44fd-9ac9-8808913f85e9,relative_storage_key,cell-crops/5ad2e702-acee-4f0a-9a01-8a2ba6b24733/1abc6f5a-ce2e-4d43-a7b2-9323cf7efa1c/13514ba4-7c6f-40a0-a6d6-573684da9510/ef7949cd-2980-46e6-aec4-7fef0920db7a/crop.png,2959,e8be48e1b907a76df6a45cd5c2c86e3777725d7197c998abe4fecc4b1b23e10e,cell_crops
cell_crops,becfa558-95ef-4b46-817b-887f3a70222b,relative_storage_key,cell-crops/52c4864d-1788-41db-a1d2-883ce7d83a58/490887fa-b3af-4136-85dc-8ae66e413acd/bf339bce-cffa-48e9-a044-4b9df2cc36b4/6cb0c2d6-4a03-4b71-af33-4ad9a5a3b5a4/crop.png,2580,bb544d1da35fb955a21ee9a3671b64c22df45b90237d4c6fc45b308601fdea4b,cell_crops
cell_crops,bed063cc-b027-406d-8f88-35dcb3f78c83,relative_storage_key,cell-crops/c9a6b7af-881f-47da-980a-1a2c2b743a1c/03505d0f-434b-48ac-ae42-76750f4fbc1a/a0889d56-1430-4a7f-b67c-e21291ac9ed7/db232f86-1b18-49e4-b941-187f6d7554d1/crop.png,1247,c9b95d49b692041d4eeeeca2130c453c21d531e3d3e876e2a196a314e608e256,cell_crops
cell_crops,beee9692-4a00-4acd-8d78-92ff3c3212f0,relative_storage_key,cell-crops/ae68a99c-11f7-457a-88f8-3cef9a144958/618af6de-bfab-495e-8634-e484d620ee21/650c7580-8b2e-4bc4-88e8-bf03c5bb423d/c7b28ad0-c39e-439c-9d3a-94cd740521d5/crop.png,6999,eae6ada2a123a4f27e56435914094e4a5dc360644c2252e25e72489289221f15,cell_crops
cell_crops,bef8fc69-53e3-4977-93d7-e4ebfaf61c2a,relative_storage_key,cell-crops/7fd7ef40-bc9c-40d1-9e62-62bf0850c6b3/f6e252a5-7924-4e5c-bc63-8b711db60ba0/8a0187a3-03f0-45bd-ac3c-6e47c7999f03/18a7d910-6a53-4f4d-8f08-d43d0f3c467a/crop.png,1154,743c4e7f157ae24f7bc4d5b22fcdd91194774552b24aabc3c1a327d10c978ca3,cell_crops
cell_crops,bf19ba3f-84e1-478d-b4ee-2ce8fbe94e03,relative_storage_key,cell-crops/39265da0-dd1a-4f17-89aa-1e661f9c473f/72553654-6802-48a4-964a-3fa748870a05/afee46ec-494f-4fe6-be85-353a4cfc0b56/a06d6a5c-d681-440e-b0b1-fc4f0747232a/crop.png,7965,9522a0ed180741c1689a275de4838c720aaafa2944af8547129b4e8c2608c833,cell_crops
cell_crops,bf29945a-7d1b-4ec0-9d41-f851c6e3fc1a,relative_storage_key,cell-crops/6dede06e-ae61-4920-bb2c-935cde2a5ff5/60bd296d-21d5-4d22-99bc-a023cb410f35/88dc4c92-8367-4c4d-a59b-da86d01b8d82/891a57c9-cd5d-4a80-8f32-ef64b8b5ef7c/crop.png,3156,686d95cde152304104c76261bcf90bbd674a7de4322940a931b1bdba9743efe3,cell_crops
cell_crops,bfaf36ea-68cb-488e-b812-798d6ccbfce9,relative_storage_key,cell-crops/c6209893-144a-447d-a436-fe89fc140cee/f088ac8e-c214-474d-837d-53532f4ef947/43249c8b-9008-49c9-8246-2b24989143a2/4d340059-4324-4526-a0fc-8aeed7b3045b/crop.png,4155,527597727c08e82f2231bd49304dd4e7a098c6e11e27755abfc3dbc6e6be8507,cell_crops
cell_crops,bfea488b-f447-40a8-a14f-2a184f5c1051,relative_storage_key,cell-crops/7be00fe5-41da-48c5-b2c2-9618f0a7c517/3ebcfc6b-b6e3-40b6-939c-33977196460c/8fa36d4d-c412-435a-a109-923281f0f43d/a9a470ff-0e28-42e6-93a8-8ef5b719d7f8/crop.png,9262,2192c61a82cda81cc0aed73534931b2814be90399c81711b86c60b6078122388,cell_crops
cell_crops,c0216227-351f-4db3-893d-f61c314a0514,relative_storage_key,cell-crops/7fd7ef40-bc9c-40d1-9e62-62bf0850c6b3/f6e252a5-7924-4e5c-bc63-8b711db60ba0/8a0187a3-03f0-45bd-ac3c-6e47c7999f03/539ef470-4156-4725-bc1e-4d0e2cf346d6/crop.png,1880,094f9c14faba76b1a8ac843f4ea34792c1828b5ecf8150dc456ae1659e1a6d95,cell_crops
cell_crops,c03a0af6-d865-473c-b83e-5334963ef60e,relative_storage_key,cell-crops/72906de0-83a0-4e98-940e-735fe5fb2363/c3c7a47a-b9d7-41c8-a8db-3269a23bca95/452e4d39-1e65-4a32-8a6a-e88382ac7aa6/e05ac106-989f-4be7-bab1-a88b0a413d3f/crop.png,8378,da06b9adc795ca3fd454b57de4518d4c050c50cbbcbf41f855bfd8e5f9013818,cell_crops
cell_crops,c03cb552-7cdf-4a99-8ac1-af789b232694,relative_storage_key,cell-crops/59a98cc0-24f4-424a-b208-3fe06063fa47/98626a4c-b3fc-464a-a4fe-90bc886c7647/c0a49ec0-99e0-4b2b-a9e4-1e2ec28655a0/29418232-f4f8-42de-a316-f7ec5a81857f/crop.png,11443,1e187353e0616a31f3e4439b5257f22d637378ac78b4675bc41ce86fdbcdf7df,cell_crops
cell_crops,c05dd796-bb90-4c33-8dd4-d6242c3b14e2,relative_storage_key,cell-crops/fce4a23b-7725-4c69-960b-5c9cd9b68f50/c6ecf996-e832-44ad-89bf-2ca55d1d46d5/5ecbdf28-e01c-4b51-ae7b-f9d88c6b9aa5/773ee3ce-1854-4839-9b75-f3bd11629aeb/crop.png,14918,7bb56b112c99e80c1b1873813661db28ee16f718dac40447e36269d2bb949bb7,cell_crops
cell_crops,c06d6dc8-6929-4c5a-a3ed-4fe2585d48ea,relative_storage_key,cell-crops/6dede06e-ae61-4920-bb2c-935cde2a5ff5/60bd296d-21d5-4d22-99bc-a023cb410f35/88dc4c92-8367-4c4d-a59b-da86d01b8d82/fc2cee6e-6092-445b-bb73-8874e92faa58/crop.png,15550,9d45766fcd1fd2bd876022ef346d390d0df1080c3ec9fb59887ec73c138e73a1,cell_crops
cell_crops,c076de24-bbc1-430f-b892-999c36d3fb64,relative_storage_key,cell-crops/7ef7cff8-899e-428e-b89a-36803c0575b3/04bafb48-259f-4626-82fb-a3359ee3160b/00b8d663-89b1-4dfe-8f8f-9a01bca4688b/9336063b-e995-4250-b26e-f8697bccdfca/crop.png,3349,279a7fa7fc4b9d29f6a301add8061fde56e24e3bf07195fa7ee79cb3b32f493d,cell_crops
cell_crops,c0c1ff2f-4e20-4eed-8fa9-bedc338dee6b,relative_storage_key,cell-crops/214fd936-3c74-4042-937a-3131ff495bdd/5e7bbe13-3cf2-4c2d-9022-31d242f15fb1/c6a30725-877a-4570-819a-de52a6bcb57d/2553b22d-3404-4245-899a-f60341427951/crop.png,2528,777d070e803ac8707ffaa41c9fe7d2a5ca6bf09b5748715958774fd7840d8073,cell_crops
cell_crops,c0c94089-b508-4c76-9332-68973b59f348,relative_storage_key,cell-crops/3a9a3ddd-a6fb-43b7-98e8-82fe65649b10/69a3938d-51bb-45d7-928d-1b35d46634bb/ea56489d-de29-4bcd-bf1e-16e83feedee6/dae72bb3-11c2-4fb5-8111-c9719cb1abe7/crop.png,8179,0511b0711b5f015ed6e98aaab9aae335d6dd18feb02922e621dbd854c71f64da,cell_crops
cell_crops,c0e9b39e-f892-4e82-b119-662d8323905b,relative_storage_key,cell-crops/7ef7cff8-899e-428e-b89a-36803c0575b3/04bafb48-259f-4626-82fb-a3359ee3160b/26ddb17b-1b89-4301-8f40-011ccf0f40dc/bff6fd58-d337-4eb0-b412-9b43aabc4856/crop.png,3336,249e7df71aa27e6257b98ffdc79be28f9ad817e3a5451ad28d09b2c8c90e7a67,cell_crops
cell_crops,c0ea1d2d-5c67-4e9e-bb44-4cf7e0d33594,relative_storage_key,cell-crops/c9a6b7af-881f-47da-980a-1a2c2b743a1c/03505d0f-434b-48ac-ae42-76750f4fbc1a/a0889d56-1430-4a7f-b67c-e21291ac9ed7/2028d243-5a70-4457-8ece-e04a45d73f10/crop.png,6297,9cd0d6942843d1be4113b5c9ad7c63ad3a563d691a05c42bebd50ce77348c5f8,cell_crops
cell_crops,c14bf954-342e-4107-a4c2-0a588dbd7856,relative_storage_key,cell-crops/211b65b9-8b1b-4bc9-bf8e-2572a00a3ecd/85d8a71e-e9ed-4062-a036-52e42dd89720/83b0bdb6-4441-49e8-b6a7-4de634e8d548/34ca4f7a-ba84-4067-97c5-5b5137cd48fb/crop.png,2139,8d01c894164b5f7d946ebdaba24423cc2c663e6cc2dae46949c985d608dfde43,cell_crops
cell_crops,c157fe0a-f17b-4563-adbe-1f1cc9f28347,relative_storage_key,cell-crops/ba5fc281-07c1-46ca-8091-0c13e6753aa4/d33fb4ff-3366-4fff-9806-8ab03314dbd1/18b27447-aed7-42fa-9142-4bab96366973/0815aa48-6dff-467e-8b94-c8534836c946/crop.png,3601,35346bc3594ad16399a552f4943a1d6881d0dcf62267a3d655ce9f0fba945ef1,cell_crops
cell_crops,c162d4fd-7c6b-432b-8183-95fbf3c60b09,relative_storage_key,cell-crops/59a98cc0-24f4-424a-b208-3fe06063fa47/98626a4c-b3fc-464a-a4fe-90bc886c7647/c0a49ec0-99e0-4b2b-a9e4-1e2ec28655a0/0ff2a3d4-b731-4856-a3ef-2690f981dcbb/crop.png,5113,be8e91fa803fdc9df3ede2ea6fe86fb094bbd3607f9be3be1a004ea57230ce19,cell_crops
cell_crops,c1750a82-69a9-48d4-ae01-6237ffe90e27,relative_storage_key,cell-crops/4e1ca921-c5c6-4d89-b035-2d7dd99040d5/b9f975b3-7cd8-4b9a-a2cc-1bd9a76d924c/dc6df3c3-f03e-4261-bd4c-a2df5e0f0d88/5b9aab77-24a4-4e05-bd47-b0c4df54d4dd/crop.png,2583,34642983bd29bdfb08f564865202ab49ce30991794e62a4d8c61d7d8cc616d99,cell_crops
cell_crops,c17e2a2d-6dcc-482b-9dfd-26ec984d967b,relative_storage_key,cell-crops/214fd936-3c74-4042-937a-3131ff495bdd/5e7bbe13-3cf2-4c2d-9022-31d242f15fb1/c6a30725-877a-4570-819a-de52a6bcb57d/4ecc3d6c-0d33-46cd-9943-5edfc4da2415/crop.png,3640,7a51667ac2e2a0ed6b7cf5a6e82e31c223752fc3756f690713d2cd24802222ab,cell_crops
cell_crops,c19c54bb-efd0-47d0-9589-3a2903d0de7c,relative_storage_key,cell-crops/c9a6b7af-881f-47da-980a-1a2c2b743a1c/03505d0f-434b-48ac-ae42-76750f4fbc1a/a0889d56-1430-4a7f-b67c-e21291ac9ed7/b69bc1de-85be-4343-881a-96b840b39a34/crop.png,3670,e671b05cfb3be37b54d653294d607f7450562260fea2668d2241bb4e616513ff,cell_crops
cell_crops,c1a04301-5dca-4e75-8eaa-49900ba8971b,relative_storage_key,cell-crops/54e278de-2381-4a05-8faa-42bf761f6688/50b0884e-ddde-4252-be9d-058151c986c4/f4400105-33b9-4bc0-860b-010b1cf3d386/11030992-e3c7-4f5b-b1e9-5180eb0aa8e5/crop.png,1762,7c17e10f3eafa525ea56ff9b1ba010c0b1167722908fa9a37deae24a6d76f378,cell_crops
cell_crops,c1cceb3d-fc0e-40da-ab34-5cc335dc1dee,relative_storage_key,cell-crops/7ef7cff8-899e-428e-b89a-36803c0575b3/04bafb48-259f-4626-82fb-a3359ee3160b/00b8d663-89b1-4dfe-8f8f-9a01bca4688b/d9896a35-3e49-42ee-9dcf-9ab4a35bdd01/crop.png,2910,3c441e6e13c0ad613d9a1abe2f31a1e40adbea8cf6ef1c59d01d1bdc47ae39f4,cell_crops
cell_crops,c21b09f5-7324-4dfb-817e-1e8cbe6ddd59,relative_storage_key,cell-crops/7ef7cff8-899e-428e-b89a-36803c0575b3/04bafb48-259f-4626-82fb-a3359ee3160b/26ddb17b-1b89-4301-8f40-011ccf0f40dc/8d3bfb1f-5a0c-4103-a2cc-ad5251fe9c67/crop.png,8691,b4bec4dcd7ea2a1ea869ddcdec59c3c101f58793e0e1040a2213ba09346e5a6c,cell_crops
cell_crops,c236e8d4-e227-4eab-84fa-c282d85e3ce5,relative_storage_key,cell-crops/8b912699-0346-4eca-9a3f-992922f65702/c5ca90cc-e321-4501-82f3-a2e0ef0f51a7/51a1e5c5-fac7-4ab5-b6dd-bef48d583434/aa697444-e972-459e-b0c7-4ca0dd682f15/crop.png,10985,6ec209f547d5a3c3fa1714a0e58f5ea82f61af927e9a90ab22a7d63514a99a63,cell_crops
cell_crops,c246d0c5-b888-4711-a045-09d9aef951ad,relative_storage_key,cell-crops/ae68a99c-11f7-457a-88f8-3cef9a144958/618af6de-bfab-495e-8634-e484d620ee21/650c7580-8b2e-4bc4-88e8-bf03c5bb423d/6771b3ae-0d04-4101-bf04-e721c1c06448/crop.png,2437,a34b370632529db22a8e54554fbbbf27e2b3a6b5781f40e567f19a887613afa1,cell_crops
cell_crops,c2566e8e-8eec-435f-ab8b-60b318be5767,relative_storage_key,cell-crops/7fd7ef40-bc9c-40d1-9e62-62bf0850c6b3/f6e252a5-7924-4e5c-bc63-8b711db60ba0/8a0187a3-03f0-45bd-ac3c-6e47c7999f03/86474c43-3c5d-4c6c-bc81-9b4aa48d922c/crop.png,2628,f22904fb1a6d3f78046a146bfd6449063afebd05a3fed3d10ee2376a5e0d5262,cell_crops
cell_crops,c25d2c16-387b-495f-bed3-96647e6b197b,relative_storage_key,cell-crops/c9a6b7af-881f-47da-980a-1a2c2b743a1c/03505d0f-434b-48ac-ae42-76750f4fbc1a/a0889d56-1430-4a7f-b67c-e21291ac9ed7/662e2dd8-f7e4-4eab-8d9e-d502019aa75a/crop.png,2586,77c6d03aa62c72680394409e0e6164f10b0a8c660576afba95119b1828a500ae,cell_crops
cell_crops,c2789b37-45a0-4cd2-bdde-95b9b07526f4,relative_storage_key,cell-crops/e109f86a-afaf-4c6b-8831-0fd7fc4fa7b2/2b113263-4ee7-4c87-a4d5-c689a43626bb/5b7cb03b-f0e6-42de-9aba-d4fb3757ad09/50fbe1a0-6e2b-484f-8e72-f8b4cd80d6ba/crop.png,3781,a401741bacee8557cf51af4dc12948e63a0350c571d6fa1be1c1ea7581894306,cell_crops
cell_crops,c2bbbc5d-e3b7-4db1-93b3-dddb2472b6d7,relative_storage_key,cell-crops/3a9a3ddd-a6fb-43b7-98e8-82fe65649b10/69a3938d-51bb-45d7-928d-1b35d46634bb/ea56489d-de29-4bcd-bf1e-16e83feedee6/72c3ab7b-b310-4c5c-bafa-24092c44d136/crop.png,4150,3919b27764301c7af04f81ed6aa432e0a13dc7b16ec5ec954430611e1b8139a0,cell_crops
cell_crops,c2c8793c-7d30-4356-993d-0aaa4cc1cd0f,relative_storage_key,cell-crops/c9a6b7af-881f-47da-980a-1a2c2b743a1c/03505d0f-434b-48ac-ae42-76750f4fbc1a/a0889d56-1430-4a7f-b67c-e21291ac9ed7/140c6b45-7f0b-4c69-82b5-30b31217a796/crop.png,1668,ef60968a291cbbc3aa218a1a8223d28051a3f1ab7d24c4afec37aaa611d34a7e,cell_crops
cell_crops,c2d9c636-240c-466e-b138-789f7708dbd9,relative_storage_key,cell-crops/7fd7ef40-bc9c-40d1-9e62-62bf0850c6b3/f6e252a5-7924-4e5c-bc63-8b711db60ba0/8a0187a3-03f0-45bd-ac3c-6e47c7999f03/1bab47dd-3c84-40ba-bd9e-3613b8829b14/crop.png,1211,95dde2da836cbbf8916aafcac49e61ab7ee8dd4753ccaeb2c93c95904226d0c8,cell_crops
cell_crops,c32001ba-900a-401e-a7b5-1178285a926f,relative_storage_key,cell-crops/b0a5839c-3668-4411-b590-cc1d8fed470e/bf423fe1-2fc5-4662-9eda-ff1496c1bba9/c2a6cffd-18de-474e-ba04-2bf65b0f4f8c/9dd0fdf3-5710-403e-aa84-cd94a4aaae1e/crop.png,10410,4cced3b798ed40f6c91d44bcfa5ac8ae90fb2a07d7bc62f1df78c657cb23cedb,cell_crops
cell_crops,c322250c-132c-43ec-9b11-6f3ca679d386,relative_storage_key,cell-crops/7fd7ef40-bc9c-40d1-9e62-62bf0850c6b3/f6e252a5-7924-4e5c-bc63-8b711db60ba0/8a0187a3-03f0-45bd-ac3c-6e47c7999f03/1ca7365f-afeb-459e-bac2-5818ce25b06b/crop.png,2827,f70db13e40dec542b387b3b327a1a5326715b1065740002a81a2a331e753977e,cell_crops
cell_crops,c334dd7c-8c8d-4aa9-919f-e78f19f23f33,relative_storage_key,cell-crops/07c71166-93b3-415e-b764-6ca7344238f6/151ee7ee-b609-4e6b-985c-04af59a85470/9c45439d-fd87-46c3-944a-439ab92cbf89/84ea95ef-35e0-46ca-ab87-2e9402434f24/crop.png,1279,b92513b01add5e75d98cfbdcc46f5a864fd9f8e5cb0f30e6255559cdb399d224,cell_crops
cell_crops,c3502766-4bff-4685-bb4d-6724ce8bb6ee,relative_storage_key,cell-crops/7be00fe5-41da-48c5-b2c2-9618f0a7c517/3ebcfc6b-b6e3-40b6-939c-33977196460c/8fa36d4d-c412-435a-a109-923281f0f43d/710a9c86-2eaa-4d79-9f70-bb93623a03f0/crop.png,9812,9fb29efa0b1ead7fe6acffbfe8efc2cb579d5dbebb52e825d2d1a82a4850d835,cell_crops
cell_crops,c3813940-ff7e-46ba-96c7-da717b284999,relative_storage_key,cell-crops/121a69bf-ba23-4014-892b-158b9c2b71a4/aa1323a6-7f80-4e1e-819a-ec182f045f3d/97fb12a0-df7f-455f-8e13-e0383ad3934d/b72dead0-6df1-4eea-9b63-e89f7f992b3e/crop.png,1439,12f2bad7a70bdafd26638ea4637a377adb05bf730415bd94adb67ec8bb3f275b,cell_crops
cell_crops,c3828799-984f-4265-8792-6cd849d4b085,relative_storage_key,cell-crops/fce4a23b-7725-4c69-960b-5c9cd9b68f50/c6ecf996-e832-44ad-89bf-2ca55d1d46d5/5ecbdf28-e01c-4b51-ae7b-f9d88c6b9aa5/1fe5939a-bb41-441f-9219-9d082d3fd066/crop.png,11236,69eb80790b35ddcf80bf5777722c06d9a989d8110827f235f48cab837b6cc92d,cell_crops
cell_crops,c38d8b64-8c21-4dcb-a41b-12d3c90810cc,relative_storage_key,cell-crops/5d9ca4e3-60b1-4a9f-aba0-8a5edd13510a/3f2dc1d9-eb62-44b3-a325-2d8db65a585c/0c7ee510-e240-4b6f-b8bc-352c4dd9aa20/c64272b3-9807-4f44-a467-1db17d0e3bca/crop.png,5114,e06480c5ed5fc5cf85c36c4662c32f0435d810307f18379bf732a21851bbaf98,cell_crops
cell_crops,c3a78def-fc44-49d8-9636-c9102b1d6cb0,relative_storage_key,cell-crops/b0a5839c-3668-4411-b590-cc1d8fed470e/bf423fe1-2fc5-4662-9eda-ff1496c1bba9/c2a6cffd-18de-474e-ba04-2bf65b0f4f8c/33df0de6-f4f3-454f-85e6-f9dbad5db1d2/crop.png,1426,7c6d291c61549f9a7cc45e61465e4118ae54bd47dcc79259892a99e39d574527,cell_crops
cell_crops,c3b89abd-c313-4085-b46b-c220f4178be4,relative_storage_key,cell-crops/e109f86a-afaf-4c6b-8831-0fd7fc4fa7b2/2b113263-4ee7-4c87-a4d5-c689a43626bb/5b7cb03b-f0e6-42de-9aba-d4fb3757ad09/bf269060-7a3e-42d4-a09c-976ec639a775/crop.png,4837,9054502812b0d39e3ed4e1be160f86d56e448019e167a1e38fdaefc9804217f6,cell_crops
cell_crops,c3ed57a1-85d1-459d-95bb-3b31ea024220,relative_storage_key,cell-crops/8b912699-0346-4eca-9a3f-992922f65702/c5ca90cc-e321-4501-82f3-a2e0ef0f51a7/51a1e5c5-fac7-4ab5-b6dd-bef48d583434/3d35d5e1-1409-4bf8-a0c9-60e6efc55837/crop.png,4069,1331751b5e248abe6c2b85eec6f0adec18e5750643cc8ef9cf5ade3c8321c6be,cell_crops
cell_crops,c409cbd7-6e22-4163-aa70-d3ee059337b3,relative_storage_key,cell-crops/54e278de-2381-4a05-8faa-42bf761f6688/50b0884e-ddde-4252-be9d-058151c986c4/f4400105-33b9-4bc0-860b-010b1cf3d386/d7018586-3c50-4b52-94c1-03ac5decd053/crop.png,3173,96bb6df665b4401cce3c06d335da4984dbc93318119899b58ad5073428617d6a,cell_crops
cell_crops,c4381470-438b-4c3c-a285-ce8628f6d608,relative_storage_key,cell-crops/7fd7ef40-bc9c-40d1-9e62-62bf0850c6b3/f6e252a5-7924-4e5c-bc63-8b711db60ba0/8a0187a3-03f0-45bd-ac3c-6e47c7999f03/bc6d9fff-37e2-491d-b247-dd65a013cbf1/crop.png,1827,f8b285fce090d39fd3ca35a073a23378cc1b9942bc06867fe9711f8312c33dc2,cell_crops
cell_crops,c43e1562-bcfc-44b7-a6bc-b7242d27f134,relative_storage_key,cell-crops/9696ad8c-6c01-439f-afa5-29d7f5234348/c6ffc450-182b-4d59-bf0d-1090bd076903/dd3b1716-0bb9-4523-9fa9-61bc274925d8/bc797812-452b-4715-9496-22588b1d5843/crop.png,3448,520962c147ebaa829c531b5bb73a6b01fe096d67d8b5ae4579639ebc7b996441,cell_crops
cell_crops,c43ff0cb-f41a-4afe-aad2-5cbd6e400a83,relative_storage_key,cell-crops/b0a5839c-3668-4411-b590-cc1d8fed470e/bf423fe1-2fc5-4662-9eda-ff1496c1bba9/c2a6cffd-18de-474e-ba04-2bf65b0f4f8c/d4523ce4-b5ad-453f-9ac6-e4de3df349bb/crop.png,1334,6b12e1e4084a5ac42d10ef1cf4a0722771fd1155c26c28cde57b986f8affd752,cell_crops
cell_crops,c444608c-060f-43f7-a209-20573b4071c6,relative_storage_key,cell-crops/7ef7cff8-899e-428e-b89a-36803c0575b3/04bafb48-259f-4626-82fb-a3359ee3160b/00b8d663-89b1-4dfe-8f8f-9a01bca4688b/fb8f1564-051c-49fe-9a81-ab16322b2c7f/crop.png,4749,39ccd1d7d9b60d38c235ec4d7c7839b93e74457b329c13d584d0a2cdb82cec01,cell_crops
cell_crops,c4606ae4-a47a-497a-808e-13afba764a92,relative_storage_key,cell-crops/5d9ca4e3-60b1-4a9f-aba0-8a5edd13510a/3f2dc1d9-eb62-44b3-a325-2d8db65a585c/0c7ee510-e240-4b6f-b8bc-352c4dd9aa20/774e301e-5a85-4599-bdae-172759667be3/crop.png,19304,d38996b49635c9f3646958c0d2f32d5d45f95c7c6e721640130a55fa9710cf45,cell_crops
cell_crops,c4665b95-ef85-4c7c-ac8a-ab814395143f,relative_storage_key,cell-crops/aac2f7a6-e279-42c1-8035-33134bfdf3eb/881590dc-6d13-4137-ba82-d28d2ed5199a/34070251-bc08-40a2-b33a-35ad175a7189/bba8b6b8-4648-425b-9905-449514b4cf99/crop.png,7582,fcc4fb702b0e2da94b26c004b0755ef1514febfd15abc125202e8540d5be3324,cell_crops
cell_crops,c46ef8c7-098d-4d94-a725-6a50c2d99dba,relative_storage_key,cell-crops/52c4864d-1788-41db-a1d2-883ce7d83a58/490887fa-b3af-4136-85dc-8ae66e413acd/bf339bce-cffa-48e9-a044-4b9df2cc36b4/dfef738b-74f3-4464-b6c3-cd320257fa42/crop.png,2021,e18122c5eba11e961e323498ce312f661c90a67aa6bfe04d15251e921db08685,cell_crops
cell_crops,c478e9b2-4bdb-4638-a805-e7868707bbf3,relative_storage_key,cell-crops/7fd7ef40-bc9c-40d1-9e62-62bf0850c6b3/f6e252a5-7924-4e5c-bc63-8b711db60ba0/8a0187a3-03f0-45bd-ac3c-6e47c7999f03/abad964b-377f-4ced-8833-b332f2beb0c8/crop.png,24978,4d073f553edad040cc0bf42cfc2cb973450481ae0e207ee2e9e61ff1af2978e3,cell_crops
cell_crops,c4795490-9f1f-4525-b496-6421c4d880b5,relative_storage_key,cell-crops/b0a5839c-3668-4411-b590-cc1d8fed470e/bf423fe1-2fc5-4662-9eda-ff1496c1bba9/c2a6cffd-18de-474e-ba04-2bf65b0f4f8c/d1b47280-033d-4aeb-a844-0e0b90409c14/crop.png,8897,cee31204a5719cd91ed9fe845db1ee873f6bd1c51cb3ff0e18bbac84d5fbc597,cell_crops
cell_crops,c47ec4f9-f75c-404f-bf2a-b556e97fdee7,relative_storage_key,cell-crops/07c71166-93b3-415e-b764-6ca7344238f6/151ee7ee-b609-4e6b-985c-04af59a85470/9c45439d-fd87-46c3-944a-439ab92cbf89/c69ec4d7-7c45-4a48-ae25-c7b368924528/crop.png,1500,2afe86339860c87d2470bfe7978097ad45cb84aa068ae2b33951f369b56f9811,cell_crops
cell_crops,c49c2d38-08d3-4e91-b5b5-11f7d8ebc6c1,relative_storage_key,cell-crops/7a11c0f4-a9d7-4446-a5f2-437ffc334a6c/0ff18f89-6fbd-4755-8e89-15227de46f41/3dca4192-f767-48f3-a7e8-59e22d9db3f9/5d45f2ae-cdeb-47e8-97aa-450822964edb/crop.png,6414,958183ffcaf969c2973f47812f5aade6d02721245e71987359b12bb9014c8f4b,cell_crops
cell_crops,c4b79576-c7c3-43eb-a90d-f62edc74b766,relative_storage_key,cell-crops/214fd936-3c74-4042-937a-3131ff495bdd/5e7bbe13-3cf2-4c2d-9022-31d242f15fb1/c6a30725-877a-4570-819a-de52a6bcb57d/da668de5-b248-4d9b-92c5-165554961c85/crop.png,5293,45f651a6b27589f82945ed681342ae3b0a729525de1d4870d67a0f4c64675fa3,cell_crops
cell_crops,c4b7e710-7261-489e-a362-6ec33a1f880c,relative_storage_key,cell-crops/7ef7cff8-899e-428e-b89a-36803c0575b3/04bafb48-259f-4626-82fb-a3359ee3160b/26ddb17b-1b89-4301-8f40-011ccf0f40dc/f4b3017e-1e11-4c74-9c2f-8faa60c516d7/crop.png,3715,e4012736878b7a669a5b3eb829441e6b48215be50b60cb80c9f6146c8cd757e3,cell_crops
cell_crops,c4c60194-9c2c-49cf-8539-3c6b4c140ff3,relative_storage_key,cell-crops/1c49de91-f3ba-4794-8cbd-62bc966049c5/1007bc39-4bca-4a32-9069-5c8180b174db/cdcfc6c7-12a5-4405-8fb1-213826f88d05/10425818-7b8d-48b9-82d1-7ec482658c8f/crop.png,6490,93cbc42c7b96163764520581fd5f1c517d5a4ff3467c4b182d8ceff233df7bf7,cell_crops
cell_crops,c4ef180a-9b17-446d-be89-a531ac0535f7,relative_storage_key,cell-crops/4e1ca921-c5c6-4d89-b035-2d7dd99040d5/b9f975b3-7cd8-4b9a-a2cc-1bd9a76d924c/dc6df3c3-f03e-4261-bd4c-a2df5e0f0d88/1305bdf2-3070-4c03-8af9-7668633d7530/crop.png,1510,4d67eb28bbdc51002652eeb22355711f65964566a4f3acaa167839d168ce1148,cell_crops
cell_crops,c4f46b25-8e28-49d6-bdf0-02baf86dcae9,relative_storage_key,cell-crops/4e1ca921-c5c6-4d89-b035-2d7dd99040d5/b9f975b3-7cd8-4b9a-a2cc-1bd9a76d924c/dc6df3c3-f03e-4261-bd4c-a2df5e0f0d88/618ee3f8-1dc9-4cfd-9f13-163d9a2341ae/crop.png,13351,a83bf94cfaba0e61c8cb043bd05e6f6c4dcc4188c5adfaa4bb3509288e2726ea,cell_crops
cell_crops,c4fcf71b-80d2-46b6-ac66-07da47e64e21,relative_storage_key,cell-crops/1c49c468-795c-45ed-98a4-e3670ddd5182/2f40a287-e0d5-4ab9-919e-a1ddfe57b9bd/2ac85463-e0b3-4c27-bb72-7ffdae1f53ab/69dc5c46-2c32-4955-a749-2e4556a5b432/crop.png,4979,6ef204974bf035f96424d45c6161f2e715b637424bcd66614cedbbcd9184fa63,cell_crops
cell_crops,c5076806-9320-4e08-9765-23d00d776c9c,relative_storage_key,cell-crops/39265da0-dd1a-4f17-89aa-1e661f9c473f/72553654-6802-48a4-964a-3fa748870a05/afee46ec-494f-4fe6-be85-353a4cfc0b56/253881df-bf94-4471-ad71-35a4b396861b/crop.png,5469,b95ed23c6d833f033f3b4e8fe3c832d0aa4f015f513ece08764622de576a04dc,cell_crops
cell_crops,c519135a-de95-4d53-9b01-4832b6fb03d9,relative_storage_key,cell-crops/b0a5839c-3668-4411-b590-cc1d8fed470e/bf423fe1-2fc5-4662-9eda-ff1496c1bba9/c2a6cffd-18de-474e-ba04-2bf65b0f4f8c/7391f431-14ce-4b61-8428-0e3fde4ba111/crop.png,1337,1f1c82a743fc6cdc92e09c6eae0bc1a33ee6906840675f645838ce9e80555b78,cell_crops
cell_crops,c51d9917-cf0b-4e1d-b46f-74f97a360009,relative_storage_key,cell-crops/fce4a23b-7725-4c69-960b-5c9cd9b68f50/c6ecf996-e832-44ad-89bf-2ca55d1d46d5/5ecbdf28-e01c-4b51-ae7b-f9d88c6b9aa5/f05f89c1-1f84-40f5-b65c-ee84d2b87c46/crop.png,3988,9508a280e666eed6eb73b70e0890fcde71b5969d5fa98020116934cadde9bd23,cell_crops
cell_crops,c529a258-c799-43a0-9d00-1312fe7ba963,relative_storage_key,cell-crops/db1855bf-e94d-43ea-86dc-5c1d21c82206/70a62caf-67c3-44f5-8752-596e9432c4ca/f914626e-fa1c-483a-ac2d-a7ebce6130f5/3c1a57c7-d97c-455a-b369-9a4f2d8a9887/crop.png,7634,8186bb432da3a97308eae197705e3d75dd5b37a3d9d06313b9d11399f4fe55b7,cell_crops
cell_crops,c539239c-067c-4a43-8ed9-6031d6af6947,relative_storage_key,cell-crops/93807208-985b-4d70-bb43-c7843db4141d/f4a29ede-288f-42ba-abf0-32395606ffc4/8d3b080d-2f56-4175-b76a-dc309555e9de/33c4650c-db10-4489-8bf9-502131b527a4/crop.png,1197,91d0277f0a2e38da154331d457c39b7f8e6f376ef313dfca39533504891cb1f9,cell_crops
cell_crops,c53cbcb7-2d43-481d-aa47-f4c5651b4a2d,relative_storage_key,cell-crops/05b33155-8921-4eb9-9920-af67decfe454/6278de2c-44dd-4a75-aca2-9708e58437ba/92e2e64a-1c82-402b-b24d-75d43d50a17f/79a97cc9-4b34-4ce3-af6c-957b8c57acdd/crop.png,4953,d05e8aa07792215cad6c88df456968a89dfc6588f0adf98e4fff8af108d035e1,cell_crops
cell_crops,c5418bdb-f01a-4e82-a346-9528bdf9b079,relative_storage_key,cell-crops/7fd7ef40-bc9c-40d1-9e62-62bf0850c6b3/f6e252a5-7924-4e5c-bc63-8b711db60ba0/8a0187a3-03f0-45bd-ac3c-6e47c7999f03/6cecdbd6-fc73-4526-86f4-39c0c7c9e04f/crop.png,2425,4b0c8e88b9cfa90f958b41d207ffadf66ef6fd810612e9fc3bfaf309ba9f34b5,cell_crops
cell_crops,c5464207-389a-4ddd-b4f3-d7236ef31369,relative_storage_key,cell-crops/7fd7ef40-bc9c-40d1-9e62-62bf0850c6b3/f6e252a5-7924-4e5c-bc63-8b711db60ba0/8a0187a3-03f0-45bd-ac3c-6e47c7999f03/066d9dbf-0cec-47eb-8774-8261e1f8c729/crop.png,1451,985fcc17d6a938c5f92150a2655c83d6d2f2dcc6b0c685b0cba8ae00a522d478,cell_crops
cell_crops,c5697525-2b32-40ae-ad46-ad8c71363874,relative_storage_key,cell-crops/7be00fe5-41da-48c5-b2c2-9618f0a7c517/3ebcfc6b-b6e3-40b6-939c-33977196460c/8fa36d4d-c412-435a-a109-923281f0f43d/a93f3907-13f7-454d-898f-a864270c3a26/crop.png,3976,d1204586405e33a7342f4430adaeb47d2a9725638b13e1ff9ef138875175cde9,cell_crops
cell_crops,c58ba977-c701-4b92-8d08-8c7c09ab83e7,relative_storage_key,cell-crops/e11b10f7-d1c3-4d6a-9e69-a4b6bc1abc46/1db1a505-3eaf-456d-b123-7b9f8ee77762/339d62a6-0363-472b-b2e3-4a7befd2c42f/acef2005-cf9a-4346-af2e-4ae767a23b2c/crop.png,1220,c4f20ea2e172a5046bb0710dcf83a8fc9e3453acae2d51c10e2ce026ac9dd572,cell_crops
cell_crops,c598cfce-48fa-46ca-b87b-4e0f71da8dcb,relative_storage_key,cell-crops/c6209893-144a-447d-a436-fe89fc140cee/f088ac8e-c214-474d-837d-53532f4ef947/43249c8b-9008-49c9-8246-2b24989143a2/66f839dc-9db8-44e6-aa20-ea18fc118375/crop.png,3214,e301688354640f5e7eb2f04809035d4be10dbbeeed8f8aead3c1b4f9c1320825,cell_crops
cell_crops,c5ac4464-fbe8-4b3f-9635-9608334e1d3f,relative_storage_key,cell-crops/211b65b9-8b1b-4bc9-bf8e-2572a00a3ecd/85d8a71e-e9ed-4062-a036-52e42dd89720/83b0bdb6-4441-49e8-b6a7-4de634e8d548/0e21cfa3-6557-49ce-aed2-e4b9a5180aaa/crop.png,3321,b35bf6b0b87664231176f52982114f9946de927688861c0f8b0f5a11f120facb,cell_crops
cell_crops,c5ae1343-f2ab-4d21-92c3-3ef7e61ba9ec,relative_storage_key,cell-crops/7fd7ef40-bc9c-40d1-9e62-62bf0850c6b3/f6e252a5-7924-4e5c-bc63-8b711db60ba0/8a0187a3-03f0-45bd-ac3c-6e47c7999f03/5ad1aa32-a104-4956-8b86-d8f20e353caf/crop.png,1323,43ff9a30a1f1a6801a6a26e4610b0a26e597195c726864b2ffaf02677a545e39,cell_crops
cell_crops,c5c17d5d-4540-4631-aa8b-3b68d3666de0,relative_storage_key,cell-crops/121a69bf-ba23-4014-892b-158b9c2b71a4/aa1323a6-7f80-4e1e-819a-ec182f045f3d/97fb12a0-df7f-455f-8e13-e0383ad3934d/f6decc27-55aa-4138-81ab-a90e96529ffd/crop.png,3772,84803eded8b459388696248cce99579d535f433eff2bf713981df5f4791f643f,cell_crops
cell_crops,c5d1bb52-9aae-4768-982d-81d9bd373cb6,relative_storage_key,cell-crops/bc8b8317-c17d-4b7a-b737-5e40120559e2/8c8e678b-a6c7-4b8c-b4c0-d34745f32fe3/25cb85d9-3b89-46ca-982a-f71517c971ee/f6e03021-f1e6-4027-96e7-3904fde86367/crop.png,10447,423a2225d21a94fa10934945475c0d96e5934720512899bcd05daeecae1570c9,cell_crops
cell_crops,c5ef3cae-78cb-4745-bc4f-6621979a2ef6,relative_storage_key,cell-crops/214fd936-3c74-4042-937a-3131ff495bdd/5e7bbe13-3cf2-4c2d-9022-31d242f15fb1/c6a30725-877a-4570-819a-de52a6bcb57d/797555cc-de12-49b2-a408-8892b8f34ece/crop.png,3364,70c6f60d430abce6a0400332e771dcc2fb9293f7c37da163631284b05519fe84,cell_crops
cell_crops,c612b50d-738d-4141-99ec-5dbdbebb19e2,relative_storage_key,cell-crops/7be00fe5-41da-48c5-b2c2-9618f0a7c517/3ebcfc6b-b6e3-40b6-939c-33977196460c/8fa36d4d-c412-435a-a109-923281f0f43d/01fab430-74c3-4b5c-9c97-3ccb22cfc144/crop.png,3950,e9216f722f86d5f3802c3d578efcfa3cc0b2379501ed9c98f7230e856bdbdbb3,cell_crops
cell_crops,c627203c-5265-4ee7-9597-41a88c59805c,relative_storage_key,cell-crops/1c49de91-f3ba-4794-8cbd-62bc966049c5/1007bc39-4bca-4a32-9069-5c8180b174db/cdcfc6c7-12a5-4405-8fb1-213826f88d05/fc503e0b-144f-4bc8-b4c3-489be7b41dad/crop.png,5810,52c0873d26a954bd8fc886163c5753366a9bd1cc343562d40660789b785a0553,cell_crops
cell_crops,c6274f6f-0353-4d6d-bfd8-dd67021196cb,relative_storage_key,cell-crops/aac2f7a6-e279-42c1-8035-33134bfdf3eb/881590dc-6d13-4137-ba82-d28d2ed5199a/34070251-bc08-40a2-b33a-35ad175a7189/1b838358-4754-4ba4-b1fa-7e729b845bee/crop.png,6490,93cbc42c7b96163764520581fd5f1c517d5a4ff3467c4b182d8ceff233df7bf7,cell_crops
cell_crops,c64fb5ae-9080-4262-b38a-de1b1e7b1132,relative_storage_key,cell-crops/93807208-985b-4d70-bb43-c7843db4141d/f4a29ede-288f-42ba-abf0-32395606ffc4/8d3b080d-2f56-4175-b76a-dc309555e9de/76b7d9df-61ac-4a6a-8954-f02fbb10925e/crop.png,3651,90b343dc1d3c6bae1c4a1fd71513793ec638285b0378559c6aad32d47bab9ccb,cell_crops
cell_crops,c6511460-1cfb-4119-8981-2b3c33c856f4,relative_storage_key,cell-crops/05b33155-8921-4eb9-9920-af67decfe454/6278de2c-44dd-4a75-aca2-9708e58437ba/92e2e64a-1c82-402b-b24d-75d43d50a17f/6a41b556-94ec-44e3-b6df-54516b83dd0a/crop.png,6437,b3ad00c19433c7f7b70761520ebfbe2a75a3619e090628f50522ffef7bca9ef0,cell_crops
cell_crops,c65fad71-11c0-4f3b-8bad-2294b987a49c,relative_storage_key,cell-crops/07c71166-93b3-415e-b764-6ca7344238f6/151ee7ee-b609-4e6b-985c-04af59a85470/9c45439d-fd87-46c3-944a-439ab92cbf89/5e3ba614-4588-40c2-9d90-62146fcfda96/crop.png,2576,0e12e5d5b7de7ee630ecdc89a839da9ceed973b8e9bb8d3017b81cc0aaf4600e,cell_crops
cell_crops,c6602216-226c-4de3-9282-4dcacec5e098,relative_storage_key,cell-crops/52c4864d-1788-41db-a1d2-883ce7d83a58/490887fa-b3af-4136-85dc-8ae66e413acd/bf339bce-cffa-48e9-a044-4b9df2cc36b4/170e3b00-285a-4065-8ceb-92d59463bf6f/crop.png,1336,ac8a9e31a54da749b216a2888e343220413636cb4556563d162cbe33917617e9,cell_crops
cell_crops,c6663a8d-cfc0-4f92-be77-e5a5c928424c,relative_storage_key,cell-crops/211b65b9-8b1b-4bc9-bf8e-2572a00a3ecd/85d8a71e-e9ed-4062-a036-52e42dd89720/83b0bdb6-4441-49e8-b6a7-4de634e8d548/33a2a307-ed72-4e92-8e8d-58b68617b6ff/crop.png,1143,8b742c004a7f19e33a5c5cdb7d7ad0c8417b80a726732a6e4558cfb5c889c670,cell_crops
cell_crops,c68b1f74-3e55-49c5-8864-8d5b5930c47e,relative_storage_key,cell-crops/6dede06e-ae61-4920-bb2c-935cde2a5ff5/60bd296d-21d5-4d22-99bc-a023cb410f35/88dc4c92-8367-4c4d-a59b-da86d01b8d82/0fcc8ba6-2933-4e1c-9179-2de5f7218169/crop.png,723,1cabfcce739320ede756740be85d17e486026f8d632642d14270611f2c71b243,cell_crops
cell_crops,c696c9a2-1b1e-4dcf-be88-145ab3489cb5,relative_storage_key,cell-crops/7ef7cff8-899e-428e-b89a-36803c0575b3/04bafb48-259f-4626-82fb-a3359ee3160b/00b8d663-89b1-4dfe-8f8f-9a01bca4688b/32fefed6-0272-41b1-bb52-68315655a840/crop.png,4108,e1b8b4dcbf87bec30b3880d6ad2ffe464a950aeb59bc0726d6d6ae874bba1665,cell_crops
cell_crops,c69be2e9-11cb-4674-b0ed-9a0647408aab,relative_storage_key,cell-crops/7be00fe5-41da-48c5-b2c2-9618f0a7c517/3ebcfc6b-b6e3-40b6-939c-33977196460c/8fa36d4d-c412-435a-a109-923281f0f43d/533496d9-92a6-4437-a4be-7e6850feda22/crop.png,5828,c69d2991aa8238ab1f323e36a03e7fb8178775e6e68793affde01061d1e11b55,cell_crops
cell_crops,c6c01dea-0905-4321-97e6-69b0b97ef975,relative_storage_key,cell-crops/b0a5839c-3668-4411-b590-cc1d8fed470e/bf423fe1-2fc5-4662-9eda-ff1496c1bba9/c2a6cffd-18de-474e-ba04-2bf65b0f4f8c/f1b02461-00c9-40ad-a620-f334a125abc0/crop.png,1459,24ec2aef0c53ee4befdaa7aefafab43da6e93625dc09241056d26cd8ab562627,cell_crops
cell_crops,c6d781a3-cadc-4db1-be99-942ab4e0f222,relative_storage_key,cell-crops/ae68a99c-11f7-457a-88f8-3cef9a144958/618af6de-bfab-495e-8634-e484d620ee21/650c7580-8b2e-4bc4-88e8-bf03c5bb423d/3fc8f929-3359-4b2e-803c-4c53b2eb7142/crop.png,5376,ff33668ef39d4767fa9593193b7253891639171d6f3b285348f676a505e7d25f,cell_crops
cell_crops,c6ebfbde-3ff8-4b84-9e75-d3acaad68151,relative_storage_key,cell-crops/39265da0-dd1a-4f17-89aa-1e661f9c473f/72553654-6802-48a4-964a-3fa748870a05/afee46ec-494f-4fe6-be85-353a4cfc0b56/0ae946a5-5f20-442f-8fa0-775245bf3d8e/crop.png,4117,42cf57dfcafcb9bf45f6c839703a338e62fdb0bb7884018f1171653c86118ce3,cell_crops
cell_crops,c6fe869e-40f7-49cf-bf43-620da7a05e95,relative_storage_key,cell-crops/7ef7cff8-899e-428e-b89a-36803c0575b3/04bafb48-259f-4626-82fb-a3359ee3160b/00b8d663-89b1-4dfe-8f8f-9a01bca4688b/584b4963-bb23-403f-9f36-17ed52ef15d8/crop.png,4423,a6ca3c6895f2af181c8f0a3c3f0d1d49cbc20e89635fdbd2d35bc9a456680623,cell_crops
cell_crops,c7079759-6c16-4cd3-9b16-c38939223770,relative_storage_key,cell-crops/4383bcb6-1595-4b3c-9c6f-ced12863a762/f6d15c09-591e-4808-aff5-02f7c8c4d239/25a1a8fb-90d3-4cfb-b43b-20ee3b4b7788/a492ed75-5642-4b82-adbc-6719583a7099/crop.png,4846,85b8ecf4b5e01f4cdb8ac7105e4f31a1dd08dccec92eb05a196a3530695ee2e1,cell_crops
cell_crops,c70f1a9a-a823-452e-bc75-7f8d1e1bf6ba,relative_storage_key,cell-crops/9696ad8c-6c01-439f-afa5-29d7f5234348/c6ffc450-182b-4d59-bf0d-1090bd076903/dd3b1716-0bb9-4523-9fa9-61bc274925d8/c551bfa3-0239-425f-a8a0-6c35069f537a/crop.png,8811,c6f9ecee2bf5d59c5e1153291d1ae01327a39f80986ddde4c5d36240efca42ce,cell_crops
cell_crops,c71fd695-b103-4282-93c3-a01ad226177b,relative_storage_key,cell-crops/7a11c0f4-a9d7-4446-a5f2-437ffc334a6c/0ff18f89-6fbd-4755-8e89-15227de46f41/3dca4192-f767-48f3-a7e8-59e22d9db3f9/cbe3ec61-bd66-4248-a267-4746dc54573e/crop.png,4127,36f84f250b450dee92f5ce5cd0adba170e6e9adee8021e574b667a8ac98f2490,cell_crops
cell_crops,c777aafe-aca3-4172-805e-29123200f0ed,relative_storage_key,cell-crops/ae68a99c-11f7-457a-88f8-3cef9a144958/618af6de-bfab-495e-8634-e484d620ee21/650c7580-8b2e-4bc4-88e8-bf03c5bb423d/7dc41312-256b-4608-ae43-b09ba307d474/crop.png,1371,19df4c322c04b160597d8fe287d5136f4a19c0e953d5d6ce7eb68f42dac817b0,cell_crops
cell_crops,c79564c4-3802-4445-b51e-fb7338eee2e8,relative_storage_key,cell-crops/93807208-985b-4d70-bb43-c7843db4141d/f4a29ede-288f-42ba-abf0-32395606ffc4/8d3b080d-2f56-4175-b76a-dc309555e9de/8b344edd-3e5d-40c3-adad-bf911dfb44fc/crop.png,9812,9fb29efa0b1ead7fe6acffbfe8efc2cb579d5dbebb52e825d2d1a82a4850d835,cell_crops
cell_crops,c79a31e6-d5ce-49e7-ba0d-a663a9ce7039,relative_storage_key,cell-crops/4e1ca921-c5c6-4d89-b035-2d7dd99040d5/b9f975b3-7cd8-4b9a-a2cc-1bd9a76d924c/dc6df3c3-f03e-4261-bd4c-a2df5e0f0d88/bf79602c-1476-41a6-a7fa-84585b00072c/crop.png,1371,19df4c322c04b160597d8fe287d5136f4a19c0e953d5d6ce7eb68f42dac817b0,cell_crops
cell_crops,c79bb11b-3b0c-491f-9f84-7815c63aeffd,relative_storage_key,cell-crops/b0a5839c-3668-4411-b590-cc1d8fed470e/bf423fe1-2fc5-4662-9eda-ff1496c1bba9/c2a6cffd-18de-474e-ba04-2bf65b0f4f8c/fcbaacab-0f75-41a9-bdfc-e84cd0614fe0/crop.png,1633,615334fbb85912d32be0633bd6ef1c3df1a7110ad39748bbd8296e30665d545c,cell_crops
cell_crops,c7b76d48-07f5-466e-b006-9da39d83ba24,relative_storage_key,cell-crops/b0a5839c-3668-4411-b590-cc1d8fed470e/bf423fe1-2fc5-4662-9eda-ff1496c1bba9/c2a6cffd-18de-474e-ba04-2bf65b0f4f8c/a40bdc54-5048-46d8-8899-0cc336235da2/crop.png,3125,7071920060b00588a8b29b960c1702da9f43aa3cd62dfd3f4f2f30950a0a6924,cell_crops
cell_crops,c7bda59e-1d8a-44b7-86e1-8b42a7492af6,relative_storage_key,cell-crops/b0a5839c-3668-4411-b590-cc1d8fed470e/bf423fe1-2fc5-4662-9eda-ff1496c1bba9/c2a6cffd-18de-474e-ba04-2bf65b0f4f8c/ee6c805c-0283-4173-9483-59c8223f897b/crop.png,1323,43ff9a30a1f1a6801a6a26e4610b0a26e597195c726864b2ffaf02677a545e39,cell_crops
cell_crops,c7bdfe53-d5a7-4766-b854-dd47b97fcb19,relative_storage_key,cell-crops/1c49de91-f3ba-4794-8cbd-62bc966049c5/1007bc39-4bca-4a32-9069-5c8180b174db/cdcfc6c7-12a5-4405-8fb1-213826f88d05/671583e9-f8d0-49e2-bda5-16be454efb5a/crop.png,12738,a5c83eefced829afe94a8ca54553fdaa01272248a3692ba49aad272af6627999,cell_crops
cell_crops,c7dc4f38-f590-4771-a715-ef1ccae28dd3,relative_storage_key,cell-crops/52c4864d-1788-41db-a1d2-883ce7d83a58/490887fa-b3af-4136-85dc-8ae66e413acd/bf339bce-cffa-48e9-a044-4b9df2cc36b4/05a72df1-a50b-4846-9a4c-b73a2e69a04c/crop.png,1323,43ff9a30a1f1a6801a6a26e4610b0a26e597195c726864b2ffaf02677a545e39,cell_crops
cell_crops,c7ed1cc8-daa5-47b7-9653-168c5487605b,relative_storage_key,cell-crops/93807208-985b-4d70-bb43-c7843db4141d/f4a29ede-288f-42ba-abf0-32395606ffc4/8d3b080d-2f56-4175-b76a-dc309555e9de/808671d4-fcea-431f-8f6c-9d24ce5a1f45/crop.png,5114,e06480c5ed5fc5cf85c36c4662c32f0435d810307f18379bf732a21851bbaf98,cell_crops
cell_crops,c7f55b8d-f7c0-4128-aec4-6c37c8dfedf1,relative_storage_key,cell-crops/bc8b8317-c17d-4b7a-b737-5e40120559e2/8c8e678b-a6c7-4b8c-b4c0-d34745f32fe3/25cb85d9-3b89-46ca-982a-f71517c971ee/e37fbc75-837e-4412-a473-3877c0863300/crop.png,6917,9eaa30e5e8248300887a4b720091cdf079dfe586eb1f4d4f3e7892a626481f20,cell_crops
cell_crops,c7fa4578-eefc-495b-b100-cea21e794fbb,relative_storage_key,cell-crops/211b65b9-8b1b-4bc9-bf8e-2572a00a3ecd/85d8a71e-e9ed-4062-a036-52e42dd89720/83b0bdb6-4441-49e8-b6a7-4de634e8d548/c5977bef-9edd-4305-921b-e3e10c11728a/crop.png,8646,a1301ab2eb073e7076d094b5fbf5b112bcbca73b911d4f5e341e54c8eeaa5d5a,cell_crops
cell_crops,c8395ab9-3ef8-4582-8dc9-7802428c3527,relative_storage_key,cell-crops/25afdd28-85df-4a2a-9dab-2727ced6821b/f5668b77-a7c4-4ed2-aade-94bbf92900cf/08cd9b57-9a64-410c-8133-1dbdbf2e697c/884cc34e-94e9-490a-be78-df1b98e91292/crop.png,9347,3812f82f5f937396214019d6fe7e2815bc1196270b3f8da3bc1eeffa1fb5e739,cell_crops
cell_crops,c86afa92-6608-4226-9ea9-4cd6dde12b78,relative_storage_key,cell-crops/05b33155-8921-4eb9-9920-af67decfe454/6278de2c-44dd-4a75-aca2-9708e58437ba/92e2e64a-1c82-402b-b24d-75d43d50a17f/e035aae4-56fe-4996-97de-d3ee89d65833/crop.png,2797,2985ea0abd96b5301e878eb8919f64c5ed7d07858d473124923ac54eb8073eb7,cell_crops
cell_crops,c8ce3bf6-063f-4f25-b9ee-ac972341303e,relative_storage_key,cell-crops/3a9a3ddd-a6fb-43b7-98e8-82fe65649b10/69a3938d-51bb-45d7-928d-1b35d46634bb/ea56489d-de29-4bcd-bf1e-16e83feedee6/2e63e59e-c20b-4f57-a024-45b798d58354/crop.png,8015,3b4a3bf0ca5a5c494722aa53cc58970466597513dcfc0ea4a948fa8e9a82d1e5,cell_crops
cell_crops,c9119f59-d096-474c-b85a-55c0969cc165,relative_storage_key,cell-crops/8122e340-548f-40df-9dd4-ed43859605ff/ed18ce4e-6fb0-4f1f-b313-c9d76617210c/8cb2cae1-c3e1-487c-a274-4385f339dded/e97a3b73-1694-4aff-b8b0-5f6b02022cb0/crop.png,11414,9adcec35243a42b203bf62bc8bdd372dbcc14d55bb53d7cecbe4f5f4c168b0e8,cell_crops
cell_crops,c93feba8-81da-4d07-b822-b2709420e087,relative_storage_key,cell-crops/b0a5839c-3668-4411-b590-cc1d8fed470e/bf423fe1-2fc5-4662-9eda-ff1496c1bba9/c2a6cffd-18de-474e-ba04-2bf65b0f4f8c/e65c594c-95ca-4762-b880-4afea6ce04fc/crop.png,2587,1112683faf466feda3e01d328cd17c3932a891f3cfc36eeb6a7812cdcd02b9fe,cell_crops
cell_crops,c9427657-9d1f-457d-b024-22204d1a0235,relative_storage_key,cell-crops/54e278de-2381-4a05-8faa-42bf761f6688/50b0884e-ddde-4252-be9d-058151c986c4/f4400105-33b9-4bc0-860b-010b1cf3d386/c3688d4b-eb8d-49fa-a775-2a7248e6c38e/crop.png,2133,da05ce4c43c9567c1fc8dd64674e2cff13bdb1caa71eb45eb45e884f0aaa816c,cell_crops
cell_crops,c953ecaf-4992-4247-add7-c7e65e9a621c,relative_storage_key,cell-crops/e11b10f7-d1c3-4d6a-9e69-a4b6bc1abc46/1db1a505-3eaf-456d-b123-7b9f8ee77762/339d62a6-0363-472b-b2e3-4a7befd2c42f/8b574510-df5a-4f1e-9784-5bd410b6cf81/crop.png,5164,878d44b8d5ff45bb976a271799d16fd0b217a6cd1dbed5233c43564500defaad,cell_crops
cell_crops,c95944e1-512f-45fa-8a6d-ecaa94c2c8f0,relative_storage_key,cell-crops/25afdd28-85df-4a2a-9dab-2727ced6821b/f5668b77-a7c4-4ed2-aade-94bbf92900cf/08cd9b57-9a64-410c-8133-1dbdbf2e697c/2771dd88-7ae3-446c-b740-7e9caae240fe/crop.png,1398,9be418d61768e325124bfad05accbd038cea5d7bebf9e0b2576d2a6847b452bf,cell_crops
cell_crops,c971a31d-7946-4593-89f1-dc12572826cf,relative_storage_key,cell-crops/07c71166-93b3-415e-b764-6ca7344238f6/151ee7ee-b609-4e6b-985c-04af59a85470/9c45439d-fd87-46c3-944a-439ab92cbf89/19625896-2de3-4682-a3c5-83e3e6d22d1f/crop.png,2688,15cbe0f1ccf7e7a6ceff0db8e60a7b7e3c695b5b1def4346e1e93541c159c68d,cell_crops
cell_crops,c97b397d-4f83-4fc0-880b-e0e4ee3d2052,relative_storage_key,cell-crops/5ad2e702-acee-4f0a-9a01-8a2ba6b24733/1abc6f5a-ce2e-4d43-a7b2-9323cf7efa1c/13514ba4-7c6f-40a0-a6d6-573684da9510/c14d5ef6-c117-49f1-b555-fb9d419c6e6b/crop.png,7802,8bdadec2afea19de59712b01bfdd6c42f812f12efd50976fa90624d0359be78a,cell_crops
cell_crops,c97e09ba-0864-49fd-b83e-2a933e36e7bc,relative_storage_key,cell-crops/8b912699-0346-4eca-9a3f-992922f65702/c5ca90cc-e321-4501-82f3-a2e0ef0f51a7/51a1e5c5-fac7-4ab5-b6dd-bef48d583434/3d1a215b-d114-4853-b23f-ea56c890e31f/crop.png,5184,2247706d821c0e8a906b9e370d752e0f05a76558db6604256deeef1c36fa1301,cell_crops
cell_crops,c98a1a93-9cad-4503-ba2f-57b381b66502,relative_storage_key,cell-crops/7a11c0f4-a9d7-4446-a5f2-437ffc334a6c/0ff18f89-6fbd-4755-8e89-15227de46f41/3dca4192-f767-48f3-a7e8-59e22d9db3f9/e374c1fc-f142-46aa-9459-5cb04f0656bc/crop.png,3665,440db83c1fec1edacdde70f0c5be665f85937cae217a0eeb83c0b1a7d923b788,cell_crops
cell_crops,c98deeee-3c96-4d51-a334-6485970e16d6,relative_storage_key,cell-crops/05b33155-8921-4eb9-9920-af67decfe454/6278de2c-44dd-4a75-aca2-9708e58437ba/92e2e64a-1c82-402b-b24d-75d43d50a17f/896e61a1-8f31-4be0-a21c-cd98b68c64e1/crop.png,1551,0d14e6d9f943c7c017b9ce99989288b007e5e7e27d90e4740f8139e738b1415c,cell_crops
cell_crops,c98f799f-5ccd-4e5d-acdf-70f0a7b0623c,relative_storage_key,cell-crops/7be00fe5-41da-48c5-b2c2-9618f0a7c517/3ebcfc6b-b6e3-40b6-939c-33977196460c/8fa36d4d-c412-435a-a109-923281f0f43d/5e37f8fc-e57e-4310-b41a-ffe5f2a58563/crop.png,3902,7f14709a32e5b80166cf0ae5043ac283668a398dd696298a41dd1f6e1d5c3f5f,cell_crops
cell_crops,c992004c-59a8-47d3-9a12-cc5857a8bd36,relative_storage_key,cell-crops/c9a6b7af-881f-47da-980a-1a2c2b743a1c/03505d0f-434b-48ac-ae42-76750f4fbc1a/a0889d56-1430-4a7f-b67c-e21291ac9ed7/91c0aaf5-dbd7-43cd-a35c-76a3af0b2f51/crop.png,1748,0177836c639b66032039490de847081ef8ab5af5ab47f5d3b40524aebc3973c6,cell_crops
cell_crops,c9b560e8-f53b-4b48-bd4f-d68746573a10,relative_storage_key,cell-crops/7eba770f-f337-4ed5-b174-fb4c18baaae5/0074b7b4-1a21-4123-9fb0-7a7e78c65792/6a4c1def-59d7-4111-8a64-9cfb8e00ba8f/32977b28-b0f8-464e-8a20-e4a36ebee530/crop.png,1216,8ee25680559344a5c433a635c92475c0fb77c284a47d88eb4c1f4418f97aefc9,cell_crops
cell_crops,c9c627de-2d65-45fc-89ea-a5c635799f49,relative_storage_key,cell-crops/c9a6b7af-881f-47da-980a-1a2c2b743a1c/03505d0f-434b-48ac-ae42-76750f4fbc1a/a0889d56-1430-4a7f-b67c-e21291ac9ed7/487c090c-e2bd-45f0-91de-9e2160645df8/crop.png,781,f1ae7b64355a13a6328e61dd36905a6c373c87223f362f35778e7c9d03005a1e,cell_crops
cell_crops,ca0a0620-3cb5-42f4-9552-0f015192f2ff,relative_storage_key,cell-crops/b0a5839c-3668-4411-b590-cc1d8fed470e/bf423fe1-2fc5-4662-9eda-ff1496c1bba9/c2a6cffd-18de-474e-ba04-2bf65b0f4f8c/9b2de11a-48bb-4992-a9f3-b66a5a2c7c49/crop.png,1805,b81f890070750869c022700f41f4173c474afd8e7a4776912a2566502f00fe49,cell_crops
cell_crops,ca3a9cb2-75f9-4bd1-a522-12a0a0fd42c4,relative_storage_key,cell-crops/9696ad8c-6c01-439f-afa5-29d7f5234348/c6ffc450-182b-4d59-bf0d-1090bd076903/dd3b1716-0bb9-4523-9fa9-61bc274925d8/8977db04-4629-4f5b-9e1f-464ec3f97637/crop.png,8740,32d8ab867210352b599aa27f26a5daf54869fad7582fe7be99b1f73b0f90e0d7,cell_crops
cell_crops,ca7da447-9810-4347-a4a8-cce6cfeda121,relative_storage_key,cell-crops/52c4864d-1788-41db-a1d2-883ce7d83a58/490887fa-b3af-4136-85dc-8ae66e413acd/bf339bce-cffa-48e9-a044-4b9df2cc36b4/322f78ab-b276-40f0-b7f6-5b64997babee/crop.png,7565,4b7fbf2d7271b165e552b79b1eabc53bfda71cef5a47143799c0124f17999ff8,cell_crops
cell_crops,ca7edbb2-b3d7-4c9c-bc00-ba24df4e24df,relative_storage_key,cell-crops/bc8b8317-c17d-4b7a-b737-5e40120559e2/8c8e678b-a6c7-4b8c-b4c0-d34745f32fe3/25cb85d9-3b89-46ca-982a-f71517c971ee/d19b51d5-6682-45b0-b55d-98bea1755678/crop.png,5623,444e8a3c6a1948ead1f255b8a00e968191d317874b785308f7f292d561be2abc,cell_crops
cell_crops,ca852f2d-ddf2-4c87-8a5b-b823209dd765,relative_storage_key,cell-crops/aac2f7a6-e279-42c1-8035-33134bfdf3eb/881590dc-6d13-4137-ba82-d28d2ed5199a/34070251-bc08-40a2-b33a-35ad175a7189/48391178-4bc4-404e-90dd-79810464a499/crop.png,4956,4b7917718f3b7f58fa13759444b29a1799bf52d15ccfec7f4e070eb7b05587f5,cell_crops
cell_crops,ca9e8f11-cadc-4bb4-9ae7-e082fc1a03bd,relative_storage_key,cell-crops/7fd7ef40-bc9c-40d1-9e62-62bf0850c6b3/f6e252a5-7924-4e5c-bc63-8b711db60ba0/8a0187a3-03f0-45bd-ac3c-6e47c7999f03/b9e9999d-4e51-44e5-87e1-9a36ac19a85c/crop.png,11233,45de2342db573052abb9236ead422919bb0f4e9530acf00307ce88ab90837aa7,cell_crops
cell_crops,cac33010-c232-4d40-a765-bac913e5f8e0,relative_storage_key,cell-crops/25afdd28-85df-4a2a-9dab-2727ced6821b/f5668b77-a7c4-4ed2-aade-94bbf92900cf/08cd9b57-9a64-410c-8133-1dbdbf2e697c/cb8e3fdc-2254-406d-a08a-175258fe5966/crop.png,1308,901bbfa9c970a23eecbd359028f4b5d29a4f13a8a8df167e79ccdb9ca5473866,cell_crops
cell_crops,cadd5bce-ab26-4c44-a471-9b5e3a7e8485,relative_storage_key,cell-crops/39265da0-dd1a-4f17-89aa-1e661f9c473f/72553654-6802-48a4-964a-3fa748870a05/afee46ec-494f-4fe6-be85-353a4cfc0b56/40f606c5-c283-4071-b346-82ff315534bf/crop.png,11297,31ff506ba49a3b45d9246485c6a9677be33c35c9598ab980d8cc114740c7ea1b,cell_crops
cell_crops,cae0708b-02ec-4103-bebf-6b72c30b06a1,relative_storage_key,cell-crops/5f35abbf-10da-4c5e-b4d7-0b2e59de51f2/99ac88d3-5c9f-4fc3-8d6a-abadae1ee80c/b0ad2c3c-3de1-4628-bf32-d60536a0da80/5fb06185-be30-47c5-a10a-c85e63694d5d/crop.png,8720,0cbb40d4bb7926736e4bac103ea34c7ece14f338fbd22dd87db83b94bf972278,cell_crops
cell_crops,caed46cf-af17-4ab2-8e39-b24475a5ee06,relative_storage_key,cell-crops/7eba770f-f337-4ed5-b174-fb4c18baaae5/0074b7b4-1a21-4123-9fb0-7a7e78c65792/6a4c1def-59d7-4111-8a64-9cfb8e00ba8f/0576505d-12dd-4006-828c-9f564b92bf6c/crop.png,3695,f885638026e2825e638cbf3008196c6c4344a1db5f32679a8125e2641ef18a05,cell_crops
cell_crops,cb303d82-1cff-43d6-9062-38b9b21f4f10,relative_storage_key,cell-crops/8b912699-0346-4eca-9a3f-992922f65702/c5ca90cc-e321-4501-82f3-a2e0ef0f51a7/51a1e5c5-fac7-4ab5-b6dd-bef48d583434/f6f1a41b-7549-4eed-95b8-4227c97256cf/crop.png,5673,1689835c09eb6e6b19c0479d0b1ae53117867b28a1d7fbab77cca56e2dcd7613,cell_crops
cell_crops,cb62ed37-40dd-4932-9345-b58584d9c36b,relative_storage_key,cell-crops/121a69bf-ba23-4014-892b-158b9c2b71a4/aa1323a6-7f80-4e1e-819a-ec182f045f3d/97fb12a0-df7f-455f-8e13-e0383ad3934d/af711fbb-2d04-4df1-bed7-852de0e18c70/crop.png,14954,ba27e0b7f21d5f04607b900514f560f3c2db7c744875ad697befee2dc2a02aaf,cell_crops
cell_crops,cb680b4f-9079-4e32-ac11-adea8ff2580e,relative_storage_key,cell-crops/214fd936-3c74-4042-937a-3131ff495bdd/5e7bbe13-3cf2-4c2d-9022-31d242f15fb1/c6a30725-877a-4570-819a-de52a6bcb57d/1b70b3f6-fa81-40ac-82e2-90312f182e22/crop.png,7929,a9e47fe621fd783f185fd0a574463d375b072da88abd7d105cbf9be3e57167d0,cell_crops
cell_crops,cb794887-79ec-404f-9f55-1f879a512a68,relative_storage_key,cell-crops/4e1ca921-c5c6-4d89-b035-2d7dd99040d5/b9f975b3-7cd8-4b9a-a2cc-1bd9a76d924c/dc6df3c3-f03e-4261-bd4c-a2df5e0f0d88/cef707cd-79fa-4b68-954f-7119043e47dd/crop.png,2455,34aa85c89cb95d257560ec02b8318ace05ded6da1b1b53c180049eb502616288,cell_crops
cell_crops,cb79c315-7320-4033-aa78-e95f45f26b87,relative_storage_key,cell-crops/1c49de91-f3ba-4794-8cbd-62bc966049c5/1007bc39-4bca-4a32-9069-5c8180b174db/cdcfc6c7-12a5-4405-8fb1-213826f88d05/1a5540fb-5e67-4804-9792-ae76ffcf7430/crop.png,3506,9363e8b9238569aac410e2d7507ab580b294a812c454c3fc307ceceda7d41c44,cell_crops
cell_crops,cbc9b012-75ed-45c0-9f88-2e3cead7d464,relative_storage_key,cell-crops/7ef7cff8-899e-428e-b89a-36803c0575b3/04bafb48-259f-4626-82fb-a3359ee3160b/26ddb17b-1b89-4301-8f40-011ccf0f40dc/99cfdbde-264e-4483-86c9-aa679c43d8a1/crop.png,4598,a0d7beef531bf82e02393bc5a601a6432c67310f2c91c691a3c2a3d3ef97df49,cell_crops
cell_crops,cbdde307-970a-4501-9d5d-4ac753e2717e,relative_storage_key,cell-crops/1c49de91-f3ba-4794-8cbd-62bc966049c5/1007bc39-4bca-4a32-9069-5c8180b174db/cdcfc6c7-12a5-4405-8fb1-213826f88d05/eee6ab82-859a-44e5-b696-8804f85fc455/crop.png,2376,d23e34c9a4baaf2f0ce7d3aa5265098c7ff1406f95131904524f3391a0df7947,cell_crops
cell_crops,cbe2436b-7b67-479b-bb06-0c1c70a58af9,relative_storage_key,cell-crops/7fd7ef40-bc9c-40d1-9e62-62bf0850c6b3/f6e252a5-7924-4e5c-bc63-8b711db60ba0/8a0187a3-03f0-45bd-ac3c-6e47c7999f03/0b9ee12c-b49a-47b3-9059-e203523a4ba3/crop.png,1633,615334fbb85912d32be0633bd6ef1c3df1a7110ad39748bbd8296e30665d545c,cell_crops
cell_crops,cc05eb17-eebc-4fc8-aae1-69ec1d8d87a0,relative_storage_key,cell-crops/c6209893-144a-447d-a436-fe89fc140cee/f088ac8e-c214-474d-837d-53532f4ef947/43249c8b-9008-49c9-8246-2b24989143a2/ad62d32d-a9b4-4897-8b50-bad336e271af/crop.png,5401,6a2423f62a580f21f3ebe35abffa218b55f007880679b3b07efa32917514ba31,cell_crops
cell_crops,cc1f6255-835a-4df3-ae26-e98a2fe76d6e,relative_storage_key,cell-crops/7fd7ef40-bc9c-40d1-9e62-62bf0850c6b3/f6e252a5-7924-4e5c-bc63-8b711db60ba0/8a0187a3-03f0-45bd-ac3c-6e47c7999f03/bb7e4377-c11d-4e69-8792-b954a0ec639e/crop.png,1673,d3a23ae7fc9485138d3872b71132ccfd5d82d97fbe45ef6831b04d4f7384cc30,cell_crops
cell_crops,cc22f882-701e-4244-baf9-8fc842eba397,relative_storage_key,cell-crops/211b65b9-8b1b-4bc9-bf8e-2572a00a3ecd/85d8a71e-e9ed-4062-a036-52e42dd89720/83b0bdb6-4441-49e8-b6a7-4de634e8d548/f0852e03-3d58-4343-9d8d-b0139329a063/crop.png,1375,616c4bb876683127917880ceef0f71385f94751459266ce2d526e8913c77127f,cell_crops
cell_crops,cc28f4f4-e229-4a9b-94a3-c753a3f00b39,relative_storage_key,cell-crops/93807208-985b-4d70-bb43-c7843db4141d/f4a29ede-288f-42ba-abf0-32395606ffc4/8d3b080d-2f56-4175-b76a-dc309555e9de/ea4b14f2-9815-42c4-8cf4-a5239a10cec8/crop.png,19304,d38996b49635c9f3646958c0d2f32d5d45f95c7c6e721640130a55fa9710cf45,cell_crops
cell_crops,cc3c021f-f3ba-4938-bd2e-901c9efe9c25,relative_storage_key,cell-crops/211b65b9-8b1b-4bc9-bf8e-2572a00a3ecd/85d8a71e-e9ed-4062-a036-52e42dd89720/83b0bdb6-4441-49e8-b6a7-4de634e8d548/3671b961-05cd-4df3-9c25-a808a61eb895/crop.png,15837,fb8ba9e0b49cfa76f8a14255f1d23754a99098e98f30ada09a8a8da3aad33b38,cell_crops
cell_crops,cc52c38b-497c-4182-88f1-cf39192873ef,relative_storage_key,cell-crops/05b33155-8921-4eb9-9920-af67decfe454/6278de2c-44dd-4a75-aca2-9708e58437ba/92e2e64a-1c82-402b-b24d-75d43d50a17f/2e9b01ae-b7a4-424f-9ae6-f59461a40888/crop.png,3334,cbc14edbb6dcf088a1bb5fe4b7410066feae73b645ab56f20dc10517b024e4be,cell_crops
cell_crops,cc63c60a-ac2d-483d-bab2-7afcbd83a731,relative_storage_key,cell-crops/121a69bf-ba23-4014-892b-158b9c2b71a4/aa1323a6-7f80-4e1e-819a-ec182f045f3d/97fb12a0-df7f-455f-8e13-e0383ad3934d/29e6f1d3-8e51-4e21-931d-244f064b7edd/crop.png,1252,579fa18faac49ba42d0543834cbc9a17edf83c7a25e1a6abbad14ab13d4a081d,cell_crops
cell_crops,cc679643-5ec1-4f40-90eb-9b0aba82a0d7,relative_storage_key,cell-crops/1c49de91-f3ba-4794-8cbd-62bc966049c5/1007bc39-4bca-4a32-9069-5c8180b174db/cdcfc6c7-12a5-4405-8fb1-213826f88d05/be60f3ca-8352-48f2-99d7-6c278ac33acc/crop.png,5949,8b4b857b0463a2505e42b0337865e03fd0b80ce8df6c4de1c3e53cf6f1862972,cell_crops
cell_crops,cc70f1e5-3336-4fa7-b8f8-84a9916a9a8e,relative_storage_key,cell-crops/3a9a3ddd-a6fb-43b7-98e8-82fe65649b10/69a3938d-51bb-45d7-928d-1b35d46634bb/ea56489d-de29-4bcd-bf1e-16e83feedee6/c6b4b702-5f34-48de-adf8-e2ad1deac623/crop.png,3191,ca326947296b38e8ececc72fbb67c3fabd42a32dd0ff8e51b971009abaa93b7e,cell_crops
cell_crops,cc874edd-cb80-4663-87ff-9078459678b0,relative_storage_key,cell-crops/52c4864d-1788-41db-a1d2-883ce7d83a58/490887fa-b3af-4136-85dc-8ae66e413acd/bf339bce-cffa-48e9-a044-4b9df2cc36b4/6abe28d1-83e6-4bd5-a312-05892f89750e/crop.png,1311,047cf38fc7630b1a4628453fd9f0f84b73697f4e1ec73b4087f3a4d9040cb41d,cell_crops
cell_crops,ccfa4233-3aee-463c-9e88-a30e0865f5ef,relative_storage_key,cell-crops/05b33155-8921-4eb9-9920-af67decfe454/6278de2c-44dd-4a75-aca2-9708e58437ba/92e2e64a-1c82-402b-b24d-75d43d50a17f/9d3f5bff-a6cd-4015-9973-92a9045cf059/crop.png,1657,548855637cb4f5284e5fda2a7472e268458175a7c6d68f53c9a054575d3f74b7,cell_crops
cell_crops,cd0bdb9b-cf7e-4cc0-a3a3-272121d29607,relative_storage_key,cell-crops/7a11c0f4-a9d7-4446-a5f2-437ffc334a6c/0ff18f89-6fbd-4755-8e89-15227de46f41/3dca4192-f767-48f3-a7e8-59e22d9db3f9/9f1630cd-128e-40a3-af44-e8855a21ab51/crop.png,3121,1e2426d101d116dad500ffde6a326492e86dfc639b0317fe8be34a22640ed846,cell_crops
cell_crops,cd2609fd-dc83-4f38-a726-f1a5d83fa0cd,relative_storage_key,cell-crops/fce4a23b-7725-4c69-960b-5c9cd9b68f50/c6ecf996-e832-44ad-89bf-2ca55d1d46d5/5ecbdf28-e01c-4b51-ae7b-f9d88c6b9aa5/3619edd5-b956-43a2-a1b1-d5e7890cb11d/crop.png,7244,a41e8852aa2cd37bf84265431210c98a097e91f3763e27bdf0d08929d78395fe,cell_crops
cell_crops,cd7b2722-b05d-4a01-b47d-10e63829bdb2,relative_storage_key,cell-crops/52c4864d-1788-41db-a1d2-883ce7d83a58/490887fa-b3af-4136-85dc-8ae66e413acd/bf339bce-cffa-48e9-a044-4b9df2cc36b4/73055725-6621-4bbb-95bd-02378c209c41/crop.png,1479,3f831aa05c0282efffd7ef7394ffdcb4e7167697fd25f32e6c2d98294bcdaaff,cell_crops
cell_crops,cd7b5da4-ae69-472a-92ac-9c0123bc0743,relative_storage_key,cell-crops/4e1ca921-c5c6-4d89-b035-2d7dd99040d5/b9f975b3-7cd8-4b9a-a2cc-1bd9a76d924c/dc6df3c3-f03e-4261-bd4c-a2df5e0f0d88/916ed53f-2650-4359-bdf4-ec09ad8f0ec1/crop.png,2848,e82a5b31cbc2d01051c138412b74275e3dc504e59cdab2670b4100fb49079c43,cell_crops
cell_crops,cda4f03b-3520-4fbe-8247-4e2d123b6752,relative_storage_key,cell-crops/93807208-985b-4d70-bb43-c7843db4141d/f4a29ede-288f-42ba-abf0-32395606ffc4/8d3b080d-2f56-4175-b76a-dc309555e9de/d6e3b9bd-7d5d-49aa-97d1-78512996828e/crop.png,850,aa3de3ba71a8403de96b676a796a44e5731c36823c10133bf46785da2c422780,cell_crops
cell_crops,cda893a5-e0e3-45f2-8ede-36fb3ca2a96f,relative_storage_key,cell-crops/5f35abbf-10da-4c5e-b4d7-0b2e59de51f2/99ac88d3-5c9f-4fc3-8d6a-abadae1ee80c/b0ad2c3c-3de1-4628-bf32-d60536a0da80/80e95bed-3cf3-4fb7-8f54-9777f26e92bd/crop.png,4208,86cd629af36bacc2d34cb7f7e0d6c487b180130cc62de88492ddc1be9a94cd29,cell_crops
cell_crops,cdb8770c-91fb-4e0e-9f2d-64efb9dfb121,relative_storage_key,cell-crops/7fd7ef40-bc9c-40d1-9e62-62bf0850c6b3/f6e252a5-7924-4e5c-bc63-8b711db60ba0/8a0187a3-03f0-45bd-ac3c-6e47c7999f03/4ce145a2-e4e7-4dfc-b096-5d9a14664ba4/crop.png,3316,c0b432d7e252778285012bfb6bd7966fb51e055d3479ca5bc9c4d1fac9874ca1,cell_crops
cell_crops,cdbd7872-cd65-44a6-87c7-7cfa4e78db47,relative_storage_key,cell-crops/ba5fc281-07c1-46ca-8091-0c13e6753aa4/d33fb4ff-3366-4fff-9806-8ab03314dbd1/18b27447-aed7-42fa-9142-4bab96366973/f97f3d37-9cb6-432f-a2d8-4f0c38c04f96/crop.png,3925,692233112c685013c03f0478ea8d8aa20076d50076c8b4f28fff666f8378e370,cell_crops
cell_crops,cdf27b6c-99e3-45f7-b590-a2001701d390,relative_storage_key,cell-crops/214fd936-3c74-4042-937a-3131ff495bdd/5e7bbe13-3cf2-4c2d-9022-31d242f15fb1/c6a30725-877a-4570-819a-de52a6bcb57d/f77fd8cd-fb99-42d3-bb94-a49e67ebbf4e/crop.png,3266,593c58c67ee67fb4417ddfbf8b4c2547f0f770eb65cbb57e815bd99d189e1ef6,cell_crops
cell_crops,ce08ae04-f047-4393-a80b-7bffb61b4b72,relative_storage_key,cell-crops/39265da0-dd1a-4f17-89aa-1e661f9c473f/72553654-6802-48a4-964a-3fa748870a05/afee46ec-494f-4fe6-be85-353a4cfc0b56/8155ea0b-ed46-4669-8850-09874dac715d/crop.png,5890,bcfa99aeb5551e82666c08cb1a7b434b535c2cba22766b61a370d115ca17141a,cell_crops
cell_crops,ce1307c0-c424-4ff8-9c1f-ac2e41b561a4,relative_storage_key,cell-crops/211b65b9-8b1b-4bc9-bf8e-2572a00a3ecd/85d8a71e-e9ed-4062-a036-52e42dd89720/83b0bdb6-4441-49e8-b6a7-4de634e8d548/ea75881c-be8e-4430-bf0a-57e954bc3ff3/crop.png,859,e5ca5b7c9df6ad357627abe7fb3897f726054935c130dba554eb8789de5c9715,cell_crops
cell_crops,ce13fff0-78af-4c92-b14a-61aa521e372e,relative_storage_key,cell-crops/211b65b9-8b1b-4bc9-bf8e-2572a00a3ecd/85d8a71e-e9ed-4062-a036-52e42dd89720/83b0bdb6-4441-49e8-b6a7-4de634e8d548/5c8cf659-53aa-4990-b246-bb9bff7ddf5b/crop.png,1820,f102fd1a8e14f707a5607ec06931d7215153c52fed45926bea8a1372863794d6,cell_crops
cell_crops,ce36a191-53b0-4497-adb9-2e35e1ec1313,relative_storage_key,cell-crops/c6209893-144a-447d-a436-fe89fc140cee/f088ac8e-c214-474d-837d-53532f4ef947/43249c8b-9008-49c9-8246-2b24989143a2/cbe17760-ad2e-4f7d-b48b-aaf6e7a502af/crop.png,4620,56c8df48ac2440e5c79a8e7cc17c24671aa110979d2d167e036e4c74a19527d7,cell_crops
cell_crops,ce4e00a2-667a-4023-8888-858119137d5a,relative_storage_key,cell-crops/4383bcb6-1595-4b3c-9c6f-ced12863a762/f6d15c09-591e-4808-aff5-02f7c8c4d239/25a1a8fb-90d3-4cfb-b43b-20ee3b4b7788/f082bab6-8160-4bb3-85ae-2750cbc87f95/crop.png,4812,6e434fbc340152611f64a37b9bfe57330eebca9d5cf78ffdd3c82381ee71234e,cell_crops
cell_crops,ce5a0120-4d79-4a31-b5c0-ab8b258b6f8f,relative_storage_key,cell-crops/211b65b9-8b1b-4bc9-bf8e-2572a00a3ecd/85d8a71e-e9ed-4062-a036-52e42dd89720/83b0bdb6-4441-49e8-b6a7-4de634e8d548/5747db62-20d4-47a8-bfba-673aa8e6b817/crop.png,930,7a436b40376bacfd5298c2b88143a12e9cf55023ceb7a8ed5bc777c1a3c73513,cell_crops
cell_crops,ce5dcc22-a18a-42c2-9d9f-24dda0201dd6,relative_storage_key,cell-crops/c9a6b7af-881f-47da-980a-1a2c2b743a1c/03505d0f-434b-48ac-ae42-76750f4fbc1a/a0889d56-1430-4a7f-b67c-e21291ac9ed7/f1571ca3-a5ce-4d45-9a50-24da9ee9de90/crop.png,8621,f5097cbb82f1b552500e181afd6e120320c9b3535f7964a7668816a7cef93a70,cell_crops
cell_crops,ce6ced9b-daff-4dc5-96f9-43da93e02940,relative_storage_key,cell-crops/c9a6b7af-881f-47da-980a-1a2c2b743a1c/03505d0f-434b-48ac-ae42-76750f4fbc1a/a0889d56-1430-4a7f-b67c-e21291ac9ed7/da612036-d77c-4012-a181-4330bf60ddc2/crop.png,4198,593a92dd59b089ecb3c1daa569e50bbbf2bb7aa653c8bf53318f52b681249dc3,cell_crops
cell_crops,ceb74f4b-41a3-4310-a730-68dbed768a1d,relative_storage_key,cell-crops/fce4a23b-7725-4c69-960b-5c9cd9b68f50/c6ecf996-e832-44ad-89bf-2ca55d1d46d5/5ecbdf28-e01c-4b51-ae7b-f9d88c6b9aa5/02fd86f3-f4b3-430c-9b75-0515a58e4149/crop.png,4844,27f5da2d8457c7773abea61d2a0e52c9756bc212699d26b7762cd570da593c8b,cell_crops
cell_crops,cf0a3341-763c-43aa-98fe-329d45f35919,relative_storage_key,cell-crops/7eba770f-f337-4ed5-b174-fb4c18baaae5/0074b7b4-1a21-4123-9fb0-7a7e78c65792/6a4c1def-59d7-4111-8a64-9cfb8e00ba8f/d24fb8ac-c9af-45cb-9ec6-68d0f1a7c00a/crop.png,3611,0014e6e7492aea8bbd60ab51b7f3b437cdc3569160327060c21db3ab6f46ed54,cell_crops
cell_crops,cf28f5eb-97bd-44e8-805f-7ebf131014eb,relative_storage_key,cell-crops/07c71166-93b3-415e-b764-6ca7344238f6/151ee7ee-b609-4e6b-985c-04af59a85470/9c45439d-fd87-46c3-944a-439ab92cbf89/eaf7a07d-c7a2-49c6-9545-e023b95a1301/crop.png,1476,05599cd66abc4d346b55422cb3a7f148d4a2699444936acc0f5c925b882352e0,cell_crops
cell_crops,cf58f97e-28f4-45ca-ad93-412ecf229e0a,relative_storage_key,cell-crops/8b912699-0346-4eca-9a3f-992922f65702/c5ca90cc-e321-4501-82f3-a2e0ef0f51a7/51a1e5c5-fac7-4ab5-b6dd-bef48d583434/24168bad-8c10-41ae-a269-968ff9de1960/crop.png,6526,398dd03e0eaf46d3a1f70d1a6c4f08425c00ce6cd00550acc3912dfffbeba7b6,cell_crops
cell_crops,cf5f4791-f7ca-4b3d-9d8c-8004ab8b2777,relative_storage_key,cell-crops/cd096d9e-0d01-4e4f-acd5-65e1548c215b/de773a50-b182-4ed9-9bdc-3f6f65bf242d/8eae56e5-dc27-4e8b-86ce-b22204a68814/da845cbb-db5e-4b93-b51b-8e67a9bc204c/crop.png,592,460a5add630be1dedd00c00fb1ee4aefd80a8da7c8ecfa197a5dbb23498ee000,cell_crops
cell_crops,cf6fc749-bdd8-4f01-a46a-4db2196ed1dd,relative_storage_key,cell-crops/5f35abbf-10da-4c5e-b4d7-0b2e59de51f2/99ac88d3-5c9f-4fc3-8d6a-abadae1ee80c/b0ad2c3c-3de1-4628-bf32-d60536a0da80/212f1f0a-fac0-47d4-9c50-eec146a41fa3/crop.png,5808,77f7e9081ad4da99168efa55106447f8791ec3d0abe28f93c4bb46bdd90c60f9,cell_crops
cell_crops,cf886f17-899b-4573-ac48-fd4dff816ca7,relative_storage_key,cell-crops/b0a5839c-3668-4411-b590-cc1d8fed470e/bf423fe1-2fc5-4662-9eda-ff1496c1bba9/c2a6cffd-18de-474e-ba04-2bf65b0f4f8c/5bf6bd48-073a-481e-a277-2e1102e2afe7/crop.png,2377,bca363580240d015e4653e81d66bb40e7b752fc3074ba2de947ea9fbdc9e04df,cell_crops
cell_crops,cf8c64ab-c49e-47fe-b285-f9ec6c7024e7,relative_storage_key,cell-crops/5f35abbf-10da-4c5e-b4d7-0b2e59de51f2/99ac88d3-5c9f-4fc3-8d6a-abadae1ee80c/b0ad2c3c-3de1-4628-bf32-d60536a0da80/002b41be-ced2-4cfe-b6fd-faefb7277021/crop.png,4002,ba1946e79e950890198e3171075a9b98453dfb6d625db38c2a5fd7271df1cfd3,cell_crops
cell_crops,cf8d00ca-5bf4-44b9-8e2a-64d5ceda643a,relative_storage_key,cell-crops/52c4864d-1788-41db-a1d2-883ce7d83a58/490887fa-b3af-4136-85dc-8ae66e413acd/bf339bce-cffa-48e9-a044-4b9df2cc36b4/22f8fab1-ec0c-451f-aebf-81a9997a78e9/crop.png,2628,f22904fb1a6d3f78046a146bfd6449063afebd05a3fed3d10ee2376a5e0d5262,cell_crops
cell_crops,cfa7a9b8-0447-4292-9fb3-c0c5d2d3fba7,relative_storage_key,cell-crops/7ef7cff8-899e-428e-b89a-36803c0575b3/04bafb48-259f-4626-82fb-a3359ee3160b/26ddb17b-1b89-4301-8f40-011ccf0f40dc/7a8b8ce5-ab35-4744-8b14-4bfc6f3100fd/crop.png,3364,70c6f60d430abce6a0400332e771dcc2fb9293f7c37da163631284b05519fe84,cell_crops
cell_crops,cfabcef6-60c3-4958-9174-d04c4c6a8ebd,relative_storage_key,cell-crops/4e1ca921-c5c6-4d89-b035-2d7dd99040d5/b9f975b3-7cd8-4b9a-a2cc-1bd9a76d924c/dc6df3c3-f03e-4261-bd4c-a2df5e0f0d88/7439e60e-0e6c-4aaf-97ff-7be084c5aac5/crop.png,1471,8411937f8e3c754d985ca1249b21de68b3186a2e3577116614a373c6bc5d8f83,cell_crops
cell_crops,cfdaa990-607e-47e0-9ce2-e080db99279a,relative_storage_key,cell-crops/07c71166-93b3-415e-b764-6ca7344238f6/151ee7ee-b609-4e6b-985c-04af59a85470/9c45439d-fd87-46c3-944a-439ab92cbf89/7dab542f-6a9c-4ea6-b14c-0f9ec9e26a25/crop.png,4983,60469303205667faec5169df0fb022fe4f501aad74f0d3846d734a98de8e9a51,cell_crops
cell_crops,cfdc50f9-8924-4861-9e17-8ec00e7643ed,relative_storage_key,cell-crops/54e278de-2381-4a05-8faa-42bf761f6688/50b0884e-ddde-4252-be9d-058151c986c4/f4400105-33b9-4bc0-860b-010b1cf3d386/16eb404a-b1ed-4f99-90d4-04c1def8c499/crop.png,8384,f5f70b1582dd9daae20db134ceb5b4c4c0000f74899c4d243fbe016df93c5c56,cell_crops
cell_crops,cfde6f28-9106-4df0-8ebe-9a2aaa926411,relative_storage_key,cell-crops/7eba770f-f337-4ed5-b174-fb4c18baaae5/0074b7b4-1a21-4123-9fb0-7a7e78c65792/6a4c1def-59d7-4111-8a64-9cfb8e00ba8f/e5aeb07f-0ffa-45cc-bdd8-71c6512a01ef/crop.png,3321,d929448abcd74c5f9c6be64ecd93766f11c3d06404b2944c26a5274233259276,cell_crops
cell_crops,d015e483-b68c-4758-a32e-31810801a4b7,relative_storage_key,cell-crops/54e278de-2381-4a05-8faa-42bf761f6688/50b0884e-ddde-4252-be9d-058151c986c4/f4400105-33b9-4bc0-860b-010b1cf3d386/83e54702-f5d8-450b-a031-cbfaaf626592/crop.png,4460,672440357d328e76018e5e4a138b4f7690c563b2d228aae9531eba1d5f585524,cell_crops
cell_crops,d03f92ac-e7ad-4843-9c5c-9f6deefe0c8f,relative_storage_key,cell-crops/07c71166-93b3-415e-b764-6ca7344238f6/151ee7ee-b609-4e6b-985c-04af59a85470/9c45439d-fd87-46c3-944a-439ab92cbf89/4fedc047-8e22-4cf8-b755-464e0a00ac15/crop.png,2479,4d5cb2fc18694cf4111fce9d75987d0536f2d1b269b3f537188477c3aa593823,cell_crops
cell_crops,d04fcb37-2e64-4fa6-a065-065c36ce7bfb,relative_storage_key,cell-crops/121a69bf-ba23-4014-892b-158b9c2b71a4/aa1323a6-7f80-4e1e-819a-ec182f045f3d/97fb12a0-df7f-455f-8e13-e0383ad3934d/5fe6a4d9-761a-415a-a344-74bcd7ec5fd8/crop.png,2477,edb2eb4d9217ae67b1eabc7ea8ab2c053749e86170a00f5a0154d1b4ac08364e,cell_crops
cell_crops,d099b399-0d85-4453-96d8-4becac026111,relative_storage_key,cell-crops/07c71166-93b3-415e-b764-6ca7344238f6/151ee7ee-b609-4e6b-985c-04af59a85470/9c45439d-fd87-46c3-944a-439ab92cbf89/5e03a136-a4c8-44d5-b754-e4ae2d66e224/crop.png,2525,a5f47434e5f7d923b711c8dcdfb6aecf6f4504c04d95570273643fc534444cab,cell_crops
cell_crops,d0a4a8cf-93bd-4a42-bc10-e6ccc5628577,relative_storage_key,cell-crops/52c4864d-1788-41db-a1d2-883ce7d83a58/490887fa-b3af-4136-85dc-8ae66e413acd/bf339bce-cffa-48e9-a044-4b9df2cc36b4/e7d9b420-29b9-41de-9b27-b57620559eca/crop.png,3196,a236061df0486c2d5f4486e2a34a7bd72b8653b9026477fec7a955efa1d4b349,cell_crops
cell_crops,d1228fad-0ab3-413b-a57d-a0488c676da1,relative_storage_key,cell-crops/7a11c0f4-a9d7-4446-a5f2-437ffc334a6c/0ff18f89-6fbd-4755-8e89-15227de46f41/3dca4192-f767-48f3-a7e8-59e22d9db3f9/39b6d53b-2411-420d-b9cb-1fb770731e7b/crop.png,9951,66cb7df75222c7f0b917406b21b109a649ce3cf986bd06479928560502556b9d,cell_crops
cell_crops,d12e1932-f54f-4576-8b37-0320d47cefef,relative_storage_key,cell-crops/25afdd28-85df-4a2a-9dab-2727ced6821b/f5668b77-a7c4-4ed2-aade-94bbf92900cf/08cd9b57-9a64-410c-8133-1dbdbf2e697c/9f262b3f-46fa-4a37-af3f-c45f0d6e26ef/crop.png,1413,7b24030da0dbaf1164cf61ef1defb49e93c2706fc1176257b6e35918f231131a,cell_crops
cell_crops,d1431522-0a25-4714-a8e0-3a1e7deb9e59,relative_storage_key,cell-crops/5f35abbf-10da-4c5e-b4d7-0b2e59de51f2/99ac88d3-5c9f-4fc3-8d6a-abadae1ee80c/b0ad2c3c-3de1-4628-bf32-d60536a0da80/738374ff-0e7c-4250-b3f5-6c37b0160dcf/crop.png,833,eb53dd43f74fd120dd061c55613964e512a13bb37a380f15f152a151a11adc65,cell_crops
cell_crops,d16e70e8-36d1-498d-bd47-2441a2eb0f6a,relative_storage_key,cell-crops/07c71166-93b3-415e-b764-6ca7344238f6/151ee7ee-b609-4e6b-985c-04af59a85470/9c45439d-fd87-46c3-944a-439ab92cbf89/fa6b7842-3be5-4971-a1f1-09e547f1141d/crop.png,1290,cbc4052efa2a68e0a63ce2332c0dbff9d6191b496b0c7c8b6b817060bbccfe90,cell_crops
cell_crops,d178fb3c-d1d2-4176-a497-e14cd2f5ff02,relative_storage_key,cell-crops/05b33155-8921-4eb9-9920-af67decfe454/6278de2c-44dd-4a75-aca2-9708e58437ba/92e2e64a-1c82-402b-b24d-75d43d50a17f/3e0cf280-6db8-401a-8a6f-ca30d4cd483b/crop.png,7812,386add1d7f75bdd4abcb4b388071c5f8d9742b3d6e56908335a91c66faacc479,cell_crops
cell_crops,d1897e0e-408e-4643-90e3-65cbf307861e,relative_storage_key,cell-crops/ae68a99c-11f7-457a-88f8-3cef9a144958/618af6de-bfab-495e-8634-e484d620ee21/650c7580-8b2e-4bc4-88e8-bf03c5bb423d/4e559d5f-57a9-445b-9247-b60dd3251930/crop.png,1792,f4685f484591daf7a6761f53194c14251c6f5736f893a8d2d4277a8e0ec3438b,cell_crops
cell_crops,d1a2f5f9-04c0-4244-8b7e-82f77707d2ce,relative_storage_key,cell-crops/7eba770f-f337-4ed5-b174-fb4c18baaae5/0074b7b4-1a21-4123-9fb0-7a7e78c65792/6a4c1def-59d7-4111-8a64-9cfb8e00ba8f/20843e72-7cf2-4ccc-8f98-d72295d45c23/crop.png,3854,819d5805c86d02c7b35685550af8ac046f095b61b76091469ffe6c8389faf199,cell_crops
cell_crops,d1bbc438-1ee8-40d7-ab8e-fbe97e0e5de0,relative_storage_key,cell-crops/5f35abbf-10da-4c5e-b4d7-0b2e59de51f2/99ac88d3-5c9f-4fc3-8d6a-abadae1ee80c/b0ad2c3c-3de1-4628-bf32-d60536a0da80/345b25da-56c6-4cc6-837f-ce7df12a5d7b/crop.png,11837,f6e21b1e1456d289981d59ab6c217ccef2aad435e603dcf58a0fdf2be89ccf2c,cell_crops
cell_crops,d2094845-3c11-4e88-a11b-a406769b73e2,relative_storage_key,cell-crops/7ef7cff8-899e-428e-b89a-36803c0575b3/04bafb48-259f-4626-82fb-a3359ee3160b/26ddb17b-1b89-4301-8f40-011ccf0f40dc/9dd99656-4412-414d-bf86-d3b3244a708c/crop.png,6861,e4deeb580d52fe230d26727e0890d45b615d1603790ccf17c2fccaacdf694ed3,cell_crops
cell_crops,d213e5da-5f01-4019-9edf-60b994dabe47,relative_storage_key,cell-crops/54e278de-2381-4a05-8faa-42bf761f6688/50b0884e-ddde-4252-be9d-058151c986c4/f4400105-33b9-4bc0-860b-010b1cf3d386/3cf26875-ff26-4db0-ae58-3c9e782ca9f8/crop.png,15837,fb8ba9e0b49cfa76f8a14255f1d23754a99098e98f30ada09a8a8da3aad33b38,cell_crops
cell_crops,d230aa9e-16f8-4d78-8518-74b52a416f3f,relative_storage_key,cell-crops/121a69bf-ba23-4014-892b-158b9c2b71a4/aa1323a6-7f80-4e1e-819a-ec182f045f3d/97fb12a0-df7f-455f-8e13-e0383ad3934d/10a5f87f-c244-4266-83fb-8d094d52789c/crop.png,2455,34aa85c89cb95d257560ec02b8318ace05ded6da1b1b53c180049eb502616288,cell_crops
cell_crops,d23849a0-328b-430b-b8b2-07062bc64e2f,relative_storage_key,cell-crops/e11b10f7-d1c3-4d6a-9e69-a4b6bc1abc46/1db1a505-3eaf-456d-b123-7b9f8ee77762/339d62a6-0363-472b-b2e3-4a7befd2c42f/077da2b6-dc74-4f24-9499-f6de1d2b61a4/crop.png,2491,ffcb35f93f0dc67d964c11e6af5e9001c88587599ea3f0b41f1054429cd758e0,cell_crops
cell_crops,d2513794-2d87-45ae-bf40-8a3c2e3863a8,relative_storage_key,cell-crops/3a33d13c-ff5b-46ba-94b4-0710e5185301/a78dd7b0-8ddc-4cd7-bc5a-241f8b427de6/7ba97fb6-e951-4c3b-93d8-3958918f513f/b8268a19-6016-4e0f-9746-ae4f8dff1d58/crop.png,4983,b2df1be650a17e475a4b18dae9d429d28f8d803ce9d1668e47ad11d2156066b6,cell_crops
cell_crops,d25e5b0f-8b32-472e-bf2e-93922761ee71,relative_storage_key,cell-crops/59a98cc0-24f4-424a-b208-3fe06063fa47/98626a4c-b3fc-464a-a4fe-90bc886c7647/c0a49ec0-99e0-4b2b-a9e4-1e2ec28655a0/1c091667-13ee-4863-bfa0-640afffabb95/crop.png,2537,6808a9bd978e2f6d49d45e6cd7643e94c50b5aff28a69645215253e9d6ded96b,cell_crops
cell_crops,d2641303-acd8-4f3e-ac41-2424d7fc9664,relative_storage_key,cell-crops/7a11c0f4-a9d7-4446-a5f2-437ffc334a6c/0ff18f89-6fbd-4755-8e89-15227de46f41/3dca4192-f767-48f3-a7e8-59e22d9db3f9/177f72ed-f8f2-4ff7-8fd0-608804328097/crop.png,4949,ad4a59b7cfe3ec686085f4e50d24334c0cf3b84c8971af47e982ffcb6ebe21da,cell_crops
cell_crops,d26e615c-e668-4ebc-a7ae-c76e503d5e01,relative_storage_key,cell-crops/7ef7cff8-899e-428e-b89a-36803c0575b3/04bafb48-259f-4626-82fb-a3359ee3160b/849d1772-b3d7-402e-82b3-2942cd77a889/0c59e182-54ae-4dce-a1a5-59a30be2acb5/crop.png,3537,ae6fa187c94a10e9151d670d0816d04b3deeb47168fb04404f00c6c8ad03eca2,cell_crops
cell_crops,d281bf45-6096-490e-9be2-9652e9c43798,relative_storage_key,cell-crops/c6209893-144a-447d-a436-fe89fc140cee/f088ac8e-c214-474d-837d-53532f4ef947/43249c8b-9008-49c9-8246-2b24989143a2/3e1620a4-50c9-4f65-89a3-ff7f61492845/crop.png,2829,7ea8a7afacde70d8f53b4226c920504a502c7d406b49d75cc95a1d2feee66648,cell_crops
cell_crops,d2b4cdad-0fbf-40e9-8978-feccc9fb5b20,relative_storage_key,cell-crops/72906de0-83a0-4e98-940e-735fe5fb2363/c3c7a47a-b9d7-41c8-a8db-3269a23bca95/452e4d39-1e65-4a32-8a6a-e88382ac7aa6/94d493fc-d4ac-41fc-9f14-17f422f17b0c/crop.png,9042,5d987a4082326cf98e42e5b71c485947f6b24c143eff0bf764fd9f6625a54b3f,cell_crops
cell_crops,d2dfa23c-b1a4-4206-80ca-683c6601f4d8,relative_storage_key,cell-crops/211b65b9-8b1b-4bc9-bf8e-2572a00a3ecd/85d8a71e-e9ed-4062-a036-52e42dd89720/83b0bdb6-4441-49e8-b6a7-4de634e8d548/4f8e2969-7305-4b99-9721-9b47093ab928/crop.png,3776,49ef6256698805d58411e6da653a9de9cfc8ae3bd5ee3a62423c0d5f35db05d1,cell_crops
cell_crops,d2f9e109-95f9-49a4-a17f-882591afaa6b,relative_storage_key,cell-crops/07c71166-93b3-415e-b764-6ca7344238f6/151ee7ee-b609-4e6b-985c-04af59a85470/9c45439d-fd87-46c3-944a-439ab92cbf89/b931eed6-78c5-4946-8d6d-f35febf1aee0/crop.png,2585,338e1edb65504994c5433fb602760af4ce4ea6d00de80ca28ec41bd197a2d26c,cell_crops
cell_crops,d30f9240-a300-4185-8d28-30ad5f783a8a,relative_storage_key,cell-crops/4e1ca921-c5c6-4d89-b035-2d7dd99040d5/b9f975b3-7cd8-4b9a-a2cc-1bd9a76d924c/dc6df3c3-f03e-4261-bd4c-a2df5e0f0d88/89d0ee1e-30e8-4150-a55d-e1ddb90243ff/crop.png,4633,df1ac051e804018cb5b16d341a5ff4e8354166d3a08ea7aec5caeab3eacb1835,cell_crops
cell_crops,d3474c73-e389-4d30-bcf5-02932db1825f,relative_storage_key,cell-crops/c9a6b7af-881f-47da-980a-1a2c2b743a1c/03505d0f-434b-48ac-ae42-76750f4fbc1a/a0889d56-1430-4a7f-b67c-e21291ac9ed7/a77d19da-4235-40e0-8114-a0f292c9d81b/crop.png,1948,b12bfffe65cda78435a2e90c335e2f3acbca7630204fe34410cdb4330a02bac6,cell_crops
cell_crops,d356dea3-2362-426a-847c-bd334ee6c07f,relative_storage_key,cell-crops/c9a6b7af-881f-47da-980a-1a2c2b743a1c/03505d0f-434b-48ac-ae42-76750f4fbc1a/a0889d56-1430-4a7f-b67c-e21291ac9ed7/0783ebc2-7f91-4083-a2d2-d61964a1aa87/crop.png,1661,0f9990fe5b4200cc14c5eec1895e38cc652dafc8b346b6fd9dfbf22b8f69d62d,cell_crops
cell_crops,d356ea5d-d209-499d-83f3-760df7d4a374,relative_storage_key,cell-crops/72906de0-83a0-4e98-940e-735fe5fb2363/c3c7a47a-b9d7-41c8-a8db-3269a23bca95/452e4d39-1e65-4a32-8a6a-e88382ac7aa6/2b7f849a-2dce-4d4b-9672-ebe00334eec6/crop.png,5401,e0933bcdbe27964866e27ca9d8bce59882328fc319d2b3107dbc1980da3ff454,cell_crops
cell_crops,d364a4f1-3ee7-4b4c-a638-3429297b384a,relative_storage_key,cell-crops/211b65b9-8b1b-4bc9-bf8e-2572a00a3ecd/85d8a71e-e9ed-4062-a036-52e42dd89720/83b0bdb6-4441-49e8-b6a7-4de634e8d548/098cdd52-e706-47f4-8b0b-f7d019795db1/crop.png,941,1cfeb4ab8c888d83bc2841ce1161622d5e2763cd10d896072723a0f4b6e5b365,cell_crops
cell_crops,d379f553-3251-481a-bc5c-ca5a8e4900b7,relative_storage_key,cell-crops/c9a6b7af-881f-47da-980a-1a2c2b743a1c/03505d0f-434b-48ac-ae42-76750f4fbc1a/a0889d56-1430-4a7f-b67c-e21291ac9ed7/c6bf1744-aedc-4036-9919-5239846bb262/crop.png,7459,f1016de5881209729048fc775c8769c58208f20751f91f05d13adc438c683d6c,cell_crops
cell_crops,d3c42539-830b-4234-9ed4-d52f7495c6de,relative_storage_key,cell-crops/54e278de-2381-4a05-8faa-42bf761f6688/50b0884e-ddde-4252-be9d-058151c986c4/f4400105-33b9-4bc0-860b-010b1cf3d386/d9937bd4-82cf-4437-baec-261c4806a1e9/crop.png,1447,0d9dc249c68da4659e4b3aa75aef2c92fff60c76579848f77d3923bb6db823f0,cell_crops
cell_crops,d3d0e97c-bf90-408c-988f-ad34d37e8f20,relative_storage_key,cell-crops/b0a5839c-3668-4411-b590-cc1d8fed470e/bf423fe1-2fc5-4662-9eda-ff1496c1bba9/c2a6cffd-18de-474e-ba04-2bf65b0f4f8c/118d2a58-afbc-40df-b26f-5e37693e39b3/crop.png,1018,f5c1fd549d32394887aef9f3b91ce485dd3bf37b5566b41747c2e686b55898e9,cell_crops
cell_crops,d3eb14e4-d7cb-4863-a9f4-182b519342d4,relative_storage_key,cell-crops/c6209893-144a-447d-a436-fe89fc140cee/f088ac8e-c214-474d-837d-53532f4ef947/43249c8b-9008-49c9-8246-2b24989143a2/156216d9-cb02-4757-af7c-8ddf263767c7/crop.png,7562,d8b21bb15da77a49c5cd8cbe898e65702f837c4de8df166ed103db2f4c3a9e58,cell_crops
cell_crops,d40cbeef-cffb-4d46-8e78-fb55168b5479,relative_storage_key,cell-crops/7be00fe5-41da-48c5-b2c2-9618f0a7c517/3ebcfc6b-b6e3-40b6-939c-33977196460c/8fa36d4d-c412-435a-a109-923281f0f43d/3f7cd1f0-b0a2-4d00-9eb9-91a44331e692/crop.png,10699,f7d560cf3fdaf6d0bedd6e979a54530e01f72205b27cfccbeae7b14c29ac39c5,cell_crops
cell_crops,d41e8b9e-e532-459e-8e02-daa21f8e2f15,relative_storage_key,cell-crops/25afdd28-85df-4a2a-9dab-2727ced6821b/f5668b77-a7c4-4ed2-aade-94bbf92900cf/08cd9b57-9a64-410c-8133-1dbdbf2e697c/197144ac-6392-4856-9fb5-71a9dee1aa93/crop.png,6671,4e71ec5bdbbaa75e64ab2938a8264801b0da00e6c71398c230d1b3f2ad5002ea,cell_crops
cell_crops,d44af81a-ebcb-4add-aa2e-80ca89d7344b,relative_storage_key,cell-crops/93807208-985b-4d70-bb43-c7843db4141d/f4a29ede-288f-42ba-abf0-32395606ffc4/8d3b080d-2f56-4175-b76a-dc309555e9de/6f4e43af-7558-4c2e-9008-66cf2b7a34db/crop.png,3786,5ef9401ec0e5ba2ddc97ad44e5629c43c72d0def526cec147f89001437b3a7c6,cell_crops
cell_crops,d45b65ed-4e8b-4a36-b92e-95ece299ca5f,relative_storage_key,cell-crops/3a9a3ddd-a6fb-43b7-98e8-82fe65649b10/69a3938d-51bb-45d7-928d-1b35d46634bb/ea56489d-de29-4bcd-bf1e-16e83feedee6/3303a0a5-0a7d-4fa5-be2f-bc84b62f8520/crop.png,765,a88a417003f00c3f18a124fecc9ed70dd7911232511dadd1a953cec3f3660351,cell_crops
cell_crops,d45bd051-7d1b-40ac-b78e-d60eaeed356b,relative_storage_key,cell-crops/39265da0-dd1a-4f17-89aa-1e661f9c473f/72553654-6802-48a4-964a-3fa748870a05/afee46ec-494f-4fe6-be85-353a4cfc0b56/8a433bb2-90f4-4c3d-8f40-3069e180242d/crop.png,8811,c6f9ecee2bf5d59c5e1153291d1ae01327a39f80986ddde4c5d36240efca42ce,cell_crops
cell_crops,d45cf92e-3949-413d-87c1-fc46dcc27035,relative_storage_key,cell-crops/54e278de-2381-4a05-8faa-42bf761f6688/50b0884e-ddde-4252-be9d-058151c986c4/f4400105-33b9-4bc0-860b-010b1cf3d386/0d931be2-5bec-4627-aec6-87db56e88a66/crop.png,1143,8b742c004a7f19e33a5c5cdb7d7ad0c8417b80a726732a6e4558cfb5c889c670,cell_crops
cell_crops,d46669e1-b3e4-430c-bf08-8dba898ac8af,relative_storage_key,cell-crops/07c71166-93b3-415e-b764-6ca7344238f6/151ee7ee-b609-4e6b-985c-04af59a85470/9c45439d-fd87-46c3-944a-439ab92cbf89/4707d3cc-526a-40c2-8b46-f971b96aba00/crop.png,3057,f59e96a918ec8b8719677ad176bb13439f9be5afadc0970ecd2b2a50f01ca4f9,cell_crops
cell_crops,d477342f-3d5a-4117-9b71-3152578286b3,relative_storage_key,cell-crops/bc8b8317-c17d-4b7a-b737-5e40120559e2/8c8e678b-a6c7-4b8c-b4c0-d34745f32fe3/25cb85d9-3b89-46ca-982a-f71517c971ee/ec473c5b-3670-40f7-b8f0-78ab7ddb27d7/crop.png,1990,28ac896e61013b7e66e49bfe05a367c699d7d630db544c3eab28c234e80631d8,cell_crops
cell_crops,d47b6789-01b0-4fb3-b01c-ed023fbaf6a7,relative_storage_key,cell-crops/52c4864d-1788-41db-a1d2-883ce7d83a58/490887fa-b3af-4136-85dc-8ae66e413acd/bf339bce-cffa-48e9-a044-4b9df2cc36b4/b7376bf6-4f8e-45a3-b763-31bc3385fab8/crop.png,10410,4cced3b798ed40f6c91d44bcfa5ac8ae90fb2a07d7bc62f1df78c657cb23cedb,cell_crops
cell_crops,d4833a85-9514-47da-ab27-a1fa3cfff248,relative_storage_key,cell-crops/b0a5839c-3668-4411-b590-cc1d8fed470e/bf423fe1-2fc5-4662-9eda-ff1496c1bba9/c2a6cffd-18de-474e-ba04-2bf65b0f4f8c/c9759155-081d-42cd-a6ff-b5126ab80bd4/crop.png,10223,2681d9d475fd5d6a9eb36f4ac92df899dffaec5d5f62e16373a127e34036483b,cell_crops
cell_crops,d48d901a-1c1f-48e7-a9b6-3354ef221ced,relative_storage_key,cell-crops/ae68a99c-11f7-457a-88f8-3cef9a144958/618af6de-bfab-495e-8634-e484d620ee21/650c7580-8b2e-4bc4-88e8-bf03c5bb423d/7d7309b5-645f-499a-aaac-a1b795e79433/crop.png,1498,c318f7cec0a1d0d3c4c242b56c569378676941b49fe9f9f7288116e3c29914f3,cell_crops
cell_crops,d4a216f4-0f1a-4033-ba3b-f47b6bce11ba,relative_storage_key,cell-crops/aac2f7a6-e279-42c1-8035-33134bfdf3eb/881590dc-6d13-4137-ba82-d28d2ed5199a/34070251-bc08-40a2-b33a-35ad175a7189/d1be9e7b-e3c2-46c8-90f2-fa2d38c2ebe5/crop.png,4986,e971e9c13e06f9e4ae68f78f3c50ed70f79eb99ac86396de6c6adcf3e39a21e1,cell_crops
cell_crops,d4d0d7a5-36e2-41ff-8cac-6aeddb0ef1a7,relative_storage_key,cell-crops/5f35abbf-10da-4c5e-b4d7-0b2e59de51f2/99ac88d3-5c9f-4fc3-8d6a-abadae1ee80c/b0ad2c3c-3de1-4628-bf32-d60536a0da80/8dc49fbd-cae2-4eb6-9a0c-44266d99f732/crop.png,5063,b1f082c4b8ba236316fad7b7f955ddf7ee54670d2936916a4974415bf56516d9,cell_crops
cell_crops,d507abd0-3d22-475a-9f05-be05c557299f,relative_storage_key,cell-crops/7fd7ef40-bc9c-40d1-9e62-62bf0850c6b3/f6e252a5-7924-4e5c-bc63-8b711db60ba0/8a0187a3-03f0-45bd-ac3c-6e47c7999f03/d9612050-9cf2-4c57-9d9d-8701a26a0fac/crop.png,5512,2e56e3cc4d0baf49c8547b950a8bad9967e5278ff487dfa53b97531657a9daf5,cell_crops
cell_crops,d5506c30-c908-4095-8862-81679e03044a,relative_storage_key,cell-crops/121a69bf-ba23-4014-892b-158b9c2b71a4/aa1323a6-7f80-4e1e-819a-ec182f045f3d/97fb12a0-df7f-455f-8e13-e0383ad3934d/15deb2ea-29f8-4307-b259-fdc5df10b137/crop.png,1311,e15ee905da64e09639989f9867192841204f4ed90902d9baaa6d833ba9417065,cell_crops
cell_crops,d552b2a0-14b8-450c-b7c1-eea023713b1d,relative_storage_key,cell-crops/c9a6b7af-881f-47da-980a-1a2c2b743a1c/03505d0f-434b-48ac-ae42-76750f4fbc1a/a0889d56-1430-4a7f-b67c-e21291ac9ed7/2b0085af-846d-4f66-9692-c04ebdf13ce7/crop.png,1882,35ee0a4f2e65ce12da310af50907ef7a1f53062bc282febe036c4fbeed9047a5,cell_crops
cell_crops,d576b0a9-b5ba-4558-8586-36cd58890502,relative_storage_key,cell-crops/211b65b9-8b1b-4bc9-bf8e-2572a00a3ecd/85d8a71e-e9ed-4062-a036-52e42dd89720/83b0bdb6-4441-49e8-b6a7-4de634e8d548/53e180b8-4ab4-458f-aee8-8d64cc55779c/crop.png,1635,0f5a9bc80bac1d2b81c491e1679dbedf4508d9c607c15a123ddc41a21509fc12,cell_crops
cell_crops,d576fae1-a5c4-4041-ac11-dea88b164ce3,relative_storage_key,cell-crops/e11b10f7-d1c3-4d6a-9e69-a4b6bc1abc46/1db1a505-3eaf-456d-b123-7b9f8ee77762/339d62a6-0363-472b-b2e3-4a7befd2c42f/9cfd1553-11d7-41a0-bd86-45af948ac95e/crop.png,1430,8b8732d9434691751169585a6e104be7af09fe69edefe7ac28bb8f696263c9c7,cell_crops
cell_crops,d5857ba7-6931-4947-8d38-3597972dfb5a,relative_storage_key,cell-crops/5ad2e702-acee-4f0a-9a01-8a2ba6b24733/1abc6f5a-ce2e-4d43-a7b2-9323cf7efa1c/13514ba4-7c6f-40a0-a6d6-573684da9510/976990be-556a-41ba-bc13-96a977497b93/crop.png,2149,83715d87b44832aa60c452bfde08de979ce67f5cf30dc4bdfde132e4b5727382,cell_crops
cell_crops,d5c8f541-ad77-4189-b97a-4064e174a3f3,relative_storage_key,cell-crops/e11b10f7-d1c3-4d6a-9e69-a4b6bc1abc46/1db1a505-3eaf-456d-b123-7b9f8ee77762/339d62a6-0363-472b-b2e3-4a7befd2c42f/2d5e1612-c246-401a-a11e-16fb97686150/crop.png,2389,8219e17423a9d32eb14e181501dff85b2d1c5227100067ac2e55abc063100e48,cell_crops
cell_crops,d5e6e640-539c-4fd2-ad93-8ab57f2dadd8,relative_storage_key,cell-crops/e11b10f7-d1c3-4d6a-9e69-a4b6bc1abc46/1db1a505-3eaf-456d-b123-7b9f8ee77762/339d62a6-0363-472b-b2e3-4a7befd2c42f/70c832e7-d47d-47d0-8b8d-e19a5ff9c1e3/crop.png,6452,bd37c0efb7ea43d00e05cecc75c1827edb816bd6431721229a6c96bc2d589551,cell_crops
cell_crops,d5f7276e-54ef-4b54-a846-3a81f770742a,relative_storage_key,cell-crops/25afdd28-85df-4a2a-9dab-2727ced6821b/f5668b77-a7c4-4ed2-aade-94bbf92900cf/08cd9b57-9a64-410c-8133-1dbdbf2e697c/fff6a371-f204-4d20-a0a3-675fcd14f7b1/crop.png,1594,84099ac5dd84a24310a59d901c6a45965e949be04452ff022b70d287c49ea474,cell_crops
cell_crops,d603b8be-0d5c-421b-b702-9063bba6f990,relative_storage_key,cell-crops/5ad2e702-acee-4f0a-9a01-8a2ba6b24733/1abc6f5a-ce2e-4d43-a7b2-9323cf7efa1c/13514ba4-7c6f-40a0-a6d6-573684da9510/aed3bb4a-7e4a-42ed-b665-938095ae1504/crop.png,4930,86e4ad961b618c9bd0431b40dee3e445180981304b628a8132fc817f7baf90a7,cell_crops
cell_crops,d61ce185-fe8c-481c-ace7-58f2bbab66d8,relative_storage_key,cell-crops/5ad2e702-acee-4f0a-9a01-8a2ba6b24733/1abc6f5a-ce2e-4d43-a7b2-9323cf7efa1c/13514ba4-7c6f-40a0-a6d6-573684da9510/07564e21-a334-48c4-abe3-fc0bb8079b51/crop.png,2059,765671c4a5ba93f52efcccf805bc5dbc76631b904f0c0124eec339887ae313d9,cell_crops
cell_crops,d631787b-ebb5-4bf9-b3cf-5d5782ece054,relative_storage_key,cell-crops/25afdd28-85df-4a2a-9dab-2727ced6821b/f5668b77-a7c4-4ed2-aade-94bbf92900cf/08cd9b57-9a64-410c-8133-1dbdbf2e697c/c5cd07ac-d965-4cc3-bb8f-984875e31b26/crop.png,2180,2f2dd20dbaef53722641c36c8343186d57dfe1636e83d2da5c544d093dba9b78,cell_crops
cell_crops,d64d3c5e-6759-4215-bff5-39557909c508,relative_storage_key,cell-crops/07c71166-93b3-415e-b764-6ca7344238f6/151ee7ee-b609-4e6b-985c-04af59a85470/9c45439d-fd87-46c3-944a-439ab92cbf89/e64d8af5-06d2-45c9-8dc3-69dc1468c286/crop.png,4667,4693aaaefba5d3eb2f1f33f37a7e7d211fad59978f83793a2ee71a865555ed0d,cell_crops
cell_crops,d6515ee3-b090-49a1-90fb-23f9a48a35e1,relative_storage_key,cell-crops/5f35abbf-10da-4c5e-b4d7-0b2e59de51f2/99ac88d3-5c9f-4fc3-8d6a-abadae1ee80c/b0ad2c3c-3de1-4628-bf32-d60536a0da80/9aa3e237-68d9-4095-b470-c567342ae0ab/crop.png,4394,a2837124f96a8740c6eaf245814f2cabd5af05b4abbcd1bf0f0dcdbd0c062df5,cell_crops
cell_crops,d6719631-1b09-4635-9455-1fdd99985e06,relative_storage_key,cell-crops/e109f86a-afaf-4c6b-8831-0fd7fc4fa7b2/2b113263-4ee7-4c87-a4d5-c689a43626bb/5b7cb03b-f0e6-42de-9aba-d4fb3757ad09/58669585-4579-410f-b1f9-34d145fb2868/crop.png,1551,0d14e6d9f943c7c017b9ce99989288b007e5e7e27d90e4740f8139e738b1415c,cell_crops
cell_crops,d674ebf0-8d26-4372-ad83-b69c2b65a4d5,relative_storage_key,cell-crops/b0a5839c-3668-4411-b590-cc1d8fed470e/bf423fe1-2fc5-4662-9eda-ff1496c1bba9/c2a6cffd-18de-474e-ba04-2bf65b0f4f8c/a1aae0e4-f89c-4f8f-a8e2-3b497ae44f63/crop.png,698,47fce6a518904a570ef30de634d404c891823d6ae79724d510297be3aee51956,cell_crops
cell_crops,d67bb1ba-8683-4920-855d-3ff81a3ad743,relative_storage_key,cell-crops/25afdd28-85df-4a2a-9dab-2727ced6821b/f5668b77-a7c4-4ed2-aade-94bbf92900cf/08cd9b57-9a64-410c-8133-1dbdbf2e697c/115834d4-70e5-47bd-96c0-fd73caaa80ee/crop.png,7373,3f5b663a46e092d0dd2b2aca056d3e480999a1870345053c81121859bfbda708,cell_crops
cell_crops,d67cc76e-fda8-45db-8355-329aa7cccf15,relative_storage_key,cell-crops/c6209893-144a-447d-a436-fe89fc140cee/f088ac8e-c214-474d-837d-53532f4ef947/43249c8b-9008-49c9-8246-2b24989143a2/0f949baa-f963-4f1c-ae5b-21329ab16556/crop.png,6890,8e98b2d52230a24e20dff76d86ca6acb8d266b69beb1afcd6cb1405b7054ddfd,cell_crops
cell_crops,d6a80e68-e31d-49dc-aec4-74413e2f1cd8,relative_storage_key,cell-crops/ae68a99c-11f7-457a-88f8-3cef9a144958/618af6de-bfab-495e-8634-e484d620ee21/650c7580-8b2e-4bc4-88e8-bf03c5bb423d/e7e01f20-5359-4a31-9c65-caf60c72cad6/crop.png,1440,b30239b653933655f06bada0b5ea1d5cd44549352a1ed8d879834a97f7f46e6e,cell_crops
cell_crops,d6a8b770-2ec1-4d94-8830-6e76f32ef7a7,relative_storage_key,cell-crops/07c71166-93b3-415e-b764-6ca7344238f6/151ee7ee-b609-4e6b-985c-04af59a85470/9c45439d-fd87-46c3-944a-439ab92cbf89/3f80c195-1b60-4024-8a61-1e6673aaa5a7/crop.png,1744,0064f6cd62cb7951e9eed0ce26d7c04b2bcae4e2e88eb7d1e3d6794bd8544598,cell_crops
cell_crops,d6a8f994-d5ac-4c33-a262-c7efb5e0b7b1,relative_storage_key,cell-crops/8122e340-548f-40df-9dd4-ed43859605ff/ed18ce4e-6fb0-4f1f-b313-c9d76617210c/8cb2cae1-c3e1-487c-a274-4385f339dded/4794e75e-6010-44ee-a85c-751f79f15c26/crop.png,4888,b21b046ea62dddb5428c70c62b9aa55d7e832c93e5b995cf38e7b52869da86b1,cell_crops
cell_crops,d710c156-4912-460f-b81f-04382f1c0852,relative_storage_key,cell-crops/8122e340-548f-40df-9dd4-ed43859605ff/ed18ce4e-6fb0-4f1f-b313-c9d76617210c/8cb2cae1-c3e1-487c-a274-4385f339dded/656013a8-56ba-461b-b41b-9ab0cc291eaf/crop.png,3968,96be048f8d6a06f7b101428982e8eb5e4ef037c1b4862857abdb2fa31704b1bd,cell_crops
cell_crops,d72dfbd1-8dcb-4d56-b0e5-0d84363a0d02,relative_storage_key,cell-crops/383c9700-4823-4ef4-a3f6-c8bac0a28dd4/0d86637f-bf43-4c20-a000-30e6e09038ff/e4296ff7-9e31-4bd9-8593-2615946bcceb/5b93a2fb-585b-4135-8f91-a90c5703529a/crop.png,656,e7d20836724de713efad1cfcbb0518c04facb780a965bb6f8feac12e6ef2138e,cell_crops
cell_crops,d731a5c5-f4f5-4151-baab-a61d3cf99405,relative_storage_key,cell-crops/54e278de-2381-4a05-8faa-42bf761f6688/50b0884e-ddde-4252-be9d-058151c986c4/f4400105-33b9-4bc0-860b-010b1cf3d386/369aa88e-3d9d-49ba-9f05-1b993691e271/crop.png,1213,1c53acab51ef74f5708d69f5ded13eb1885062a74b8641052f4a45c3069f70c3,cell_crops
cell_crops,d785d0a6-75bc-438b-87ef-5968441d5975,relative_storage_key,cell-crops/121a69bf-ba23-4014-892b-158b9c2b71a4/aa1323a6-7f80-4e1e-819a-ec182f045f3d/97fb12a0-df7f-455f-8e13-e0383ad3934d/8c81cd70-234e-4aee-b1ac-746e0ddb38c6/crop.png,1792,f4685f484591daf7a6761f53194c14251c6f5736f893a8d2d4277a8e0ec3438b,cell_crops
cell_crops,d7875c20-303a-4e34-baaa-70454dec80b8,relative_storage_key,cell-crops/db1855bf-e94d-43ea-86dc-5c1d21c82206/70a62caf-67c3-44f5-8752-596e9432c4ca/f914626e-fa1c-483a-ac2d-a7ebce6130f5/c697cd8b-c402-410a-84b4-10d01acbe4f7/crop.png,4010,440aa3c5624760717625a7077c3c37bc7c9a6c1839423642e5ce9cfd84888f99,cell_crops
cell_crops,d794c83d-956c-45df-b11d-94534fc971c0,relative_storage_key,cell-crops/7a11c0f4-a9d7-4446-a5f2-437ffc334a6c/0ff18f89-6fbd-4755-8e89-15227de46f41/3dca4192-f767-48f3-a7e8-59e22d9db3f9/dcffcda5-1d10-491b-a2ba-fb05febb3df4/crop.png,4508,51b28014ee4bab7d3cc1b2d0e4132ee87e3fe7a6730a5f06e5765cd5607d63ae,cell_crops
cell_crops,d7a515f1-d9ce-4d3b-a530-5177719c5afc,relative_storage_key,cell-crops/211b65b9-8b1b-4bc9-bf8e-2572a00a3ecd/85d8a71e-e9ed-4062-a036-52e42dd89720/83b0bdb6-4441-49e8-b6a7-4de634e8d548/346cc3b4-bfb9-4a45-a4e9-6d51fc552b57/crop.png,1513,0f0647bd91add783de414dc19b1922de136f6c3ea0ed4fbb64a1c768cedbe023,cell_crops
cell_crops,d7a949cb-54bc-4000-b410-86d9350edcf6,relative_storage_key,cell-crops/5ad2e702-acee-4f0a-9a01-8a2ba6b24733/1abc6f5a-ce2e-4d43-a7b2-9323cf7efa1c/13514ba4-7c6f-40a0-a6d6-573684da9510/27255dfc-fdab-4df0-ac80-91625e124d2c/crop.png,4159,7ee6bfdb7bce0f064955f21064c8ecd44e806f229882ac49792ecdc8bc53e0f6,cell_crops
cell_crops,d7b974ab-4517-430d-849e-25d96f000fd2,relative_storage_key,cell-crops/1c49de91-f3ba-4794-8cbd-62bc966049c5/1007bc39-4bca-4a32-9069-5c8180b174db/cdcfc6c7-12a5-4405-8fb1-213826f88d05/e32b688b-3aba-4ee9-a9da-bbcbff052625/crop.png,4577,22470afd8d96d81c9b35ad3bc2242e1c5ee342090e8c18eab066ad1ddc155605,cell_crops
cell_crops,d7bb057e-7cc9-45d1-95a2-9b31dfdc1533,relative_storage_key,cell-crops/07c71166-93b3-415e-b764-6ca7344238f6/151ee7ee-b609-4e6b-985c-04af59a85470/9c45439d-fd87-46c3-944a-439ab92cbf89/201d7e66-0681-4362-a148-e100f72fa064/crop.png,2790,14148030fe55d2c592e7037ce2ec92cbfe53a66f98e98be606af68cab4983550,cell_crops
cell_crops,d7db9b2c-7127-4ee2-b7af-e42ae585e788,relative_storage_key,cell-crops/aac2f7a6-e279-42c1-8035-33134bfdf3eb/881590dc-6d13-4137-ba82-d28d2ed5199a/34070251-bc08-40a2-b33a-35ad175a7189/e825bb7b-3a6f-478e-8da8-aee0cf9beeb3/crop.png,3769,e56d48492a86a5582c9efe8d712466161456cc023ea0ff96b36501a70312d691,cell_crops
cell_crops,d8074063-7bb3-407c-b2bc-fe14f6e98302,relative_storage_key,cell-crops/07c71166-93b3-415e-b764-6ca7344238f6/151ee7ee-b609-4e6b-985c-04af59a85470/9c45439d-fd87-46c3-944a-439ab92cbf89/2b567826-7817-41ef-8b48-5eb3e1f8a4e0/crop.png,1475,4036f81fe9089699d1cc10371b8a9c43b1cff0c2dae522fc49ca11d4e3cadbc8,cell_crops
cell_crops,d810b787-885e-461a-b880-7155eb9d4214,relative_storage_key,cell-crops/d28e9146-5ad9-4df7-8af4-1b8901780c2b/f196b05e-1e21-41c5-8292-1c802004009a/6948fa72-3ff5-45bb-beb5-8ae3bba8b6d6/82e32546-132f-4bd0-944d-a0b43e263507/crop.png,10069,13c56ea7ef31c81b246c351212d814220732cbd2324f6eb56b31f4d8168c4fec,cell_crops
cell_crops,d81837e1-e074-4153-b087-9571cc981c51,relative_storage_key,cell-crops/e11b10f7-d1c3-4d6a-9e69-a4b6bc1abc46/1db1a505-3eaf-456d-b123-7b9f8ee77762/339d62a6-0363-472b-b2e3-4a7befd2c42f/50ca5122-b8a2-406e-b612-1bbf2a7446c4/crop.png,5124,5351b5ce7c634dbf73b39d774bec52d6f58f8e426fb32944f45878357e69fa4f,cell_crops
cell_crops,d83ca922-ba49-4aaa-9986-3df77b7ea3bb,relative_storage_key,cell-crops/e11b10f7-d1c3-4d6a-9e69-a4b6bc1abc46/1db1a505-3eaf-456d-b123-7b9f8ee77762/339d62a6-0363-472b-b2e3-4a7befd2c42f/176daf48-4555-4e4f-9f80-40a8a20e4ec3/crop.png,1885,1ddd861fc7724007718cae2e6a6449e97a3a0aab0c63d6645debde655ecd23ba,cell_crops
cell_crops,d867a282-8759-4ed5-8c31-d82df26238f1,relative_storage_key,cell-crops/72906de0-83a0-4e98-940e-735fe5fb2363/c3c7a47a-b9d7-41c8-a8db-3269a23bca95/452e4d39-1e65-4a32-8a6a-e88382ac7aa6/8a6fea04-a048-46ce-b5f9-93e1a9b6ef19/crop.png,3959,222c7ca5ee29a358fb425e25023ee8e1f3c3316c5e990bf35738d52aa39c2890,cell_crops
cell_crops,d8a8c415-811e-4e49-b728-42b17e1a1f7e,relative_storage_key,cell-crops/07c71166-93b3-415e-b764-6ca7344238f6/151ee7ee-b609-4e6b-985c-04af59a85470/9c45439d-fd87-46c3-944a-439ab92cbf89/a2572f30-d208-43c9-9ac3-c82f41f736b5/crop.png,1457,267802e820e303f3710e847c0cbe939ee656b7aef04e14dde7b43a24a6783ef2,cell_crops
cell_crops,d8ad37ad-d2bd-4a51-b3c3-9f07cb146a87,relative_storage_key,cell-crops/25afdd28-85df-4a2a-9dab-2727ced6821b/f5668b77-a7c4-4ed2-aade-94bbf92900cf/08cd9b57-9a64-410c-8133-1dbdbf2e697c/c66b64c2-5737-411a-b250-6bb959c946ea/crop.png,6082,a561fb445a81db685a6164c5aa68e942e35a1192a7f4a2b274cf9b01a751564d,cell_crops
cell_crops,d8af98a7-28c6-4299-a036-60cf9b3f8111,relative_storage_key,cell-crops/383c9700-4823-4ef4-a3f6-c8bac0a28dd4/0d86637f-bf43-4c20-a000-30e6e09038ff/e4296ff7-9e31-4bd9-8593-2615946bcceb/23c519dd-d1e3-41e7-8be0-66fcb5c91e35/crop.png,30910,877ae325955d7c1e2a8430ed3e9eade6064d6f9802dc28ac99b29a0950700975,cell_crops
cell_crops,d8d3ee22-ad98-4879-9dfe-0f0638f157fe,relative_storage_key,cell-crops/54e278de-2381-4a05-8faa-42bf761f6688/50b0884e-ddde-4252-be9d-058151c986c4/f4400105-33b9-4bc0-860b-010b1cf3d386/43fc030d-068a-4d48-acff-a1104e60a17b/crop.png,2032,09957369e3c2cf674a3cfae8844db5c37890397e4cb6260d9eb86b3a7b0dcda3,cell_crops
cell_crops,d8df3815-73fe-4d0a-b079-f75177754a30,relative_storage_key,cell-crops/211b65b9-8b1b-4bc9-bf8e-2572a00a3ecd/85d8a71e-e9ed-4062-a036-52e42dd89720/83b0bdb6-4441-49e8-b6a7-4de634e8d548/90e1b80c-9a7d-4fd7-aadc-6c96aecf0f5e/crop.png,1654,c9c45c2366dfcb29288c0d2a468d926daaa5a2425dfbf8767ec7453b46717ca3,cell_crops
cell_crops,d90d3d12-e2e3-4dd6-a8ea-0e3737a9da6b,relative_storage_key,cell-crops/aac2f7a6-e279-42c1-8035-33134bfdf3eb/881590dc-6d13-4137-ba82-d28d2ed5199a/34070251-bc08-40a2-b33a-35ad175a7189/0b043acd-cbbf-42e8-8ec3-f29a35a4a375/crop.png,10851,d5c1ff027f6502f1a8032a3f88d4eebb9cc36c1b576f8dbe30f9247dbd91fbd7,cell_crops
cell_crops,d93abf08-c8d9-4fe3-b19a-f3ef7d18d79d,relative_storage_key,cell-crops/b0a5839c-3668-4411-b590-cc1d8fed470e/bf423fe1-2fc5-4662-9eda-ff1496c1bba9/c2a6cffd-18de-474e-ba04-2bf65b0f4f8c/ef406098-6ba1-4f4f-bc17-57604387cb79/crop.png,1568,f6bcbd61222c66e293d40731665990bce9b18beb2ced18de741e8efa7dd39786,cell_crops
cell_crops,d9a08240-2138-4a10-817a-8e6f4ea80070,relative_storage_key,cell-crops/3a9a3ddd-a6fb-43b7-98e8-82fe65649b10/69a3938d-51bb-45d7-928d-1b35d46634bb/ea56489d-de29-4bcd-bf1e-16e83feedee6/aecdc734-47dd-4617-a984-d7ae6f4c722c/crop.png,5685,da38c03d021553af410d305c6441a432e4025dfeb5766de1bbc94dae07d619bf,cell_crops
cell_crops,d9a7e36c-d6d8-4f45-aa3e-65613f98fc70,relative_storage_key,cell-crops/05b33155-8921-4eb9-9920-af67decfe454/6278de2c-44dd-4a75-aca2-9708e58437ba/92e2e64a-1c82-402b-b24d-75d43d50a17f/bae61eef-5895-4111-9acd-9128e947913e/crop.png,4008,e7d00cc50070053ec4e81f88460155bb43ac7cfd79ef3e86b8e7175bc77a5782,cell_crops
cell_crops,d9e5e910-0510-49d9-820f-3201353d064c,relative_storage_key,cell-crops/211b65b9-8b1b-4bc9-bf8e-2572a00a3ecd/85d8a71e-e9ed-4062-a036-52e42dd89720/83b0bdb6-4441-49e8-b6a7-4de634e8d548/3bc8fc11-afe8-4aa8-b7f2-ea5eaabf1cb5/crop.png,17618,a6bf5013bd7ed0e9ea9886fb0146c49bc4a4a0a7aa1ed958d24623d2689defd7,cell_crops
cell_crops,d9ed4df9-7138-4f9b-ac92-9e90fd5a2441,relative_storage_key,cell-crops/3a33d13c-ff5b-46ba-94b4-0710e5185301/a78dd7b0-8ddc-4cd7-bc5a-241f8b427de6/7ba97fb6-e951-4c3b-93d8-3958918f513f/7bdb8521-3d23-42eb-9f9f-dd2b0d0e551b/crop.png,3940,0a7215e1a8a907ba053e50a49aa851c133fc8271c841da3b0c54b76feaf5f696,cell_crops
cell_crops,da4ec562-3a74-4f67-bb4c-4aaf77b16f5d,relative_storage_key,cell-crops/ae68a99c-11f7-457a-88f8-3cef9a144958/618af6de-bfab-495e-8634-e484d620ee21/650c7580-8b2e-4bc4-88e8-bf03c5bb423d/e4b3a8c3-5853-4620-a6fe-daf1e53d360f/crop.png,1340,618da71a38877980b30bd8e2c2decc45b4fdb7bc12c76d4fedf6d6fab533d0ae,cell_crops
cell_crops,da6539ab-0cbf-4085-9842-8e8493b81f7e,relative_storage_key,cell-crops/1c49c468-795c-45ed-98a4-e3670ddd5182/2f40a287-e0d5-4ab9-919e-a1ddfe57b9bd/2ac85463-e0b3-4c27-bb72-7ffdae1f53ab/d32b4547-f5e9-4163-b5fa-a409bce38d7b/crop.png,3608,9fcc4616d0aa9775038c2e10f2e8f7367c3721587d5afc708c78901b29b0c03f,cell_crops
cell_crops,da729306-f2aa-4968-97a9-ff33165813c8,relative_storage_key,cell-crops/214fd936-3c74-4042-937a-3131ff495bdd/5e7bbe13-3cf2-4c2d-9022-31d242f15fb1/c6a30725-877a-4570-819a-de52a6bcb57d/ccf87846-15a8-4dde-a6e6-9d251f9dfa96/crop.png,777,4476fa8b04741f7887dab1731cf2809b85d785b331234ef446e8359d39e6ddbe,cell_crops
cell_crops,da8133b8-1081-47d5-9cdd-675a0dcd7886,relative_storage_key,cell-crops/72906de0-83a0-4e98-940e-735fe5fb2363/c3c7a47a-b9d7-41c8-a8db-3269a23bca95/452e4d39-1e65-4a32-8a6a-e88382ac7aa6/04624686-984a-458f-9a20-a710d6ae2600/crop.png,4320,d67e4f30296df5b7ccb98c0c4bee0d2076f29d0c96dab4c96d4dd19a8c8ba27f,cell_crops
cell_crops,da8420b6-8baf-4056-bcf7-dfcbea639fde,relative_storage_key,cell-crops/59a98cc0-24f4-424a-b208-3fe06063fa47/98626a4c-b3fc-464a-a4fe-90bc886c7647/c0a49ec0-99e0-4b2b-a9e4-1e2ec28655a0/7a41a8e3-a0fe-44db-8a7f-5a27e18eb8e5/crop.png,3390,845e83f0f14bbdd3c8847e3366a3e4fda3540801a4fd1ab6724345b1e42d05df,cell_crops
cell_crops,da866096-79d5-4d79-80c2-bc92a79b6802,relative_storage_key,cell-crops/ae68a99c-11f7-457a-88f8-3cef9a144958/618af6de-bfab-495e-8634-e484d620ee21/650c7580-8b2e-4bc4-88e8-bf03c5bb423d/51030a30-7dc6-412e-a553-9068cdbcb35e/crop.png,1504,3f158728b00c6e61b4ca799ad9e3bd04ede8cc188c0d3a35f13fc6b0a41d2a44,cell_crops
cell_crops,da8b8fa7-a9f3-4ccb-aa73-2a4b5b74eef5,relative_storage_key,cell-crops/7eba770f-f337-4ed5-b174-fb4c18baaae5/0074b7b4-1a21-4123-9fb0-7a7e78c65792/6a4c1def-59d7-4111-8a64-9cfb8e00ba8f/885fd6ae-15ae-459a-8501-93c16503a717/crop.png,3651,6a31cdc31c65c41350bb12f0707ff9f2d9d438bbcf1ad2e991286c1b60cdd94a,cell_crops
cell_crops,da996920-05fd-478c-86a8-73ea522d9ae3,relative_storage_key,cell-crops/52c4864d-1788-41db-a1d2-883ce7d83a58/490887fa-b3af-4136-85dc-8ae66e413acd/bf339bce-cffa-48e9-a044-4b9df2cc36b4/1da4e815-1ad8-4132-bd46-53735d503f0f/crop.png,1927,e4379b6f91d5d84c60cdcd55511cdcfb958ca26bad55f49583389e4199c1239a,cell_crops
cell_crops,daad12cb-01ae-4753-b9fe-c73b560f06ca,relative_storage_key,cell-crops/4e1ca921-c5c6-4d89-b035-2d7dd99040d5/b9f975b3-7cd8-4b9a-a2cc-1bd9a76d924c/dc6df3c3-f03e-4261-bd4c-a2df5e0f0d88/ba96c828-de59-4b3b-bbbc-6b357755e57f/crop.png,4121,e72bcf5da0689a567ab76d73c0a37814c4c4bb9955ef1c9b06ed6578ba56afb0,cell_crops
cell_crops,dac82582-cbf5-4af9-8b18-333da8c9117a,relative_storage_key,cell-crops/8b912699-0346-4eca-9a3f-992922f65702/c5ca90cc-e321-4501-82f3-a2e0ef0f51a7/51a1e5c5-fac7-4ab5-b6dd-bef48d583434/c0cc4fd7-f1d8-4616-bc21-6a8112618c0b/crop.png,5682,9914beca7470a17655d1652afc679c66ba02eb4558c41b057be234ad1b1d439e,cell_crops
cell_crops,dade99a0-d497-4b59-b090-ef512950d764,relative_storage_key,cell-crops/e109f86a-afaf-4c6b-8831-0fd7fc4fa7b2/2b113263-4ee7-4c87-a4d5-c689a43626bb/5b7cb03b-f0e6-42de-9aba-d4fb3757ad09/780836ea-52a8-460b-a9f6-527fbb1486b5/crop.png,5429,9492644991312d0792fd2604e8f640603b249558e998f8ce14d3584f2fecce7b,cell_crops
cell_crops,dadf73b5-0e8c-4eaf-bff8-ec37a099a76d,relative_storage_key,cell-crops/ae68a99c-11f7-457a-88f8-3cef9a144958/618af6de-bfab-495e-8634-e484d620ee21/650c7580-8b2e-4bc4-88e8-bf03c5bb423d/d983321a-d405-4a9c-80bb-e67492a3f657/crop.png,4121,e72bcf5da0689a567ab76d73c0a37814c4c4bb9955ef1c9b06ed6578ba56afb0,cell_crops
cell_crops,dae8d0a2-7880-46c5-95a1-6996d653889b,relative_storage_key,cell-crops/7ef7cff8-899e-428e-b89a-36803c0575b3/04bafb48-259f-4626-82fb-a3359ee3160b/00b8d663-89b1-4dfe-8f8f-9a01bca4688b/c66d5e78-a526-4bb1-9bcf-8a8223f2999e/crop.png,18528,67ffda361f1086f1b4bad8cbe90d0f9964b7cbbc433293014e1a007d72f88c94,cell_crops
cell_crops,db259f10-512b-466a-8254-3c04bb28aef9,relative_storage_key,cell-crops/54e278de-2381-4a05-8faa-42bf761f6688/50b0884e-ddde-4252-be9d-058151c986c4/f4400105-33b9-4bc0-860b-010b1cf3d386/2cb71b62-fcbb-469c-83eb-1d3c9d766325/crop.png,941,1cfeb4ab8c888d83bc2841ce1161622d5e2763cd10d896072723a0f4b6e5b365,cell_crops
cell_crops,db2ac703-d8fc-46c2-a6cf-a515653a23aa,relative_storage_key,cell-crops/e11b10f7-d1c3-4d6a-9e69-a4b6bc1abc46/1db1a505-3eaf-456d-b123-7b9f8ee77762/339d62a6-0363-472b-b2e3-4a7befd2c42f/8a456870-a890-489e-9536-2c1e1addf254/crop.png,1675,12b30d28a86a3a9f5e836157bd7150da22186fad83b53ea67806c4b26aebd84b,cell_crops
cell_crops,db2da938-02dd-4166-a86a-db13a2d3cadf,relative_storage_key,cell-crops/59a98cc0-24f4-424a-b208-3fe06063fa47/98626a4c-b3fc-464a-a4fe-90bc886c7647/c0a49ec0-99e0-4b2b-a9e4-1e2ec28655a0/d9036318-a0cc-4d63-b9c0-0b4d0cb82d6d/crop.png,4006,00b655810f50e35986356ac133572447ff4591e78f3c7d6cfcb942e973c48267,cell_crops
cell_crops,db2dd32a-619b-4859-9c7b-e62294e66208,relative_storage_key,cell-crops/4e1ca921-c5c6-4d89-b035-2d7dd99040d5/b9f975b3-7cd8-4b9a-a2cc-1bd9a76d924c/dc6df3c3-f03e-4261-bd4c-a2df5e0f0d88/b93b0349-3414-4728-b6d8-0b9af4b2ff72/crop.png,7396,aaf463e8d4ca7ba651e3e374e9ff770f802d6a9e674943890ad8ea9b9c53d081,cell_crops
cell_crops,db5c8643-c292-472e-9238-3de002d51840,relative_storage_key,cell-crops/1c49de91-f3ba-4794-8cbd-62bc966049c5/1007bc39-4bca-4a32-9069-5c8180b174db/cdcfc6c7-12a5-4405-8fb1-213826f88d05/eebb997f-71bd-46c3-9419-6f451816ed38/crop.png,3137,96f54cd71a8893a3e68192236d9cc8f7910fed31812010a7a24498d31d2a9d95,cell_crops
cell_crops,db7edd6d-9aa4-4f8a-bc55-83b759e13609,relative_storage_key,cell-crops/bc8b8317-c17d-4b7a-b737-5e40120559e2/8c8e678b-a6c7-4b8c-b4c0-d34745f32fe3/25cb85d9-3b89-46ca-982a-f71517c971ee/3650469b-bd93-470e-9bf6-4b922715df95/crop.png,1676,9ad7cdd310b9f37fb0d44f6c441cb622beddb600f26eea78682e4ea704b96162,cell_crops
cell_crops,dba3c869-3fa8-4cdf-8207-f0c715c553d0,relative_storage_key,cell-crops/52c4864d-1788-41db-a1d2-883ce7d83a58/490887fa-b3af-4136-85dc-8ae66e413acd/bf339bce-cffa-48e9-a044-4b9df2cc36b4/8de59d16-f8db-48e9-bb49-f20a3de9a21f/crop.png,1018,f5c1fd549d32394887aef9f3b91ce485dd3bf37b5566b41747c2e686b55898e9,cell_crops
cell_crops,dbd05c1c-2a9a-49bd-be0f-308a43712bfa,relative_storage_key,cell-crops/c6209893-144a-447d-a436-fe89fc140cee/f088ac8e-c214-474d-837d-53532f4ef947/43249c8b-9008-49c9-8246-2b24989143a2/b0992395-42c0-450b-82ff-cd750b83ecee/crop.png,9549,9930f101ecdf68cb9c0efd4825b41326c0099af39e2515e2a1aea03710a11607,cell_crops
cell_crops,dbd63c4d-c6b4-4acb-b3b7-0ed643564c22,relative_storage_key,cell-crops/e109f86a-afaf-4c6b-8831-0fd7fc4fa7b2/2b113263-4ee7-4c87-a4d5-c689a43626bb/5b7cb03b-f0e6-42de-9aba-d4fb3757ad09/e4c2a307-406c-4137-b238-392087a9b045/crop.png,5559,bbf43f3cf3eafb4a6cf5f4c864814a2489006102e30bfdecdfad270d5052c0f7,cell_crops
cell_crops,dbd9eb3f-622f-47c0-894c-675379b34de2,relative_storage_key,cell-crops/1c49de91-f3ba-4794-8cbd-62bc966049c5/1007bc39-4bca-4a32-9069-5c8180b174db/cdcfc6c7-12a5-4405-8fb1-213826f88d05/7e12c6c4-329e-4a47-9f02-dcf3c4d00744/crop.png,4291,1da12e340db0055395cd91c35ce8e62f68b52a6503d675e97a4073322bdd22c3,cell_crops
cell_crops,dbea508c-d75d-423b-a923-33f4c5bfd2b5,relative_storage_key,cell-crops/25afdd28-85df-4a2a-9dab-2727ced6821b/f5668b77-a7c4-4ed2-aade-94bbf92900cf/08cd9b57-9a64-410c-8133-1dbdbf2e697c/801c1e04-b3c2-4ed7-b895-594e0d5f81d9/crop.png,20699,322f8acb73a63c82357a9a339ec22053e31ed9fa7f8ff527b63dc3cf395f9744,cell_crops
cell_crops,dc00503d-11df-49e8-a1ca-e3ba74c00909,relative_storage_key,cell-crops/5ad2e702-acee-4f0a-9a01-8a2ba6b24733/1abc6f5a-ce2e-4d43-a7b2-9323cf7efa1c/13514ba4-7c6f-40a0-a6d6-573684da9510/d9a82db9-29f8-4372-aa62-c1bfe2c4346e/crop.png,4038,099ea2d284ece563b40c9b1d83639f5417035e4051b004ad5e990d8780a478b9,cell_crops
cell_crops,dc0de30f-1291-4147-8d23-fc544521f1fa,relative_storage_key,cell-crops/1c49de91-f3ba-4794-8cbd-62bc966049c5/1007bc39-4bca-4a32-9069-5c8180b174db/cdcfc6c7-12a5-4405-8fb1-213826f88d05/a390c441-77d5-4efb-9fa2-c007e51f0b07/crop.png,3891,8afc3bdb49915347c29bf7ce457e67a809627846d2e4bd4631e728b85619dbff,cell_crops
cell_crops,dc2b0dc2-3869-4380-986d-8f4dd5a7c350,relative_storage_key,cell-crops/52c4864d-1788-41db-a1d2-883ce7d83a58/490887fa-b3af-4136-85dc-8ae66e413acd/bf339bce-cffa-48e9-a044-4b9df2cc36b4/f7692cd1-5ebb-4701-9feb-be0738b36111/crop.png,2827,f70db13e40dec542b387b3b327a1a5326715b1065740002a81a2a331e753977e,cell_crops
cell_crops,dc34e203-00b7-40da-a85c-a76c5a32995f,relative_storage_key,cell-crops/93807208-985b-4d70-bb43-c7843db4141d/f4a29ede-288f-42ba-abf0-32395606ffc4/8d3b080d-2f56-4175-b76a-dc309555e9de/a3b9958e-08a3-470a-8890-08f80f3adec2/crop.png,2799,5301338ea9066e65c093c4644381102c4d9604044202592ae6e32460bedea41b,cell_crops
cell_crops,dc460400-875a-4da5-8dce-d9502dce0968,relative_storage_key,cell-crops/bc8b8317-c17d-4b7a-b737-5e40120559e2/8c8e678b-a6c7-4b8c-b4c0-d34745f32fe3/25cb85d9-3b89-46ca-982a-f71517c971ee/7e5e12aa-9918-4c9c-95b1-8d497efa69c3/crop.png,5847,c3aed8157b45267c5674dcd2fa60855080665c69bf366ee2d7e1421733fb27e8,cell_crops
cell_crops,dc4df06b-b680-4d58-9db8-f25a9bb43c97,relative_storage_key,cell-crops/b0a5839c-3668-4411-b590-cc1d8fed470e/bf423fe1-2fc5-4662-9eda-ff1496c1bba9/c2a6cffd-18de-474e-ba04-2bf65b0f4f8c/0380ded5-b1bb-40a5-bd6d-d6b9f47a8c46/crop.png,1369,42dbfd16e51e1cfa2c7d11f4d6f220e2ff9fa7af05f2a3463aa0c2dbf6a02191,cell_crops
cell_crops,dc765084-cc48-4ed3-b7a2-54ab7b98fe24,relative_storage_key,cell-crops/c9a6b7af-881f-47da-980a-1a2c2b743a1c/03505d0f-434b-48ac-ae42-76750f4fbc1a/a0889d56-1430-4a7f-b67c-e21291ac9ed7/ea4f5ad8-1881-422d-9016-0ca58577ea98/crop.png,17789,c2aab7055df3eb94c6cfaf899cf19cfca1cda4beb0d82b9ec0ffbe4498608ff7,cell_crops
cell_crops,dc9da071-0f65-4bd9-aa9e-f4d782e695b0,relative_storage_key,cell-crops/3a33d13c-ff5b-46ba-94b4-0710e5185301/a78dd7b0-8ddc-4cd7-bc5a-241f8b427de6/7ba97fb6-e951-4c3b-93d8-3958918f513f/e1497f3b-ae13-4364-a911-b964f6e93cbb/crop.png,30740,f6dd0d0f2ae75a66f56859494aae14dab8092ccb645fcebcc188a8c81b84aa34,cell_crops
cell_crops,dcd63d99-a953-48b9-a30a-e41471e2e063,relative_storage_key,cell-crops/214fd936-3c74-4042-937a-3131ff495bdd/5e7bbe13-3cf2-4c2d-9022-31d242f15fb1/c6a30725-877a-4570-819a-de52a6bcb57d/02c3125a-54ed-4446-bff6-d8686a0b9bc1/crop.png,3806,7b4834812a775794f87db7a220df1d237b4984bf02843c686a129aa6e5e30974,cell_crops
cell_crops,dcf1357c-f3cd-41ac-a770-e87c4137e96f,relative_storage_key,cell-crops/ba5fc281-07c1-46ca-8091-0c13e6753aa4/d33fb4ff-3366-4fff-9806-8ab03314dbd1/18b27447-aed7-42fa-9142-4bab96366973/81fd44a5-0eaf-4da5-aab4-5a6d11f87c0d/crop.png,14975,df433f8e1b8dffe2ea372c8bb57e48d3dc4c76bd8c225f4b49d8ac9844de6bfb,cell_crops
cell_crops,dcf3b515-eb93-41a7-a75d-6bbd6e4fedac,relative_storage_key,cell-crops/ba5fc281-07c1-46ca-8091-0c13e6753aa4/d33fb4ff-3366-4fff-9806-8ab03314dbd1/18b27447-aed7-42fa-9142-4bab96366973/ed8fb51c-c5a0-4d40-b2d4-d1f7fd0d2209/crop.png,8442,66bc374f8c7efdfe51591013499449116621f667ad971e7d0d865643bb23213c,cell_crops
cell_crops,dd03bfd0-95b1-40b5-8b04-822ea327bfae,relative_storage_key,cell-crops/e11b10f7-d1c3-4d6a-9e69-a4b6bc1abc46/1db1a505-3eaf-456d-b123-7b9f8ee77762/339d62a6-0363-472b-b2e3-4a7befd2c42f/3fe9a598-a85f-49d7-bd00-643349ca316c/crop.png,2449,a28a6f7ce9fccaafb4ae06207d97027f6082c5942d92c6a54f046c48f4325fb7,cell_crops
cell_crops,dd11afa1-77b2-49e2-b95d-4590171b8f1f,relative_storage_key,cell-crops/7fd7ef40-bc9c-40d1-9e62-62bf0850c6b3/f6e252a5-7924-4e5c-bc63-8b711db60ba0/8a0187a3-03f0-45bd-ac3c-6e47c7999f03/4169a8e6-7013-41c6-ba44-0d851f5b6744/crop.png,5014,9f436917a942d8de0eb2a6d3ae41d18da25c139288d2361466fe83f348e0ee9f,cell_crops
cell_crops,dd1e860e-369f-4f7c-bbd7-50725a854a41,relative_storage_key,cell-crops/3a9a3ddd-a6fb-43b7-98e8-82fe65649b10/69a3938d-51bb-45d7-928d-1b35d46634bb/ea56489d-de29-4bcd-bf1e-16e83feedee6/e8fb0dec-6361-4643-84f9-e5cbdd579b7f/crop.png,4768,7a19ddfbe6a591cb0d59e42d89358d81b9893fd6eb6888b6395d8e7d0c123416,cell_crops
cell_crops,dd213bb3-b2f2-4463-b1d3-4f85f990cc3d,relative_storage_key,cell-crops/ae68a99c-11f7-457a-88f8-3cef9a144958/618af6de-bfab-495e-8634-e484d620ee21/650c7580-8b2e-4bc4-88e8-bf03c5bb423d/3a7507b3-ad2b-4957-80be-7e37066ea253/crop.png,1502,30b8d7a02cd0236c6daf0092ee5b85cbf967ec9f5f16a04004008d983f68c9eb,cell_crops
cell_crops,dd77f24a-9d04-49ef-857c-c50929a80859,relative_storage_key,cell-crops/52c4864d-1788-41db-a1d2-883ce7d83a58/490887fa-b3af-4136-85dc-8ae66e413acd/bf339bce-cffa-48e9-a044-4b9df2cc36b4/8b28d01e-ae8c-45b9-acba-3f8ff891b5b3/crop.png,5222,0de8304d5bcbf180d0357e6491aa77520f511e8bca926a6f2c1dc5152bf26e04,cell_crops
cell_crops,dda51e91-45c4-4da8-a9ee-cfb08c79fc6f,relative_storage_key,cell-crops/121a69bf-ba23-4014-892b-158b9c2b71a4/aa1323a6-7f80-4e1e-819a-ec182f045f3d/97fb12a0-df7f-455f-8e13-e0383ad3934d/6f28661a-94cb-49ed-b3a0-d0cd17a2bfbf/crop.png,1335,b69bf785265abf789b6491f04a36443c4d87562c6dd854dcc0ad794bab8d6ad5,cell_crops
cell_crops,ddbeb690-72c6-459e-b685-9ee29253ac68,relative_storage_key,cell-crops/aac2f7a6-e279-42c1-8035-33134bfdf3eb/881590dc-6d13-4137-ba82-d28d2ed5199a/34070251-bc08-40a2-b33a-35ad175a7189/c183c254-23c6-408e-81b3-adec3f3f8c90/crop.png,4201,3400e8aa19fbaa64d09a3cf286d3ecc1b6ad129d45b30085b25501e4728a67cf,cell_crops
cell_crops,dde0e0d9-5116-4bb8-b551-d529848d9982,relative_storage_key,cell-crops/ae68a99c-11f7-457a-88f8-3cef9a144958/618af6de-bfab-495e-8634-e484d620ee21/650c7580-8b2e-4bc4-88e8-bf03c5bb423d/ad15c00c-ac64-4f3e-9c99-d4f4e1de2fcf/crop.png,1510,c44ec853f729e90bd36b2da025e958b788cc5c6343127fa38edd5a7d5aec2a05,cell_crops
cell_crops,dde74ba7-799b-406a-b43b-2ce6871ccdc4,relative_storage_key,cell-crops/b0a5839c-3668-4411-b590-cc1d8fed470e/bf423fe1-2fc5-4662-9eda-ff1496c1bba9/c2a6cffd-18de-474e-ba04-2bf65b0f4f8c/1dc00532-af64-40c2-98a2-4d235169da92/crop.png,1503,b1c09fe5b14bc30ea8ee5c2076c96804c62350c9fe17aa899a35a12d7c0f56d8,cell_crops
cell_crops,dde98d86-6c80-4510-a338-5e287ebdc7f9,relative_storage_key,cell-crops/3a9a3ddd-a6fb-43b7-98e8-82fe65649b10/69a3938d-51bb-45d7-928d-1b35d46634bb/ea56489d-de29-4bcd-bf1e-16e83feedee6/ea22c800-22ff-4c2e-bcc7-313da528ea2e/crop.png,4952,a71fc1e98545f51ffe588c021351fcc9041549b84b19ee031620cbc40ca81087,cell_crops
cell_crops,ddeb5a43-4faa-433b-a357-5295973dc480,relative_storage_key,cell-crops/59a98cc0-24f4-424a-b208-3fe06063fa47/98626a4c-b3fc-464a-a4fe-90bc886c7647/c0a49ec0-99e0-4b2b-a9e4-1e2ec28655a0/7b22af31-7646-4211-a729-5759df34fc1e/crop.png,74352,84e3e3838c05008c1f176eed725466b254f63a87392533433b032e40ccf2773a,cell_crops
cell_crops,ddf580ac-460a-4e77-bb6e-609f706bd16a,relative_storage_key,cell-crops/3a9a3ddd-a6fb-43b7-98e8-82fe65649b10/69a3938d-51bb-45d7-928d-1b35d46634bb/ea56489d-de29-4bcd-bf1e-16e83feedee6/9e1b62df-48a7-40f0-9070-f3da852a6f4f/crop.png,9294,23f591e47a79092e7ebbcd3b4124f118034d2cce89be65ed054964152bb69659,cell_crops
cell_crops,de760883-b368-4ffb-9186-cdef6f3c6c1a,relative_storage_key,cell-crops/25afdd28-85df-4a2a-9dab-2727ced6821b/f5668b77-a7c4-4ed2-aade-94bbf92900cf/08cd9b57-9a64-410c-8133-1dbdbf2e697c/4f0ab699-28f4-4921-98fe-d7d82c55dfcf/crop.png,1204,a16e27306ea36f9d78e83462f2d547cfe654e2dec4137896cc740247ca6534d7,cell_crops
cell_crops,de7d9e39-be23-43f4-a87c-0de696692e35,relative_storage_key,cell-crops/8122e340-548f-40df-9dd4-ed43859605ff/ed18ce4e-6fb0-4f1f-b313-c9d76617210c/8cb2cae1-c3e1-487c-a274-4385f339dded/d436db6f-4a27-4532-9736-51bfdfccd8ce/crop.png,3901,c9453cdc99309aae8963860e3116315e2b1a3d15b40921a6c85a9da70d8eda79,cell_crops
cell_crops,de7fd0e6-c900-4a1c-9187-e0cb92f38340,relative_storage_key,cell-crops/ae68a99c-11f7-457a-88f8-3cef9a144958/618af6de-bfab-495e-8634-e484d620ee21/650c7580-8b2e-4bc4-88e8-bf03c5bb423d/ac876e56-afd9-49da-87f1-57ae4a62c09e/crop.png,1348,b78fc1f55bbd9e672a4420c09f4c91b06104db37a0b1f8451a2b33f1b7d73130,cell_crops
cell_crops,de80972c-2380-4ca8-80ac-9f11880aeab5,relative_storage_key,cell-crops/54e278de-2381-4a05-8faa-42bf761f6688/50b0884e-ddde-4252-be9d-058151c986c4/f4400105-33b9-4bc0-860b-010b1cf3d386/9c7c5d9c-d6d6-4f4d-968f-3b4b718198c8/crop.png,1686,353211f10bd3759eb9c048de76a2fe68cb373e4584c6b424155e10c0a099c8bb,cell_crops
cell_crops,de86a5ea-3d5f-4977-8dd1-eae02c24c4ec,relative_storage_key,cell-crops/54e278de-2381-4a05-8faa-42bf761f6688/50b0884e-ddde-4252-be9d-058151c986c4/f4400105-33b9-4bc0-860b-010b1cf3d386/6ec2ce31-b86a-4117-956e-509c3e234600/crop.png,1820,f102fd1a8e14f707a5607ec06931d7215153c52fed45926bea8a1372863794d6,cell_crops
cell_crops,de96b084-6ceb-4641-9c3e-757b5d2069d7,relative_storage_key,cell-crops/e109f86a-afaf-4c6b-8831-0fd7fc4fa7b2/2b113263-4ee7-4c87-a4d5-c689a43626bb/5b7cb03b-f0e6-42de-9aba-d4fb3757ad09/6956c29d-7f9c-4495-8822-712bd9407b5d/crop.png,4177,87f13e1f834e8d09eb381661f8acfba98b36d48bc1aa6f302b283acfe89ae480,cell_crops
cell_crops,deb3abab-8359-4f45-a2f6-446a2b51ea17,relative_storage_key,cell-crops/c9a6b7af-881f-47da-980a-1a2c2b743a1c/03505d0f-434b-48ac-ae42-76750f4fbc1a/a0889d56-1430-4a7f-b67c-e21291ac9ed7/3f836fb1-54f4-445a-9ef8-3ba132e67e0c/crop.png,2024,050400bb9e1f3f751938a0147e55b5273fbd0acf728335c0587bc4f48fde827f,cell_crops
cell_crops,def5a1e5-fbab-4043-a55d-f36f5ac41536,relative_storage_key,cell-crops/7fd7ef40-bc9c-40d1-9e62-62bf0850c6b3/f6e252a5-7924-4e5c-bc63-8b711db60ba0/8a0187a3-03f0-45bd-ac3c-6e47c7999f03/97f01107-1049-447f-9077-6f4dcafe5c2a/crop.png,1334,6b12e1e4084a5ac42d10ef1cf4a0722771fd1155c26c28cde57b986f8affd752,cell_crops
cell_crops,df19c4dd-1102-49fc-baca-bc5bfb78e4cf,relative_storage_key,cell-crops/07c71166-93b3-415e-b764-6ca7344238f6/151ee7ee-b609-4e6b-985c-04af59a85470/9c45439d-fd87-46c3-944a-439ab92cbf89/eefe6e3c-c34d-464e-96bf-122700ba3d45/crop.png,1618,349b1b8b40a06bc491bb01c2d385455c987085af7ea2026fffc866fd6e508838,cell_crops
cell_crops,df681470-6aad-44d6-934a-f028639f6324,relative_storage_key,cell-crops/72906de0-83a0-4e98-940e-735fe5fb2363/c3c7a47a-b9d7-41c8-a8db-3269a23bca95/452e4d39-1e65-4a32-8a6a-e88382ac7aa6/c440f875-5406-41f8-ab98-cdb1c4be53b8/crop.png,13507,b1fdb9b68ba477be0a25583dbbfa0141f9b100137ac80b635156cb4e750dc963,cell_crops
cell_crops,dff51ada-6822-4b8b-852c-73d2656f6c46,relative_storage_key,cell-crops/bc8b8317-c17d-4b7a-b737-5e40120559e2/8c8e678b-a6c7-4b8c-b4c0-d34745f32fe3/25cb85d9-3b89-46ca-982a-f71517c971ee/23b3375a-d435-464e-9434-0ce2d507d493/crop.png,75400,5a5ceae7e03a1f1c554046ff04fc8336f757c2664401a3096b9ea4ade19ee69e,cell_crops
cell_crops,dffd3ed1-4c03-4465-9651-65c8304ee78b,relative_storage_key,cell-crops/b0a5839c-3668-4411-b590-cc1d8fed470e/bf423fe1-2fc5-4662-9eda-ff1496c1bba9/c2a6cffd-18de-474e-ba04-2bf65b0f4f8c/2c316eb6-7a45-4fb1-88cd-2a653aef3881/crop.png,1927,e4379b6f91d5d84c60cdcd55511cdcfb958ca26bad55f49583389e4199c1239a,cell_crops
cell_crops,e01e743a-406d-4927-8db4-f680f69f0cad,relative_storage_key,cell-crops/7fd7ef40-bc9c-40d1-9e62-62bf0850c6b3/f6e252a5-7924-4e5c-bc63-8b711db60ba0/8a0187a3-03f0-45bd-ac3c-6e47c7999f03/17a291dc-49a6-4f34-a949-7f6c154899a2/crop.png,6760,c0d790388fd2326983b27a30143aa9c08f46e736820d1c68513f02c2d61d00b8,cell_crops
cell_crops,e054b0b0-a07a-48cf-91bf-9e42aa231ad0,relative_storage_key,cell-crops/ae68a99c-11f7-457a-88f8-3cef9a144958/618af6de-bfab-495e-8634-e484d620ee21/650c7580-8b2e-4bc4-88e8-bf03c5bb423d/2b5f6ad0-6d15-499b-b803-51abca52b3b9/crop.png,6548,d44142b93c843a95b7900aa0d3aefdb0c1faf581199b8260532d27110fd58a86,cell_crops
cell_crops,e062e0d8-cd77-40c9-af21-f3ba7569cc33,relative_storage_key,cell-crops/4e1ca921-c5c6-4d89-b035-2d7dd99040d5/b9f975b3-7cd8-4b9a-a2cc-1bd9a76d924c/dc6df3c3-f03e-4261-bd4c-a2df5e0f0d88/f00078f5-0b77-4a33-bbe0-862b5f740fca/crop.png,2444,2a60fd98abf05ce1e7024b1f665b194d4281f672bdad0efc6c5ddadd02226a5e,cell_crops
cell_crops,e06e8880-66e1-4881-a878-e3d4ae542ce6,relative_storage_key,cell-crops/e109f86a-afaf-4c6b-8831-0fd7fc4fa7b2/2b113263-4ee7-4c87-a4d5-c689a43626bb/5b7cb03b-f0e6-42de-9aba-d4fb3757ad09/01082b01-73c9-4d54-addc-b76e2ef279a5/crop.png,5362,cb65dbd84f3354bfe0f22ded30414c53e5ddaccc22ffebff81f1082c241cbcbb,cell_crops
cell_crops,e0917c31-a039-4512-8188-961189612647,relative_storage_key,cell-crops/7be00fe5-41da-48c5-b2c2-9618f0a7c517/3ebcfc6b-b6e3-40b6-939c-33977196460c/8fa36d4d-c412-435a-a109-923281f0f43d/7fee1ca7-713d-465f-b1cd-f43914200608/crop.png,899,eefecb9b6622af6ff3e22c1fe2bc633e537acd128688ba30f46a00123e01101c,cell_crops
cell_crops,e0a5a9b2-1014-4a5d-888c-2ce71f321ab1,relative_storage_key,cell-crops/8122e340-548f-40df-9dd4-ed43859605ff/ed18ce4e-6fb0-4f1f-b313-c9d76617210c/8cb2cae1-c3e1-487c-a274-4385f339dded/9545b437-48b4-4196-9045-8ee34a7d25ab/crop.png,7986,6ebbd4b2174c4682640a2c414133222a201cb6608a0d7905800ffd6081585bbe,cell_crops
cell_crops,e0b0c86d-100d-42cb-941c-694929688fe6,relative_storage_key,cell-crops/4383bcb6-1595-4b3c-9c6f-ced12863a762/f6d15c09-591e-4808-aff5-02f7c8c4d239/25a1a8fb-90d3-4cfb-b43b-20ee3b4b7788/b098699e-e8d3-4081-85a3-75ccb67a8ab4/crop.png,5540,6582fcc63d0a8d6c88a64c3eeb8d1a73f2da6a9e4725fa45f928b07bd6509000,cell_crops
cell_crops,e0c67ffd-bb40-418d-aa04-0afeceb6df4e,relative_storage_key,cell-crops/211b65b9-8b1b-4bc9-bf8e-2572a00a3ecd/85d8a71e-e9ed-4062-a036-52e42dd89720/83b0bdb6-4441-49e8-b6a7-4de634e8d548/d6dba7bd-2a64-4ac9-8f85-ee18babffaf6/crop.png,1762,7c17e10f3eafa525ea56ff9b1ba010c0b1167722908fa9a37deae24a6d76f378,cell_crops
cell_crops,e1030b48-9d9c-4e98-a7b1-ac51786a9963,relative_storage_key,cell-crops/4383bcb6-1595-4b3c-9c6f-ced12863a762/f6d15c09-591e-4808-aff5-02f7c8c4d239/25a1a8fb-90d3-4cfb-b43b-20ee3b4b7788/b1e0bf44-d7b9-4334-a201-7441e792b405/crop.png,4635,556747ee9531500df23f96e1d0334ca2add1dbf99eb2518281cfb3c2eee854f9,cell_crops
cell_crops,e10d94cb-0751-4717-a8de-6836e45d0790,relative_storage_key,cell-crops/5d9ca4e3-60b1-4a9f-aba0-8a5edd13510a/3f2dc1d9-eb62-44b3-a325-2d8db65a585c/0c7ee510-e240-4b6f-b8bc-352c4dd9aa20/0ac90e80-e39f-4f83-9faa-514f2a865461/crop.png,4480,835f25d693b75e513b0b9b1d9b0cdd4330a85f3e3296a3206f71b0175a337e2e,cell_crops
cell_crops,e12231d0-0a64-487c-b848-8d58dc62507c,relative_storage_key,cell-crops/7ef7cff8-899e-428e-b89a-36803c0575b3/04bafb48-259f-4626-82fb-a3359ee3160b/26ddb17b-1b89-4301-8f40-011ccf0f40dc/462909e5-defb-470b-bc0f-1fc27e62e9cf/crop.png,6995,6c1c1ea1662a329024f31faf1d33ede91d00a82dcececcfa34d8c80288ebd5ac,cell_crops
cell_crops,e12fbc38-beb8-4512-8849-ef39f68bdab5,relative_storage_key,cell-crops/214fd936-3c74-4042-937a-3131ff495bdd/5e7bbe13-3cf2-4c2d-9022-31d242f15fb1/c6a30725-877a-4570-819a-de52a6bcb57d/67402f84-0a1c-42b2-8c85-c1eac8c41e23/crop.png,7464,af6e72b5825c174b6e5216a13c15b6d4886bbe653aed14943692415e2cf39114,cell_crops
cell_crops,e13428d9-1c44-4a06-97b8-cfadb13ff51b,relative_storage_key,cell-crops/07c71166-93b3-415e-b764-6ca7344238f6/151ee7ee-b609-4e6b-985c-04af59a85470/9c45439d-fd87-46c3-944a-439ab92cbf89/ecc95dd4-d07c-402b-805a-a00207a8953a/crop.png,1802,78b5defb2f15436cf3a7c0f2515c4ba458a1165c39bf01f327feec1f39a28dc1,cell_crops
cell_crops,e15b8098-722e-49b6-8587-255a14a07e01,relative_storage_key,cell-crops/7ef7cff8-899e-428e-b89a-36803c0575b3/04bafb48-259f-4626-82fb-a3359ee3160b/26ddb17b-1b89-4301-8f40-011ccf0f40dc/2bc5fc33-9237-47d0-b36f-111fed4ccc76/crop.png,8525,b7e25945309c42d6e565cac5cb2194828e50ce37b7ee8c5fe035ef3affc689d9,cell_crops
cell_crops,e17912b2-9264-4099-a57d-0d0da5f65ee6,relative_storage_key,cell-crops/7ef7cff8-899e-428e-b89a-36803c0575b3/04bafb48-259f-4626-82fb-a3359ee3160b/26ddb17b-1b89-4301-8f40-011ccf0f40dc/4d1329da-3532-4584-830a-52ce7c211f7a/crop.png,911,30e9ef84252f823dd9714a507bd78396d0f107fb24e04ca9fa02dc7d1da4d864,cell_crops
cell_crops,e17d98d8-9332-49f4-92dd-7dfcb76ab0a4,relative_storage_key,cell-crops/93807208-985b-4d70-bb43-c7843db4141d/f4a29ede-288f-42ba-abf0-32395606ffc4/8d3b080d-2f56-4175-b76a-dc309555e9de/642e5dda-966d-4abe-8c55-b26315c6e5e0/crop.png,8737,a02d6bc7348bc47da9a1aabf99b4dc3d673a1248d7f93ca75c448d4bc378acbd,cell_crops
cell_crops,e18b68cb-f5d0-4195-8306-3e48b1fcf48b,relative_storage_key,cell-crops/7fd7ef40-bc9c-40d1-9e62-62bf0850c6b3/f6e252a5-7924-4e5c-bc63-8b711db60ba0/8a0187a3-03f0-45bd-ac3c-6e47c7999f03/a18d303c-48b7-48f7-aaae-b52d4af76d65/crop.png,3071,387619155d2f3c0f9227426898efaa4cbb5441eca809a9c4bcb1712d77edece6,cell_crops
cell_crops,e19f77b4-6439-409c-9c47-0ef5bf57660c,relative_storage_key,cell-crops/52c4864d-1788-41db-a1d2-883ce7d83a58/490887fa-b3af-4136-85dc-8ae66e413acd/bf339bce-cffa-48e9-a044-4b9df2cc36b4/5a27fa0f-ef9d-4075-8b08-d46cd56884c3/crop.png,4717,0543d6977be3e58c0464d22f1237b4df6dce06c9e52f66d4c995f64e15c8eec7,cell_crops
cell_crops,e1a7564d-e86d-4642-9ead-298881463b73,relative_storage_key,cell-crops/4383bcb6-1595-4b3c-9c6f-ced12863a762/f6d15c09-591e-4808-aff5-02f7c8c4d239/25a1a8fb-90d3-4cfb-b43b-20ee3b4b7788/8672720b-6428-4205-9514-68dda9c69c65/crop.png,18184,ff090fad0aa9bc37534fa52de0985eae3c58955c278126aa59a43b9643949d8f,cell_crops
cell_crops,e1ba5e0a-9c37-4133-a16d-cbd03a52516e,relative_storage_key,cell-crops/7fd7ef40-bc9c-40d1-9e62-62bf0850c6b3/f6e252a5-7924-4e5c-bc63-8b711db60ba0/8a0187a3-03f0-45bd-ac3c-6e47c7999f03/b13056c9-a081-4db9-8b7d-81d271b468e2/crop.png,1805,b81f890070750869c022700f41f4173c474afd8e7a4776912a2566502f00fe49,cell_crops
cell_crops,e1f1232e-9f43-4061-9374-0aef36234d7b,relative_storage_key,cell-crops/52c4864d-1788-41db-a1d2-883ce7d83a58/490887fa-b3af-4136-85dc-8ae66e413acd/bf339bce-cffa-48e9-a044-4b9df2cc36b4/dcee8b53-7ec2-4cbb-beae-ee3b77d1bd5f/crop.png,2587,1112683faf466feda3e01d328cd17c3932a891f3cfc36eeb6a7812cdcd02b9fe,cell_crops
cell_crops,e1fee456-4eaa-4e65-8661-4d1cc4ca701d,relative_storage_key,cell-crops/25afdd28-85df-4a2a-9dab-2727ced6821b/f5668b77-a7c4-4ed2-aade-94bbf92900cf/08cd9b57-9a64-410c-8133-1dbdbf2e697c/ef70fd51-5e2f-4ac4-95be-4d62210149b5/crop.png,1686,0ec881311f336e1a4b611d703bf1b7661728b3fa89fd059807ca188b40442747,cell_crops
cell_crops,e21f0992-56a2-4065-9dff-a28a8516a412,relative_storage_key,cell-crops/211b65b9-8b1b-4bc9-bf8e-2572a00a3ecd/85d8a71e-e9ed-4062-a036-52e42dd89720/83b0bdb6-4441-49e8-b6a7-4de634e8d548/c49805f3-98a3-40c5-a4c9-0b9a5ab6410c/crop.png,4360,1c2a8e065147c3ec3a0f26c5ae6f2ac7d60e799c7719203b9d6df62cec9847a1,cell_crops
cell_crops,e22acd1d-6ba3-4230-95b7-d3e57e387a62,relative_storage_key,cell-crops/7fd7ef40-bc9c-40d1-9e62-62bf0850c6b3/f6e252a5-7924-4e5c-bc63-8b711db60ba0/8a0187a3-03f0-45bd-ac3c-6e47c7999f03/912dcac1-1efc-4c23-828d-6cef5158e556/crop.png,5222,00f08e97c3e7f4889183ab12a60155183eeeb6d94259f990fa4ed30660c680ca,cell_crops
cell_crops,e274ba19-8bca-44cf-83fe-56982540c93e,relative_storage_key,cell-crops/fce4a23b-7725-4c69-960b-5c9cd9b68f50/c6ecf996-e832-44ad-89bf-2ca55d1d46d5/5ecbdf28-e01c-4b51-ae7b-f9d88c6b9aa5/9c89f6e0-677c-4514-b6e2-23ad1d665d8e/crop.png,4003,2f9f160aa83558f80e2e34dc6cdf7ac1d7952f52a9a8f124d10bc272069518e4,cell_crops
cell_crops,e2868d1f-f515-43b5-8735-2616363c2568,relative_storage_key,cell-crops/e11b10f7-d1c3-4d6a-9e69-a4b6bc1abc46/1db1a505-3eaf-456d-b123-7b9f8ee77762/339d62a6-0363-472b-b2e3-4a7befd2c42f/451a7438-6f8b-4855-9c17-738936d005c5/crop.png,1118,587a38c8d85cde750107bd3970cdfb3b747e2da7f7c3fae1d4f24f35e16ae742,cell_crops
cell_crops,e287cbc6-7d18-49cf-b807-5bd3c01dfb56,relative_storage_key,cell-crops/ba5fc281-07c1-46ca-8091-0c13e6753aa4/d33fb4ff-3366-4fff-9806-8ab03314dbd1/18b27447-aed7-42fa-9142-4bab96366973/d78154be-3ebc-47e9-9042-a99841b75d51/crop.png,3575,a005c8099e5b14a0c80f5130240bdda4d57af8e517f5594956484691fbfa59ca,cell_crops
cell_crops,e2a19482-4e59-4887-839c-68ee4c0bcc65,relative_storage_key,cell-crops/aac2f7a6-e279-42c1-8035-33134bfdf3eb/881590dc-6d13-4137-ba82-d28d2ed5199a/34070251-bc08-40a2-b33a-35ad175a7189/a945b721-8469-4851-ae66-e79877992fa3/crop.png,6809,fb447e7ea9caa88be889c4cdc7983cbd09ca240bc25d4df3f04c34ccb72fc770,cell_crops
cell_crops,e2e2ac1a-4a8a-4280-b6d2-6573ecf3d4b6,relative_storage_key,cell-crops/4383bcb6-1595-4b3c-9c6f-ced12863a762/f6d15c09-591e-4808-aff5-02f7c8c4d239/25a1a8fb-90d3-4cfb-b43b-20ee3b4b7788/6d4973c6-ec69-41e6-b9f9-c2140b2d2b62/crop.png,3588,be4d8a8ac5e6897fc20b7f1bff4420c160db99f831562e6668ff985af3e0bf9c,cell_crops
cell_crops,e2effcf5-be12-4265-ab27-98aedcf8a66d,relative_storage_key,cell-crops/7be00fe5-41da-48c5-b2c2-9618f0a7c517/3ebcfc6b-b6e3-40b6-939c-33977196460c/8fa36d4d-c412-435a-a109-923281f0f43d/422d0e17-4c42-466e-84cf-c88534fb0aac/crop.png,3292,a5c7cdf16c37a279e3857e834d7f9f1e1d588cdb33b95f408794881c88c961e9,cell_crops
cell_crops,e35680ec-8783-4f5a-9261-0a713d2410de,relative_storage_key,cell-crops/4e1ca921-c5c6-4d89-b035-2d7dd99040d5/b9f975b3-7cd8-4b9a-a2cc-1bd9a76d924c/dc6df3c3-f03e-4261-bd4c-a2df5e0f0d88/2ce6e207-2f74-45d3-adae-21ebe197a076/crop.png,1545,63f1d114d4ff33705fe7f8a5c7ff6467d2a919c51c20199a8da54f8e53bef7d2,cell_crops
cell_crops,e3630ac8-edb2-467a-8fb2-755f855c83cc,relative_storage_key,cell-crops/5ad2e702-acee-4f0a-9a01-8a2ba6b24733/1abc6f5a-ce2e-4d43-a7b2-9323cf7efa1c/13514ba4-7c6f-40a0-a6d6-573684da9510/99ff7091-aa4b-4a7e-83da-71770ef6a57e/crop.png,5170,4710f5538ba47bdcea89641dc0399f9f64cf3af19d41e4e0569b450c040897ec,cell_crops
cell_crops,e393dcba-f8e4-44e2-a65c-7878e76fc057,relative_storage_key,cell-crops/e11b10f7-d1c3-4d6a-9e69-a4b6bc1abc46/1db1a505-3eaf-456d-b123-7b9f8ee77762/339d62a6-0363-472b-b2e3-4a7befd2c42f/136d1c7f-7049-42c8-979f-8fe3d1a2be3f/crop.png,7934,b3efb6b6b32d03caf30bc67bd0cc048f51d93418167986d2f8f6e45acb3ec1a4,cell_crops
cell_crops,e3c18f3c-9731-4ae3-9cce-039a6e738043,relative_storage_key,cell-crops/52c4864d-1788-41db-a1d2-883ce7d83a58/490887fa-b3af-4136-85dc-8ae66e413acd/bf339bce-cffa-48e9-a044-4b9df2cc36b4/efa1c062-f9e6-4011-818f-c76a5729abb9/crop.png,1768,60f6e0d762485f8a083be08b0cce3470f0af3dd38c200dbea64a81d08827654a,cell_crops
cell_crops,e3c4e945-1ef7-4d2d-a54a-003b3b53a829,relative_storage_key,cell-crops/07c71166-93b3-415e-b764-6ca7344238f6/151ee7ee-b609-4e6b-985c-04af59a85470/9c45439d-fd87-46c3-944a-439ab92cbf89/cdba00ee-7456-4b34-8145-71ac1eeb0078/crop.png,3164,ee6657566873705da843185244bc8813359029bade7ecfe046fffac8af507244,cell_crops
cell_crops,e3deaa3c-1cfe-4bfe-aa03-b7ce28953989,relative_storage_key,cell-crops/59a98cc0-24f4-424a-b208-3fe06063fa47/98626a4c-b3fc-464a-a4fe-90bc886c7647/c0a49ec0-99e0-4b2b-a9e4-1e2ec28655a0/3f1e263f-d0a1-4a08-a2e5-28152eb005e1/crop.png,4177,87f13e1f834e8d09eb381661f8acfba98b36d48bc1aa6f302b283acfe89ae480,cell_crops
cell_crops,e3e9c7e1-5f6a-41ce-a14f-8494f0eaff80,relative_storage_key,cell-crops/ae68a99c-11f7-457a-88f8-3cef9a144958/618af6de-bfab-495e-8634-e484d620ee21/650c7580-8b2e-4bc4-88e8-bf03c5bb423d/ec0e2076-bcfa-4021-aae6-cd85b71e3618/crop.png,1145,8421ce3c7c7cf5fe1e2ea3487467c5efaeff089d9351762135c1c61b86c05083,cell_crops
cell_crops,e3ee650e-3f65-475d-adce-1d0a05576d9d,relative_storage_key,cell-crops/121a69bf-ba23-4014-892b-158b9c2b71a4/aa1323a6-7f80-4e1e-819a-ec182f045f3d/97fb12a0-df7f-455f-8e13-e0383ad3934d/5c993559-27bd-45f3-a19c-f8fbfc82483a/crop.png,4633,df1ac051e804018cb5b16d341a5ff4e8354166d3a08ea7aec5caeab3eacb1835,cell_crops
cell_crops,e40c40b9-a0cb-45fc-8a74-9741828e055b,relative_storage_key,cell-crops/7a11c0f4-a9d7-4446-a5f2-437ffc334a6c/0ff18f89-6fbd-4755-8e89-15227de46f41/3dca4192-f767-48f3-a7e8-59e22d9db3f9/5920c635-4898-41df-850f-5b9450ba9ee0/crop.png,3750,e2f43347ab072a31efbfcc38a6aa12fb497c55adef73c53c97fe01dc344a1f14,cell_crops
cell_crops,e41144d4-4f07-494d-bd66-a9df201c979d,relative_storage_key,cell-crops/db1855bf-e94d-43ea-86dc-5c1d21c82206/70a62caf-67c3-44f5-8752-596e9432c4ca/f914626e-fa1c-483a-ac2d-a7ebce6130f5/cdcee901-ac84-4179-be29-20c0ad33f2e6/crop.png,4668,2894337fa5c5174cdd2ff95907b47dafcda5aac6d65f3563a57278c9ac31e87a,cell_crops
cell_crops,e41168c8-554d-4de6-803a-92cd3b8a0620,relative_storage_key,cell-crops/52c4864d-1788-41db-a1d2-883ce7d83a58/490887fa-b3af-4136-85dc-8ae66e413acd/bf339bce-cffa-48e9-a044-4b9df2cc36b4/b75bace0-a1e0-4456-81f8-57b57c012834/crop.png,1459,24ec2aef0c53ee4befdaa7aefafab43da6e93625dc09241056d26cd8ab562627,cell_crops
cell_crops,e42369c7-ea81-401d-a25e-f6e9810409ee,relative_storage_key,cell-crops/bc8b8317-c17d-4b7a-b737-5e40120559e2/8c8e678b-a6c7-4b8c-b4c0-d34745f32fe3/25cb85d9-3b89-46ca-982a-f71517c971ee/57b1c43d-0344-414b-8bbd-d5aee5ed62d8/crop.png,3261,923daab95441ebee40b6ece56dc9cfb6a7c895e10f578f24f2f27b995d3ccad5,cell_crops
cell_crops,e42ed54b-b4c1-4000-94c5-83a4541e1f2b,relative_storage_key,cell-crops/e11b10f7-d1c3-4d6a-9e69-a4b6bc1abc46/1db1a505-3eaf-456d-b123-7b9f8ee77762/339d62a6-0363-472b-b2e3-4a7befd2c42f/4edf1db1-8eab-43e6-9f19-fdf01216522a/crop.png,5274,52cc020f3db9f7dadfc5b0b5da592a2c2e4acc42e7d64e2fed79cb434c83dd9f,cell_crops
cell_crops,e42ef772-e59e-4dc3-b3aa-62d1bcfcb419,relative_storage_key,cell-crops/e11b10f7-d1c3-4d6a-9e69-a4b6bc1abc46/1db1a505-3eaf-456d-b123-7b9f8ee77762/339d62a6-0363-472b-b2e3-4a7befd2c42f/9584c362-90ed-47a3-9bd3-3e9c8b854742/crop.png,706,9c1e04798e6d62808c60e10a6adefd645a5908f0095500b9878a3cc24113bcf7,cell_crops
cell_crops,e43e4864-518d-45fd-8944-caef0fddf27d,relative_storage_key,cell-crops/aac2f7a6-e279-42c1-8035-33134bfdf3eb/881590dc-6d13-4137-ba82-d28d2ed5199a/34070251-bc08-40a2-b33a-35ad175a7189/3a232cca-88a3-4949-8d93-912801cabd8a/crop.png,6877,cb4da12f41c729dffe4ba2584030ee1015ac6775abe4d8d774cbf258bcfc5eff,cell_crops
cell_crops,e460f7d2-4dde-45a5-b940-bdd477197feb,relative_storage_key,cell-crops/7ef7cff8-899e-428e-b89a-36803c0575b3/04bafb48-259f-4626-82fb-a3359ee3160b/00b8d663-89b1-4dfe-8f8f-9a01bca4688b/e6321d1c-3cfe-420c-89d1-68154b4ac693/crop.png,10304,31e79d45f1267cc41b1e3f9a3d31d68a830065c23ecb7aa5c42633ae2a80b3fd,cell_crops
cell_crops,e4677b23-8055-49dd-8029-6cd18ca254b8,relative_storage_key,cell-crops/e11b10f7-d1c3-4d6a-9e69-a4b6bc1abc46/1db1a505-3eaf-456d-b123-7b9f8ee77762/339d62a6-0363-472b-b2e3-4a7befd2c42f/ded4895e-b1f4-4f1a-9163-a5d256539507/crop.png,1458,8cd1c5ca0f52eb0d656507e458af76cbe3eb4e62c5bfc629c3f331ea0e4a4b73,cell_crops
cell_crops,e46ecfef-9372-48bd-b568-15f34e7488ed,relative_storage_key,cell-crops/07c71166-93b3-415e-b764-6ca7344238f6/151ee7ee-b609-4e6b-985c-04af59a85470/9c45439d-fd87-46c3-944a-439ab92cbf89/bd832b0f-c6f5-4582-9597-4d7c0b9c6594/crop.png,4376,d01a76755bdfa5451e5e9fe6200cee422e2f8962192e52a730208c9c82e37b34,cell_crops
cell_crops,e47a4e3f-7cef-40ea-b48e-16621126a037,relative_storage_key,cell-crops/ae68a99c-11f7-457a-88f8-3cef9a144958/618af6de-bfab-495e-8634-e484d620ee21/650c7580-8b2e-4bc4-88e8-bf03c5bb423d/06cf8eae-66b8-4ce2-bdc0-b5b9a3618af9/crop.png,1581,1991c661e37865114429c7acf14d9d8e58635cab95990da476cc4f1d8e97811e,cell_crops
cell_crops,e485304a-68bc-4d19-932b-ce13f90e1827,relative_storage_key,cell-crops/8122e340-548f-40df-9dd4-ed43859605ff/ed18ce4e-6fb0-4f1f-b313-c9d76617210c/8cb2cae1-c3e1-487c-a274-4385f339dded/4040099d-fb72-4271-ac23-e90a5ad6c61b/crop.png,1567,c72d641e4ed2f0264642c8d560d89b3e1d1a4bcc091ef6d308958d137cbe2abe,cell_crops
cell_crops,e4989b33-d2a7-45cb-a60f-387919192b14,relative_storage_key,cell-crops/4e1ca921-c5c6-4d89-b035-2d7dd99040d5/b9f975b3-7cd8-4b9a-a2cc-1bd9a76d924c/dc6df3c3-f03e-4261-bd4c-a2df5e0f0d88/ea23e334-d110-49cf-b0c8-7d3aafb2b5e8/crop.png,1337,4a796240da6c88001ca95d6396f90d7ca26840f2c6845375beb211f6c9565983,cell_crops
cell_crops,e4aba51d-6fbe-49f8-aec5-393f61e0e16d,relative_storage_key,cell-crops/ae68a99c-11f7-457a-88f8-3cef9a144958/618af6de-bfab-495e-8634-e484d620ee21/650c7580-8b2e-4bc4-88e8-bf03c5bb423d/40e09ed5-b4db-48ba-9254-9992a00e5d39/crop.png,2477,edb2eb4d9217ae67b1eabc7ea8ab2c053749e86170a00f5a0154d1b4ac08364e,cell_crops
cell_crops,e4d0e78e-c938-4146-a669-8043afb26f3b,relative_storage_key,cell-crops/b0a5839c-3668-4411-b590-cc1d8fed470e/bf423fe1-2fc5-4662-9eda-ff1496c1bba9/c2a6cffd-18de-474e-ba04-2bf65b0f4f8c/bda1512a-801f-4a92-9339-36c871369a3f/crop.png,1389,1c68fcf86c3b2ff7c02a8a64e9256b22dc758872c9add686d9dcc54b1beb81b0,cell_crops
cell_crops,e507e7b7-f7c4-4354-8471-9139a4d660ce,relative_storage_key,cell-crops/6dede06e-ae61-4920-bb2c-935cde2a5ff5/60bd296d-21d5-4d22-99bc-a023cb410f35/88dc4c92-8367-4c4d-a59b-da86d01b8d82/52356f66-0167-4f73-9024-83b3fe61e557/crop.png,6995,6c1c1ea1662a329024f31faf1d33ede91d00a82dcececcfa34d8c80288ebd5ac,cell_crops
cell_crops,e5109f37-3c80-4ed2-a1fe-c0d2a4798b4c,relative_storage_key,cell-crops/25afdd28-85df-4a2a-9dab-2727ced6821b/f5668b77-a7c4-4ed2-aade-94bbf92900cf/08cd9b57-9a64-410c-8133-1dbdbf2e697c/dff365b0-6ca0-4a69-8935-e7be463f8618/crop.png,1943,dd5e3f1e4e4477c0de9167712055ea2522146a82394c4fb5dfe1ce322b7a38f3,cell_crops
cell_crops,e5193d6c-a4de-4fe5-a13a-6a48cfebfc19,relative_storage_key,cell-crops/59a98cc0-24f4-424a-b208-3fe06063fa47/98626a4c-b3fc-464a-a4fe-90bc886c7647/c0a49ec0-99e0-4b2b-a9e4-1e2ec28655a0/1fb4b0f0-e890-4da5-afc0-35ac60f691c9/crop.png,3334,cbc14edbb6dcf088a1bb5fe4b7410066feae73b645ab56f20dc10517b024e4be,cell_crops
cell_crops,e5508bc4-996b-402b-8199-4a3941a403d8,relative_storage_key,cell-crops/54e278de-2381-4a05-8faa-42bf761f6688/50b0884e-ddde-4252-be9d-058151c986c4/f4400105-33b9-4bc0-860b-010b1cf3d386/26c05c83-511d-40f2-ad7a-9538c8ae3e2e/crop.png,2345,c02542fdfc0dbfa9e2cd52341789209669a6bb3969bec9ff954672be069dd2e7,cell_crops
cell_crops,e55311fc-af23-4212-a2bb-18344a5e02ba,relative_storage_key,cell-crops/05b33155-8921-4eb9-9920-af67decfe454/6278de2c-44dd-4a75-aca2-9708e58437ba/92e2e64a-1c82-402b-b24d-75d43d50a17f/f2941eb7-70bd-44db-9fc7-026f70a6cbd4/crop.png,3365,6f9e1f4aa01ef40f927be1d965e275d4211b7f9adfd678502f1605b4bd9c0523,cell_crops
cell_crops,e55a4ec0-47fe-41eb-974a-a98900cb0c7d,relative_storage_key,cell-crops/5d9ca4e3-60b1-4a9f-aba0-8a5edd13510a/3f2dc1d9-eb62-44b3-a325-2d8db65a585c/0c7ee510-e240-4b6f-b8bc-352c4dd9aa20/12acf24c-2f13-4e42-800b-d11dd833a141/crop.png,5263,d70c4330f7aa50a2611efbac4515ea2aea6aac754c202d25a87e205266dfb7c1,cell_crops
cell_crops,e592fdff-f3e9-4d4b-810e-f1754f8a319b,relative_storage_key,cell-crops/db1855bf-e94d-43ea-86dc-5c1d21c82206/70a62caf-67c3-44f5-8752-596e9432c4ca/f914626e-fa1c-483a-ac2d-a7ebce6130f5/1c7f07db-352b-400c-a9b8-350ede2ee4c6/crop.png,2843,2c1a0264645ff6a4f7337be9f13a90e702f15e1d863ec91ae09d78f5eb35afb3,cell_crops
cell_crops,e5b6857b-0227-4e56-acf1-4878961455e6,relative_storage_key,cell-crops/ae68a99c-11f7-457a-88f8-3cef9a144958/618af6de-bfab-495e-8634-e484d620ee21/650c7580-8b2e-4bc4-88e8-bf03c5bb423d/9bc5056c-3bbd-44a9-9851-3b6ff9674b9b/crop.png,17986,b00cbb9312a018e315582a20f15a2b2be54b9ce58c1e4aae9b6f5d562d87e256,cell_crops
cell_crops,e5cbb289-df31-42e9-b386-696b4c94bc8f,relative_storage_key,cell-crops/25afdd28-85df-4a2a-9dab-2727ced6821b/f5668b77-a7c4-4ed2-aade-94bbf92900cf/08cd9b57-9a64-410c-8133-1dbdbf2e697c/84adae69-ea58-49db-88bc-9fb3fde2d868/crop.png,6250,582cbeae8dc500809b212e99be93a81908aa0d894916ec81c4edb45a63da9476,cell_crops
cell_crops,e5cd4a8f-09d2-429e-a526-099f8a7f10bc,relative_storage_key,cell-crops/ae68a99c-11f7-457a-88f8-3cef9a144958/618af6de-bfab-495e-8634-e484d620ee21/650c7580-8b2e-4bc4-88e8-bf03c5bb423d/151a9a21-bb19-4b52-a9a9-17f1177bd979/crop.png,1431,cd8d1d9eb81ed1ca5bd5c9bfb7f75736cd2d8569604ca8f7d20919f138e7cfe8,cell_crops
cell_crops,e5ee8c45-4b1c-46c2-9e36-81bc0bf6ee98,relative_storage_key,cell-crops/59a98cc0-24f4-424a-b208-3fe06063fa47/98626a4c-b3fc-464a-a4fe-90bc886c7647/c0a49ec0-99e0-4b2b-a9e4-1e2ec28655a0/eb38e4b5-dc17-4e2f-8505-0fee741b706c/crop.png,3225,f4ef3df75833c77833b50f983fe3f83f61994b3e6f7be4595d3272fc2e2f65fd,cell_crops
cell_crops,e5f1f3c5-1ece-4c73-ac70-f9e2f55b832c,relative_storage_key,cell-crops/214fd936-3c74-4042-937a-3131ff495bdd/5e7bbe13-3cf2-4c2d-9022-31d242f15fb1/c6a30725-877a-4570-819a-de52a6bcb57d/32c136c9-8407-4d19-8a7d-b93ce0091993/crop.png,4956,90faaa8b289ee4da49ad80cbb412d5dfe8a4500f32ed408600baebb9020f7a10,cell_crops
cell_crops,e6233e69-5b77-4589-9b65-242167bf9a9a,relative_storage_key,cell-crops/7be00fe5-41da-48c5-b2c2-9618f0a7c517/3ebcfc6b-b6e3-40b6-939c-33977196460c/8fa36d4d-c412-435a-a109-923281f0f43d/649bbf67-3604-4ccb-9547-e4dbf1179ce7/crop.png,9050,bd55bf35ca5b85429069d296ab8650d67e87f1cbead182af287f03b6370f5575,cell_crops
cell_crops,e623e748-5a00-4616-a5eb-b88e742be1ed,relative_storage_key,cell-crops/7ef7cff8-899e-428e-b89a-36803c0575b3/04bafb48-259f-4626-82fb-a3359ee3160b/26ddb17b-1b89-4301-8f40-011ccf0f40dc/1cb38d8f-4e04-456d-9737-cf1b70ee21f9/crop.png,3806,7b4834812a775794f87db7a220df1d237b4984bf02843c686a129aa6e5e30974,cell_crops
cell_crops,e66d385e-0071-4076-9656-56b9b4aeaef2,relative_storage_key,cell-crops/ba5fc281-07c1-46ca-8091-0c13e6753aa4/d33fb4ff-3366-4fff-9806-8ab03314dbd1/18b27447-aed7-42fa-9142-4bab96366973/921c4c2b-68f6-4ce1-9725-2d385058294c/crop.png,3326,34d80b95c9be6a049bde2eeea1b508b20d085c8ae50d359a5eeb7b18ce01f4d7,cell_crops
cell_crops,e6715232-29ff-4b23-ae39-2bd5f82a9f0d,relative_storage_key,cell-crops/7ef7cff8-899e-428e-b89a-36803c0575b3/04bafb48-259f-4626-82fb-a3359ee3160b/849d1772-b3d7-402e-82b3-2942cd77a889/6d893b7d-248b-4c2b-b8f1-bad320e71d74/crop.png,4225,9d520a12941734c0346eb8b9fe2df4107911d8411e38d8fe321d1016e48adcb7,cell_crops
cell_crops,e69f09a2-c00c-415e-b88c-94073e00148a,relative_storage_key,cell-crops/bc8b8317-c17d-4b7a-b737-5e40120559e2/8c8e678b-a6c7-4b8c-b4c0-d34745f32fe3/25cb85d9-3b89-46ca-982a-f71517c971ee/9929e216-41e0-4f78-a194-a8e26cdfac0c/crop.png,6526,398dd03e0eaf46d3a1f70d1a6c4f08425c00ce6cd00550acc3912dfffbeba7b6,cell_crops
cell_crops,e6de017b-f27c-46f1-9350-0b1fbec7b0eb,relative_storage_key,cell-crops/7eba770f-f337-4ed5-b174-fb4c18baaae5/0074b7b4-1a21-4123-9fb0-7a7e78c65792/6a4c1def-59d7-4111-8a64-9cfb8e00ba8f/b05fb935-57c1-45cd-a4c9-7db5415a6b47/crop.png,4137,effc142b03f584f588fbd66b59cebb25f7f5d1104f358aa0c8a59cecc45f51cd,cell_crops
cell_crops,e6f8e17a-30b8-41e1-a9ca-32af1c477179,relative_storage_key,cell-crops/39265da0-dd1a-4f17-89aa-1e661f9c473f/72553654-6802-48a4-964a-3fa748870a05/afee46ec-494f-4fe6-be85-353a4cfc0b56/66dbb118-12f3-4e9e-af97-f72c10656c78/crop.png,4115,f08730a42cc3835638d594a9b1adf9e3120e9c8e04170d0110c4a7c28ac7b35d,cell_crops
cell_crops,e6f9b6fb-c224-43cd-8445-87f79cdd2c1a,relative_storage_key,cell-crops/211b65b9-8b1b-4bc9-bf8e-2572a00a3ecd/85d8a71e-e9ed-4062-a036-52e42dd89720/83b0bdb6-4441-49e8-b6a7-4de634e8d548/4d6122f9-fe95-4b95-8dde-9e341d20fb27/crop.png,3405,e16f96e3e24897701aeb19ce06f7d57b4dd3fa663c4afc2a9299b05ef728d19c,cell_crops
cell_crops,e70b6e4b-0280-4e05-9aca-00d64031dec9,relative_storage_key,cell-crops/7ef7cff8-899e-428e-b89a-36803c0575b3/04bafb48-259f-4626-82fb-a3359ee3160b/849d1772-b3d7-402e-82b3-2942cd77a889/686bbcb6-3bbc-4ff9-b769-ab09573d9748/crop.png,4990,df2e6c87ea692a426201a2450d36ad3df9da57ae3d27e108bce61ecdd297438f,cell_crops
cell_crops,e7101d67-6c34-4a7b-92ea-7e65ca709245,relative_storage_key,cell-crops/52c4864d-1788-41db-a1d2-883ce7d83a58/490887fa-b3af-4136-85dc-8ae66e413acd/bf339bce-cffa-48e9-a044-4b9df2cc36b4/8b5b9bd3-8cfb-4c95-a359-fafca1827eec/crop.png,1213,f1ba6338b30b8dd4769266200040d30de84cc221cf50799166023d914e182c2c,cell_crops
cell_crops,e72db295-1d08-49f0-b1dc-493b5925c94c,relative_storage_key,cell-crops/211b65b9-8b1b-4bc9-bf8e-2572a00a3ecd/85d8a71e-e9ed-4062-a036-52e42dd89720/83b0bdb6-4441-49e8-b6a7-4de634e8d548/9a035f2c-6b5b-43e8-b500-cbb4d7e192b3/crop.png,2345,c02542fdfc0dbfa9e2cd52341789209669a6bb3969bec9ff954672be069dd2e7,cell_crops
cell_crops,e737c224-2e05-4f80-b639-2fea1bc155f9,relative_storage_key,cell-crops/d28e9146-5ad9-4df7-8af4-1b8901780c2b/f196b05e-1e21-41c5-8292-1c802004009a/6948fa72-3ff5-45bb-beb5-8ae3bba8b6d6/861c29dd-547c-4aa5-95dc-8bd444f90c70/crop.png,7271,0f534a1099d7be330defcf9950303341d7e69086be46d065a9c7a44a2a711596,cell_crops
cell_crops,e7537a58-d603-4fa6-a9bb-0010e135282c,relative_storage_key,cell-crops/72906de0-83a0-4e98-940e-735fe5fb2363/c3c7a47a-b9d7-41c8-a8db-3269a23bca95/452e4d39-1e65-4a32-8a6a-e88382ac7aa6/8c6b713f-af3d-4b48-aa4d-8fc3ca12a3f6/crop.png,5093,0b351944a40e5a7a181c8f134eac92d8d0c0f1d5ae44eedcfa47be047865dacd,cell_crops
cell_crops,e76169a3-15ed-4309-b4e6-84ba9e7cea79,relative_storage_key,cell-crops/7fd7ef40-bc9c-40d1-9e62-62bf0850c6b3/f6e252a5-7924-4e5c-bc63-8b711db60ba0/8a0187a3-03f0-45bd-ac3c-6e47c7999f03/14c5cd61-9d5f-4a6f-8d22-c0aef81f0f8c/crop.png,1311,047cf38fc7630b1a4628453fd9f0f84b73697f4e1ec73b4087f3a4d9040cb41d,cell_crops
cell_crops,e7a597af-62a2-46ad-aa4e-1b834d03515a,relative_storage_key,cell-crops/6dede06e-ae61-4920-bb2c-935cde2a5ff5/60bd296d-21d5-4d22-99bc-a023cb410f35/88dc4c92-8367-4c4d-a59b-da86d01b8d82/02fd8a71-3b76-49dc-abcd-01e718587016/crop.png,12757,3bee1debfd22f0ac93f1cd464f4ea0566d72757de1e6cf7931bca2242116a8ba,cell_crops
cell_crops,e7d12fd9-9800-495e-826f-261788053981,relative_storage_key,cell-crops/aac2f7a6-e279-42c1-8035-33134bfdf3eb/881590dc-6d13-4137-ba82-d28d2ed5199a/34070251-bc08-40a2-b33a-35ad175a7189/722e8fe0-cd6b-4403-b0b3-f976f69bb70a/crop.png,3891,8afc3bdb49915347c29bf7ce457e67a809627846d2e4bd4631e728b85619dbff,cell_crops
cell_crops,e7fcdc45-2e1e-4d61-a348-939dd18760be,relative_storage_key,cell-crops/121a69bf-ba23-4014-892b-158b9c2b71a4/aa1323a6-7f80-4e1e-819a-ec182f045f3d/97fb12a0-df7f-455f-8e13-e0383ad3934d/27d11c24-b93b-48af-a499-20902b7575b9/crop.png,1517,10052df41eeb03b6463d4eec2d11092964450f455ee5342bb47a2cf321c82dad,cell_crops
cell_crops,e8002ae2-c34b-46f6-92c4-5c946229f326,relative_storage_key,cell-crops/7fd7ef40-bc9c-40d1-9e62-62bf0850c6b3/f6e252a5-7924-4e5c-bc63-8b711db60ba0/8a0187a3-03f0-45bd-ac3c-6e47c7999f03/6d3309a8-f838-4d9b-94d2-25e577786493/crop.png,1691,6d45832fe5c8352226f997dd6436b02891572d1ba0159a1a90cdc2d377c9ee71,cell_crops
cell_crops,e8287bd7-1daf-41fe-87cb-8df55d303092,relative_storage_key,cell-crops/4383bcb6-1595-4b3c-9c6f-ced12863a762/f6d15c09-591e-4808-aff5-02f7c8c4d239/25a1a8fb-90d3-4cfb-b43b-20ee3b4b7788/ee9815a8-38de-4142-b988-8098cc60f990/crop.png,6961,8736a1366e676759f1409a1d32002d3c613957f936d2f92cf58736566e92e302,cell_crops
cell_crops,e82a0be8-2049-4367-bce4-b3084f86d887,relative_storage_key,cell-crops/4e1ca921-c5c6-4d89-b035-2d7dd99040d5/b9f975b3-7cd8-4b9a-a2cc-1bd9a76d924c/dc6df3c3-f03e-4261-bd4c-a2df5e0f0d88/1706ac84-1b65-4f89-9bb0-a449bf5523cc/crop.png,3484,467373d7e33a14facee0ad4e601c28b3136649c84844fb444bbfdbc6f6ea90bb,cell_crops
cell_crops,e84878e1-6c12-4209-9835-d3aff192cb99,relative_storage_key,cell-crops/e11b10f7-d1c3-4d6a-9e69-a4b6bc1abc46/1db1a505-3eaf-456d-b123-7b9f8ee77762/339d62a6-0363-472b-b2e3-4a7befd2c42f/f9f1b21d-9fda-4da3-9702-4adba640eb31/crop.png,24429,bc5ad9bd8dfd00cec077f6f0c864e4f3a94a3249d34e05efe1d9ac797d2e1988,cell_crops
cell_crops,e84c30ce-f16f-416b-9d5f-2bcc0486c8ed,relative_storage_key,cell-crops/4e1ca921-c5c6-4d89-b035-2d7dd99040d5/b9f975b3-7cd8-4b9a-a2cc-1bd9a76d924c/dc6df3c3-f03e-4261-bd4c-a2df5e0f0d88/a320e000-45be-48cb-a5e3-b6168523fa95/crop.png,6582,be51299bda4684faa8b822e83846a619dcff194dfdf386fb75ea728e4ddcb553,cell_crops
cell_crops,e860e275-033a-49f8-a639-2129b7dbd0b7,relative_storage_key,cell-crops/72906de0-83a0-4e98-940e-735fe5fb2363/c3c7a47a-b9d7-41c8-a8db-3269a23bca95/452e4d39-1e65-4a32-8a6a-e88382ac7aa6/03c81e5c-c79e-48b5-b62d-c6449bf70bf5/crop.png,4945,fc923db3c1c7e5d94c5c46908358606e8c85c2be07db2517db54efda4e1f1dfb,cell_crops
cell_crops,e8ca88d5-6337-4bc9-b624-2378e9c0f642,relative_storage_key,cell-crops/93807208-985b-4d70-bb43-c7843db4141d/f4a29ede-288f-42ba-abf0-32395606ffc4/8d3b080d-2f56-4175-b76a-dc309555e9de/8577ea61-53cb-43ca-9b48-69433a9188b2/crop.png,4260,bb1b3de15dd6663e5163c78ceb46238937c69431fe1b5024808f315850f3592f,cell_crops
cell_crops,e8dc7467-6b57-4664-998b-a49b14c10c37,relative_storage_key,cell-crops/7fd7ef40-bc9c-40d1-9e62-62bf0850c6b3/f6e252a5-7924-4e5c-bc63-8b711db60ba0/8a0187a3-03f0-45bd-ac3c-6e47c7999f03/1e1b0b87-e6f4-43de-97f9-b057f0f65d23/crop.png,3752,72196c7d0512b2fe61b5f15686d678fb0793056a929f21312f6b3d6b619a8f24,cell_crops
cell_crops,e8eeac77-2ab0-4fd7-a3a1-1ee8c07b84db,relative_storage_key,cell-crops/fce4a23b-7725-4c69-960b-5c9cd9b68f50/c6ecf996-e832-44ad-89bf-2ca55d1d46d5/5ecbdf28-e01c-4b51-ae7b-f9d88c6b9aa5/f65ba919-d0a8-478b-9ddf-51ff728e03da/crop.png,4006,1767f2a5b991494f64d764666c0c54903250250d231088cb126bde9182889328,cell_crops
cell_crops,e917d442-e533-4f7f-9edc-13a43aedcd33,relative_storage_key,cell-crops/39265da0-dd1a-4f17-89aa-1e661f9c473f/72553654-6802-48a4-964a-3fa748870a05/afee46ec-494f-4fe6-be85-353a4cfc0b56/79f4df66-b1f3-4ec3-bab4-285bd9332b50/crop.png,2847,8cfc7ff0853839aa8909d35bf042ff9e9124c484b6b9044823633e1e32924fd8,cell_crops
cell_crops,e951331b-97c9-41ec-a6a9-083fbd52fc31,relative_storage_key,cell-crops/c9a6b7af-881f-47da-980a-1a2c2b743a1c/03505d0f-434b-48ac-ae42-76750f4fbc1a/a0889d56-1430-4a7f-b67c-e21291ac9ed7/b798fe26-6e8b-452b-a088-bf9432b812c8/crop.png,1422,7360cc21f4a939c1316d518657f7afde3bade7257f4258398907b750621f6e9c,cell_crops
cell_crops,e95134d3-6f8e-4b93-87d4-83ce238869cc,relative_storage_key,cell-crops/05b33155-8921-4eb9-9920-af67decfe454/6278de2c-44dd-4a75-aca2-9708e58437ba/92e2e64a-1c82-402b-b24d-75d43d50a17f/a222ee4d-047c-4714-9e00-3125b3816386/crop.png,11040,4c1a7d02f549671ccd682752c0e1d10aac1d932d5091222653559f747eb7ef62,cell_crops
cell_crops,e97c5b8a-175b-4f5e-98d7-51ab43df4989,relative_storage_key,cell-crops/214fd936-3c74-4042-937a-3131ff495bdd/5e7bbe13-3cf2-4c2d-9022-31d242f15fb1/c6a30725-877a-4570-819a-de52a6bcb57d/c3fc33fa-c08b-4576-93f5-c41289116a64/crop.png,6139,ce4ce41ac469363d7638588eda13c15cbb461f2fb5393f90f187bdad38a6d2ec,cell_crops
cell_crops,e9860484-3bb1-4569-808d-ca46fe20559b,relative_storage_key,cell-crops/25afdd28-85df-4a2a-9dab-2727ced6821b/f5668b77-a7c4-4ed2-aade-94bbf92900cf/08cd9b57-9a64-410c-8133-1dbdbf2e697c/5a18f65f-47a9-4993-8e4e-5202ca46d450/crop.png,1749,143dd6a83c38516913ee2e0a6d89664fdbfb361168d32683b9b168c308599ea6,cell_crops
cell_crops,e99ec35a-060c-4bb5-9ad3-87617b664682,relative_storage_key,cell-crops/8b912699-0346-4eca-9a3f-992922f65702/c5ca90cc-e321-4501-82f3-a2e0ef0f51a7/51a1e5c5-fac7-4ab5-b6dd-bef48d583434/918d0272-96b1-4672-9099-f2df723ef51c/crop.png,75400,5a5ceae7e03a1f1c554046ff04fc8336f757c2664401a3096b9ea4ade19ee69e,cell_crops
cell_crops,e9c5d902-5506-46cb-b0c0-a15b42bf0def,relative_storage_key,cell-crops/07c71166-93b3-415e-b764-6ca7344238f6/151ee7ee-b609-4e6b-985c-04af59a85470/9c45439d-fd87-46c3-944a-439ab92cbf89/42afaa45-9d60-4c2f-b37e-13516644cbdd/crop.png,1611,0aecf1887ee0a534f27bbc44483caa243f387c717e5039349c1b365835b3a466,cell_crops
cell_crops,e9cb97f9-33d7-4316-8b5f-389dde7651e8,relative_storage_key,cell-crops/25afdd28-85df-4a2a-9dab-2727ced6821b/f5668b77-a7c4-4ed2-aade-94bbf92900cf/08cd9b57-9a64-410c-8133-1dbdbf2e697c/db3af9f0-ba32-4f8f-9f48-017cf369150d/crop.png,1457,d0a86b4ee448678ebccc3b4f3ea096a971a823cef25250593f28163885d62ce2,cell_crops
cell_crops,e9e322a4-38f2-405f-a9d7-3546b00b98c1,relative_storage_key,cell-crops/5f35abbf-10da-4c5e-b4d7-0b2e59de51f2/99ac88d3-5c9f-4fc3-8d6a-abadae1ee80c/b0ad2c3c-3de1-4628-bf32-d60536a0da80/daae6961-202a-471f-8410-25a7bf377f7e/crop.png,13154,d0be67d85bde85e20e100cde45c946ef0798a17ceaff8b14ee0fa5e69f06488d,cell_crops
cell_crops,ea06e71b-94f3-49b4-b48a-73b7b5db631d,relative_storage_key,cell-crops/e11b10f7-d1c3-4d6a-9e69-a4b6bc1abc46/1db1a505-3eaf-456d-b123-7b9f8ee77762/339d62a6-0363-472b-b2e3-4a7befd2c42f/91f4bf51-d385-40d8-8d4e-45186ce9b8a5/crop.png,1220,6a0c77d5c5d97488699d5244c36154300e88a89c74d51e93be1ad5f3fe929dcf,cell_crops
cell_crops,ea60fa72-dd03-4f5a-8c06-eb8743e794ac,relative_storage_key,cell-crops/121a69bf-ba23-4014-892b-158b9c2b71a4/aa1323a6-7f80-4e1e-819a-ec182f045f3d/97fb12a0-df7f-455f-8e13-e0383ad3934d/7c24563e-9165-4c40-8885-3e212be1c5da/crop.png,1470,cd1a49b5d5627de2e38916a5312d1f4c9ec306a66b2a2b9221e1a4b1738e24bd,cell_crops
cell_crops,ea67d729-5427-4de5-bde0-273c60c556f5,relative_storage_key,cell-crops/8122e340-548f-40df-9dd4-ed43859605ff/ed18ce4e-6fb0-4f1f-b313-c9d76617210c/8cb2cae1-c3e1-487c-a274-4385f339dded/c4aeba1c-bd33-44e1-9106-77194726b283/crop.png,5475,2486d848107f180a6c91bfacb138431fb93648ff77df283d016ff6c19b137067,cell_crops
cell_crops,eab43f19-c712-49a6-9c00-ebe8c3857a68,relative_storage_key,cell-crops/93807208-985b-4d70-bb43-c7843db4141d/f4a29ede-288f-42ba-abf0-32395606ffc4/8d3b080d-2f56-4175-b76a-dc309555e9de/26446346-ec6a-4f10-9c0e-5573e853db58/crop.png,2235,0ecc379c5257aa1b147b1495b12ea8630e591da382ef8dd3c1fd646643b385e5,cell_crops
cell_crops,eac31d66-46c7-4091-b289-3aefbe168805,relative_storage_key,cell-crops/e109f86a-afaf-4c6b-8831-0fd7fc4fa7b2/2b113263-4ee7-4c87-a4d5-c689a43626bb/5b7cb03b-f0e6-42de-9aba-d4fb3757ad09/9a38c5f7-45b1-4406-b1b1-74b721a8a640/crop.png,10277,a1644a178bf66adb90d27dcfdd2f566646f0c16d3e2bb9c52375be7a5e1fcb5f,cell_crops
cell_crops,ead2ce5a-71bd-4322-8bda-79d7775b572e,relative_storage_key,cell-crops/121a69bf-ba23-4014-892b-158b9c2b71a4/aa1323a6-7f80-4e1e-819a-ec182f045f3d/97fb12a0-df7f-455f-8e13-e0383ad3934d/3bffc7c2-fdb4-498d-9730-4d00df15e4e5/crop.png,6945,5be00bbb576d282f8e5ce922bccc0dafa2243804be59b38afc27c694c104a2ad,cell_crops
cell_crops,eb19cd44-675c-4579-ad60-c607c88fde63,relative_storage_key,cell-crops/c6209893-144a-447d-a436-fe89fc140cee/f088ac8e-c214-474d-837d-53532f4ef947/43249c8b-9008-49c9-8246-2b24989143a2/b67de6ce-65a4-4d0b-9804-24074f3338f1/crop.png,3064,6e521e1555d454116057cf6110b42d9562aacfd0c719dfd0b8fedd3a6d23908b,cell_crops
cell_crops,eb1d1b4f-00b6-4f82-8cda-90b42efe64b1,relative_storage_key,cell-crops/7fd7ef40-bc9c-40d1-9e62-62bf0850c6b3/f6e252a5-7924-4e5c-bc63-8b711db60ba0/8a0187a3-03f0-45bd-ac3c-6e47c7999f03/672a143b-cfba-4649-8907-5a195ceb81d0/crop.png,1426,7c6d291c61549f9a7cc45e61465e4118ae54bd47dcc79259892a99e39d574527,cell_crops
cell_crops,eb3de222-ab1f-44b5-b975-8c788d343047,relative_storage_key,cell-crops/5d9ca4e3-60b1-4a9f-aba0-8a5edd13510a/3f2dc1d9-eb62-44b3-a325-2d8db65a585c/0c7ee510-e240-4b6f-b8bc-352c4dd9aa20/6ebcda9a-2861-455a-bc62-52723636fd8a/crop.png,4132,bbbac4bce11f0266bbc545609bead976c99ead3e43b478208217d86f16e69947,cell_crops
cell_crops,eb3df781-2614-4bf0-b377-9f1440d03bc9,relative_storage_key,cell-crops/93807208-985b-4d70-bb43-c7843db4141d/f4a29ede-288f-42ba-abf0-32395606ffc4/8d3b080d-2f56-4175-b76a-dc309555e9de/7f6a257e-1596-4863-ac69-4cd40285e98b/crop.png,13496,e374efea7091f54f31a67ff08e2cb3cbbec67535ec6639ea979f95d4036769dd,cell_crops
cell_crops,eb6501e3-6c92-4e8e-afe3-a1f2e47757c8,relative_storage_key,cell-crops/7eba770f-f337-4ed5-b174-fb4c18baaae5/0074b7b4-1a21-4123-9fb0-7a7e78c65792/6a4c1def-59d7-4111-8a64-9cfb8e00ba8f/d0d56950-15cf-46ca-af29-814d1acff17d/crop.png,13797,0a5b2450556593057c9590032df186f15f5058ad7a8392a2420f9c8f444881bd,cell_crops
cell_crops,eb69e67c-4906-43f4-b858-5f4f217272c5,relative_storage_key,cell-crops/ae68a99c-11f7-457a-88f8-3cef9a144958/618af6de-bfab-495e-8634-e484d620ee21/650c7580-8b2e-4bc4-88e8-bf03c5bb423d/855fc056-230e-45da-9e3d-9debed062ada/crop.png,4978,c84d4f198ec79f0fe1ac856d09cd68efba128bb6eb1aae782401cb211c74919e,cell_crops
cell_crops,eb96288f-a96d-49e7-8a58-635e8c115d18,relative_storage_key,cell-crops/fce4a23b-7725-4c69-960b-5c9cd9b68f50/c6ecf996-e832-44ad-89bf-2ca55d1d46d5/5ecbdf28-e01c-4b51-ae7b-f9d88c6b9aa5/59084a06-8d7b-40df-9a6e-308af96ceb33/crop.png,9771,34e97a9c332ddf1106cfb7cd3bd945b9db32bdfe82960cf656ebfeead0560967,cell_crops
cell_crops,ebb50c70-35de-4dc9-978e-38b348f6022b,relative_storage_key,cell-crops/05b33155-8921-4eb9-9920-af67decfe454/6278de2c-44dd-4a75-aca2-9708e58437ba/92e2e64a-1c82-402b-b24d-75d43d50a17f/100a96ee-e40b-40cc-b69f-3339ecdefad7/crop.png,10845,20b28c6ed8080ff510a8adcd4c2e88b15c795e6e2b345ebe555a3ffb17228733,cell_crops
cell_crops,ebd6adc9-17ad-4f6c-948c-542e9cbf85d8,relative_storage_key,cell-crops/07c71166-93b3-415e-b764-6ca7344238f6/151ee7ee-b609-4e6b-985c-04af59a85470/9c45439d-fd87-46c3-944a-439ab92cbf89/6b1ff484-e50a-43c2-8dbd-00cc963953cb/crop.png,1566,d98a91945030fd2c1b91f11f61e0150d43b33646a9ae3460c8156bda40bbc8c7,cell_crops
cell_crops,ebe63f90-4117-4cfb-bad2-78e1b1c3f206,relative_storage_key,cell-crops/05b33155-8921-4eb9-9920-af67decfe454/6278de2c-44dd-4a75-aca2-9708e58437ba/92e2e64a-1c82-402b-b24d-75d43d50a17f/5527dd3c-fcbf-462d-a810-c6c1a2c1c341/crop.png,10277,a1644a178bf66adb90d27dcfdd2f566646f0c16d3e2bb9c52375be7a5e1fcb5f,cell_crops
cell_crops,ebe7176f-13af-4f39-9db4-dfd00ad94b84,relative_storage_key,cell-crops/d28e9146-5ad9-4df7-8af4-1b8901780c2b/f196b05e-1e21-41c5-8292-1c802004009a/6948fa72-3ff5-45bb-beb5-8ae3bba8b6d6/352e54df-106b-40a5-94d6-528a2dd58894/crop.png,10245,95995422adae3ca9992dfc8b4749971b2d411d1b59a2ac94ae982bfcf0dfdcf5,cell_crops
cell_crops,ebfc7e02-b161-413f-bbbb-a55be3f2aee3,relative_storage_key,cell-crops/1c49de91-f3ba-4794-8cbd-62bc966049c5/1007bc39-4bca-4a32-9069-5c8180b174db/cdcfc6c7-12a5-4405-8fb1-213826f88d05/7f0e8920-5b09-42ac-93e6-5eaa46a2c6f3/crop.png,4399,fd49527b19f0b4d7ed23e59609a768fbaa69d4ae3ba5c2c87865a0f751bd4925,cell_crops
cell_crops,ebff0f2e-a6d5-4686-9d4e-955141130f27,relative_storage_key,cell-crops/c9a6b7af-881f-47da-980a-1a2c2b743a1c/03505d0f-434b-48ac-ae42-76750f4fbc1a/a0889d56-1430-4a7f-b67c-e21291ac9ed7/c088dd19-8d89-4e74-a10a-221f2e1412b6/crop.png,3959,cbe1fbdb0dbaafb5cdec60f9fe87afb4f15de1faad0ee9dfcbe9badcf50140e8,cell_crops
cell_crops,ec01696c-2e9e-4824-aac8-383c6971556c,relative_storage_key,cell-crops/121a69bf-ba23-4014-892b-158b9c2b71a4/aa1323a6-7f80-4e1e-819a-ec182f045f3d/97fb12a0-df7f-455f-8e13-e0383ad3934d/57892d16-29e9-47e8-b3fb-62b5e94823d3/crop.png,2384,5d4b018df679de4b280ec768a483a49bfadaa17c9ffb783c658e20525aa536fc,cell_crops
cell_crops,ec21bc14-4649-40ad-97e2-01c2244644ef,relative_storage_key,cell-crops/ae68a99c-11f7-457a-88f8-3cef9a144958/618af6de-bfab-495e-8634-e484d620ee21/650c7580-8b2e-4bc4-88e8-bf03c5bb423d/d3753637-4851-41ba-b387-bec2d58f50dd/crop.png,3772,84803eded8b459388696248cce99579d535f433eff2bf713981df5f4791f643f,cell_crops
cell_crops,ec365016-4120-45d3-91e9-69b48f15fbd3,relative_storage_key,cell-crops/121a69bf-ba23-4014-892b-158b9c2b71a4/aa1323a6-7f80-4e1e-819a-ec182f045f3d/97fb12a0-df7f-455f-8e13-e0383ad3934d/443f57e7-33cc-4467-8c91-9c319da96e68/crop.png,1348,b78fc1f55bbd9e672a4420c09f4c91b06104db37a0b1f8451a2b33f1b7d73130,cell_crops
cell_crops,ec5709aa-c6fa-4b2b-b98a-4f74c9414078,relative_storage_key,cell-crops/db1855bf-e94d-43ea-86dc-5c1d21c82206/70a62caf-67c3-44f5-8752-596e9432c4ca/f914626e-fa1c-483a-ac2d-a7ebce6130f5/d8fb2724-eeb1-4e61-9aa8-2d15629d2d47/crop.png,3619,f3a9f8a8761385817324618c7f5496b3970a632c2888a9570e5c7f9778bad97a,cell_crops
cell_crops,ec574c4d-be3f-4012-a3d9-89c16b0dbd3a,relative_storage_key,cell-crops/e922ee8e-77f4-426a-8de9-c98840e1bb7d/cbe1ff80-b88b-4401-b918-9064927d2acf/195bafe6-f5d3-4155-8e36-a48b6d4b88bd/eea6054b-94a7-4e4d-8671-bfc51f966ebe/crop.png,58822,ddabd32d05056cc158ab76d52943c4b15bcc9d216c4d05fddbaec38de3d794d8,cell_crops
cell_crops,ec644d5d-3042-4ad3-9ff7-991babf03440,relative_storage_key,cell-crops/e11b10f7-d1c3-4d6a-9e69-a4b6bc1abc46/1db1a505-3eaf-456d-b123-7b9f8ee77762/339d62a6-0363-472b-b2e3-4a7befd2c42f/cf067a42-7f37-43e8-8b60-d0e066ce1d09/crop.png,7644,60788bdf3105bf0608594d6ac750972cc906933a1db24cc6c25b8b336c1ebf7d,cell_crops
cell_crops,ec7a5b14-0afc-4ae9-bd05-f1413d0d65ac,relative_storage_key,cell-crops/ae68a99c-11f7-457a-88f8-3cef9a144958/618af6de-bfab-495e-8634-e484d620ee21/650c7580-8b2e-4bc4-88e8-bf03c5bb423d/f0dc5c16-afa3-46aa-8c00-295f35792583/crop.png,1510,4d67eb28bbdc51002652eeb22355711f65964566a4f3acaa167839d168ce1148,cell_crops
cell_crops,ecce4958-6c2d-4f31-acbf-914cb8a8f55d,relative_storage_key,cell-crops/72906de0-83a0-4e98-940e-735fe5fb2363/c3c7a47a-b9d7-41c8-a8db-3269a23bca95/452e4d39-1e65-4a32-8a6a-e88382ac7aa6/083e7cce-7340-4ece-a37d-56d3d29cd6de/crop.png,4930,86e4ad961b618c9bd0431b40dee3e445180981304b628a8132fc817f7baf90a7,cell_crops
cell_crops,ecdbe1e4-629f-413f-9737-f72e49e024d7,relative_storage_key,cell-crops/25afdd28-85df-4a2a-9dab-2727ced6821b/f5668b77-a7c4-4ed2-aade-94bbf92900cf/08cd9b57-9a64-410c-8133-1dbdbf2e697c/f4cc7a73-25d5-4ddb-839b-fd8d57af8795/crop.png,21660,b68df58211f15a64548386fbaa60e8e510d970d79c0a24ec5a0b98d558bf34c5,cell_crops
cell_crops,ece71512-d18b-45e9-9957-be4844ea9944,relative_storage_key,cell-crops/7be00fe5-41da-48c5-b2c2-9618f0a7c517/3ebcfc6b-b6e3-40b6-939c-33977196460c/8fa36d4d-c412-435a-a109-923281f0f43d/6dc97c83-6947-4643-a011-5ac5f0eb164a/crop.png,3736,a8cb1d2f35613fe7b7e24c70d9909415108dc746051316290a373a3d13a22c16,cell_crops
cell_crops,ecfbc1a3-c6f0-4e40-884c-6c6b6100a81b,relative_storage_key,cell-crops/07c71166-93b3-415e-b764-6ca7344238f6/151ee7ee-b609-4e6b-985c-04af59a85470/9c45439d-fd87-46c3-944a-439ab92cbf89/362f60ef-44fa-486d-bb55-31d6518a9c38/crop.png,1575,7b01d0111474e304d48043dfb13c1e211b292662726ab4ceca67140fdcb45e5c,cell_crops
cell_crops,ed03cd3d-e359-44e5-9e43-02c8f14f3806,relative_storage_key,cell-crops/4383bcb6-1595-4b3c-9c6f-ced12863a762/f6d15c09-591e-4808-aff5-02f7c8c4d239/25a1a8fb-90d3-4cfb-b43b-20ee3b4b7788/f2e9ddaa-3325-4282-bcbb-dd3573998ca0/crop.png,12873,1699a86eb51f440a47657b0027d2ce96ff5be1321aec9f8fd6483eb28bcb447f,cell_crops
cell_crops,ed158c0c-87a2-4632-a531-241cd6134cec,relative_storage_key,cell-crops/8b912699-0346-4eca-9a3f-992922f65702/c5ca90cc-e321-4501-82f3-a2e0ef0f51a7/51a1e5c5-fac7-4ab5-b6dd-bef48d583434/4b28acfd-0f06-46d5-b72e-f78ac2c497c6/crop.png,3816,5d0cbad1d28ce211efdd90a00c0dc22de9620f7ac8bf0fc9bca222cc03372f35,cell_crops
cell_crops,ed178f73-4f5f-4e00-aba7-2efdb2429b4b,relative_storage_key,cell-crops/c9a6b7af-881f-47da-980a-1a2c2b743a1c/03505d0f-434b-48ac-ae42-76750f4fbc1a/a0889d56-1430-4a7f-b67c-e21291ac9ed7/48b8792d-7ed4-440c-9be2-ec0183b41a32/crop.png,1925,e23a3677943cac4f801401dcb6187d54cc9b3fa931f29602d65e675284af07c7,cell_crops
cell_crops,ed1d9b5f-36df-49ca-891d-eac80d21037b,relative_storage_key,cell-crops/8b912699-0346-4eca-9a3f-992922f65702/c5ca90cc-e321-4501-82f3-a2e0ef0f51a7/51a1e5c5-fac7-4ab5-b6dd-bef48d583434/cf0e26e1-f900-4d7c-8d45-f6aa1acfe786/crop.png,3720,4b4b74bff3aff179833037b6a92d29810b00af299388f414b63fe4a65fbb492b,cell_crops
cell_crops,ed2b2ee9-ea73-4581-ab47-d8b0c1f088d0,relative_storage_key,cell-crops/cd096d9e-0d01-4e4f-acd5-65e1548c215b/de773a50-b182-4ed9-9bdc-3f6f65bf242d/8eae56e5-dc27-4e8b-86ce-b22204a68814/49500b1a-9543-46da-8fa0-7a7c163f99a0/crop.png,30910,877ae325955d7c1e2a8430ed3e9eade6064d6f9802dc28ac99b29a0950700975,cell_crops
cell_crops,ed80ecbd-a31f-4d94-97e6-80876a23f49c,relative_storage_key,cell-crops/7ef7cff8-899e-428e-b89a-36803c0575b3/04bafb48-259f-4626-82fb-a3359ee3160b/26ddb17b-1b89-4301-8f40-011ccf0f40dc/586aceee-68ed-4e23-983c-1f8d05cdbf11/crop.png,40133,85b44d8e2ea0301094ae9af3498630ecaf6ac68c33c5d4a516ffef82625b23b0,cell_crops
cell_crops,ed89f581-7370-47a5-8d75-bb1e82d36b3c,relative_storage_key,cell-crops/93807208-985b-4d70-bb43-c7843db4141d/f4a29ede-288f-42ba-abf0-32395606ffc4/8d3b080d-2f56-4175-b76a-dc309555e9de/21b36273-bf0a-4a69-b312-0b81b16efd55/crop.png,4182,c5fb237444cb2e25a0099c7b854f2811cb752d2ddc59f92f841728a2bc46dbfb,cell_crops
cell_crops,edadec09-8667-49c2-b0b9-c50a9c4f7775,relative_storage_key,cell-crops/ba5fc281-07c1-46ca-8091-0c13e6753aa4/d33fb4ff-3366-4fff-9806-8ab03314dbd1/18b27447-aed7-42fa-9142-4bab96366973/13ee45d1-237f-4d30-bd4e-3a38baeccefc/crop.png,3103,ba7a652841be48e135f3f8039c02dbb7bdee476721619506333957b2fece1313,cell_crops
cell_crops,edb4a82e-e5ff-4eaf-840a-3be303af280e,relative_storage_key,cell-crops/4e1ca921-c5c6-4d89-b035-2d7dd99040d5/b9f975b3-7cd8-4b9a-a2cc-1bd9a76d924c/dc6df3c3-f03e-4261-bd4c-a2df5e0f0d88/a2d61576-3197-4aca-8df5-a6a9d9a6bdc7/crop.png,1846,591bbfe23a17fd0f3e40a4dedebcfe5f0a041d980e8bd7afe4be85fc29a68dab,cell_crops
cell_crops,edb87c10-4deb-4885-aa48-c947a7f15f38,relative_storage_key,cell-crops/211b65b9-8b1b-4bc9-bf8e-2572a00a3ecd/85d8a71e-e9ed-4062-a036-52e42dd89720/83b0bdb6-4441-49e8-b6a7-4de634e8d548/a173f6ba-b923-44cb-9574-ac60daaf72f4/crop.png,1959,ba8f176994d37dc770023a1170588f07dd1901d4623ba8bcf5524ca44a886b63,cell_crops
cell_crops,edf33910-106b-4a1a-8707-ea4cc0041212,relative_storage_key,cell-crops/8b912699-0346-4eca-9a3f-992922f65702/c5ca90cc-e321-4501-82f3-a2e0ef0f51a7/51a1e5c5-fac7-4ab5-b6dd-bef48d583434/3f478861-bf38-4aaa-9194-54ec17c6baa5/crop.png,5475,2486d848107f180a6c91bfacb138431fb93648ff77df283d016ff6c19b137067,cell_crops
cell_crops,ee007792-41e9-4600-b025-b3b2c9f35c00,relative_storage_key,cell-crops/7fd7ef40-bc9c-40d1-9e62-62bf0850c6b3/f6e252a5-7924-4e5c-bc63-8b711db60ba0/8a0187a3-03f0-45bd-ac3c-6e47c7999f03/01d3c4ba-3021-4990-ac55-afa15087d1de/crop.png,2412,5e45f5750ef82db9e6ddab7bf92f1e062d7ebdb9f299eed775adda5ca4c925ab,cell_crops
cell_crops,ee0af689-cff0-4a0a-8300-9d3bcc178ba5,relative_storage_key,cell-crops/7fd7ef40-bc9c-40d1-9e62-62bf0850c6b3/f6e252a5-7924-4e5c-bc63-8b711db60ba0/8a0187a3-03f0-45bd-ac3c-6e47c7999f03/40e95373-52ec-4afc-992e-e3c0fd588b61/crop.png,2463,12d11711ff963cb8fae87047f971c5f75cddc73437cdc18411ff7c9f49b58687,cell_crops
cell_crops,ee1b7ebc-f611-4258-ae1b-a405127ea533,relative_storage_key,cell-crops/52c4864d-1788-41db-a1d2-883ce7d83a58/490887fa-b3af-4136-85dc-8ae66e413acd/bf339bce-cffa-48e9-a044-4b9df2cc36b4/c4a1cf08-2af0-46f6-bd0f-3cb5f5180836/crop.png,3651,8c38967b419fb90bbd6eeadc7af41581d4bdd8316fa06ca6a72358930c54680a,cell_crops
cell_crops,ee2a3a72-3e91-45d1-bdd9-eff03da284a0,relative_storage_key,cell-crops/aac2f7a6-e279-42c1-8035-33134bfdf3eb/881590dc-6d13-4137-ba82-d28d2ed5199a/34070251-bc08-40a2-b33a-35ad175a7189/7cce06d0-29af-417f-b916-bef8f9905c00/crop.png,4668,9574ac8e494c7906cb0e8b56fc396b91bb26cedb8ab21e2c5b3a8b66b7d468b4,cell_crops
cell_crops,ee4d9ccb-1ed8-46fd-8d45-edfa0a48a07e,relative_storage_key,cell-crops/bc8b8317-c17d-4b7a-b737-5e40120559e2/8c8e678b-a6c7-4b8c-b4c0-d34745f32fe3/25cb85d9-3b89-46ca-982a-f71517c971ee/054a4487-8fcd-4ed4-a8b7-12996bd8abfa/crop.png,4075,d10f5ea0b16d6c3ba774e2b3fc3ef8a58a20b4d0a335e66da354f4397be4b260,cell_crops
cell_crops,ee70e16b-1a0d-47aa-93b7-66f1d5dfe140,relative_storage_key,cell-crops/52c4864d-1788-41db-a1d2-883ce7d83a58/490887fa-b3af-4136-85dc-8ae66e413acd/bf339bce-cffa-48e9-a044-4b9df2cc36b4/e317461e-7f95-4600-8a12-a80db8782620/crop.png,7181,73b729fb3324c3567cb12aee90d33e156f9e6259f2d7f39e2834dfabef7ff3c0,cell_crops
cell_crops,ee744768-75a1-47b3-bc72-2e76a81035d5,relative_storage_key,cell-crops/bc8b8317-c17d-4b7a-b737-5e40120559e2/8c8e678b-a6c7-4b8c-b4c0-d34745f32fe3/25cb85d9-3b89-46ca-982a-f71517c971ee/8512f80b-99fe-4be5-adf2-515a9532179f/crop.png,11274,8d38eed801421fcd424770e32877c12df57995018dbc606ee7ecf469291f4640,cell_crops
cell_crops,ee96f65a-5e96-484d-ae94-acc5140b9699,relative_storage_key,cell-crops/db1855bf-e94d-43ea-86dc-5c1d21c82206/70a62caf-67c3-44f5-8752-596e9432c4ca/f914626e-fa1c-483a-ac2d-a7ebce6130f5/6bad5894-4ef8-4316-93ea-8e80edd204b5/crop.png,5428,766755b877f8c4bf9f2940e327e62d473f815dbd77541f9efe11d2cc82a514dd,cell_crops
cell_crops,eea005a0-d478-43f5-90b6-caad543ba3df,relative_storage_key,cell-crops/52c4864d-1788-41db-a1d2-883ce7d83a58/490887fa-b3af-4136-85dc-8ae66e413acd/bf339bce-cffa-48e9-a044-4b9df2cc36b4/c5b2b06d-8644-41f5-b28f-be7ae1d6563a/crop.png,1503,b1c09fe5b14bc30ea8ee5c2076c96804c62350c9fe17aa899a35a12d7c0f56d8,cell_crops
cell_crops,eea013cc-0c77-4b4a-a127-4afde63dc270,relative_storage_key,cell-crops/d28e9146-5ad9-4df7-8af4-1b8901780c2b/f196b05e-1e21-41c5-8292-1c802004009a/6948fa72-3ff5-45bb-beb5-8ae3bba8b6d6/e76e9a47-f272-4089-8d97-4a9c24297e87/crop.png,8058,395d5b4ca772183716f61461c9bdc7a024dbd7725e9c9bdaa9d2e22f0b5c1875,cell_crops
cell_crops,eebaa1a7-7e97-4cf3-a941-67ea32f3f2c1,relative_storage_key,cell-crops/7ef7cff8-899e-428e-b89a-36803c0575b3/04bafb48-259f-4626-82fb-a3359ee3160b/00b8d663-89b1-4dfe-8f8f-9a01bca4688b/1093b3c7-3133-4acb-8d7b-c40462077779/crop.png,10539,7273a183ce89446f4cd864aa38e7c7b947ae007aecff7a2e87ee32c73a2289fa,cell_crops
cell_crops,eebb01dc-0510-44dc-8576-55cf28f2a7ea,relative_storage_key,cell-crops/8122e340-548f-40df-9dd4-ed43859605ff/ed18ce4e-6fb0-4f1f-b313-c9d76617210c/8cb2cae1-c3e1-487c-a274-4385f339dded/592c22da-5b0f-4f40-a6ab-9d1b8b2406fd/crop.png,4486,d79e12f93d1b2386c275fecc4d108502a366e6493f0674f7f533b68ac37dca16,cell_crops
cell_crops,eebd0a1d-3d02-43c2-88a4-25f18bde3e45,relative_storage_key,cell-crops/b0a5839c-3668-4411-b590-cc1d8fed470e/bf423fe1-2fc5-4662-9eda-ff1496c1bba9/c2a6cffd-18de-474e-ba04-2bf65b0f4f8c/bd050994-bd8a-4619-976a-61cef2ded787/crop.png,17814,91eeacc004904929e5e7f54c1ba09f19e32e84b08eaf7926ae63d82906417d68,cell_crops
cell_crops,eed19e4e-976c-4244-85eb-430fa5639e6c,relative_storage_key,cell-crops/ba5fc281-07c1-46ca-8091-0c13e6753aa4/d33fb4ff-3366-4fff-9806-8ab03314dbd1/18b27447-aed7-42fa-9142-4bab96366973/c3e61049-135f-437d-9810-f2df03e78bd3/crop.png,5397,3e11fa0a4bc534855b97e06693960cda1c33fdc7c23f7a9308d341eff9e1b34b,cell_crops
cell_crops,ef1dd13c-29d0-4f7c-a376-9463ea08cd04,relative_storage_key,cell-crops/7ef7cff8-899e-428e-b89a-36803c0575b3/04bafb48-259f-4626-82fb-a3359ee3160b/26ddb17b-1b89-4301-8f40-011ccf0f40dc/4a2261c1-a2b9-4be6-819a-9fa63458f802/crop.png,5293,45f651a6b27589f82945ed681342ae3b0a729525de1d4870d67a0f4c64675fa3,cell_crops
cell_crops,ef2150a1-ec9c-41d8-a479-ca1474d37402,relative_storage_key,cell-crops/121a69bf-ba23-4014-892b-158b9c2b71a4/aa1323a6-7f80-4e1e-819a-ec182f045f3d/97fb12a0-df7f-455f-8e13-e0383ad3934d/3999a5ec-2abb-4839-9e4e-a20ec1f06629/crop.png,5567,0298c2caf010f9370aaa9aebc8036c077005244a0015aae6631ca0552c3ce5be,cell_crops
cell_crops,ef26995c-8ba2-45c4-a1f6-6a7a9b811710,relative_storage_key,cell-crops/4e1ca921-c5c6-4d89-b035-2d7dd99040d5/b9f975b3-7cd8-4b9a-a2cc-1bd9a76d924c/dc6df3c3-f03e-4261-bd4c-a2df5e0f0d88/ddd9ffe4-1379-49e1-a910-b1bc6a13dc63/crop.png,3134,313cedd2354a25dba465fae59c913149d396a7e56271180eb8f2e4501f2cbc07,cell_crops
cell_crops,ef2c24af-c0b3-418f-a685-6536f1c44d0c,relative_storage_key,cell-crops/c9a6b7af-881f-47da-980a-1a2c2b743a1c/03505d0f-434b-48ac-ae42-76750f4fbc1a/a0889d56-1430-4a7f-b67c-e21291ac9ed7/04bda601-3bb6-49cb-90ed-c14559121fe4/crop.png,1810,bd3a54b91c8e6f17bc5729935f0dd396fd7d07ebda5c7b63309b7750ed44c8c3,cell_crops
cell_crops,ef5a00f4-42c0-48e0-8d99-ce24a7ce354e,relative_storage_key,cell-crops/8b912699-0346-4eca-9a3f-992922f65702/c5ca90cc-e321-4501-82f3-a2e0ef0f51a7/51a1e5c5-fac7-4ab5-b6dd-bef48d583434/979e7ade-7309-4cf8-abd0-caae9a3a349f/crop.png,11414,9adcec35243a42b203bf62bc8bdd372dbcc14d55bb53d7cecbe4f5f4c168b0e8,cell_crops
cell_crops,ef727d53-baec-4669-a429-9dbe95f0f4ec,relative_storage_key,cell-crops/121a69bf-ba23-4014-892b-158b9c2b71a4/aa1323a6-7f80-4e1e-819a-ec182f045f3d/97fb12a0-df7f-455f-8e13-e0383ad3934d/92705900-8a2e-4d49-aed0-1b1221ef1e01/crop.png,1504,3f158728b00c6e61b4ca799ad9e3bd04ede8cc188c0d3a35f13fc6b0a41d2a44,cell_crops
cell_crops,ef7a66ec-5f77-4219-81fd-143488f67782,relative_storage_key,cell-crops/211b65b9-8b1b-4bc9-bf8e-2572a00a3ecd/85d8a71e-e9ed-4062-a036-52e42dd89720/83b0bdb6-4441-49e8-b6a7-4de634e8d548/d5c38e8f-8ab5-4ee6-a13d-949e42e93746/crop.png,2648,8fff752235ad528ab7583024c447b5ff8bc05aeeb372872eedcbf9f48c2088de,cell_crops
cell_crops,ef8fc36a-825a-44ff-9ff2-c0e8baeb6b5e,relative_storage_key,cell-crops/b0a5839c-3668-4411-b590-cc1d8fed470e/bf423fe1-2fc5-4662-9eda-ff1496c1bba9/c2a6cffd-18de-474e-ba04-2bf65b0f4f8c/73246419-4564-4794-a862-a560c6dec095/crop.png,1590,43bc69570c5d509ba3363bce246d5081542a54d5c440706928e14262fd4a7814,cell_crops
cell_crops,efabce28-3eb5-4bff-9318-e9460649b0c3,relative_storage_key,cell-crops/211b65b9-8b1b-4bc9-bf8e-2572a00a3ecd/85d8a71e-e9ed-4062-a036-52e42dd89720/83b0bdb6-4441-49e8-b6a7-4de634e8d548/560dcde7-b64c-48da-ad87-49218ea5fb22/crop.png,2031,1514c870811c0228e44813c5412bc6209c91c60f98b6384be09628143544c61b,cell_crops
cell_crops,efc58e5d-652d-4732-ac01-07a60648bbf7,relative_storage_key,cell-crops/25afdd28-85df-4a2a-9dab-2727ced6821b/f5668b77-a7c4-4ed2-aade-94bbf92900cf/08cd9b57-9a64-410c-8133-1dbdbf2e697c/a5d4a1b3-e62a-446b-b9a7-d6a50c2034b4/crop.png,775,039853943cca4035d7df0c3a27b91923f007ab4e06ba143ae08543e9de1dc813,cell_crops
cell_crops,efff9288-3a35-43fb-beca-c7c699eda1e5,relative_storage_key,cell-crops/c6209893-144a-447d-a436-fe89fc140cee/f088ac8e-c214-474d-837d-53532f4ef947/43249c8b-9008-49c9-8246-2b24989143a2/94125781-13ee-4e66-bb95-45eeedd9f1e9/crop.png,3428,27391984e0de1b57825ed398edc20f321e259ce7f868530c0756f3774d84ef98,cell_crops
cell_crops,f00efefc-0438-40ab-b796-34a4d2df39bf,relative_storage_key,cell-crops/3a9a3ddd-a6fb-43b7-98e8-82fe65649b10/69a3938d-51bb-45d7-928d-1b35d46634bb/ea56489d-de29-4bcd-bf1e-16e83feedee6/33c269c7-6957-4c71-9cef-8977cf004cda/crop.png,5268,240bd3ad8096609dbe5ee678c24ca88c74db874800eeb5edbde259686172fa13,cell_crops
cell_crops,f041c5f0-6774-4516-9d8c-4f3a1ea581a9,relative_storage_key,cell-crops/59a98cc0-24f4-424a-b208-3fe06063fa47/98626a4c-b3fc-464a-a4fe-90bc886c7647/c0a49ec0-99e0-4b2b-a9e4-1e2ec28655a0/8d7132ea-525d-4fbe-9d02-27fb695b8f21/crop.png,1657,548855637cb4f5284e5fda2a7472e268458175a7c6d68f53c9a054575d3f74b7,cell_crops
cell_crops,f097dbe7-bd4f-4cbc-b487-7ee604e4ca4e,relative_storage_key,cell-crops/e11b10f7-d1c3-4d6a-9e69-a4b6bc1abc46/1db1a505-3eaf-456d-b123-7b9f8ee77762/339d62a6-0363-472b-b2e3-4a7befd2c42f/1a8bc839-aaad-4170-b22c-8bb8729515ad/crop.png,1339,49710a68dbc111f8fb83e6bb898efe248bc1c21e407955936ab9ae81b4b8a4c6,cell_crops
cell_crops,f0b675a4-4530-4c12-8286-28fdc3a59b82,relative_storage_key,cell-crops/7ef7cff8-899e-428e-b89a-36803c0575b3/04bafb48-259f-4626-82fb-a3359ee3160b/849d1772-b3d7-402e-82b3-2942cd77a889/8649e05e-00b0-429a-9d9f-6b4ea898fc77/crop.png,7654,703b6feb2f422f5ef019b6e8a9639314ae247ad364c37b7a2703c5f2c441872e,cell_crops
cell_crops,f0c059a7-013e-4df2-9e4f-9a3a0e1f6841,relative_storage_key,cell-crops/ba5fc281-07c1-46ca-8091-0c13e6753aa4/d33fb4ff-3366-4fff-9806-8ab03314dbd1/18b27447-aed7-42fa-9142-4bab96366973/16efdfeb-3adf-46cb-bc69-001d8ab20af1/crop.png,8238,4880fba9dba7bdd1dbec17b15099a7c5f6add2f4b28fd850df87229269f6eba2,cell_crops
cell_crops,f0c9e881-4020-421a-8058-1fb9a4b45111,relative_storage_key,cell-crops/e109f86a-afaf-4c6b-8831-0fd7fc4fa7b2/2b113263-4ee7-4c87-a4d5-c689a43626bb/5b7cb03b-f0e6-42de-9aba-d4fb3757ad09/5ca57d09-d709-4f18-a74a-2d090728e8bc/crop.png,2797,2985ea0abd96b5301e878eb8919f64c5ed7d07858d473124923ac54eb8073eb7,cell_crops
cell_crops,f0dd0d4e-c604-46d7-9a77-3a42b1040f7d,relative_storage_key,cell-crops/e11b10f7-d1c3-4d6a-9e69-a4b6bc1abc46/1db1a505-3eaf-456d-b123-7b9f8ee77762/339d62a6-0363-472b-b2e3-4a7befd2c42f/3fae95e9-4121-4e84-96fa-41952dbddd0d/crop.png,5075,363440386d0698c835d347d5126b1a5b1b42b0998bc2b9d7d7d2ac5d3620ac8b,cell_crops
cell_crops,f0e03180-6363-4d38-bb67-ae5aef13e185,relative_storage_key,cell-crops/4e1ca921-c5c6-4d89-b035-2d7dd99040d5/b9f975b3-7cd8-4b9a-a2cc-1bd9a76d924c/dc6df3c3-f03e-4261-bd4c-a2df5e0f0d88/0323c637-8e98-4373-9090-4224be2aa722/crop.png,1028,0d35acf59e0f49cff874cceeb775244d2bbc3e2e5c7153ad9be4c63f5f1551b4,cell_crops
cell_crops,f0e40dd0-26af-4e74-a0ac-c80fe734227a,relative_storage_key,cell-crops/fce4a23b-7725-4c69-960b-5c9cd9b68f50/c6ecf996-e832-44ad-89bf-2ca55d1d46d5/5ecbdf28-e01c-4b51-ae7b-f9d88c6b9aa5/6d279b89-5d6f-4858-8d72-b9ec2cfd0f76/crop.png,3505,313808d0fb6eb8a4b2c21cd3d57279386233233c0e839f0397f4f5e53ae9f29d,cell_crops
cell_crops,f0f3ba7d-49ee-40bb-9e5b-25d597b7da63,relative_storage_key,cell-crops/3a33d13c-ff5b-46ba-94b4-0710e5185301/a78dd7b0-8ddc-4cd7-bc5a-241f8b427de6/7ba97fb6-e951-4c3b-93d8-3958918f513f/ac0cf60d-03bf-4e21-bc3f-f32fff2e3215/crop.png,4633,5608b359ebe97991112a11be789d6a184da09b39c5ca72c3c402251b3e6f10cf,cell_crops
cell_crops,f1047d53-a274-4538-95b1-e9c2b85d055c,relative_storage_key,cell-crops/211b65b9-8b1b-4bc9-bf8e-2572a00a3ecd/85d8a71e-e9ed-4062-a036-52e42dd89720/83b0bdb6-4441-49e8-b6a7-4de634e8d548/99970312-2505-4c00-b0ae-aca1febec5c6/crop.png,14591,8b586776912a148cdf9feea420a10615015505a3bb587d4e316e8f1c44bb10f2,cell_crops
cell_crops,f1262a23-c7b7-46ed-86a4-d79273a03647,relative_storage_key,cell-crops/db1855bf-e94d-43ea-86dc-5c1d21c82206/70a62caf-67c3-44f5-8752-596e9432c4ca/f914626e-fa1c-483a-ac2d-a7ebce6130f5/70d5511c-6063-4231-b1de-a1363b742dbd/crop.png,6923,69c966c7cf5aa8041aa97dc2e5608103009c2f2f1d2eca683f261c7e5db9995b,cell_crops
cell_crops,f12df7ef-5fdd-4d45-bd6d-a7a95d4c80d1,relative_storage_key,cell-crops/fce4a23b-7725-4c69-960b-5c9cd9b68f50/c6ecf996-e832-44ad-89bf-2ca55d1d46d5/5ecbdf28-e01c-4b51-ae7b-f9d88c6b9aa5/590e623e-c037-4ec6-aa84-ab1ebd8da1c9/crop.png,3089,f26addfec0ca8c9ca3fa2585fc0011244799a7f87cf1f07e5cff1d7a4848e0d0,cell_crops
cell_crops,f145519e-92f1-4b11-bcbf-cc9bef7ed535,relative_storage_key,cell-crops/db1855bf-e94d-43ea-86dc-5c1d21c82206/70a62caf-67c3-44f5-8752-596e9432c4ca/f914626e-fa1c-483a-ac2d-a7ebce6130f5/3d3f30c5-022a-42c5-acca-8715c48c0a78/crop.png,3655,f7fb629c48898e0ca049a9a8884cb5452f12773c83756e41866065ff5583e392,cell_crops
cell_crops,f1780d45-6219-4d35-918d-f4ce39b99012,relative_storage_key,cell-crops/7be00fe5-41da-48c5-b2c2-9618f0a7c517/3ebcfc6b-b6e3-40b6-939c-33977196460c/8fa36d4d-c412-435a-a109-923281f0f43d/ca666162-202d-4835-abcb-c05490c628e0/crop.png,2799,5301338ea9066e65c093c4644381102c4d9604044202592ae6e32460bedea41b,cell_crops
cell_crops,f1841ba5-241b-4d59-9472-dff9bfd93bf0,relative_storage_key,cell-crops/6dede06e-ae61-4920-bb2c-935cde2a5ff5/60bd296d-21d5-4d22-99bc-a023cb410f35/88dc4c92-8367-4c4d-a59b-da86d01b8d82/0b45b272-aafd-4b23-ad74-e4fec6dd1920/crop.png,40133,85b44d8e2ea0301094ae9af3498630ecaf6ac68c33c5d4a516ffef82625b23b0,cell_crops
cell_crops,f1dc627d-5a83-441d-bb3c-6a7d89beb591,relative_storage_key,cell-crops/52c4864d-1788-41db-a1d2-883ce7d83a58/490887fa-b3af-4136-85dc-8ae66e413acd/bf339bce-cffa-48e9-a044-4b9df2cc36b4/e0845290-0a2a-4410-a9a2-062df89eb4b7/crop.png,965,e1d2b14094d28fee7c3ec7025468ac68bc7aebb425bf1be296eb52049b9fc37a,cell_crops
cell_crops,f2183a29-7310-4612-b4d3-7b12e75f0b10,relative_storage_key,cell-crops/6dede06e-ae61-4920-bb2c-935cde2a5ff5/60bd296d-21d5-4d22-99bc-a023cb410f35/88dc4c92-8367-4c4d-a59b-da86d01b8d82/6c3a3444-c0f6-45ad-9453-8d04981ad16a/crop.png,10172,167f2ebc4bb275cee32317b3c89dd5743557f92aff6413b6dc8b11a7b7e41abe,cell_crops
cell_crops,f261ca83-4632-405e-8e2a-fb370361ceba,relative_storage_key,cell-crops/72906de0-83a0-4e98-940e-735fe5fb2363/c3c7a47a-b9d7-41c8-a8db-3269a23bca95/452e4d39-1e65-4a32-8a6a-e88382ac7aa6/cf3da22e-7ebd-44f6-8f36-1fc06232b1d7/crop.png,7802,8bdadec2afea19de59712b01bfdd6c42f812f12efd50976fa90624d0359be78a,cell_crops
cell_crops,f2812053-430a-409c-8d9f-5295e350fb96,relative_storage_key,cell-crops/7eba770f-f337-4ed5-b174-fb4c18baaae5/0074b7b4-1a21-4123-9fb0-7a7e78c65792/6a4c1def-59d7-4111-8a64-9cfb8e00ba8f/d62d7dde-6b9b-439b-8fde-093b6d3335b7/crop.png,860,4869f4c49769f191595b3af211f1d163c77036387e559a46b42d5a4411748c5b,cell_crops
cell_crops,f2865111-a258-46fa-a672-c4c913e8acd0,relative_storage_key,cell-crops/7ef7cff8-899e-428e-b89a-36803c0575b3/04bafb48-259f-4626-82fb-a3359ee3160b/00b8d663-89b1-4dfe-8f8f-9a01bca4688b/086e5aa8-8cd9-4a86-89ad-492f8d707f54/crop.png,1376,8d4353b3d82a953b16790cc20fed334bc570066dd8945095dd7438b49f0e5da4,cell_crops
cell_crops,f2a37e65-2043-4506-88b7-9a0ef4d3c1e6,relative_storage_key,cell-crops/e11b10f7-d1c3-4d6a-9e69-a4b6bc1abc46/1db1a505-3eaf-456d-b123-7b9f8ee77762/339d62a6-0363-472b-b2e3-4a7befd2c42f/9a430fcc-1fa4-4587-80d3-fe8a19d0197f/crop.png,1170,537760b1bf965848490347158faba7eee475dd048044be7917dfcd147f90f953,cell_crops
cell_crops,f2e88391-2ac9-4024-8abf-d1158b94f74f,relative_storage_key,cell-crops/e11b10f7-d1c3-4d6a-9e69-a4b6bc1abc46/1db1a505-3eaf-456d-b123-7b9f8ee77762/339d62a6-0363-472b-b2e3-4a7befd2c42f/97337cac-f2a6-41f6-9a8f-e4dd0eb23eb0/crop.png,2600,cb6446e4a68265aa75da7e7023e904d1081435131160c9d616fd0eee7b285efa,cell_crops
cell_crops,f2eb811c-0f2d-4382-9384-03ccec4bf1cb,relative_storage_key,cell-crops/7fd7ef40-bc9c-40d1-9e62-62bf0850c6b3/f6e252a5-7924-4e5c-bc63-8b711db60ba0/8a0187a3-03f0-45bd-ac3c-6e47c7999f03/1c724181-d9fd-42e5-a1fa-814b88dad9ce/crop.png,1554,bfbbf98c9b02d8abe1fe26c28d5196546fd1177c15c259143638936f48830e95,cell_crops
cell_crops,f2ef28ba-7df5-4961-8b8c-11eec49326c9,relative_storage_key,cell-crops/8b912699-0346-4eca-9a3f-992922f65702/c5ca90cc-e321-4501-82f3-a2e0ef0f51a7/51a1e5c5-fac7-4ab5-b6dd-bef48d583434/fd11e1ba-61ce-48e7-95c6-616fabe24cef/crop.png,1676,9ad7cdd310b9f37fb0d44f6c441cb622beddb600f26eea78682e4ea704b96162,cell_crops
cell_crops,f3670c25-76ba-4fdb-8dc4-cd25bedc1096,relative_storage_key,cell-crops/9696ad8c-6c01-439f-afa5-29d7f5234348/c6ffc450-182b-4d59-bf0d-1090bd076903/dd3b1716-0bb9-4523-9fa9-61bc274925d8/8ea08d7c-6fb1-4274-999f-e893ef68c52a/crop.png,7965,9522a0ed180741c1689a275de4838c720aaafa2944af8547129b4e8c2608c833,cell_crops
cell_crops,f3a165c3-d79c-48ad-bcbc-d97fd358fe12,relative_storage_key,cell-crops/07c71166-93b3-415e-b764-6ca7344238f6/151ee7ee-b609-4e6b-985c-04af59a85470/9c45439d-fd87-46c3-944a-439ab92cbf89/2d002097-7105-482e-8e53-76aad84872c2/crop.png,1460,41146ef66a5da18c5b7bfa1ebab33f0c837a306c7a2f6f697cbcfb74bd584684,cell_crops
cell_crops,f3b20e9b-0b27-4b82-ada5-5edbbc9d2ef4,relative_storage_key,cell-crops/121a69bf-ba23-4014-892b-158b9c2b71a4/aa1323a6-7f80-4e1e-819a-ec182f045f3d/97fb12a0-df7f-455f-8e13-e0383ad3934d/ae759715-6ec1-4472-80cf-050db7645cb6/crop.png,5375,88ff1837b6ca1e07773d3c0ccd7eb115c35111f15ce727c3573a64001cb0e677,cell_crops
cell_crops,f3c40065-08fa-4bc3-b1ef-ff3dbecf91ee,relative_storage_key,cell-crops/07c71166-93b3-415e-b764-6ca7344238f6/151ee7ee-b609-4e6b-985c-04af59a85470/9c45439d-fd87-46c3-944a-439ab92cbf89/52c67928-8e4f-49bf-9a0a-7ae5bc340d52/crop.png,1110,b856150a0313f69a1af03ccd2a44c3644294aef39cfc8d2025a8ea5614283b04,cell_crops
cell_crops,f3e50889-d178-4034-8fd3-79f6bdc84c99,relative_storage_key,cell-crops/7eba770f-f337-4ed5-b174-fb4c18baaae5/0074b7b4-1a21-4123-9fb0-7a7e78c65792/6a4c1def-59d7-4111-8a64-9cfb8e00ba8f/921072ae-ce62-442c-b5ab-1e8ccb8aff25/crop.png,2264,37369976d1628554dc742f19c1d12a268f058dd2a05d835a30e0cb93397cebe1,cell_crops
cell_crops,f3f47dc5-8eac-4208-aa7c-5367b94d3651,relative_storage_key,cell-crops/ba5fc281-07c1-46ca-8091-0c13e6753aa4/d33fb4ff-3366-4fff-9806-8ab03314dbd1/18b27447-aed7-42fa-9142-4bab96366973/5808d81b-6b70-40db-9b3b-c6b09e4f6e75/crop.png,3128,b6c540e6fd54e82b5c811b6495ae850389c2baa2dc78ef5c82424b31fab38048,cell_crops
cell_crops,f4133e38-041b-455f-b3a7-b88edecfd4e2,relative_storage_key,cell-crops/54e278de-2381-4a05-8faa-42bf761f6688/50b0884e-ddde-4252-be9d-058151c986c4/f4400105-33b9-4bc0-860b-010b1cf3d386/fd5357cb-57a5-4929-9a10-d565f2987170/crop.png,1748,4929ca8b567dbf65b719197ba06d5770e7caddc0c3538dae7f9bf9b44181e6a0,cell_crops
cell_crops,f4409d78-d7dc-445e-b940-f0e3480e742c,relative_storage_key,cell-crops/54e278de-2381-4a05-8faa-42bf761f6688/50b0884e-ddde-4252-be9d-058151c986c4/f4400105-33b9-4bc0-860b-010b1cf3d386/90f15d15-a7a4-4fd2-bb07-74047c4c11ec/crop.png,2031,1514c870811c0228e44813c5412bc6209c91c60f98b6384be09628143544c61b,cell_crops
cell_crops,f465b9cc-80e1-4c64-acf3-340a1915d1d9,relative_storage_key,cell-crops/93807208-985b-4d70-bb43-c7843db4141d/f4a29ede-288f-42ba-abf0-32395606ffc4/8d3b080d-2f56-4175-b76a-dc309555e9de/179449d6-e17f-4238-b6f2-ba02b86ac240/crop.png,3952,7d0c0b980046f26b7db7f0438ed8e3120262175b47fdf8d16afc60ed248725f2,cell_crops
cell_crops,f46f6acb-9c1e-4c5e-bc69-c26b0de7402a,relative_storage_key,cell-crops/e11b10f7-d1c3-4d6a-9e69-a4b6bc1abc46/1db1a505-3eaf-456d-b123-7b9f8ee77762/339d62a6-0363-472b-b2e3-4a7befd2c42f/50439993-9699-4e1a-80be-ffdbd7de4286/crop.png,1895,07351e9d532e87eca08554265281055a8874f9e0ac3040095cfa1bc749765da9,cell_crops
cell_crops,f5030e80-5442-4087-959b-787e459f2034,relative_storage_key,cell-crops/4383bcb6-1595-4b3c-9c6f-ced12863a762/f6d15c09-591e-4808-aff5-02f7c8c4d239/25a1a8fb-90d3-4cfb-b43b-20ee3b4b7788/22f9c91c-a7d8-4729-aebe-53936c501d97/crop.png,7558,909327a78e5b52544e9dbbc5bcef2ee808dac681d91c6620baecd5e4cd73ab5b,cell_crops
cell_crops,f531d603-9d5f-49d9-9f5b-1a21360d00b8,relative_storage_key,cell-crops/c6209893-144a-447d-a436-fe89fc140cee/f088ac8e-c214-474d-837d-53532f4ef947/43249c8b-9008-49c9-8246-2b24989143a2/a33c4854-b4d5-4e02-a983-5baca7b6067a/crop.png,6002,2d396bfbc81a08e32ed985ea11783c3df3cd40e3721a1ad995efbd587eb8accb,cell_crops
cell_crops,f5347f87-c1fb-4e26-99a3-189b9e9dc5d4,relative_storage_key,cell-crops/54e278de-2381-4a05-8faa-42bf761f6688/50b0884e-ddde-4252-be9d-058151c986c4/f4400105-33b9-4bc0-860b-010b1cf3d386/059097c0-520b-4891-aefd-be9e79c9ebc4/crop.png,1465,4303f650057e94a36bc44a6edc4f2535cccec27a24793489386457d4ae92f480,cell_crops
cell_crops,f55cdda2-45a0-4eaf-ab04-2e7496f792e1,relative_storage_key,cell-crops/ae68a99c-11f7-457a-88f8-3cef9a144958/618af6de-bfab-495e-8634-e484d620ee21/650c7580-8b2e-4bc4-88e8-bf03c5bb423d/5dedeacf-dd7a-45f8-978e-0b191159075e/crop.png,35228,2d3346e28db2cbbd73cca065355d08ba6b4e97ecb104f60ac671e8c5f0e70426,cell_crops
cell_crops,f5734393-c6ae-4922-b5cb-832c2e3523e0,relative_storage_key,cell-crops/e109f86a-afaf-4c6b-8831-0fd7fc4fa7b2/2b113263-4ee7-4c87-a4d5-c689a43626bb/5b7cb03b-f0e6-42de-9aba-d4fb3757ad09/5ad769c3-3c7f-43ac-a2fb-9cd696c119ee/crop.png,3390,845e83f0f14bbdd3c8847e3366a3e4fda3540801a4fd1ab6724345b1e42d05df,cell_crops
cell_crops,f574f2b0-5727-4608-a80e-9c055154bb02,relative_storage_key,cell-crops/7a11c0f4-a9d7-4446-a5f2-437ffc334a6c/0ff18f89-6fbd-4755-8e89-15227de46f41/3dca4192-f767-48f3-a7e8-59e22d9db3f9/68da9ef7-89d7-48b2-ac5e-1ca0789c09c3/crop.png,4849,0af4eb5e744f7c94ae058af6e3cc11a1675502338760799b4f50d6a7271ca66d,cell_crops
cell_crops,f5a46922-d846-4966-87dc-e5a524d9e0d6,relative_storage_key,cell-crops/1c49c468-795c-45ed-98a4-e3670ddd5182/2f40a287-e0d5-4ab9-919e-a1ddfe57b9bd/2ac85463-e0b3-4c27-bb72-7ffdae1f53ab/ff6204c9-ef42-4e43-b1b8-d4eb7a1b7a41/crop.png,4092,2dab0ac66a188d2441e6932beee86d1f6647b77e22852d0546dd4ed70e4da6f3,cell_crops
cell_crops,f5bfd1ce-1556-4b85-89d0-a8629774d441,relative_storage_key,cell-crops/e11b10f7-d1c3-4d6a-9e69-a4b6bc1abc46/1db1a505-3eaf-456d-b123-7b9f8ee77762/339d62a6-0363-472b-b2e3-4a7befd2c42f/eddc86cd-f5e3-48f5-b037-97e937c34070/crop.png,1065,7c794e095eebcee30cb7f50843290e4078a36c8f69c8382b26af0f1e20db9740,cell_crops
cell_crops,f5cb3b68-50f3-4a66-b24e-e2ea99ad31de,relative_storage_key,cell-crops/9696ad8c-6c01-439f-afa5-29d7f5234348/c6ffc450-182b-4d59-bf0d-1090bd076903/dd3b1716-0bb9-4523-9fa9-61bc274925d8/b79efb1c-7e38-40c9-b6cc-9ec95f0147fb/crop.png,3948,eb223ad825dbd26fe8be0e7acd69c7667b9171690c0710ab4c1a631738aae86a,cell_crops
cell_crops,f5e726be-dceb-4909-8e72-5001c70103a1,relative_storage_key,cell-crops/39265da0-dd1a-4f17-89aa-1e661f9c473f/72553654-6802-48a4-964a-3fa748870a05/afee46ec-494f-4fe6-be85-353a4cfc0b56/402935ed-a329-44d0-8ba4-df9ac0aa4dfa/crop.png,10927,206b3ecd1845b1581aedf160741bd558d292d7676a9f3e0d31fa35741b5f786f,cell_crops
cell_crops,f60e938f-27b5-496b-85bc-ab3ca7b80f88,relative_storage_key,cell-crops/59a98cc0-24f4-424a-b208-3fe06063fa47/98626a4c-b3fc-464a-a4fe-90bc886c7647/c0a49ec0-99e0-4b2b-a9e4-1e2ec28655a0/83788434-8dff-469a-acb6-b0df1e47ed32/crop.png,5362,cb65dbd84f3354bfe0f22ded30414c53e5ddaccc22ffebff81f1082c241cbcbb,cell_crops
cell_crops,f62ffbd6-d3e7-43f6-b3b0-3e9c676b74c8,relative_storage_key,cell-crops/59a98cc0-24f4-424a-b208-3fe06063fa47/98626a4c-b3fc-464a-a4fe-90bc886c7647/c0a49ec0-99e0-4b2b-a9e4-1e2ec28655a0/b7fca269-5aba-40d3-a300-5298aaeee695/crop.png,3863,8be8a03055a294c12cb94c3afdb61a6bffe9a01af8a653a5bff478bf6adbae2b,cell_crops
cell_crops,f634bbbd-b0c5-4fd9-b65e-2a3c7c779129,relative_storage_key,cell-crops/8122e340-548f-40df-9dd4-ed43859605ff/ed18ce4e-6fb0-4f1f-b313-c9d76617210c/8cb2cae1-c3e1-487c-a274-4385f339dded/34ad961a-c84b-4758-984c-b1baada4e620/crop.png,4075,d10f5ea0b16d6c3ba774e2b3fc3ef8a58a20b4d0a335e66da354f4397be4b260,cell_crops
cell_crops,f651f040-0dfd-4f8d-b587-43e0fe05f306,relative_storage_key,cell-crops/211b65b9-8b1b-4bc9-bf8e-2572a00a3ecd/85d8a71e-e9ed-4062-a036-52e42dd89720/83b0bdb6-4441-49e8-b6a7-4de634e8d548/6c362a06-b773-4b9c-a1ec-dcd05fd92041/crop.png,1458,13cd6041d9681d12f8b3c00c8242d9941b5f2069d57f5cd6d19241d0b9ade281,cell_crops
cell_crops,f65334d9-e620-4135-b93b-a782a7cfcd9d,relative_storage_key,cell-crops/7fd7ef40-bc9c-40d1-9e62-62bf0850c6b3/f6e252a5-7924-4e5c-bc63-8b711db60ba0/8a0187a3-03f0-45bd-ac3c-6e47c7999f03/7778bd50-985d-44bd-b397-e30f2d919ffc/crop.png,1503,b1c09fe5b14bc30ea8ee5c2076c96804c62350c9fe17aa899a35a12d7c0f56d8,cell_crops
cell_crops,f6a33bf8-152a-4088-9032-74a9975b8557,relative_storage_key,cell-crops/7ef7cff8-899e-428e-b89a-36803c0575b3/04bafb48-259f-4626-82fb-a3359ee3160b/26ddb17b-1b89-4301-8f40-011ccf0f40dc/94534075-4a28-42ba-9341-69b5f27ada2c/crop.png,9890,b08a97d1933ceeaa1bde5b21c633c9d84b27eb6c4c34ead143c433afda9670be,cell_crops
cell_crops,f6c22430-8f27-46f9-a56c-4a28a89fd490,relative_storage_key,cell-crops/4383bcb6-1595-4b3c-9c6f-ced12863a762/f6d15c09-591e-4808-aff5-02f7c8c4d239/25a1a8fb-90d3-4cfb-b43b-20ee3b4b7788/8360a53a-7807-4e1d-be48-3bc6238fec62/crop.png,5042,d27f4e3f90c26125331b7c6904de472ad98c2ae26c4a870d746ee9e40eb84ab7,cell_crops
cell_crops,f6c4724e-68d9-46a1-a1fa-fba45cc4eca4,relative_storage_key,cell-crops/db1855bf-e94d-43ea-86dc-5c1d21c82206/70a62caf-67c3-44f5-8752-596e9432c4ca/f914626e-fa1c-483a-ac2d-a7ebce6130f5/c02028c1-cef7-42d6-995e-e91939740fa9/crop.png,3611,267106a9835c768c7b707804446d44b5ae58af12d67899b48f78a0d28a384910,cell_crops
cell_crops,f6c9d55d-e296-4bed-ab3f-2bf89432db1b,relative_storage_key,cell-crops/db1855bf-e94d-43ea-86dc-5c1d21c82206/70a62caf-67c3-44f5-8752-596e9432c4ca/f914626e-fa1c-483a-ac2d-a7ebce6130f5/0d707082-3fd2-4f76-bbdc-4633ba956c96/crop.png,3340,dcaa097f8971280ac8a4b6d55ae1a50c55bc586a56863b67fe6838d3f02a5a05,cell_crops
cell_crops,f6dce1da-6b9a-4312-89e4-1792704d9b34,relative_storage_key,cell-crops/c9a6b7af-881f-47da-980a-1a2c2b743a1c/03505d0f-434b-48ac-ae42-76750f4fbc1a/a0889d56-1430-4a7f-b67c-e21291ac9ed7/bffd8b3b-e34d-41dd-874f-94573251194d/crop.png,1294,f40673dfd2252011100e5912d7993b6666afe4460dc8f096a0f9056c0b423813,cell_crops
cell_crops,f6ea195a-1e2d-40f2-bfd4-725a62f8099f,relative_storage_key,cell-crops/c9a6b7af-881f-47da-980a-1a2c2b743a1c/03505d0f-434b-48ac-ae42-76750f4fbc1a/a0889d56-1430-4a7f-b67c-e21291ac9ed7/0ee946f5-5393-4a05-aced-30d74091082c/crop.png,2043,d2647818ffb771a8b29d84bde035d2f0f5d18eacb26b89ee5cc06cde3a2d0d6a,cell_crops
cell_crops,f6f3e5cf-af67-4b1d-b961-8360e8054788,relative_storage_key,cell-crops/e11b10f7-d1c3-4d6a-9e69-a4b6bc1abc46/1db1a505-3eaf-456d-b123-7b9f8ee77762/339d62a6-0363-472b-b2e3-4a7befd2c42f/efed07fb-f623-46b9-b842-8884701bfa90/crop.png,2041,775bfd4c00fbf5d254c3d1b98490bf0e25768583548bb5202406890cd83f57b9,cell_crops
cell_crops,f6fbfede-321e-4c59-ab65-e26eaf313deb,relative_storage_key,cell-crops/39265da0-dd1a-4f17-89aa-1e661f9c473f/72553654-6802-48a4-964a-3fa748870a05/afee46ec-494f-4fe6-be85-353a4cfc0b56/a913700d-36da-4bbe-ba86-8b542b7b17f8/crop.png,9424,a73d124dcd8fd669726701f7bb813395051d26c37a891d17f171121c21e8af44,cell_crops
cell_crops,f70c8f37-f3ef-4124-9591-4fdd26b571fd,relative_storage_key,cell-crops/db1855bf-e94d-43ea-86dc-5c1d21c82206/70a62caf-67c3-44f5-8752-596e9432c4ca/f914626e-fa1c-483a-ac2d-a7ebce6130f5/4bf3e98d-eb62-4556-b88e-433d7540ed63/crop.png,3103,f5d560586dd68451fda00cf3709800a142c064ff6d5273a78828adf70ab10372,cell_crops
cell_crops,f70d704c-e4ac-4686-a922-4ff946ff34b1,relative_storage_key,cell-crops/3a33d13c-ff5b-46ba-94b4-0710e5185301/a78dd7b0-8ddc-4cd7-bc5a-241f8b427de6/7ba97fb6-e951-4c3b-93d8-3958918f513f/9163e32e-553b-4a23-9224-e0bceba222f9/crop.png,6633,064389d2b1717d2fe71af8eabc25efe37ee304cdb13f5c053f49fe71b67d45a5,cell_crops
cell_crops,f717f00f-5960-46f0-8501-62816025b192,relative_storage_key,cell-crops/214fd936-3c74-4042-937a-3131ff495bdd/5e7bbe13-3cf2-4c2d-9022-31d242f15fb1/c6a30725-877a-4570-819a-de52a6bcb57d/e6d0fc4e-b870-4887-b30e-0b17dc7993cb/crop.png,4129,1a8973672cbc66cf69ab7fcea7eb9ae40d0cb5ddf8e7b39fcc8367d6215be771,cell_crops
cell_crops,f730d9c8-3761-48b0-a864-686aabd9a17a,relative_storage_key,cell-crops/52c4864d-1788-41db-a1d2-883ce7d83a58/490887fa-b3af-4136-85dc-8ae66e413acd/bf339bce-cffa-48e9-a044-4b9df2cc36b4/91837574-1cb0-4a79-945c-b83888cead01/crop.png,1681,6e00be83d22386a6952a5bb5c9cb98385273e420038065ae735f729c3edbd079,cell_crops
cell_crops,f73d7c96-be39-4574-af6e-0b3bd726b373,relative_storage_key,cell-crops/07c71166-93b3-415e-b764-6ca7344238f6/151ee7ee-b609-4e6b-985c-04af59a85470/9c45439d-fd87-46c3-944a-439ab92cbf89/093635b9-b45a-4a13-b5ec-031900c958a7/crop.png,4391,9728d78d488d4588c43c7a4bd6404f6802716ac72039be82c742330cf9352368,cell_crops
cell_crops,f75df3bf-df48-48ae-9814-1cd203d7bacc,relative_storage_key,cell-crops/211b65b9-8b1b-4bc9-bf8e-2572a00a3ecd/85d8a71e-e9ed-4062-a036-52e42dd89720/83b0bdb6-4441-49e8-b6a7-4de634e8d548/c37abe6e-366a-45fd-a757-13a3549a4af6/crop.png,1411,ef8b77d1e68450c557d33eaaf468bc9bdd0c719473eded5a13a113897b96347f,cell_crops
cell_crops,f7717472-09f8-4a3e-8323-b6ee59b4c9dd,relative_storage_key,cell-crops/e11b10f7-d1c3-4d6a-9e69-a4b6bc1abc46/1db1a505-3eaf-456d-b123-7b9f8ee77762/339d62a6-0363-472b-b2e3-4a7befd2c42f/9a54237a-bf7a-4c17-96f9-665afa7b15c8/crop.png,1391,2a595edd02b92303f8046281a4bba0a4540044f063cc5329f1dfa651978f36ce,cell_crops
cell_crops,f7beb5f3-6865-497e-baf9-091b0e4e6ffe,relative_storage_key,cell-crops/25afdd28-85df-4a2a-9dab-2727ced6821b/f5668b77-a7c4-4ed2-aade-94bbf92900cf/08cd9b57-9a64-410c-8133-1dbdbf2e697c/a279b899-dcdc-4d86-ab8b-96348b867df4/crop.png,1397,442678b52447cdde2405064f7a06ca263deee7ed58c2781a760c46c751a5b634,cell_crops
cell_crops,f7ec4e1e-73b6-4452-b85d-e14accad38a5,relative_storage_key,cell-crops/d28e9146-5ad9-4df7-8af4-1b8901780c2b/f196b05e-1e21-41c5-8292-1c802004009a/6948fa72-3ff5-45bb-beb5-8ae3bba8b6d6/22fab281-afa7-49b9-9618-2de53a7923fc/crop.png,13647,9a5f01f45f002117f7c3179f0291028d13cddae17d806dc2c1f84b768cd90a6b,cell_crops
cell_crops,f814f3a9-7b7a-4dcf-b575-4e2c127f80cb,relative_storage_key,cell-crops/e109f86a-afaf-4c6b-8831-0fd7fc4fa7b2/2b113263-4ee7-4c87-a4d5-c689a43626bb/5b7cb03b-f0e6-42de-9aba-d4fb3757ad09/9cc4cb5f-0c24-42d3-9099-da6041c0cf57/crop.png,5850,7d6bedd893609d154bc9c7ffaea373779d9f35c4cab369e69fb5afae3b86a3e2,cell_crops
cell_crops,f81ad0de-56d6-4590-ba4b-396369293f45,relative_storage_key,cell-crops/c9a6b7af-881f-47da-980a-1a2c2b743a1c/03505d0f-434b-48ac-ae42-76750f4fbc1a/a0889d56-1430-4a7f-b67c-e21291ac9ed7/52d83fe6-b11c-4818-adcc-0d50b7733f7f/crop.png,21148,b1bb17468149acbeb1c1e26b8e9712f00a36d0e93320c2e185de376e8b6ed78e,cell_crops
cell_crops,f86e4fbb-e6d5-48f6-8e03-345ad6f559a9,relative_storage_key,cell-crops/bc8b8317-c17d-4b7a-b737-5e40120559e2/8c8e678b-a6c7-4b8c-b4c0-d34745f32fe3/25cb85d9-3b89-46ca-982a-f71517c971ee/6bfb9fc3-c16b-4807-82d3-741d6aa7a0b1/crop.png,4236,4310550e88377e2bb3e041b68dfd13360b6b036da7dbc88a4ab0a0ee01b97528,cell_crops
cell_crops,f871bb77-e2c1-4ac7-9913-18ad7c754e47,relative_storage_key,cell-crops/214fd936-3c74-4042-937a-3131ff495bdd/5e7bbe13-3cf2-4c2d-9022-31d242f15fb1/c6a30725-877a-4570-819a-de52a6bcb57d/3cfb09bd-fe09-4898-9632-3f35968c476b/crop.png,911,30e9ef84252f823dd9714a507bd78396d0f107fb24e04ca9fa02dc7d1da4d864,cell_crops
cell_crops,f8960bc5-65a4-4f79-acff-71419ffeac6c,relative_storage_key,cell-crops/93807208-985b-4d70-bb43-c7843db4141d/f4a29ede-288f-42ba-abf0-32395606ffc4/8d3b080d-2f56-4175-b76a-dc309555e9de/c94ae4ee-d3ca-4168-8397-74e97f073a28/crop.png,3623,4935ec2342c036245b85de0392ca7f0f9fcfd0e046c7653f96f1fd325963b6be,cell_crops
cell_crops,f8b1115d-7e75-475c-8570-bed509ba8456,relative_storage_key,cell-crops/5f35abbf-10da-4c5e-b4d7-0b2e59de51f2/99ac88d3-5c9f-4fc3-8d6a-abadae1ee80c/b0ad2c3c-3de1-4628-bf32-d60536a0da80/0fe8908a-bbf2-4d89-a02e-ca6c6d22cc74/crop.png,3774,f696b19445332edac8e89bf277b2813eb19a6dbc4930ec6da261744bd103d084,cell_crops
cell_crops,f945eae3-5fcb-4bf6-9769-1ab72dab2308,relative_storage_key,cell-crops/8b912699-0346-4eca-9a3f-992922f65702/c5ca90cc-e321-4501-82f3-a2e0ef0f51a7/51a1e5c5-fac7-4ab5-b6dd-bef48d583434/730e8103-f9d2-414a-b56f-ada7179d8a8c/crop.png,4079,28c7f707bf3a5c0d4fbf368fa2db33909a8022bb63b29d3006171287b7b6337f,cell_crops
cell_crops,f955b465-103e-4971-b963-1d0232c90cf1,relative_storage_key,cell-crops/7eba770f-f337-4ed5-b174-fb4c18baaae5/0074b7b4-1a21-4123-9fb0-7a7e78c65792/6a4c1def-59d7-4111-8a64-9cfb8e00ba8f/6a899da6-ed3e-4dce-a403-9309240f602e/crop.png,4323,b67f76bc510983fca35c94d8b2a91dac7c21bda6164879249f851eafbfd61724,cell_crops
cell_crops,f9780579-a18e-4628-92de-d48a5822d537,relative_storage_key,cell-crops/4e1ca921-c5c6-4d89-b035-2d7dd99040d5/b9f975b3-7cd8-4b9a-a2cc-1bd9a76d924c/dc6df3c3-f03e-4261-bd4c-a2df5e0f0d88/604204d2-00d3-45ae-ac14-6bfda369f664/crop.png,35228,2d3346e28db2cbbd73cca065355d08ba6b4e97ecb104f60ac671e8c5f0e70426,cell_crops
cell_crops,f9b66a35-1ac8-4f07-ab9e-adb0a1bbf945,relative_storage_key,cell-crops/8b912699-0346-4eca-9a3f-992922f65702/c5ca90cc-e321-4501-82f3-a2e0ef0f51a7/51a1e5c5-fac7-4ab5-b6dd-bef48d583434/5831e0ad-5195-4c06-96b6-0cf09523694b/crop.png,5068,eb0bf6f3ba42d3196cf5fd78825a67c3613c587d9a31da747570304c1e7e5465,cell_crops
cell_crops,f9c49757-90cf-4f36-b107-3a6d887378cc,relative_storage_key,cell-crops/6dede06e-ae61-4920-bb2c-935cde2a5ff5/60bd296d-21d5-4d22-99bc-a023cb410f35/88dc4c92-8367-4c4d-a59b-da86d01b8d82/0746971c-4a63-4f45-90bf-8d3d1ff814e8/crop.png,6139,ce4ce41ac469363d7638588eda13c15cbb461f2fb5393f90f187bdad38a6d2ec,cell_crops
cell_crops,f9ddb94b-7405-4a8d-9fd8-52c6cee983f7,relative_storage_key,cell-crops/ba5fc281-07c1-46ca-8091-0c13e6753aa4/d33fb4ff-3366-4fff-9806-8ab03314dbd1/18b27447-aed7-42fa-9142-4bab96366973/01f2c934-bd23-41dd-ae5a-bc44dd89862d/crop.png,4348,4b6a14179b58129508522320a65946f207392c7b998dc8759af7dcfc7eed4605,cell_crops
cell_crops,f9de74a4-30d6-4c6a-9005-58988d5efd9d,relative_storage_key,cell-crops/54e278de-2381-4a05-8faa-42bf761f6688/50b0884e-ddde-4252-be9d-058151c986c4/f4400105-33b9-4bc0-860b-010b1cf3d386/de511873-8c00-4833-b17c-90ad70499275/crop.png,1458,13cd6041d9681d12f8b3c00c8242d9941b5f2069d57f5cd6d19241d0b9ade281,cell_crops
cell_crops,f9ef6ced-0e3c-4e59-98f2-de79065cfebf,relative_storage_key,cell-crops/7ef7cff8-899e-428e-b89a-36803c0575b3/04bafb48-259f-4626-82fb-a3359ee3160b/00b8d663-89b1-4dfe-8f8f-9a01bca4688b/418afc54-ec17-4946-9cca-ad6b69ec9508/crop.png,7645,fa9adf8dfe61026c4f79259fef4763167c4cfe01938c4ea4ac7031fd66cb17ac,cell_crops
cell_crops,fa1d0d9f-3214-46e5-8730-1ab7931dcf0f,relative_storage_key,cell-crops/72906de0-83a0-4e98-940e-735fe5fb2363/c3c7a47a-b9d7-41c8-a8db-3269a23bca95/452e4d39-1e65-4a32-8a6a-e88382ac7aa6/3e1f32bb-a326-4fc5-953b-b23cfb64aa11/crop.png,5548,e326b72278b87c7a728a7abf280ceaa26d6ee6324a975be3c46a189ab83aa0fa,cell_crops
cell_crops,fa5d0db3-99a2-447e-b963-e477f9403a00,relative_storage_key,cell-crops/e11b10f7-d1c3-4d6a-9e69-a4b6bc1abc46/1db1a505-3eaf-456d-b123-7b9f8ee77762/339d62a6-0363-472b-b2e3-4a7befd2c42f/dc0c50e5-8581-455c-829b-fa79fa6d3681/crop.png,7304,f59196dfea1ab3cfb7dfb362a12ba0a0f0d7bae8e0d1d1156cbf2f4ae84f5f85,cell_crops
cell_crops,fa67167c-3983-4df0-ac6d-6d3d139da79c,relative_storage_key,cell-crops/d28e9146-5ad9-4df7-8af4-1b8901780c2b/f196b05e-1e21-41c5-8292-1c802004009a/6948fa72-3ff5-45bb-beb5-8ae3bba8b6d6/d3f11800-50db-474e-9b81-2471a677490f/crop.png,9168,d780948d2287aed02ffc5576042a873d5a62bd53493cb5bef1783db4fde712fb,cell_crops
cell_crops,fa6d217e-ba8e-4b86-9612-285c5a6713cd,relative_storage_key,cell-crops/52c4864d-1788-41db-a1d2-883ce7d83a58/490887fa-b3af-4136-85dc-8ae66e413acd/bf339bce-cffa-48e9-a044-4b9df2cc36b4/2ce29736-ad21-4c81-9d0f-5b0ec6300a08/crop.png,6043,62b1a83439dc307c40d82ff8abae59a97fe1b43fff3f93435b0b11e25b14a2b9,cell_crops
cell_crops,fa87fd7b-9329-4d98-9436-3e35eead4ebc,relative_storage_key,cell-crops/c6209893-144a-447d-a436-fe89fc140cee/f088ac8e-c214-474d-837d-53532f4ef947/43249c8b-9008-49c9-8246-2b24989143a2/2cc923c9-71e0-48fb-b233-c0d135524151/crop.png,3938,aba5b94c100a949b9b253376e8a40df0ae1888202067b7c6effc2368dfe8658c,cell_crops
cell_crops,fa880563-414e-483a-88e1-63331b497ee4,relative_storage_key,cell-crops/ae68a99c-11f7-457a-88f8-3cef9a144958/618af6de-bfab-495e-8634-e484d620ee21/650c7580-8b2e-4bc4-88e8-bf03c5bb423d/ac54e2d4-6346-4aa7-b426-d5281bf6723b/crop.png,1822,c7b251cc40b73570203f6b45fb4d2437f012322647d2a84875a696bfb9941849,cell_crops
cell_crops,fa9f2892-ec62-476a-84f9-e0249ca0b39a,relative_storage_key,cell-crops/bc8b8317-c17d-4b7a-b737-5e40120559e2/8c8e678b-a6c7-4b8c-b4c0-d34745f32fe3/25cb85d9-3b89-46ca-982a-f71517c971ee/11cc8e5e-30bb-4dd9-bdf1-1bd7aa06533d/crop.png,3968,96be048f8d6a06f7b101428982e8eb5e4ef037c1b4862857abdb2fa31704b1bd,cell_crops
cell_crops,fae565f2-b845-4daa-a0b9-b27a90b871f4,relative_storage_key,cell-crops/8b912699-0346-4eca-9a3f-992922f65702/c5ca90cc-e321-4501-82f3-a2e0ef0f51a7/51a1e5c5-fac7-4ab5-b6dd-bef48d583434/5738ebd7-17b4-475f-b87b-b5ee0839b85f/crop.png,3729,7b2cda6c46a3958cf19452172c535138be983a4bcda93b14b5d02d3b4c32470d,cell_crops
cell_crops,faf8b5ac-a661-448e-9f1d-0ea19067fe1e,relative_storage_key,cell-crops/211b65b9-8b1b-4bc9-bf8e-2572a00a3ecd/85d8a71e-e9ed-4062-a036-52e42dd89720/83b0bdb6-4441-49e8-b6a7-4de634e8d548/2a2a5af3-b6cf-445c-8b86-eb170f8e94e7/crop.png,9544,07bcb08efabb18f610e56b01a98e7a06edf4faa848e12ac0b982f01760fa867a,cell_crops
cell_crops,faffdea3-9ffa-4b86-973c-148a0e46d31d,relative_storage_key,cell-crops/ae68a99c-11f7-457a-88f8-3cef9a144958/618af6de-bfab-495e-8634-e484d620ee21/650c7580-8b2e-4bc4-88e8-bf03c5bb423d/016d32b0-d9fe-4fef-b45b-fdb17192b5bd/crop.png,5567,0298c2caf010f9370aaa9aebc8036c077005244a0015aae6631ca0552c3ce5be,cell_crops
cell_crops,fb17ab63-abef-4307-87a5-454cdf9f9ecb,relative_storage_key,cell-crops/6dede06e-ae61-4920-bb2c-935cde2a5ff5/60bd296d-21d5-4d22-99bc-a023cb410f35/88dc4c92-8367-4c4d-a59b-da86d01b8d82/47dc77a1-2b7d-41d3-bb12-fb83bc94cd92/crop.png,2528,777d070e803ac8707ffaa41c9fe7d2a5ca6bf09b5748715958774fd7840d8073,cell_crops
cell_crops,fb1db3c6-b552-41cd-934a-8c1b17bc650b,relative_storage_key,cell-crops/5ad2e702-acee-4f0a-9a01-8a2ba6b24733/1abc6f5a-ce2e-4d43-a7b2-9323cf7efa1c/13514ba4-7c6f-40a0-a6d6-573684da9510/fc664671-d85f-439c-98da-c3d327a78e14/crop.png,5642,ad3c36fd5461def280c472064cc4ffe4a64497623292d16701fb96c454415a4f,cell_crops
cell_crops,fb331476-b150-418c-9b63-02a6bcb285db,relative_storage_key,cell-crops/c9a6b7af-881f-47da-980a-1a2c2b743a1c/03505d0f-434b-48ac-ae42-76750f4fbc1a/a0889d56-1430-4a7f-b67c-e21291ac9ed7/8f377a04-a8d3-44dd-b227-ad62fc804958/crop.png,1540,0a118fdf9f8930291ed7975ce70c93dc040d6a82a5eec77e9f5f110155cc2f73,cell_crops
cell_crops,fb5f17ed-5f96-49a9-9cc4-3b9e88adf3af,relative_storage_key,cell-crops/c9a6b7af-881f-47da-980a-1a2c2b743a1c/03505d0f-434b-48ac-ae42-76750f4fbc1a/a0889d56-1430-4a7f-b67c-e21291ac9ed7/d3ce3dd1-d997-4af5-b740-59ca3d1846bf/crop.png,4109,5762f461ac1974b4eee33c35050398a7a772e52082bd8ecb7c2d83351f1c7c35,cell_crops
cell_crops,fb7377c2-ec44-4840-b29b-78952411306d,relative_storage_key,cell-crops/5f35abbf-10da-4c5e-b4d7-0b2e59de51f2/99ac88d3-5c9f-4fc3-8d6a-abadae1ee80c/b0ad2c3c-3de1-4628-bf32-d60536a0da80/9f031bae-3edd-4939-a336-714472e2048c/crop.png,3742,7825715a863c07148ac934ab37c017af98bc77e0dc06773d7dff98962a68a9e5,cell_crops
cell_crops,fb7b6313-48b6-42ee-9207-c7e6b0a69c30,relative_storage_key,cell-crops/7be00fe5-41da-48c5-b2c2-9618f0a7c517/3ebcfc6b-b6e3-40b6-939c-33977196460c/8fa36d4d-c412-435a-a109-923281f0f43d/a93107d3-6fd6-4634-8d78-4884c67d54d3/crop.png,3558,651a3a83fd44673164f062db374fcb38409ad2f5cedca10f8d092cf9fa49561a,cell_crops
cell_crops,fb81a432-84aa-4275-b9ec-b9a64e53d2cb,relative_storage_key,cell-crops/7ef7cff8-899e-428e-b89a-36803c0575b3/04bafb48-259f-4626-82fb-a3359ee3160b/26ddb17b-1b89-4301-8f40-011ccf0f40dc/cdc44a1d-2d76-4b34-be76-f9ea1c548b62/crop.png,10578,7e1e5d5a0a49b145a57a83867bb1341be0bc5850e3876c92edc61b45fb5371f2,cell_crops
cell_crops,fb99b0d4-ff97-4619-8282-c2ee07b6b989,relative_storage_key,cell-crops/7ef7cff8-899e-428e-b89a-36803c0575b3/04bafb48-259f-4626-82fb-a3359ee3160b/849d1772-b3d7-402e-82b3-2942cd77a889/92e14333-5bb8-4a99-9fff-2b8be98fe21f/crop.png,7168,60283f83f4940f5788c31d5f79c57fcad2314341f984c710af6fc039a92bc869,cell_crops
cell_crops,fbb862e4-e2a3-429b-a2e5-06cfaed60cbf,relative_storage_key,cell-crops/1c49c468-795c-45ed-98a4-e3670ddd5182/2f40a287-e0d5-4ab9-919e-a1ddfe57b9bd/2ac85463-e0b3-4c27-bb72-7ffdae1f53ab/232af190-cdbe-41dd-9874-b78241216424/crop.png,4065,acf031d6148dd7c1e686ca41912519d84cea6a9c1bccd81420c18e18fef2c79a,cell_crops
cell_crops,fbc19ed3-2fa9-4a17-9fc0-b07d73adf04f,relative_storage_key,cell-crops/7ef7cff8-899e-428e-b89a-36803c0575b3/04bafb48-259f-4626-82fb-a3359ee3160b/00b8d663-89b1-4dfe-8f8f-9a01bca4688b/f287ec12-aaf0-4bd0-b93d-32298578a721/crop.png,3921,690f0f144fabf71470b0f26c854344f8f30bd8a043bfa2624ceafb93c0003dd1,cell_crops
cell_crops,fc1a1941-bc80-4186-a95e-22edd0926361,relative_storage_key,cell-crops/54e278de-2381-4a05-8faa-42bf761f6688/50b0884e-ddde-4252-be9d-058151c986c4/f4400105-33b9-4bc0-860b-010b1cf3d386/19a44055-ca48-49e9-8baf-2c727b048893/crop.png,1640,1b432b438e9c795caf76ebe430ae14a3e223874f612ff83433771f9419ab64f3,cell_crops
cell_crops,fc22bf1a-7e80-4a20-aa23-490134d0fb84,relative_storage_key,cell-crops/211b65b9-8b1b-4bc9-bf8e-2572a00a3ecd/85d8a71e-e9ed-4062-a036-52e42dd89720/83b0bdb6-4441-49e8-b6a7-4de634e8d548/096f5e32-0826-4e3f-b001-076bf030eb8b/crop.png,1640,1b432b438e9c795caf76ebe430ae14a3e223874f612ff83433771f9419ab64f3,cell_crops
cell_crops,fc417503-b7cc-4fb9-a611-93e3aef9451c,relative_storage_key,cell-crops/c6209893-144a-447d-a436-fe89fc140cee/f088ac8e-c214-474d-837d-53532f4ef947/43249c8b-9008-49c9-8246-2b24989143a2/86981a0c-242c-4a03-9399-f9d41e7de21e/crop.png,4741,89cf3897d4f2f8cad8f0e1e02a80ebe33bb1da8155aedecf374eed66ede05caf,cell_crops
cell_crops,fc5513f7-dae2-4cf7-becd-3b307cb1342d,relative_storage_key,cell-crops/07c71166-93b3-415e-b764-6ca7344238f6/151ee7ee-b609-4e6b-985c-04af59a85470/9c45439d-fd87-46c3-944a-439ab92cbf89/400540a2-3bb0-4e12-a172-60c645aee0a4/crop.png,2783,399629fec73ca044417b108778737705ee5ab3d2f9ce495529d7e30ea4f8c779,cell_crops
cell_crops,fc6f5c0d-b381-44e5-b55a-19c6da2a3bbc,relative_storage_key,cell-crops/7fd7ef40-bc9c-40d1-9e62-62bf0850c6b3/f6e252a5-7924-4e5c-bc63-8b711db60ba0/8a0187a3-03f0-45bd-ac3c-6e47c7999f03/314ddaf6-b443-407d-ab20-5e74524b7ef0/crop.png,1568,f6bcbd61222c66e293d40731665990bce9b18beb2ced18de741e8efa7dd39786,cell_crops
cell_crops,fc90477c-76de-4d8f-95f5-1c5a64c4f6bd,relative_storage_key,cell-crops/7fd7ef40-bc9c-40d1-9e62-62bf0850c6b3/f6e252a5-7924-4e5c-bc63-8b711db60ba0/8a0187a3-03f0-45bd-ac3c-6e47c7999f03/4795ef22-8c5e-4ed1-98c3-6937b62d86bf/crop.png,1359,840709198d186901e59582c9a9e48086363287fc8abbbfad7a973d679be8d2bc,cell_crops
cell_crops,fc9e7f11-1399-409a-aa9d-f5771050b128,relative_storage_key,cell-crops/25afdd28-85df-4a2a-9dab-2727ced6821b/f5668b77-a7c4-4ed2-aade-94bbf92900cf/08cd9b57-9a64-410c-8133-1dbdbf2e697c/9d39f817-55b0-4aaf-b5be-62b0aceb1a19/crop.png,1281,99ef01f8b0694cef072bf8ed60aacde761869ad2f2f7746a4f4a3b85497b3119,cell_crops
cell_crops,fca24b36-bb86-4a99-bafb-cf4469220611,relative_storage_key,cell-crops/e11b10f7-d1c3-4d6a-9e69-a4b6bc1abc46/1db1a505-3eaf-456d-b123-7b9f8ee77762/339d62a6-0363-472b-b2e3-4a7befd2c42f/c6c98c0e-bf1d-4421-a1e6-d13831bc6543/crop.png,3779,ecfc39c0bef7921e014c9322510e4c201d5440f4d133fcdd6708a83d4b9829bf,cell_crops
cell_crops,fcc98d20-028d-4dac-ad27-f6e01fefedad,relative_storage_key,cell-crops/b0a5839c-3668-4411-b590-cc1d8fed470e/bf423fe1-2fc5-4662-9eda-ff1496c1bba9/c2a6cffd-18de-474e-ba04-2bf65b0f4f8c/4a9daad0-7df0-4d73-b998-d2f95c625406/crop.png,1336,ac8a9e31a54da749b216a2888e343220413636cb4556563d162cbe33917617e9,cell_crops
cell_crops,fcd47343-44fd-4c5e-8595-7692f8b9803e,relative_storage_key,cell-crops/4383bcb6-1595-4b3c-9c6f-ced12863a762/f6d15c09-591e-4808-aff5-02f7c8c4d239/25a1a8fb-90d3-4cfb-b43b-20ee3b4b7788/5de917fb-fe22-4211-a1fc-75a85dfa756c/crop.png,6716,8d3e50fc6c5a91494a7f42d801f1caaaab59f718573a20dc048c9af871c0b63e,cell_crops
cell_crops,fd91e738-a2f4-4b47-9615-d2d1f2d4acc8,relative_storage_key,cell-crops/7fd7ef40-bc9c-40d1-9e62-62bf0850c6b3/f6e252a5-7924-4e5c-bc63-8b711db60ba0/8a0187a3-03f0-45bd-ac3c-6e47c7999f03/5697dade-3cfa-45e7-9483-3fc4f651ee2c/crop.png,3376,deb6d47fd59cc0ab72629c1101ec1a4c512d600ae4e0d5f0ff18e37353fba9be,cell_crops
cell_crops,fd923ddd-1b85-45b5-8e73-0e5c035033cc,relative_storage_key,cell-crops/c9a6b7af-881f-47da-980a-1a2c2b743a1c/03505d0f-434b-48ac-ae42-76750f4fbc1a/a0889d56-1430-4a7f-b67c-e21291ac9ed7/38ceed28-212a-42ba-8e74-378bce45b125/crop.png,2559,8e5d3dd3a1172f2a9ee34dabd5bd6db666f3e990d57812ddf23436abf0ea022e,cell_crops
cell_crops,fdd25b00-e95e-4b0b-8dee-02d9f979148a,relative_storage_key,cell-crops/59a98cc0-24f4-424a-b208-3fe06063fa47/98626a4c-b3fc-464a-a4fe-90bc886c7647/c0a49ec0-99e0-4b2b-a9e4-1e2ec28655a0/18c0d62f-af32-4322-8a41-acb283689e66/crop.png,3365,6f9e1f4aa01ef40f927be1d965e275d4211b7f9adfd678502f1605b4bd9c0523,cell_crops
cell_crops,fde6604c-2581-419b-a2fa-e61f96f154f7,relative_storage_key,cell-crops/25afdd28-85df-4a2a-9dab-2727ced6821b/f5668b77-a7c4-4ed2-aade-94bbf92900cf/08cd9b57-9a64-410c-8133-1dbdbf2e697c/4681ff2d-d05b-47bd-bf6e-66c23ba9f735/crop.png,2017,60c9e46ccb6521d6845731c8c08cd2409bcc3a3002aabc99d44706db5b2cc7d2,cell_crops
cell_crops,fdf59072-1109-4d16-8bed-9316d1e52222,relative_storage_key,cell-crops/72906de0-83a0-4e98-940e-735fe5fb2363/c3c7a47a-b9d7-41c8-a8db-3269a23bca95/452e4d39-1e65-4a32-8a6a-e88382ac7aa6/f91eeac7-9d4e-484e-b559-91605cb7d564/crop.png,12013,a2b52899d88eba28d9bec56fd8c46be71317593664366ef1aca9d400704a69fa,cell_crops
cell_crops,fe01606f-65bf-4efe-9949-b962027ec0f4,relative_storage_key,cell-crops/7fd7ef40-bc9c-40d1-9e62-62bf0850c6b3/f6e252a5-7924-4e5c-bc63-8b711db60ba0/8a0187a3-03f0-45bd-ac3c-6e47c7999f03/ad7a8753-90be-4855-bbc2-a0fab35c0a0b/crop.png,2364,cba01f630bf2ebb0dab90a46279b0e66136b7187dbb9a5210060336ca0b12f66,cell_crops
cell_crops,fe184476-9451-4ef3-8503-1f997261dd1b,relative_storage_key,cell-crops/121a69bf-ba23-4014-892b-158b9c2b71a4/aa1323a6-7f80-4e1e-819a-ec182f045f3d/97fb12a0-df7f-455f-8e13-e0383ad3934d/ce09b3df-ecb7-466b-988c-bcd6263f0e5f/crop.png,13351,a83bf94cfaba0e61c8cb043bd05e6f6c4dcc4188c5adfaa4bb3509288e2726ea,cell_crops
cell_crops,fe219ade-b117-4fa8-9f5f-a7625277c181,relative_storage_key,cell-crops/9696ad8c-6c01-439f-afa5-29d7f5234348/c6ffc450-182b-4d59-bf0d-1090bd076903/dd3b1716-0bb9-4523-9fa9-61bc274925d8/2237466e-37cf-4e50-bcf4-5e4aea0da1eb/crop.png,10927,206b3ecd1845b1581aedf160741bd558d292d7676a9f3e0d31fa35741b5f786f,cell_crops
cell_crops,fe26539d-7b4d-4694-920d-0cde5f4aea9f,relative_storage_key,cell-crops/52c4864d-1788-41db-a1d2-883ce7d83a58/490887fa-b3af-4136-85dc-8ae66e413acd/bf339bce-cffa-48e9-a044-4b9df2cc36b4/e2f5f36a-74a6-4320-9c93-ada7e326b46d/crop.png,1359,840709198d186901e59582c9a9e48086363287fc8abbbfad7a973d679be8d2bc,cell_crops
cell_crops,fe2b2633-fa80-46e0-b258-1aede5ab9a00,relative_storage_key,cell-crops/b0a5839c-3668-4411-b590-cc1d8fed470e/bf423fe1-2fc5-4662-9eda-ff1496c1bba9/c2a6cffd-18de-474e-ba04-2bf65b0f4f8c/8ee514e2-6fce-498c-a8a1-2a1755a43d14/crop.png,5101,87cfa0b8b1d0a75e75f98109d2a6cb5a64676484fca05b394c6a8272ee72ef11,cell_crops
cell_crops,fe61a7d9-82a9-438b-b3bb-331738c502bb,relative_storage_key,cell-crops/6dede06e-ae61-4920-bb2c-935cde2a5ff5/60bd296d-21d5-4d22-99bc-a023cb410f35/88dc4c92-8367-4c4d-a59b-da86d01b8d82/2d0e78c3-7f74-4895-96a5-4b9f61294a8d/crop.png,7929,a9e47fe621fd783f185fd0a574463d375b072da88abd7d105cbf9be3e57167d0,cell_crops
cell_crops,fe8b0039-5911-467f-b31e-14208dfb2a5d,relative_storage_key,cell-crops/72906de0-83a0-4e98-940e-735fe5fb2363/c3c7a47a-b9d7-41c8-a8db-3269a23bca95/452e4d39-1e65-4a32-8a6a-e88382ac7aa6/3367b53e-d1d4-4bae-bedb-f450e19afced/crop.png,4283,c54a03dbb009388d784b77030788c92fd1eaf283024cc9bf189330eb5e554017,cell_crops
cell_crops,fe8ff229-e401-45bc-ba2c-cd08d879afe9,relative_storage_key,cell-crops/b0a5839c-3668-4411-b590-cc1d8fed470e/bf423fe1-2fc5-4662-9eda-ff1496c1bba9/c2a6cffd-18de-474e-ba04-2bf65b0f4f8c/643fb3d7-ee90-460a-9c78-e290561533d7/crop.png,3003,64976b9233ec69fc256477df4574ee49acfa78cfc17a13f295dab0546135845b,cell_crops
cell_crops,fef8d2d9-92c2-4473-b9fb-dd221611403e,relative_storage_key,cell-crops/07c71166-93b3-415e-b764-6ca7344238f6/151ee7ee-b609-4e6b-985c-04af59a85470/9c45439d-fd87-46c3-944a-439ab92cbf89/a88337cd-977c-4da3-944f-5fa093de852a/crop.png,3436,5f11859fbc637ab2d1800d70be5898c11fbb4eed18a470ff046971ff1173f66f,cell_crops
cell_crops,ff22303a-a629-4cd0-9b5a-1dbc438a5cb3,relative_storage_key,cell-crops/7a11c0f4-a9d7-4446-a5f2-437ffc334a6c/0ff18f89-6fbd-4755-8e89-15227de46f41/3dca4192-f767-48f3-a7e8-59e22d9db3f9/7485aee5-5109-4993-81ad-feb2bc86b5d6/crop.png,4054,5c9d47d9e26b5753e227546c518ea7e5d58b8faa3314e23104e489e4f437478c,cell_crops
cell_crops,ff4b9982-758f-46c3-8b9d-c316847202a9,relative_storage_key,cell-crops/54e278de-2381-4a05-8faa-42bf761f6688/50b0884e-ddde-4252-be9d-058151c986c4/f4400105-33b9-4bc0-860b-010b1cf3d386/ac305fbe-428a-4cb9-bf74-fb2f0d000518/crop.png,11722,73de0f725b6de19a527f12e0421b41251badc7b0be063cf8272b1ad004873558,cell_crops
cell_crops,ff4e4fb0-9d3a-48bd-ab1a-e3b19e26e6a9,relative_storage_key,cell-crops/c9a6b7af-881f-47da-980a-1a2c2b743a1c/03505d0f-434b-48ac-ae42-76750f4fbc1a/a0889d56-1430-4a7f-b67c-e21291ac9ed7/6a38cc70-69cf-44f6-9bd6-dc70fe75c90f/crop.png,3826,a590ac9faf0f596e349384101577036a2a8fb9bfdc15287e084252a2ac89ddeb,cell_crops
cell_crops,ff4fe6eb-9533-430c-8ddc-452a05f277e4,relative_storage_key,cell-crops/3a9a3ddd-a6fb-43b7-98e8-82fe65649b10/69a3938d-51bb-45d7-928d-1b35d46634bb/ea56489d-de29-4bcd-bf1e-16e83feedee6/fa40f82f-45ac-4690-9eef-2234227f3adf/crop.png,4343,470b8688e1de802a3d11494e0010d8cc66101db7f64a59a1527959745f13b671,cell_crops
cell_crops,ff74b691-9e2b-41e3-8ea4-9bc14fe284e5,relative_storage_key,cell-crops/5f35abbf-10da-4c5e-b4d7-0b2e59de51f2/99ac88d3-5c9f-4fc3-8d6a-abadae1ee80c/b0ad2c3c-3de1-4628-bf32-d60536a0da80/18a44a42-a56d-4e31-82e4-58f432ade4b6/crop.png,3147,68bbd1840f563f14ece346ac4a7bc28366bc8174a24552cc83147a11b87713fa,cell_crops
cell_crops,ff7aae4e-c363-4bbd-b0af-feadbeb7d8a7,relative_storage_key,cell-crops/8122e340-548f-40df-9dd4-ed43859605ff/ed18ce4e-6fb0-4f1f-b313-c9d76617210c/8cb2cae1-c3e1-487c-a274-4385f339dded/e4674c39-c4db-4122-b243-21a7d71a52f4/crop.png,3445,a830f655c340f9c5ff02621023b00310cbdad907be491b8ab7baa2f006a60eec,cell_crops
cell_crops,ff7c0754-47fd-4faf-bb65-e093e27e276c,relative_storage_key,cell-crops/c9a6b7af-881f-47da-980a-1a2c2b743a1c/03505d0f-434b-48ac-ae42-76750f4fbc1a/a0889d56-1430-4a7f-b67c-e21291ac9ed7/4419dcd2-f383-4ed7-a1e4-f663aeb5285c/crop.png,2989,9e8b719b9631bcf375389aa725662916f4e94facfdf4ff921393de7c10a97c31,cell_crops
cell_crops,ffa9e851-07ea-4f79-9cfe-f8d25a5a93ea,relative_storage_key,cell-crops/e11b10f7-d1c3-4d6a-9e69-a4b6bc1abc46/1db1a505-3eaf-456d-b123-7b9f8ee77762/339d62a6-0363-472b-b2e3-4a7befd2c42f/4ce39abf-688a-41c9-a1b9-60c2333aafd3/crop.png,1565,d934a1405a6da1b833f2256a3281daad176fe0bab0706486d8c26945da9de3d7,cell_crops
cell_crops,ffb6341d-d8ee-4563-ad0a-08dbd0fb08f9,relative_storage_key,cell-crops/ae68a99c-11f7-457a-88f8-3cef9a144958/618af6de-bfab-495e-8634-e484d620ee21/650c7580-8b2e-4bc4-88e8-bf03c5bb423d/54abd24d-801e-4e30-9743-8594502bcfa7/crop.png,1306,6a8b6ba0b6c050e4ac148c49dce93919a10bc39fcf4c7167bda7952a81a0d60f,cell_crops
cell_crops,ffc58593-41a2-443b-b870-143f722b0952,relative_storage_key,cell-crops/ba5fc281-07c1-46ca-8091-0c13e6753aa4/d33fb4ff-3366-4fff-9806-8ab03314dbd1/18b27447-aed7-42fa-9142-4bab96366973/c54c4889-d53f-4c0c-9cf8-fb7980adb716/crop.png,3584,3dfe1cf0f496655b8461fdf053b7dff2edbdda53e3579c56b131fdf3ed0fbf88,cell_crops
cell_crops,ffd9c969-d77d-4de0-b6be-caebb241906e,relative_storage_key,cell-crops/4e1ca921-c5c6-4d89-b035-2d7dd99040d5/b9f975b3-7cd8-4b9a-a2cc-1bd9a76d924c/dc6df3c3-f03e-4261-bd4c-a2df5e0f0d88/4a7d1132-d32d-4648-8736-03533452aa4c/crop.png,1306,6a8b6ba0b6c050e4ac148c49dce93919a10bc39fcf4c7167bda7952a81a0d60f,cell_crops
cell_crops,fffa019d-70ee-48c2-80ba-02725dab5fe9,relative_storage_key,cell-crops/7fd7ef40-bc9c-40d1-9e62-62bf0850c6b3/f6e252a5-7924-4e5c-bc63-8b711db60ba0/8a0187a3-03f0-45bd-ac3c-6e47c7999f03/4e943495-baa6-4120-8e97-6eefa68476da/crop.png,2580,bb544d1da35fb955a21ee9a3671b64c22df45b90237d4c6fc45b308601fdea4b,cell_crops
cell_explanations,039cf5da-7fd2-454b-92c8-46568096422d,heatmap_storage_key,cell-explanations/39265da0-dd1a-4f17-89aa-1e661f9c473f/973db4f9-663a-4276-a7e7-b890bd6d0640/8a433bb2-90f4-4c3d-8f40-3069e180242d/gradcam_heatmap.png,10471,b112111e9e894b53841b708184b98a586566f0ca3b2120abff5aed52ffa0dfaa,cell_explanations
cell_explanations,039cf5da-7fd2-454b-92c8-46568096422d,overlay_storage_key,cell-explanations/39265da0-dd1a-4f17-89aa-1e661f9c473f/973db4f9-663a-4276-a7e7-b890bd6d0640/8a433bb2-90f4-4c3d-8f40-3069e180242d/gradcam_overlay.png,45664,f39228b6e187572d353684606acf6af07a42d297acca00a4cd74eff35e47c349,cell_explanations
cell_explanations,0faf3b28-a1ce-420d-bf57-1fa0bbd19546,heatmap_storage_key,cell-explanations/39265da0-dd1a-4f17-89aa-1e661f9c473f/973db4f9-663a-4276-a7e7-b890bd6d0640/64266c5d-1547-4e5c-9b38-e7f1dac8e41c/gradcam_heatmap.png,7844,f37caa66bd4e1404f1d9c906dacce24e6e02a842287207a275292e9a4902b036,cell_explanations
cell_explanations,0faf3b28-a1ce-420d-bf57-1fa0bbd19546,overlay_storage_key,cell-explanations/39265da0-dd1a-4f17-89aa-1e661f9c473f/973db4f9-663a-4276-a7e7-b890bd6d0640/64266c5d-1547-4e5c-9b38-e7f1dac8e41c/gradcam_overlay.png,34976,245a8bc818d02a4770cac294383a89ce8db173ea57aef2a7e097c9a0392d6fa1,cell_explanations
cell_explanations,12752105-8b5a-4e03-b754-b3d5d9cbdb69,heatmap_storage_key,cell-explanations/39265da0-dd1a-4f17-89aa-1e661f9c473f/973db4f9-663a-4276-a7e7-b890bd6d0640/2db86664-e6ae-4fc5-8d8e-492058ade29b/gradcam_heatmap.png,10657,5556a03e6c3e5c15079c738302b529e985632228ec0752fc89e3b94ba5075b5c,cell_explanations
cell_explanations,12752105-8b5a-4e03-b754-b3d5d9cbdb69,overlay_storage_key,cell-explanations/39265da0-dd1a-4f17-89aa-1e661f9c473f/973db4f9-663a-4276-a7e7-b890bd6d0640/2db86664-e6ae-4fc5-8d8e-492058ade29b/gradcam_overlay.png,42992,0f448345b80bbd4fa78c8c8662b8d058462dd4d506980273a393ee26972439d7,cell_explanations
cell_explanations,1b6bfcbe-baa5-4d5a-b735-a2d5c9f3a72e,heatmap_storage_key,cell-explanations/ae68a99c-11f7-457a-88f8-3cef9a144958/827ca552-01cd-4de1-b053-76481d951da4/b44d5a75-10c6-4139-8383-b1c87a514006/gradcam_heatmap.png,9690,d65b55038b5f143f9bf3bf5748906e3fdcf2d48a3f4916a7078a8119e307584a,cell_explanations
cell_explanations,1b6bfcbe-baa5-4d5a-b735-a2d5c9f3a72e,overlay_storage_key,cell-explanations/ae68a99c-11f7-457a-88f8-3cef9a144958/827ca552-01cd-4de1-b053-76481d951da4/b44d5a75-10c6-4139-8383-b1c87a514006/gradcam_overlay.png,38752,a1280feb9cf1e4f6ed6f66d152a5b2ddf3bbfc4b10aed3fd65f33c1948c27d8e,cell_explanations
cell_explanations,2714b17d-385f-4144-9d1f-e89c7a5313d9,heatmap_storage_key,cell-explanations/39265da0-dd1a-4f17-89aa-1e661f9c473f/973db4f9-663a-4276-a7e7-b890bd6d0640/3b1a447a-1dea-4067-bb15-ad0bb370a2da/gradcam_heatmap.png,5433,e57a26eb712608c0831310b88d6d2a593a5a37e0347edef8b652503062206460,cell_explanations
cell_explanations,2714b17d-385f-4144-9d1f-e89c7a5313d9,overlay_storage_key,cell-explanations/39265da0-dd1a-4f17-89aa-1e661f9c473f/973db4f9-663a-4276-a7e7-b890bd6d0640/3b1a447a-1dea-4067-bb15-ad0bb370a2da/gradcam_overlay.png,34852,0949bce07cde16248058d155d17e2571fdabb566f665c2aefca9089dd5743ab1,cell_explanations
cell_explanations,28cdf279-a09f-4553-80b8-b34f21c66d20,heatmap_storage_key,cell-explanations/39265da0-dd1a-4f17-89aa-1e661f9c473f/973db4f9-663a-4276-a7e7-b890bd6d0640/87a35987-21ae-453f-897c-f4ffd83e26d5/gradcam_heatmap.png,9481,2ccd16d8525f78d093f9b4ab41e6745dba35e3ff8d695e24290dcd2d65d586f9,cell_explanations
cell_explanations,28cdf279-a09f-4553-80b8-b34f21c66d20,overlay_storage_key,cell-explanations/39265da0-dd1a-4f17-89aa-1e661f9c473f/973db4f9-663a-4276-a7e7-b890bd6d0640/87a35987-21ae-453f-897c-f4ffd83e26d5/gradcam_overlay.png,38999,5d7975a849cb3f668da07f87f72815a9a3fa0e2cd4ed6b309afb07c42b71a9a5,cell_explanations
cell_explanations,35e6f570-ba91-4b48-9845-dd81f1b2d78f,heatmap_storage_key,cell-explanations/ae68a99c-11f7-457a-88f8-3cef9a144958/827ca552-01cd-4de1-b053-76481d951da4/1f3e50ad-f520-4b17-9c08-63e1c5d15b2f/gradcam_heatmap.png,9416,151442d0457b3524e95ad99ba57dd675cb585d8088bdff5304fb453ebd452c7f,cell_explanations
cell_explanations,35e6f570-ba91-4b48-9845-dd81f1b2d78f,overlay_storage_key,cell-explanations/ae68a99c-11f7-457a-88f8-3cef9a144958/827ca552-01cd-4de1-b053-76481d951da4/1f3e50ad-f520-4b17-9c08-63e1c5d15b2f/gradcam_overlay.png,36598,ce183c2fc95a7d46eacdd0bca40509059dc83f2b191c4ef811e176e6762e1cb6,cell_explanations
cell_explanations,3e7be3e1-1b84-4637-93d3-6091b3b4c021,heatmap_storage_key,cell-explanations/1c49c468-795c-45ed-98a4-e3670ddd5182/d2055c79-26a2-4105-809d-82254e016cf1/751ec159-520c-4321-97b6-60849442bb4a/gradcam_heatmap.png,1653,59ed0ea28ab7a4a483a60b78ccfb9c63d0c3b5b94ad99365d4eaea6ab418837d,cell_explanations
cell_explanations,3e7be3e1-1b84-4637-93d3-6091b3b4c021,overlay_storage_key,cell-explanations/1c49c468-795c-45ed-98a4-e3670ddd5182/d2055c79-26a2-4105-809d-82254e016cf1/751ec159-520c-4321-97b6-60849442bb4a/gradcam_overlay.png,30310,03c8482efdb395317813a1c753a465f044837ae021c12cc71f85d90112699f4c,cell_explanations
cell_explanations,69f5560f-d288-480d-9853-92c0b9fa864f,heatmap_storage_key,cell-explanations/214fd936-3c74-4042-937a-3131ff495bdd/1361f54c-2c8c-4f3c-85d7-0f5c373b8cae/da668de5-b248-4d9b-92c5-165554961c85/gradcam_heatmap.png,11386,92a59851bdbe5fc5dcfeb0e76234ac37bc4f81a50d28ac30defc99bada7946d9,cell_explanations
cell_explanations,69f5560f-d288-480d-9853-92c0b9fa864f,overlay_storage_key,cell-explanations/214fd936-3c74-4042-937a-3131ff495bdd/1361f54c-2c8c-4f3c-85d7-0f5c373b8cae/da668de5-b248-4d9b-92c5-165554961c85/gradcam_overlay.png,44482,522eb9b2bcfdd20d15733e89d3ea9ed783807ecdf971a030983aba5966cb05ec,cell_explanations
cell_explanations,8e430048-66b4-4c1f-a51e-d492241be5cc,heatmap_storage_key,cell-explanations/39265da0-dd1a-4f17-89aa-1e661f9c473f/973db4f9-663a-4276-a7e7-b890bd6d0640/99ccdf66-951d-40f1-b177-02c9a2780bd0/gradcam_heatmap.png,6190,1fa36caa56c3fb530b67bc17b03e4b0af59168a433d384671ba95107e44ddd5e,cell_explanations
cell_explanations,8e430048-66b4-4c1f-a51e-d492241be5cc,overlay_storage_key,cell-explanations/39265da0-dd1a-4f17-89aa-1e661f9c473f/973db4f9-663a-4276-a7e7-b890bd6d0640/99ccdf66-951d-40f1-b177-02c9a2780bd0/gradcam_overlay.png,37053,de8c474fee1a046c38828dc8e86cb385c62459c15532c292fdc75692fbe15052,cell_explanations
cell_explanations,a327f553-b03c-47b3-92ac-efc6257e4c5f,heatmap_storage_key,cell-explanations/7eba770f-f337-4ed5-b174-fb4c18baaae5/3735f632-8998-43e9-9c12-4b43cd139734/57154395-fcd7-4e75-8f31-2029c81f9a1f/gradcam_heatmap.png,8755,1da892f813cb9604df7e9a0279f0048597601d3deb782f72245c10402c4a4337,cell_explanations
cell_explanations,a327f553-b03c-47b3-92ac-efc6257e4c5f,overlay_storage_key,cell-explanations/7eba770f-f337-4ed5-b174-fb4c18baaae5/3735f632-8998-43e9-9c12-4b43cd139734/57154395-fcd7-4e75-8f31-2029c81f9a1f/gradcam_overlay.png,41848,e5e0b893bd387229fa680bdece04cb823932ade5ea104ca6973f021808e69a2c,cell_explanations
cell_explanations,ada71c7c-dc04-47dc-ac4a-6f27ab98c588,heatmap_storage_key,cell-explanations/39265da0-dd1a-4f17-89aa-1e661f9c473f/973db4f9-663a-4276-a7e7-b890bd6d0640/25339ff6-2696-4445-9472-ca823005e0bc/gradcam_heatmap.png,11205,afb9aff6047ea33425faee000e0b369cd34e316f6d25dd40911ffeabc0397085,cell_explanations
cell_explanations,ada71c7c-dc04-47dc-ac4a-6f27ab98c588,overlay_storage_key,cell-explanations/39265da0-dd1a-4f17-89aa-1e661f9c473f/973db4f9-663a-4276-a7e7-b890bd6d0640/25339ff6-2696-4445-9472-ca823005e0bc/gradcam_overlay.png,44223,92ed68ac042f641900a38b196f970afe59327ac6469564fdf8a3e505806d3c4c,cell_explanations
cell_explanations,ee7c2314-f17f-430e-8d92-90e4b13ec379,heatmap_storage_key,cell-explanations/1c49de91-f3ba-4794-8cbd-62bc966049c5/f65d72af-d0e9-4219-886a-20238d512871/d2b713e3-3124-4d27-8581-c812695e32d0/gradcam_heatmap.png,11148,3dc7c3ad3617702c47acb68fb75afda0c441fa5ac9c55d59c4fff1056d72f80d,cell_explanations
cell_explanations,ee7c2314-f17f-430e-8d92-90e4b13ec379,overlay_storage_key,cell-explanations/1c49de91-f3ba-4794-8cbd-62bc966049c5/f65d72af-d0e9-4219-886a-20238d512871/d2b713e3-3124-4d27-8581-c812695e32d0/gradcam_overlay.png,48738,d7e7b3dc1988a99d4abae1fe3c28bf255660cbdf2735526b7ed135add1f8a64a,cell_explanations
microscopy_images,00b8d663-89b1-4dfe-8f8f-9a01bca4688b,storage_key,microscopy-images/3a8def69-f55b-4054-831a-2f3b81b82c15/84a444ce-c2f9-4b9c-ad0d-edaeabd76e13/c5c2115f-3c44-422a-809b-77b912019d41/00b8d663-89b1-4dfe-8f8f-9a01bca4688b/d9484b85bf13ca70ea209e981a47c6b0e0af81864e02901a6cdbb99f4c42b4fe.jpg,100859,d9484b85bf13ca70ea209e981a47c6b0e0af81864e02901a6cdbb99f4c42b4fe,microscopy_images
microscopy_images,08cd9b57-9a64-410c-8133-1dbdbf2e697c,storage_key,microscopy-images/d057a1c4-acf7-4f7b-9b9f-82cf50d24f95/6c10a271-57aa-4380-92a9-ae5ad36adb09/4398a457-440c-4566-ab8f-7f4a6dcc42f7/08cd9b57-9a64-410c-8133-1dbdbf2e697c/8b079ec16c78ca40084f99579a7cc37ca90dcbb30bbcc6c1b0e4013b3df76117.jpg,129721,8b079ec16c78ca40084f99579a7cc37ca90dcbb30bbcc6c1b0e4013b3df76117,microscopy_images
microscopy_images,0c7ee510-e240-4b6f-b8bc-352c4dd9aa20,storage_key,microscopy-images/e46bb305-69d7-4321-83f2-431e555bb514/16cb778c-0de5-4d9c-ba91-b4763cd41212/72f91437-50e0-4750-b3ba-b6e10e706ad9/0c7ee510-e240-4b6f-b8bc-352c4dd9aa20/529d41fb93ee2cbc414da0914492f5f22ecc6a07c753e2c6e1507f5bae937005.jpg,100340,529d41fb93ee2cbc414da0914492f5f22ecc6a07c753e2c6e1507f5bae937005,microscopy_images
microscopy_images,0e4a5959-1260-4b9c-aa5a-b6c5b860f7a9,storage_key,microscopy-images/c4568df7-cccc-4569-826d-772a5c5c0f7b/77d4f061-fecf-4b7b-8ab7-068ccb8ba77d/1aa898be-ec2d-4004-8ef7-7d5f24fbf174/0e4a5959-1260-4b9c-aa5a-b6c5b860f7a9/a5b90e1822f27572f11f4d9920d61dc376ae1f9c1f7be23bba95fd6b5763f326.png,45607,a5b90e1822f27572f11f4d9920d61dc376ae1f9c1f7be23bba95fd6b5763f326,microscopy_images
microscopy_images,13514ba4-7c6f-40a0-a6d6-573684da9510,storage_key,microscopy-images/ae174ed6-b058-4867-9d58-ae6d2b9d0f33/828d2ca5-14a8-4031-844f-82e04f76c6d6/e4b5051f-cb50-4de5-a1d8-053c2c06e69b/13514ba4-7c6f-40a0-a6d6-573684da9510/fb69cf5af4276b0e7436a8b2059c638d85af53ea1deafc0f0e8f5bbfaf347f3e.jpg,99433,fb69cf5af4276b0e7436a8b2059c638d85af53ea1deafc0f0e8f5bbfaf347f3e,microscopy_images
microscopy_images,18b27447-aed7-42fa-9142-4bab96366973,storage_key,microscopy-images/3b27897d-8d4d-4607-90c6-8abc1246c834/74c9ed83-becb-4b44-88de-28c2c3d27f22/ba84f393-bea4-4675-8ab2-eb832cf6fa66/18b27447-aed7-42fa-9142-4bab96366973/b209d3ba9ceb9cc257f10691e791f06841bebebbf3608fe383933726fd2caf2a.jpg,106323,b209d3ba9ceb9cc257f10691e791f06841bebebbf3608fe383933726fd2caf2a,microscopy_images
microscopy_images,195bafe6-f5d3-4155-8e36-a48b6d4b88bd,storage_key,microscopy-images/68573eed-06aa-45e7-b258-c34d83507fb3/7789e7a0-60b5-427d-85e1-15d3bc042ddc/3c3d54e9-f5f7-442d-b752-5d3491736823/195bafe6-f5d3-4155-8e36-a48b6d4b88bd/d2b3ad69110a9f2d69b3e00aba11747a3607cceef3c1fde7ad712c668524f6cf.jpg,386990,d2b3ad69110a9f2d69b3e00aba11747a3607cceef3c1fde7ad712c668524f6cf,microscopy_images
microscopy_images,25a1a8fb-90d3-4cfb-b43b-20ee3b4b7788,storage_key,microscopy-images/6533b8b6-cb47-4a3d-ae7a-0aced7c8624f/2915e130-b693-4952-b438-5a6f91cc5e8d/46b118a9-ea3b-42b4-87c0-e04eec821d4c/25a1a8fb-90d3-4cfb-b43b-20ee3b4b7788/fc1b62a04e191906834e12a1294366f374cdb408cefba0387d533c3d1cedeb75.jpg,110641,fc1b62a04e191906834e12a1294366f374cdb408cefba0387d533c3d1cedeb75,microscopy_images
microscopy_images,25cb85d9-3b89-46ca-982a-f71517c971ee,storage_key,microscopy-images/b206c606-7225-4a74-b884-afee9cae0ce6/ff93f69e-94e7-4a18-9760-513332ee357a/05db0b4e-39ed-48e9-824c-7397fc6869b2/25cb85d9-3b89-46ca-982a-f71517c971ee/1cc7b2599bc1d18a106683de2de2badff70af18116db21839b02402f4ee87bfc.jpg,109183,1cc7b2599bc1d18a106683de2de2badff70af18116db21839b02402f4ee87bfc,microscopy_images
microscopy_images,26ddb17b-1b89-4301-8f40-011ccf0f40dc,storage_key,microscopy-images/3a8def69-f55b-4054-831a-2f3b81b82c15/84a444ce-c2f9-4b9c-ad0d-edaeabd76e13/c5c2115f-3c44-422a-809b-77b912019d41/26ddb17b-1b89-4301-8f40-011ccf0f40dc/b316fe9e7b442b15a30d1aae96f575552dfc92aee8479d3295fb06bb39216414.jpg,109693,b316fe9e7b442b15a30d1aae96f575552dfc92aee8479d3295fb06bb39216414,microscopy_images
microscopy_images,2ac85463-e0b3-4c27-bb72-7ffdae1f53ab,storage_key,microscopy-images/db1c80a9-3ee7-4fef-93a6-93e2e2e23db9/e65d1155-e75c-4bb0-ba68-6799e992edd9/19bc8235-612c-478f-b38c-7fd8295caf0c/2ac85463-e0b3-4c27-bb72-7ffdae1f53ab/fb69cf5af4276b0e7436a8b2059c638d85af53ea1deafc0f0e8f5bbfaf347f3e.jpg,99433,fb69cf5af4276b0e7436a8b2059c638d85af53ea1deafc0f0e8f5bbfaf347f3e,microscopy_images
microscopy_images,339d62a6-0363-472b-b2e3-4a7befd2c42f,storage_key,microscopy-images/91ecd333-2dd6-459e-8b46-261748458e93/a1f9093a-119d-4501-9903-e35c5637c80d/ac4d3d93-2acc-43f9-894b-d1b1f3a7e341/339d62a6-0363-472b-b2e3-4a7befd2c42f/f03376009ac2b40a5addcb98d7da2922978e98ce7c21baf36082e9833171ebe6.jpg,136456,f03376009ac2b40a5addcb98d7da2922978e98ce7c21baf36082e9833171ebe6,microscopy_images
microscopy_images,34070251-bc08-40a2-b33a-35ad175a7189,storage_key,microscopy-images/b9ce401e-e2d3-450f-b1ee-2dcaa5cc61a6/dc40af54-5b40-4a3a-ac87-2e7f4c6cc3cf/a7eed718-b155-4f5e-8c8e-f396b18d9adb/34070251-bc08-40a2-b33a-35ad175a7189/5127ffcc2ec0d03665863c3109f87c7a689d42301bbf7368b6ef24d2f1ae6729.jpg,107246,5127ffcc2ec0d03665863c3109f87c7a689d42301bbf7368b6ef24d2f1ae6729,microscopy_images
microscopy_images,341ae166-7910-427a-94aa-721eac5cb386,storage_key,microscopy-images/6949a1c4-f73a-4477-8298-1a87bf171ff1/1313ca91-49ef-41fd-a115-c416c9e9b150/cb1d48da-4f45-4f09-8b79-56e91b763bc4/341ae166-7910-427a-94aa-721eac5cb386/54f75174551fe2e9d4e4248bcf9d78dbf3cf1afa2c853360d29d221348db8b30.jpg,489144,54f75174551fe2e9d4e4248bcf9d78dbf3cf1afa2c853360d29d221348db8b30,microscopy_images
microscopy_images,3dca4192-f767-48f3-a7e8-59e22d9db3f9,storage_key,microscopy-images/807738ce-3212-4f67-ba04-b9d8b4f5426f/bddffa84-fc73-4401-9a46-c2d780798e7e/52e0a10d-bc36-4c90-8504-9e71f3a84924/3dca4192-f767-48f3-a7e8-59e22d9db3f9/68d2ff884452261e91b696147e5e6a6ca95869ce164c3c73e217440dd4dbbe3e.jpg,106597,68d2ff884452261e91b696147e5e6a6ca95869ce164c3c73e217440dd4dbbe3e,microscopy_images
microscopy_images,43249c8b-9008-49c9-8246-2b24989143a2,storage_key,microscopy-images/cb3d1329-1c82-4679-8034-2f1e3757a3aa/da0451ca-b970-4d67-afda-ab34abffa082/0430aabc-951c-43b1-a141-37c18061633c/43249c8b-9008-49c9-8246-2b24989143a2/5f4215f1b060d1bd67a2088bf96216e5793ee06f61b6704ff6abb0ff767b3dd8.jpg,101547,5f4215f1b060d1bd67a2088bf96216e5793ee06f61b6704ff6abb0ff767b3dd8,microscopy_images
microscopy_images,452e4d39-1e65-4a32-8a6a-e88382ac7aa6,storage_key,microscopy-images/ea8802b6-5769-4923-a8a7-04cefdf8d81c/0862ad3c-e6fa-4d06-85da-1eb58423326a/51efb908-e341-41ad-8cd6-a32871e03015/452e4d39-1e65-4a32-8a6a-e88382ac7aa6/fb69cf5af4276b0e7436a8b2059c638d85af53ea1deafc0f0e8f5bbfaf347f3e.jpg,99433,fb69cf5af4276b0e7436a8b2059c638d85af53ea1deafc0f0e8f5bbfaf347f3e,microscopy_images
microscopy_images,49d77376-cc67-45d0-949e-e39c499bdace,storage_key,microscopy-images/f9617c38-5bcd-43bc-bc12-02790be65382/2f3d6084-05c6-4717-8968-688ed13d523a/3d4da2bb-c0b3-419b-ac77-a186f28d2acf/49d77376-cc67-45d0-949e-e39c499bdace/b21df9cefaffa373593f60b091ac20cbd0d149c08030689c94f82fe7529d3aa9.jpg,104128,b21df9cefaffa373593f60b091ac20cbd0d149c08030689c94f82fe7529d3aa9,microscopy_images
microscopy_images,4ebaddab-a38e-4f6f-9258-2b1f46df62ba,storage_key,microscopy-images/516fb6d2-bd5a-45d8-9dfc-bab9b3845427/5dea83e8-e6be-4993-8d4c-ef415f69c5cd/4b10fb9a-e16b-4a49-9f11-49901acaec30/4ebaddab-a38e-4f6f-9258-2b1f46df62ba/4c53631ba4a26f1652e1a0892071a2152fd96012ab774f15f0059f5cc6e39275.jpg,467089,4c53631ba4a26f1652e1a0892071a2152fd96012ab774f15f0059f5cc6e39275,microscopy_images
microscopy_images,51a1e5c5-fac7-4ab5-b6dd-bef48d583434,storage_key,microscopy-images/39996fcf-62e4-45a9-ad28-39b635c56daf/f152d9ac-09eb-4e17-8db9-940046ed54eb/9487281b-fa6c-4042-bd5f-d73b3da58243/51a1e5c5-fac7-4ab5-b6dd-bef48d583434/1cc7b2599bc1d18a106683de2de2badff70af18116db21839b02402f4ee87bfc.jpg,109183,1cc7b2599bc1d18a106683de2de2badff70af18116db21839b02402f4ee87bfc,microscopy_images
microscopy_images,530f3436-c120-4237-8b57-7eee0b978486,storage_key,microscopy-images/a3c254f7-4280-4596-9e0b-9fbf97ec235e/7b2de6c7-c780-4fc4-b762-d807a92870db/14094741-bfed-4957-b49a-d6f658c35c40/530f3436-c120-4237-8b57-7eee0b978486/fe153d974cd682e6e5e3e1179e520a28ef6962e1081f66ada4fd36294814c29e.png,808962,fe153d974cd682e6e5e3e1179e520a28ef6962e1081f66ada4fd36294814c29e,microscopy_images
microscopy_images,583436b0-220a-49a8-a35f-3dec3bddcfd4,storage_key,microscopy-images/b692fc6c-2cdf-49f8-89a4-5a339c52bb27/fbaec6c1-2343-4f5a-8544-e867eaa87470/79bde77d-74f2-4344-8bd8-ad630d6ffed3/583436b0-220a-49a8-a35f-3dec3bddcfd4/5041246252d879cedbcb9dab66fe3432824cfbcb17fdc84bfcca2ddb85c04580.jpg,480248,5041246252d879cedbcb9dab66fe3432824cfbcb17fdc84bfcca2ddb85c04580,microscopy_images
microscopy_images,5b7cb03b-f0e6-42de-9aba-d4fb3757ad09,storage_key,microscopy-images/6a8ef9fb-7598-4966-bdd3-1dd71268bec9/76d61885-3ac2-4f2d-8c0b-3b4bc7a4fdbc/eebc720d-3cea-44ea-8ecd-1e96f1208e21/5b7cb03b-f0e6-42de-9aba-d4fb3757ad09/1cc7b2599bc1d18a106683de2de2badff70af18116db21839b02402f4ee87bfc.jpg,109183,1cc7b2599bc1d18a106683de2de2badff70af18116db21839b02402f4ee87bfc,microscopy_images
microscopy_images,5ecbdf28-e01c-4b51-ae7b-f9d88c6b9aa5,storage_key,microscopy-images/a9082abd-a3d8-4e6e-a619-cb5efab48156/bc61a96c-88a6-4db2-8b25-d63fa9620e7f/babe3d87-62ae-4182-ad71-5fd09487d9c8/5ecbdf28-e01c-4b51-ae7b-f9d88c6b9aa5/68d2ff884452261e91b696147e5e6a6ca95869ce164c3c73e217440dd4dbbe3e.jpg,106597,68d2ff884452261e91b696147e5e6a6ca95869ce164c3c73e217440dd4dbbe3e,microscopy_images
microscopy_images,64a62ec4-66db-46a9-b9c9-ce61a7612ae5,storage_key,microscopy-images/6949a1c4-f73a-4477-8298-1a87bf171ff1/1313ca91-49ef-41fd-a115-c416c9e9b150/cb1d48da-4f45-4f09-8b79-56e91b763bc4/64a62ec4-66db-46a9-b9c9-ce61a7612ae5/5041246252d879cedbcb9dab66fe3432824cfbcb17fdc84bfcca2ddb85c04580.jpg,480248,5041246252d879cedbcb9dab66fe3432824cfbcb17fdc84bfcca2ddb85c04580,microscopy_images
microscopy_images,650c7580-8b2e-4bc4-88e8-bf03c5bb423d,storage_key,microscopy-images/353081a9-faae-4ace-9d9d-6f33b121f952/8d0090aa-c6c8-4f0d-ab44-a5cc2b430ef0/9ef3e96b-bf05-4102-94ac-a4810202779f/650c7580-8b2e-4bc4-88e8-bf03c5bb423d/0069462ea6878cc34cc022e437ea98dae0f4bd026ffa9826e9cda33792ec411f.jpg,148616,0069462ea6878cc34cc022e437ea98dae0f4bd026ffa9826e9cda33792ec411f,microscopy_images
microscopy_images,6948fa72-3ff5-45bb-beb5-8ae3bba8b6d6,storage_key,microscopy-images/5c81e5a2-71a2-46a3-815f-23264ecfb82f/a413f0dc-5488-4346-be75-4bb0aa246e5f/b160b928-2d2c-4826-9161-2d8423bb11d3/6948fa72-3ff5-45bb-beb5-8ae3bba8b6d6/4f04a8fbea99bebf977b74f8cc4e475d4a8ccd0ebf776e0350da0a9be26d33c0.jpg,116593,4f04a8fbea99bebf977b74f8cc4e475d4a8ccd0ebf776e0350da0a9be26d33c0,microscopy_images
microscopy_images,6a4c1def-59d7-4111-8a64-9cfb8e00ba8f,storage_key,microscopy-images/41f2e553-574a-4f7f-9fe0-36b6a436d72d/5cb7b8ac-0913-4eb2-a364-d5199422adc6/a44d0bfa-edb2-483e-a564-f8b2e93c93b0/6a4c1def-59d7-4111-8a64-9cfb8e00ba8f/529d41fb93ee2cbc414da0914492f5f22ecc6a07c753e2c6e1507f5bae937005.jpg,100340,529d41fb93ee2cbc414da0914492f5f22ecc6a07c753e2c6e1507f5bae937005,microscopy_images
microscopy_images,7ba97fb6-e951-4c3b-93d8-3958918f513f,storage_key,microscopy-images/d6aff8fc-6c9d-44a3-b1ce-b4c6bfd9f720/34e84821-2b39-461c-b3e0-0ae5a26c23ec/64036f77-a1b9-408c-93ec-6f440b203246/7ba97fb6-e951-4c3b-93d8-3958918f513f/65533f9bae4f64fe354324c5fa6134c76ab894705f572ef28c8896fb1cf43498.jpg,106993,65533f9bae4f64fe354324c5fa6134c76ab894705f572ef28c8896fb1cf43498,microscopy_images
microscopy_images,83b0bdb6-4441-49e8-b6a7-4de634e8d548,storage_key,microscopy-images/bb2c5a91-4549-4116-8d67-b35df3cc123e/a040cc5a-dc31-4c04-b675-8351cf80126f/4acc660f-8403-4d59-9db7-6fe17bd759f1/83b0bdb6-4441-49e8-b6a7-4de634e8d548/13845182f49f4e008eb72292a69075c228f4d69dea08a6386bac51583836c7c1.jpg,134291,13845182f49f4e008eb72292a69075c228f4d69dea08a6386bac51583836c7c1,microscopy_images
microscopy_images,849d1772-b3d7-402e-82b3-2942cd77a889,storage_key,microscopy-images/3a8def69-f55b-4054-831a-2f3b81b82c15/84a444ce-c2f9-4b9c-ad0d-edaeabd76e13/c5c2115f-3c44-422a-809b-77b912019d41/849d1772-b3d7-402e-82b3-2942cd77a889/722534add90f8a6d34116f6726834fd7acdf719aa0ca8b1d003115d24a432909.jpg,103010,722534add90f8a6d34116f6726834fd7acdf719aa0ca8b1d003115d24a432909,microscopy_images
microscopy_images,86f57337-3130-4c9d-9284-6d6ff68c1991,storage_key,microscopy-images/2d426944-5c81-4828-ab60-da548850d831/957cce84-6faf-493e-b75d-94e25a9cc4c2/d5ff2101-21f5-4912-8e0c-5861ce00468c/86f57337-3130-4c9d-9284-6d6ff68c1991/0069462ea6878cc34cc022e437ea98dae0f4bd026ffa9826e9cda33792ec411f.jpg,148616,0069462ea6878cc34cc022e437ea98dae0f4bd026ffa9826e9cda33792ec411f,microscopy_images
microscopy_images,87b16e78-f173-4799-9a37-d0eabecadc1d,storage_key,microscopy-images/6949a1c4-f73a-4477-8298-1a87bf171ff1/1313ca91-49ef-41fd-a115-c416c9e9b150/cb1d48da-4f45-4f09-8b79-56e91b763bc4/87b16e78-f173-4799-9a37-d0eabecadc1d/071084cd678ea4280472f6ff6dd61cec80ac835fb630f9cf5c30517b4e8318bd.jpg,464779,071084cd678ea4280472f6ff6dd61cec80ac835fb630f9cf5c30517b4e8318bd,microscopy_images
microscopy_images,88dc4c92-8367-4c4d-a59b-da86d01b8d82,storage_key,microscopy-images/5d5654fc-9090-43a9-9e0d-fc1607ad1861/cc282edd-c1df-4735-addc-4636774b0b2f/fc1969d8-240e-43ae-8fe9-d8ffea023a70/88dc4c92-8367-4c4d-a59b-da86d01b8d82/b316fe9e7b442b15a30d1aae96f575552dfc92aee8479d3295fb06bb39216414.jpg,109693,b316fe9e7b442b15a30d1aae96f575552dfc92aee8479d3295fb06bb39216414,microscopy_images
microscopy_images,8a0187a3-03f0-45bd-ac3c-6e47c7999f03,storage_key,microscopy-images/02632a67-6380-4e7e-a289-92d9e5e1ae56/9ce60252-98a9-4667-8bcd-b2c9aeadc55e/da7e7359-cc5c-4ac4-be4c-7e8a8cab3a98/8a0187a3-03f0-45bd-ac3c-6e47c7999f03/f03376009ac2b40a5addcb98d7da2922978e98ce7c21baf36082e9833171ebe6.jpg,136456,f03376009ac2b40a5addcb98d7da2922978e98ce7c21baf36082e9833171ebe6,microscopy_images
microscopy_images,8cb2cae1-c3e1-487c-a274-4385f339dded,storage_key,microscopy-images/a5eedf7b-d4ca-410e-925f-e45b20e5eb16/5ffe54df-933f-4491-a8dd-4d1a70deeba2/405aacd9-e5c5-48c7-aede-a6a7cbbba5f0/8cb2cae1-c3e1-487c-a274-4385f339dded/1cc7b2599bc1d18a106683de2de2badff70af18116db21839b02402f4ee87bfc.jpg,109183,1cc7b2599bc1d18a106683de2de2badff70af18116db21839b02402f4ee87bfc,microscopy_images
microscopy_images,8d3b080d-2f56-4175-b76a-dc309555e9de,storage_key,microscopy-images/db619d9f-3b44-4f58-a89b-c42e690d5935/14ee422f-18ef-4714-bde7-eeb5635e1406/b21b69b9-234b-4e7f-8c46-3d77402d49cc/8d3b080d-2f56-4175-b76a-dc309555e9de/529d41fb93ee2cbc414da0914492f5f22ecc6a07c753e2c6e1507f5bae937005.jpg,100340,529d41fb93ee2cbc414da0914492f5f22ecc6a07c753e2c6e1507f5bae937005,microscopy_images
microscopy_images,8eae56e5-dc27-4e8b-86ce-b22204a68814,storage_key,microscopy-images/2706b144-44cb-41d6-a802-9d5ae313d294/aea920fc-bcb8-44cd-99b2-4d66adbfea01/ee654b90-4599-4a8b-bb24-bc0279e24f71/8eae56e5-dc27-4e8b-86ce-b22204a68814/5041246252d879cedbcb9dab66fe3432824cfbcb17fdc84bfcca2ddb85c04580.jpg,480248,5041246252d879cedbcb9dab66fe3432824cfbcb17fdc84bfcca2ddb85c04580,microscopy_images
microscopy_images,8fa36d4d-c412-435a-a109-923281f0f43d,storage_key,microscopy-images/6a244be7-2a6e-4ea7-af43-dfc4c3fe4ee1/67ea46e9-2464-48c4-9fcb-0864d78595f3/16040bac-9c1d-436a-9453-94bd5701655b/8fa36d4d-c412-435a-a109-923281f0f43d/529d41fb93ee2cbc414da0914492f5f22ecc6a07c753e2c6e1507f5bae937005.jpg,100340,529d41fb93ee2cbc414da0914492f5f22ecc6a07c753e2c6e1507f5bae937005,microscopy_images
microscopy_images,92e2e64a-1c82-402b-b24d-75d43d50a17f,storage_key,microscopy-images/0896f828-c68d-4889-9e9f-0c32d278381a/e1214e6b-579f-41de-948c-547d734413f0/80afe612-3a2e-4550-aeb3-d705330d70a4/92e2e64a-1c82-402b-b24d-75d43d50a17f/1cc7b2599bc1d18a106683de2de2badff70af18116db21839b02402f4ee87bfc.jpg,109183,1cc7b2599bc1d18a106683de2de2badff70af18116db21839b02402f4ee87bfc,microscopy_images
microscopy_images,97fb12a0-df7f-455f-8e13-e0383ad3934d,storage_key,microscopy-images/2dce1331-e180-4ce3-b848-fb2019d8def7/aeabaf5c-b352-4bc6-9ec3-bed6c44d40ba/189eb74d-546d-43df-9b50-43b198a4881a/97fb12a0-df7f-455f-8e13-e0383ad3934d/0069462ea6878cc34cc022e437ea98dae0f4bd026ffa9826e9cda33792ec411f.jpg,148616,0069462ea6878cc34cc022e437ea98dae0f4bd026ffa9826e9cda33792ec411f,microscopy_images
microscopy_images,9c45439d-fd87-46c3-944a-439ab92cbf89,storage_key,microscopy-images/395d26d1-ab12-4089-ba21-45a6a16e1d7e/caa6cc47-39fd-42b6-b20f-61d03934fa9b/9bd4f6c7-039e-42a6-8c53-1fccee858e47/9c45439d-fd87-46c3-944a-439ab92cbf89/356c236bedf691cac8e49534f8ee2891ff4262d7f1b73a37c6b42098cacc0125.jpg,120636,356c236bedf691cac8e49534f8ee2891ff4262d7f1b73a37c6b42098cacc0125,microscopy_images
microscopy_images,9eaa3ff5-6a9c-4818-bb45-63b4a8977475,storage_key,microscopy-images/6949a1c4-f73a-4477-8298-1a87bf171ff1/1313ca91-49ef-41fd-a115-c416c9e9b150/cb1d48da-4f45-4f09-8b79-56e91b763bc4/9eaa3ff5-6a9c-4818-bb45-63b4a8977475/4c53631ba4a26f1652e1a0892071a2152fd96012ab774f15f0059f5cc6e39275.jpg,467089,4c53631ba4a26f1652e1a0892071a2152fd96012ab774f15f0059f5cc6e39275,microscopy_images
microscopy_images,a0889d56-1430-4a7f-b67c-e21291ac9ed7,storage_key,microscopy-images/b3ecfdeb-3986-43a5-be9b-2fd34e92baa4/0a266d6c-5915-49a7-b39e-25f79560b402/6e838274-032a-4ad8-9479-020b5651e929/a0889d56-1430-4a7f-b67c-e21291ac9ed7/8b079ec16c78ca40084f99579a7cc37ca90dcbb30bbcc6c1b0e4013b3df76117.jpg,129721,8b079ec16c78ca40084f99579a7cc37ca90dcbb30bbcc6c1b0e4013b3df76117,microscopy_images
microscopy_images,a677a079-648e-4190-a706-6551525bbab7,storage_key,microscopy-images/374b8c0a-e3f5-46d4-8790-3e9081671639/224c1794-b025-4580-8fe4-4b050b71bbda/a99373de-b647-45a6-a3a3-b57eba7d6354/a677a079-648e-4190-a706-6551525bbab7/84ee9550296667a7c658469248058a7da9d69ef6ba6095a040ccc8501d6f4b6d.png,185045,84ee9550296667a7c658469248058a7da9d69ef6ba6095a040ccc8501d6f4b6d,microscopy_images
microscopy_images,afee46ec-494f-4fe6-be85-353a4cfc0b56,storage_key,microscopy-images/75047413-1589-4be4-b9c2-2055a549cf74/beb80c59-ea23-410f-a0df-ea3216fbb590/e038dd2a-9c61-4c9d-8f2e-225147c4bfd8/afee46ec-494f-4fe6-be85-353a4cfc0b56/65533f9bae4f64fe354324c5fa6134c76ab894705f572ef28c8896fb1cf43498.jpg,106993,65533f9bae4f64fe354324c5fa6134c76ab894705f572ef28c8896fb1cf43498,microscopy_images
microscopy_images,b0ad2c3c-3de1-4628-bf32-d60536a0da80,storage_key,microscopy-images/e9ce2353-6f17-4b86-9032-d5604ce2d56e/d5e4621b-dc32-4938-850e-d509b2d9d5ed/73ed5491-0929-4995-b133-da6214d233ac/b0ad2c3c-3de1-4628-bf32-d60536a0da80/3af0c8e810084f1dda978f4bab3970a80236c59908edcebcaa80601eadef9bc1.jpg,102580,3af0c8e810084f1dda978f4bab3970a80236c59908edcebcaa80601eadef9bc1,microscopy_images
microscopy_images,bf339bce-cffa-48e9-a044-4b9df2cc36b4,storage_key,microscopy-images/f8324586-01bb-45c9-9d0e-5f6f0e0f55b4/8b591e1d-50f3-4619-bcab-7354769a26db/0954f74e-5cd3-4bce-ab0f-40fc6519bcff/bf339bce-cffa-48e9-a044-4b9df2cc36b4/f03376009ac2b40a5addcb98d7da2922978e98ce7c21baf36082e9833171ebe6.jpg,136456,f03376009ac2b40a5addcb98d7da2922978e98ce7c21baf36082e9833171ebe6,microscopy_images
microscopy_images,c0a49ec0-99e0-4b2b-a9e4-1e2ec28655a0,storage_key,microscopy-images/b86a3f8a-0c59-486d-b6d7-9e6284f9e559/82dc51d9-6036-45ca-8481-a485cb3b49cb/a83a91d7-ac2d-45b9-94a9-910a9206db4e/c0a49ec0-99e0-4b2b-a9e4-1e2ec28655a0/1cc7b2599bc1d18a106683de2de2badff70af18116db21839b02402f4ee87bfc.jpg,109183,1cc7b2599bc1d18a106683de2de2badff70af18116db21839b02402f4ee87bfc,microscopy_images
microscopy_images,c2a6cffd-18de-474e-ba04-2bf65b0f4f8c,storage_key,microscopy-images/f798c042-9bd0-4e9d-b0b9-7d4aef2c5517/8c6d74c3-8703-4131-a975-8e45efcf8f26/781d8060-de80-4d6c-b094-3b28f802e9cf/c2a6cffd-18de-474e-ba04-2bf65b0f4f8c/f03376009ac2b40a5addcb98d7da2922978e98ce7c21baf36082e9833171ebe6.jpg,136456,f03376009ac2b40a5addcb98d7da2922978e98ce7c21baf36082e9833171ebe6,microscopy_images
microscopy_images,c6a30725-877a-4570-819a-de52a6bcb57d,storage_key,microscopy-images/1f9d5cb7-661f-4010-8935-d49714f4b728/e2519c4c-758e-4c4c-89c3-71a37174c2a5/63163ac4-dd06-4d63-ac14-2c687441a9da/c6a30725-877a-4570-819a-de52a6bcb57d/b316fe9e7b442b15a30d1aae96f575552dfc92aee8479d3295fb06bb39216414.jpg,109693,b316fe9e7b442b15a30d1aae96f575552dfc92aee8479d3295fb06bb39216414,microscopy_images
microscopy_images,cdcfc6c7-12a5-4405-8fb1-213826f88d05,storage_key,microscopy-images/8156852e-bab3-46f5-b361-b43522488d92/379f204a-4f96-4449-90fc-25743d49817e/a4a58ed8-6d15-4fda-8138-55933d22b5d4/cdcfc6c7-12a5-4405-8fb1-213826f88d05/5127ffcc2ec0d03665863c3109f87c7a689d42301bbf7368b6ef24d2f1ae6729.jpg,107246,5127ffcc2ec0d03665863c3109f87c7a689d42301bbf7368b6ef24d2f1ae6729,microscopy_images
microscopy_images,d5432c7d-49d7-48c8-9d3b-80ec63ecb304,storage_key,microscopy-images/6949a1c4-f73a-4477-8298-1a87bf171ff1/1313ca91-49ef-41fd-a115-c416c9e9b150/cb1d48da-4f45-4f09-8b79-56e91b763bc4/d5432c7d-49d7-48c8-9d3b-80ec63ecb304/964ec7e1f21b3d06b94535d76fd0a133b6fc844cfb37035f776b1af7a6e6eddf.jpg,479502,964ec7e1f21b3d06b94535d76fd0a133b6fc844cfb37035f776b1af7a6e6eddf,microscopy_images
microscopy_images,dc6df3c3-f03e-4261-bd4c-a2df5e0f0d88,storage_key,microscopy-images/9f3cdf7b-0cac-4a1f-b811-29f8dbe025b1/d3e54ffb-f6f7-4832-9fa7-50d5d240785c/5e32f680-8895-4769-b74c-9cc4715b2687/dc6df3c3-f03e-4261-bd4c-a2df5e0f0d88/0069462ea6878cc34cc022e437ea98dae0f4bd026ffa9826e9cda33792ec411f.jpg,148616,0069462ea6878cc34cc022e437ea98dae0f4bd026ffa9826e9cda33792ec411f,microscopy_images
microscopy_images,dd3b1716-0bb9-4523-9fa9-61bc274925d8,storage_key,microscopy-images/001b3b43-7061-4235-bf5c-b1618061ab9f/1da654bc-8381-4b84-b4aa-34f000078dbe/ebf58866-2333-4575-8819-c3edc9b6b34a/dd3b1716-0bb9-4523-9fa9-61bc274925d8/65533f9bae4f64fe354324c5fa6134c76ab894705f572ef28c8896fb1cf43498.jpg,106993,65533f9bae4f64fe354324c5fa6134c76ab894705f572ef28c8896fb1cf43498,microscopy_images
microscopy_images,e4296ff7-9e31-4bd9-8593-2615946bcceb,storage_key,microscopy-images/b702dc97-cc93-4fd7-ac34-8bf25bed276d/ec9b61ee-c053-461a-90de-bb35c9b6baec/38b5c970-4c3e-4e69-a4ce-b889fded2862/e4296ff7-9e31-4bd9-8593-2615946bcceb/5041246252d879cedbcb9dab66fe3432824cfbcb17fdc84bfcca2ddb85c04580.jpg,480248,5041246252d879cedbcb9dab66fe3432824cfbcb17fdc84bfcca2ddb85c04580,microscopy_images
microscopy_images,ea56489d-de29-4bcd-bf1e-16e83feedee6,storage_key,microscopy-images/b1484fc5-1897-419c-b474-0046b7046d2e/5bd800a4-b3a1-43b2-9b87-6d406b471db7/eeed03b5-7b83-49c2-aff2-0476ee2f0ebb/ea56489d-de29-4bcd-bf1e-16e83feedee6/b21df9cefaffa373593f60b091ac20cbd0d149c08030689c94f82fe7529d3aa9.jpg,104128,b21df9cefaffa373593f60b091ac20cbd0d149c08030689c94f82fe7529d3aa9,microscopy_images
microscopy_images,f4400105-33b9-4bc0-860b-010b1cf3d386,storage_key,microscopy-images/b9fb2dac-8b66-49c3-9777-0c84e5684a7b/dcecb596-4cb9-4b81-8628-1346fee6ea1d/2cc4ae2c-8cb2-43df-9a79-2745eb0df494/f4400105-33b9-4bc0-860b-010b1cf3d386/13845182f49f4e008eb72292a69075c228f4d69dea08a6386bac51583836c7c1.jpg,134291,13845182f49f4e008eb72292a69075c228f4d69dea08a6386bac51583836c7c1,microscopy_images
microscopy_images,f914626e-fa1c-483a-ac2d-a7ebce6130f5,storage_key,microscopy-images/ed5c9acc-a38c-43ea-a930-ed161caafb7a/6a1bf7ab-d834-466a-a6e1-9f659785a2c9/4a6bc950-75f8-49f9-b640-69e78792792d/f914626e-fa1c-483a-ac2d-a7ebce6130f5/5f4215f1b060d1bd67a2088bf96216e5793ee06f61b6704ff6abb0ff767b3dd8.jpg,101547,5f4215f1b060d1bd67a2088bf96216e5793ee06f61b6704ff6abb0ff767b3dd8,microscopy_images
