archivo,linea,simbolo,tipo_objeto,ruta_mencionada,categoria,consumidores,impacto,recomendacion,evidencia,versionado
.dockerignore,11,.dockerignore,Configuración,var/storage,docker_build_context,Build de Compose (no ejecutado),Exclusión legacy del contexto o preparación de root canónico,Conservar exclusiones y directorio canónico,var/storage,True
.dockerignore,12,.dockerignore,Configuración,var/storage,docker_build_context,Build de Compose (no ejecutado),Exclusión legacy del contexto o preparación de root canónico,Conservar exclusiones y directorio canónico,var/storage/**,True
.dockerignore,13,.dockerignore,Configuración,backend_api/var/storage,docker_build_context,Build de Compose (no ejecutado),Exclusión legacy del contexto o preparación de root canónico,Conservar exclusiones y directorio canónico,backend_api/var/storage,True
.dockerignore,14,.dockerignore,Configuración,backend_api/var/storage,docker_build_context,Build de Compose (no ejecutado),Exclusión legacy del contexto o preparación de root canónico,Conservar exclusiones y directorio canónico,backend_api/var/storage/**,True
.env,35,STORAGE_ROOT,Variable de entorno,/app/var/storage,canonical_runtime,Compose env_file y configuración backend,Namespace/key relativo o root científico canónico; no fallback legacy,Conservar contrato actual,STORAGE_ROOT=/app/var/storage,False
.env,35,STORAGE_ROOT,Variable de entorno,STORAGE_ROOT,canonical_runtime,Compose env_file y configuración backend,Namespace/key relativo o root científico canónico; no fallback legacy,Conservar contrato actual,STORAGE_ROOT=/app/var/storage,False
.env,36,ARTIFACTS_ROOT,Variable de entorno,ARTIFACTS_ROOT,canonical_runtime,Compose env_file y configuración backend,Namespace/key relativo o root científico canónico; no fallback legacy,Conservar contrato actual,ARTIFACTS_ROOT=/app/var/artifacts,False
.env.example,29,STORAGE_ROOT,Variable de entorno,/app/var/storage,canonical_runtime,Compose env_file y configuración backend,Namespace/key relativo o root científico canónico; no fallback legacy,Conservar contrato actual,STORAGE_ROOT=/app/var/storage,True
.env.example,29,STORAGE_ROOT,Variable de entorno,STORAGE_ROOT,canonical_runtime,Compose env_file y configuración backend,Namespace/key relativo o root científico canónico; no fallback legacy,Conservar contrato actual,STORAGE_ROOT=/app/var/storage,True
.env.example,35,ARTIFACTS_ROOT,Variable de entorno,ARTIFACTS_ROOT,canonical_runtime,Compose env_file y configuración backend,Namespace/key relativo o root científico canónico; no fallback legacy,Conservar contrato actual,ARTIFACTS_ROOT=./var/artifacts,True
.gitignore,44,.gitignore,Configuración,microscopy-images,ignored_local_data,Git: check-ignore --no-index,No retira archivos ya rastreados,Conservar reglas; tratar índice en fase futura,/var/storage/microscopy-images/,True
.gitignore,44,.gitignore,Configuración,var/storage,ignored_local_data,Git: check-ignore --no-index,No retira archivos ya rastreados,Conservar reglas; tratar índice en fase futura,/var/storage/microscopy-images/,True
.gitignore,45,.gitignore,Configuración,cell-crops,ignored_local_data,Git: check-ignore --no-index,No retira archivos ya rastreados,Conservar reglas; tratar índice en fase futura,/var/storage/cell-crops/,True
.gitignore,45,.gitignore,Configuración,var/storage,ignored_local_data,Git: check-ignore --no-index,No retira archivos ya rastreados,Conservar reglas; tratar índice en fase futura,/var/storage/cell-crops/,True
.gitignore,46,.gitignore,Configuración,cell-explanations,ignored_local_data,Git: check-ignore --no-index,No retira archivos ya rastreados,Conservar reglas; tratar índice en fase futura,/var/storage/cell-explanations/,True
.gitignore,46,.gitignore,Configuración,var/storage,ignored_local_data,Git: check-ignore --no-index,No retira archivos ya rastreados,Conservar reglas; tratar índice en fase futura,/var/storage/cell-explanations/,True
.gitignore,47,.gitignore,Configuración,model-explanations,ignored_local_data,Git: check-ignore --no-index,No retira archivos ya rastreados,Conservar reglas; tratar índice en fase futura,/var/storage/model-explanations/,True
.gitignore,47,.gitignore,Configuración,var/storage,ignored_local_data,Git: check-ignore --no-index,No retira archivos ya rastreados,Conservar reglas; tratar índice en fase futura,/var/storage/model-explanations/,True
.gitignore,48,.gitignore,Configuración,var/storage,ignored_local_data,Git: check-ignore --no-index,No retira archivos ya rastreados,Conservar reglas; tratar índice en fase futura,/var/storage/.staging/,True
.gitignore,49,.gitignore,Configuración,backend_api/var/storage,ignored_local_data,Git: check-ignore --no-index,No retira archivos ya rastreados,Conservar reglas; tratar índice en fase futura,/backend_api/var/storage/microscopy-images/,True
.gitignore,49,.gitignore,Configuración,microscopy-images,ignored_local_data,Git: check-ignore --no-index,No retira archivos ya rastreados,Conservar reglas; tratar índice en fase futura,/backend_api/var/storage/microscopy-images/,True
.gitignore,50,.gitignore,Configuración,backend_api/var/storage,ignored_local_data,Git: check-ignore --no-index,No retira archivos ya rastreados,Conservar reglas; tratar índice en fase futura,/backend_api/var/storage/cell-crops/,True
.gitignore,50,.gitignore,Configuración,cell-crops,ignored_local_data,Git: check-ignore --no-index,No retira archivos ya rastreados,Conservar reglas; tratar índice en fase futura,/backend_api/var/storage/cell-crops/,True
.gitignore,51,.gitignore,Configuración,backend_api/var/storage,ignored_local_data,Git: check-ignore --no-index,No retira archivos ya rastreados,Conservar reglas; tratar índice en fase futura,/backend_api/var/storage/cell-explanations/,True
.gitignore,51,.gitignore,Configuración,cell-explanations,ignored_local_data,Git: check-ignore --no-index,No retira archivos ya rastreados,Conservar reglas; tratar índice en fase futura,/backend_api/var/storage/cell-explanations/,True
.gitignore,52,.gitignore,Configuración,backend_api/var/storage,ignored_local_data,Git: check-ignore --no-index,No retira archivos ya rastreados,Conservar reglas; tratar índice en fase futura,/backend_api/var/storage/model-explanations/,True
.gitignore,52,.gitignore,Configuración,model-explanations,ignored_local_data,Git: check-ignore --no-index,No retira archivos ya rastreados,Conservar reglas; tratar índice en fase futura,/backend_api/var/storage/model-explanations/,True
.gitignore,53,.gitignore,Configuración,backend_api/var/storage,ignored_local_data,Git: check-ignore --no-index,No retira archivos ya rastreados,Conservar reglas; tratar índice en fase futura,/backend_api/var/storage/.staging/,True
alembic/versions/20260727_05_cell_detection_and_review.py,177,upgrade,Función,cell-crops,canonical_runtime,Migraciones Alembic (no ejecutadas),Namespace/key relativo o root científico canónico; no fallback legacy,Conservar contrato actual,'^cell-crops/[0-9a-f]{8}-[0-9a-f]{4}-[0-9a-f]{4}-[0-9a-f]{4}-[0-9a-f]{12}/[0-9a-f]{8}-[0-9a-f]{4}-[0-9a-f]{4}-[0-9a-f]{4}-[0-9a-f]{12}/[0-9a-f]{8}-[0-9a-f]{4}-[0-9a-f]{4}-[0-9a-f]{4}-[0-9a-f]{12}/[0-9a-f]{8}-[0-9a-f]{4}-[0-9a-f]{4}-[0-9a-f]{4}-[0-9a-f]{12}/crop[.]png$',True
alembic/versions/20260728_01_cell_classification_and_explainability.py,447,upgrade,Función,cell-explanations,canonical_runtime,Migraciones Alembic (no ejecutadas),Namespace/key relativo o root científico canónico; no fallback legacy,Conservar contrato actual,'^cell-explanations/[0-9a-f]{8}-[0-9a-f]{4}-[0-9a-f]{4}-[0-9a-f]{4}-[0-9a-f]{12}/[0-9a-f]{8}-[0-9a-f]{4}-[0-9a-f]{4}-[0-9a-f]{4}-[0-9a-f]{12}/[0-9a-f]{8}-[0-9a-f]{4}-[0-9a-f]{4}-[0-9a-f]{4}-[0-9a-f]{12}/gradcam_heatmap[.]png$',True
alembic/versions/20260728_01_cell_classification_and_explainability.py,452,upgrade,Función,cell-explanations,canonical_runtime,Migraciones Alembic (no ejecutadas),Namespace/key relativo o root científico canónico; no fallback legacy,Conservar contrato actual,'^cell-explanations/[0-9a-f]{8}-[0-9a-f]{4}-[0-9a-f]{4}-[0-9a-f]{4}-[0-9a-f]{12}/[0-9a-f]{8}-[0-9a-f]{4}-[0-9a-f]{4}-[0-9a-f]{4}-[0-9a-f]{12}/[0-9a-f]{8}-[0-9a-f]{4}-[0-9a-f]{4}-[0-9a-f]{4}-[0-9a-f]{12}/gradcam_overlay[.]png$',True
alembic/versions/20260728_01_cell_classification_and_explainability.py,1520,upgrade,Función,cell-explanations,canonical_runtime,Migraciones Alembic (no ejecutadas),Namespace/key relativo o root científico canónico; no fallback legacy,Conservar contrato actual,"'cell-explanations/%s/%s/%s/gradcam_heatmap.png',",True
alembic/versions/20260728_01_cell_classification_and_explainability.py,1526,upgrade,Función,cell-explanations,canonical_runtime,Migraciones Alembic (no ejecutadas),Namespace/key relativo o root científico canónico; no fallback legacy,Conservar contrato actual,"'cell-explanations/%s/%s/%s/gradcam_overlay.png',",True
backend_api/.env.example,9,STORAGE_ROOT,Variable de entorno,/app/var/storage,canonical_runtime,Compose env_file y configuración backend,Namespace/key relativo o root científico canónico; no fallback legacy,Conservar contrato actual,STORAGE_ROOT=/app/var/storage,True
backend_api/.env.example,9,STORAGE_ROOT,Variable de entorno,STORAGE_ROOT,canonical_runtime,Compose env_file y configuración backend,Namespace/key relativo o root científico canónico; no fallback legacy,Conservar contrato actual,STORAGE_ROOT=/app/var/storage,True
backend_api/Dockerfile,32,Dockerfile,Configuración,/app/var/storage,docker_build_context,Build de Compose (no ejecutado),Exclusión legacy del contexto o preparación de root canónico,Conservar exclusiones y directorio canónico,RUN mkdir -p /app/var/storage /app/var/artifacts && chown -R capstone:capstone /app,True
backend_api/app/audit.py,132,dependency,Función,microscopy-images,canonical_runtime,mutation_connection/cleanup científico; LocalStorage; servicios de ingesta,Namespace/key relativo o root científico canónico; no fallback legacy,Conservar contrato actual,"boundaries=(storage.root / ""microscopy-images"",),",True
backend_api/app/config.py,88,Settings,Clase,storage_root,canonical_runtime,get_settings → LocalStorage y health.py:40; Settings.from_env exige root absoluto,Namespace/key relativo o root científico canónico; no fallback legacy,Conservar contrato actual,storage_root: Path,True
backend_api/app/config.py,89,Settings,Clase,artifacts_root,canonical_runtime,get_settings → LocalStorage y health.py:40; Settings.from_env exige root absoluto,Namespace/key relativo o root científico canónico; no fallback legacy,Conservar contrato actual,artifacts_root: Path,True
backend_api/app/config.py,126,Settings.from_env,Método,STORAGE_ROOT,canonical_runtime,get_settings → LocalStorage y health.py:40; Settings.from_env exige root absoluto,Namespace/key relativo o root científico canónico; no fallback legacy,Conservar contrato actual,"storage_root = _required_absolute_path(""STORAGE_ROOT"")",True
backend_api/app/config.py,126,Settings.from_env,Método,storage_root,canonical_runtime,get_settings → LocalStorage y health.py:40; Settings.from_env exige root absoluto,Namespace/key relativo o root científico canónico; no fallback legacy,Conservar contrato actual,"storage_root = _required_absolute_path(""STORAGE_ROOT"")",True
backend_api/app/config.py,127,Settings.from_env,Método,ARTIFACTS_ROOT,canonical_runtime,get_settings → LocalStorage y health.py:40; Settings.from_env exige root absoluto,Namespace/key relativo o root científico canónico; no fallback legacy,Conservar contrato actual,"artifacts_root = Path(os.getenv(""ARTIFACTS_ROOT"", ""./var/artifacts"")).expanduser()",True
backend_api/app/config.py,127,Settings.from_env,Método,artifacts_root,canonical_runtime,get_settings → LocalStorage y health.py:40; Settings.from_env exige root absoluto,Namespace/key relativo o root científico canónico; no fallback legacy,Conservar contrato actual,"artifacts_root = Path(os.getenv(""ARTIFACTS_ROOT"", ""./var/artifacts"")).expanduser()",True
backend_api/app/config.py,158,Settings.from_env,Método,storage_root,canonical_runtime,get_settings → LocalStorage y health.py:40; Settings.from_env exige root absoluto,Namespace/key relativo o root científico canónico; no fallback legacy,Conservar contrato actual,"storage_root=storage_root,",True
backend_api/app/config.py,159,Settings.from_env,Método,artifacts_root,canonical_runtime,get_settings → LocalStorage y health.py:40; Settings.from_env exige root absoluto,Namespace/key relativo o root científico canónico; no fallback legacy,Conservar contrato actual,"artifacts_root=artifacts_root,",True
backend_api/app/routes/health.py,40,ready,Función,artifacts_root,canonical_runtime,health.router registrado en main.py:50,Namespace/key relativo o root científico canónico; no fallback legacy,Conservar contrato actual,"for root in (settings.storage_root, settings.artifacts_root):",True
backend_api/app/routes/health.py,40,ready,Función,storage_root,canonical_runtime,health.router registrado en main.py:50,Namespace/key relativo o root científico canónico; no fallback legacy,Conservar contrato actual,"for root in (settings.storage_root, settings.artifacts_root):",True
backend_api/app/services/artifacts.py,23,_CONFIGURED_ARTIFACTS_ROOT,Constante,ARTIFACTS_ROOT,preserved_model_artifact,routes/artifacts.py:16 → main.py:52; services/explainability.py:92; CaseGradCamService._existing/_input/_resolve_model; frontend/services/api.ts:585,Configuración no clínica ARTIFACTS_ROOT,Preservar; revisar referencias y migración a ARTIFACTS_ROOT antes de retirar compatibilidad,"_CONFIGURED_ARTIFACTS_ROOT = os.getenv(""ARTIFACTS_ROOT"", ""./var/artifacts"").strip()",True
backend_api/app/services/artifacts.py,24,_RAW_ARTIFACTS_ROOT,Constante,ARTIFACTS_ROOT,preserved_model_artifact,routes/artifacts.py:16 → main.py:52; services/explainability.py:92; CaseGradCamService._existing/_input/_resolve_model; frontend/services/api.ts:585,Configuración no clínica ARTIFACTS_ROOT,Preservar; revisar referencias y migración a ARTIFACTS_ROOT antes de retirar compatibilidad,_RAW_ARTIFACTS_ROOT = Path(_CONFIGURED_ARTIFACTS_ROOT).expanduser(),True
backend_api/app/services/artifacts.py,25,ARTIFACTS_ROOT,Constante,ARTIFACTS_ROOT,preserved_model_artifact,routes/artifacts.py:16 → main.py:52; services/explainability.py:92; CaseGradCamService._existing/_input/_resolve_model; frontend/services/api.ts:585,Configuración no clínica ARTIFACTS_ROOT,Preservar; revisar referencias y migración a ARTIFACTS_ROOT antes de retirar compatibilidad,ARTIFACTS_ROOT = (,True
backend_api/app/services/artifacts.py,26,ARTIFACTS_ROOT,Constante,ARTIFACTS_ROOT,preserved_model_artifact,routes/artifacts.py:16 → main.py:52; services/explainability.py:92; CaseGradCamService._existing/_input/_resolve_model; frontend/services/api.ts:585,Configuración no clínica ARTIFACTS_ROOT,Preservar; revisar referencias y migración a ARTIFACTS_ROOT antes de retirar compatibilidad,_RAW_ARTIFACTS_ROOT.resolve(),True
backend_api/app/services/artifacts.py,27,ARTIFACTS_ROOT,Constante,ARTIFACTS_ROOT,preserved_model_artifact,routes/artifacts.py:16 → main.py:52; services/explainability.py:92; CaseGradCamService._existing/_input/_resolve_model; frontend/services/api.ts:585,Configuración no clínica ARTIFACTS_ROOT,Preservar; revisar referencias y migración a ARTIFACTS_ROOT antes de retirar compatibilidad,if _RAW_ARTIFACTS_ROOT.is_absolute(),True
backend_api/app/services/artifacts.py,28,ARTIFACTS_ROOT,Constante,ARTIFACTS_ROOT,preserved_model_artifact,routes/artifacts.py:16 → main.py:52; services/explainability.py:92; CaseGradCamService._existing/_input/_resolve_model; frontend/services/api.ts:585,Configuración no clínica ARTIFACTS_ROOT,Preservar; revisar referencias y migración a ARTIFACTS_ROOT antes de retirar compatibilidad,else (CAPSTONE_ROOT / _RAW_ARTIFACTS_ROOT).resolve(),True
backend_api/app/services/artifacts.py,35,ALLOWED_ARTIFACT_ROOTS,Constante,ARTIFACTS_ROOT,preserved_model_artifact,routes/artifacts.py:16 → main.py:52; services/explainability.py:92; CaseGradCamService._existing/_input/_resolve_model; frontend/services/api.ts:585,Configuración no clínica ARTIFACTS_ROOT,Preservar; revisar referencias y migración a ARTIFACTS_ROOT antes de retirar compatibilidad,"ARTIFACTS_ROOT,",True
backend_api/app/services/artifacts.py,37,ALLOWED_ARTIFACT_ROOTS,Constante,model-explanations,legacy_fallback,routes/artifacts.py:16 → main.py:52; services/explainability.py:92; CaseGradCamService._existing/_input/_resolve_model; frontend/services/api.ts:585,Allowlist y rebase legacy activos en lector de modelos,Preservar; revisar referencias y migración a ARTIFACTS_ROOT antes de retirar compatibilidad,"(CAPSTONE_ROOT / ""var"" / ""storage"" / ""model-explanations"").resolve(),",True
backend_api/app/services/artifacts.py,75,resolve_artifact_path,Función,var + storage (construcción segmentada),legacy_fallback,routes/artifacts.py:16 → main.py:52; services/explainability.py:92; CaseGradCamService._existing/_input/_resolve_model; frontend/services/api.ts:585,Allowlist y rebase legacy activos en lector de modelos,Preservar; revisar referencias y migración a ARTIFACTS_ROOT antes de retirar compatibilidad,"elif ""var"" in parts:",True
backend_api/app/services/artifacts.py,76,resolve_artifact_path,Función,var + storage (construcción segmentada),legacy_fallback,routes/artifacts.py:16 → main.py:52; services/explainability.py:92; CaseGradCamService._existing/_input/_resolve_model; frontend/services/api.ts:585,Allowlist y rebase legacy activos en lector de modelos,Preservar; revisar referencias y migración a ARTIFACTS_ROOT antes de retirar compatibilidad,"marker = parts.index(""var"")",True
backend_api/app/services/artifacts.py,77,resolve_artifact_path,Función,var + storage (construcción segmentada),legacy_fallback,routes/artifacts.py:16 → main.py:52; services/explainability.py:92; CaseGradCamService._existing/_input/_resolve_model; frontend/services/api.ts:585,Allowlist y rebase legacy activos en lector de modelos,Preservar; revisar referencias y migración a ARTIFACTS_ROOT antes de retirar compatibilidad,"if len(parts) > marker + 1 and parts[marker + 1] == ""storage"":",True
backend_api/app/services/artifacts.py,78,resolve_artifact_path,Función,var + storage (construcción segmentada),legacy_fallback,routes/artifacts.py:16 → main.py:52; services/explainability.py:92; CaseGradCamService._existing/_input/_resolve_model; frontend/services/api.ts:585,Allowlist y rebase legacy activos en lector de modelos,Preservar; revisar referencias y migración a ARTIFACTS_ROOT antes de retirar compatibilidad,candidates.append(CAPSTONE_ROOT.joinpath(*parts[marker:])),True
backend_api/app/services/cell_crop_storage.py,31,CellCropStorage.__init__,Método,cell-crops,canonical_runtime,CellAnalysisService._crops:85 y CellClassificationService._crops:642; routers registrados en main.py,Namespace/key relativo o root científico canónico; no fallback legacy,Conservar contrato actual,"self.crop_root = self.root / ""cell-crops""",True
backend_api/app/services/cell_crop_storage.py,41,CellCropStorage.build_key,Método,cell-crops,canonical_runtime,CellAnalysisService._crops:85 y CellClassificationService._crops:642; routers registrados en main.py,Namespace/key relativo o root científico canónico; no fallback legacy,Conservar contrato actual,"f""cell-crops/{analysis_run_id}/{detection_run_id}/""",True
backend_api/app/services/cell_explanation_storage.py,37,CellExplanationStorage.__init__,Método,cell-explanations,canonical_runtime,CellClassificationService._explanations:639; CaseGradCamService usa encode_overlay_png:219,Namespace/key relativo o root científico canónico; no fallback legacy,Conservar contrato actual,"self.staging_root = self.local.staging / ""cell-explanations""",True
backend_api/app/services/cell_explanation_storage.py,38,CellExplanationStorage.__init__,Método,cell-explanations,canonical_runtime,CellClassificationService._explanations:639; CaseGradCamService usa encode_overlay_png:219,Namespace/key relativo o root científico canónico; no fallback legacy,Conservar contrato actual,"self.explanation_root = self.root / ""cell-explanations""",True
backend_api/app/services/cell_explanation_storage.py,47,CellExplanationStorage.build_keys,Método,cell-explanations,canonical_runtime,CellClassificationService._explanations:639; CaseGradCamService usa encode_overlay_png:219,Namespace/key relativo o root científico canónico; no fallback legacy,Conservar contrato actual,"f""cell-explanations/{analysis_run_id}/""",True
backend_api/app/services/cell_explanation_storage.py,115,CellExplanationStorage._stage_one,Método,cell-explanations,canonical_runtime,CellClassificationService._explanations:639; CaseGradCamService usa encode_overlay_png:219,Namespace/key relativo o root científico canónico; no fallback legacy,Conservar contrato actual,"namespace=""cell-explanations"",",True
backend_api/app/services/cell_explanation_storage.py,152,CellExplanationStorage.stage,Método,cell-explanations,canonical_runtime,CellClassificationService._explanations:639; CaseGradCamService usa encode_overlay_png:219,Namespace/key relativo o root científico canónico; no fallback legacy,Conservar contrato actual,"directory = self.local.create_staging_directory(""cell-explanations"")",True
backend_api/app/services/local_storage.py,17,STAGING_NAMESPACES,Constante,cell-explanations,canonical_runtime,ImageIngestionService; microscopy_analysis.py:154; image_quality.py:88; CellAnalysisService._local; CellClassificationService._local; routes/scientific.py:364; scripts/reconcile.py y cleanup_staging.py,Namespace/key relativo o root científico canónico; no fallback legacy,Conservar contrato actual,"STAGING_NAMESPACES = frozenset({""uploads"", ""cell-detection"", ""cell-explanations""})",True
backend_api/app/services/local_storage.py,19,CLINICAL_NAMESPACES,Constante,cell-crops,canonical_runtime,ImageIngestionService; microscopy_analysis.py:154; image_quality.py:88; CellAnalysisService._local; CellClassificationService._local; routes/scientific.py:364; scripts/reconcile.py y cleanup_staging.py,Namespace/key relativo o root científico canónico; no fallback legacy,Conservar contrato actual,"{""microscopy-images"", ""cell-crops"", ""cell-explanations""}",True
backend_api/app/services/local_storage.py,19,CLINICAL_NAMESPACES,Constante,cell-explanations,canonical_runtime,ImageIngestionService; microscopy_analysis.py:154; image_quality.py:88; CellAnalysisService._local; CellClassificationService._local; routes/scientific.py:364; scripts/reconcile.py y cleanup_staging.py,Namespace/key relativo o root científico canónico; no fallback legacy,Conservar contrato actual,"{""microscopy-images"", ""cell-crops"", ""cell-explanations""}",True
backend_api/app/services/local_storage.py,19,CLINICAL_NAMESPACES,Constante,microscopy-images,canonical_runtime,ImageIngestionService; microscopy_analysis.py:154; image_quality.py:88; CellAnalysisService._local; CellClassificationService._local; routes/scientific.py:364; scripts/reconcile.py y cleanup_staging.py,Namespace/key relativo o root científico canónico; no fallback legacy,Conservar contrato actual,"{""microscopy-images"", ""cell-crops"", ""cell-explanations""}",True
backend_api/app/services/local_storage.py,156,LocalStorage.__init__,Método,storage_root,canonical_runtime,ImageIngestionService; microscopy_analysis.py:154; image_quality.py:88; CellAnalysisService._local; CellClassificationService._local; routes/scientific.py:364; scripts/reconcile.py y cleanup_staging.py,Namespace/key relativo o root científico canónico; no fallback legacy,Conservar contrato actual,configured_root = Path(self.settings.storage_root),True
backend_api/app/services/local_storage.py,158,LocalStorage.__init__,Método,STORAGE_ROOT,canonical_runtime,ImageIngestionService; microscopy_analysis.py:154; image_quality.py:88; CellAnalysisService._local; CellClassificationService._local; routes/scientific.py:364; scripts/reconcile.py y cleanup_staging.py,Namespace/key relativo o root científico canónico; no fallback legacy,Conservar contrato actual,"raise StorageError(""STORAGE_ROOT debe ser una ruta absoluta."")",True
backend_api/app/services/local_storage.py,162,LocalStorage.__init__,Método,STORAGE_ROOT,canonical_runtime,ImageIngestionService; microscopy_analysis.py:154; image_quality.py:88; CellAnalysisService._local; CellClassificationService._local; routes/scientific.py:364; scripts/reconcile.py y cleanup_staging.py,Namespace/key relativo o root científico canónico; no fallback legacy,Conservar contrato actual,"self._assert_existing_directory_chain(self.root, ""STORAGE_ROOT"")",True
backend_api/app/services/local_storage.py,194,LocalStorage.resolve,Método,STORAGE_ROOT,canonical_runtime,ImageIngestionService; microscopy_analysis.py:154; image_quality.py:88; CellAnalysisService._local; CellClassificationService._local; routes/scientific.py:364; scripts/reconcile.py y cleanup_staging.py,Namespace/key relativo o root científico canónico; no fallback legacy,Conservar contrato actual,"self._assert_existing_directory_chain(self.root, ""STORAGE_ROOT"")",True
backend_api/app/services/local_storage.py,197,LocalStorage.resolve,Método,STORAGE_ROOT,canonical_runtime,ImageIngestionService; microscopy_analysis.py:154; image_quality.py:88; CellAnalysisService._local; CellClassificationService._local; routes/scientific.py:364; scripts/reconcile.py y cleanup_staging.py,Namespace/key relativo o root científico canónico; no fallback legacy,Conservar contrato actual,"raise UnsafeStorageKeyError(""storage_key escapa de STORAGE_ROOT."")",True
backend_api/app/services/local_storage.py,249,LocalStorage.build_key,Método,microscopy-images,canonical_runtime,ImageIngestionService; microscopy_analysis.py:154; image_quality.py:88; CellAnalysisService._local; CellClassificationService._local; routes/scientific.py:364; scripts/reconcile.py y cleanup_staging.py,Namespace/key relativo o root científico canónico; no fallback legacy,Conservar contrato actual,"f""microscopy-images/{subject_id}/{sample_id}/{slide_id}/""",True
backend_api/app/services/local_storage.py,256,LocalStorage._ensure_directory,Método,STORAGE_ROOT,canonical_runtime,ImageIngestionService; microscopy_analysis.py:154; image_quality.py:88; CellAnalysisService._local; CellClassificationService._local; routes/scientific.py:364; scripts/reconcile.py y cleanup_staging.py,Namespace/key relativo o root científico canónico; no fallback legacy,Conservar contrato actual,"raise UnsafeStorageKeyError(""El directorio solicitado escapa de STORAGE_ROOT."")",True
backend_api/app/services/local_storage.py,443,LocalStorage.cleanup,Método,STORAGE_ROOT,canonical_runtime,ImageIngestionService; microscopy_analysis.py:154; image_quality.py:88; CellAnalysisService._local; CellClassificationService._local; routes/scientific.py:364; scripts/reconcile.py y cleanup_staging.py,Namespace/key relativo o root científico canónico; no fallback legacy,Conservar contrato actual,"""Cleanup requiere boundaries internos y distintos de STORAGE_ROOT.""",True
backend_api/app/services/model_explanation_storage.py,10,model_explanation_storage.py,Configuración,ARTIFACTS_ROOT,preserved_model_artifact,"CaseGradCamService.__init__ (factory por defecto):67 → _persist_png → routes/explainability.py:16,26 → main.py:51",Escritura de modelos bajo /app/var/artifacts; staging separado,Preservar; no migrar al namespace clínico,"from app.services.artifacts import ARTIFACTS_ROOT, CAPSTONE_ROOT",True
backend_api/app/services/model_explanation_storage.py,26,ModelExplanationStorage,Clase,ARTIFACTS_ROOT,preserved_model_artifact,"CaseGradCamService.__init__ (factory por defecto):67 → _persist_png → routes/explainability.py:16,26 → main.py:51",Escritura de modelos bajo /app/var/artifacts; staging separado,Preservar; no migrar al namespace clínico,"""""""Non-clinical model explanations rooted exclusively at ARTIFACTS_ROOT.""""""",True
backend_api/app/services/model_explanation_storage.py,29,ModelExplanationStorage.__init__,Método,ARTIFACTS_ROOT,preserved_model_artifact,"CaseGradCamService.__init__ (factory por defecto):67 → _persist_png → routes/explainability.py:16,26 → main.py:51",Escritura de modelos bajo /app/var/artifacts; staging separado,Preservar; no migrar al namespace clínico,configured = Path(root or ARTIFACTS_ROOT),True
backend_api/app/services/model_explanation_storage.py,31,ModelExplanationStorage.__init__,Método,ARTIFACTS_ROOT,preserved_model_artifact,"CaseGradCamService.__init__ (factory por defecto):67 → _persist_png → routes/explainability.py:16,26 → main.py:51",Escritura de modelos bajo /app/var/artifacts; staging separado,Preservar; no migrar al namespace clínico,"raise ModelExplanationStorageError(""ARTIFACTS_ROOT debe resolverse a absoluto."")",True
backend_api/app/services/model_explanation_storage.py,33,ModelExplanationStorage.__init__,Método,model-explanations,preserved_model_artifact,"CaseGradCamService.__init__ (factory por defecto):67 → _persist_png → routes/explainability.py:16,26 → main.py:51",Escritura de modelos bajo /app/var/artifacts; staging separado,Preservar; no migrar al namespace clínico,"self.staging_root = self.root / "".staging"" / ""model-explanations""",True
backend_api/app/services/model_explanation_storage.py,34,ModelExplanationStorage.__init__,Método,model-explanations,preserved_model_artifact,"CaseGradCamService.__init__ (factory por defecto):67 → _persist_png → routes/explainability.py:16,26 → main.py:51",Escritura de modelos bajo /app/var/artifacts; staging separado,Preservar; no migrar al namespace clínico,"self.final_root = self.root / ""model-explanations""",True
backend_api/app/services/model_explanation_storage.py,50,ModelExplanationStorage._assert_existing_chain,Método,ARTIFACTS_ROOT,preserved_model_artifact,"CaseGradCamService.__init__ (factory por defecto):67 → _persist_png → routes/explainability.py:16,26 → main.py:51",Escritura de modelos bajo /app/var/artifacts; staging separado,Preservar; no migrar al namespace clínico,"""ARTIFACTS_ROOT contiene un componente inseguro.""",True
backend_api/app/services/model_explanation_storage.py,56,ModelExplanationStorage._ensure_directory,Método,ARTIFACTS_ROOT,preserved_model_artifact,"CaseGradCamService.__init__ (factory por defecto):67 → _persist_png → routes/explainability.py:16,26 → main.py:51",Escritura de modelos bajo /app/var/artifacts; staging separado,Preservar; no migrar al namespace clínico,"raise ModelExplanationStorageError(""El destino escapa de ARTIFACTS_ROOT."")",True
backend_api/tests/conftest.py,11,os.environ['STORAGE_ROOT'],Test,STORAGE_ROOT,test_fixture,pytest: descubrimiento test_*; no ejecutar suites PostgreSQL en esta fase,Fixture o aserción; no configura runtime,Conservar prueba del contrato,"os.environ[""STORAGE_ROOT""] = str(",True
backend_api/tests/test_artifacts_api.py,102,ArtifactFileApiTests.test_configured_roots_cover_project_outputs_and_both_data_locations,Test,ARTIFACTS_ROOT,test_fixture,pytest: descubrimiento test_*; no ejecutar suites PostgreSQL en esta fase,Fixture o aserción; no configura runtime,Conservar prueba del contrato,"artifacts.ARTIFACTS_ROOT,",True
backend_api/tests/test_case_gradcam_service.py,89,StubCaseGradCamService._persist_png,Test,model-explanations,test_fixture,pytest: descubrimiento test_*; no ejecutar suites PostgreSQL en esta fase,Fixture o aserción; no configura runtime,Conservar prueba del contrato,"f""var/artifacts/model-explanations/{prediction_id}/{explanation_id}/gradcam_overlay.png"",",True
backend_api/tests/test_case_gradcam_service.py,105,_engine,Test,model-explanations,test_fixture,pytest: descubrimiento test_*; no ejecutar suites PostgreSQL en esta fase,Fixture o aserción; no configura runtime,Conservar prueba del contrato,"""explanation_output_path"": ""var/storage/model-explanations/generated.png"",",True
backend_api/tests/test_case_gradcam_service.py,105,_engine,Test,var/storage,test_fixture,pytest: descubrimiento test_*; no ejecutar suites PostgreSQL en esta fase,Fixture o aserción; no configura runtime,Conservar prueba del contrato,"""explanation_output_path"": ""var/storage/model-explanations/generated.png"",",True
backend_api/tests/test_case_gradcam_service.py,184,test_model_explanations_use_artifacts_root_and_separate_staging,Test,artifacts_root,test_fixture,pytest: descubrimiento test_*; no ejecutar suites PostgreSQL en esta fase,Fixture o aserción; no configura runtime,Conservar prueba del contrato,def test_model_explanations_use_artifacts_root_and_separate_staging(tmp_path):,True
backend_api/tests/test_case_gradcam_service.py,185,test_model_explanations_use_artifacts_root_and_separate_staging,Test,artifacts_root,test_fixture,pytest: descubrimiento test_*; no ejecutar suites PostgreSQL en esta fase,Fixture o aserción; no configura runtime,Conservar prueba del contrato,"artifacts_root = tmp_path / ""artifacts""",True
backend_api/tests/test_case_gradcam_service.py,187,test_model_explanations_use_artifacts_root_and_separate_staging,Test,artifacts_root,test_fixture,pytest: descubrimiento test_*; no ejecutar suites PostgreSQL en esta fase,Fixture o aserción; no configura runtime,Conservar prueba del contrato,storage = ModelExplanationStorage(artifacts_root),True
backend_api/tests/test_case_gradcam_service.py,188,test_model_explanations_use_artifacts_root_and_separate_staging,Test,artifacts_root,test_fixture,pytest: descubrimiento test_*; no ejecutar suites PostgreSQL en esta fase,Fixture o aserción; no configura runtime,Conservar prueba del contrato,assert not artifacts_root.exists(),True
backend_api/tests/test_case_gradcam_service.py,195,test_model_explanations_use_artifacts_root_and_separate_staging,Test,artifacts_root,test_fixture,pytest: descubrimiento test_*; no ejecutar suites PostgreSQL en esta fase,Fixture o aserción; no configura runtime,Conservar prueba del contrato,"assert stored.path.is_relative_to(artifacts_root / ""model-explanations"")",True
backend_api/tests/test_case_gradcam_service.py,195,test_model_explanations_use_artifacts_root_and_separate_staging,Test,model-explanations,test_fixture,pytest: descubrimiento test_*; no ejecutar suites PostgreSQL en esta fase,Fixture o aserción; no configura runtime,Conservar prueba del contrato,"assert stored.path.is_relative_to(artifacts_root / ""model-explanations"")",True
backend_api/tests/test_case_gradcam_service.py,206,test_case_gradcam_source_has_no_clinical_storage_writer,Test,var/storage,test_fixture,pytest: descubrimiento test_*; no ejecutar suites PostgreSQL en esta fase,Fixture o aserción; no configura runtime,Conservar prueba del contrato,"assert ""var/storage"" not in source",True
backend_api/tests/test_cell_classification_postgres.py,259,ClassificationPostgresContext.completed_detection,Test,cell-crops,test_fixture,pytest: descubrimiento test_*; no ejecutar suites PostgreSQL en esta fase,Fixture o aserción; no configura runtime,Conservar prueba del contrato,"f""cell-crops/{analysis.analysis_run_id}/""",True
backend_api/tests/test_cell_classification_postgres.py,935,classification_postgres,Test,storage_root,test_fixture,pytest: descubrimiento test_*; no ejecutar suites PostgreSQL en esta fase,Fixture o aserción; no configura runtime,Conservar prueba del contrato,"storage_root=tmp_path / ""storage"",",True
backend_api/tests/test_cell_classification_postgres.py,1682,test_reviews_audit_idempotency_and_append_only_integrity,Test,cell-explanations,test_fixture,pytest: descubrimiento test_*; no ejecutar suites PostgreSQL en esta fase,Fixture o aserción; no configura runtime,Conservar prueba del contrato,"f""cell-explanations/{foreign_analysis_id}/""",True
backend_api/tests/test_cell_classification_postgres.py,1689,test_reviews_audit_idempotency_and_append_only_integrity,Test,cell-explanations,test_fixture,pytest: descubrimiento test_*; no ejecutar suites PostgreSQL en esta fase,Fixture o aserción; no configura runtime,Conservar prueba del contrato,"f""cell-explanations/{foreign_analysis_id}/""",True
backend_api/tests/test_cell_classification_services.py,104,_detection,Test,cell-crops,test_fixture,pytest: descubrimiento test_*; no ejecutar suites PostgreSQL en esta fase,Fixture o aserción; no configura runtime,Conservar prueba del contrato,"""crop_storage_key"": f""cell-crops/{uuid4()}/crop.png"",",True
backend_api/tests/test_cell_classification_services.py,595,_storage,Test,storage_root,test_fixture,pytest: descubrimiento test_*; no ejecutar suites PostgreSQL en esta fase,Fixture o aserción; no configura runtime,Conservar prueba del contrato,"storage_root=tmp_path / ""storage"",",True
backend_api/tests/test_cell_classification_services.py,615,test_explanation_storage_stages_promotes_hashes_and_never_touches_crop,Test,cell-crops,test_fixture,pytest: descubrimiento test_*; no ejecutar suites PostgreSQL en esta fase,Fixture o aserción; no configura runtime,Conservar prueba del contrato,"crop = tmp_path / ""storage"" / ""cell-crops"" / ""crop.png""",True
backend_api/tests/test_cell_classification_services.py,1227,test_manual_gradcam_unsupported_is_terminal_without_changing_prediction,Test,cell-crops,test_fixture,pytest: descubrimiento test_*; no ejecutar suites PostgreSQL en esta fase,Fixture o aserción; no configura runtime,Conservar prueba del contrato,"""crop_storage_key"": ""cell-crops/fake.png"",",True
backend_api/tests/test_cell_classification_services.py,1276,test_plain_gradcam_value_error_is_failed_not_unsupported,Test,cell-crops,test_fixture,pytest: descubrimiento test_*; no ejecutar suites PostgreSQL en esta fase,Fixture o aserción; no configura runtime,Conservar prueba del contrato,"""crop_storage_key"": ""cell-crops/fake.png"",",True
backend_api/tests/test_cell_classification_services.py,1408,test_public_serialization_never_exposes_storage_keys,Test,cell-crops,test_fixture,pytest: descubrimiento test_*; no ejecutar suites PostgreSQL en esta fase,Fixture o aserción; no configura runtime,Conservar prueba del contrato,"""crop_storage_key"": ""cell-crops/internal.png"",",True
backend_api/tests/test_cell_classification_services.py,1518,test_verified_explanation_content_returns_bytes_not_reopened_path,Test,cell-explanations,test_fixture,pytest: descubrimiento test_*; no ejecutar suites PostgreSQL en esta fase,Fixture o aserción; no configura runtime,Conservar prueba del contrato,"key = ""cell-explanations/a/b/c/gradcam_heatmap.png""",True
backend_api/tests/test_cell_classification_services.py,1555,test_heatmap_and_overlay_availability_are_verified_independently,Test,cell-explanations,test_fixture,pytest: descubrimiento test_*; no ejecutar suites PostgreSQL en esta fase,Fixture o aserción; no configura runtime,Conservar prueba del contrato,"heatmap_key = ""cell-explanations/a/b/c/gradcam_heatmap.png""",True
backend_api/tests/test_cell_classification_services.py,1556,test_heatmap_and_overlay_availability_are_verified_independently,Test,cell-explanations,test_fixture,pytest: descubrimiento test_*; no ejecutar suites PostgreSQL en esta fase,Fixture o aserción; no configura runtime,Conservar prueba del contrato,"overlay_key = ""cell-explanations/a/b/c/gradcam_overlay.png""",True
backend_api/tests/test_cell_classification_services.py,1604,test_reconciler_reports_empty_staging_directories,Test,cell-explanations,test_fixture,pytest: descubrimiento test_*; no ejecutar suites PostgreSQL en esta fase,Fixture o aserción; no configura runtime,Conservar prueba del contrato,"/ ""cell-explanations""",True
backend_api/tests/test_cell_classification_services.py,1612,test_reconciler_reports_empty_staging_directories,Test,cell-explanations,test_fixture,pytest: descubrimiento test_*; no ejecutar suites PostgreSQL en esta fase,Fixture o aserción; no configura runtime,Conservar prueba del contrato,""".staging/cell-explanations/classification/empty"",",True
backend_api/tests/test_cell_detection_postgres.py,43,CROP_KEY,Test,cell-crops,test_fixture,pytest: descubrimiento test_*; no ejecutar suites PostgreSQL en esta fase,Fixture o aserción; no configura runtime,Conservar prueba del contrato,"r""^cell-crops/""",True
backend_api/tests/test_cell_detection_postgres.py,152,PostgresContext.create_analysis,Test,microscopy-images,test_fixture,pytest: descubrimiento test_*; no ejecutar suites PostgreSQL en esta fase,Fixture o aserción; no configura runtime,Conservar prueba del contrato,"f""microscopy-images/{subject_id}/{sample_id}/{slide_id}/""",True
backend_api/tests/test_cell_detection_postgres.py,401,postgres_context,Test,storage_root,test_fixture,pytest: descubrimiento test_*; no ejecutar suites PostgreSQL en esta fase,Fixture o aserción; no configura runtime,Conservar prueba del contrato,"storage_root=tmp_path / ""storage"",",True
backend_api/tests/test_cell_detection_postgres.py,897,test_integrity_failure_finishes_failed_without_partial_results,Test,cell-crops,test_fixture,pytest: descubrimiento test_*; no ejecutar suites PostgreSQL en esta fase,Fixture o aserción; no configura runtime,Conservar prueba del contrato,"crop_root = context.local_storage.root / ""cell-crops""",True
backend_api/tests/test_cell_detection_services.py,225,_storage,Test,storage_root,test_fixture,pytest: descubrimiento test_*; no ejecutar suites PostgreSQL en esta fase,Fixture o aserción; no configura runtime,Conservar prueba del contrato,"storage_root=tmp_path / ""storage"",",True
backend_api/tests/test_cell_detection_services.py,250,test_crop_storage_stages_validates_promotes_and_hashes,Test,cell-crops,test_fixture,pytest: descubrimiento test_*; no ejecutar suites PostgreSQL en esta fase,Fixture o aserción; no configura runtime,Conservar prueba del contrato,"f""cell-crops/{values[0]}/{values[1]}/{values[2]}/{values[3]}/crop.png""",True
backend_api/tests/test_cell_detection_services.py,294,test_crop_storage_rejects_symlinked_staging_parent,Test,storage_root,test_fixture,pytest: descubrimiento test_*; no ejecutar suites PostgreSQL en esta fase,Fixture o aserción; no configura runtime,Conservar prueba del contrato,"storage_root=root,",True
backend_api/tests/test_clinical_content_storage_contract.py,51,_image,Test,microscopy-images,test_fixture,pytest: descubrimiento test_*; no ejecutar suites PostgreSQL en esta fase,Fixture o aserción; no configura runtime,Conservar prueba del contrato,"""storage_key"": ""microscopy-images/source.png"",",True
backend_api/tests/test_clinical_content_storage_contract.py,190,test_crop_reader_delegates_size_and_checksum_to_crop_storage,Test,cell-crops,test_fixture,pytest: descubrimiento test_*; no ejecutar suites PostgreSQL en esta fase,Fixture o aserción; no configura runtime,Conservar prueba del contrato,"""relative_storage_key"": ""cell-crops/run/crop.png"",",True
backend_api/tests/test_image_ingestion_services.py,27,storage,Test,STORAGE_ROOT,test_fixture,pytest: descubrimiento test_*; no ejecutar suites PostgreSQL en esta fase,Fixture o aserción; no configura runtime,Conservar prueba del contrato,"monkeypatch.setenv(""STORAGE_ROOT"", str(tmp_path / ""storage""))",True
backend_api/tests/test_image_ingestion_services.py,104,test_rejects_symlink_configured_as_storage_root,Test,storage_root,test_fixture,pytest: descubrimiento test_*; no ejecutar suites PostgreSQL en esta fase,Fixture o aserción; no configura runtime,Conservar prueba del contrato,"def test_rejects_symlink_configured_as_storage_root(tmp_path, monkeypatch):",True
backend_api/tests/test_image_ingestion_services.py,109,test_rejects_symlink_configured_as_storage_root,Test,STORAGE_ROOT,test_fixture,pytest: descubrimiento test_*; no ejecutar suites PostgreSQL en esta fase,Fixture o aserción; no configura runtime,Conservar prueba del contrato,"monkeypatch.setenv(""STORAGE_ROOT"", str(linked_root))",True
backend_api/tests/test_image_ingestion_services.py,112,test_rejects_symlink_configured_as_storage_root,Test,STORAGE_ROOT,test_fixture,pytest: descubrimiento test_*; no ejecutar suites PostgreSQL en esta fase,Fixture o aserción; no configura runtime,Conservar prueba del contrato,"with pytest.raises(StorageError, match=""STORAGE_ROOT""):",True
backend_api/tests/test_local_storage_contract.py,26,_storage,Test,storage_root,test_fixture,pytest: descubrimiento test_*; no ejecutar suites PostgreSQL en esta fase,Fixture o aserción; no configura runtime,Conservar prueba del contrato,"storage_root=tmp_path / ""clinical-storage"",",True
backend_api/tests/test_local_storage_contract.py,46,test_construction_and_missing_reads_are_strictly_read_only,Test,microscopy-images,test_fixture,pytest: descubrimiento test_*; no ejecutar suites PostgreSQL en esta fase,Fixture o aserción; no configura runtime,Conservar prueba del contrato,"storage.resolve(""microscopy-images/missing.png"", must_exist=True)",True
backend_api/tests/test_local_storage_contract.py,55,test_valid_verified_read_preserves_content_and_modification_time,Test,microscopy-images,test_fixture,pytest: descubrimiento test_*; no ejecutar suites PostgreSQL en esta fase,Fixture o aserción; no configura runtime,Conservar prueba del contrato,"path = _write(storage, ""microscopy-images/source.bin"", payload)",True
backend_api/tests/test_local_storage_contract.py,59,test_valid_verified_read_preserves_content_and_modification_time,Test,microscopy-images,test_fixture,pytest: descubrimiento test_*; no ejecutar suites PostgreSQL en esta fase,Fixture o aserción; no configura runtime,Conservar prueba del contrato,"""microscopy-images/source.bin"",",True
backend_api/tests/test_local_storage_contract.py,88,test_symlinks_and_directories_are_rejected_at_every_boundary,Test,storage_root,test_fixture,pytest: descubrimiento test_*; no ejecutar suites PostgreSQL en esta fase,Fixture o aserción; no configura runtime,Conservar prueba del contrato,"storage_root=linked_root,",True
backend_api/tests/test_local_storage_contract.py,120,test_integrity_errors_are_differentiated_and_replacement_is_detected,Test,cell-crops,test_fixture,pytest: descubrimiento test_*; no ejecutar suites PostgreSQL en esta fase,Fixture o aserción; no configura runtime,Conservar prueba del contrato,"key = ""cell-crops/crop.png""",True
backend_api/tests/test_local_storage_contract.py,138,test_integrity_errors_are_differentiated_and_replacement_is_detected,Test,cell-crops,test_fixture,pytest: descubrimiento test_*; no ejecutar suites PostgreSQL en esta fase,Fixture o aserción; no configura runtime,Conservar prueba del contrato,"""cell-crops/missing.png"",",True
backend_api/tests/test_local_storage_contract.py,156,test_checksum_is_streamed_in_multiple_blocks,Test,microscopy-images,test_fixture,pytest: descubrimiento test_*; no ejecutar suites PostgreSQL en esta fase,Fixture o aserción; no configura runtime,Conservar prueba del contrato,"key = ""microscopy-images/large.bin""",True
backend_api/tests/test_local_storage_contract.py,187,test_staging_promotion_permissions_no_overwrite_and_cleanup_boundaries,Test,cell-crops,test_fixture,pytest: descubrimiento test_*; no ejecutar suites PostgreSQL en esta fase,Fixture o aserción; no configura runtime,Conservar prueba del contrato,"key = ""cell-crops/run/image/crop.png""",True
backend_api/tests/test_local_storage_contract.py,211,test_staging_promotion_permissions_no_overwrite_and_cleanup_boundaries,Test,model-explanations,test_fixture,pytest: descubrimiento test_*; no ejecutar suites PostgreSQL en esta fase,Fixture o aserción; no configura runtime,Conservar prueba del contrato,"""model-explanations/not-clinical.png"",",True
backend_api/tests/test_local_storage_contract.py,216,test_staging_promotion_permissions_no_overwrite_and_cleanup_boundaries,Test,microscopy-images,test_fixture,pytest: descubrimiento test_*; no ejecutar suites PostgreSQL en esta fase,Fixture o aserción; no configura runtime,Conservar prueba del contrato,"original = _write(storage, ""microscopy-images/original.bin"", b""original"")",True
backend_api/tests/test_local_storage_contract.py,217,test_staging_promotion_permissions_no_overwrite_and_cleanup_boundaries,Test,cell-explanations,test_fixture,pytest: descubrimiento test_*; no ejecutar suites PostgreSQL en esta fase,Fixture o aserción; no configura runtime,Conservar prueba del contrato,"explanation = _write(storage, ""cell-explanations/explanation.bin"", b""xai"")",True
backend_api/tests/test_local_storage_contract.py,220,test_staging_promotion_permissions_no_overwrite_and_cleanup_boundaries,Test,cell-crops,test_fixture,pytest: descubrimiento test_*; no ejecutar suites PostgreSQL en esta fase,Fixture o aserción; no configura runtime,Conservar prueba del contrato,"boundaries=(storage.staging / ""cell-detection"", storage.root / ""cell-crops""),",True
backend_api/tests/test_local_storage_contract.py,227,test_staging_promotion_permissions_no_overwrite_and_cleanup_boundaries,Test,cell-crops,test_fixture,pytest: descubrimiento test_*; no ejecutar suites PostgreSQL en esta fase,Fixture o aserción; no configura runtime,Conservar prueba del contrato,"assert (storage.root / ""cell-crops"").exists()",True
backend_api/tests/test_scientific_data_api_postgres.py,71,scientific_client,Test,STORAGE_ROOT,test_fixture,pytest: descubrimiento test_*; no ejecutar suites PostgreSQL en esta fase,Fixture o aserción; no configura runtime,Conservar prueba del contrato,"monkeypatch.setenv(""STORAGE_ROOT"", str(tmp_path / ""storage""))",True
backend_api/tests/test_scientific_storage_config.py,19,test_storage_root_is_required,Test,storage_root,test_fixture,pytest: descubrimiento test_*; no ejecutar suites PostgreSQL en esta fase,Fixture o aserción; no configura runtime,Conservar prueba del contrato,"def test_storage_root_is_required(monkeypatch, value):",True
backend_api/tests/test_scientific_storage_config.py,22,test_storage_root_is_required,Test,STORAGE_ROOT,test_fixture,pytest: descubrimiento test_*; no ejecutar suites PostgreSQL en esta fase,Fixture o aserción; no configura runtime,Conservar prueba del contrato,"monkeypatch.delenv(""STORAGE_ROOT"", raising=False)",True
backend_api/tests/test_scientific_storage_config.py,24,test_storage_root_is_required,Test,STORAGE_ROOT,test_fixture,pytest: descubrimiento test_*; no ejecutar suites PostgreSQL en esta fase,Fixture o aserción; no configura runtime,Conservar prueba del contrato,"monkeypatch.setenv(""STORAGE_ROOT"", value)",True
backend_api/tests/test_scientific_storage_config.py,26,test_storage_root_is_required,Test,STORAGE_ROOT,test_fixture,pytest: descubrimiento test_*; no ejecutar suites PostgreSQL en esta fase,Fixture o aserción; no configura runtime,Conservar prueba del contrato,"with pytest.raises(ValueError, match=""STORAGE_ROOT""):",True
backend_api/tests/test_scientific_storage_config.py,32,test_scientific_storage_config.py,Test,./var/storage,test_fixture,pytest: descubrimiento test_*; no ejecutar suites PostgreSQL en esta fase,Fixture o aserción; no configura runtime,Conservar prueba del contrato,"[""var/storage"", ""./var/storage"", ""backend_api/var/storage""],",True
backend_api/tests/test_scientific_storage_config.py,32,test_scientific_storage_config.py,Test,backend_api/var/storage,test_fixture,pytest: descubrimiento test_*; no ejecutar suites PostgreSQL en esta fase,Fixture o aserción; no configura runtime,Conservar prueba del contrato,"[""var/storage"", ""./var/storage"", ""backend_api/var/storage""],",True
backend_api/tests/test_scientific_storage_config.py,32,test_scientific_storage_config.py,Test,var/storage,test_fixture,pytest: descubrimiento test_*; no ejecutar suites PostgreSQL en esta fase,Fixture o aserción; no configura runtime,Conservar prueba del contrato,"[""var/storage"", ""./var/storage"", ""backend_api/var/storage""],",True
backend_api/tests/test_scientific_storage_config.py,34,test_storage_root_rejects_relative_paths_without_disclosing_value,Test,storage_root,test_fixture,pytest: descubrimiento test_*; no ejecutar suites PostgreSQL en esta fase,Fixture o aserción; no configura runtime,Conservar prueba del contrato,def test_storage_root_rejects_relative_paths_without_disclosing_value(,True
backend_api/tests/test_scientific_storage_config.py,38,test_storage_root_rejects_relative_paths_without_disclosing_value,Test,STORAGE_ROOT,test_fixture,pytest: descubrimiento test_*; no ejecutar suites PostgreSQL en esta fase,Fixture o aserción; no configura runtime,Conservar prueba del contrato,"monkeypatch.setenv(""STORAGE_ROOT"", value)",True
backend_api/tests/test_scientific_storage_config.py,40,test_storage_root_rejects_relative_paths_without_disclosing_value,Test,STORAGE_ROOT,test_fixture,pytest: descubrimiento test_*; no ejecutar suites PostgreSQL en esta fase,Fixture o aserción; no configura runtime,Conservar prueba del contrato,"with pytest.raises(ValueError, match=""STORAGE_ROOT"") as error:",True
backend_api/tests/test_scientific_storage_config.py,46,test_absolute_temporary_storage_root_is_accepted_without_creation,Test,storage_root,test_fixture,pytest: descubrimiento test_*; no ejecutar suites PostgreSQL en esta fase,Fixture o aserción; no configura runtime,Conservar prueba del contrato,def test_absolute_temporary_storage_root_is_accepted_without_creation(,True
backend_api/tests/test_scientific_storage_config.py,50,test_absolute_temporary_storage_root_is_accepted_without_creation,Test,storage_root,test_fixture,pytest: descubrimiento test_*; no ejecutar suites PostgreSQL en esta fase,Fixture o aserción; no configura runtime,Conservar prueba del contrato,"storage_root = tmp_path / ""not-created-by-configuration""",True
backend_api/tests/test_scientific_storage_config.py,51,test_absolute_temporary_storage_root_is_accepted_without_creation,Test,STORAGE_ROOT,test_fixture,pytest: descubrimiento test_*; no ejecutar suites PostgreSQL en esta fase,Fixture o aserción; no configura runtime,Conservar prueba del contrato,"monkeypatch.setenv(""STORAGE_ROOT"", str(storage_root))",True
backend_api/tests/test_scientific_storage_config.py,51,test_absolute_temporary_storage_root_is_accepted_without_creation,Test,storage_root,test_fixture,pytest: descubrimiento test_*; no ejecutar suites PostgreSQL en esta fase,Fixture o aserción; no configura runtime,Conservar prueba del contrato,"monkeypatch.setenv(""STORAGE_ROOT"", str(storage_root))",True
backend_api/tests/test_scientific_storage_config.py,55,test_absolute_temporary_storage_root_is_accepted_without_creation,Test,storage_root,test_fixture,pytest: descubrimiento test_*; no ejecutar suites PostgreSQL en esta fase,Fixture o aserción; no configura runtime,Conservar prueba del contrato,assert settings.storage_root == storage_root,True
backend_api/tests/test_scientific_storage_config.py,56,test_absolute_temporary_storage_root_is_accepted_without_creation,Test,storage_root,test_fixture,pytest: descubrimiento test_*; no ejecutar suites PostgreSQL en esta fase,Fixture o aserción; no configura runtime,Conservar prueba del contrato,assert settings.storage_root.is_absolute(),True
backend_api/tests/test_scientific_storage_config.py,57,test_absolute_temporary_storage_root_is_accepted_without_creation,Test,storage_root,test_fixture,pytest: descubrimiento test_*; no ejecutar suites PostgreSQL en esta fase,Fixture o aserción; no configura runtime,Conservar prueba del contrato,assert not storage_root.exists(),True
backend_api/tests/test_scientific_storage_docker_contract.py,80,test_compose_declares_one_private_read_write_scientific_volume_for_backend,Test,/app/var/storage,test_fixture,pytest: descubrimiento test_*; no ejecutar suites PostgreSQL en esta fase,Fixture o aserción; no configura runtime,Conservar prueba del contrato,"assert environment.count(""      STORAGE_ROOT: /app/var/storage"") == 1",True
backend_api/tests/test_scientific_storage_docker_contract.py,80,test_compose_declares_one_private_read_write_scientific_volume_for_backend,Test,STORAGE_ROOT,test_fixture,pytest: descubrimiento test_*; no ejecutar suites PostgreSQL en esta fase,Fixture o aserción; no configura runtime,Conservar prueba del contrato,"assert environment.count(""      STORAGE_ROOT: /app/var/storage"") == 1",True
backend_api/tests/test_scientific_storage_docker_contract.py,81,test_compose_declares_one_private_read_write_scientific_volume_for_backend,Test,STORAGE_ROOT,test_fixture,pytest: descubrimiento test_*; no ejecutar suites PostgreSQL en esta fase,Fixture o aserción; no configura runtime,Conservar prueba del contrato,"assert ""STORAGE_ROOT"" not in backend_override",True
backend_api/tests/test_scientific_storage_docker_contract.py,86,test_compose_declares_one_private_read_write_scientific_volume_for_backend,Test,/app/var/storage,test_fixture,pytest: descubrimiento test_*; no ejecutar suites PostgreSQL en esta fase,Fixture o aserción; no configura runtime,Conservar prueba del contrato,"storage_mounts = [mount for mount in parsed if mount[1] == ""/app/var/storage""]",True
backend_api/tests/test_scientific_storage_docker_contract.py,88,test_compose_declares_one_private_read_write_scientific_volume_for_backend,Test,/app/var/storage,test_fixture,pytest: descubrimiento test_*; no ejecutar suites PostgreSQL en esta fase,Fixture o aserción; no configura runtime,Conservar prueba del contrato,"(""scientific_storage"", ""/app/var/storage"", ()),",True
backend_api/tests/test_scientific_storage_docker_contract.py,112,test_scientific_roots_are_excluded_from_build_context_and_future_git_adds,Test,var/storage,test_fixture,pytest: descubrimiento test_*; no ejecutar suites PostgreSQL en esta fase,Fixture o aserción; no configura runtime,Conservar prueba del contrato,"""var/storage"",",True
backend_api/tests/test_scientific_storage_docker_contract.py,113,test_scientific_roots_are_excluded_from_build_context_and_future_git_adds,Test,var/storage,test_fixture,pytest: descubrimiento test_*; no ejecutar suites PostgreSQL en esta fase,Fixture o aserción; no configura runtime,Conservar prueba del contrato,"""var/storage/**"",",True
backend_api/tests/test_scientific_storage_docker_contract.py,114,test_scientific_roots_are_excluded_from_build_context_and_future_git_adds,Test,backend_api/var/storage,test_fixture,pytest: descubrimiento test_*; no ejecutar suites PostgreSQL en esta fase,Fixture o aserción; no configura runtime,Conservar prueba del contrato,"""backend_api/var/storage"",",True
backend_api/tests/test_scientific_storage_docker_contract.py,115,test_scientific_roots_are_excluded_from_build_context_and_future_git_adds,Test,backend_api/var/storage,test_fixture,pytest: descubrimiento test_*; no ejecutar suites PostgreSQL en esta fase,Fixture o aserción; no configura runtime,Conservar prueba del contrato,"""backend_api/var/storage/**"",",True
backend_api/tests/test_scientific_storage_docker_contract.py,120,test_scientific_roots_are_excluded_from_build_context_and_future_git_adds,Test,microscopy-images,test_fixture,pytest: descubrimiento test_*; no ejecutar suites PostgreSQL en esta fase,Fixture o aserción; no configura runtime,Conservar prueba del contrato,"""microscopy-images"",",True
backend_api/tests/test_scientific_storage_docker_contract.py,121,test_scientific_roots_are_excluded_from_build_context_and_future_git_adds,Test,cell-crops,test_fixture,pytest: descubrimiento test_*; no ejecutar suites PostgreSQL en esta fase,Fixture o aserción; no configura runtime,Conservar prueba del contrato,"""cell-crops"",",True
backend_api/tests/test_scientific_storage_docker_contract.py,122,test_scientific_roots_are_excluded_from_build_context_and_future_git_adds,Test,cell-explanations,test_fixture,pytest: descubrimiento test_*; no ejecutar suites PostgreSQL en esta fase,Fixture o aserción; no configura runtime,Conservar prueba del contrato,"""cell-explanations"",",True
backend_api/tests/test_scientific_storage_docker_contract.py,123,test_scientific_roots_are_excluded_from_build_context_and_future_git_adds,Test,model-explanations,test_fixture,pytest: descubrimiento test_*; no ejecutar suites PostgreSQL en esta fase,Fixture o aserción; no configura runtime,Conservar prueba del contrato,"""model-explanations"",",True
backend_api/tests/test_scientific_storage_docker_contract.py,128,test_scientific_roots_are_excluded_from_build_context_and_future_git_adds,Test,backend_api/var/storage,test_fixture,pytest: descubrimiento test_*; no ejecutar suites PostgreSQL en esta fase,Fixture o aserción; no configura runtime,Conservar prueba del contrato,"for root in (""var/storage"", ""backend_api/var/storage"")",True
backend_api/tests/test_scientific_storage_docker_contract.py,128,test_scientific_roots_are_excluded_from_build_context_and_future_git_adds,Test,var/storage,test_fixture,pytest: descubrimiento test_*; no ejecutar suites PostgreSQL en esta fase,Fixture o aserción; no configura runtime,Conservar prueba del contrato,"for root in (""var/storage"", ""backend_api/var/storage"")",True
backend_api/tests/test_scientific_storage_docker_contract.py,136,test_dockerfile_prepares_empty_mountpoint_for_non_root_user,Test,/app/var/storage,test_fixture,pytest: descubrimiento test_*; no ejecutar suites PostgreSQL en esta fase,Fixture o aserción; no configura runtime,Conservar prueba del contrato,"assert ""mkdir -p /app/var/storage"" in dockerfile",True
backend_api/tests/test_smear_reset_tool.py,19,test_smear_reset_tool.py,Test,microscopy-images,test_fixture,pytest: descubrimiento test_*; no ejecutar suites PostgreSQL en esta fase,Fixture o aserción; no configura runtime,Conservar prueba del contrato,"@pytest.mark.parametrize(""key"", [""/absolute.png"", ""../escape.png"", ""microscopy-images/../x""])",True
backend_api/tests/test_smear_reset_tool.py,26,test_rejects_preserved_and_unknown_namespaces,Test,model-explanations,test_fixture,pytest: descubrimiento test_*; no ejecutar suites PostgreSQL en esta fase,Fixture o aserción; no configura runtime,Conservar prueba del contrato,"for key in (""model-explanations/model/overlay.png"", ""artifacts/file.bin""):",True
backend_api/tests/test_smear_reset_tool.py,33,test_manifest_entry_is_deterministic_and_complete,Test,cell-crops,test_fixture,pytest: descubrimiento test_*; no ejecutar suites PostgreSQL en esta fase,Fixture o aserción; no configura runtime,Conservar prueba del contrato,"path = root / ""cell-crops"" / ""run"" / ""crop.png""",True
backend_api/tests/test_smear_reset_tool.py,37,test_manifest_entry_is_deterministic_and_complete,Test,cell-crops,test_fixture,pytest: descubrimiento test_*; no ejecutar suites PostgreSQL en esta fase,Fixture o aserción; no configura runtime,Conservar prueba del contrato,"item = reset.inspect_file(root, key=""cell-crops/run/crop.png"", table=""cell_crops"",",True
backend_api/tests/test_smear_reset_tool.py,39,test_manifest_entry_is_deterministic_and_complete,Test,cell-crops,test_fixture,pytest: descubrimiento test_*; no ejecutar suites PostgreSQL en esta fase,Fixture o aserción; no configura runtime,Conservar prueba del contrato,"assert item.namespace == ""cell-crops""",True
backend_api/tests/test_smear_reset_tool.py,49,test_manifest_rejects_symlink,Test,microscopy-images,test_fixture,pytest: descubrimiento test_*; no ejecutar suites PostgreSQL en esta fase,Fixture o aserción; no configura runtime,Conservar prueba del contrato,"(root / ""microscopy-images"").symlink_to(target)",True
backend_api/tests/test_smear_reset_tool.py,51,test_manifest_rejects_symlink,Test,microscopy-images,test_fixture,pytest: descubrimiento test_*; no ejecutar suites PostgreSQL en esta fase,Fixture o aserción; no configura runtime,Conservar prueba del contrato,"reset.inspect_file(root, key=""microscopy-images"", table=""microscopy_images"",",True
backend_api/tests/test_smear_reset_tool.py,63,test_audit_classification_is_exact_and_fail_closed,Test,cell-crops,test_fixture,pytest: descubrimiento test_*; no ejecutar suites PostgreSQL en esta fase,Fixture o aserción; no configura runtime,Conservar prueba del contrato,"clinical = {""run-1"", ""image-1""}; keys = {""cell-crops/run-1/crop.png""}",True
backend_api/tests/test_smear_reset_tool.py,71,test_audit_classification_is_exact_and_fail_closed,Test,cell-crops,test_fixture,pytest: descubrimiento test_*; no ejecutar suites PostgreSQL en esta fase,Fixture o aserción; no configura runtime,Conservar prueba del contrato,"assert reset.classify_audit_event(event(metadata={""storage_key"":""cell-crops/run-1/crop.png""}), clinical, keys).category == ""DELETE_CLINICAL_AUDIT""",True
backend_api/tests/test_smear_reset_tool.py,114,test_exact_post_commit_file_deletion_and_idempotence,Test,microscopy-images,test_fixture,pytest: descubrimiento test_*; no ejecutar suites PostgreSQL en esta fase,Fixture o aserción; no configura runtime,Conservar prueba del contrato,"path = root / ""microscopy-images"" / ""one.jpg""",True
backend_api/tests/test_smear_reset_tool.py,118,test_exact_post_commit_file_deletion_and_idempotence,Test,microscopy-images,test_fixture,pytest: descubrimiento test_*; no ejecutar suites PostgreSQL en esta fase,Fixture o aserción; no configura runtime,Conservar prueba del contrato,"item = reset.inspect_file(root, key=""microscopy-images/one.jpg"", table=""microscopy_images"",",True
backend_api/tests/test_smear_reset_tool.py,187,recovery,Test,cell-crops,test_fixture,pytest: descubrimiento test_*; no ejecutar suites PostgreSQL en esta fase,Fixture o aserción; no configura runtime,Conservar prueba del contrato,path = root / 'cell-crops' / 'run' / name,True
backend_api/tests/test_smear_reset_tool.py,189,recovery,Test,cell-crops,test_fixture,pytest: descubrimiento test_*; no ejecutar suites PostgreSQL en esta fase,Fixture o aserción; no configura runtime,Conservar prueba del contrato,"files.append(reset.inspect_file(root, key=f'cell-crops/run/{name}', table='cell_crops',",True
backend_api/tests/test_smear_reset_tool.py,192,recovery,Test,model-explanations,test_fixture,pytest: descubrimiento test_*; no ejecutar suites PostgreSQL en esta fase,Fixture o aserción; no configura runtime,Conservar prueba del contrato,preserved = root / 'model-explanations' / 'keep'; preserved.parent.mkdir(); preserved.write_bytes(b'keep'),True
backend_api/tests/test_smear_reset_tool.py,243,test_smear_reset_tool.py,Test,model-explanations,test_fixture,pytest: descubrimiento test_*; no ejecutar suites PostgreSQL en esta fase,Fixture o aserción; no configura runtime,Conservar prueba del contrato,"lambda p: p['storage_files'][0].update(namespace='model-explanations'),",True
backend_api/tests/test_smear_reset_tool.py,285,test_after_completes_and_preserves_roots,Test,cell-crops,test_fixture,pytest: descubrimiento test_*; no ejecutar suites PostgreSQL en esta fase,Fixture o aserción; no configura runtime,Conservar prueba del contrato,assert (root / 'cell-crops').is_dir(),True
backend_api/tests/test_smear_reset_tool.py,286,test_after_completes_and_preserves_roots,Test,cell-crops,test_fixture,pytest: descubrimiento test_*; no ejecutar suites PostgreSQL en esta fase,Fixture o aserción; no configura runtime,Conservar prueba del contrato,assert not (root / 'cell-crops/run').exists(),True
backend_api/tests/test_smear_reset_tool.py,287,test_after_completes_and_preserves_roots,Test,model-explanations,test_fixture,pytest: descubrimiento test_*; no ejecutar suites PostgreSQL en esta fase,Fixture o aserción; no configura runtime,Conservar prueba del contrato,assert (root / 'model-explanations/keep').read_bytes() == b'keep',True
backend_api/tests/test_smear_reset_tool.py,293,test_partial_cleanup_retries_absent_files_and_preserves_additional,Test,cell-crops,test_fixture,pytest: descubrimiento test_*; no ejecutar suites PostgreSQL en esta fase,Fixture o aserción; no configura runtime,Conservar prueba del contrato,modified = root / 'cell-crops/run/b'; original = modified.read_bytes(); info = modified.stat(),True
backend_api/tests/test_smear_reset_tool.py,295,test_partial_cleanup_retries_absent_files_and_preserves_additional,Test,cell-crops,test_fixture,pytest: descubrimiento test_*; no ejecutar suites PostgreSQL en esta fase,Fixture o aserción; no configura runtime,Conservar prueba del contrato,extra = root / 'cell-crops/run/extra'; extra.write_bytes(b'extra'),True
backend_api/tests/test_smear_reset_tool.py,298,test_partial_cleanup_retries_absent_files_and_preserves_additional,Test,cell-crops,test_fixture,pytest: descubrimiento test_*; no ejecutar suites PostgreSQL en esta fase,Fixture o aserción; no configura runtime,Conservar prueba del contrato,assert result['conflicts'] == ['cell-crops/run/b: STORAGE_FILE_CHANGED'],True
backend_api/tests/test_smear_reset_tool.py,304,test_partial_cleanup_retries_absent_files_and_preserves_additional,Test,cell-crops,test_fixture,pytest: descubrimiento test_*; no ejecutar suites PostgreSQL en esta fase,Fixture o aserción; no configura runtime,Conservar prueba del contrato,assert result['additional_files'] == ['cell-crops/run/extra'],True
backend_api/tests/test_smear_reset_tool.py,312,test_symlinks_block,Test,cell-crops,test_fixture,pytest: descubrimiento test_*; no ejecutar suites PostgreSQL en esta fase,Fixture o aserción; no configura runtime,Conservar prueba del contrato,victim = root / 'cell-crops/run/a'; victim.unlink(); victim.symlink_to(root / 'model-explanations/keep'),True
backend_api/tests/test_smear_reset_tool.py,312,test_symlinks_block,Test,model-explanations,test_fixture,pytest: descubrimiento test_*; no ejecutar suites PostgreSQL en esta fase,Fixture o aserción; no configura runtime,Conservar prueba del contrato,victim = root / 'cell-crops/run/a'; victim.unlink(); victim.symlink_to(root / 'model-explanations/keep'),True
backend_api/tests/test_smear_reset_tool.py,314,test_symlinks_block,Test,cell-crops,test_fixture,pytest: descubrimiento test_*; no ejecutar suites PostgreSQL en esta fase,Fixture o aserción; no configura runtime,Conservar prueba del contrato,"victim = root / 'cell-crops/run'; victim.rename(root / 'moved'); victim.symlink_to(root / 'moved', target_is_directory=True)",True
backend_api/tests/test_smear_reset_tool.py,320,test_symlinks_block,Test,model-explanations,test_fixture,pytest: descubrimiento test_*; no ejecutar suites PostgreSQL en esta fase,Fixture o aserción; no configura runtime,Conservar prueba del contrato,assert (root / 'model-explanations/keep').read_bytes() == b'keep',True
backend_api/tests/test_smear_reset_tool.py,404,test_cli_authorization,Test,STORAGE_ROOT,test_fixture,pytest: descubrimiento test_*; no ejecutar suites PostgreSQL en esta fase,Fixture o aserción; no configura runtime,Conservar prueba del contrato,"monkeypatch.setenv('STORAGE_ROOT', str(root)); monkeypatch.setenv('SMEAR_RESET_ALLOW_EXECUTION', optin)",True
backend_api/tests/test_smear_reset_tool.py,474,test_changed_preserved_file_blocks_without_cleanup,Test,model-explanations,test_fixture,pytest: descubrimiento test_*; no ejecutar suites PostgreSQL en esta fase,Fixture o aserción; no configura runtime,Conservar prueba del contrato,(root / 'model-explanations/keep').write_bytes(b'changed'),True
backend_api/tests/test_smear_reset_tool.py,476,test_changed_preserved_file_blocks_without_cleanup,Test,cell-crops,test_fixture,pytest: descubrimiento test_*; no ejecutar suites PostgreSQL en esta fase,Fixture o aserción; no configura runtime,Conservar prueba del contrato,assert (root / 'cell-crops/run/a').exists(),True
backend_api/tests/test_smear_reset_tool.py,504,test_crash_after_manifest_unlink_does_not_reuse_operation,Test,cell-crops,test_fixture,pytest: descubrimiento test_*; no ejecutar suites PostgreSQL en esta fase,Fixture o aserción; no configura runtime,Conservar prueba del contrato,extra = root / 'cell-crops/new'; extra.write_bytes(b'new'),True
backend_api/tests/test_smear_reset_tool.py,519,test_missing_backup_and_operation_id_without_resume,Test,STORAGE_ROOT,test_fixture,pytest: descubrimiento test_*; no ejecutar suites PostgreSQL en esta fase,Fixture o aserción; no configura runtime,Conservar prueba del contrato,"monkeypatch.setenv('STORAGE_ROOT', str(root))",True
backend_api/tests/test_smear_reset_tool.py,531,Rows.mappings,Test,cell-crops,test_fixture,pytest: descubrimiento test_*; no ejecutar suites PostgreSQL en esta fase,Fixture o aserción; no configura runtime,Conservar prueba del contrato,def mappings(self): return [{'snapshot': {'key': 'cell-crops/a'}}],True
backend_api/tests/test_smear_reset_tool.py,535,test_preserved_reference_guard_uses_exact_keys,Test,cell-crops,test_fixture,pytest: descubrimiento test_*; no ejecutar suites PostgreSQL en esta fase,Fixture o aserción; no configura runtime,Conservar prueba del contrato,"reset.validate_preserved_storage_references(Connection(), {'cell-crops/a'})",True
backend_api/tests/test_smear_reset_tool.py,536,test_preserved_reference_guard_uses_exact_keys,Test,cell-crops,test_fixture,pytest: descubrimiento test_*; no ejecutar suites PostgreSQL en esta fase,Fixture o aserción; no configura runtime,Conservar prueba del contrato,"reset.validate_preserved_storage_references(Connection(), {'cell-crops/other'})",True
backend_api/tests/test_smear_reset_tool.py,549,test_dry_run_read_only_and_no_manifest,Test,STORAGE_ROOT,test_fixture,pytest: descubrimiento test_*; no ejecutar suites PostgreSQL en esta fase,Fixture o aserción; no configura runtime,Conservar prueba del contrato,"monkeypatch.setenv('STORAGE_ROOT', str(tmp_path))",True
backend_api/tests/test_smear_reset_tool.py,600,test_lost_commit_acknowledgement_resolves_prepared,Test,cell-crops,test_fixture,pytest: descubrimiento test_*; no ejecutar suites PostgreSQL en esta fase,Fixture o aserción; no configura runtime,Conservar prueba del contrato,assert (root / 'cell-crops/run/a').exists(),True
backend_api/tests/test_smear_reset_tool.py,603,test_lost_commit_acknowledgement_resolves_prepared,Test,cell-crops,test_fixture,pytest: descubrimiento test_*; no ejecutar suites PostgreSQL en esta fase,Fixture o aserción; no configura runtime,Conservar prueba del contrato,assert (root / 'cell-crops/run/a').exists() is (not committed),True
backend_api/tests/test_smear_reset_tool.py,649,test_plan_classifies_canonical_references_and_retains_dml_counts,Test,cell-crops,test_fixture,pytest: descubrimiento test_*; no ejecutar suites PostgreSQL en esta fase,Fixture o aserción; no configura runtime,Conservar prueba del contrato,file = root / 'cell-crops/present'; file.parent.mkdir(); file.write_bytes(b'crop'),True
backend_api/tests/test_smear_reset_tool.py,650,test_plan_classifies_canonical_references_and_retains_dml_counts,Test,cell-crops,test_fixture,pytest: descubrimiento test_*; no ejecutar suites PostgreSQL en esta fase,Fixture o aserción; no configura runtime,Conservar prueba del contrato,"rows.append(crop_row('present-id', 'cell-crops/present'))",True
backend_api/tests/test_smear_reset_tool.py,651,test_plan_classifies_canonical_references_and_retains_dml_counts,Test,cell-crops,test_fixture,pytest: descubrimiento test_*; no ejecutar suites PostgreSQL en esta fase,Fixture o aserción; no configura runtime,Conservar prueba del contrato,"if absent: rows.append(crop_row('absent-id', 'cell-crops/missing/absent'))",True
backend_api/tests/test_smear_reset_tool.py,668,test_smear_reset_tool.py,Test,cell-crops,test_fixture,pytest: descubrimiento test_*; no ejecutar suites PostgreSQL en esta fase,Fixture o aserción; no configura runtime,Conservar prueba del contrato,"@pytest.mark.parametrize('key', ['', None, '../escape', '/host/private/secret', 'cell-crops/../x',",True
backend_api/tests/test_smear_reset_tool.py,669,test_smear_reset_tool.py,Test,cell-crops,test_fixture,pytest: descubrimiento test_*; no ejecutar suites PostgreSQL en esta fase,Fixture o aserción; no configura runtime,Conservar prueba del contrato,"'cell-crops//x', 'cell-crops/./x', 'cell-crops',",True
backend_api/tests/test_smear_reset_tool.py,670,test_smear_reset_tool.py,Test,cell-crops,test_fixture,pytest: descubrimiento test_*; no ejecutar suites PostgreSQL en esta fase,Fixture o aserción; no configura runtime,Conservar prueba del contrato,"'microscopy-images/wrong-table', 'cell-crops/host\\x',",True
backend_api/tests/test_smear_reset_tool.py,670,test_smear_reset_tool.py,Test,microscopy-images,test_fixture,pytest: descubrimiento test_*; no ejecutar suites PostgreSQL en esta fase,Fixture o aserción; no configura runtime,Conservar prueba del contrato,"'microscopy-images/wrong-table', 'cell-crops/host\\x',",True
backend_api/tests/test_smear_reset_tool.py,671,test_smear_reset_tool.py,Test,backend_api/var/storage,test_fixture,pytest: descubrimiento test_*; no ejecutar suites PostgreSQL en esta fase,Fixture o aserción; no configura runtime,Conservar prueba del contrato,"'var/storage/cell-crops/x', 'backend_api/var/storage/cell-crops/x'])",True
backend_api/tests/test_smear_reset_tool.py,671,test_smear_reset_tool.py,Test,cell-crops,test_fixture,pytest: descubrimiento test_*; no ejecutar suites PostgreSQL en esta fase,Fixture o aserción; no configura runtime,Conservar prueba del contrato,"'var/storage/cell-crops/x', 'backend_api/var/storage/cell-crops/x'])",True
backend_api/tests/test_smear_reset_tool.py,671,test_smear_reset_tool.py,Test,var/storage,test_fixture,pytest: descubrimiento test_*; no ejecutar suites PostgreSQL en esta fase,Fixture o aserción; no configura runtime,Conservar prueba del contrato,"'var/storage/cell-crops/x', 'backend_api/var/storage/cell-crops/x'])",True
backend_api/tests/test_smear_reset_tool.py,679,test_present_metadata_mismatch_blocks,Test,cell-crops,test_fixture,pytest: descubrimiento test_*; no ejecutar suites PostgreSQL en esta fase,Fixture o aserción; no configura runtime,Conservar prueba del contrato,file = tmp_path / 'cell-crops/file'; file.parent.mkdir(); file.write_bytes(b'crop'),True
backend_api/tests/test_smear_reset_tool.py,680,test_present_metadata_mismatch_blocks,Test,cell-crops,test_fixture,pytest: descubrimiento test_*; no ejecutar suites PostgreSQL en esta fase,Fixture o aserción; no configura runtime,Conservar prueba del contrato,"row = crop_row('id', 'cell-crops/file'); row[field] = value",True
backend_api/tests/test_smear_reset_tool.py,690,test_reference_physical_type_is_not_misclassified_as_missing,Test,cell-crops,test_fixture,pytest: descubrimiento test_*; no ejecutar suites PostgreSQL en esta fase,Fixture o aserción; no configura runtime,Conservar prueba del contrato,"(root / 'cell-crops').symlink_to(outside, target_is_directory=True)",True
backend_api/tests/test_smear_reset_tool.py,691,test_reference_physical_type_is_not_misclassified_as_missing,Test,cell-crops,test_fixture,pytest: descubrimiento test_*; no ejecutar suites PostgreSQL en esta fase,Fixture o aserción; no configura runtime,Conservar prueba del contrato,elif kind == 'parent_file': (root / 'cell-crops').write_bytes(b'x'),True
backend_api/tests/test_smear_reset_tool.py,693,test_reference_physical_type_is_not_misclassified_as_missing,Test,cell-crops,test_fixture,pytest: descubrimiento test_*; no ejecutar suites PostgreSQL en esta fase,Fixture o aserción; no configura runtime,Conservar prueba del contrato,(root / 'cell-crops').mkdir(),True
backend_api/tests/test_smear_reset_tool.py,694,test_reference_physical_type_is_not_misclassified_as_missing,Test,cell-crops,test_fixture,pytest: descubrimiento test_*; no ejecutar suites PostgreSQL en esta fase,Fixture o aserción; no configura runtime,Conservar prueba del contrato,if kind == 'directory': (root / 'cell-crops/file').mkdir(),True
backend_api/tests/test_smear_reset_tool.py,695,test_reference_physical_type_is_not_misclassified_as_missing,Test,cell-crops,test_fixture,pytest: descubrimiento test_*; no ejecutar suites PostgreSQL en esta fase,Fixture o aserción; no configura runtime,Conservar prueba del contrato,else: (root / 'cell-crops/file').symlink_to(outside / 'missing'),True
backend_api/tests/test_smear_reset_tool.py,697,test_reference_physical_type_is_not_misclassified_as_missing,Test,cell-crops,test_fixture,pytest: descubrimiento test_*; no ejecutar suites PostgreSQL en esta fase,Fixture o aserción; no configura runtime,Conservar prueba del contrato,"reset.build_manifest(ReferenceConnection({'cell_crops': [crop_row('id', 'cell-crops/file')]}), root)",True
backend_api/tests/test_smear_reset_tool.py,703,test_shared_storage_identity_is_ambiguous,Test,cell-crops,test_fixture,pytest: descubrimiento test_*; no ejecutar suites PostgreSQL en esta fase,Fixture o aserción; no configura runtime,Conservar prueba del contrato,file = tmp_path / 'cell-crops/file'; file.parent.mkdir(); file.write_bytes(b'crop'),True
backend_api/tests/test_smear_reset_tool.py,704,test_shared_storage_identity_is_ambiguous,Test,cell-crops,test_fixture,pytest: descubrimiento test_*; no ejecutar suites PostgreSQL en esta fase,Fixture o aserción; no configura runtime,Conservar prueba del contrato,"rows = [crop_row('one', 'cell-crops/file'), crop_row('two', 'cell-crops/file')]",True
backend_api/tests/test_smear_reset_tool.py,710,test_optional_expected_metadata_is_auditable,Test,cell-crops,test_fixture,pytest: descubrimiento test_*; no ejecutar suites PostgreSQL en esta fase,Fixture o aserción; no configura runtime,Conservar prueba del contrato,"row = crop_row('absent', 'cell-crops/absent'); row.update(file_size_bytes=None, sha256=None)",True
backend_api/tests/test_smear_reset_tool.py,713,test_optional_expected_metadata_is_auditable,Test,cell-crops,test_fixture,pytest: descubrimiento test_*; no ejecutar suites PostgreSQL en esta fase,Fixture o aserción; no configura runtime,Conservar prueba del contrato,file = tmp_path / 'cell-crops/present'; file.parent.mkdir(); file.write_bytes(b'crop'),True
backend_api/tests/test_smear_reset_tool.py,714,test_optional_expected_metadata_is_auditable,Test,cell-crops,test_fixture,pytest: descubrimiento test_*; no ejecutar suites PostgreSQL en esta fase,Fixture o aserción; no configura runtime,Conservar prueba del contrato,row['relative_storage_key'] = 'cell-crops/present',True
backend_api/tests/test_smear_reset_tool.py,724,missing_recovery,Test,cell-crops,test_fixture,pytest: descubrimiento test_*; no ejecutar suites PostgreSQL en esta fase,Fixture o aserción; no configura runtime,Conservar prueba del contrato,"'cell-crops/absent/not-created', 4, hashlib.sha256(b'crop').hexdigest())",True
backend_api/tests/test_smear_reset_tool.py,745,test_recovery_never_opens_or_unlinks_missing_reference,Test,model-explanations,test_fixture,pytest: descubrimiento test_*; no ejecutar suites PostgreSQL en esta fase,Fixture o aserción; no configura runtime,Conservar prueba del contrato,assert (root / 'model-explanations/keep').read_bytes() == b'keep',True
backend_api/tests/test_smear_reset_tool.py,754,test_appeared_missing_key_blocks_without_open_or_deletion,Test,model-explanations,test_fixture,pytest: descubrimiento test_*; no ejecutar suites PostgreSQL en esta fase,Fixture o aserción; no configura runtime,Conservar prueba del contrato,else: file.symlink_to(root / 'model-explanations/keep'),True
backend_api/tests/test_smear_reset_tool.py,762,test_appeared_missing_key_blocks_without_open_or_deletion,Test,cell-crops,test_fixture,pytest: descubrimiento test_*; no ejecutar suites PostgreSQL en esta fase,Fixture o aserción; no configura runtime,Conservar prueba del contrato,assert (root / 'cell-crops/run/a').exists(),True
backend_api/tests/test_smear_reset_tool.py,784,test_missing_only_completes_without_cleanup_pending,Test,cell-crops,test_fixture,pytest: descubrimiento test_*; no ejecutar suites PostgreSQL en esta fase,Fixture o aserción; no configura runtime,Conservar prueba del contrato,assert (root / 'cell-crops/run/a').exists(),True
backend_api/tests/test_smear_reset_tool.py,799,test_smear_reset_tool.py,Test,cell-crops,test_fixture,pytest: descubrimiento test_*; no ejecutar suites PostgreSQL en esta fase,Fixture o aserción; no configura runtime,Conservar prueba del contrato,"lambda p: p['storage_files'][0].update(storage_key='cell-crops/expanded'),",True
backend_api/tests/test_smear_reset_tool.py,800,test_smear_reset_tool.py,Test,cell-crops,test_fixture,pytest: descubrimiento test_*; no ejecutar suites PostgreSQL en esta fase,Fixture o aserción; no configura runtime,Conservar prueba del contrato,"lambda p: p['storage_files'].append(dict(p['storage_files'][0], storage_key='cell-crops/new')),",True
backend_api/tests/test_smear_reset_tool.py,811,test_unvalidated_physical_target_cannot_be_written,Test,cell-crops,test_fixture,pytest: descubrimiento test_*; no ejecutar suites PostgreSQL en esta fase,Fixture o aserción; no configura runtime,Conservar prueba del contrato,"files[0] = reset.ManifestEntry(**dict(payload['storage_files'][0], storage_key='cell-crops/not-validated'))",True
backend_api/tests/test_smear_reset_tool.py,819,test_missing_preserved_reference_guard_is_not_lost,Test,cell-crops,test_fixture,pytest: descubrimiento test_*; no ejecutar suites PostgreSQL en esta fase,Fixture o aserción; no configura runtime,Conservar prueba del contrato,"connection = ReferenceConnection({'cell_crops': [crop_row('id', 'cell-crops/absent')]})",True
backend_api/tests/test_smear_reset_tool.py,824,test_missing_preserved_reference_guard_is_not_lost,Test,cell-crops,test_fixture,pytest: descubrimiento test_*; no ejecutar suites PostgreSQL en esta fase,Fixture o aserción; no configura runtime,Conservar prueba del contrato,assert observed == [{'cell-crops/absent'}],True
backend_api/tests/test_smear_reset_tool.py,829,test_implementation_has_no_alternate_roots_or_destructive_patterns,Test,backend_api/var/storage,test_fixture,pytest: descubrimiento test_*; no ejecutar suites PostgreSQL en esta fase,Fixture o aserción; no configura runtime,Conservar prueba del contrato,"for forbidden in ('var/storage', 'backend_api/var/storage', 'rm -rf', 'TRUNCATE CASCADE',",True
backend_api/tests/test_smear_reset_tool.py,829,test_implementation_has_no_alternate_roots_or_destructive_patterns,Test,var/storage,test_fixture,pytest: descubrimiento test_*; no ejecutar suites PostgreSQL en esta fase,Fixture o aserción; no configura runtime,Conservar prueba del contrato,"for forbidden in ('var/storage', 'backend_api/var/storage', 'rm -rf', 'TRUNCATE CASCADE',",True
backend_api/tests/test_smear_reset_tool.py,840,test_cli_error_output_is_sanitized,Test,STORAGE_ROOT,test_fixture,pytest: descubrimiento test_*; no ejecutar suites PostgreSQL en esta fase,Fixture o aserción; no configura runtime,Conservar prueba del contrato,"monkeypatch.setenv('STORAGE_ROOT', str(tmp_path))",True
backend_api/tests/test_smear_reset_tool.py,850,test_full_dry_run_accepts_missing_without_dml_or_manifest,Test,cell-crops,test_fixture,pytest: descubrimiento test_*; no ejecutar suites PostgreSQL en esta fase,Fixture o aserción; no configura runtime,Conservar prueba del contrato,"connection = ReferenceConnection({'cell_crops': [crop_row('missing-id', 'cell-crops/absent')]})",True
backend_api/tests/test_smear_reset_tool.py,866,test_full_dry_run_accepts_missing_without_dml_or_manifest,Test,STORAGE_ROOT,test_fixture,pytest: descubrimiento test_*; no ejecutar suites PostgreSQL en esta fase,Fixture o aserción; no configura runtime,Conservar prueba del contrato,"monkeypatch.setenv('STORAGE_ROOT', str(tmp_path))",True
backend_api/tests/test_smear_reset_tool.py,942,test_execute_mixed_references_commits_all_rows_before_physical_cleanup,Test,cell-crops,test_fixture,pytest: descubrimiento test_*; no ejecutar suites PostgreSQL en esta fase,Fixture o aserción; no configura runtime,Conservar prueba del contrato,assert (root / 'cell-crops/run/a').exists(),True
backend_api/tests/test_smear_reset_tool.py,950,test_execute_mixed_references_commits_all_rows_before_physical_cleanup,Test,model-explanations,test_fixture,pytest: descubrimiento test_*; no ejecutar suites PostgreSQL en esta fase,Fixture o aserción; no configura runtime,Conservar prueba del contrato,assert (root / 'model-explanations/keep').read_bytes() == b'keep',True
backend_api/tests/test_smear_reset_tool.py,962,test_missing_references_respect_every_recovery_state,Test,cell-crops,test_fixture,pytest: descubrimiento test_*; no ejecutar suites PostgreSQL en esta fase,Fixture o aserción; no configura runtime,Conservar prueba del contrato,assert path.exists() and (root / 'cell-crops/run/a').exists(),True
backend_api/tests/test_smear_reset_tool.py,1005,tamper,Test,cell-crops,test_fixture,pytest: descubrimiento test_*; no ejecutar suites PostgreSQL en esta fase,Fixture o aserción; no configura runtime,Conservar prueba del contrato,current['storage_files'][0]['storage_key'] = 'cell-crops/new-target',True
backend_api/tests/test_smear_reset_tool.py,1010,test_recovery_does_not_accept_targets_changed_after_validation,Test,cell-crops,test_fixture,pytest: descubrimiento test_*; no ejecutar suites PostgreSQL en esta fase,Fixture o aserción; no configura runtime,Conservar prueba del contrato,assert (root / 'cell-crops/run/a').exists(),True
backend_api/tests/test_smear_reset_tool.py,1016,test_existing_staging_and_unknown_namespaces_keep_their_contract,Test,model-explanations,test_fixture,pytest: descubrimiento test_*; no ejecutar suites PostgreSQL en esta fase,Fixture o aserción; no configura runtime,Conservar prueba del contrato,model = tmp_path / '.staging/model-explanations/keep'; model.parent.mkdir(); model.write_bytes(b'keep'),True
backend_api/tests/test_smear_reset_tool.py,1043,test_missing_root_is_not_classified_as_missing_file,Test,cell-crops,test_fixture,pytest: descubrimiento test_*; no ejecutar suites PostgreSQL en esta fase,Fixture o aserción; no configura runtime,Conservar prueba del contrato,"reset.build_manifest(ReferenceConnection({'cell_crops': [crop_row('id', 'cell-crops/absent')]}),",True
backend_api/tests/test_smear_reset_tool.py,1052,test_smear_reset_tool.py,Test,cell-crops,test_fixture,pytest: descubrimiento test_*; no ejecutar suites PostgreSQL en esta fase,Fixture o aserción; no configura runtime,Conservar prueba del contrato,"lambda p: p['storage_files'].append(dict(p['storage_files'][0], storage_key='cell-crops/new')),",True
docker-compose.yml,34,docker-compose.yml,Configuración,/app/var/storage,canonical_runtime,Compose env_file y configuración backend,Namespace/key relativo o root científico canónico; no fallback legacy,Conservar contrato actual,STORAGE_ROOT: /app/var/storage,True
docker-compose.yml,34,docker-compose.yml,Configuración,STORAGE_ROOT,canonical_runtime,Compose env_file y configuración backend,Namespace/key relativo o root científico canónico; no fallback legacy,Conservar contrato actual,STORAGE_ROOT: /app/var/storage,True
docker-compose.yml,36,docker-compose.yml,Configuración,/app/var/storage,canonical_runtime,Compose env_file y configuración backend,Namespace/key relativo o root científico canónico; no fallback legacy,Conservar contrato actual,- scientific_storage:/app/var/storage,True
docs/adr/ADR-019-cell-detection-and-review.md,22,ADR-019-cell-detection-and-review.md,Documento,/app/var/storage,documentation_current,Lectores de documentación,Sin acceso a archivos en runtime,Aclarar root canónico si se menciona var/storage sin /app,clínico bajo el contrato `STORAGE_ROOT=/app/var/storage`. No existe una,True
docs/adr/ADR-019-cell-detection-and-review.md,22,ADR-019-cell-detection-and-review.md,Documento,STORAGE_ROOT,documentation_current,Lectores de documentación,Sin acceso a archivos en runtime,Aclarar root canónico si se menciona var/storage sin /app,clínico bajo el contrato `STORAGE_ROOT=/app/var/storage`. No existe una,True
docs/api/delivery2_openapi_v1_draft.yaml,319,delivery2_openapi_v1_draft.yaml,Documento,cell-crops,documentation_historical,Lectores de documentación,Sin acceso a archivos en runtime,Conservar evidencia histórica,/cell-crops/{crop_id}:,True
docs/architecture/cell_detection_data_model.md,144,cell_detection_data_model.md,Documento,cell-crops,documentation_current,Lectores de documentación,Sin acceso a archivos en runtime,Aclarar root canónico si se menciona var/storage sin /app,`cell-crops/{analysis_run}/{detection_run}/{image}/{detection}/crop.png`;,True
docs/architecture/cell_detection_data_model.md,190,cell_detection_data_model.md,Documento,var/storage,documentation_current,Lectores de documentación,Sin acceso a archivos en runtime,Aclarar root canónico si se menciona var/storage sin /app,- PostgreSQL contiene metadata y relaciones; `var/storage` contiene binarios.,True
docs/audits/architecture_audit_2026-09-08.md,12,architecture_audit_2026-09-08.md,Documento,STORAGE_ROOT,documentation_current,Lectores de documentación,Sin acceso a archivos en runtime,Aclarar root canónico si se menciona var/storage sin /app,"> los cuatro commits posteriores (`c0b7686b` unificación STORAGE_ROOT, `a9d60ead`",False
docs/audits/architecture_audit_2026-09-08.md,24,architecture_audit_2026-09-08.md,Documento,/app/var/storage,documentation_current,Lectores de documentación,Sin acceso a archivos en runtime,Aclarar root canónico si se menciona var/storage sin /app,montado en `/app/var/storage` dentro del contenedor `backend`. Esta unificación,False
docs/audits/architecture_audit_2026-09-08.md,28,architecture_audit_2026-09-08.md,Documento,backend_api/var/storage,documentation_current,Lectores de documentación,Sin acceso a archivos en runtime,Aclarar root canónico si se menciona var/storage sin /app,producción ya no lee ni escribe en `var/storage/` ni `backend_api/var/storage/`** —,False
docs/audits/architecture_audit_2026-09-08.md,28,architecture_audit_2026-09-08.md,Documento,var/storage,documentation_current,Lectores de documentación,Sin acceso a archivos en runtime,Aclarar root canónico si se menciona var/storage sin /app,producción ya no lee ni escribe en `var/storage/` ni `backend_api/var/storage/`** —,False
docs/audits/architecture_audit_2026-09-08.md,33,architecture_audit_2026-09-08.md,Documento,var/storage,documentation_current,Lectores de documentación,Sin acceso a archivos en runtime,Aclarar root canónico si se menciona var/storage sin /app,"directorios `var/storage/` (8.5 MB, 560 archivos, mtime más reciente 2026-08-10) y",False
docs/audits/architecture_audit_2026-09-08.md,34,architecture_audit_2026-09-08.md,Documento,backend_api/var/storage,documentation_current,Lectores de documentación,Sin acceso a archivos en runtime,Aclarar root canónico si se menciona var/storage sin /app,"`backend_api/var/storage/` (18 MB, 1.828 archivos, mtime más reciente 2026-08-29) siguen",False
docs/audits/architecture_audit_2026-09-08.md,36,architecture_audit_2026-09-08.md,Documento,backend_api/var/storage,documentation_current,Lectores de documentación,Sin acceso a archivos en runtime,Aclarar root canónico si se menciona var/storage sin /app,"Git** (16 bajo `var/storage/`, 6 bajo `backend_api/var/storage/`, 3.8 MB en total). Ambas",False
docs/audits/architecture_audit_2026-09-08.md,36,architecture_audit_2026-09-08.md,Documento,var/storage,documentation_current,Lectores de documentación,Sin acceso a archivos en runtime,Aclarar root canónico si se menciona var/storage sin /app,"Git** (16 bajo `var/storage/`, 6 bajo `backend_api/var/storage/`, 3.8 MB en total). Ambas",False
docs/audits/architecture_audit_2026-09-08.md,61,architecture_audit_2026-09-08.md,Documento,backend_api/var/storage,documentation_current,Lectores de documentación,Sin acceso a archivos en runtime,Aclarar root canónico si se menciona var/storage sin /app,"| 4 | Directorios `var/storage/`, `backend_api/var/storage/` con datos residuales no versionados (26.5 MB) | **Medio** — limpieza de host pendiente, sin riesgo funcional activo |",False
docs/audits/architecture_audit_2026-09-08.md,61,architecture_audit_2026-09-08.md,Documento,var/storage,documentation_current,Lectores de documentación,Sin acceso a archivos en runtime,Aclarar root canónico si se menciona var/storage sin /app,"| 4 | Directorios `var/storage/`, `backend_api/var/storage/` con datos residuales no versionados (26.5 MB) | **Medio** — limpieza de host pendiente, sin riesgo funcional activo |",False
docs/audits/architecture_audit_2026-09-08.md,79,architecture_audit_2026-09-08.md,Documento,/app/var/storage,documentation_current,Lectores de documentación,Sin acceso a archivos en runtime,Aclarar root canónico si se menciona var/storage sin /app,VOL[(Volumen scientific_storage\n/app/var/storage)],False
docs/audits/architecture_audit_2026-09-08.md,88,architecture_audit_2026-09-08.md,Documento,var/storage,documentation_current,Lectores de documentación,Sin acceso a archivos en runtime,Aclarar root canónico si se menciona var/storage sin /app,"L1[var/storage/\n560 archivos, 16 versionados]",False
docs/audits/architecture_audit_2026-09-08.md,89,architecture_audit_2026-09-08.md,Documento,backend_api/var/storage,documentation_current,Lectores de documentación,Sin acceso a archivos en runtime,Aclarar root canónico si se menciona var/storage sin /app,"L2[backend_api/var/storage/\n1828 archivos, 6 versionados]",False
docs/audits/architecture_audit_2026-09-08.md,117,architecture_audit_2026-09-08.md,Documento,STORAGE_ROOT,documentation_current,Lectores de documentación,Sin acceso a archivos en runtime,Aclarar root canónico si se menciona var/storage sin /app,"(`STORAGE_ROOT`), con capas especializadas: `cell_crop_storage.py`,",False
docs/audits/architecture_audit_2026-09-08.md,134,architecture_audit_2026-09-08.md,Documento,/app/var/storage,documentation_current,Lectores de documentación,Sin acceso a archivos en runtime,Aclarar root canónico si se menciona var/storage sin /app,"scientific_storage (volumen Docker) → /app/var/storage (STORAGE_ROOT, dentro del contenedor)",False
docs/audits/architecture_audit_2026-09-08.md,134,architecture_audit_2026-09-08.md,Documento,STORAGE_ROOT,documentation_current,Lectores de documentación,Sin acceso a archivos en runtime,Aclarar root canónico si se menciona var/storage sin /app,"scientific_storage (volumen Docker) → /app/var/storage (STORAGE_ROOT, dentro del contenedor)",False
docs/audits/architecture_audit_2026-09-08.md,137,architecture_audit_2026-09-08.md,Documento,/app/var/storage,documentation_current,Lectores de documentación,Sin acceso a archivos en runtime,Aclarar root canónico si se menciona var/storage sin /app,`STORAGE_PROVIDER=local` y `STORAGE_ROOT=/app/var/storage` se fijan en,False
docs/audits/architecture_audit_2026-09-08.md,137,architecture_audit_2026-09-08.md,Documento,STORAGE_ROOT,documentation_current,Lectores de documentación,Sin acceso a archivos en runtime,Aclarar root canónico si se menciona var/storage sin /app,`STORAGE_PROVIDER=local` y `STORAGE_ROOT=/app/var/storage` se fijan en,False
docs/audits/architecture_audit_2026-09-08.md,140,architecture_audit_2026-09-08.md,Documento,STORAGE_ROOT,documentation_current,Lectores de documentación,Sin acceso a archivos en runtime,Aclarar root canónico si se menciona var/storage sin /app,"`STORAGE_ROOT` sea una ruta absoluta (`_required_absolute_path`), y",False
docs/audits/architecture_audit_2026-09-08.md,146,architecture_audit_2026-09-08.md,Documento,STORAGE_ROOT,documentation_current,Lectores de documentación,Sin acceso a archivos en runtime,Aclarar root canónico si se menciona var/storage sin /app,"*""El único root operativo es el `STORAGE_ROOT` configurado por Compose (...). Los",False
docs/audits/architecture_audit_2026-09-08.md,147,architecture_audit_2026-09-08.md,Documento,backend_api/var/storage,documentation_current,Lectores de documentación,Sin acceso a archivos en runtime,Aclarar root canónico si se menciona var/storage sin /app,directorios históricos del repositorio `var/storage/` y `backend_api/var/storage/` no,False
docs/audits/architecture_audit_2026-09-08.md,147,architecture_audit_2026-09-08.md,Documento,var/storage,documentation_current,Lectores de documentación,Sin acceso a archivos en runtime,Aclarar root canónico si se menciona var/storage sin /app,directorios históricos del repositorio `var/storage/` y `backend_api/var/storage/` no,False
docs/audits/architecture_audit_2026-09-08.md,154,architecture_audit_2026-09-08.md,Documento,/app/var/storage,documentation_current,Lectores de documentación,Sin acceso a archivos en runtime,Aclarar root canónico si se menciona var/storage sin /app,"| `STORAGE_ROOT=/app/var/storage` | `.env.example:29`, `backend_api/.env.example:9` | Valor por defecto documentado para Docker | **Canónico** |",False
docs/audits/architecture_audit_2026-09-08.md,154,architecture_audit_2026-09-08.md,Documento,STORAGE_ROOT,documentation_current,Lectores de documentación,Sin acceso a archivos en runtime,Aclarar root canónico si se menciona var/storage sin /app,"| `STORAGE_ROOT=/app/var/storage` | `.env.example:29`, `backend_api/.env.example:9` | Valor por defecto documentado para Docker | **Canónico** |",False
docs/audits/architecture_audit_2026-09-08.md,155,architecture_audit_2026-09-08.md,Documento,/app/var/storage,documentation_current,Lectores de documentación,Sin acceso a archivos en runtime,Aclarar root canónico si se menciona var/storage sin /app,"| `STORAGE_ROOT: /app/var/storage` + `scientific_storage:/app/var/storage` | `docker-compose.yml:34,36,55` | Definición del volumen y env del servicio `backend` | **Canónico** |",False
docs/audits/architecture_audit_2026-09-08.md,155,architecture_audit_2026-09-08.md,Documento,STORAGE_ROOT,documentation_current,Lectores de documentación,Sin acceso a archivos en runtime,Aclarar root canónico si se menciona var/storage sin /app,"| `STORAGE_ROOT: /app/var/storage` + `scientific_storage:/app/var/storage` | `docker-compose.yml:34,36,55` | Definición del volumen y env del servicio `backend` | **Canónico** |",False
docs/audits/architecture_audit_2026-09-08.md,156,architecture_audit_2026-09-08.md,Documento,/app/var/storage,documentation_current,Lectores de documentación,Sin acceso a archivos en runtime,Aclarar root canónico si se menciona var/storage sin /app,| `mkdir -p /app/var/storage` | `backend_api/Dockerfile:32` | Crea el mountpoint vacío con owner `capstone` | **Canónico** |,False
docs/audits/architecture_audit_2026-09-08.md,157,architecture_audit_2026-09-08.md,Documento,STORAGE_ROOT,documentation_current,Lectores de documentación,Sin acceso a archivos en runtime,Aclarar root canónico si se menciona var/storage sin /app,"| `_required_absolute_path(""STORAGE_ROOT"")` | `backend_api/app/config.py:126` | Falla cerrado si falta o es relativa | **Canónico** (guardia) |",False
docs/audits/architecture_audit_2026-09-08.md,159,architecture_audit_2026-09-08.md,Documento,storage_root,documentation_current,Lectores de documentación,Sin acceso a archivos en runtime,Aclarar root canónico si se menciona var/storage sin /app,"| `get_settings().storage_root` | `scripts/storage/reconcile_cell_crops.py:58`, `reconcile_cell_explanations.py:93` | Scripts de reconciliación usan exclusivamente el root canónico | **Canónico** |",False
docs/audits/architecture_audit_2026-09-08.md,160,architecture_audit_2026-09-08.md,Documento,STORAGE_ROOT,documentation_current,Lectores de documentación,Sin acceso a archivos en runtime,Aclarar root canónico si se menciona var/storage sin /app,"| `root_value = os.environ.get(""STORAGE_ROOT"")` | `scripts/storage/reset_smear_analysis.py:1008-1009` | La herramienta de reset exige `STORAGE_ROOT` y no discute rutas alternativas | **Canónico** |",False
docs/audits/architecture_audit_2026-09-08.md,161,architecture_audit_2026-09-08.md,Documento,backend_api/var/storage,documentation_current,Lectores de documentación,Sin acceso a archivos en runtime,Aclarar root canónico si se menciona var/storage sin /app,"| `var/storage`, `var/storage/**`, `backend_api/var/storage`, `backend_api/var/storage/**` | `.dockerignore:11-14` | Excluye ambas rutas legacy del build context | **Legacy — exclusión activa** |",False
docs/audits/architecture_audit_2026-09-08.md,161,architecture_audit_2026-09-08.md,Documento,var/storage,documentation_current,Lectores de documentación,Sin acceso a archivos en runtime,Aclarar root canónico si se menciona var/storage sin /app,"| `var/storage`, `var/storage/**`, `backend_api/var/storage`, `backend_api/var/storage/**` | `.dockerignore:11-14` | Excluye ambas rutas legacy del build context | **Legacy — exclusión activa** |",False
docs/audits/architecture_audit_2026-09-08.md,162,architecture_audit_2026-09-08.md,Documento,backend_api/var/storage,documentation_current,Lectores de documentación,Sin acceso a archivos en runtime,Aclarar root canónico si se menciona var/storage sin /app,"| `/var/storage/{namespace}/`, `/backend_api/var/storage/{namespace}/` (×5 namespaces) | `.gitignore:44-53` | Evita que nuevo contenido runtime bajo esas rutas se versione | **Legacy — exclusión activa** |",False
docs/audits/architecture_audit_2026-09-08.md,162,architecture_audit_2026-09-08.md,Documento,var/storage,documentation_current,Lectores de documentación,Sin acceso a archivos en runtime,Aclarar root canónico si se menciona var/storage sin /app,"| `/var/storage/{namespace}/`, `/backend_api/var/storage/{namespace}/` (×5 namespaces) | `.gitignore:44-53` | Evita que nuevo contenido runtime bajo esas rutas se versione | **Legacy — exclusión activa** |",False
docs/audits/architecture_audit_2026-09-08.md,164,architecture_audit_2026-09-08.md,Documento,./var/storage,documentation_current,Lectores de documentación,Sin acceso a archivos en runtime,Aclarar root canónico si se menciona var/storage sin /app,"| `'var/storage', './var/storage', 'backend_api/var/storage'` (parametrize) | `backend_api/tests/test_scientific_storage_config.py:30-43` | Ejemplos usados para probar el rechazo genérico de rutas relativas en `STORAGE_ROOT` | **Legacy — usado solo como ejemplo negativo** |",False
docs/audits/architecture_audit_2026-09-08.md,164,architecture_audit_2026-09-08.md,Documento,STORAGE_ROOT,documentation_current,Lectores de documentación,Sin acceso a archivos en runtime,Aclarar root canónico si se menciona var/storage sin /app,"| `'var/storage', './var/storage', 'backend_api/var/storage'` (parametrize) | `backend_api/tests/test_scientific_storage_config.py:30-43` | Ejemplos usados para probar el rechazo genérico de rutas relativas en `STORAGE_ROOT` | **Legacy — usado solo como ejemplo negativo** |",False
docs/audits/architecture_audit_2026-09-08.md,164,architecture_audit_2026-09-08.md,Documento,backend_api/var/storage,documentation_current,Lectores de documentación,Sin acceso a archivos en runtime,Aclarar root canónico si se menciona var/storage sin /app,"| `'var/storage', './var/storage', 'backend_api/var/storage'` (parametrize) | `backend_api/tests/test_scientific_storage_config.py:30-43` | Ejemplos usados para probar el rechazo genérico de rutas relativas en `STORAGE_ROOT` | **Legacy — usado solo como ejemplo negativo** |",False
docs/audits/architecture_audit_2026-09-08.md,164,architecture_audit_2026-09-08.md,Documento,var/storage,documentation_current,Lectores de documentación,Sin acceso a archivos en runtime,Aclarar root canónico si se menciona var/storage sin /app,"| `'var/storage', './var/storage', 'backend_api/var/storage'` (parametrize) | `backend_api/tests/test_scientific_storage_config.py:30-43` | Ejemplos usados para probar el rechazo genérico de rutas relativas en `STORAGE_ROOT` | **Legacy — usado solo como ejemplo negativo** |",False
docs/audits/architecture_audit_2026-09-08.md,165,architecture_audit_2026-09-08.md,Documento,backend_api/var/storage,documentation_current,Lectores de documentación,Sin acceso a archivos en runtime,Aclarar root canónico si se menciona var/storage sin /app,"| `'var/storage/cell-crops/x', 'backend_api/var/storage/cell-crops/x'`, lista `forbidden` | `backend_api/tests/test_smear_reset_tool.py:671,829` | La herramienta de reset debe rechazar explícitamente ambas raíces si aparecieran | **Legacy — bloqueado explícitamente** |",False
docs/audits/architecture_audit_2026-09-08.md,165,architecture_audit_2026-09-08.md,Documento,cell-crops,documentation_current,Lectores de documentación,Sin acceso a archivos en runtime,Aclarar root canónico si se menciona var/storage sin /app,"| `'var/storage/cell-crops/x', 'backend_api/var/storage/cell-crops/x'`, lista `forbidden` | `backend_api/tests/test_smear_reset_tool.py:671,829` | La herramienta de reset debe rechazar explícitamente ambas raíces si aparecieran | **Legacy — bloqueado explícitamente** |",False
docs/audits/architecture_audit_2026-09-08.md,165,architecture_audit_2026-09-08.md,Documento,var/storage,documentation_current,Lectores de documentación,Sin acceso a archivos en runtime,Aclarar root canónico si se menciona var/storage sin /app,"| `'var/storage/cell-crops/x', 'backend_api/var/storage/cell-crops/x'`, lista `forbidden` | `backend_api/tests/test_smear_reset_tool.py:671,829` | La herramienta de reset debe rechazar explícitamente ambas raíces si aparecieran | **Legacy — bloqueado explícitamente** |",False
docs/audits/architecture_audit_2026-09-08.md,166,architecture_audit_2026-09-08.md,Documento,backend_api/var/storage,documentation_current,Lectores de documentación,Sin acceso a archivos en runtime,Aclarar root canónico si se menciona var/storage sin /app,"| *""Los roots históricos `var/storage` y `backend_api/var/storage` quedan fuera del build context y no se montan. Los 22 binarios ya rastreados son deuda conocida y se retirarán del índice en Storage B.4""* | `docs/engineering/local_storage.md:16-19` | Documentación que reconoce la deuda y anuncia una fase futura | **Legacy — documentado, con plan pendiente** |",False
docs/audits/architecture_audit_2026-09-08.md,166,architecture_audit_2026-09-08.md,Documento,var/storage,documentation_current,Lectores de documentación,Sin acceso a archivos en runtime,Aclarar root canónico si se menciona var/storage sin /app,"| *""Los roots históricos `var/storage` y `backend_api/var/storage` quedan fuera del build context y no se montan. Los 22 binarios ya rastreados son deuda conocida y se retirarán del índice en Storage B.4""* | `docs/engineering/local_storage.md:16-19` | Documentación que reconoce la deuda y anuncia una fase futura | **Legacy — documentado, con plan pendiente** |",False
docs/audits/architecture_audit_2026-09-08.md,167,architecture_audit_2026-09-08.md,Documento,var/storage,documentation_current,Lectores de documentación,Sin acceso a archivos en runtime,Aclarar root canónico si se menciona var/storage sin /app,"| Directorio `var/storage/` en disco: 560 archivos, 8.5 MB, 16 versionados en Git, mtime máx. 2026-08-10 | Árbol de trabajo (no en `git log` reciente) | Datos residuales de ejecuciones locales previas a `c0b7686b` | **Legacy — residuo físico, sin escritura activa** |",False
docs/audits/architecture_audit_2026-09-08.md,168,architecture_audit_2026-09-08.md,Documento,backend_api/var/storage,documentation_current,Lectores de documentación,Sin acceso a archivos en runtime,Aclarar root canónico si se menciona var/storage sin /app,"| Directorio `backend_api/var/storage/` en disco: 1.828 archivos, 18 MB, 6 versionados en Git, mtime máx. 2026-08-29 | Árbol de trabajo | Datos residuales de ejecuciones locales previas a `c0b7686b` | **Legacy — residuo físico, sin escritura activa** |",False
docs/audits/architecture_audit_2026-09-08.md,174,architecture_audit_2026-09-08.md,Documento,backend_api/var/storage,documentation_current,Lectores de documentación,Sin acceso a archivos en runtime,Aclarar root canónico si se menciona var/storage sin /app,`var/storage` o `backend_api/var/storage`. Todas las apariciones de esos literales fuera,False
docs/audits/architecture_audit_2026-09-08.md,174,architecture_audit_2026-09-08.md,Documento,var/storage,documentation_current,Lectores de documentación,Sin acceso a archivos en runtime,Aclarar root canónico si se menciona var/storage sin /app,`var/storage` o `backend_api/var/storage`. Todas las apariciones de esos literales fuera,False
docs/audits/architecture_audit_2026-09-08.md,183,architecture_audit_2026-09-08.md,Documento,STORAGE_ROOT,documentation_current,Lectores de documentación,Sin acceso a archivos en runtime,Aclarar root canónico si se menciona var/storage sin /app,clasifican `canonical_present` (archivo presente y verificado bajo `STORAGE_ROOT`) y,False
docs/audits/architecture_audit_2026-09-08.md,187,architecture_audit_2026-09-08.md,Documento,backend_api/var/storage,documentation_current,Lectores de documentación,Sin acceso a archivos en runtime,Aclarar root canónico si se menciona var/storage sin /app,"si esos archivos están físicamente en `var/storage/` o `backend_api/var/storage/`**, sólo",False
docs/audits/architecture_audit_2026-09-08.md,187,architecture_audit_2026-09-08.md,Documento,var/storage,documentation_current,Lectores de documentación,Sin acceso a archivos en runtime,Aclarar root canónico si se menciona var/storage sin /app,"si esos archivos están físicamente en `var/storage/` o `backend_api/var/storage/`**, sólo",False
docs/audits/architecture_audit_2026-09-08.md,348,architecture_audit_2026-09-08.md,Documento,var/storage,documentation_current,Lectores de documentación,Sin acceso a archivos en runtime,Aclarar root canónico si se menciona var/storage sin /app,contra el volumen canónico. Antes de cualquier limpieza de `var/storage/` o,False
docs/audits/architecture_audit_2026-09-08.md,349,architecture_audit_2026-09-08.md,Documento,backend_api/var/storage,documentation_current,Lectores de documentación,Sin acceso a archivos en runtime,Aclarar root canónico si se menciona var/storage sin /app,"`backend_api/var/storage/`, hay que confirmar si esas referencias resuelven contra los",False
docs/audits/architecture_audit_2026-09-08.md,365,architecture_audit_2026-09-08.md,Documento,ARTIFACTS_ROOT,documentation_current,Lectores de documentación,Sin acceso a archivos en runtime,Aclarar root canónico si se menciona var/storage sin /app,6. **Asimetría de validación entre `STORAGE_ROOT` y `ARTIFACTS_ROOT`.**,False
docs/audits/architecture_audit_2026-09-08.md,365,architecture_audit_2026-09-08.md,Documento,STORAGE_ROOT,documentation_current,Lectores de documentación,Sin acceso a archivos en runtime,Aclarar root canónico si se menciona var/storage sin /app,6. **Asimetría de validación entre `STORAGE_ROOT` y `ARTIFACTS_ROOT`.**,False
docs/audits/architecture_audit_2026-09-08.md,366,architecture_audit_2026-09-08.md,Documento,STORAGE_ROOT,documentation_current,Lectores de documentación,Sin acceso a archivos en runtime,Aclarar root canónico si se menciona var/storage sin /app,`backend_api/app/config.py:126` exige `STORAGE_ROOT` absoluto y sin default; la línea,False
docs/audits/architecture_audit_2026-09-08.md,367,architecture_audit_2026-09-08.md,Documento,ARTIFACTS_ROOT,documentation_current,Lectores de documentación,Sin acceso a archivos en runtime,Aclarar root canónico si se menciona var/storage sin /app,"127 acepta `ARTIFACTS_ROOT` con default relativo `""./var/artifacts""` sin la misma",False
docs/audits/architecture_audit_2026-09-08.md,369,architecture_audit_2026-09-08.md,Documento,ARTIFACTS_ROOT,documentation_current,Lectores de documentación,Sin acceso a archivos en runtime,Aclarar root canónico si se menciona var/storage sin /app,"científico, dejar `ARTIFACTS_ROOT` con un contrato más débil es una inconsistencia que",False
docs/audits/architecture_audit_2026-09-08.md,411,architecture_audit_2026-09-08.md,Documento,/app/var/storage,documentation_current,Lectores de documentación,Sin acceso a archivos en runtime,Aclarar root canónico si se menciona var/storage sin /app,`scientific_storage`/`STORAGE_ROOT=/app/var/storage` como única raíz. No se requiere,False
docs/audits/architecture_audit_2026-09-08.md,411,architecture_audit_2026-09-08.md,Documento,STORAGE_ROOT,documentation_current,Lectores de documentación,Sin acceso a archivos en runtime,Aclarar root canónico si se menciona var/storage sin /app,`scientific_storage`/`STORAGE_ROOT=/app/var/storage` como única raíz. No se requiere,False
docs/audits/architecture_audit_2026-09-08.md,417,architecture_audit_2026-09-08.md,Documento,storage_root,documentation_current,Lectores de documentación,Sin acceso a archivos en runtime,Aclarar root canónico si se menciona var/storage sin /app,"existentes en modo escritura) para que, además de `get_settings().storage_root`,",False
docs/audits/architecture_audit_2026-09-08.md,418,architecture_audit_2026-09-08.md,Documento,var/storage,documentation_current,Lectores de documentación,Sin acceso a archivos en runtime,Aclarar root canónico si se menciona var/storage sin /app,acepten un segundo y tercer root de **solo lectura** apuntando a `var/storage/` y,False
docs/audits/architecture_audit_2026-09-08.md,419,architecture_audit_2026-09-08.md,Documento,backend_api/var/storage,documentation_current,Lectores de documentación,Sin acceso a archivos en runtime,Aclarar root canónico si se menciona var/storage sin /app,"`backend_api/var/storage/` del host, y reporten para cada referencia",False
docs/audits/architecture_audit_2026-09-08.md,423,architecture_audit_2026-09-08.md,Documento,var/storage,documentation_current,Lectores de documentación,Sin acceso a archivos en runtime,Aclarar root canónico si se menciona var/storage sin /app,"desglose: cuántas de las 2.550 referencias faltantes resuelven en `var/storage/`,",False
docs/audits/architecture_audit_2026-09-08.md,424,architecture_audit_2026-09-08.md,Documento,backend_api/var/storage,documentation_current,Lectores de documentación,Sin acceso a archivos en runtime,Aclarar root canónico si se menciona var/storage sin /app,"cuántas en `backend_api/var/storage/`, y cuántas no existen en ninguna raíz (pérdida",False
docs/audits/architecture_audit_2026-09-08.md,442,architecture_audit_2026-09-08.md,Documento,var/storage,documentation_current,Lectores de documentación,Sin acceso a archivos en runtime,Aclarar root canónico si se menciona var/storage sin /app,1. Confirmar (Fase 1-2) que los 22 archivos versionados bajo `var/storage/` y,False
docs/audits/architecture_audit_2026-09-08.md,443,architecture_audit_2026-09-08.md,Documento,backend_api/var/storage,documentation_current,Lectores de documentación,Sin acceso a archivos en runtime,Aclarar root canónico si se menciona var/storage sin /app,`backend_api/var/storage/` ya tienen equivalente verificado en el volumen canónico o,False
docs/audits/architecture_audit_2026-09-08.md,453,architecture_audit_2026-09-08.md,Documento,backend_api/var/storage,documentation_current,Lectores de documentación,Sin acceso a archivos en runtime,Aclarar root canónico si se menciona var/storage sin /app,`var/storage/` y `backend_api/var/storage/` a un backup fuera del repositorio,False
docs/audits/architecture_audit_2026-09-08.md,453,architecture_audit_2026-09-08.md,Documento,var/storage,documentation_current,Lectores de documentación,Sin acceso a archivos en runtime,Aclarar root canónico si se menciona var/storage sin /app,`var/storage/` y `backend_api/var/storage/` a un backup fuera del repositorio,False
docs/audits/architecture_audit_2026-09-08.md,487,architecture_audit_2026-09-08.md,Documento,var/storage,documentation_current,Lectores de documentación,Sin acceso a archivos en runtime,Aclarar root canónico si se menciona var/storage sin /app,"acción sobre `var/storage/`** — es diagnóstica, de bajo riesgo, y resuelve la",False
docs/engineering/cell_crop_storage.md,8,cell_crop_storage.md,Documento,/app/var/storage,documentation_current,Lectores de documentación,Sin acceso a archivos en runtime,Aclarar root canónico si se menciona var/storage sin /app,STORAGE_ROOT=/app/var/storage,True
docs/engineering/cell_crop_storage.md,8,cell_crop_storage.md,Documento,STORAGE_ROOT,documentation_current,Lectores de documentación,Sin acceso a archivos en runtime,Aclarar root canónico si se menciona var/storage sin /app,STORAGE_ROOT=/app/var/storage,True
docs/engineering/cell_crop_storage.md,17,cell_crop_storage.md,Documento,cell-crops,documentation_current,Lectores de documentación,Sin acceso a archivos en runtime,Aclarar root canónico si se menciona var/storage sin /app,cell-crops/,True
docs/engineering/cell_crop_storage.md,32,cell_crop_storage.md,Documento,STORAGE_ROOT,documentation_current,Lectores de documentación,Sin acceso a archivos en runtime,Aclarar root canónico si se menciona var/storage sin /app,"PostgreSQL guarda únicamente la key POSIX relativa desde `STORAGE_ROOT`, por",True
docs/engineering/cell_crop_storage.md,36,cell_crop_storage.md,Documento,cell-crops,documentation_current,Lectores de documentación,Sin acceso a archivos en runtime,Aclarar root canónico si se menciona var/storage sin /app,cell-crops/<uuid>/<uuid>/<uuid>/<uuid>/crop.png,True
docs/engineering/cell_crop_storage.md,118,cell_crop_storage.md,Documento,cell-crops,documentation_current,Lectores de documentación,Sin acceso a archivos en runtime,Aclarar root canónico si se menciona var/storage sin /app,- archivos bajo `cell-crops/` sin metadata;,True
docs/engineering/cell_detection_algorithm.md,48,cell_detection_algorithm.md,Documento,STORAGE_ROOT,documentation_current,Lectores de documentación,Sin acceso a archivos en runtime,Aclarar root canónico si se menciona var/storage sin /app,"1. resolver la key relativa bajo `STORAGE_ROOT`, rechazando escape y symlinks;",True
docs/engineering/cell_detection_api.md,107,cell_detection_api.md,Documento,STORAGE_ROOT,documentation_current,Lectores de documentación,Sin acceso a archivos en runtime,Aclarar root canónico si se menciona var/storage sin /app,1. resuelve la key relativa con confinamiento bajo `STORAGE_ROOT`;,True
docs/engineering/cell_gradcam.md,12,cell_gradcam.md,Documento,cell-explanations,documentation_current,Lectores de documentación,Sin acceso a archivos en runtime,Aclarar root canónico si se menciona var/storage sin /app,cell-explanations/{analysis_run_id}/{classification_run_id}/,True
docs/engineering/cell_gradcam.md,14,cell_gradcam.md,Documento,cell-explanations,documentation_current,Lectores de documentación,Sin acceso a archivos en runtime,Aclarar root canónico si se menciona var/storage sin /app,cell-explanations/{analysis_run_id}/{classification_run_id}/,True
docs/engineering/cell_gradcam.md,18,cell_gradcam.md,Documento,cell-explanations,documentation_current,Lectores de documentación,Sin acceso a archivos en runtime,Aclarar root canónico si se menciona var/storage sin /app,"Se usa staging bajo `.staging/cell-explanations`, promoción create-only y",True
docs/engineering/cell_gradcam.md,23,cell_gradcam.md,Documento,cell-explanations,documentation_current,Lectores de documentación,Sin acceso a archivos en runtime,Aclarar root canónico si se menciona var/storage sin /app,`cell-explanations/` y los nombres exactos `gradcam_heatmap.png` y,True
docs/engineering/cell_gradcam.md,25,cell_gradcam.md,Documento,STORAGE_ROOT,documentation_current,Lectores de documentación,Sin acceso a archivos en runtime,Aclarar root canónico si se menciona var/storage sin /app,objetos fuera de `STORAGE_ROOT` ni binarios en PostgreSQL. Las claves no se,True
docs/engineering/cell_gradcam.md,38,cell_gradcam.md,Documento,model-explanations,documentation_current,Lectores de documentación,Sin acceso a archivos en runtime,Aclarar root canónico si se menciona var/storage sin /app,Las explicaciones de casos de modelos (`model-explanations`) son artefactos no,True
docs/engineering/cell_gradcam.md,40,cell_gradcam.md,Documento,ARTIFACTS_ROOT,documentation_current,Lectores de documentación,Sin acceso a archivos en runtime,Aclarar root canónico si se menciona var/storage sin /app,nuevas escrituras usan `ARTIFACTS_ROOT/model-explanations` y un staging propio;,True
docs/engineering/cell_gradcam.md,40,cell_gradcam.md,Documento,model-explanations,documentation_current,Lectores de documentación,Sin acceso a archivos en runtime,Aclarar root canónico si se menciona var/storage sin /app,nuevas escrituras usan `ARTIFACTS_ROOT/model-explanations` y un staging propio;,True
docs/engineering/cell_gradcam.md,41,cell_gradcam.md,Documento,STORAGE_ROOT,documentation_current,Lectores de documentación,Sin acceso a archivos en runtime,Aclarar root canónico si se menciona var/storage sin /app,no comparten `STORAGE_ROOT` ni `.staging` clínico. Las referencias históricas,True
docs/engineering/configuration.md,12,configuration.md,Documento,/app/var/storage,documentation_current,Lectores de documentación,Sin acceso a archivos en runtime,Aclarar root canónico si se menciona var/storage sin /app,"`STORAGE_PROVIDER=local` y `STORAGE_ROOT=/app/var/storage`, respaldado por el",True
docs/engineering/configuration.md,12,configuration.md,Documento,STORAGE_ROOT,documentation_current,Lectores de documentación,Sin acceso a archivos en runtime,Aclarar root canónico si se menciona var/storage sin /app,"`STORAGE_PROVIDER=local` y `STORAGE_ROOT=/app/var/storage`, respaldado por el",True
docs/engineering/configuration.md,13,configuration.md,Documento,STORAGE_ROOT,documentation_current,Lectores de documentación,Sin acceso a archivos en runtime,Aclarar root canónico si se menciona var/storage sin /app,"named volume `scientific_storage`. El backend falla si `STORAGE_ROOT` falta,",True
docs/engineering/local_storage.md,6,local_storage.md,Documento,/app/var/storage,documentation_current,Lectores de documentación,Sin acceso a archivos en runtime,Aclarar root canónico si se menciona var/storage sin /app,scientific_storage → /app/var/storage,True
docs/engineering/local_storage.md,9,local_storage.md,Documento,/app/var/storage,documentation_current,Lectores de documentación,Sin acceso a archivos en runtime,Aclarar root canónico si se menciona var/storage sin /app,Compose fija `STORAGE_PROVIDER=local` y `STORAGE_ROOT=/app/var/storage`. Este es,True
docs/engineering/local_storage.md,9,local_storage.md,Documento,STORAGE_ROOT,documentation_current,Lectores de documentación,Sin acceso a archivos en runtime,Aclarar root canónico si se menciona var/storage sin /app,Compose fija `STORAGE_PROVIDER=local` y `STORAGE_ROOT=/app/var/storage`. Este es,True
docs/engineering/local_storage.md,11,local_storage.md,Documento,STORAGE_ROOT,documentation_current,Lectores de documentación,Sin acceso a archivos en runtime,Aclarar root canónico si se menciona var/storage sin /app,host. El backend exige que `STORAGE_ROOT` exista en el entorno y sea una ruta,True
docs/engineering/local_storage.md,16,local_storage.md,Documento,backend_api/var/storage,documentation_current,Lectores de documentación,Sin acceso a archivos en runtime,Aclarar root canónico si se menciona var/storage sin /app,`capstone`. Los roots históricos `var/storage` y `backend_api/var/storage`,True
docs/engineering/local_storage.md,16,local_storage.md,Documento,var/storage,documentation_current,Lectores de documentación,Sin acceso a archivos en runtime,Aclarar root canónico si se menciona var/storage sin /app,`capstone`. Los roots históricos `var/storage` y `backend_api/var/storage`,True
docs/engineering/local_storage.md,21,local_storage.md,Documento,microscopy-images,documentation_current,Lectores de documentación,Sin acceso a archivos en runtime,Aclarar root canónico si se menciona var/storage sin /app,`microscopy-images/{subject_uuid}/{sample_uuid}/{slide_uuid}/{image_uuid}/{sha256}.{ext}`,True
docs/engineering/local_storage.md,47,local_storage.md,Documento,STORAGE_ROOT,documentation_current,Lectores de documentación,Sin acceso a archivos en runtime,Aclarar root canónico si se menciona var/storage sin /app,"El cleanup acepta boundaries explícitos, nunca elimina `STORAGE_ROOT`, el",True
docs/engineering/local_storage.md,51,local_storage.md,Documento,model-explanations,documentation_current,Lectores de documentación,Sin acceso a archivos en runtime,Aclarar root canónico si se menciona var/storage sin /app,`model-explanations` no es contenido clínico. Las nuevas explicaciones de,True
docs/engineering/local_storage.md,52,local_storage.md,Documento,ARTIFACTS_ROOT,documentation_current,Lectores de documentación,Sin acceso a archivos en runtime,Aclarar root canónico si se menciona var/storage sin /app,modelos se escriben bajo `ARTIFACTS_ROOT/model-explanations` y usan staging,True
docs/engineering/local_storage.md,52,local_storage.md,Documento,model-explanations,documentation_current,Lectores de documentación,Sin acceso a archivos en runtime,Aclarar root canónico si se menciona var/storage sin /app,modelos se escriben bajo `ARTIFACTS_ROOT/model-explanations` y usan staging,True
docs/engineering/local_storage.md,53,local_storage.md,Documento,model-explanations,documentation_current,Lectores de documentación,Sin acceso a archivos en runtime,Aclarar root canónico si se menciona var/storage sin /app,separado. Las referencias históricas bajo `var/storage/model-explanations` se,True
docs/engineering/local_storage.md,53,local_storage.md,Documento,var/storage,documentation_current,Lectores de documentación,Sin acceso a archivos en runtime,Aclarar root canónico si se menciona var/storage sin /app,separado. Las referencias históricas bajo `var/storage/model-explanations` se,True
docs/engineering/prompt4_precheck.md,14,prompt4_precheck.md,Documento,./var/storage,documentation_historical,Lectores de documentación,Sin acceso a archivos en runtime,Conservar evidencia histórica,"Configuración inicial: `STORAGE_ROOT=./var/storage`,",True
docs/engineering/prompt4_precheck.md,14,prompt4_precheck.md,Documento,STORAGE_ROOT,documentation_historical,Lectores de documentación,Sin acceso a archivos en runtime,Conservar evidencia histórica,"Configuración inicial: `STORAGE_ROOT=./var/storage`,",True
docs/engineering/prompt5_precheck.md,23,prompt5_precheck.md,Documento,./var/storage,documentation_historical,Lectores de documentación,Sin acceso a archivos en runtime,Conservar evidencia histórica,"- Storage: proveedor local, `STORAGE_ROOT=./var/storage`; originales bajo claves",True
docs/engineering/prompt5_precheck.md,23,prompt5_precheck.md,Documento,STORAGE_ROOT,documentation_historical,Lectores de documentación,Sin acceso a archivos en runtime,Conservar evidencia histórica,"- Storage: proveedor local, `STORAGE_ROOT=./var/storage`; originales bajo claves",True
docs/engineering/prompt7_validation.md,27,prompt7_validation.md,Documento,var/storage,documentation_historical,Lectores de documentación,Sin acceso a archivos en runtime,Conservar evidencia histórica,"| Storage | proveedor local bajo `var/storage`, reconciliado |",True
docs/engineering/prompt8_validation.md,112,prompt8_validation.md,Documento,STORAGE_ROOT,documentation_historical,Lectores de documentación,Sin acceso a archivos en runtime,Conservar evidencia histórica,"storage sólo admite claves relativas confinadas bajo `STORAGE_ROOT`, sin",True
docs/engineering/prompt8_validation.md,114,prompt8_validation.md,Documento,cell-explanations,documentation_historical,Lectores de documentación,Sin acceso a archivos en runtime,Conservar evidencia histórica,"`cell-explanations/`, con tamaño y SHA-256; PostgreSQL conserva metadata, no",True
docs/operations/smear_analysis_reset.md,33,smear_analysis_reset.md,Documento,/app/var/storage,documentation_current,Lectores de documentación,Sin acceso a archivos en runtime,Aclarar root canónico si se menciona var/storage sin /app,"El único root operativo es el `STORAGE_ROOT` configurado por Compose: `scientific_storage → /app/var/storage`. El reset no descubre raíces alternativas. Los directorios históricos del repositorio `var/storage/` y `backend_api/var/storage/` no se leen, montan, copian ni eliminan desde esta herramienta; su tratamiento corresponde a Storage B.4, después de resolver separadamente la explicación de modelo preservada.",True
docs/operations/smear_analysis_reset.md,33,smear_analysis_reset.md,Documento,STORAGE_ROOT,documentation_current,Lectores de documentación,Sin acceso a archivos en runtime,Aclarar root canónico si se menciona var/storage sin /app,"El único root operativo es el `STORAGE_ROOT` configurado por Compose: `scientific_storage → /app/var/storage`. El reset no descubre raíces alternativas. Los directorios históricos del repositorio `var/storage/` y `backend_api/var/storage/` no se leen, montan, copian ni eliminan desde esta herramienta; su tratamiento corresponde a Storage B.4, después de resolver separadamente la explicación de modelo preservada.",True
docs/operations/smear_analysis_reset.md,33,smear_analysis_reset.md,Documento,backend_api/var/storage,documentation_current,Lectores de documentación,Sin acceso a archivos en runtime,Aclarar root canónico si se menciona var/storage sin /app,"El único root operativo es el `STORAGE_ROOT` configurado por Compose: `scientific_storage → /app/var/storage`. El reset no descubre raíces alternativas. Los directorios históricos del repositorio `var/storage/` y `backend_api/var/storage/` no se leen, montan, copian ni eliminan desde esta herramienta; su tratamiento corresponde a Storage B.4, después de resolver separadamente la explicación de modelo preservada.",True
docs/operations/smear_analysis_reset.md,33,smear_analysis_reset.md,Documento,var/storage,documentation_current,Lectores de documentación,Sin acceso a archivos en runtime,Aclarar root canónico si se menciona var/storage sin /app,"El único root operativo es el `STORAGE_ROOT` configurado por Compose: `scientific_storage → /app/var/storage`. El reset no descubre raíces alternativas. Los directorios históricos del repositorio `var/storage/` y `backend_api/var/storage/` no se leen, montan, copian ni eliminan desde esta herramienta; su tratamiento corresponde a Storage B.4, después de resolver separadamente la explicación de modelo preservada.",True
docs/operations/smear_analysis_reset.md,35,smear_analysis_reset.md,Documento,cell-crops,documentation_current,Lectores de documentación,Sin acceso a archivos en runtime,Aclarar root canónico si se menciona var/storage sin /app,"Sólo se admiten `microscopy-images/`, `cell-crops/`, `cell-explanations/`, `.staging/uploads/`, `.staging/cell-detection/` y `.staging/cell-explanations/`. `model-explanations/`, `.staging/model-explanations/` y todos los namespaces no enumerados se preservan. Cada archivo objetivo existente se registra con key, namespace, tabla/fila/columna, clasificación, tamaño, SHA-256, UID/GID, permisos, inode, device y mtime. Se rechazan rutas absolutas, traversal, symlinks, archivos especiales, metadata discordante y archivos compartidos. No se usan globs ni borrado recursivo.",True
docs/operations/smear_analysis_reset.md,35,smear_analysis_reset.md,Documento,cell-explanations,documentation_current,Lectores de documentación,Sin acceso a archivos en runtime,Aclarar root canónico si se menciona var/storage sin /app,"Sólo se admiten `microscopy-images/`, `cell-crops/`, `cell-explanations/`, `.staging/uploads/`, `.staging/cell-detection/` y `.staging/cell-explanations/`. `model-explanations/`, `.staging/model-explanations/` y todos los namespaces no enumerados se preservan. Cada archivo objetivo existente se registra con key, namespace, tabla/fila/columna, clasificación, tamaño, SHA-256, UID/GID, permisos, inode, device y mtime. Se rechazan rutas absolutas, traversal, symlinks, archivos especiales, metadata discordante y archivos compartidos. No se usan globs ni borrado recursivo.",True
docs/operations/smear_analysis_reset.md,35,smear_analysis_reset.md,Documento,microscopy-images,documentation_current,Lectores de documentación,Sin acceso a archivos en runtime,Aclarar root canónico si se menciona var/storage sin /app,"Sólo se admiten `microscopy-images/`, `cell-crops/`, `cell-explanations/`, `.staging/uploads/`, `.staging/cell-detection/` y `.staging/cell-explanations/`. `model-explanations/`, `.staging/model-explanations/` y todos los namespaces no enumerados se preservan. Cada archivo objetivo existente se registra con key, namespace, tabla/fila/columna, clasificación, tamaño, SHA-256, UID/GID, permisos, inode, device y mtime. Se rechazan rutas absolutas, traversal, symlinks, archivos especiales, metadata discordante y archivos compartidos. No se usan globs ni borrado recursivo.",True
docs/operations/smear_analysis_reset.md,35,smear_analysis_reset.md,Documento,model-explanations,documentation_current,Lectores de documentación,Sin acceso a archivos en runtime,Aclarar root canónico si se menciona var/storage sin /app,"Sólo se admiten `microscopy-images/`, `cell-crops/`, `cell-explanations/`, `.staging/uploads/`, `.staging/cell-detection/` y `.staging/cell-explanations/`. `model-explanations/`, `.staging/model-explanations/` y todos los namespaces no enumerados se preservan. Cada archivo objetivo existente se registra con key, namespace, tabla/fila/columna, clasificación, tamaño, SHA-256, UID/GID, permisos, inode, device y mtime. Se rechazan rutas absolutas, traversal, symlinks, archivos especiales, metadata discordante y archivos compartidos. No se usan globs ni borrado recursivo.",True
scripts/storage/reconcile.py,50,main,Script,microscopy-images,canonical_runtime,CLI explícita y documentación de reconciliación,Namespace/key relativo o root científico canónico; no fallback legacy,Conservar contrato actual,"image_root = storage.root / ""microscopy-images""",True
scripts/storage/reconcile_cell_crops.py,45,main,Script,storage_root,canonical_runtime,CLI explícita y documentación de reconciliación,Namespace/key relativo o root científico canónico; no fallback legacy,Conservar contrato actual,root = Path(os.path.abspath(get_settings().storage_root)),True
scripts/storage/reconcile_cell_crops.py,46,main,Script,cell-crops,canonical_runtime,CLI explícita y documentación de reconciliación,Namespace/key relativo o root científico canónico; no fallback legacy,Conservar contrato actual,"crop_root = root / ""cell-crops""",True
scripts/storage/reconcile_cell_crops.py,58,main,Script,STORAGE_ROOT,canonical_runtime,CLI explícita y documentación de reconciliación,Namespace/key relativo o root científico canónico; no fallback legacy,Conservar contrato actual,"issues.append((""storage_root_symlink"", ""STORAGE_ROOT""))",True
scripts/storage/reconcile_cell_crops.py,58,main,Script,storage_root,canonical_runtime,CLI explícita y documentación de reconciliación,Namespace/key relativo o root científico canónico; no fallback legacy,Conservar contrato actual,"issues.append((""storage_root_symlink"", ""STORAGE_ROOT""))",True
scripts/storage/reconcile_cell_crops.py,60,main,Script,cell-crops,canonical_runtime,CLI explícita y documentación de reconciliación,Namespace/key relativo o root científico canónico; no fallback legacy,Conservar contrato actual,"issues.append((""cell_crop_root_symlink"", ""cell-crops""))",True
scripts/storage/reconcile_cell_explanations.py,81,reconcile,Script,cell-explanations,canonical_runtime,CLI explícita y documentación de reconciliación,Namespace/key relativo o root científico canónico; no fallback legacy,Conservar contrato actual,"explanation_root = root / ""cell-explanations""",True
scripts/storage/reconcile_cell_explanations.py,82,reconcile,Script,cell-explanations,canonical_runtime,CLI explícita y documentación de reconciliación,Namespace/key relativo o root científico canónico; no fallback legacy,Conservar contrato actual,"staging_root = root / "".staging"" / ""cell-explanations""",True
scripts/storage/reconcile_cell_explanations.py,93,reconcile,Script,STORAGE_ROOT,canonical_runtime,CLI explícita y documentación de reconciliación,Namespace/key relativo o root científico canónico; no fallback legacy,Conservar contrato actual,"issues.append((""storage_root_symlink"", ""STORAGE_ROOT""))",True
scripts/storage/reconcile_cell_explanations.py,93,reconcile,Script,storage_root,canonical_runtime,CLI explícita y documentación de reconciliación,Namespace/key relativo o root científico canónico; no fallback legacy,Conservar contrato actual,"issues.append((""storage_root_symlink"", ""STORAGE_ROOT""))",True
scripts/storage/reconcile_cell_explanations.py,95,reconcile,Script,cell-explanations,canonical_runtime,CLI explícita y documentación de reconciliación,Namespace/key relativo o root científico canónico; no fallback legacy,Conservar contrato actual,"issues.append((""cell_explanation_root_symlink"", ""cell-explanations""))",True
scripts/storage/reconcile_cell_explanations.py,98,reconcile,Script,cell-explanations,canonical_runtime,CLI explícita y documentación de reconciliación,Namespace/key relativo o root científico canónico; no fallback legacy,Conservar contrato actual,"(""cell_explanation_staging_symlink"", "".staging/cell-explanations"")",True
scripts/storage/reconcile_cell_explanations.py,148,main,Script,storage_root,canonical_runtime,CLI explícita y documentación de reconciliación,Namespace/key relativo o root científico canónico; no fallback legacy,Conservar contrato actual,root = Path(os.path.abspath(get_settings().storage_root)),True
scripts/storage/reset_smear_analysis.py,30,ALLOWED_NAMESPACES,Script,cell-crops,canonical_runtime,"CLI explícita; Makefile:30,35 y docs/operations/smear_analysis_reset.md",Namespace/key relativo o root científico canónico; no fallback legacy,Conservar contrato actual,"""microscopy-images"", ""cell-crops"", ""cell-explanations"",",True
scripts/storage/reset_smear_analysis.py,30,ALLOWED_NAMESPACES,Script,cell-explanations,canonical_runtime,"CLI explícita; Makefile:30,35 y docs/operations/smear_analysis_reset.md",Namespace/key relativo o root científico canónico; no fallback legacy,Conservar contrato actual,"""microscopy-images"", ""cell-crops"", ""cell-explanations"",",True
scripts/storage/reset_smear_analysis.py,30,ALLOWED_NAMESPACES,Script,microscopy-images,canonical_runtime,"CLI explícita; Makefile:30,35 y docs/operations/smear_analysis_reset.md",Namespace/key relativo o root científico canónico; no fallback legacy,Conservar contrato actual,"""microscopy-images"", ""cell-crops"", ""cell-explanations"",",True
scripts/storage/reset_smear_analysis.py,31,ALLOWED_NAMESPACES,Script,cell-explanations,canonical_runtime,"CLI explícita; Makefile:30,35 y docs/operations/smear_analysis_reset.md",Namespace/key relativo o root científico canónico; no fallback legacy,Conservar contrato actual,""".staging/uploads"", "".staging/cell-detection"", "".staging/cell-explanations"",",True
scripts/storage/reset_smear_analysis.py,33,PRESERVED_NAMESPACES,Script,model-explanations,canonical_runtime,"CLI explícita; Makefile:30,35 y docs/operations/smear_analysis_reset.md",Namespace/key relativo o root científico canónico; no fallback legacy,Conservar contrato actual,"PRESERVED_NAMESPACES = frozenset({""model-explanations""})",True
scripts/storage/reset_smear_analysis.py,240,build_manifest,Script,STORAGE_ROOT,canonical_runtime,"CLI explícita; Makefile:30,35 y docs/operations/smear_analysis_reset.md",Namespace/key relativo o root científico canónico; no fallback legacy,Conservar contrato actual,# a vanished file descriptor or a missing/unsafe STORAGE_ROOT.,True
scripts/storage/reset_smear_analysis.py,383,validate_reference,Script,cell-crops,canonical_runtime,"CLI explícita; Makefile:30,35 y docs/operations/smear_analysis_reset.md",Namespace/key relativo o root científico canónico; no fallback legacy,Conservar contrato actual,"'microscopy_images': 'microscopy-images', 'cell_crops': 'cell-crops',",True
scripts/storage/reset_smear_analysis.py,383,validate_reference,Script,microscopy-images,canonical_runtime,"CLI explícita; Makefile:30,35 y docs/operations/smear_analysis_reset.md",Namespace/key relativo o root científico canónico; no fallback legacy,Conservar contrato actual,"'microscopy_images': 'microscopy-images', 'cell_crops': 'cell-crops',",True
scripts/storage/reset_smear_analysis.py,384,validate_reference,Script,cell-explanations,canonical_runtime,"CLI explícita; Makefile:30,35 y docs/operations/smear_analysis_reset.md",Namespace/key relativo o root científico canónico; no fallback legacy,Conservar contrato actual,"'cell_explanations': 'cell-explanations',",True
scripts/storage/reset_smear_analysis.py,598,validate_manifest,Script,cell-crops,canonical_runtime,"CLI explícita; Makefile:30,35 y docs/operations/smear_analysis_reset.md",Namespace/key relativo o root científico canónico; no fallback legacy,Conservar contrato actual,"elif namespace != {'microscopy_images': 'microscopy-images', 'cell_crops': 'cell-crops', 'cell_explanations': 'cell-explanations'}[value['table']]:",True
scripts/storage/reset_smear_analysis.py,598,validate_manifest,Script,cell-explanations,canonical_runtime,"CLI explícita; Makefile:30,35 y docs/operations/smear_analysis_reset.md",Namespace/key relativo o root científico canónico; no fallback legacy,Conservar contrato actual,"elif namespace != {'microscopy_images': 'microscopy-images', 'cell_crops': 'cell-crops', 'cell_explanations': 'cell-explanations'}[value['table']]:",True
scripts/storage/reset_smear_analysis.py,598,validate_manifest,Script,microscopy-images,canonical_runtime,"CLI explícita; Makefile:30,35 y docs/operations/smear_analysis_reset.md",Namespace/key relativo o root científico canónico; no fallback legacy,Conservar contrato actual,"elif namespace != {'microscopy_images': 'microscopy-images', 'cell_crops': 'cell-crops', 'cell_explanations': 'cell-explanations'}[value['table']]:",True
scripts/storage/reset_smear_analysis.py,1008,main,Script,STORAGE_ROOT,canonical_runtime,"CLI explícita; Makefile:30,35 y docs/operations/smear_analysis_reset.md",Namespace/key relativo o root científico canónico; no fallback legacy,Conservar contrato actual,"root_value = os.environ.get(""STORAGE_ROOT"")",True
scripts/storage/reset_smear_analysis.py,1009,main,Script,STORAGE_ROOT,canonical_runtime,"CLI explícita; Makefile:30,35 y docs/operations/smear_analysis_reset.md",Namespace/key relativo o root científico canónico; no fallback legacy,Conservar contrato actual,"if not database_url or not root_value: raise ResetRefused(""DATABASE_URL y STORAGE_ROOT son obligatorios"")",True
