table,column,postgres_type,nullable,default,PK,FK,UNIQUE,CHECK,description
artifacts,id,uuid,NO,pg_catalog.gen_random_uuid(),YES,,"uq_artifacts_id_run_id: CREATE UNIQUE INDEX uq_artifacts_id_run_id ON public.artifacts (id, run_id)",,Campo id de artifacts.
artifacts,run_id,uuid,YES,,,artifacts_run_id_fkey: CONSTRAINT artifacts_run_id_fkey FOREIGN KEY (run_id) REFERENCES runs (id) ON DELETE RESTRICT,"uq_artifacts_id_run_id: CREATE UNIQUE INDEX uq_artifacts_id_run_id ON public.artifacts (id, run_id)",,Campo run_id de artifacts.
artifacts,artifact_type,text,NO,,,,,,Campo artifact_type de artifacts.
artifacts,name,text,YES,,,,,,Campo name de artifacts.
artifacts,path,text,NO,,,,,,Campo path de artifacts.
artifacts,mime_type,text,YES,,,,,,Campo mime_type de artifacts.
artifacts,file_size_bytes,bigint,YES,,,,,,Campo file_size_bytes de artifacts.
artifacts,checksum,text,YES,,,,,,Campo checksum de artifacts.
artifacts,created_at,timestamp with time zone,YES,now(),,,,,Campo created_at de artifacts. Auditoría temporal del evento indicado; sin actualización automática salvo trigger explícito.
artifacts,metadata,jsonb,YES,CAST('{}' AS jsonb),,,,,"Campo metadata de artifacts. Snapshot, parámetros extensibles o metadatos variables; no sustituye las FK ni columnas tipadas. Canonical/hash preserva los bytes de origen cuando aplica."
artifacts,artifact_uri,text,YES,,,,,,Campo artifact_uri de artifacts.
artifacts,artifact_status,text,NO,CAST('available' AS text),,,,"chk_artifacts_governance_status: CONSTRAINT chk_artifacts_governance_status CHECK (artifact_status = ANY(ARRAY[CAST('unknown' AS text), CAST('available' AS text), CAST('missing' AS text), CAST('mutated' AS text), CAST('archived' AS text)]))",Campo artifact_status de artifacts.
artifacts,archived_at,timestamp with time zone,YES,,,,,,Campo archived_at de artifacts. Auditoría temporal del evento indicado; sin actualización automática salvo trigger explícito.
assessment_artifacts,attempt_id,uuid,NO,,YES,assessment_artifacts_attempt_id_fkey: CONSTRAINT assessment_artifacts_attempt_id_fkey FOREIGN KEY (attempt_id) REFERENCES assessment_attempts (id),,,Campo attempt_id de assessment_artifacts.
assessment_artifacts,artifact_id,uuid,NO,,,,assessment_artifacts_artifact_id_key: CONSTRAINT assessment_artifacts_artifact_id_key UNIQUE (artifact_id),,Campo artifact_id de assessment_artifacts.
assessment_artifacts,sample_id,uuid,NO,,YES,,,,Campo sample_id de assessment_artifacts.
assessment_artifacts,role,text,NO,,YES,,,,Campo role de assessment_artifacts.
assessment_artifacts,payload,jsonb,NO,,,,,assessment_artifacts_payload_check: CONSTRAINT assessment_artifacts_payload_check CHECK (jsonb_typeof(payload) = CAST('object' AS text)) | assessment_artifacts_payload_check1: CONSTRAINT assessment_artifacts_payload_check1 CHECK (payload ->> CAST('sha256' AS text) IS NOT NULL AND (payload ->> CAST('sha256' AS text)) ~ CAST('^[a-f0-9]{64}$' AS text)) | assessment_artifacts_payload_check2: CONSTRAINT assessment_artifacts_payload_check2 CHECK (NOT jsonb_typeof(payload -> CAST('bytes' AS text)) IS DISTINCT FROM CAST('number' AS text) AND CAST(payload ->> CAST('bytes' AS text) AS bigint) > 0) | assessment_artifacts_payload_check3: CONSTRAINT assessment_artifacts_payload_check3 CHECK (NOT(payload ->> CAST('state' AS text)) IS DISTINCT FROM CAST('finalized' AS text)),"Campo payload de assessment_artifacts. Snapshot, parámetros extensibles o metadatos variables; no sustituye las FK ni columnas tipadas. Canonical/hash preserva los bytes de origen cuando aplica."
assessment_attempts,id,uuid,NO,,YES,,,,Campo id de assessment_attempts.
assessment_attempts,identity_id,uuid,NO,,,assessment_attempts_identity_id_fkey: CONSTRAINT assessment_attempts_identity_id_fkey FOREIGN KEY (identity_id) REFERENCES assessment_identities (id),"assessment_attempts_identity_id_ordinal_key: CONSTRAINT assessment_attempts_identity_id_ordinal_key UNIQUE (identity_id, ordinal) | uq_assessment_live: CREATE UNIQUE INDEX uq_assessment_live ON public.assessment_attempts (identity_id) WHERE state = ANY(ARRAY[CAST('active' AS text), CAST('verified' AS text)])",,Campo identity_id de assessment_attempts.
assessment_attempts,owner,uuid,NO,,,,,,Campo owner de assessment_attempts.
assessment_attempts,host,text,NO,,,,,,Campo host de assessment_attempts.
assessment_attempts,pid,integer,NO,,,,,assessment_attempts_pid_check: CONSTRAINT assessment_attempts_pid_check CHECK (pid > 0),Campo pid de assessment_attempts.
assessment_attempts,ordinal,integer,NO,,,,"assessment_attempts_identity_id_ordinal_key: CONSTRAINT assessment_attempts_identity_id_ordinal_key UNIQUE (identity_id, ordinal)",assessment_attempts_ordinal_check: CONSTRAINT assessment_attempts_ordinal_check CHECK (ordinal > 0),Campo ordinal de assessment_attempts.
assessment_attempts,state,text,NO,CAST('active' AS text),,,,"assessment_attempts_check: CONSTRAINT assessment_attempts_check CHECK (state <> CAST('verified' AS text) OR verification IS NOT NULL) | assessment_attempts_state_check: CONSTRAINT assessment_attempts_state_check CHECK (state = ANY(ARRAY[CAST('active' AS text), CAST('verified' AS text), CAST('failed' AS text), CAST('interrupted' AS text)]))",Campo state de assessment_attempts.
assessment_attempts,artifact_root,text,NO,,,,assessment_attempts_artifact_root_key: CONSTRAINT assessment_attempts_artifact_root_key UNIQUE (artifact_root),,Campo artifact_root de assessment_attempts.
assessment_attempts,cause,text,YES,,,,,,Campo cause de assessment_attempts.
assessment_attempts,verification,jsonb,YES,,,,,assessment_attempts_check: CONSTRAINT assessment_attempts_check CHECK (state <> CAST('verified' AS text) OR verification IS NOT NULL),"Campo verification de assessment_attempts. Snapshot, parámetros extensibles o metadatos variables; no sustituye las FK ni columnas tipadas. Canonical/hash preserva los bytes de origen cuando aplica."
assessment_attempts,started_at,timestamp with time zone,NO,clock_timestamp(),,,,,Campo started_at de assessment_attempts. Auditoría temporal del evento indicado; sin actualización automática salvo trigger explícito.
assessment_attempts,finished_at,timestamp with time zone,YES,,,,,,Campo finished_at de assessment_attempts. Auditoría temporal del evento indicado; sin actualización automática salvo trigger explícito.
assessment_campaign_consumers,campaign_id,uuid,NO,,YES,assessment_campaign_consumers_campaign_id_fkey: CONSTRAINT assessment_campaign_consumers_campaign_id_fkey FOREIGN KEY (campaign_id) REFERENCES experimental_campaigns (id),,,Campo campaign_id de assessment_campaign_consumers.
assessment_campaign_consumers,member_id,uuid,NO,,YES,assessment_campaign_consumers_member_id_fkey: CONSTRAINT assessment_campaign_consumers_member_id_fkey FOREIGN KEY (member_id) REFERENCES campaign_members (id),,,Campo member_id de assessment_campaign_consumers.
assessment_campaign_consumers,identity_id,uuid,NO,,YES,assessment_campaign_consumers_identity_id_fkey: CONSTRAINT assessment_campaign_consumers_identity_id_fkey FOREIGN KEY (identity_id) REFERENCES assessment_identities (id),,,Campo identity_id de assessment_campaign_consumers.
assessment_final_locks,id,uuid,NO,,YES,,,,Campo id de assessment_final_locks.
assessment_final_locks,identity_hash,text,NO,,,,assessment_final_locks_identity_hash_key: CONSTRAINT assessment_final_locks_identity_hash_key UNIQUE (identity_hash),assessment_final_locks_check: CONSTRAINT assessment_final_locks_check CHECK (NOT(evidence ->> CAST('identity_hash' AS text)) IS DISTINCT FROM identity_hash) | assessment_final_locks_identity_hash_check: CONSTRAINT assessment_final_locks_identity_hash_check CHECK (identity_hash ~ CAST('^[a-f0-9]{64}$' AS text)),"Campo identity_hash de assessment_final_locks. Identidad/procedencia; conservar valor y representación canónica original, sin recalcular al transferir."
assessment_final_locks,evidence,jsonb,NO,,,,,assessment_final_locks_check: CONSTRAINT assessment_final_locks_check CHECK (NOT(evidence ->> CAST('identity_hash' AS text)) IS DISTINCT FROM identity_hash) | assessment_final_locks_evidence_check: CONSTRAINT assessment_final_locks_evidence_check CHECK (jsonb_typeof(evidence) = CAST('object' AS text)) | assessment_final_locks_evidence_check1: CONSTRAINT assessment_final_locks_evidence_check1 CHECK (NOT(evidence ->> CAST('status' AS text)) IS DISTINCT FROM CAST('locked' AS text)) | assessment_final_locks_evidence_check2: CONSTRAINT assessment_final_locks_evidence_check2 CHECK (NOT jsonb_typeof(evidence -> CAST('candidate' AS text)) IS DISTINCT FROM CAST('object' AS text)) | assessment_final_locks_evidence_check3: CONSTRAINT assessment_final_locks_evidence_check3 CHECK (NOT jsonb_typeof(evidence -> CAST('decision' AS text)) IS DISTINCT FROM CAST('object' AS text)),"Campo evidence de assessment_final_locks. Snapshot, parámetros extensibles o metadatos variables; no sustituye las FK ni columnas tipadas. Canonical/hash preserva los bytes de origen cuando aplica."
assessment_final_locks,created_at,timestamp with time zone,NO,clock_timestamp(),,,,,Campo created_at de assessment_final_locks. Auditoría temporal del evento indicado; sin actualización automática salvo trigger explícito.
assessment_identities,id,uuid,NO,,YES,,,,Campo id de assessment_identities.
assessment_identities,identity_hash,text,NO,,,,assessment_identities_identity_hash_key: CONSTRAINT assessment_identities_identity_hash_key UNIQUE (identity_hash),"assessment_identities_check1: CONSTRAINT assessment_identities_check1 CHECK (identity_hash = encode(sha256(convert_to(canonical_identity, CAST('UTF8' AS name))), CAST('hex' AS text))) | assessment_identities_identity_hash_check: CONSTRAINT assessment_identities_identity_hash_check CHECK (identity_hash ~ CAST('^[a-f0-9]{64}$' AS text))","Campo identity_hash de assessment_identities. Identidad/procedencia; conservar valor y representación canónica original, sin recalcular al transferir."
assessment_identities,training_run_id,uuid,NO,,,assessment_identities_training_run_id_fkey: CONSTRAINT assessment_identities_training_run_id_fkey FOREIGN KEY (training_run_id) REFERENCES runs (id),,assessment_identities_check3: CONSTRAINT assessment_identities_check3 CHECK (NOT((identity -> CAST('model' AS text)) ->> CAST('training_run_id' AS text)) IS DISTINCT FROM CAST(training_run_id AS text)),Campo training_run_id de assessment_identities.
assessment_identities,kind,text,NO,,,,,"assessment_identities_check2: CONSTRAINT assessment_identities_check2 CHECK (NOT(identity ->> CAST('kind' AS text)) IS DISTINCT FROM kind) | assessment_identities_kind_check: CONSTRAINT assessment_identities_kind_check CHECK (kind = ANY(ARRAY[CAST('evaluate' AS text), CAST('explain' AS text)]))",Campo kind de assessment_identities.
assessment_identities,identity,jsonb,NO,,,,,"assessment_identities_check: CONSTRAINT assessment_identities_check CHECK (NOT CAST(canonical_identity AS jsonb) IS DISTINCT FROM identity) | assessment_identities_check2: CONSTRAINT assessment_identities_check2 CHECK (NOT(identity ->> CAST('kind' AS text)) IS DISTINCT FROM kind) | assessment_identities_check3: CONSTRAINT assessment_identities_check3 CHECK (NOT((identity -> CAST('model' AS text)) ->> CAST('training_run_id' AS text)) IS DISTINCT FROM CAST(training_run_id AS text)) | assessment_identities_identity_check: CONSTRAINT assessment_identities_identity_check CHECK (jsonb_typeof(identity) = CAST('object' AS text)) | assessment_identities_identity_check1: CONSTRAINT assessment_identities_identity_check1 CHECK (NOT(identity ->> CAST('schema' AS text)) IS DISTINCT FROM CAST('assessment_identity_v1' AS text)) | assessment_identities_identity_check10: CONSTRAINT assessment_identities_identity_check10 CHECK (NOT jsonb_typeof((identity -> CAST('decision' AS text)) -> CAST('effective' AS text)) IS DISTINCT FROM CAST('number' AS text)) | assessment_identities_identity_check11: CONSTRAINT assessment_identities_identity_check11 CHECK (CAST((identity -> CAST('decision' AS text)) ->> CAST('effective' AS text) AS numeric) >= CAST(0 AS numeric) AND CAST((identity -> CAST('decision' AS text)) ->> CAST('effective' AS text) AS numeric) <= CAST(1 AS numeric)) | assessment_identities_identity_check12: CONSTRAINT assessment_identities_identity_check12 CHECK (NOT((identity -> CAST('decision' AS text)) ->> CAST('score_domain' AS text)) IS DISTINCT FROM CAST('raw' AS text)) | assessment_identities_identity_check13: CONSTRAINT assessment_identities_identity_check13 CHECK (NOT((identity -> CAST('decision' AS text)) ->> CAST('comparison' AS text)) IS DISTINCT FROM CAST('>=' AS text)) | assessment_identities_identity_check14: CONSTRAINT assessment_identities_identity_check14 CHECK (NOT jsonb_typeof(identity -> CAST('dataset' AS text)) IS DISTINCT FROM CAST('object' AS text)) | assessment_identities_identity_check2: CONSTRAINT assessment_identities_identity_check2 CHECK (NOT jsonb_typeof(identity -> CAST('samples' AS text)) IS DISTINCT FROM CAST('array' AS text)) | assessment_identities_identity_check3: CONSTRAINT assessment_identities_identity_check3 CHECK (jsonb_array_length(identity -> CAST('samples' AS text)) > 0) | assessment_identities_identity_check4: CONSTRAINT assessment_identities_identity_check4 CHECK (((identity ->> CAST('purpose' AS text)) = CAST('development' AS text) AND identity ->> CAST('split' AS text) = ANY(ARRAY[CAST('train' AS text), CAST('val' AS text)])) OR ((identity ->> CAST('purpose' AS text)) = CAST('final' AS text) AND (identity ->> CAST('split' AS text)) = CAST('test' AS text))) | assessment_identities_identity_check5: CONSTRAINT assessment_identities_identity_check5 CHECK (identity ->> CAST('purpose' AS text) IS NOT NULL AND identity ->> CAST('split' AS text) IS NOT NULL) | assessment_identities_identity_check6: CONSTRAINT assessment_identities_identity_check6 CHECK (NOT jsonb_typeof((identity -> CAST('model' AS text)) -> CAST('input_contract' AS text)) IS DISTINCT FROM CAST('object' AS text)) | assessment_identities_identity_check7: CONSTRAINT assessment_identities_identity_check7 CHECK ((identity -> CAST('model' AS text)) ->> CAST('sha256' AS text) IS NOT NULL AND ((identity -> CAST('model' AS text)) ->> CAST('sha256' AS text)) ~ CAST('^[a-f0-9]{64}$' AS text)) | assessment_identities_identity_check8: CONSTRAINT assessment_identities_identity_check8 CHECK ((identity -> CAST('model' AS text)) ->> CAST('model_version_id' AS text) IS NOT NULL AND CAST((identity -> CAST('model' AS text)) ->> CAST('model_version_id' AS text) AS uuid) IS NOT NULL) | assessment_identities_identity_check9: CONSTRAINT assessment_identities_identity_check9 CHECK ((identity -> CAST('model' AS text)) ->> CAST('checkpoint_artifact_id' AS text) IS NOT NULL AND CAST((identity -> CAST('model' AS text)) ->> CAST('checkpoint_artifact_id' AS text) AS uuid) IS NOT NULL)","Campo identity de assessment_identities. Snapshot, parámetros extensibles o metadatos variables; no sustituye las FK ni columnas tipadas. Canonical/hash preserva los bytes de origen cuando aplica."
assessment_identities,canonical_identity,text,NO,,,,,"assessment_identities_check: CONSTRAINT assessment_identities_check CHECK (NOT CAST(canonical_identity AS jsonb) IS DISTINCT FROM identity) | assessment_identities_check1: CONSTRAINT assessment_identities_check1 CHECK (identity_hash = encode(sha256(convert_to(canonical_identity, CAST('UTF8' AS name))), CAST('hex' AS text)))",Campo canonical_identity de assessment_identities.
assessment_identities,structural_hash,text,YES,GENERATED ALWAYS AS (assessment_structural_hash(identity)) STORED,,,assessment_identities_structural_hash_key: CONSTRAINT assessment_identities_structural_hash_key UNIQUE (structural_hash),,"Campo structural_hash de assessment_identities. Identidad/procedencia; conservar valor y representación canónica original, sin recalcular al transferir."
assessment_identities,created_at,timestamp with time zone,NO,clock_timestamp(),,,,,Campo created_at de assessment_identities. Auditoría temporal del evento indicado; sin actualización automática salvo trigger explícito.
assessment_results,attempt_id,uuid,NO,,YES,assessment_results_attempt_id_fkey: CONSTRAINT assessment_results_attempt_id_fkey FOREIGN KEY (attempt_id) REFERENCES assessment_attempts (id),,,Campo attempt_id de assessment_results.
assessment_results,sample_id,uuid,NO,,YES,,,assessment_results_check: CONSTRAINT assessment_results_check CHECK (NOT(payload ->> CAST('sample_id' AS text)) IS DISTINCT FROM CAST(sample_id AS text)),Campo sample_id de assessment_results.
assessment_results,payload,jsonb,NO,,,,,assessment_results_check: CONSTRAINT assessment_results_check CHECK (NOT(payload ->> CAST('sample_id' AS text)) IS DISTINCT FROM CAST(sample_id AS text)) | assessment_results_payload_check: CONSTRAINT assessment_results_payload_check CHECK (jsonb_typeof(payload) = CAST('object' AS text)),"Campo payload de assessment_results. Snapshot, parámetros extensibles o metadatos variables; no sustituye las FK ni columnas tipadas. Canonical/hash preserva los bytes de origen cuando aplica."
audit_events,id,uuid,NO,,YES,,,,Campo id de audit_events.
audit_events,event_type,text,NO,,,,,,Campo event_type de audit_events.
audit_events,action,text,NO,,,,,,Campo action de audit_events.
audit_events,actor_user_id,uuid,YES,,,audit_events_actor_user_id_fkey: CONSTRAINT audit_events_actor_user_id_fkey FOREIGN KEY (actor_user_id) REFERENCES users (id) ON DELETE RESTRICT,,,Campo actor_user_id de audit_events.
audit_events,actor_username_snapshot,text,YES,,,,,,Campo actor_username_snapshot de audit_events.
audit_events,resource_type,text,NO,,,,,,Campo resource_type de audit_events.
audit_events,resource_id,text,YES,,,,,,Campo resource_id de audit_events.
audit_events,request_method,text,NO,,,,,,Campo request_method de audit_events.
audit_events,request_path,text,NO,,,,,,Campo request_path de audit_events.
audit_events,correlation_id,text,NO,,,,,,Campo correlation_id de audit_events.
audit_events,before_state,jsonb,YES,,,,,,"Campo before_state de audit_events. Snapshot, parámetros extensibles o metadatos variables; no sustituye las FK ni columnas tipadas. Canonical/hash preserva los bytes de origen cuando aplica."
audit_events,after_state,jsonb,YES,,,,,,"Campo after_state de audit_events. Snapshot, parámetros extensibles o metadatos variables; no sustituye las FK ni columnas tipadas. Canonical/hash preserva los bytes de origen cuando aplica."
audit_events,metadata,jsonb,NO,CAST('{}' AS jsonb),,,,,"Campo metadata de audit_events. Snapshot, parámetros extensibles o metadatos variables; no sustituye las FK ni columnas tipadas. Canonical/hash preserva los bytes de origen cuando aplica."
audit_events,success,boolean,NO,,,,,,Campo success de audit_events.
audit_events,error_code,text,YES,,,,,,Campo error_code de audit_events.
audit_events,created_at,timestamp with time zone,NO,now(),,,,,Campo created_at de audit_events. Auditoría temporal del evento indicado; sin actualización automática salvo trigger explícito.
blood_samples,id,uuid,NO,,YES,,,,Campo id de blood_samples.
blood_samples,case_id,uuid,NO,,,blood_samples_case_id_fkey: CONSTRAINT blood_samples_case_id_fkey FOREIGN KEY (case_id) REFERENCES scientific_cases (id) ON DELETE RESTRICT,"uq_blood_samples_case_code: CONSTRAINT uq_blood_samples_case_code UNIQUE (case_id, sample_code) | uq_blood_samples_external_identity: CREATE UNIQUE INDEX uq_blood_samples_external_identity ON public.blood_samples (case_id, source_system, external_sample_id) WHERE external_sample_id IS NOT NULL",,Campo case_id de blood_samples.
blood_samples,sample_code,varchar(120),NO,,,,"uq_blood_samples_case_code: CONSTRAINT uq_blood_samples_case_code UNIQUE (case_id, sample_code)",blood_samples_sample_code_check: CONSTRAINT blood_samples_sample_code_check CHECK (btrim(CAST(sample_code AS text)) <> CAST('' AS text)),Campo sample_code de blood_samples.
blood_samples,specimen_type,varchar(80),NO,CAST('peripheral_blood' AS varchar),,,,,Campo specimen_type de blood_samples.
blood_samples,collection_method,varchar(120),YES,,,,,,Campo collection_method de blood_samples.
blood_samples,anticoagulant,varchar(120),YES,,,,,,Campo anticoagulant de blood_samples.
blood_samples,collected_at,timestamp with time zone,YES,,,,,ck_blood_sample_chronology: CONSTRAINT ck_blood_sample_chronology CHECK (collected_at IS NULL OR received_at IS NULL OR received_at >= collected_at),Campo collected_at de blood_samples. Auditoría temporal del evento indicado; sin actualización automática salvo trigger explícito.
blood_samples,received_at,timestamp with time zone,YES,,,,,ck_blood_sample_chronology: CONSTRAINT ck_blood_sample_chronology CHECK (collected_at IS NULL OR received_at IS NULL OR received_at >= collected_at),Campo received_at de blood_samples. Auditoría temporal del evento indicado; sin actualización automática salvo trigger explícito.
blood_samples,status,varchar(20),NO,CAST('registered' AS varchar),,,,"blood_samples_status_check: CONSTRAINT blood_samples_status_check CHECK (CAST(status AS text) = ANY(ARRAY[CAST(CAST('registered' AS varchar) AS text), CAST(CAST('received' AS varchar) AS text), CAST(CAST('prepared' AS varchar) AS text), CAST(CAST('archived' AS varchar) AS text)])) | ck_blood_sample_archive_state: CONSTRAINT ck_blood_sample_archive_state CHECK ((CAST(status AS text) <> CAST('archived' AS text) AND archived_at IS NULL AND archived_by IS NULL) OR (CAST(status AS text) = CAST('archived' AS text) AND archived_at IS NOT NULL AND archived_by IS NOT NULL))",Campo status de blood_samples.
blood_samples,notes,text,YES,,,,,,Campo notes de blood_samples.
blood_samples,metadata_json,jsonb,NO,CAST('{}' AS jsonb),,,,blood_samples_metadata_json_check: CONSTRAINT blood_samples_metadata_json_check CHECK (jsonb_typeof(metadata_json) = CAST('object' AS text)),"Campo metadata_json de blood_samples. Snapshot, parámetros extensibles o metadatos variables; no sustituye las FK ni columnas tipadas. Canonical/hash preserva los bytes de origen cuando aplica."
blood_samples,created_at,timestamp with time zone,NO,now(),,,,,Campo created_at de blood_samples. Auditoría temporal del evento indicado; sin actualización automática salvo trigger explícito.
blood_samples,updated_at,timestamp with time zone,NO,now(),,,,,Campo updated_at de blood_samples. Auditoría temporal del evento indicado; sin actualización automática salvo trigger explícito.
blood_samples,created_by,uuid,NO,,,blood_samples_created_by_fkey: CONSTRAINT blood_samples_created_by_fkey FOREIGN KEY (created_by) REFERENCES users (id) ON DELETE RESTRICT,,,Campo created_by de blood_samples.
blood_samples,updated_by,uuid,YES,,,blood_samples_updated_by_fkey: CONSTRAINT blood_samples_updated_by_fkey FOREIGN KEY (updated_by) REFERENCES users (id) ON DELETE RESTRICT,,,Campo updated_by de blood_samples.
blood_samples,archived_at,timestamp with time zone,YES,,,,,ck_blood_sample_archive_state: CONSTRAINT ck_blood_sample_archive_state CHECK ((CAST(status AS text) <> CAST('archived' AS text) AND archived_at IS NULL AND archived_by IS NULL) OR (CAST(status AS text) = CAST('archived' AS text) AND archived_at IS NOT NULL AND archived_by IS NOT NULL)),Campo archived_at de blood_samples. Auditoría temporal del evento indicado; sin actualización automática salvo trigger explícito.
blood_samples,archived_by,uuid,YES,,,blood_samples_archived_by_fkey: CONSTRAINT blood_samples_archived_by_fkey FOREIGN KEY (archived_by) REFERENCES users (id) ON DELETE RESTRICT,,ck_blood_sample_archive_state: CONSTRAINT ck_blood_sample_archive_state CHECK ((CAST(status AS text) <> CAST('archived' AS text) AND archived_at IS NULL AND archived_by IS NULL) OR (CAST(status AS text) = CAST('archived' AS text) AND archived_at IS NOT NULL AND archived_by IS NOT NULL)),Campo archived_by de blood_samples.
blood_samples,source_system,varchar(120),YES,,,,"uq_blood_samples_external_identity: CREATE UNIQUE INDEX uq_blood_samples_external_identity ON public.blood_samples (case_id, source_system, external_sample_id) WHERE external_sample_id IS NOT NULL",,Campo source_system de blood_samples.
blood_samples,external_sample_id,varchar(240),YES,,,,"uq_blood_samples_external_identity: CREATE UNIQUE INDEX uq_blood_samples_external_identity ON public.blood_samples (case_id, source_system, external_sample_id) WHERE external_sample_id IS NOT NULL",,Campo external_sample_id de blood_samples.
blood_samples,sample_identity_origin,varchar(40),NO,CAST('generated_by_capstone' AS varchar),,,,"ck_blood_samples_identity_origin: CONSTRAINT ck_blood_samples_identity_origin CHECK (CAST(sample_identity_origin AS text) = ANY(ARRAY[CAST(CAST('external_system' AS varchar) AS text), CAST(CAST('generated_by_capstone' AS varchar) AS text), CAST(CAST('derived_import_profile' AS varchar) AS text)]))",Campo sample_identity_origin de blood_samples.
blood_samples,source_group_key,varchar(240),YES,,,,,,Campo source_group_key de blood_samples.
blood_samples,ingestion_status,varchar(20),YES,,,,,"ck_blood_samples_ingestion_status: CONSTRAINT ck_blood_samples_ingestion_status CHECK (ingestion_status IS NULL OR CAST(ingestion_status AS text) = ANY(ARRAY[CAST(CAST('pending' AS varchar) AS text), CAST(CAST('incomplete' AS varchar) AS text), CAST(CAST('complete' AS varchar) AS text), CAST(CAST('inconsistent' AS varchar) AS text), CAST(CAST('rejected' AS varchar) AS text)]))",Campo ingestion_status de blood_samples.
blood_samples,expected_image_count,integer,YES,,,,,ck_blood_samples_expected_count: CONSTRAINT ck_blood_samples_expected_count CHECK (expected_image_count IS NULL OR expected_image_count > 0),Campo expected_image_count de blood_samples.
campaign_attempts,id,uuid,NO,,YES,,"campaign_attempts_member_id_id_key: CONSTRAINT campaign_attempts_member_id_id_key UNIQUE (member_id, id)",,Campo id de campaign_attempts.
campaign_attempts,member_id,uuid,NO,,,campaign_attempts_member_id_fkey: CONSTRAINT campaign_attempts_member_id_fkey FOREIGN KEY (member_id) REFERENCES campaign_members (id) ON DELETE RESTRICT,"campaign_attempts_member_id_id_key: CONSTRAINT campaign_attempts_member_id_id_key UNIQUE (member_id, id) | campaign_attempts_member_id_ordinal_key: CONSTRAINT campaign_attempts_member_id_ordinal_key UNIQUE (member_id, ordinal) | uq_campaign_one_active_attempt: CREATE UNIQUE INDEX uq_campaign_one_active_attempt ON public.campaign_attempts (member_id) WHERE state = CAST('active' AS text)",,Campo member_id de campaign_attempts.
campaign_attempts,ordinal,integer,NO,,,,"campaign_attempts_member_id_ordinal_key: CONSTRAINT campaign_attempts_member_id_ordinal_key UNIQUE (member_id, ordinal)",campaign_attempts_ordinal_check: CONSTRAINT campaign_attempts_ordinal_check CHECK (ordinal > 0),Campo ordinal de campaign_attempts.
campaign_attempts,state,text,NO,,,,,"campaign_attempts_check: CONSTRAINT campaign_attempts_check CHECK ((state = CAST('active' AS text)) = (finished_at IS NULL)) | campaign_attempts_check1: CONSTRAINT campaign_attempts_check1 CHECK (state <> ALL(ARRAY[CAST('failed' AS text), CAST('interrupted' AS text)]) OR (cause IS NOT NULL AND length(btrim(cause)) > 0)) | campaign_attempts_check2: CONSTRAINT campaign_attempts_check2 CHECK (state <> ALL(ARRAY[CAST('completed' AS text), CAST('verified' AS text)]) OR training_run_id IS NOT NULL) | campaign_attempts_state_check: CONSTRAINT campaign_attempts_state_check CHECK (state = ANY(ARRAY[CAST('active' AS text), CAST('failed' AS text), CAST('interrupted' AS text), CAST('completed' AS text), CAST('verified' AS text)]))",Campo state de campaign_attempts.
campaign_attempts,training_run_id,uuid,YES,,,campaign_attempts_training_run_id_fkey: CONSTRAINT campaign_attempts_training_run_id_fkey FOREIGN KEY (training_run_id) REFERENCES runs (id) ON DELETE RESTRICT,campaign_attempts_training_run_id_key: CONSTRAINT campaign_attempts_training_run_id_key UNIQUE (training_run_id),"campaign_attempts_check2: CONSTRAINT campaign_attempts_check2 CHECK (state <> ALL(ARRAY[CAST('completed' AS text), CAST('verified' AS text)]) OR training_run_id IS NOT NULL)",Campo training_run_id de campaign_attempts.
campaign_attempts,cause,text,YES,,,,,"campaign_attempts_check1: CONSTRAINT campaign_attempts_check1 CHECK (state <> ALL(ARRAY[CAST('failed' AS text), CAST('interrupted' AS text)]) OR (cause IS NOT NULL AND length(btrim(cause)) > 0))",Campo cause de campaign_attempts.
campaign_attempts,started_at,timestamp with time zone,NO,now(),,,,,Campo started_at de campaign_attempts. Auditoría temporal del evento indicado; sin actualización automática salvo trigger explícito.
campaign_attempts,finished_at,timestamp with time zone,YES,,,,,campaign_attempts_check: CONSTRAINT campaign_attempts_check CHECK ((state = CAST('active' AS text)) = (finished_at IS NULL)),Campo finished_at de campaign_attempts. Auditoría temporal del evento indicado; sin actualización automática salvo trigger explícito.
campaign_configurations,campaign_id,uuid,NO,,YES,campaign_configurations_campaign_id_fkey: CONSTRAINT campaign_configurations_campaign_id_fkey FOREIGN KEY (campaign_id) REFERENCES experimental_campaigns (id) ON DELETE RESTRICT,,,Campo campaign_id de campaign_configurations.
campaign_configurations,configuration_hash,text,NO,,YES,,,campaign_configurations_configuration_hash_check: CONSTRAINT campaign_configurations_configuration_hash_check CHECK (configuration_hash ~ CAST('^[a-f0-9]{64}$' AS text)),"Campo configuration_hash de campaign_configurations. Identidad/procedencia; conservar valor y representación canónica original, sin recalcular al transferir."
campaign_configurations,configuration,jsonb,NO,,,,,campaign_configurations_configuration_check: CONSTRAINT campaign_configurations_configuration_check CHECK (jsonb_typeof(configuration) = CAST('object' AS text)) | ck_campaign_configuration_required_v2: CONSTRAINT ck_campaign_configuration_required_v2 CHECK ((campaign_configuration_valid(configuration) AND jsonb_typeof(requests) = CAST('array' AS text) AND jsonb_array_length(requests) > 0) IS TRUE),"Campo configuration de campaign_configurations. Snapshot, parámetros extensibles o metadatos variables; no sustituye las FK ni columnas tipadas. Canonical/hash preserva los bytes de origen cuando aplica."
campaign_configurations,canonical_configuration,text,NO,,,,,,Campo canonical_configuration de campaign_configurations.
campaign_configurations,requests,jsonb,NO,,,,,campaign_configurations_requests_check: CONSTRAINT campaign_configurations_requests_check CHECK (jsonb_typeof(requests) = CAST('array' AS text)) | ck_campaign_configuration_required_v2: CONSTRAINT ck_campaign_configuration_required_v2 CHECK ((campaign_configuration_valid(configuration) AND jsonb_typeof(requests) = CAST('array' AS text) AND jsonb_array_length(requests) > 0) IS TRUE),"Campo requests de campaign_configurations. Snapshot, parámetros extensibles o metadatos variables; no sustituye las FK ni columnas tipadas. Canonical/hash preserva los bytes de origen cuando aplica."
campaign_controlled_requests,id,uuid,NO,,YES,,,,Campo id de campaign_controlled_requests.
campaign_controlled_requests,campaign_id,uuid,NO,,,"campaign_controlled_requests_campaign_id_fkey: CONSTRAINT campaign_controlled_requests_campaign_id_fkey FOREIGN KEY (campaign_id) REFERENCES experimental_campaigns (id) | campaign_controlled_requests_campaign_id_revision_id_fkey: CONSTRAINT campaign_controlled_requests_campaign_id_revision_id_fkey FOREIGN KEY (campaign_id, revision_id) REFERENCES campaign_technical_revisions (campaign_id, id)",,,Campo campaign_id de campaign_controlled_requests.
campaign_controlled_requests,member_id,uuid,NO,,,campaign_controlled_requests_member_id_fkey: CONSTRAINT campaign_controlled_requests_member_id_fkey FOREIGN KEY (member_id) REFERENCES campaign_members (id),,,Campo member_id de campaign_controlled_requests.
campaign_controlled_requests,revision_id,uuid,NO,,,"campaign_controlled_requests_campaign_id_revision_id_fkey: CONSTRAINT campaign_controlled_requests_campaign_id_revision_id_fkey FOREIGN KEY (campaign_id, revision_id) REFERENCES campaign_technical_revisions (campaign_id, id)",,,Campo revision_id de campaign_controlled_requests.
campaign_controlled_requests,previous_attempt_id,uuid,NO,,,campaign_controlled_requests_previous_attempt_id_fkey: CONSTRAINT campaign_controlled_requests_previous_attempt_id_fkey FOREIGN KEY (previous_attempt_id) REFERENCES campaign_attempts (id),campaign_controlled_requests_previous_attempt_id_key: CONSTRAINT campaign_controlled_requests_previous_attempt_id_key UNIQUE (previous_attempt_id),,Campo previous_attempt_id de campaign_controlled_requests.
campaign_controlled_requests,attempt_id,uuid,NO,,,campaign_controlled_requests_attempt_id_fkey: CONSTRAINT campaign_controlled_requests_attempt_id_fkey FOREIGN KEY (attempt_id) REFERENCES campaign_attempts (id) DEFERRABLE INITIALLY DEFERRED,campaign_controlled_requests_attempt_id_key: CONSTRAINT campaign_controlled_requests_attempt_id_key UNIQUE (attempt_id),,Campo attempt_id de campaign_controlled_requests.
campaign_controlled_requests,run_id,uuid,NO,,,campaign_controlled_requests_run_id_fkey: CONSTRAINT campaign_controlled_requests_run_id_fkey FOREIGN KEY (run_id) REFERENCES runs (id) DEFERRABLE INITIALLY DEFERRED,campaign_controlled_requests_run_id_key: CONSTRAINT campaign_controlled_requests_run_id_key UNIQUE (run_id),,Campo run_id de campaign_controlled_requests.
campaign_controlled_requests,reason,text,NO,,,,,campaign_controlled_requests_reason_check: CONSTRAINT campaign_controlled_requests_reason_check CHECK (length(pg_catalog.btrim(reason)) > 0),Campo reason de campaign_controlled_requests.
campaign_controlled_requests,created_at,timestamp with time zone,NO,clock_timestamp(),,,,,Campo created_at de campaign_controlled_requests. Auditoría temporal del evento indicado; sin actualización automática salvo trigger explícito.
campaign_execution_events,id,uuid,NO,pg_catalog.gen_random_uuid(),YES,,,,Campo id de campaign_execution_events.
campaign_execution_events,campaign_id,uuid,NO,,,campaign_execution_events_campaign_id_fkey: CONSTRAINT campaign_execution_events_campaign_id_fkey FOREIGN KEY (campaign_id) REFERENCES experimental_campaigns (id),,,Campo campaign_id de campaign_execution_events.
campaign_execution_events,code,text,NO,,,,,,Campo code de campaign_execution_events.
campaign_execution_events,created_at,timestamp with time zone,NO,clock_timestamp(),,,,,Campo created_at de campaign_execution_events. Auditoría temporal del evento indicado; sin actualización automática salvo trigger explícito.
campaign_members,id,uuid,NO,,YES,"fk_member_accepted_attempt: CONSTRAINT fk_member_accepted_attempt FOREIGN KEY (id, accepted_attempt_id) REFERENCES campaign_attempts (member_id, id) DEFERRABLE INITIALLY DEFERRED",,,Campo id de campaign_members.
campaign_members,campaign_id,uuid,NO,,,"campaign_members_campaign_id_configuration_hash_fkey: CONSTRAINT campaign_members_campaign_id_configuration_hash_fkey FOREIGN KEY (campaign_id, configuration_hash) REFERENCES campaign_configurations (campaign_id, configuration_hash) ON DELETE RESTRICT | campaign_members_campaign_id_fkey: CONSTRAINT campaign_members_campaign_id_fkey FOREIGN KEY (campaign_id) REFERENCES experimental_campaigns (id) ON DELETE RESTRICT","campaign_members_campaign_id_configuration_hash_seed_key: CONSTRAINT campaign_members_campaign_id_configuration_hash_seed_key UNIQUE (campaign_id, configuration_hash, seed) | campaign_members_campaign_id_position_key: CONSTRAINT campaign_members_campaign_id_position_key UNIQUE (campaign_id, position)",,Campo campaign_id de campaign_members.
campaign_members,configuration_hash,text,NO,,,"campaign_members_campaign_id_configuration_hash_fkey: CONSTRAINT campaign_members_campaign_id_configuration_hash_fkey FOREIGN KEY (campaign_id, configuration_hash) REFERENCES campaign_configurations (campaign_id, configuration_hash) ON DELETE RESTRICT","campaign_members_campaign_id_configuration_hash_seed_key: CONSTRAINT campaign_members_campaign_id_configuration_hash_seed_key UNIQUE (campaign_id, configuration_hash, seed)",,"Campo configuration_hash de campaign_members. Identidad/procedencia; conservar valor y representación canónica original, sin recalcular al transferir."
campaign_members,seed,integer,NO,,,,"campaign_members_campaign_id_configuration_hash_seed_key: CONSTRAINT campaign_members_campaign_id_configuration_hash_seed_key UNIQUE (campaign_id, configuration_hash, seed)",campaign_members_seed_check: CONSTRAINT campaign_members_seed_check CHECK (seed >= 0),Campo seed de campaign_members.
campaign_members,position,integer,NO,,,,"campaign_members_campaign_id_position_key: CONSTRAINT campaign_members_campaign_id_position_key UNIQUE (campaign_id, position)",campaign_members_position_check: CONSTRAINT campaign_members_position_check CHECK (position >= 0),Campo position de campaign_members.
campaign_members,exclusion_reason,text,YES,,,,,campaign_members_check: CONSTRAINT campaign_members_check CHECK ((state = CAST('excluded' AS text)) = (exclusion_reason IS NOT NULL)) | campaign_members_exclusion_reason_check: CONSTRAINT campaign_members_exclusion_reason_check CHECK (exclusion_reason IS NULL OR length(btrim(exclusion_reason)) > 0),Campo exclusion_reason de campaign_members.
campaign_members,state,text,NO,CAST('pending' AS text),,,,"campaign_members_check: CONSTRAINT campaign_members_check CHECK ((state = CAST('excluded' AS text)) = (exclusion_reason IS NOT NULL)) | campaign_members_check1: CONSTRAINT campaign_members_check1 CHECK ((state = CAST('verified' AS text)) = (accepted_attempt_id IS NOT NULL)) | campaign_members_state_check: CONSTRAINT campaign_members_state_check CHECK (state = ANY(ARRAY[CAST('pending' AS text), CAST('active' AS text), CAST('failed' AS text), CAST('interrupted' AS text), CAST('completed' AS text), CAST('verified' AS text), CAST('excluded' AS text)]))",Campo state de campaign_members.
campaign_members,accepted_attempt_id,uuid,YES,,,"fk_member_accepted_attempt: CONSTRAINT fk_member_accepted_attempt FOREIGN KEY (id, accepted_attempt_id) REFERENCES campaign_attempts (member_id, id) DEFERRABLE INITIALLY DEFERRED",,campaign_members_check1: CONSTRAINT campaign_members_check1 CHECK ((state = CAST('verified' AS text)) = (accepted_attempt_id IS NOT NULL)),Campo accepted_attempt_id de campaign_members.
campaign_technical_revisions,id,uuid,NO,,YES,,"campaign_technical_revisions_campaign_id_id_key: CONSTRAINT campaign_technical_revisions_campaign_id_id_key UNIQUE (campaign_id, id)",,Campo id de campaign_technical_revisions.
campaign_technical_revisions,campaign_id,uuid,NO,,,campaign_technical_revisions_campaign_id_fkey: CONSTRAINT campaign_technical_revisions_campaign_id_fkey FOREIGN KEY (campaign_id) REFERENCES experimental_campaigns (id),"campaign_technical_revisions_campaign_id_id_key: CONSTRAINT campaign_technical_revisions_campaign_id_id_key UNIQUE (campaign_id, id)",,Campo campaign_id de campaign_technical_revisions.
campaign_technical_revisions,payload,jsonb,NO,,,,,campaign_technical_revisions_check: CONSTRAINT campaign_technical_revisions_check CHECK (CAST(canonical_payload AS jsonb) = payload),"Campo payload de campaign_technical_revisions. Snapshot, parámetros extensibles o metadatos variables; no sustituye las FK ni columnas tipadas. Canonical/hash preserva los bytes de origen cuando aplica."
campaign_technical_revisions,canonical_payload,text,NO,,,,,"campaign_technical_revisions_check: CONSTRAINT campaign_technical_revisions_check CHECK (CAST(canonical_payload AS jsonb) = payload) | campaign_technical_revisions_check1: CONSTRAINT campaign_technical_revisions_check1 CHECK (encode(sha256(convert_to(canonical_payload, CAST('UTF8' AS name))), CAST('hex' AS text)) = payload_hash)",Campo canonical_payload de campaign_technical_revisions.
campaign_technical_revisions,payload_hash,text,NO,,,,,"campaign_technical_revisions_check1: CONSTRAINT campaign_technical_revisions_check1 CHECK (encode(sha256(convert_to(canonical_payload, CAST('UTF8' AS name))), CAST('hex' AS text)) = payload_hash) | campaign_technical_revisions_payload_hash_check: CONSTRAINT campaign_technical_revisions_payload_hash_check CHECK (payload_hash ~ CAST('^[a-f0-9]{64}$' AS text))","Campo payload_hash de campaign_technical_revisions. Identidad/procedencia; conservar valor y representación canónica original, sin recalcular al transferir."
campaign_technical_revisions,created_at,timestamp with time zone,NO,clock_timestamp(),,,,,Campo created_at de campaign_technical_revisions. Auditoría temporal del evento indicado; sin actualización automática salvo trigger explícito.
cell_classification_events,id,uuid,NO,,YES,,,,Campo id de cell_classification_events.
cell_classification_events,classification_run_id,uuid,NO,,,"cell_classification_events_classification_run_id_fkey: CONSTRAINT cell_classification_events_classification_run_id_fkey FOREIGN KEY (classification_run_id) REFERENCES cell_classification_runs (id) ON DELETE RESTRICT | fk_cell_classification_event_prediction: CONSTRAINT fk_cell_classification_event_prediction FOREIGN KEY (cell_prediction_id, classification_run_id) REFERENCES cell_predictions (id, classification_run_id) ON DELETE RESTRICT",,,Campo classification_run_id de cell_classification_events.
cell_classification_events,cell_detection_id,uuid,YES,,,cell_classification_events_cell_detection_id_fkey: CONSTRAINT cell_classification_events_cell_detection_id_fkey FOREIGN KEY (cell_detection_id) REFERENCES cell_detections (id) ON DELETE RESTRICT,,,Campo cell_detection_id de cell_classification_events.
cell_classification_events,cell_prediction_id,uuid,YES,,,"fk_cell_classification_event_prediction: CONSTRAINT fk_cell_classification_event_prediction FOREIGN KEY (cell_prediction_id, classification_run_id) REFERENCES cell_predictions (id, classification_run_id) ON DELETE RESTRICT",,,Campo cell_prediction_id de cell_classification_events.
cell_classification_events,event_type,varchar(120),NO,,,,,cell_classification_events_event_type_check: CONSTRAINT cell_classification_events_event_type_check CHECK (btrim(CAST(event_type AS text)) <> CAST('' AS text)),Campo event_type de cell_classification_events.
cell_classification_events,status,varchar(40),NO,,,,,cell_classification_events_status_check: CONSTRAINT cell_classification_events_status_check CHECK (btrim(CAST(status AS text)) <> CAST('' AS text)),Campo status de cell_classification_events.
cell_classification_events,message_code,varchar(80),YES,,,,,,Campo message_code de cell_classification_events.
cell_classification_events,message,text,YES,,,,,,Campo message de cell_classification_events.
cell_classification_events,progress_current,integer,YES,,,,,cell_classification_events_progress_current_check: CONSTRAINT cell_classification_events_progress_current_check CHECK (progress_current IS NULL OR progress_current >= 0) | ck_cell_classification_event_progress: CONSTRAINT ck_cell_classification_event_progress CHECK (progress_current IS NULL OR progress_total IS NULL OR progress_current <= progress_total),Campo progress_current de cell_classification_events.
cell_classification_events,progress_total,integer,YES,,,,,cell_classification_events_progress_total_check: CONSTRAINT cell_classification_events_progress_total_check CHECK (progress_total IS NULL OR progress_total >= 0) | ck_cell_classification_event_progress: CONSTRAINT ck_cell_classification_event_progress CHECK (progress_current IS NULL OR progress_total IS NULL OR progress_current <= progress_total),Campo progress_total de cell_classification_events.
cell_classification_events,metadata_json,jsonb,NO,CAST('{}' AS jsonb),,,,cell_classification_events_metadata_json_check: CONSTRAINT cell_classification_events_metadata_json_check CHECK (jsonb_typeof(metadata_json) = CAST('object' AS text)),"Campo metadata_json de cell_classification_events. Snapshot, parámetros extensibles o metadatos variables; no sustituye las FK ni columnas tipadas. Canonical/hash preserva los bytes de origen cuando aplica."
cell_classification_events,created_at,timestamp with time zone,NO,now(),,,,,Campo created_at de cell_classification_events. Auditoría temporal del evento indicado; sin actualización automática salvo trigger explícito.
cell_classification_inputs,id,uuid,NO,,YES,,"uq_cell_classification_inputs_prediction_owner: CONSTRAINT uq_cell_classification_inputs_prediction_owner UNIQUE (id, classification_run_id, cell_detection_id, crop_id)",,Campo id de cell_classification_inputs.
cell_classification_inputs,classification_run_id,uuid,NO,,,"fk_cell_classification_input_run_detection: CONSTRAINT fk_cell_classification_input_run_detection FOREIGN KEY (classification_run_id, detection_run_id) REFERENCES cell_classification_runs (id, detection_run_id) ON DELETE RESTRICT","uq_cell_classification_inputs_crop: CONSTRAINT uq_cell_classification_inputs_crop UNIQUE (classification_run_id, crop_id) | uq_cell_classification_inputs_detection: CONSTRAINT uq_cell_classification_inputs_detection UNIQUE (classification_run_id, cell_detection_id) | uq_cell_classification_inputs_order: CONSTRAINT uq_cell_classification_inputs_order UNIQUE (classification_run_id, input_order) | uq_cell_classification_inputs_prediction_owner: CONSTRAINT uq_cell_classification_inputs_prediction_owner UNIQUE (id, classification_run_id, cell_detection_id, crop_id)",,Campo classification_run_id de cell_classification_inputs.
cell_classification_inputs,detection_run_id,uuid,NO,,,"fk_cell_classification_input_detection: CONSTRAINT fk_cell_classification_input_detection FOREIGN KEY (cell_detection_id, detection_run_id, microscopy_image_id) REFERENCES cell_detections (id, detection_run_id, microscopy_image_id) ON DELETE RESTRICT | fk_cell_classification_input_run_detection: CONSTRAINT fk_cell_classification_input_run_detection FOREIGN KEY (classification_run_id, detection_run_id) REFERENCES cell_classification_runs (id, detection_run_id) ON DELETE RESTRICT",,,Campo detection_run_id de cell_classification_inputs.
cell_classification_inputs,cell_detection_id,uuid,NO,,,"fk_cell_classification_input_crop: CONSTRAINT fk_cell_classification_input_crop FOREIGN KEY (crop_id, cell_detection_id) REFERENCES cell_crops (id, cell_detection_id) ON DELETE RESTRICT | fk_cell_classification_input_detection: CONSTRAINT fk_cell_classification_input_detection FOREIGN KEY (cell_detection_id, detection_run_id, microscopy_image_id) REFERENCES cell_detections (id, detection_run_id, microscopy_image_id) ON DELETE RESTRICT","uq_cell_classification_inputs_detection: CONSTRAINT uq_cell_classification_inputs_detection UNIQUE (classification_run_id, cell_detection_id) | uq_cell_classification_inputs_prediction_owner: CONSTRAINT uq_cell_classification_inputs_prediction_owner UNIQUE (id, classification_run_id, cell_detection_id, crop_id)",,Campo cell_detection_id de cell_classification_inputs.
cell_classification_inputs,microscopy_image_id,uuid,NO,,,"fk_cell_classification_input_detection: CONSTRAINT fk_cell_classification_input_detection FOREIGN KEY (cell_detection_id, detection_run_id, microscopy_image_id) REFERENCES cell_detections (id, detection_run_id, microscopy_image_id) ON DELETE RESTRICT",,,Campo microscopy_image_id de cell_classification_inputs.
cell_classification_inputs,crop_id,uuid,YES,,,"fk_cell_classification_input_crop: CONSTRAINT fk_cell_classification_input_crop FOREIGN KEY (crop_id, cell_detection_id) REFERENCES cell_crops (id, cell_detection_id) ON DELETE RESTRICT","uq_cell_classification_inputs_crop: CONSTRAINT uq_cell_classification_inputs_crop UNIQUE (classification_run_id, crop_id) | uq_cell_classification_inputs_prediction_owner: CONSTRAINT uq_cell_classification_inputs_prediction_owner UNIQUE (id, classification_run_id, cell_detection_id, crop_id)",ck_cell_classification_input_crop_metadata: CONSTRAINT ck_cell_classification_input_crop_metadata CHECK ((crop_id IS NULL AND NOT eligible AND crop_sha256 IS NULL AND crop_width_px IS NULL AND crop_height_px IS NULL) OR (crop_id IS NOT NULL AND crop_sha256 IS NOT NULL AND crop_sha256 ~ CAST('^[0-9a-f]{64}$' AS text) AND crop_width_px IS NOT NULL AND crop_width_px > 0 AND crop_height_px IS NOT NULL AND crop_height_px > 0)) | ck_cell_classification_input_eligibility: CONSTRAINT ck_cell_classification_input_eligibility CHECK ((eligible AND crop_id IS NOT NULL AND exclusion_reason IS NULL) OR (NOT eligible AND exclusion_reason IS NOT NULL AND btrim(CAST(exclusion_reason AS text)) <> CAST('' AS text))),Campo crop_id de cell_classification_inputs.
cell_classification_inputs,input_order,integer,NO,,,,"uq_cell_classification_inputs_order: CONSTRAINT uq_cell_classification_inputs_order UNIQUE (classification_run_id, input_order)",cell_classification_inputs_input_order_check: CONSTRAINT cell_classification_inputs_input_order_check CHECK (input_order > 0),Campo input_order de cell_classification_inputs.
cell_classification_inputs,image_sequence_number,integer,NO,,,,,cell_classification_inputs_image_sequence_number_check: CONSTRAINT cell_classification_inputs_image_sequence_number_check CHECK (image_sequence_number > 0),Campo image_sequence_number de cell_classification_inputs.
cell_classification_inputs,cell_index,integer,NO,,,,,cell_classification_inputs_cell_index_check: CONSTRAINT cell_classification_inputs_cell_index_check CHECK (cell_index > 0),Campo cell_index de cell_classification_inputs.
cell_classification_inputs,cell_code,varchar(40),NO,,,,,cell_classification_inputs_cell_code_check: CONSTRAINT cell_classification_inputs_cell_code_check CHECK (CAST(cell_code AS text) ~ CAST('^CELL-[A-F0-9]{12}$' AS text)),Campo cell_code de cell_classification_inputs.
cell_classification_inputs,detector_key,varchar(80),NO,,,,,cell_classification_inputs_detector_key_check: CONSTRAINT cell_classification_inputs_detector_key_check CHECK (btrim(CAST(detector_key AS text)) <> CAST('' AS text)),Campo detector_key de cell_classification_inputs.
cell_classification_inputs,detector_version,varchar(40),NO,,,,,cell_classification_inputs_detector_version_check: CONSTRAINT cell_classification_inputs_detector_version_check CHECK (btrim(CAST(detector_version AS text)) <> CAST('' AS text)),Campo detector_version de cell_classification_inputs.
cell_classification_inputs,detector_algorithm_version,varchar(80),NO,,,,,cell_classification_inputs_detector_algorithm_version_check: CONSTRAINT cell_classification_inputs_detector_algorithm_version_check CHECK (btrim(CAST(detector_algorithm_version AS text)) <> CAST('' AS text)),Campo detector_algorithm_version de cell_classification_inputs.
cell_classification_inputs,crop_sha256,char(64),YES,,,,,ck_cell_classification_input_crop_metadata: CONSTRAINT ck_cell_classification_input_crop_metadata CHECK ((crop_id IS NULL AND NOT eligible AND crop_sha256 IS NULL AND crop_width_px IS NULL AND crop_height_px IS NULL) OR (crop_id IS NOT NULL AND crop_sha256 IS NOT NULL AND crop_sha256 ~ CAST('^[0-9a-f]{64}$' AS text) AND crop_width_px IS NOT NULL AND crop_width_px > 0 AND crop_height_px IS NOT NULL AND crop_height_px > 0)),"Campo crop_sha256 de cell_classification_inputs. Identidad/procedencia; conservar valor y representación canónica original, sin recalcular al transferir."
cell_classification_inputs,crop_width_px,integer,YES,,,,,ck_cell_classification_input_crop_metadata: CONSTRAINT ck_cell_classification_input_crop_metadata CHECK ((crop_id IS NULL AND NOT eligible AND crop_sha256 IS NULL AND crop_width_px IS NULL AND crop_height_px IS NULL) OR (crop_id IS NOT NULL AND crop_sha256 IS NOT NULL AND crop_sha256 ~ CAST('^[0-9a-f]{64}$' AS text) AND crop_width_px IS NOT NULL AND crop_width_px > 0 AND crop_height_px IS NOT NULL AND crop_height_px > 0)),Campo crop_width_px de cell_classification_inputs.
cell_classification_inputs,crop_height_px,integer,YES,,,,,ck_cell_classification_input_crop_metadata: CONSTRAINT ck_cell_classification_input_crop_metadata CHECK ((crop_id IS NULL AND NOT eligible AND crop_sha256 IS NULL AND crop_width_px IS NULL AND crop_height_px IS NULL) OR (crop_id IS NOT NULL AND crop_sha256 IS NOT NULL AND crop_sha256 ~ CAST('^[0-9a-f]{64}$' AS text) AND crop_width_px IS NOT NULL AND crop_width_px > 0 AND crop_height_px IS NOT NULL AND crop_height_px > 0)),Campo crop_height_px de cell_classification_inputs.
cell_classification_inputs,detection_review_status_at_creation,varchar(30),YES,,,,,"ck_cell_classification_input_review: CONSTRAINT ck_cell_classification_input_review CHECK (detection_review_status_at_creation IS NULL OR CAST(detection_review_status_at_creation AS text) = ANY(ARRAY[CAST(CAST('unreviewed' AS varchar) AS text), CAST(CAST('accepted' AS varchar) AS text), CAST(CAST('rejected' AS varchar) AS text), CAST(CAST('needs_attention' AS varchar) AS text)]))",Campo detection_review_status_at_creation de cell_classification_inputs.
cell_classification_inputs,eligible,boolean,NO,,,,,ck_cell_classification_input_crop_metadata: CONSTRAINT ck_cell_classification_input_crop_metadata CHECK ((crop_id IS NULL AND NOT eligible AND crop_sha256 IS NULL AND crop_width_px IS NULL AND crop_height_px IS NULL) OR (crop_id IS NOT NULL AND crop_sha256 IS NOT NULL AND crop_sha256 ~ CAST('^[0-9a-f]{64}$' AS text) AND crop_width_px IS NOT NULL AND crop_width_px > 0 AND crop_height_px IS NOT NULL AND crop_height_px > 0)) | ck_cell_classification_input_eligibility: CONSTRAINT ck_cell_classification_input_eligibility CHECK ((eligible AND crop_id IS NOT NULL AND exclusion_reason IS NULL) OR (NOT eligible AND exclusion_reason IS NOT NULL AND btrim(CAST(exclusion_reason AS text)) <> CAST('' AS text))),Campo eligible de cell_classification_inputs.
cell_classification_inputs,exclusion_reason,varchar(120),YES,,,,,ck_cell_classification_input_eligibility: CONSTRAINT ck_cell_classification_input_eligibility CHECK ((eligible AND crop_id IS NOT NULL AND exclusion_reason IS NULL) OR (NOT eligible AND exclusion_reason IS NOT NULL AND btrim(CAST(exclusion_reason AS text)) <> CAST('' AS text))),Campo exclusion_reason de cell_classification_inputs.
cell_classification_inputs,created_at,timestamp with time zone,NO,now(),,,,,Campo created_at de cell_classification_inputs. Auditoría temporal del evento indicado; sin actualización automática salvo trigger explícito.
cell_classification_reviews,id,uuid,NO,,YES,,,,Campo id de cell_classification_reviews.
cell_classification_reviews,cell_prediction_id,uuid,NO,,,cell_classification_reviews_cell_prediction_id_fkey: CONSTRAINT cell_classification_reviews_cell_prediction_id_fkey FOREIGN KEY (cell_prediction_id) REFERENCES cell_predictions (id) ON DELETE RESTRICT,,,Campo cell_prediction_id de cell_classification_reviews.
cell_classification_reviews,decision,varchar(30),NO,,,,,"cell_classification_reviews_decision_check: CONSTRAINT cell_classification_reviews_decision_check CHECK (CAST(decision AS text) = ANY(ARRAY[CAST(CAST('confirmed' AS varchar) AS text), CAST(CAST('corrected' AS varchar) AS text), CAST(CAST('needs_attention' AS varchar) AS text), CAST(CAST('comment_only' AS varchar) AS text)])) | ck_cell_classification_review_payload: CONSTRAINT ck_cell_classification_review_payload CHECK ((CAST(decision AS text) = CAST('confirmed' AS text) AND (comment IS NULL OR btrim(comment) <> CAST('' AS text))) OR (CAST(decision AS text) = CAST('corrected' AS text) AND reviewed_label IS NOT NULL AND (comment IS NULL OR btrim(comment) <> CAST('' AS text))) OR (CAST(decision AS text) = ANY(ARRAY[CAST(CAST('needs_attention' AS varchar) AS text), CAST(CAST('comment_only' AS varchar) AS text)]) AND reviewed_label IS NULL AND comment IS NOT NULL AND btrim(comment) <> CAST('' AS text)))",Campo decision de cell_classification_reviews.
cell_classification_reviews,reviewed_label,varchar(20),YES,,,,,"cell_classification_reviews_reviewed_label_check: CONSTRAINT cell_classification_reviews_reviewed_label_check CHECK (reviewed_label IS NULL OR CAST(reviewed_label AS text) = ANY(ARRAY[CAST(CAST('parasitized' AS varchar) AS text), CAST(CAST('uninfected' AS varchar) AS text)])) | ck_cell_classification_review_payload: CONSTRAINT ck_cell_classification_review_payload CHECK ((CAST(decision AS text) = CAST('confirmed' AS text) AND (comment IS NULL OR btrim(comment) <> CAST('' AS text))) OR (CAST(decision AS text) = CAST('corrected' AS text) AND reviewed_label IS NOT NULL AND (comment IS NULL OR btrim(comment) <> CAST('' AS text))) OR (CAST(decision AS text) = ANY(ARRAY[CAST(CAST('needs_attention' AS varchar) AS text), CAST(CAST('comment_only' AS varchar) AS text)]) AND reviewed_label IS NULL AND comment IS NOT NULL AND btrim(comment) <> CAST('' AS text)))",Campo reviewed_label de cell_classification_reviews.
cell_classification_reviews,comment,text,YES,,,,,"ck_cell_classification_review_payload: CONSTRAINT ck_cell_classification_review_payload CHECK ((CAST(decision AS text) = CAST('confirmed' AS text) AND (comment IS NULL OR btrim(comment) <> CAST('' AS text))) OR (CAST(decision AS text) = CAST('corrected' AS text) AND reviewed_label IS NOT NULL AND (comment IS NULL OR btrim(comment) <> CAST('' AS text))) OR (CAST(decision AS text) = ANY(ARRAY[CAST(CAST('needs_attention' AS varchar) AS text), CAST(CAST('comment_only' AS varchar) AS text)]) AND reviewed_label IS NULL AND comment IS NOT NULL AND btrim(comment) <> CAST('' AS text)))",Campo comment de cell_classification_reviews.
cell_classification_reviews,actor_user_id,uuid,NO,,,cell_classification_reviews_actor_user_id_fkey: CONSTRAINT cell_classification_reviews_actor_user_id_fkey FOREIGN KEY (actor_user_id) REFERENCES users (id) ON DELETE RESTRICT,,,Campo actor_user_id de cell_classification_reviews.
cell_classification_reviews,created_at,timestamp with time zone,NO,clock_timestamp(),,,,,Campo created_at de cell_classification_reviews. Auditoría temporal del evento indicado; sin actualización automática salvo trigger explícito.
cell_classification_runs,id,uuid,NO,,YES,,"uq_cell_classification_runs_detection_identity: CONSTRAINT uq_cell_classification_runs_detection_identity UNIQUE (id, detection_run_id) | uq_cell_classification_runs_identity: CONSTRAINT uq_cell_classification_runs_identity UNIQUE (id, analysis_run_id, detection_run_id)",ck_cell_classification_run_retry: CONSTRAINT ck_cell_classification_run_retry CHECK (retry_of_run_id IS NULL OR retry_of_run_id <> id),Campo id de cell_classification_runs.
cell_classification_runs,analysis_run_id,uuid,NO,,,"fk_cell_classification_run_detection_analysis: CONSTRAINT fk_cell_classification_run_detection_analysis FOREIGN KEY (detection_run_id, analysis_run_id) REFERENCES cell_detection_runs (id, analysis_run_id) ON DELETE RESTRICT","uq_cell_classification_runs_identity: CONSTRAINT uq_cell_classification_runs_identity UNIQUE (id, analysis_run_id, detection_run_id)",,Campo analysis_run_id de cell_classification_runs.
cell_classification_runs,detection_run_id,uuid,NO,,,"fk_cell_classification_run_detection_analysis: CONSTRAINT fk_cell_classification_run_detection_analysis FOREIGN KEY (detection_run_id, analysis_run_id) REFERENCES cell_detection_runs (id, analysis_run_id) ON DELETE RESTRICT","uq_cell_classification_runs_detection_identity: CONSTRAINT uq_cell_classification_runs_detection_identity UNIQUE (id, detection_run_id) | uq_cell_classification_runs_identity: CONSTRAINT uq_cell_classification_runs_identity UNIQUE (id, analysis_run_id, detection_run_id) | uq_cell_classification_runs_equivalent_active: CREATE UNIQUE INDEX uq_cell_classification_runs_equivalent_active ON public.cell_classification_runs (detection_run_id, production_model_id, (COALESCE(model_version, CAST('' AS varchar))), (COALESCE(model_snapshot ->> CAST('checkpoint_sha256' AS text), CAST('' AS text))), (COALESCE(model_snapshot ->> CAST('inference_version' AS text), CAST('' AS text))), input_manifest_sha256) WHERE CAST(status AS text) = ANY(ARRAY[CAST(CAST('created' AS varchar) AS text), CAST(CAST('processing' AS varchar) AS text), CAST(CAST('completed' AS varchar) AS text), CAST(CAST('completed_with_warnings' AS varchar) AS text)])",,Campo detection_run_id de cell_classification_runs.
cell_classification_runs,classification_run_code,varchar(20),NO,,,,cell_classification_runs_classification_run_code_key: CONSTRAINT cell_classification_runs_classification_run_code_key UNIQUE (classification_run_code),cell_classification_runs_classification_run_code_check: CONSTRAINT cell_classification_runs_classification_run_code_check CHECK (CAST(classification_run_code AS text) ~ CAST('^CLS-[A-F0-9]{8}$' AS text)),Campo classification_run_code de cell_classification_runs.
cell_classification_runs,production_model_id,uuid,NO,,,"fk_cell_classification_run_deployment_version: CONSTRAINT fk_cell_classification_run_deployment_version FOREIGN KEY (production_model_id, model_registry_id) REFERENCES deployed_model_versions (id, model_version_id) ON DELETE RESTRICT","uq_cell_classification_runs_equivalent_active: CREATE UNIQUE INDEX uq_cell_classification_runs_equivalent_active ON public.cell_classification_runs (detection_run_id, production_model_id, (COALESCE(model_version, CAST('' AS varchar))), (COALESCE(model_snapshot ->> CAST('checkpoint_sha256' AS text), CAST('' AS text))), (COALESCE(model_snapshot ->> CAST('inference_version' AS text), CAST('' AS text))), input_manifest_sha256) WHERE CAST(status AS text) = ANY(ARRAY[CAST(CAST('created' AS varchar) AS text), CAST(CAST('processing' AS varchar) AS text), CAST(CAST('completed' AS varchar) AS text), CAST(CAST('completed_with_warnings' AS varchar) AS text)])",,Campo production_model_id de cell_classification_runs.
cell_classification_runs,stage2_publication_id,uuid,NO,,,"fk_cell_classification_run_publication_version: CONSTRAINT fk_cell_classification_run_publication_version FOREIGN KEY (stage2_publication_id, model_registry_id) REFERENCES stage2_model_publications (id, model_version_id) ON DELETE RESTRICT",,,Campo stage2_publication_id de cell_classification_runs.
cell_classification_runs,model_registry_id,uuid,NO,,,"fk_cell_classification_run_deployment_version: CONSTRAINT fk_cell_classification_run_deployment_version FOREIGN KEY (production_model_id, model_registry_id) REFERENCES deployed_model_versions (id, model_version_id) ON DELETE RESTRICT | fk_cell_classification_run_publication_version: CONSTRAINT fk_cell_classification_run_publication_version FOREIGN KEY (stage2_publication_id, model_registry_id) REFERENCES stage2_model_publications (id, model_version_id) ON DELETE RESTRICT",,,Campo model_registry_id de cell_classification_runs.
cell_classification_runs,model_name,varchar(160),NO,,,,,cell_classification_runs_model_name_check: CONSTRAINT cell_classification_runs_model_name_check CHECK (btrim(CAST(model_name AS text)) <> CAST('' AS text)),Campo model_name de cell_classification_runs.
cell_classification_runs,model_version,varchar(120),YES,,,,,ck_cell_classification_run_model_version: CONSTRAINT ck_cell_classification_run_model_version CHECK (model_version IS NULL OR btrim(CAST(model_version AS text)) <> CAST('' AS text)),Campo model_version de cell_classification_runs.
cell_classification_runs,model_snapshot,jsonb,NO,,,,,cell_classification_runs_model_snapshot_check: CONSTRAINT cell_classification_runs_model_snapshot_check CHECK (jsonb_typeof(model_snapshot) = CAST('object' AS text)),"Campo model_snapshot de cell_classification_runs. Snapshot, parámetros extensibles o metadatos variables; no sustituye las FK ni columnas tipadas. Canonical/hash preserva los bytes de origen cuando aplica."
cell_classification_runs,input_manifest_sha256,char(64),NO,,,,"uq_cell_classification_runs_equivalent_active: CREATE UNIQUE INDEX uq_cell_classification_runs_equivalent_active ON public.cell_classification_runs (detection_run_id, production_model_id, (COALESCE(model_version, CAST('' AS varchar))), (COALESCE(model_snapshot ->> CAST('checkpoint_sha256' AS text), CAST('' AS text))), (COALESCE(model_snapshot ->> CAST('inference_version' AS text), CAST('' AS text))), input_manifest_sha256) WHERE CAST(status AS text) = ANY(ARRAY[CAST(CAST('created' AS varchar) AS text), CAST(CAST('processing' AS varchar) AS text), CAST(CAST('completed' AS varchar) AS text), CAST(CAST('completed_with_warnings' AS varchar) AS text)])",cell_classification_runs_input_manifest_sha256_check: CONSTRAINT cell_classification_runs_input_manifest_sha256_check CHECK (input_manifest_sha256 ~ CAST('^[0-9a-f]{64}$' AS text)),"Campo input_manifest_sha256 de cell_classification_runs. Identidad/procedencia; conservar valor y representación canónica original, sin recalcular al transferir."
cell_classification_runs,status,varchar(30),NO,,,,,"cell_classification_runs_status_check: CONSTRAINT cell_classification_runs_status_check CHECK (CAST(status AS text) = ANY(ARRAY[CAST(CAST('created' AS varchar) AS text), CAST(CAST('processing' AS varchar) AS text), CAST(CAST('completed' AS varchar) AS text), CAST(CAST('completed_with_warnings' AS varchar) AS text), CAST(CAST('failed' AS varchar) AS text)])) | ck_cell_classification_run_terminal_state: CONSTRAINT ck_cell_classification_run_terminal_state CHECK ((CAST(status AS text) = CAST('created' AS text) AND started_at IS NULL AND completed_at IS NULL AND failed_at IS NULL AND error_code IS NULL AND error_message IS NULL) OR (CAST(status AS text) = CAST('processing' AS text) AND started_at IS NOT NULL AND completed_at IS NULL AND failed_at IS NULL AND error_code IS NULL AND error_message IS NULL) OR (CAST(status AS text) = ANY(ARRAY[CAST(CAST('completed' AS varchar) AS text), CAST(CAST('completed_with_warnings' AS varchar) AS text)]) AND started_at IS NOT NULL AND completed_at IS NOT NULL AND failed_at IS NULL AND error_code IS NULL AND error_message IS NULL AND processed_count = eligible_count) OR (CAST(status AS text) = CAST('failed' AS text) AND started_at IS NOT NULL AND completed_at IS NULL AND failed_at IS NOT NULL AND error_code IS NOT NULL AND btrim(CAST(error_code AS text)) <> CAST('' AS text)))",Campo status de cell_classification_runs.
cell_classification_runs,input_count,integer,NO,,,,,cell_classification_runs_input_count_check: CONSTRAINT cell_classification_runs_input_count_check CHECK (input_count >= 0) | ck_cell_classification_run_counts: CONSTRAINT ck_cell_classification_run_counts CHECK (input_count = (eligible_count + excluded_count) AND processed_count <= eligible_count AND processed_count = (parasitized_count + uninfected_count + failed_count) AND near_threshold_count <= (parasitized_count + uninfected_count)),Campo input_count de cell_classification_runs.
cell_classification_runs,eligible_count,integer,NO,,,,,"cell_classification_runs_eligible_count_check: CONSTRAINT cell_classification_runs_eligible_count_check CHECK (eligible_count >= 0) | ck_cell_classification_run_counts: CONSTRAINT ck_cell_classification_run_counts CHECK (input_count = (eligible_count + excluded_count) AND processed_count <= eligible_count AND processed_count = (parasitized_count + uninfected_count + failed_count) AND near_threshold_count <= (parasitized_count + uninfected_count)) | ck_cell_classification_run_terminal_state: CONSTRAINT ck_cell_classification_run_terminal_state CHECK ((CAST(status AS text) = CAST('created' AS text) AND started_at IS NULL AND completed_at IS NULL AND failed_at IS NULL AND error_code IS NULL AND error_message IS NULL) OR (CAST(status AS text) = CAST('processing' AS text) AND started_at IS NOT NULL AND completed_at IS NULL AND failed_at IS NULL AND error_code IS NULL AND error_message IS NULL) OR (CAST(status AS text) = ANY(ARRAY[CAST(CAST('completed' AS varchar) AS text), CAST(CAST('completed_with_warnings' AS varchar) AS text)]) AND started_at IS NOT NULL AND completed_at IS NOT NULL AND failed_at IS NULL AND error_code IS NULL AND error_message IS NULL AND processed_count = eligible_count) OR (CAST(status AS text) = CAST('failed' AS text) AND started_at IS NOT NULL AND completed_at IS NULL AND failed_at IS NOT NULL AND error_code IS NOT NULL AND btrim(CAST(error_code AS text)) <> CAST('' AS text)))",Campo eligible_count de cell_classification_runs.
cell_classification_runs,excluded_count,integer,NO,,,,,cell_classification_runs_excluded_count_check: CONSTRAINT cell_classification_runs_excluded_count_check CHECK (excluded_count >= 0) | ck_cell_classification_run_counts: CONSTRAINT ck_cell_classification_run_counts CHECK (input_count = (eligible_count + excluded_count) AND processed_count <= eligible_count AND processed_count = (parasitized_count + uninfected_count + failed_count) AND near_threshold_count <= (parasitized_count + uninfected_count)),Campo excluded_count de cell_classification_runs.
cell_classification_runs,processed_count,integer,NO,0,,,,"cell_classification_runs_processed_count_check: CONSTRAINT cell_classification_runs_processed_count_check CHECK (processed_count >= 0) | ck_cell_classification_run_counts: CONSTRAINT ck_cell_classification_run_counts CHECK (input_count = (eligible_count + excluded_count) AND processed_count <= eligible_count AND processed_count = (parasitized_count + uninfected_count + failed_count) AND near_threshold_count <= (parasitized_count + uninfected_count)) | ck_cell_classification_run_terminal_state: CONSTRAINT ck_cell_classification_run_terminal_state CHECK ((CAST(status AS text) = CAST('created' AS text) AND started_at IS NULL AND completed_at IS NULL AND failed_at IS NULL AND error_code IS NULL AND error_message IS NULL) OR (CAST(status AS text) = CAST('processing' AS text) AND started_at IS NOT NULL AND completed_at IS NULL AND failed_at IS NULL AND error_code IS NULL AND error_message IS NULL) OR (CAST(status AS text) = ANY(ARRAY[CAST(CAST('completed' AS varchar) AS text), CAST(CAST('completed_with_warnings' AS varchar) AS text)]) AND started_at IS NOT NULL AND completed_at IS NOT NULL AND failed_at IS NULL AND error_code IS NULL AND error_message IS NULL AND processed_count = eligible_count) OR (CAST(status AS text) = CAST('failed' AS text) AND started_at IS NOT NULL AND completed_at IS NULL AND failed_at IS NOT NULL AND error_code IS NOT NULL AND btrim(CAST(error_code AS text)) <> CAST('' AS text)))",Campo processed_count de cell_classification_runs.
cell_classification_runs,parasitized_count,integer,NO,0,,,,cell_classification_runs_parasitized_count_check: CONSTRAINT cell_classification_runs_parasitized_count_check CHECK (parasitized_count >= 0) | ck_cell_classification_run_counts: CONSTRAINT ck_cell_classification_run_counts CHECK (input_count = (eligible_count + excluded_count) AND processed_count <= eligible_count AND processed_count = (parasitized_count + uninfected_count + failed_count) AND near_threshold_count <= (parasitized_count + uninfected_count)),Campo parasitized_count de cell_classification_runs.
cell_classification_runs,uninfected_count,integer,NO,0,,,,cell_classification_runs_uninfected_count_check: CONSTRAINT cell_classification_runs_uninfected_count_check CHECK (uninfected_count >= 0) | ck_cell_classification_run_counts: CONSTRAINT ck_cell_classification_run_counts CHECK (input_count = (eligible_count + excluded_count) AND processed_count <= eligible_count AND processed_count = (parasitized_count + uninfected_count + failed_count) AND near_threshold_count <= (parasitized_count + uninfected_count)),Campo uninfected_count de cell_classification_runs.
cell_classification_runs,near_threshold_count,integer,NO,0,,,,cell_classification_runs_near_threshold_count_check: CONSTRAINT cell_classification_runs_near_threshold_count_check CHECK (near_threshold_count >= 0) | ck_cell_classification_run_counts: CONSTRAINT ck_cell_classification_run_counts CHECK (input_count = (eligible_count + excluded_count) AND processed_count <= eligible_count AND processed_count = (parasitized_count + uninfected_count + failed_count) AND near_threshold_count <= (parasitized_count + uninfected_count)),Campo near_threshold_count de cell_classification_runs.
cell_classification_runs,failed_count,integer,NO,0,,,,cell_classification_runs_failed_count_check: CONSTRAINT cell_classification_runs_failed_count_check CHECK (failed_count >= 0) | ck_cell_classification_run_counts: CONSTRAINT ck_cell_classification_run_counts CHECK (input_count = (eligible_count + excluded_count) AND processed_count <= eligible_count AND processed_count = (parasitized_count + uninfected_count + failed_count) AND near_threshold_count <= (parasitized_count + uninfected_count)),Campo failed_count de cell_classification_runs.
cell_classification_runs,requested_by,uuid,NO,,,cell_classification_runs_requested_by_fkey: CONSTRAINT cell_classification_runs_requested_by_fkey FOREIGN KEY (requested_by) REFERENCES users (id) ON DELETE RESTRICT,,,Campo requested_by de cell_classification_runs.
cell_classification_runs,retry_of_run_id,uuid,YES,,,cell_classification_runs_retry_of_run_id_fkey: CONSTRAINT cell_classification_runs_retry_of_run_id_fkey FOREIGN KEY (retry_of_run_id) REFERENCES cell_classification_runs (id) ON DELETE RESTRICT,,ck_cell_classification_run_retry: CONSTRAINT ck_cell_classification_run_retry CHECK (retry_of_run_id IS NULL OR retry_of_run_id <> id),Campo retry_of_run_id de cell_classification_runs.
cell_classification_runs,started_at,timestamp with time zone,YES,,,,,"ck_cell_classification_run_terminal_state: CONSTRAINT ck_cell_classification_run_terminal_state CHECK ((CAST(status AS text) = CAST('created' AS text) AND started_at IS NULL AND completed_at IS NULL AND failed_at IS NULL AND error_code IS NULL AND error_message IS NULL) OR (CAST(status AS text) = CAST('processing' AS text) AND started_at IS NOT NULL AND completed_at IS NULL AND failed_at IS NULL AND error_code IS NULL AND error_message IS NULL) OR (CAST(status AS text) = ANY(ARRAY[CAST(CAST('completed' AS varchar) AS text), CAST(CAST('completed_with_warnings' AS varchar) AS text)]) AND started_at IS NOT NULL AND completed_at IS NOT NULL AND failed_at IS NULL AND error_code IS NULL AND error_message IS NULL AND processed_count = eligible_count) OR (CAST(status AS text) = CAST('failed' AS text) AND started_at IS NOT NULL AND completed_at IS NULL AND failed_at IS NOT NULL AND error_code IS NOT NULL AND btrim(CAST(error_code AS text)) <> CAST('' AS text))) | ck_cell_classification_run_time_order: CONSTRAINT ck_cell_classification_run_time_order CHECK (updated_at >= created_at AND (started_at IS NULL OR started_at >= created_at) AND (completed_at IS NULL OR completed_at >= started_at) AND (failed_at IS NULL OR failed_at >= started_at))",Campo started_at de cell_classification_runs. Auditoría temporal del evento indicado; sin actualización automática salvo trigger explícito.
cell_classification_runs,completed_at,timestamp with time zone,YES,,,,,"ck_cell_classification_run_terminal_state: CONSTRAINT ck_cell_classification_run_terminal_state CHECK ((CAST(status AS text) = CAST('created' AS text) AND started_at IS NULL AND completed_at IS NULL AND failed_at IS NULL AND error_code IS NULL AND error_message IS NULL) OR (CAST(status AS text) = CAST('processing' AS text) AND started_at IS NOT NULL AND completed_at IS NULL AND failed_at IS NULL AND error_code IS NULL AND error_message IS NULL) OR (CAST(status AS text) = ANY(ARRAY[CAST(CAST('completed' AS varchar) AS text), CAST(CAST('completed_with_warnings' AS varchar) AS text)]) AND started_at IS NOT NULL AND completed_at IS NOT NULL AND failed_at IS NULL AND error_code IS NULL AND error_message IS NULL AND processed_count = eligible_count) OR (CAST(status AS text) = CAST('failed' AS text) AND started_at IS NOT NULL AND completed_at IS NULL AND failed_at IS NOT NULL AND error_code IS NOT NULL AND btrim(CAST(error_code AS text)) <> CAST('' AS text))) | ck_cell_classification_run_time_order: CONSTRAINT ck_cell_classification_run_time_order CHECK (updated_at >= created_at AND (started_at IS NULL OR started_at >= created_at) AND (completed_at IS NULL OR completed_at >= started_at) AND (failed_at IS NULL OR failed_at >= started_at))",Campo completed_at de cell_classification_runs. Auditoría temporal del evento indicado; sin actualización automática salvo trigger explícito.
cell_classification_runs,failed_at,timestamp with time zone,YES,,,,,"ck_cell_classification_run_terminal_state: CONSTRAINT ck_cell_classification_run_terminal_state CHECK ((CAST(status AS text) = CAST('created' AS text) AND started_at IS NULL AND completed_at IS NULL AND failed_at IS NULL AND error_code IS NULL AND error_message IS NULL) OR (CAST(status AS text) = CAST('processing' AS text) AND started_at IS NOT NULL AND completed_at IS NULL AND failed_at IS NULL AND error_code IS NULL AND error_message IS NULL) OR (CAST(status AS text) = ANY(ARRAY[CAST(CAST('completed' AS varchar) AS text), CAST(CAST('completed_with_warnings' AS varchar) AS text)]) AND started_at IS NOT NULL AND completed_at IS NOT NULL AND failed_at IS NULL AND error_code IS NULL AND error_message IS NULL AND processed_count = eligible_count) OR (CAST(status AS text) = CAST('failed' AS text) AND started_at IS NOT NULL AND completed_at IS NULL AND failed_at IS NOT NULL AND error_code IS NOT NULL AND btrim(CAST(error_code AS text)) <> CAST('' AS text))) | ck_cell_classification_run_time_order: CONSTRAINT ck_cell_classification_run_time_order CHECK (updated_at >= created_at AND (started_at IS NULL OR started_at >= created_at) AND (completed_at IS NULL OR completed_at >= started_at) AND (failed_at IS NULL OR failed_at >= started_at))",Campo failed_at de cell_classification_runs. Auditoría temporal del evento indicado; sin actualización automática salvo trigger explícito.
cell_classification_runs,error_code,varchar(80),YES,,,,,"ck_cell_classification_run_terminal_state: CONSTRAINT ck_cell_classification_run_terminal_state CHECK ((CAST(status AS text) = CAST('created' AS text) AND started_at IS NULL AND completed_at IS NULL AND failed_at IS NULL AND error_code IS NULL AND error_message IS NULL) OR (CAST(status AS text) = CAST('processing' AS text) AND started_at IS NOT NULL AND completed_at IS NULL AND failed_at IS NULL AND error_code IS NULL AND error_message IS NULL) OR (CAST(status AS text) = ANY(ARRAY[CAST(CAST('completed' AS varchar) AS text), CAST(CAST('completed_with_warnings' AS varchar) AS text)]) AND started_at IS NOT NULL AND completed_at IS NOT NULL AND failed_at IS NULL AND error_code IS NULL AND error_message IS NULL AND processed_count = eligible_count) OR (CAST(status AS text) = CAST('failed' AS text) AND started_at IS NOT NULL AND completed_at IS NULL AND failed_at IS NOT NULL AND error_code IS NOT NULL AND btrim(CAST(error_code AS text)) <> CAST('' AS text)))",Campo error_code de cell_classification_runs.
cell_classification_runs,error_message,text,YES,,,,,"ck_cell_classification_run_terminal_state: CONSTRAINT ck_cell_classification_run_terminal_state CHECK ((CAST(status AS text) = CAST('created' AS text) AND started_at IS NULL AND completed_at IS NULL AND failed_at IS NULL AND error_code IS NULL AND error_message IS NULL) OR (CAST(status AS text) = CAST('processing' AS text) AND started_at IS NOT NULL AND completed_at IS NULL AND failed_at IS NULL AND error_code IS NULL AND error_message IS NULL) OR (CAST(status AS text) = ANY(ARRAY[CAST(CAST('completed' AS varchar) AS text), CAST(CAST('completed_with_warnings' AS varchar) AS text)]) AND started_at IS NOT NULL AND completed_at IS NOT NULL AND failed_at IS NULL AND error_code IS NULL AND error_message IS NULL AND processed_count = eligible_count) OR (CAST(status AS text) = CAST('failed' AS text) AND started_at IS NOT NULL AND completed_at IS NULL AND failed_at IS NOT NULL AND error_code IS NOT NULL AND btrim(CAST(error_code AS text)) <> CAST('' AS text)))",Campo error_message de cell_classification_runs.
cell_classification_runs,created_at,timestamp with time zone,NO,now(),,,,ck_cell_classification_run_time_order: CONSTRAINT ck_cell_classification_run_time_order CHECK (updated_at >= created_at AND (started_at IS NULL OR started_at >= created_at) AND (completed_at IS NULL OR completed_at >= started_at) AND (failed_at IS NULL OR failed_at >= started_at)),Campo created_at de cell_classification_runs. Auditoría temporal del evento indicado; sin actualización automática salvo trigger explícito.
cell_classification_runs,updated_at,timestamp with time zone,NO,now(),,,,ck_cell_classification_run_time_order: CONSTRAINT ck_cell_classification_run_time_order CHECK (updated_at >= created_at AND (started_at IS NULL OR started_at >= created_at) AND (completed_at IS NULL OR completed_at >= started_at) AND (failed_at IS NULL OR failed_at >= started_at)),Campo updated_at de cell_classification_runs. Auditoría temporal del evento indicado; sin actualización automática salvo trigger explícito.
cell_crops,id,uuid,NO,,YES,,"uq_cell_crops_id_detection: CREATE UNIQUE INDEX uq_cell_crops_id_detection ON public.cell_crops (id, cell_detection_id)",,Campo id de cell_crops.
cell_crops,cell_detection_id,uuid,NO,,,fk_cell_crops_detection: CONSTRAINT fk_cell_crops_detection FOREIGN KEY (cell_detection_id) REFERENCES cell_detections (id) ON DELETE RESTRICT,"uq_cell_crops_detection: CONSTRAINT uq_cell_crops_detection UNIQUE (cell_detection_id) | uq_cell_crops_id_detection: CREATE UNIQUE INDEX uq_cell_crops_id_detection ON public.cell_crops (id, cell_detection_id)",,Campo cell_detection_id de cell_crops.
cell_crops,relative_storage_key,text,NO,,,,uq_cell_crops_storage_key: CONSTRAINT uq_cell_crops_storage_key UNIQUE (relative_storage_key),cell_crops_relative_storage_key_check: CONSTRAINT cell_crops_relative_storage_key_check CHECK (relative_storage_key ~ CAST('^cell-crops/[0-9a-f]{8}-[0-9a-f]{4}-[0-9a-f]{4}-[0-9a-f]{4}-[0-9a-f]{12}/[0-9a-f]{8}-[0-9a-f]{4}-[0-9a-f]{4}-[0-9a-f]{4}-[0-9a-f]{12}/[0-9a-f]{8}-[0-9a-f]{4}-[0-9a-f]{4}-[0-9a-f]{4}-[0-9a-f]{12}/[0-9a-f]{8}-[0-9a-f]{4}-[0-9a-f]{4}-[0-9a-f]{4}-[0-9a-f]{12}/crop[.]png$' AS text)),Campo relative_storage_key de cell_crops.
cell_crops,sha256,char(64),NO,,,,,cell_crops_sha256_check: CONSTRAINT cell_crops_sha256_check CHECK (sha256 ~ CAST('^[0-9a-f]{64}$' AS text)),"Campo sha256 de cell_crops. Identidad/procedencia; conservar valor y representación canónica original, sin recalcular al transferir."
cell_crops,file_size_bytes,bigint,NO,,,,,cell_crops_file_size_bytes_check: CONSTRAINT cell_crops_file_size_bytes_check CHECK (file_size_bytes > 0),Campo file_size_bytes de cell_crops.
cell_crops,width_px,integer,NO,,,,,cell_crops_width_px_check: CONSTRAINT cell_crops_width_px_check CHECK (width_px > 0),Campo width_px de cell_crops.
cell_crops,height_px,integer,NO,,,,,cell_crops_height_px_check: CONSTRAINT cell_crops_height_px_check CHECK (height_px > 0),Campo height_px de cell_crops.
cell_crops,format,varchar(20),NO,,,,,cell_crops_format_check: CONSTRAINT cell_crops_format_check CHECK (CAST(format AS text) = CAST('PNG' AS text)),Campo format de cell_crops.
cell_crops,padding_px,integer,NO,,,,,cell_crops_padding_px_check: CONSTRAINT cell_crops_padding_px_check CHECK (padding_px >= 0),Campo padding_px de cell_crops.
cell_crops,created_at,timestamp with time zone,NO,now(),,,,,Campo created_at de cell_crops. Auditoría temporal del evento indicado; sin actualización automática salvo trigger explícito.
cell_detection_events,id,uuid,NO,,YES,,,,Campo id de cell_detection_events.
cell_detection_events,detection_run_id,uuid,NO,,,cell_detection_events_detection_run_id_fkey: CONSTRAINT cell_detection_events_detection_run_id_fkey FOREIGN KEY (detection_run_id) REFERENCES cell_detection_runs (id) ON DELETE RESTRICT,,,Campo detection_run_id de cell_detection_events.
cell_detection_events,microscopy_image_id,uuid,YES,,,cell_detection_events_microscopy_image_id_fkey: CONSTRAINT cell_detection_events_microscopy_image_id_fkey FOREIGN KEY (microscopy_image_id) REFERENCES microscopy_images (id) ON DELETE RESTRICT,,,Campo microscopy_image_id de cell_detection_events.
cell_detection_events,event_type,varchar(100),NO,,,,,cell_detection_events_event_type_check: CONSTRAINT cell_detection_events_event_type_check CHECK (btrim(CAST(event_type AS text)) <> CAST('' AS text)),Campo event_type de cell_detection_events.
cell_detection_events,stage,varchar(50),NO,,,,,cell_detection_events_stage_check: CONSTRAINT cell_detection_events_stage_check CHECK (btrim(CAST(stage AS text)) <> CAST('' AS text)),Campo stage de cell_detection_events.
cell_detection_events,status,varchar(30),NO,,,,,cell_detection_events_status_check: CONSTRAINT cell_detection_events_status_check CHECK (btrim(CAST(status AS text)) <> CAST('' AS text)),Campo status de cell_detection_events.
cell_detection_events,message_code,varchar(80),YES,,,,,,Campo message_code de cell_detection_events.
cell_detection_events,message,text,YES,,,,,,Campo message de cell_detection_events.
cell_detection_events,progress_current,integer,YES,,,,,cell_detection_events_progress_current_check: CONSTRAINT cell_detection_events_progress_current_check CHECK (progress_current IS NULL OR progress_current >= 0) | ck_cell_detection_event_progress: CONSTRAINT ck_cell_detection_event_progress CHECK (progress_current IS NULL OR progress_total IS NULL OR progress_current <= progress_total),Campo progress_current de cell_detection_events.
cell_detection_events,progress_total,integer,YES,,,,,cell_detection_events_progress_total_check: CONSTRAINT cell_detection_events_progress_total_check CHECK (progress_total IS NULL OR progress_total >= 0) | ck_cell_detection_event_progress: CONSTRAINT ck_cell_detection_event_progress CHECK (progress_current IS NULL OR progress_total IS NULL OR progress_current <= progress_total),Campo progress_total de cell_detection_events.
cell_detection_events,metadata_json,jsonb,NO,CAST('{}' AS jsonb),,,,cell_detection_events_metadata_json_check: CONSTRAINT cell_detection_events_metadata_json_check CHECK (jsonb_typeof(metadata_json) = CAST('object' AS text)),"Campo metadata_json de cell_detection_events. Snapshot, parámetros extensibles o metadatos variables; no sustituye las FK ni columnas tipadas. Canonical/hash preserva los bytes de origen cuando aplica."
cell_detection_events,created_at,timestamp with time zone,NO,now(),,,,,Campo created_at de cell_detection_events. Auditoría temporal del evento indicado; sin actualización automática salvo trigger explícito.
cell_detection_runs,id,uuid,NO,,YES,,"uq_cell_detection_runs_identity: CONSTRAINT uq_cell_detection_runs_identity UNIQUE (id, analysis_run_id)",,Campo id de cell_detection_runs.
cell_detection_runs,analysis_run_id,uuid,NO,,,cell_detection_runs_analysis_run_id_fkey: CONSTRAINT cell_detection_runs_analysis_run_id_fkey FOREIGN KEY (analysis_run_id) REFERENCES microscopy_analysis_runs (id) ON DELETE RESTRICT,"uq_cell_detection_runs_identity: CONSTRAINT uq_cell_detection_runs_identity UNIQUE (id, analysis_run_id) | uq_cell_detection_runs_equivalent_active: CREATE UNIQUE INDEX uq_cell_detection_runs_equivalent_active ON public.cell_detection_runs (analysis_run_id, detector_key, detector_version, algorithm_version, input_manifest_sha256) WHERE CAST(status AS text) = ANY(ARRAY[CAST(CAST('created' AS varchar) AS text), CAST(CAST('processing' AS varchar) AS text), CAST(CAST('completed' AS varchar) AS text), CAST(CAST('completed_with_warnings' AS varchar) AS text)])",,Campo analysis_run_id de cell_detection_runs.
cell_detection_runs,detection_run_code,varchar(20),NO,,,,cell_detection_runs_detection_run_code_key: CONSTRAINT cell_detection_runs_detection_run_code_key UNIQUE (detection_run_code),cell_detection_runs_detection_run_code_check: CONSTRAINT cell_detection_runs_detection_run_code_check CHECK (CAST(detection_run_code AS text) ~ CAST('^DET-[A-F0-9]{8}$' AS text)),Campo detection_run_code de cell_detection_runs.
cell_detection_runs,detector_key,varchar(80),NO,,,,"uq_cell_detection_runs_equivalent_active: CREATE UNIQUE INDEX uq_cell_detection_runs_equivalent_active ON public.cell_detection_runs (analysis_run_id, detector_key, detector_version, algorithm_version, input_manifest_sha256) WHERE CAST(status AS text) = ANY(ARRAY[CAST(CAST('created' AS varchar) AS text), CAST(CAST('processing' AS varchar) AS text), CAST(CAST('completed' AS varchar) AS text), CAST(CAST('completed_with_warnings' AS varchar) AS text)])",cell_detection_runs_detector_key_check: CONSTRAINT cell_detection_runs_detector_key_check CHECK (btrim(CAST(detector_key AS text)) <> CAST('' AS text)),Campo detector_key de cell_detection_runs.
cell_detection_runs,detector_version,varchar(40),NO,,,,"uq_cell_detection_runs_equivalent_active: CREATE UNIQUE INDEX uq_cell_detection_runs_equivalent_active ON public.cell_detection_runs (analysis_run_id, detector_key, detector_version, algorithm_version, input_manifest_sha256) WHERE CAST(status AS text) = ANY(ARRAY[CAST(CAST('created' AS varchar) AS text), CAST(CAST('processing' AS varchar) AS text), CAST(CAST('completed' AS varchar) AS text), CAST(CAST('completed_with_warnings' AS varchar) AS text)])",cell_detection_runs_detector_version_check: CONSTRAINT cell_detection_runs_detector_version_check CHECK (btrim(CAST(detector_version AS text)) <> CAST('' AS text)),Campo detector_version de cell_detection_runs.
cell_detection_runs,algorithm_version,varchar(80),NO,,,,"uq_cell_detection_runs_equivalent_active: CREATE UNIQUE INDEX uq_cell_detection_runs_equivalent_active ON public.cell_detection_runs (analysis_run_id, detector_key, detector_version, algorithm_version, input_manifest_sha256) WHERE CAST(status AS text) = ANY(ARRAY[CAST(CAST('created' AS varchar) AS text), CAST(CAST('processing' AS varchar) AS text), CAST(CAST('completed' AS varchar) AS text), CAST(CAST('completed_with_warnings' AS varchar) AS text)])",cell_detection_runs_algorithm_version_check: CONSTRAINT cell_detection_runs_algorithm_version_check CHECK (btrim(CAST(algorithm_version AS text)) <> CAST('' AS text)),Campo algorithm_version de cell_detection_runs.
cell_detection_runs,profile_snapshot,jsonb,NO,,,,,cell_detection_runs_profile_snapshot_check: CONSTRAINT cell_detection_runs_profile_snapshot_check CHECK (jsonb_typeof(profile_snapshot) = CAST('object' AS text)),"Campo profile_snapshot de cell_detection_runs. Snapshot, parámetros extensibles o metadatos variables; no sustituye las FK ni columnas tipadas. Canonical/hash preserva los bytes de origen cuando aplica."
cell_detection_runs,input_manifest_sha256,char(64),NO,,,,"uq_cell_detection_runs_equivalent_active: CREATE UNIQUE INDEX uq_cell_detection_runs_equivalent_active ON public.cell_detection_runs (analysis_run_id, detector_key, detector_version, algorithm_version, input_manifest_sha256) WHERE CAST(status AS text) = ANY(ARRAY[CAST(CAST('created' AS varchar) AS text), CAST(CAST('processing' AS varchar) AS text), CAST(CAST('completed' AS varchar) AS text), CAST(CAST('completed_with_warnings' AS varchar) AS text)])",cell_detection_runs_input_manifest_sha256_check: CONSTRAINT cell_detection_runs_input_manifest_sha256_check CHECK (input_manifest_sha256 ~ CAST('^[0-9a-f]{64}$' AS text)),"Campo input_manifest_sha256 de cell_detection_runs. Identidad/procedencia; conservar valor y representación canónica original, sin recalcular al transferir."
cell_detection_runs,status,varchar(30),NO,,,,,"cell_detection_runs_status_check: CONSTRAINT cell_detection_runs_status_check CHECK (CAST(status AS text) = ANY(ARRAY[CAST(CAST('created' AS varchar) AS text), CAST(CAST('processing' AS varchar) AS text), CAST(CAST('completed' AS varchar) AS text), CAST(CAST('completed_with_warnings' AS varchar) AS text), CAST(CAST('failed' AS varchar) AS text)])) | ck_cell_detection_run_terminal_state: CONSTRAINT ck_cell_detection_run_terminal_state CHECK ((CAST(status AS text) = CAST('created' AS text) AND started_at IS NULL AND completed_at IS NULL AND failed_at IS NULL AND error_code IS NULL AND error_message IS NULL) OR (CAST(status AS text) = CAST('processing' AS text) AND started_at IS NOT NULL AND completed_at IS NULL AND failed_at IS NULL AND error_code IS NULL AND error_message IS NULL) OR (CAST(status AS text) = ANY(ARRAY[CAST(CAST('completed' AS varchar) AS text), CAST(CAST('completed_with_warnings' AS varchar) AS text)]) AND started_at IS NOT NULL AND completed_at IS NOT NULL AND failed_at IS NULL AND error_code IS NULL AND error_message IS NULL) OR (CAST(status AS text) = CAST('failed' AS text) AND started_at IS NOT NULL AND completed_at IS NULL AND failed_at IS NOT NULL AND error_code IS NOT NULL))",Campo status de cell_detection_runs.
cell_detection_runs,image_count,integer,NO,,,,,cell_detection_runs_check: CONSTRAINT cell_detection_runs_check CHECK (processed_image_count >= 0 AND processed_image_count <= image_count) | cell_detection_runs_image_count_check: CONSTRAINT cell_detection_runs_image_count_check CHECK (image_count > 0),Campo image_count de cell_detection_runs.
cell_detection_runs,processed_image_count,integer,NO,0,,,,cell_detection_runs_check: CONSTRAINT cell_detection_runs_check CHECK (processed_image_count >= 0 AND processed_image_count <= image_count),Campo processed_image_count de cell_detection_runs.
cell_detection_runs,component_count,integer,NO,0,,,,cell_detection_runs_component_count_check: CONSTRAINT cell_detection_runs_component_count_check CHECK (component_count >= 0),Campo component_count de cell_detection_runs.
cell_detection_runs,detection_count,integer,NO,0,,,,cell_detection_runs_detection_count_check: CONSTRAINT cell_detection_runs_detection_count_check CHECK (detection_count >= 0),Campo detection_count de cell_detection_runs.
cell_detection_runs,crop_count,integer,NO,0,,,,cell_detection_runs_crop_count_check: CONSTRAINT cell_detection_runs_crop_count_check CHECK (crop_count >= 0),Campo crop_count de cell_detection_runs.
cell_detection_runs,warning_count,integer,NO,0,,,,cell_detection_runs_warning_count_check: CONSTRAINT cell_detection_runs_warning_count_check CHECK (warning_count >= 0),Campo warning_count de cell_detection_runs.
cell_detection_runs,requested_by,uuid,NO,,,cell_detection_runs_requested_by_fkey: CONSTRAINT cell_detection_runs_requested_by_fkey FOREIGN KEY (requested_by) REFERENCES users (id) ON DELETE RESTRICT,,,Campo requested_by de cell_detection_runs.
cell_detection_runs,started_at,timestamp with time zone,YES,,,,,"ck_cell_detection_run_terminal_state: CONSTRAINT ck_cell_detection_run_terminal_state CHECK ((CAST(status AS text) = CAST('created' AS text) AND started_at IS NULL AND completed_at IS NULL AND failed_at IS NULL AND error_code IS NULL AND error_message IS NULL) OR (CAST(status AS text) = CAST('processing' AS text) AND started_at IS NOT NULL AND completed_at IS NULL AND failed_at IS NULL AND error_code IS NULL AND error_message IS NULL) OR (CAST(status AS text) = ANY(ARRAY[CAST(CAST('completed' AS varchar) AS text), CAST(CAST('completed_with_warnings' AS varchar) AS text)]) AND started_at IS NOT NULL AND completed_at IS NOT NULL AND failed_at IS NULL AND error_code IS NULL AND error_message IS NULL) OR (CAST(status AS text) = CAST('failed' AS text) AND started_at IS NOT NULL AND completed_at IS NULL AND failed_at IS NOT NULL AND error_code IS NOT NULL))",Campo started_at de cell_detection_runs. Auditoría temporal del evento indicado; sin actualización automática salvo trigger explícito.
cell_detection_runs,completed_at,timestamp with time zone,YES,,,,,"ck_cell_detection_run_terminal_state: CONSTRAINT ck_cell_detection_run_terminal_state CHECK ((CAST(status AS text) = CAST('created' AS text) AND started_at IS NULL AND completed_at IS NULL AND failed_at IS NULL AND error_code IS NULL AND error_message IS NULL) OR (CAST(status AS text) = CAST('processing' AS text) AND started_at IS NOT NULL AND completed_at IS NULL AND failed_at IS NULL AND error_code IS NULL AND error_message IS NULL) OR (CAST(status AS text) = ANY(ARRAY[CAST(CAST('completed' AS varchar) AS text), CAST(CAST('completed_with_warnings' AS varchar) AS text)]) AND started_at IS NOT NULL AND completed_at IS NOT NULL AND failed_at IS NULL AND error_code IS NULL AND error_message IS NULL) OR (CAST(status AS text) = CAST('failed' AS text) AND started_at IS NOT NULL AND completed_at IS NULL AND failed_at IS NOT NULL AND error_code IS NOT NULL))",Campo completed_at de cell_detection_runs. Auditoría temporal del evento indicado; sin actualización automática salvo trigger explícito.
cell_detection_runs,failed_at,timestamp with time zone,YES,,,,,"ck_cell_detection_run_terminal_state: CONSTRAINT ck_cell_detection_run_terminal_state CHECK ((CAST(status AS text) = CAST('created' AS text) AND started_at IS NULL AND completed_at IS NULL AND failed_at IS NULL AND error_code IS NULL AND error_message IS NULL) OR (CAST(status AS text) = CAST('processing' AS text) AND started_at IS NOT NULL AND completed_at IS NULL AND failed_at IS NULL AND error_code IS NULL AND error_message IS NULL) OR (CAST(status AS text) = ANY(ARRAY[CAST(CAST('completed' AS varchar) AS text), CAST(CAST('completed_with_warnings' AS varchar) AS text)]) AND started_at IS NOT NULL AND completed_at IS NOT NULL AND failed_at IS NULL AND error_code IS NULL AND error_message IS NULL) OR (CAST(status AS text) = CAST('failed' AS text) AND started_at IS NOT NULL AND completed_at IS NULL AND failed_at IS NOT NULL AND error_code IS NOT NULL))",Campo failed_at de cell_detection_runs. Auditoría temporal del evento indicado; sin actualización automática salvo trigger explícito.
cell_detection_runs,error_code,varchar(80),YES,,,,,"ck_cell_detection_run_terminal_state: CONSTRAINT ck_cell_detection_run_terminal_state CHECK ((CAST(status AS text) = CAST('created' AS text) AND started_at IS NULL AND completed_at IS NULL AND failed_at IS NULL AND error_code IS NULL AND error_message IS NULL) OR (CAST(status AS text) = CAST('processing' AS text) AND started_at IS NOT NULL AND completed_at IS NULL AND failed_at IS NULL AND error_code IS NULL AND error_message IS NULL) OR (CAST(status AS text) = ANY(ARRAY[CAST(CAST('completed' AS varchar) AS text), CAST(CAST('completed_with_warnings' AS varchar) AS text)]) AND started_at IS NOT NULL AND completed_at IS NOT NULL AND failed_at IS NULL AND error_code IS NULL AND error_message IS NULL) OR (CAST(status AS text) = CAST('failed' AS text) AND started_at IS NOT NULL AND completed_at IS NULL AND failed_at IS NOT NULL AND error_code IS NOT NULL))",Campo error_code de cell_detection_runs.
cell_detection_runs,error_message,text,YES,,,,,"ck_cell_detection_run_terminal_state: CONSTRAINT ck_cell_detection_run_terminal_state CHECK ((CAST(status AS text) = CAST('created' AS text) AND started_at IS NULL AND completed_at IS NULL AND failed_at IS NULL AND error_code IS NULL AND error_message IS NULL) OR (CAST(status AS text) = CAST('processing' AS text) AND started_at IS NOT NULL AND completed_at IS NULL AND failed_at IS NULL AND error_code IS NULL AND error_message IS NULL) OR (CAST(status AS text) = ANY(ARRAY[CAST(CAST('completed' AS varchar) AS text), CAST(CAST('completed_with_warnings' AS varchar) AS text)]) AND started_at IS NOT NULL AND completed_at IS NOT NULL AND failed_at IS NULL AND error_code IS NULL AND error_message IS NULL) OR (CAST(status AS text) = CAST('failed' AS text) AND started_at IS NOT NULL AND completed_at IS NULL AND failed_at IS NOT NULL AND error_code IS NOT NULL))",Campo error_message de cell_detection_runs.
cell_detection_runs,created_at,timestamp with time zone,NO,now(),,,,,Campo created_at de cell_detection_runs. Auditoría temporal del evento indicado; sin actualización automática salvo trigger explícito.
cell_detection_runs,updated_at,timestamp with time zone,NO,now(),,,,,Campo updated_at de cell_detection_runs. Auditoría temporal del evento indicado; sin actualización automática salvo trigger explícito.
cell_detections,id,uuid,NO,,YES,,"uq_cell_detections_identity: CONSTRAINT uq_cell_detections_identity UNIQUE (id, detection_run_id, microscopy_image_id)",,Campo id de cell_detections.
cell_detections,detection_run_id,uuid,NO,,,"fk_cell_detections_component: CONSTRAINT fk_cell_detections_component FOREIGN KEY (connected_component_id, detection_run_id, analysis_run_image_id, microscopy_image_id) REFERENCES image_connected_components (id, detection_run_id, analysis_run_image_id, microscopy_image_id) ON DELETE RESTRICT | fk_cell_detections_run_analysis: CONSTRAINT fk_cell_detections_run_analysis FOREIGN KEY (detection_run_id, analysis_run_id) REFERENCES cell_detection_runs (id, analysis_run_id) ON DELETE RESTRICT","uq_cell_detections_identity: CONSTRAINT uq_cell_detections_identity UNIQUE (id, detection_run_id, microscopy_image_id) | uq_cell_detections_run_index: CONSTRAINT uq_cell_detections_run_index UNIQUE (detection_run_id, cell_index)",,Campo detection_run_id de cell_detections.
cell_detections,analysis_run_id,uuid,NO,,,"fk_cell_detections_run_analysis: CONSTRAINT fk_cell_detections_run_analysis FOREIGN KEY (detection_run_id, analysis_run_id) REFERENCES cell_detection_runs (id, analysis_run_id) ON DELETE RESTRICT",,,Campo analysis_run_id de cell_detections.
cell_detections,connected_component_id,uuid,NO,,,"fk_cell_detections_component: CONSTRAINT fk_cell_detections_component FOREIGN KEY (connected_component_id, detection_run_id, analysis_run_image_id, microscopy_image_id) REFERENCES image_connected_components (id, detection_run_id, analysis_run_image_id, microscopy_image_id) ON DELETE RESTRICT",uq_cell_detections_component: CONSTRAINT uq_cell_detections_component UNIQUE (connected_component_id),,Campo connected_component_id de cell_detections.
cell_detections,analysis_run_image_id,uuid,NO,,,"fk_cell_detections_component: CONSTRAINT fk_cell_detections_component FOREIGN KEY (connected_component_id, detection_run_id, analysis_run_image_id, microscopy_image_id) REFERENCES image_connected_components (id, detection_run_id, analysis_run_image_id, microscopy_image_id) ON DELETE RESTRICT",,,Campo analysis_run_image_id de cell_detections.
cell_detections,microscopy_image_id,uuid,NO,,,"fk_cell_detections_component: CONSTRAINT fk_cell_detections_component FOREIGN KEY (connected_component_id, detection_run_id, analysis_run_image_id, microscopy_image_id) REFERENCES image_connected_components (id, detection_run_id, analysis_run_image_id, microscopy_image_id) ON DELETE RESTRICT","uq_cell_detections_identity: CONSTRAINT uq_cell_detections_identity UNIQUE (id, detection_run_id, microscopy_image_id)",,Campo microscopy_image_id de cell_detections.
cell_detections,cell_index,integer,NO,,,,"uq_cell_detections_run_index: CONSTRAINT uq_cell_detections_run_index UNIQUE (detection_run_id, cell_index)",cell_detections_cell_index_check: CONSTRAINT cell_detections_cell_index_check CHECK (cell_index > 0),Campo cell_index de cell_detections.
cell_detections,cell_code,varchar(40),NO,,,,uq_cell_detections_cell_code: CONSTRAINT uq_cell_detections_cell_code UNIQUE (cell_code),cell_detections_cell_code_check: CONSTRAINT cell_detections_cell_code_check CHECK (CAST(cell_code AS text) ~ CAST('^CELL-[A-F0-9]{12}$' AS text)),Campo cell_code de cell_detections.
cell_detections,bbox_x,integer,NO,,,,,cell_detections_bbox_x_check: CONSTRAINT cell_detections_bbox_x_check CHECK (bbox_x >= 0),Campo bbox_x de cell_detections.
cell_detections,bbox_y,integer,NO,,,,,cell_detections_bbox_y_check: CONSTRAINT cell_detections_bbox_y_check CHECK (bbox_y >= 0),Campo bbox_y de cell_detections.
cell_detections,bbox_width,integer,NO,,,,,cell_detections_bbox_width_check: CONSTRAINT cell_detections_bbox_width_check CHECK (bbox_width > 0),Campo bbox_width de cell_detections.
cell_detections,bbox_height,integer,NO,,,,,cell_detections_bbox_height_check: CONSTRAINT cell_detections_bbox_height_check CHECK (bbox_height > 0),Campo bbox_height de cell_detections.
cell_detections,coordinate_space,varchar(40),NO,,,,,cell_detections_coordinate_space_check: CONSTRAINT cell_detections_coordinate_space_check CHECK (CAST(coordinate_space AS text) = CAST('original_image_pixels' AS text)),Campo coordinate_space de cell_detections.
cell_detections,detector_score,double precision,YES,,,,,cell_detections_detector_score_check: CONSTRAINT cell_detections_detector_score_check CHECK (detector_score IS NULL OR (detector_score >= CAST(0 AS double precision) AND detector_score <= CAST(1 AS double precision))),Campo detector_score de cell_detections.
cell_detections,automated_status,varchar(30),NO,,,,,cell_detections_automated_status_check: CONSTRAINT cell_detections_automated_status_check CHECK (CAST(automated_status AS text) = CAST('candidate' AS text)),Campo automated_status de cell_detections.
cell_detections,created_at,timestamp with time zone,NO,now(),,,,,Campo created_at de cell_detections. Auditoría temporal del evento indicado; sin actualización automática salvo trigger explícito.
cell_explanations,id,uuid,NO,,YES,,,,Campo id de cell_explanations.
cell_explanations,cell_prediction_id,uuid,NO,,,cell_explanations_cell_prediction_id_fkey: CONSTRAINT cell_explanations_cell_prediction_id_fkey FOREIGN KEY (cell_prediction_id) REFERENCES cell_predictions (id) ON DELETE RESTRICT,cell_explanations_cell_prediction_id_key: CONSTRAINT cell_explanations_cell_prediction_id_key UNIQUE (cell_prediction_id),,Campo cell_prediction_id de cell_explanations.
cell_explanations,method,varchar(40),NO,,,,,cell_explanations_method_check: CONSTRAINT cell_explanations_method_check CHECK (CAST(method AS text) = CAST('gradcam' AS text)),Campo method de cell_explanations.
cell_explanations,method_version,varchar(80),NO,,,,,cell_explanations_method_version_check: CONSTRAINT cell_explanations_method_version_check CHECK (btrim(CAST(method_version AS text)) <> CAST('' AS text)),Campo method_version de cell_explanations.
cell_explanations,status,varchar(30),NO,,,,,"cell_explanations_status_check: CONSTRAINT cell_explanations_status_check CHECK (CAST(status AS text) = ANY(ARRAY[CAST(CAST('pending' AS varchar) AS text), CAST(CAST('generated' AS varchar) AS text), CAST(CAST('failed' AS varchar) AS text), CAST(CAST('unsupported' AS varchar) AS text), CAST(CAST('not_requested' AS varchar) AS text)])) | ck_cell_explanation_state: CONSTRAINT ck_cell_explanation_state CHECK ((CAST(status AS text) = CAST('not_requested' AS text) AND started_at IS NULL AND completed_at IS NULL AND error_code IS NULL AND error_message IS NULL AND heatmap_storage_key IS NULL AND heatmap_sha256 IS NULL AND heatmap_file_size_bytes IS NULL AND overlay_storage_key IS NULL AND overlay_sha256 IS NULL AND overlay_file_size_bytes IS NULL AND width_px IS NULL AND height_px IS NULL) OR (CAST(status AS text) = CAST('pending' AS text) AND started_at IS NOT NULL AND completed_at IS NULL AND error_code IS NULL AND error_message IS NULL AND heatmap_storage_key IS NULL AND heatmap_sha256 IS NULL AND heatmap_file_size_bytes IS NULL AND overlay_storage_key IS NULL AND overlay_sha256 IS NULL AND overlay_file_size_bytes IS NULL AND width_px IS NULL AND height_px IS NULL) OR (CAST(status AS text) = CAST('generated' AS text) AND started_at IS NOT NULL AND completed_at IS NOT NULL AND last_conv_layer IS NOT NULL AND btrim(CAST(last_conv_layer AS text)) <> CAST('' AS text) AND heatmap_storage_key IS NOT NULL AND heatmap_sha256 IS NOT NULL AND heatmap_file_size_bytes IS NOT NULL AND overlay_storage_key IS NOT NULL AND overlay_sha256 IS NOT NULL AND overlay_file_size_bytes IS NOT NULL AND width_px IS NOT NULL AND height_px IS NOT NULL AND error_code IS NULL AND error_message IS NULL) OR (CAST(status AS text) = ANY(ARRAY[CAST(CAST('failed' AS varchar) AS text), CAST(CAST('unsupported' AS varchar) AS text)]) AND started_at IS NOT NULL AND completed_at IS NOT NULL AND error_code IS NOT NULL AND btrim(CAST(error_code AS text)) <> CAST('' AS text) AND heatmap_storage_key IS NULL AND heatmap_sha256 IS NULL AND heatmap_file_size_bytes IS NULL AND overlay_storage_key IS NULL AND overlay_sha256 IS NULL AND overlay_file_size_bytes IS NULL AND width_px IS NULL AND height_px IS NULL))",Campo status de cell_explanations.
cell_explanations,last_conv_layer,varchar(255),YES,,,,,"ck_cell_explanation_state: CONSTRAINT ck_cell_explanation_state CHECK ((CAST(status AS text) = CAST('not_requested' AS text) AND started_at IS NULL AND completed_at IS NULL AND error_code IS NULL AND error_message IS NULL AND heatmap_storage_key IS NULL AND heatmap_sha256 IS NULL AND heatmap_file_size_bytes IS NULL AND overlay_storage_key IS NULL AND overlay_sha256 IS NULL AND overlay_file_size_bytes IS NULL AND width_px IS NULL AND height_px IS NULL) OR (CAST(status AS text) = CAST('pending' AS text) AND started_at IS NOT NULL AND completed_at IS NULL AND error_code IS NULL AND error_message IS NULL AND heatmap_storage_key IS NULL AND heatmap_sha256 IS NULL AND heatmap_file_size_bytes IS NULL AND overlay_storage_key IS NULL AND overlay_sha256 IS NULL AND overlay_file_size_bytes IS NULL AND width_px IS NULL AND height_px IS NULL) OR (CAST(status AS text) = CAST('generated' AS text) AND started_at IS NOT NULL AND completed_at IS NOT NULL AND last_conv_layer IS NOT NULL AND btrim(CAST(last_conv_layer AS text)) <> CAST('' AS text) AND heatmap_storage_key IS NOT NULL AND heatmap_sha256 IS NOT NULL AND heatmap_file_size_bytes IS NOT NULL AND overlay_storage_key IS NOT NULL AND overlay_sha256 IS NOT NULL AND overlay_file_size_bytes IS NOT NULL AND width_px IS NOT NULL AND height_px IS NOT NULL AND error_code IS NULL AND error_message IS NULL) OR (CAST(status AS text) = ANY(ARRAY[CAST(CAST('failed' AS varchar) AS text), CAST(CAST('unsupported' AS varchar) AS text)]) AND started_at IS NOT NULL AND completed_at IS NOT NULL AND error_code IS NOT NULL AND btrim(CAST(error_code AS text)) <> CAST('' AS text) AND heatmap_storage_key IS NULL AND heatmap_sha256 IS NULL AND heatmap_file_size_bytes IS NULL AND overlay_storage_key IS NULL AND overlay_sha256 IS NULL AND overlay_file_size_bytes IS NULL AND width_px IS NULL AND height_px IS NULL))",Campo last_conv_layer de cell_explanations.
cell_explanations,parameters_json,jsonb,NO,,,,,cell_explanations_parameters_json_check: CONSTRAINT cell_explanations_parameters_json_check CHECK (jsonb_typeof(parameters_json) = CAST('object' AS text)),"Campo parameters_json de cell_explanations. Snapshot, parámetros extensibles o metadatos variables; no sustituye las FK ni columnas tipadas. Canonical/hash preserva los bytes de origen cuando aplica."
cell_explanations,heatmap_storage_key,text,YES,,,,,"ck_cell_explanation_heatmap_key: CONSTRAINT ck_cell_explanation_heatmap_key CHECK (heatmap_storage_key IS NULL OR heatmap_storage_key ~ CAST('^cell-explanations/[0-9a-f]{8}-[0-9a-f]{4}-[0-9a-f]{4}-[0-9a-f]{4}-[0-9a-f]{12}/[0-9a-f]{8}-[0-9a-f]{4}-[0-9a-f]{4}-[0-9a-f]{4}-[0-9a-f]{12}/[0-9a-f]{8}-[0-9a-f]{4}-[0-9a-f]{4}-[0-9a-f]{4}-[0-9a-f]{12}/gradcam_heatmap[.]png$' AS text)) | ck_cell_explanation_state: CONSTRAINT ck_cell_explanation_state CHECK ((CAST(status AS text) = CAST('not_requested' AS text) AND started_at IS NULL AND completed_at IS NULL AND error_code IS NULL AND error_message IS NULL AND heatmap_storage_key IS NULL AND heatmap_sha256 IS NULL AND heatmap_file_size_bytes IS NULL AND overlay_storage_key IS NULL AND overlay_sha256 IS NULL AND overlay_file_size_bytes IS NULL AND width_px IS NULL AND height_px IS NULL) OR (CAST(status AS text) = CAST('pending' AS text) AND started_at IS NOT NULL AND completed_at IS NULL AND error_code IS NULL AND error_message IS NULL AND heatmap_storage_key IS NULL AND heatmap_sha256 IS NULL AND heatmap_file_size_bytes IS NULL AND overlay_storage_key IS NULL AND overlay_sha256 IS NULL AND overlay_file_size_bytes IS NULL AND width_px IS NULL AND height_px IS NULL) OR (CAST(status AS text) = CAST('generated' AS text) AND started_at IS NOT NULL AND completed_at IS NOT NULL AND last_conv_layer IS NOT NULL AND btrim(CAST(last_conv_layer AS text)) <> CAST('' AS text) AND heatmap_storage_key IS NOT NULL AND heatmap_sha256 IS NOT NULL AND heatmap_file_size_bytes IS NOT NULL AND overlay_storage_key IS NOT NULL AND overlay_sha256 IS NOT NULL AND overlay_file_size_bytes IS NOT NULL AND width_px IS NOT NULL AND height_px IS NOT NULL AND error_code IS NULL AND error_message IS NULL) OR (CAST(status AS text) = ANY(ARRAY[CAST(CAST('failed' AS varchar) AS text), CAST(CAST('unsupported' AS varchar) AS text)]) AND started_at IS NOT NULL AND completed_at IS NOT NULL AND error_code IS NOT NULL AND btrim(CAST(error_code AS text)) <> CAST('' AS text) AND heatmap_storage_key IS NULL AND heatmap_sha256 IS NULL AND heatmap_file_size_bytes IS NULL AND overlay_storage_key IS NULL AND overlay_sha256 IS NULL AND overlay_file_size_bytes IS NULL AND width_px IS NULL AND height_px IS NULL))",Campo heatmap_storage_key de cell_explanations.
cell_explanations,heatmap_sha256,char(64),YES,,,,,"ck_cell_explanation_hashes: CONSTRAINT ck_cell_explanation_hashes CHECK ((heatmap_sha256 IS NULL OR heatmap_sha256 ~ CAST('^[0-9a-f]{64}$' AS text)) AND (overlay_sha256 IS NULL OR overlay_sha256 ~ CAST('^[0-9a-f]{64}$' AS text))) | ck_cell_explanation_state: CONSTRAINT ck_cell_explanation_state CHECK ((CAST(status AS text) = CAST('not_requested' AS text) AND started_at IS NULL AND completed_at IS NULL AND error_code IS NULL AND error_message IS NULL AND heatmap_storage_key IS NULL AND heatmap_sha256 IS NULL AND heatmap_file_size_bytes IS NULL AND overlay_storage_key IS NULL AND overlay_sha256 IS NULL AND overlay_file_size_bytes IS NULL AND width_px IS NULL AND height_px IS NULL) OR (CAST(status AS text) = CAST('pending' AS text) AND started_at IS NOT NULL AND completed_at IS NULL AND error_code IS NULL AND error_message IS NULL AND heatmap_storage_key IS NULL AND heatmap_sha256 IS NULL AND heatmap_file_size_bytes IS NULL AND overlay_storage_key IS NULL AND overlay_sha256 IS NULL AND overlay_file_size_bytes IS NULL AND width_px IS NULL AND height_px IS NULL) OR (CAST(status AS text) = CAST('generated' AS text) AND started_at IS NOT NULL AND completed_at IS NOT NULL AND last_conv_layer IS NOT NULL AND btrim(CAST(last_conv_layer AS text)) <> CAST('' AS text) AND heatmap_storage_key IS NOT NULL AND heatmap_sha256 IS NOT NULL AND heatmap_file_size_bytes IS NOT NULL AND overlay_storage_key IS NOT NULL AND overlay_sha256 IS NOT NULL AND overlay_file_size_bytes IS NOT NULL AND width_px IS NOT NULL AND height_px IS NOT NULL AND error_code IS NULL AND error_message IS NULL) OR (CAST(status AS text) = ANY(ARRAY[CAST(CAST('failed' AS varchar) AS text), CAST(CAST('unsupported' AS varchar) AS text)]) AND started_at IS NOT NULL AND completed_at IS NOT NULL AND error_code IS NOT NULL AND btrim(CAST(error_code AS text)) <> CAST('' AS text) AND heatmap_storage_key IS NULL AND heatmap_sha256 IS NULL AND heatmap_file_size_bytes IS NULL AND overlay_storage_key IS NULL AND overlay_sha256 IS NULL AND overlay_file_size_bytes IS NULL AND width_px IS NULL AND height_px IS NULL))","Campo heatmap_sha256 de cell_explanations. Identidad/procedencia; conservar valor y representación canónica original, sin recalcular al transferir."
cell_explanations,heatmap_file_size_bytes,bigint,YES,,,,,"ck_cell_explanation_sizes: CONSTRAINT ck_cell_explanation_sizes CHECK ((heatmap_file_size_bytes IS NULL OR heatmap_file_size_bytes > 0) AND (overlay_file_size_bytes IS NULL OR overlay_file_size_bytes > 0)) | ck_cell_explanation_state: CONSTRAINT ck_cell_explanation_state CHECK ((CAST(status AS text) = CAST('not_requested' AS text) AND started_at IS NULL AND completed_at IS NULL AND error_code IS NULL AND error_message IS NULL AND heatmap_storage_key IS NULL AND heatmap_sha256 IS NULL AND heatmap_file_size_bytes IS NULL AND overlay_storage_key IS NULL AND overlay_sha256 IS NULL AND overlay_file_size_bytes IS NULL AND width_px IS NULL AND height_px IS NULL) OR (CAST(status AS text) = CAST('pending' AS text) AND started_at IS NOT NULL AND completed_at IS NULL AND error_code IS NULL AND error_message IS NULL AND heatmap_storage_key IS NULL AND heatmap_sha256 IS NULL AND heatmap_file_size_bytes IS NULL AND overlay_storage_key IS NULL AND overlay_sha256 IS NULL AND overlay_file_size_bytes IS NULL AND width_px IS NULL AND height_px IS NULL) OR (CAST(status AS text) = CAST('generated' AS text) AND started_at IS NOT NULL AND completed_at IS NOT NULL AND last_conv_layer IS NOT NULL AND btrim(CAST(last_conv_layer AS text)) <> CAST('' AS text) AND heatmap_storage_key IS NOT NULL AND heatmap_sha256 IS NOT NULL AND heatmap_file_size_bytes IS NOT NULL AND overlay_storage_key IS NOT NULL AND overlay_sha256 IS NOT NULL AND overlay_file_size_bytes IS NOT NULL AND width_px IS NOT NULL AND height_px IS NOT NULL AND error_code IS NULL AND error_message IS NULL) OR (CAST(status AS text) = ANY(ARRAY[CAST(CAST('failed' AS varchar) AS text), CAST(CAST('unsupported' AS varchar) AS text)]) AND started_at IS NOT NULL AND completed_at IS NOT NULL AND error_code IS NOT NULL AND btrim(CAST(error_code AS text)) <> CAST('' AS text) AND heatmap_storage_key IS NULL AND heatmap_sha256 IS NULL AND heatmap_file_size_bytes IS NULL AND overlay_storage_key IS NULL AND overlay_sha256 IS NULL AND overlay_file_size_bytes IS NULL AND width_px IS NULL AND height_px IS NULL))",Campo heatmap_file_size_bytes de cell_explanations.
cell_explanations,overlay_storage_key,text,YES,,,,,"ck_cell_explanation_overlay_key: CONSTRAINT ck_cell_explanation_overlay_key CHECK (overlay_storage_key IS NULL OR overlay_storage_key ~ CAST('^cell-explanations/[0-9a-f]{8}-[0-9a-f]{4}-[0-9a-f]{4}-[0-9a-f]{4}-[0-9a-f]{12}/[0-9a-f]{8}-[0-9a-f]{4}-[0-9a-f]{4}-[0-9a-f]{4}-[0-9a-f]{12}/[0-9a-f]{8}-[0-9a-f]{4}-[0-9a-f]{4}-[0-9a-f]{4}-[0-9a-f]{12}/gradcam_overlay[.]png$' AS text)) | ck_cell_explanation_state: CONSTRAINT ck_cell_explanation_state CHECK ((CAST(status AS text) = CAST('not_requested' AS text) AND started_at IS NULL AND completed_at IS NULL AND error_code IS NULL AND error_message IS NULL AND heatmap_storage_key IS NULL AND heatmap_sha256 IS NULL AND heatmap_file_size_bytes IS NULL AND overlay_storage_key IS NULL AND overlay_sha256 IS NULL AND overlay_file_size_bytes IS NULL AND width_px IS NULL AND height_px IS NULL) OR (CAST(status AS text) = CAST('pending' AS text) AND started_at IS NOT NULL AND completed_at IS NULL AND error_code IS NULL AND error_message IS NULL AND heatmap_storage_key IS NULL AND heatmap_sha256 IS NULL AND heatmap_file_size_bytes IS NULL AND overlay_storage_key IS NULL AND overlay_sha256 IS NULL AND overlay_file_size_bytes IS NULL AND width_px IS NULL AND height_px IS NULL) OR (CAST(status AS text) = CAST('generated' AS text) AND started_at IS NOT NULL AND completed_at IS NOT NULL AND last_conv_layer IS NOT NULL AND btrim(CAST(last_conv_layer AS text)) <> CAST('' AS text) AND heatmap_storage_key IS NOT NULL AND heatmap_sha256 IS NOT NULL AND heatmap_file_size_bytes IS NOT NULL AND overlay_storage_key IS NOT NULL AND overlay_sha256 IS NOT NULL AND overlay_file_size_bytes IS NOT NULL AND width_px IS NOT NULL AND height_px IS NOT NULL AND error_code IS NULL AND error_message IS NULL) OR (CAST(status AS text) = ANY(ARRAY[CAST(CAST('failed' AS varchar) AS text), CAST(CAST('unsupported' AS varchar) AS text)]) AND started_at IS NOT NULL AND completed_at IS NOT NULL AND error_code IS NOT NULL AND btrim(CAST(error_code AS text)) <> CAST('' AS text) AND heatmap_storage_key IS NULL AND heatmap_sha256 IS NULL AND heatmap_file_size_bytes IS NULL AND overlay_storage_key IS NULL AND overlay_sha256 IS NULL AND overlay_file_size_bytes IS NULL AND width_px IS NULL AND height_px IS NULL))",Campo overlay_storage_key de cell_explanations.
cell_explanations,overlay_sha256,char(64),YES,,,,,"ck_cell_explanation_hashes: CONSTRAINT ck_cell_explanation_hashes CHECK ((heatmap_sha256 IS NULL OR heatmap_sha256 ~ CAST('^[0-9a-f]{64}$' AS text)) AND (overlay_sha256 IS NULL OR overlay_sha256 ~ CAST('^[0-9a-f]{64}$' AS text))) | ck_cell_explanation_state: CONSTRAINT ck_cell_explanation_state CHECK ((CAST(status AS text) = CAST('not_requested' AS text) AND started_at IS NULL AND completed_at IS NULL AND error_code IS NULL AND error_message IS NULL AND heatmap_storage_key IS NULL AND heatmap_sha256 IS NULL AND heatmap_file_size_bytes IS NULL AND overlay_storage_key IS NULL AND overlay_sha256 IS NULL AND overlay_file_size_bytes IS NULL AND width_px IS NULL AND height_px IS NULL) OR (CAST(status AS text) = CAST('pending' AS text) AND started_at IS NOT NULL AND completed_at IS NULL AND error_code IS NULL AND error_message IS NULL AND heatmap_storage_key IS NULL AND heatmap_sha256 IS NULL AND heatmap_file_size_bytes IS NULL AND overlay_storage_key IS NULL AND overlay_sha256 IS NULL AND overlay_file_size_bytes IS NULL AND width_px IS NULL AND height_px IS NULL) OR (CAST(status AS text) = CAST('generated' AS text) AND started_at IS NOT NULL AND completed_at IS NOT NULL AND last_conv_layer IS NOT NULL AND btrim(CAST(last_conv_layer AS text)) <> CAST('' AS text) AND heatmap_storage_key IS NOT NULL AND heatmap_sha256 IS NOT NULL AND heatmap_file_size_bytes IS NOT NULL AND overlay_storage_key IS NOT NULL AND overlay_sha256 IS NOT NULL AND overlay_file_size_bytes IS NOT NULL AND width_px IS NOT NULL AND height_px IS NOT NULL AND error_code IS NULL AND error_message IS NULL) OR (CAST(status AS text) = ANY(ARRAY[CAST(CAST('failed' AS varchar) AS text), CAST(CAST('unsupported' AS varchar) AS text)]) AND started_at IS NOT NULL AND completed_at IS NOT NULL AND error_code IS NOT NULL AND btrim(CAST(error_code AS text)) <> CAST('' AS text) AND heatmap_storage_key IS NULL AND heatmap_sha256 IS NULL AND heatmap_file_size_bytes IS NULL AND overlay_storage_key IS NULL AND overlay_sha256 IS NULL AND overlay_file_size_bytes IS NULL AND width_px IS NULL AND height_px IS NULL))","Campo overlay_sha256 de cell_explanations. Identidad/procedencia; conservar valor y representación canónica original, sin recalcular al transferir."
cell_explanations,overlay_file_size_bytes,bigint,YES,,,,,"ck_cell_explanation_sizes: CONSTRAINT ck_cell_explanation_sizes CHECK ((heatmap_file_size_bytes IS NULL OR heatmap_file_size_bytes > 0) AND (overlay_file_size_bytes IS NULL OR overlay_file_size_bytes > 0)) | ck_cell_explanation_state: CONSTRAINT ck_cell_explanation_state CHECK ((CAST(status AS text) = CAST('not_requested' AS text) AND started_at IS NULL AND completed_at IS NULL AND error_code IS NULL AND error_message IS NULL AND heatmap_storage_key IS NULL AND heatmap_sha256 IS NULL AND heatmap_file_size_bytes IS NULL AND overlay_storage_key IS NULL AND overlay_sha256 IS NULL AND overlay_file_size_bytes IS NULL AND width_px IS NULL AND height_px IS NULL) OR (CAST(status AS text) = CAST('pending' AS text) AND started_at IS NOT NULL AND completed_at IS NULL AND error_code IS NULL AND error_message IS NULL AND heatmap_storage_key IS NULL AND heatmap_sha256 IS NULL AND heatmap_file_size_bytes IS NULL AND overlay_storage_key IS NULL AND overlay_sha256 IS NULL AND overlay_file_size_bytes IS NULL AND width_px IS NULL AND height_px IS NULL) OR (CAST(status AS text) = CAST('generated' AS text) AND started_at IS NOT NULL AND completed_at IS NOT NULL AND last_conv_layer IS NOT NULL AND btrim(CAST(last_conv_layer AS text)) <> CAST('' AS text) AND heatmap_storage_key IS NOT NULL AND heatmap_sha256 IS NOT NULL AND heatmap_file_size_bytes IS NOT NULL AND overlay_storage_key IS NOT NULL AND overlay_sha256 IS NOT NULL AND overlay_file_size_bytes IS NOT NULL AND width_px IS NOT NULL AND height_px IS NOT NULL AND error_code IS NULL AND error_message IS NULL) OR (CAST(status AS text) = ANY(ARRAY[CAST(CAST('failed' AS varchar) AS text), CAST(CAST('unsupported' AS varchar) AS text)]) AND started_at IS NOT NULL AND completed_at IS NOT NULL AND error_code IS NOT NULL AND btrim(CAST(error_code AS text)) <> CAST('' AS text) AND heatmap_storage_key IS NULL AND heatmap_sha256 IS NULL AND heatmap_file_size_bytes IS NULL AND overlay_storage_key IS NULL AND overlay_sha256 IS NULL AND overlay_file_size_bytes IS NULL AND width_px IS NULL AND height_px IS NULL))",Campo overlay_file_size_bytes de cell_explanations.
cell_explanations,width_px,integer,YES,,,,,"ck_cell_explanation_dimensions: CONSTRAINT ck_cell_explanation_dimensions CHECK ((width_px IS NULL OR width_px > 0) AND (height_px IS NULL OR height_px > 0) AND ((width_px IS NULL AND height_px IS NULL) OR (width_px IS NOT NULL AND height_px IS NOT NULL))) | ck_cell_explanation_state: CONSTRAINT ck_cell_explanation_state CHECK ((CAST(status AS text) = CAST('not_requested' AS text) AND started_at IS NULL AND completed_at IS NULL AND error_code IS NULL AND error_message IS NULL AND heatmap_storage_key IS NULL AND heatmap_sha256 IS NULL AND heatmap_file_size_bytes IS NULL AND overlay_storage_key IS NULL AND overlay_sha256 IS NULL AND overlay_file_size_bytes IS NULL AND width_px IS NULL AND height_px IS NULL) OR (CAST(status AS text) = CAST('pending' AS text) AND started_at IS NOT NULL AND completed_at IS NULL AND error_code IS NULL AND error_message IS NULL AND heatmap_storage_key IS NULL AND heatmap_sha256 IS NULL AND heatmap_file_size_bytes IS NULL AND overlay_storage_key IS NULL AND overlay_sha256 IS NULL AND overlay_file_size_bytes IS NULL AND width_px IS NULL AND height_px IS NULL) OR (CAST(status AS text) = CAST('generated' AS text) AND started_at IS NOT NULL AND completed_at IS NOT NULL AND last_conv_layer IS NOT NULL AND btrim(CAST(last_conv_layer AS text)) <> CAST('' AS text) AND heatmap_storage_key IS NOT NULL AND heatmap_sha256 IS NOT NULL AND heatmap_file_size_bytes IS NOT NULL AND overlay_storage_key IS NOT NULL AND overlay_sha256 IS NOT NULL AND overlay_file_size_bytes IS NOT NULL AND width_px IS NOT NULL AND height_px IS NOT NULL AND error_code IS NULL AND error_message IS NULL) OR (CAST(status AS text) = ANY(ARRAY[CAST(CAST('failed' AS varchar) AS text), CAST(CAST('unsupported' AS varchar) AS text)]) AND started_at IS NOT NULL AND completed_at IS NOT NULL AND error_code IS NOT NULL AND btrim(CAST(error_code AS text)) <> CAST('' AS text) AND heatmap_storage_key IS NULL AND heatmap_sha256 IS NULL AND heatmap_file_size_bytes IS NULL AND overlay_storage_key IS NULL AND overlay_sha256 IS NULL AND overlay_file_size_bytes IS NULL AND width_px IS NULL AND height_px IS NULL))",Campo width_px de cell_explanations.
cell_explanations,height_px,integer,YES,,,,,"ck_cell_explanation_dimensions: CONSTRAINT ck_cell_explanation_dimensions CHECK ((width_px IS NULL OR width_px > 0) AND (height_px IS NULL OR height_px > 0) AND ((width_px IS NULL AND height_px IS NULL) OR (width_px IS NOT NULL AND height_px IS NOT NULL))) | ck_cell_explanation_state: CONSTRAINT ck_cell_explanation_state CHECK ((CAST(status AS text) = CAST('not_requested' AS text) AND started_at IS NULL AND completed_at IS NULL AND error_code IS NULL AND error_message IS NULL AND heatmap_storage_key IS NULL AND heatmap_sha256 IS NULL AND heatmap_file_size_bytes IS NULL AND overlay_storage_key IS NULL AND overlay_sha256 IS NULL AND overlay_file_size_bytes IS NULL AND width_px IS NULL AND height_px IS NULL) OR (CAST(status AS text) = CAST('pending' AS text) AND started_at IS NOT NULL AND completed_at IS NULL AND error_code IS NULL AND error_message IS NULL AND heatmap_storage_key IS NULL AND heatmap_sha256 IS NULL AND heatmap_file_size_bytes IS NULL AND overlay_storage_key IS NULL AND overlay_sha256 IS NULL AND overlay_file_size_bytes IS NULL AND width_px IS NULL AND height_px IS NULL) OR (CAST(status AS text) = CAST('generated' AS text) AND started_at IS NOT NULL AND completed_at IS NOT NULL AND last_conv_layer IS NOT NULL AND btrim(CAST(last_conv_layer AS text)) <> CAST('' AS text) AND heatmap_storage_key IS NOT NULL AND heatmap_sha256 IS NOT NULL AND heatmap_file_size_bytes IS NOT NULL AND overlay_storage_key IS NOT NULL AND overlay_sha256 IS NOT NULL AND overlay_file_size_bytes IS NOT NULL AND width_px IS NOT NULL AND height_px IS NOT NULL AND error_code IS NULL AND error_message IS NULL) OR (CAST(status AS text) = ANY(ARRAY[CAST(CAST('failed' AS varchar) AS text), CAST(CAST('unsupported' AS varchar) AS text)]) AND started_at IS NOT NULL AND completed_at IS NOT NULL AND error_code IS NOT NULL AND btrim(CAST(error_code AS text)) <> CAST('' AS text) AND heatmap_storage_key IS NULL AND heatmap_sha256 IS NULL AND heatmap_file_size_bytes IS NULL AND overlay_storage_key IS NULL AND overlay_sha256 IS NULL AND overlay_file_size_bytes IS NULL AND width_px IS NULL AND height_px IS NULL))",Campo height_px de cell_explanations.
cell_explanations,started_at,timestamp with time zone,YES,,,,,"ck_cell_explanation_state: CONSTRAINT ck_cell_explanation_state CHECK ((CAST(status AS text) = CAST('not_requested' AS text) AND started_at IS NULL AND completed_at IS NULL AND error_code IS NULL AND error_message IS NULL AND heatmap_storage_key IS NULL AND heatmap_sha256 IS NULL AND heatmap_file_size_bytes IS NULL AND overlay_storage_key IS NULL AND overlay_sha256 IS NULL AND overlay_file_size_bytes IS NULL AND width_px IS NULL AND height_px IS NULL) OR (CAST(status AS text) = CAST('pending' AS text) AND started_at IS NOT NULL AND completed_at IS NULL AND error_code IS NULL AND error_message IS NULL AND heatmap_storage_key IS NULL AND heatmap_sha256 IS NULL AND heatmap_file_size_bytes IS NULL AND overlay_storage_key IS NULL AND overlay_sha256 IS NULL AND overlay_file_size_bytes IS NULL AND width_px IS NULL AND height_px IS NULL) OR (CAST(status AS text) = CAST('generated' AS text) AND started_at IS NOT NULL AND completed_at IS NOT NULL AND last_conv_layer IS NOT NULL AND btrim(CAST(last_conv_layer AS text)) <> CAST('' AS text) AND heatmap_storage_key IS NOT NULL AND heatmap_sha256 IS NOT NULL AND heatmap_file_size_bytes IS NOT NULL AND overlay_storage_key IS NOT NULL AND overlay_sha256 IS NOT NULL AND overlay_file_size_bytes IS NOT NULL AND width_px IS NOT NULL AND height_px IS NOT NULL AND error_code IS NULL AND error_message IS NULL) OR (CAST(status AS text) = ANY(ARRAY[CAST(CAST('failed' AS varchar) AS text), CAST(CAST('unsupported' AS varchar) AS text)]) AND started_at IS NOT NULL AND completed_at IS NOT NULL AND error_code IS NOT NULL AND btrim(CAST(error_code AS text)) <> CAST('' AS text) AND heatmap_storage_key IS NULL AND heatmap_sha256 IS NULL AND heatmap_file_size_bytes IS NULL AND overlay_storage_key IS NULL AND overlay_sha256 IS NULL AND overlay_file_size_bytes IS NULL AND width_px IS NULL AND height_px IS NULL)) | ck_cell_explanation_time_order: CONSTRAINT ck_cell_explanation_time_order CHECK ((started_at IS NULL OR started_at >= created_at) AND (completed_at IS NULL OR completed_at >= started_at))",Campo started_at de cell_explanations. Auditoría temporal del evento indicado; sin actualización automática salvo trigger explícito.
cell_explanations,completed_at,timestamp with time zone,YES,,,,,"ck_cell_explanation_state: CONSTRAINT ck_cell_explanation_state CHECK ((CAST(status AS text) = CAST('not_requested' AS text) AND started_at IS NULL AND completed_at IS NULL AND error_code IS NULL AND error_message IS NULL AND heatmap_storage_key IS NULL AND heatmap_sha256 IS NULL AND heatmap_file_size_bytes IS NULL AND overlay_storage_key IS NULL AND overlay_sha256 IS NULL AND overlay_file_size_bytes IS NULL AND width_px IS NULL AND height_px IS NULL) OR (CAST(status AS text) = CAST('pending' AS text) AND started_at IS NOT NULL AND completed_at IS NULL AND error_code IS NULL AND error_message IS NULL AND heatmap_storage_key IS NULL AND heatmap_sha256 IS NULL AND heatmap_file_size_bytes IS NULL AND overlay_storage_key IS NULL AND overlay_sha256 IS NULL AND overlay_file_size_bytes IS NULL AND width_px IS NULL AND height_px IS NULL) OR (CAST(status AS text) = CAST('generated' AS text) AND started_at IS NOT NULL AND completed_at IS NOT NULL AND last_conv_layer IS NOT NULL AND btrim(CAST(last_conv_layer AS text)) <> CAST('' AS text) AND heatmap_storage_key IS NOT NULL AND heatmap_sha256 IS NOT NULL AND heatmap_file_size_bytes IS NOT NULL AND overlay_storage_key IS NOT NULL AND overlay_sha256 IS NOT NULL AND overlay_file_size_bytes IS NOT NULL AND width_px IS NOT NULL AND height_px IS NOT NULL AND error_code IS NULL AND error_message IS NULL) OR (CAST(status AS text) = ANY(ARRAY[CAST(CAST('failed' AS varchar) AS text), CAST(CAST('unsupported' AS varchar) AS text)]) AND started_at IS NOT NULL AND completed_at IS NOT NULL AND error_code IS NOT NULL AND btrim(CAST(error_code AS text)) <> CAST('' AS text) AND heatmap_storage_key IS NULL AND heatmap_sha256 IS NULL AND heatmap_file_size_bytes IS NULL AND overlay_storage_key IS NULL AND overlay_sha256 IS NULL AND overlay_file_size_bytes IS NULL AND width_px IS NULL AND height_px IS NULL)) | ck_cell_explanation_time_order: CONSTRAINT ck_cell_explanation_time_order CHECK ((started_at IS NULL OR started_at >= created_at) AND (completed_at IS NULL OR completed_at >= started_at))",Campo completed_at de cell_explanations. Auditoría temporal del evento indicado; sin actualización automática salvo trigger explícito.
cell_explanations,error_code,varchar(80),YES,,,,,"ck_cell_explanation_state: CONSTRAINT ck_cell_explanation_state CHECK ((CAST(status AS text) = CAST('not_requested' AS text) AND started_at IS NULL AND completed_at IS NULL AND error_code IS NULL AND error_message IS NULL AND heatmap_storage_key IS NULL AND heatmap_sha256 IS NULL AND heatmap_file_size_bytes IS NULL AND overlay_storage_key IS NULL AND overlay_sha256 IS NULL AND overlay_file_size_bytes IS NULL AND width_px IS NULL AND height_px IS NULL) OR (CAST(status AS text) = CAST('pending' AS text) AND started_at IS NOT NULL AND completed_at IS NULL AND error_code IS NULL AND error_message IS NULL AND heatmap_storage_key IS NULL AND heatmap_sha256 IS NULL AND heatmap_file_size_bytes IS NULL AND overlay_storage_key IS NULL AND overlay_sha256 IS NULL AND overlay_file_size_bytes IS NULL AND width_px IS NULL AND height_px IS NULL) OR (CAST(status AS text) = CAST('generated' AS text) AND started_at IS NOT NULL AND completed_at IS NOT NULL AND last_conv_layer IS NOT NULL AND btrim(CAST(last_conv_layer AS text)) <> CAST('' AS text) AND heatmap_storage_key IS NOT NULL AND heatmap_sha256 IS NOT NULL AND heatmap_file_size_bytes IS NOT NULL AND overlay_storage_key IS NOT NULL AND overlay_sha256 IS NOT NULL AND overlay_file_size_bytes IS NOT NULL AND width_px IS NOT NULL AND height_px IS NOT NULL AND error_code IS NULL AND error_message IS NULL) OR (CAST(status AS text) = ANY(ARRAY[CAST(CAST('failed' AS varchar) AS text), CAST(CAST('unsupported' AS varchar) AS text)]) AND started_at IS NOT NULL AND completed_at IS NOT NULL AND error_code IS NOT NULL AND btrim(CAST(error_code AS text)) <> CAST('' AS text) AND heatmap_storage_key IS NULL AND heatmap_sha256 IS NULL AND heatmap_file_size_bytes IS NULL AND overlay_storage_key IS NULL AND overlay_sha256 IS NULL AND overlay_file_size_bytes IS NULL AND width_px IS NULL AND height_px IS NULL))",Campo error_code de cell_explanations.
cell_explanations,error_message,text,YES,,,,,"ck_cell_explanation_state: CONSTRAINT ck_cell_explanation_state CHECK ((CAST(status AS text) = CAST('not_requested' AS text) AND started_at IS NULL AND completed_at IS NULL AND error_code IS NULL AND error_message IS NULL AND heatmap_storage_key IS NULL AND heatmap_sha256 IS NULL AND heatmap_file_size_bytes IS NULL AND overlay_storage_key IS NULL AND overlay_sha256 IS NULL AND overlay_file_size_bytes IS NULL AND width_px IS NULL AND height_px IS NULL) OR (CAST(status AS text) = CAST('pending' AS text) AND started_at IS NOT NULL AND completed_at IS NULL AND error_code IS NULL AND error_message IS NULL AND heatmap_storage_key IS NULL AND heatmap_sha256 IS NULL AND heatmap_file_size_bytes IS NULL AND overlay_storage_key IS NULL AND overlay_sha256 IS NULL AND overlay_file_size_bytes IS NULL AND width_px IS NULL AND height_px IS NULL) OR (CAST(status AS text) = CAST('generated' AS text) AND started_at IS NOT NULL AND completed_at IS NOT NULL AND last_conv_layer IS NOT NULL AND btrim(CAST(last_conv_layer AS text)) <> CAST('' AS text) AND heatmap_storage_key IS NOT NULL AND heatmap_sha256 IS NOT NULL AND heatmap_file_size_bytes IS NOT NULL AND overlay_storage_key IS NOT NULL AND overlay_sha256 IS NOT NULL AND overlay_file_size_bytes IS NOT NULL AND width_px IS NOT NULL AND height_px IS NOT NULL AND error_code IS NULL AND error_message IS NULL) OR (CAST(status AS text) = ANY(ARRAY[CAST(CAST('failed' AS varchar) AS text), CAST(CAST('unsupported' AS varchar) AS text)]) AND started_at IS NOT NULL AND completed_at IS NOT NULL AND error_code IS NOT NULL AND btrim(CAST(error_code AS text)) <> CAST('' AS text) AND heatmap_storage_key IS NULL AND heatmap_sha256 IS NULL AND heatmap_file_size_bytes IS NULL AND overlay_storage_key IS NULL AND overlay_sha256 IS NULL AND overlay_file_size_bytes IS NULL AND width_px IS NULL AND height_px IS NULL))",Campo error_message de cell_explanations.
cell_explanations,created_at,timestamp with time zone,NO,now(),,,,ck_cell_explanation_time_order: CONSTRAINT ck_cell_explanation_time_order CHECK ((started_at IS NULL OR started_at >= created_at) AND (completed_at IS NULL OR completed_at >= started_at)),Campo created_at de cell_explanations. Auditoría temporal del evento indicado; sin actualización automática salvo trigger explícito.
cell_predictions,id,uuid,NO,,YES,,"uq_cell_predictions_run_identity: CONSTRAINT uq_cell_predictions_run_identity UNIQUE (id, classification_run_id)",,Campo id de cell_predictions.
cell_predictions,classification_run_id,uuid,NO,,,"fk_cell_prediction_input_owner: CONSTRAINT fk_cell_prediction_input_owner FOREIGN KEY (classification_input_id, classification_run_id, cell_detection_id, crop_id) REFERENCES cell_classification_inputs (id, classification_run_id, cell_detection_id, crop_id) ON DELETE RESTRICT","uq_cell_predictions_run_identity: CONSTRAINT uq_cell_predictions_run_identity UNIQUE (id, classification_run_id)",,Campo classification_run_id de cell_predictions.
cell_predictions,classification_input_id,uuid,NO,,,"fk_cell_prediction_input_owner: CONSTRAINT fk_cell_prediction_input_owner FOREIGN KEY (classification_input_id, classification_run_id, cell_detection_id, crop_id) REFERENCES cell_classification_inputs (id, classification_run_id, cell_detection_id, crop_id) ON DELETE RESTRICT",cell_predictions_classification_input_id_key: CONSTRAINT cell_predictions_classification_input_id_key UNIQUE (classification_input_id),,Campo classification_input_id de cell_predictions.
cell_predictions,cell_detection_id,uuid,NO,,,"fk_cell_prediction_input_owner: CONSTRAINT fk_cell_prediction_input_owner FOREIGN KEY (classification_input_id, classification_run_id, cell_detection_id, crop_id) REFERENCES cell_classification_inputs (id, classification_run_id, cell_detection_id, crop_id) ON DELETE RESTRICT",,,Campo cell_detection_id de cell_predictions.
cell_predictions,crop_id,uuid,NO,,,"fk_cell_prediction_input_owner: CONSTRAINT fk_cell_prediction_input_owner FOREIGN KEY (classification_input_id, classification_run_id, cell_detection_id, crop_id) REFERENCES cell_classification_inputs (id, classification_run_id, cell_detection_id, crop_id) ON DELETE RESTRICT",,,Campo crop_id de cell_predictions.
cell_predictions,prediction_status,varchar(20),NO,,,,,"cell_predictions_prediction_status_check: CONSTRAINT cell_predictions_prediction_status_check CHECK (CAST(prediction_status AS text) = ANY(ARRAY[CAST(CAST('completed' AS varchar) AS text), CAST(CAST('failed' AS varchar) AS text)])) | ck_cell_prediction_completed_payload: CONSTRAINT ck_cell_prediction_completed_payload CHECK ((CAST(prediction_status AS text) = CAST('completed' AS text) AND probability_parasitized IS NOT NULL AND probability_uninfected IS NOT NULL AND CAST(predicted_label AS text) = ANY(ARRAY[CAST(CAST('parasitized' AS varchar) AS text), CAST(CAST('uninfected' AS varchar) AS text)]) AND predicted_class_index = ANY(ARRAY[0, 1]) AND decision_margin IS NOT NULL AND error_code IS NULL AND error_message IS NULL) OR (CAST(prediction_status AS text) = CAST('failed' AS text) AND probability_parasitized IS NULL AND probability_uninfected IS NULL AND predicted_label IS NULL AND predicted_class_index IS NULL AND decision_margin IS NULL AND NOT near_threshold AND error_code IS NOT NULL AND btrim(CAST(error_code AS text)) <> CAST('' AS text))) | ck_cell_prediction_label_index: CONSTRAINT ck_cell_prediction_label_index CHECK (CAST(prediction_status AS text) <> CAST('completed' AS text) OR (predicted_class_index = 1 AND CAST(predicted_label AS text) = CAST('parasitized' AS text) AND probability_parasitized >= threshold_used) OR (predicted_class_index = 0 AND CAST(predicted_label AS text) = CAST('uninfected' AS text) AND probability_parasitized < threshold_used))",Campo prediction_status de cell_predictions.
cell_predictions,raw_output,jsonb,NO,,,,,"cell_predictions_raw_output_check: CONSTRAINT cell_predictions_raw_output_check CHECK (jsonb_typeof(raw_output) = ANY(ARRAY[CAST('object' AS text), CAST('array' AS text)]))","Campo raw_output de cell_predictions. Snapshot, parámetros extensibles o metadatos variables; no sustituye las FK ni columnas tipadas. Canonical/hash preserva los bytes de origen cuando aplica."
cell_predictions,probability_parasitized,double precision,YES,,,,,"ck_cell_prediction_completed_payload: CONSTRAINT ck_cell_prediction_completed_payload CHECK ((CAST(prediction_status AS text) = CAST('completed' AS text) AND probability_parasitized IS NOT NULL AND probability_uninfected IS NOT NULL AND CAST(predicted_label AS text) = ANY(ARRAY[CAST(CAST('parasitized' AS varchar) AS text), CAST(CAST('uninfected' AS varchar) AS text)]) AND predicted_class_index = ANY(ARRAY[0, 1]) AND decision_margin IS NOT NULL AND error_code IS NULL AND error_message IS NULL) OR (CAST(prediction_status AS text) = CAST('failed' AS text) AND probability_parasitized IS NULL AND probability_uninfected IS NULL AND predicted_label IS NULL AND predicted_class_index IS NULL AND decision_margin IS NULL AND NOT near_threshold AND error_code IS NOT NULL AND btrim(CAST(error_code AS text)) <> CAST('' AS text))) | ck_cell_prediction_decision_margin: CONSTRAINT ck_cell_prediction_decision_margin CHECK (decision_margin IS NULL OR probability_parasitized IS NULL OR abs(decision_margin - abs(probability_parasitized - threshold_used)) <= CAST(0.000000001 AS double precision)) | ck_cell_prediction_label_index: CONSTRAINT ck_cell_prediction_label_index CHECK (CAST(prediction_status AS text) <> CAST('completed' AS text) OR (predicted_class_index = 1 AND CAST(predicted_label AS text) = CAST('parasitized' AS text) AND probability_parasitized >= threshold_used) OR (predicted_class_index = 0 AND CAST(predicted_label AS text) = CAST('uninfected' AS text) AND probability_parasitized < threshold_used)) | ck_cell_prediction_probability_parasitized: CONSTRAINT ck_cell_prediction_probability_parasitized CHECK (probability_parasitized IS NULL OR (probability_parasitized >= CAST(0 AS double precision) AND probability_parasitized <= CAST(1 AS double precision) AND probability_parasitized < CAST('Infinity' AS double precision))) | ck_cell_prediction_probability_sum: CONSTRAINT ck_cell_prediction_probability_sum CHECK (probability_parasitized IS NULL OR probability_uninfected IS NULL OR abs((probability_parasitized + probability_uninfected) - CAST(1.0 AS double precision)) <= CAST(0.000000001 AS double precision))",Campo probability_parasitized de cell_predictions.
cell_predictions,probability_uninfected,double precision,YES,,,,,"ck_cell_prediction_completed_payload: CONSTRAINT ck_cell_prediction_completed_payload CHECK ((CAST(prediction_status AS text) = CAST('completed' AS text) AND probability_parasitized IS NOT NULL AND probability_uninfected IS NOT NULL AND CAST(predicted_label AS text) = ANY(ARRAY[CAST(CAST('parasitized' AS varchar) AS text), CAST(CAST('uninfected' AS varchar) AS text)]) AND predicted_class_index = ANY(ARRAY[0, 1]) AND decision_margin IS NOT NULL AND error_code IS NULL AND error_message IS NULL) OR (CAST(prediction_status AS text) = CAST('failed' AS text) AND probability_parasitized IS NULL AND probability_uninfected IS NULL AND predicted_label IS NULL AND predicted_class_index IS NULL AND decision_margin IS NULL AND NOT near_threshold AND error_code IS NOT NULL AND btrim(CAST(error_code AS text)) <> CAST('' AS text))) | ck_cell_prediction_probability_sum: CONSTRAINT ck_cell_prediction_probability_sum CHECK (probability_parasitized IS NULL OR probability_uninfected IS NULL OR abs((probability_parasitized + probability_uninfected) - CAST(1.0 AS double precision)) <= CAST(0.000000001 AS double precision)) | ck_cell_prediction_probability_uninfected: CONSTRAINT ck_cell_prediction_probability_uninfected CHECK (probability_uninfected IS NULL OR (probability_uninfected >= CAST(0 AS double precision) AND probability_uninfected <= CAST(1 AS double precision) AND probability_uninfected < CAST('Infinity' AS double precision)))",Campo probability_uninfected de cell_predictions.
cell_predictions,predicted_label,varchar(20),YES,,,,,"ck_cell_prediction_completed_payload: CONSTRAINT ck_cell_prediction_completed_payload CHECK ((CAST(prediction_status AS text) = CAST('completed' AS text) AND probability_parasitized IS NOT NULL AND probability_uninfected IS NOT NULL AND CAST(predicted_label AS text) = ANY(ARRAY[CAST(CAST('parasitized' AS varchar) AS text), CAST(CAST('uninfected' AS varchar) AS text)]) AND predicted_class_index = ANY(ARRAY[0, 1]) AND decision_margin IS NOT NULL AND error_code IS NULL AND error_message IS NULL) OR (CAST(prediction_status AS text) = CAST('failed' AS text) AND probability_parasitized IS NULL AND probability_uninfected IS NULL AND predicted_label IS NULL AND predicted_class_index IS NULL AND decision_margin IS NULL AND NOT near_threshold AND error_code IS NOT NULL AND btrim(CAST(error_code AS text)) <> CAST('' AS text))) | ck_cell_prediction_label_index: CONSTRAINT ck_cell_prediction_label_index CHECK (CAST(prediction_status AS text) <> CAST('completed' AS text) OR (predicted_class_index = 1 AND CAST(predicted_label AS text) = CAST('parasitized' AS text) AND probability_parasitized >= threshold_used) OR (predicted_class_index = 0 AND CAST(predicted_label AS text) = CAST('uninfected' AS text) AND probability_parasitized < threshold_used))",Campo predicted_label de cell_predictions.
cell_predictions,predicted_class_index,smallint,YES,,,,,"ck_cell_prediction_class_index: CONSTRAINT ck_cell_prediction_class_index CHECK (predicted_class_index IS NULL OR predicted_class_index = ANY(ARRAY[0, 1])) | ck_cell_prediction_completed_payload: CONSTRAINT ck_cell_prediction_completed_payload CHECK ((CAST(prediction_status AS text) = CAST('completed' AS text) AND probability_parasitized IS NOT NULL AND probability_uninfected IS NOT NULL AND CAST(predicted_label AS text) = ANY(ARRAY[CAST(CAST('parasitized' AS varchar) AS text), CAST(CAST('uninfected' AS varchar) AS text)]) AND predicted_class_index = ANY(ARRAY[0, 1]) AND decision_margin IS NOT NULL AND error_code IS NULL AND error_message IS NULL) OR (CAST(prediction_status AS text) = CAST('failed' AS text) AND probability_parasitized IS NULL AND probability_uninfected IS NULL AND predicted_label IS NULL AND predicted_class_index IS NULL AND decision_margin IS NULL AND NOT near_threshold AND error_code IS NOT NULL AND btrim(CAST(error_code AS text)) <> CAST('' AS text))) | ck_cell_prediction_label_index: CONSTRAINT ck_cell_prediction_label_index CHECK (CAST(prediction_status AS text) <> CAST('completed' AS text) OR (predicted_class_index = 1 AND CAST(predicted_label AS text) = CAST('parasitized' AS text) AND probability_parasitized >= threshold_used) OR (predicted_class_index = 0 AND CAST(predicted_label AS text) = CAST('uninfected' AS text) AND probability_parasitized < threshold_used))",Campo predicted_class_index de cell_predictions.
cell_predictions,positive_label,varchar(20),NO,,,,,ck_cell_prediction_positive_class: CONSTRAINT ck_cell_prediction_positive_class CHECK (CAST(positive_label AS text) = CAST('parasitized' AS text) AND positive_class_index = 1),Campo positive_label de cell_predictions.
cell_predictions,positive_class_index,smallint,NO,,,,,ck_cell_prediction_positive_class: CONSTRAINT ck_cell_prediction_positive_class CHECK (CAST(positive_label AS text) = CAST('parasitized' AS text) AND positive_class_index = 1),Campo positive_class_index de cell_predictions.
cell_predictions,threshold_used,double precision,NO,,,,,ck_cell_prediction_decision_margin: CONSTRAINT ck_cell_prediction_decision_margin CHECK (decision_margin IS NULL OR probability_parasitized IS NULL OR abs(decision_margin - abs(probability_parasitized - threshold_used)) <= CAST(0.000000001 AS double precision)) | ck_cell_prediction_label_index: CONSTRAINT ck_cell_prediction_label_index CHECK (CAST(prediction_status AS text) <> CAST('completed' AS text) OR (predicted_class_index = 1 AND CAST(predicted_label AS text) = CAST('parasitized' AS text) AND probability_parasitized >= threshold_used) OR (predicted_class_index = 0 AND CAST(predicted_label AS text) = CAST('uninfected' AS text) AND probability_parasitized < threshold_used)) | ck_cell_prediction_threshold: CONSTRAINT ck_cell_prediction_threshold CHECK (threshold_used >= CAST(0 AS double precision) AND threshold_used <= CAST(1 AS double precision) AND threshold_used < CAST('Infinity' AS double precision)),Campo threshold_used de cell_predictions.
cell_predictions,threshold_source,varchar(120),NO,,,,,cell_predictions_threshold_source_check: CONSTRAINT cell_predictions_threshold_source_check CHECK (btrim(CAST(threshold_source AS text)) <> CAST('' AS text)),Campo threshold_source de cell_predictions.
cell_predictions,decision_margin,double precision,YES,,,,,"ck_cell_prediction_completed_payload: CONSTRAINT ck_cell_prediction_completed_payload CHECK ((CAST(prediction_status AS text) = CAST('completed' AS text) AND probability_parasitized IS NOT NULL AND probability_uninfected IS NOT NULL AND CAST(predicted_label AS text) = ANY(ARRAY[CAST(CAST('parasitized' AS varchar) AS text), CAST(CAST('uninfected' AS varchar) AS text)]) AND predicted_class_index = ANY(ARRAY[0, 1]) AND decision_margin IS NOT NULL AND error_code IS NULL AND error_message IS NULL) OR (CAST(prediction_status AS text) = CAST('failed' AS text) AND probability_parasitized IS NULL AND probability_uninfected IS NULL AND predicted_label IS NULL AND predicted_class_index IS NULL AND decision_margin IS NULL AND NOT near_threshold AND error_code IS NOT NULL AND btrim(CAST(error_code AS text)) <> CAST('' AS text))) | ck_cell_prediction_decision_margin: CONSTRAINT ck_cell_prediction_decision_margin CHECK (decision_margin IS NULL OR probability_parasitized IS NULL OR abs(decision_margin - abs(probability_parasitized - threshold_used)) <= CAST(0.000000001 AS double precision)) | ck_cell_prediction_margin: CONSTRAINT ck_cell_prediction_margin CHECK (decision_margin IS NULL OR (decision_margin >= CAST(0 AS double precision) AND decision_margin < CAST('Infinity' AS double precision)))",Campo decision_margin de cell_predictions.
cell_predictions,near_threshold,boolean,NO,FALSE,,,,"ck_cell_prediction_completed_payload: CONSTRAINT ck_cell_prediction_completed_payload CHECK ((CAST(prediction_status AS text) = CAST('completed' AS text) AND probability_parasitized IS NOT NULL AND probability_uninfected IS NOT NULL AND CAST(predicted_label AS text) = ANY(ARRAY[CAST(CAST('parasitized' AS varchar) AS text), CAST(CAST('uninfected' AS varchar) AS text)]) AND predicted_class_index = ANY(ARRAY[0, 1]) AND decision_margin IS NOT NULL AND error_code IS NULL AND error_message IS NULL) OR (CAST(prediction_status AS text) = CAST('failed' AS text) AND probability_parasitized IS NULL AND probability_uninfected IS NULL AND predicted_label IS NULL AND predicted_class_index IS NULL AND decision_margin IS NULL AND NOT near_threshold AND error_code IS NOT NULL AND btrim(CAST(error_code AS text)) <> CAST('' AS text)))",Campo near_threshold de cell_predictions.
cell_predictions,preprocessing_snapshot,jsonb,NO,,,,,cell_predictions_preprocessing_snapshot_check: CONSTRAINT cell_predictions_preprocessing_snapshot_check CHECK (jsonb_typeof(preprocessing_snapshot) = CAST('object' AS text)),"Campo preprocessing_snapshot de cell_predictions. Snapshot, parámetros extensibles o metadatos variables; no sustituye las FK ni columnas tipadas. Canonical/hash preserva los bytes de origen cuando aplica."
cell_predictions,inference_duration_ms,double precision,YES,,,,,ck_cell_prediction_duration: CONSTRAINT ck_cell_prediction_duration CHECK (inference_duration_ms IS NULL OR (inference_duration_ms >= CAST(0 AS double precision) AND inference_duration_ms < CAST('Infinity' AS double precision))),Campo inference_duration_ms de cell_predictions.
cell_predictions,error_code,varchar(80),YES,,,,,"ck_cell_prediction_completed_payload: CONSTRAINT ck_cell_prediction_completed_payload CHECK ((CAST(prediction_status AS text) = CAST('completed' AS text) AND probability_parasitized IS NOT NULL AND probability_uninfected IS NOT NULL AND CAST(predicted_label AS text) = ANY(ARRAY[CAST(CAST('parasitized' AS varchar) AS text), CAST(CAST('uninfected' AS varchar) AS text)]) AND predicted_class_index = ANY(ARRAY[0, 1]) AND decision_margin IS NOT NULL AND error_code IS NULL AND error_message IS NULL) OR (CAST(prediction_status AS text) = CAST('failed' AS text) AND probability_parasitized IS NULL AND probability_uninfected IS NULL AND predicted_label IS NULL AND predicted_class_index IS NULL AND decision_margin IS NULL AND NOT near_threshold AND error_code IS NOT NULL AND btrim(CAST(error_code AS text)) <> CAST('' AS text)))",Campo error_code de cell_predictions.
cell_predictions,error_message,text,YES,,,,,"ck_cell_prediction_completed_payload: CONSTRAINT ck_cell_prediction_completed_payload CHECK ((CAST(prediction_status AS text) = CAST('completed' AS text) AND probability_parasitized IS NOT NULL AND probability_uninfected IS NOT NULL AND CAST(predicted_label AS text) = ANY(ARRAY[CAST(CAST('parasitized' AS varchar) AS text), CAST(CAST('uninfected' AS varchar) AS text)]) AND predicted_class_index = ANY(ARRAY[0, 1]) AND decision_margin IS NOT NULL AND error_code IS NULL AND error_message IS NULL) OR (CAST(prediction_status AS text) = CAST('failed' AS text) AND probability_parasitized IS NULL AND probability_uninfected IS NULL AND predicted_label IS NULL AND predicted_class_index IS NULL AND decision_margin IS NULL AND NOT near_threshold AND error_code IS NOT NULL AND btrim(CAST(error_code AS text)) <> CAST('' AS text)))",Campo error_message de cell_predictions.
cell_predictions,created_at,timestamp with time zone,NO,now(),,,,,Campo created_at de cell_predictions. Auditoría temporal del evento indicado; sin actualización automática salvo trigger explícito.
clinical_identities,id,uuid,NO,pg_catalog.gen_random_uuid(),YES,,,,Campo id de clinical_identities.
clinical_identities,dataset_id,uuid,NO,,,clinical_identities_dataset_id_fkey: CONSTRAINT clinical_identities_dataset_id_fkey FOREIGN KEY (dataset_id) REFERENCES datasets (id) ON DELETE RESTRICT,"uq_clinical_identities_source: CONSTRAINT uq_clinical_identities_source UNIQUE (dataset_id, identity_type, source_identifier)",,Campo dataset_id de clinical_identities.
clinical_identities,identity_type,text,NO,,,,"uq_clinical_identities_source: CONSTRAINT uq_clinical_identities_source UNIQUE (dataset_id, identity_type, source_identifier)",chk_clinical_identities_type: CONSTRAINT chk_clinical_identities_type CHECK (identity_type = CAST('PATIENT' AS text)),Campo identity_type de clinical_identities.
clinical_identities,source_identifier,text,NO,,,,"uq_clinical_identities_source: CONSTRAINT uq_clinical_identities_source UNIQUE (dataset_id, identity_type, source_identifier)",,Campo source_identifier de clinical_identities.
clinical_identities,status,text,NO,,,,,"chk_clinical_identities_status: CONSTRAINT chk_clinical_identities_status CHECK (status = ANY(ARRAY[CAST('VERIFIED' AS text), CAST('UNRESOLVED' AS text), CAST('CONFLICT' AS text)]))",Campo status de clinical_identities.
clinical_identities,metadata,jsonb,NO,CAST('{}' AS jsonb),,,,chk_clinical_identities_metadata_object: CONSTRAINT chk_clinical_identities_metadata_object CHECK (jsonb_typeof(metadata) = CAST('object' AS text)),"Campo metadata de clinical_identities. Snapshot, parámetros extensibles o metadatos variables; no sustituye las FK ni columnas tipadas. Canonical/hash preserva los bytes de origen cuando aplica."
clinical_identities,created_at,timestamp with time zone,NO,now(),,,,,Campo created_at de clinical_identities. Auditoría temporal del evento indicado; sin actualización automática salvo trigger explícito.
clinical_identities,updated_at,timestamp with time zone,NO,now(),,,,,Campo updated_at de clinical_identities. Auditoría temporal del evento indicado; sin actualización automática salvo trigger explícito.
dataset_materialization_activations,id,uuid,NO,pg_catalog.gen_random_uuid(),YES,,,,Campo id de dataset_materialization_activations.
dataset_materialization_activations,dataset_version_id,uuid,NO,,,dataset_materialization_activations_dataset_version_id_fkey: CONSTRAINT dataset_materialization_activations_dataset_version_id_fkey FOREIGN KEY (dataset_version_id) REFERENCES dataset_versions (id) ON DELETE RESTRICT,,,Campo dataset_version_id de dataset_materialization_activations.
dataset_materialization_activations,materialization_id,uuid,NO,,,dataset_materialization_activations_materialization_id_fkey: CONSTRAINT dataset_materialization_activations_materialization_id_fkey FOREIGN KEY (materialization_id) REFERENCES dataset_materializations (id) ON DELETE RESTRICT,,,Campo materialization_id de dataset_materialization_activations.
dataset_materialization_activations,dataset_family,text,NO,,,,uq_dataset_materialization_activations_current_family: CREATE UNIQUE INDEX uq_dataset_materialization_activations_current_family ON public.dataset_materialization_activations (dataset_family) WHERE deactivated_at IS NULL,,Campo dataset_family de dataset_materialization_activations.
dataset_materialization_activations,activated_at,timestamp with time zone,NO,now(),,,,chk_dataset_materialization_activations_interval: CONSTRAINT chk_dataset_materialization_activations_interval CHECK (deactivated_at IS NULL OR deactivated_at >= activated_at),Campo activated_at de dataset_materialization_activations. Auditoría temporal del evento indicado; sin actualización automática salvo trigger explícito.
dataset_materialization_activations,deactivated_at,timestamp with time zone,YES,,,,,chk_dataset_materialization_activations_interval: CONSTRAINT chk_dataset_materialization_activations_interval CHECK (deactivated_at IS NULL OR deactivated_at >= activated_at),Campo deactivated_at de dataset_materialization_activations. Auditoría temporal del evento indicado; sin actualización automática salvo trigger explícito.
dataset_materialization_activations,metadata,jsonb,NO,CAST('{}' AS jsonb),,,,chk_dataset_materialization_activations_metadata_object: CONSTRAINT chk_dataset_materialization_activations_metadata_object CHECK (jsonb_typeof(metadata) = CAST('object' AS text)),"Campo metadata de dataset_materialization_activations. Snapshot, parámetros extensibles o metadatos variables; no sustituye las FK ni columnas tipadas. Canonical/hash preserva los bytes de origen cuando aplica."
dataset_materializations,id,uuid,NO,pg_catalog.gen_random_uuid(),YES,,,,Campo id de dataset_materializations.
dataset_materializations,dataset_version_id,uuid,NO,,,dataset_materializations_dataset_version_id_fkey: CONSTRAINT dataset_materializations_dataset_version_id_fkey FOREIGN KEY (dataset_version_id) REFERENCES dataset_versions (id) ON DELETE RESTRICT,"uq_dataset_materializations_attempt: CONSTRAINT uq_dataset_materializations_attempt UNIQUE (dataset_version_id, attempt_number)",,Campo dataset_version_id de dataset_materializations.
dataset_materializations,attempt_number,integer,NO,,,,"uq_dataset_materializations_attempt: CONSTRAINT uq_dataset_materializations_attempt UNIQUE (dataset_version_id, attempt_number)",chk_dataset_materializations_attempt: CONSTRAINT chk_dataset_materializations_attempt CHECK (attempt_number > 0),Campo attempt_number de dataset_materializations.
dataset_materializations,status,text,NO,CAST('NOT_MATERIALIZED' AS text),,,,"chk_dataset_materializations_status: CONSTRAINT chk_dataset_materializations_status CHECK (status = ANY(ARRAY[CAST('NOT_MATERIALIZED' AS text), CAST('MATERIALIZING' AS text), CAST('READY' AS text), CAST('FAILED' AS text)]))",Campo status de dataset_materializations.
dataset_materializations,reconciliation_status,text,NO,CAST('PENDING' AS text),,,,"chk_dataset_materializations_reconciliation: CONSTRAINT chk_dataset_materializations_reconciliation CHECK (reconciliation_status = ANY(ARRAY[CAST('PENDING' AS text), CAST('PASS' AS text), CAST('FAIL' AS text)]))",Campo reconciliation_status de dataset_materializations.
dataset_materializations,relative_root,text,NO,,,,,chk_dataset_materializations_relative_root: CONSTRAINT chk_dataset_materializations_relative_root CHECK (relative_root <> CAST('' AS text) AND relative_root !~ CAST('^/' AS text)),Campo relative_root de dataset_materializations.
dataset_materializations,record_count,bigint,NO,0,,,,chk_dataset_materializations_record_count: CONSTRAINT chk_dataset_materializations_record_count CHECK (record_count >= 0),Campo record_count de dataset_materializations.
dataset_materializations,manifest_metadata,jsonb,NO,CAST('{}' AS jsonb),,,,chk_dataset_materializations_manifest_object: CONSTRAINT chk_dataset_materializations_manifest_object CHECK (jsonb_typeof(manifest_metadata) = CAST('object' AS text)),"Campo manifest_metadata de dataset_materializations. Snapshot, parámetros extensibles o metadatos variables; no sustituye las FK ni columnas tipadas. Canonical/hash preserva los bytes de origen cuando aplica."
dataset_materializations,started_at,timestamp with time zone,YES,,,,,,Campo started_at de dataset_materializations. Auditoría temporal del evento indicado; sin actualización automática salvo trigger explícito.
dataset_materializations,completed_at,timestamp with time zone,YES,,,,,,Campo completed_at de dataset_materializations. Auditoría temporal del evento indicado; sin actualización automática salvo trigger explícito.
dataset_materializations,failure_reason,text,YES,,,,,,Campo failure_reason de dataset_materializations.
dataset_materializations,metadata,jsonb,NO,CAST('{}' AS jsonb),,,,chk_dataset_materializations_metadata_object: CONSTRAINT chk_dataset_materializations_metadata_object CHECK (jsonb_typeof(metadata) = CAST('object' AS text)),"Campo metadata de dataset_materializations. Snapshot, parámetros extensibles o metadatos variables; no sustituye las FK ni columnas tipadas. Canonical/hash preserva los bytes de origen cuando aplica."
dataset_materializations,created_at,timestamp with time zone,NO,now(),,,,,Campo created_at de dataset_materializations. Auditoría temporal del evento indicado; sin actualización automática salvo trigger explícito.
dataset_source_records,id,uuid,NO,pg_catalog.gen_random_uuid(),YES,,,,Campo id de dataset_source_records.
dataset_source_records,dataset_id,uuid,NO,,,dataset_source_records_dataset_id_fkey: CONSTRAINT dataset_source_records_dataset_id_fkey FOREIGN KEY (dataset_id) REFERENCES datasets (id) ON DELETE RESTRICT,"uq_dataset_source_records_key: CONSTRAINT uq_dataset_source_records_key UNIQUE (dataset_id, source_record_key)",,Campo dataset_id de dataset_source_records.
dataset_source_records,clinical_identity_id,uuid,YES,,,dataset_source_records_clinical_identity_id_fkey: CONSTRAINT dataset_source_records_clinical_identity_id_fkey FOREIGN KEY (clinical_identity_id) REFERENCES clinical_identities (id) ON DELETE RESTRICT,,,Campo clinical_identity_id de dataset_source_records.
dataset_source_records,source_record_key,text,NO,,,,"uq_dataset_source_records_key: CONSTRAINT uq_dataset_source_records_key UNIQUE (dataset_id, source_record_key)",,Campo source_record_key de dataset_source_records.
dataset_source_records,tfds_index,bigint,YES,,,,,,Campo tfds_index de dataset_source_records.
dataset_source_records,source_filename,text,YES,,,,,,Campo source_filename de dataset_source_records.
dataset_source_records,class_index,integer,NO,,,,,,Campo class_index de dataset_source_records.
dataset_source_records,class_name,text,NO,,,,,,Campo class_name de dataset_source_records.
dataset_source_records,original_label,integer,YES,,,,,,Campo original_label de dataset_source_records.
dataset_source_records,project_label,integer,YES,,,,,,Campo project_label de dataset_source_records.
dataset_source_records,relative_source_key,text,YES,,,,,,Campo relative_source_key de dataset_source_records.
dataset_source_records,source_file_sha256,text,YES,,,,,chk_dataset_source_records_source_sha256: CONSTRAINT chk_dataset_source_records_source_sha256 CHECK (source_file_sha256 IS NULL OR source_file_sha256 ~ CAST('^[0-9a-fA-F]{64}$' AS text)),"Campo source_file_sha256 de dataset_source_records. Identidad/procedencia; conservar valor y representación canónica original, sin recalcular al transferir."
dataset_source_records,decoded_pixel_sha256,text,YES,,,,,chk_dataset_source_records_pixel_sha256: CONSTRAINT chk_dataset_source_records_pixel_sha256 CHECK (decoded_pixel_sha256 IS NULL OR decoded_pixel_sha256 ~ CAST('^[0-9a-fA-F]{64}$' AS text)),"Campo decoded_pixel_sha256 de dataset_source_records. Identidad/procedencia; conservar valor y representación canónica original, sin recalcular al transferir."
dataset_source_records,image_width,integer,YES,,,,,chk_dataset_source_records_dimensions: CONSTRAINT chk_dataset_source_records_dimensions CHECK ((image_width IS NULL OR image_width > 0) AND (image_height IS NULL OR image_height > 0) AND (file_size_bytes IS NULL OR file_size_bytes >= 0)),Campo image_width de dataset_source_records.
dataset_source_records,image_height,integer,YES,,,,,chk_dataset_source_records_dimensions: CONSTRAINT chk_dataset_source_records_dimensions CHECK ((image_width IS NULL OR image_width > 0) AND (image_height IS NULL OR image_height > 0) AND (file_size_bytes IS NULL OR file_size_bytes >= 0)),Campo image_height de dataset_source_records.
dataset_source_records,file_size_bytes,bigint,YES,,,,,chk_dataset_source_records_dimensions: CONSTRAINT chk_dataset_source_records_dimensions CHECK ((image_width IS NULL OR image_width > 0) AND (image_height IS NULL OR image_height > 0) AND (file_size_bytes IS NULL OR file_size_bytes >= 0)),Campo file_size_bytes de dataset_source_records.
dataset_source_records,identity_status,text,NO,,,,,"chk_dataset_source_records_identity_status: CONSTRAINT chk_dataset_source_records_identity_status CHECK (identity_status = ANY(ARRAY[CAST('VERIFIED' AS text), CAST('UNRESOLVED' AS text), CAST('CONFLICT' AS text)]))",Campo identity_status de dataset_source_records.
dataset_source_records,metadata,jsonb,NO,CAST('{}' AS jsonb),,,,chk_dataset_source_records_metadata_object: CONSTRAINT chk_dataset_source_records_metadata_object CHECK (jsonb_typeof(metadata) = CAST('object' AS text)),"Campo metadata de dataset_source_records. Snapshot, parámetros extensibles o metadatos variables; no sustituye las FK ni columnas tipadas. Canonical/hash preserva los bytes de origen cuando aplica."
dataset_source_records,created_at,timestamp with time zone,NO,now(),,,,,Campo created_at de dataset_source_records. Auditoría temporal del evento indicado; sin actualización automática salvo trigger explícito.
dataset_source_records,updated_at,timestamp with time zone,NO,now(),,,,,Campo updated_at de dataset_source_records. Auditoría temporal del evento indicado; sin actualización automática salvo trigger explícito.
dataset_split_assignments,id,uuid,NO,pg_catalog.gen_random_uuid(),YES,,,,Campo id de dataset_split_assignments.
dataset_split_assignments,dataset_version_id,uuid,NO,,,dataset_split_assignments_dataset_version_id_fkey: CONSTRAINT dataset_split_assignments_dataset_version_id_fkey FOREIGN KEY (dataset_version_id) REFERENCES dataset_versions (id) ON DELETE RESTRICT,"uq_dataset_split_assignments_record: CONSTRAINT uq_dataset_split_assignments_record UNIQUE (dataset_version_id, source_record_id)",,Campo dataset_version_id de dataset_split_assignments.
dataset_split_assignments,source_record_id,uuid,NO,,,dataset_split_assignments_source_record_id_fkey: CONSTRAINT dataset_split_assignments_source_record_id_fkey FOREIGN KEY (source_record_id) REFERENCES dataset_source_records (id) ON DELETE RESTRICT,"uq_dataset_split_assignments_record: CONSTRAINT uq_dataset_split_assignments_record UNIQUE (dataset_version_id, source_record_id)",,Campo source_record_id de dataset_split_assignments.
dataset_split_assignments,clinical_identity_id,uuid,NO,,,dataset_split_assignments_clinical_identity_id_fkey: CONSTRAINT dataset_split_assignments_clinical_identity_id_fkey FOREIGN KEY (clinical_identity_id) REFERENCES clinical_identities (id) ON DELETE RESTRICT,,,Campo clinical_identity_id de dataset_split_assignments.
dataset_split_assignments,split_name,text,NO,,,,,"chk_dataset_split_assignments_split: CONSTRAINT chk_dataset_split_assignments_split CHECK (split_name = ANY(ARRAY[CAST('train' AS text), CAST('val' AS text), CAST('test' AS text), CAST('external_validation' AS text)]))",Campo split_name de dataset_split_assignments.
dataset_split_assignments,class_index,integer,NO,,,,,,Campo class_index de dataset_split_assignments.
dataset_split_assignments,class_name,text,NO,,,,,,Campo class_name de dataset_split_assignments.
dataset_split_assignments,metadata,jsonb,NO,CAST('{}' AS jsonb),,,,chk_dataset_split_assignments_metadata_object: CONSTRAINT chk_dataset_split_assignments_metadata_object CHECK (jsonb_typeof(metadata) = CAST('object' AS text)),"Campo metadata de dataset_split_assignments. Snapshot, parámetros extensibles o metadatos variables; no sustituye las FK ni columnas tipadas. Canonical/hash preserva los bytes de origen cuando aplica."
dataset_split_assignments,created_at,timestamp with time zone,NO,now(),,,,,Campo created_at de dataset_split_assignments. Auditoría temporal del evento indicado; sin actualización automática salvo trigger explícito.
dataset_split_images,image_id,uuid,NO,pg_catalog.gen_random_uuid(),YES,,,,Campo image_id de dataset_split_images.
dataset_split_images,dataset_id,uuid,YES,,,dataset_split_images_dataset_id_fkey: CONSTRAINT dataset_split_images_dataset_id_fkey FOREIGN KEY (dataset_id) REFERENCES datasets (id) ON DELETE RESTRICT,,,Campo dataset_id de dataset_split_images.
dataset_split_images,dataset_name,text,NO,,,,,,Campo dataset_name de dataset_split_images.
dataset_split_images,dataset_source,text,NO,,,,,,Campo dataset_source de dataset_split_images.
dataset_split_images,dataset_dir,text,NO,,,,"uq_dataset_split_images_path: CONSTRAINT uq_dataset_split_images_path UNIQUE (dataset_dir, relative_path)",,Campo dataset_dir de dataset_split_images.
dataset_split_images,split_name,text,NO,,,,,"chk_dataset_split_images_split: CONSTRAINT chk_dataset_split_images_split CHECK (split_name = ANY(ARRAY[CAST('train' AS text), CAST('val' AS text), CAST('validation' AS text), CAST('test' AS text)]))",Campo split_name de dataset_split_images.
dataset_split_images,class_index,integer,NO,,,,,"chk_dataset_split_images_class_index: CONSTRAINT chk_dataset_split_images_class_index CHECK (class_index = ANY(ARRAY[0, 1]))",Campo class_index de dataset_split_images.
dataset_split_images,class_name,text,NO,,,,,"chk_dataset_split_images_class_name: CONSTRAINT chk_dataset_split_images_class_name CHECK (class_name = ANY(ARRAY[CAST('uninfected' AS text), CAST('parasitized' AS text)]))",Campo class_name de dataset_split_images.
dataset_split_images,relative_path,text,NO,,,,"uq_dataset_split_images_path: CONSTRAINT uq_dataset_split_images_path UNIQUE (dataset_dir, relative_path)",,Campo relative_path de dataset_split_images.
dataset_split_images,absolute_path,text,YES,,,,,,Campo absolute_path de dataset_split_images.
dataset_split_images,filename,text,NO,,,,,,Campo filename de dataset_split_images.
dataset_split_images,original_tfds_label,integer,YES,,,,,,Campo original_tfds_label de dataset_split_images.
dataset_split_images,project_label,integer,NO,,,,,,Campo project_label de dataset_split_images.
dataset_split_images,label_mapping_version,text,NO,,,,,,Campo label_mapping_version de dataset_split_images.
dataset_split_images,image_width,integer,YES,,,,,,Campo image_width de dataset_split_images.
dataset_split_images,image_height,integer,YES,,,,,,Campo image_height de dataset_split_images.
dataset_split_images,file_size_bytes,bigint,YES,,,,,,Campo file_size_bytes de dataset_split_images.
dataset_split_images,checksum_sha256,text,YES,,,,,,"Campo checksum_sha256 de dataset_split_images. Identidad/procedencia; conservar valor y representación canónica original, sin recalcular al transferir."
dataset_split_images,created_at,timestamp with time zone,NO,now(),,,,,Campo created_at de dataset_split_images. Auditoría temporal del evento indicado; sin actualización automática salvo trigger explícito.
dataset_split_images,updated_at,timestamp with time zone,NO,now(),,,,,Campo updated_at de dataset_split_images. Auditoría temporal del evento indicado; sin actualización automática salvo trigger explícito.
dataset_split_images,metadata,jsonb,NO,CAST('{}' AS jsonb),,,,,"Campo metadata de dataset_split_images. Snapshot, parámetros extensibles o metadatos variables; no sustituye las FK ni columnas tipadas. Canonical/hash preserva los bytes de origen cuando aplica."
dataset_split_images,dataset_version_id,uuid,YES,,,dataset_split_images_dataset_version_id_fkey: CONSTRAINT dataset_split_images_dataset_version_id_fkey FOREIGN KEY (dataset_version_id) REFERENCES dataset_versions (id) ON DELETE RESTRICT,,,Campo dataset_version_id de dataset_split_images.
dataset_split_images,dataset_materialization_id,uuid,YES,,,dataset_split_images_dataset_materialization_id_fkey: CONSTRAINT dataset_split_images_dataset_materialization_id_fkey FOREIGN KEY (dataset_materialization_id) REFERENCES dataset_materializations (id) ON DELETE RESTRICT,,,Campo dataset_materialization_id de dataset_split_images.
dataset_split_statistics,id,uuid,NO,pg_catalog.gen_random_uuid(),YES,,,,Campo id de dataset_split_statistics.
dataset_split_statistics,dataset_version_id,uuid,NO,,,dataset_split_statistics_dataset_version_id_fkey: CONSTRAINT dataset_split_statistics_dataset_version_id_fkey FOREIGN KEY (dataset_version_id) REFERENCES dataset_versions (id) ON DELETE RESTRICT,,,Campo dataset_version_id de dataset_split_statistics.
dataset_split_statistics,scope,text,NO,,,,,,Campo scope de dataset_split_statistics.
dataset_split_statistics,metric_name,text,NO,,,,,,Campo metric_name de dataset_split_statistics.
dataset_split_statistics,numeric_value,numeric,YES,,,,,chk_dataset_split_statistics_value: CONSTRAINT chk_dataset_split_statistics_value CHECK (numeric_value IS NOT NULL OR text_value IS NOT NULL OR details_json IS NOT NULL),Campo numeric_value de dataset_split_statistics.
dataset_split_statistics,text_value,text,YES,,,,,chk_dataset_split_statistics_value: CONSTRAINT chk_dataset_split_statistics_value CHECK (numeric_value IS NOT NULL OR text_value IS NOT NULL OR details_json IS NOT NULL),Campo text_value de dataset_split_statistics.
dataset_split_statistics,details_json,jsonb,YES,,,,,chk_dataset_split_statistics_details_object: CONSTRAINT chk_dataset_split_statistics_details_object CHECK (details_json IS NULL OR jsonb_typeof(details_json) = CAST('object' AS text)) | chk_dataset_split_statistics_value: CONSTRAINT chk_dataset_split_statistics_value CHECK (numeric_value IS NOT NULL OR text_value IS NOT NULL OR details_json IS NOT NULL),"Campo details_json de dataset_split_statistics. Snapshot, parámetros extensibles o metadatos variables; no sustituye las FK ni columnas tipadas. Canonical/hash preserva los bytes de origen cuando aplica."
dataset_split_statistics,computed_at,timestamp with time zone,NO,now(),,,,,Campo computed_at de dataset_split_statistics. Auditoría temporal del evento indicado; sin actualización automática salvo trigger explícito.
dataset_split_validation_checks,id,uuid,NO,pg_catalog.gen_random_uuid(),YES,,,,Campo id de dataset_split_validation_checks.
dataset_split_validation_checks,dataset_version_id,uuid,NO,,,dataset_split_validation_checks_dataset_version_id_fkey: CONSTRAINT dataset_split_validation_checks_dataset_version_id_fkey FOREIGN KEY (dataset_version_id) REFERENCES dataset_versions (id) ON DELETE RESTRICT,,,Campo dataset_version_id de dataset_split_validation_checks.
dataset_split_validation_checks,check_name,text,NO,,,,,,Campo check_name de dataset_split_validation_checks.
dataset_split_validation_checks,status,text,NO,,,,,"chk_dataset_split_validation_checks_status: CONSTRAINT chk_dataset_split_validation_checks_status CHECK (status = ANY(ARRAY[CAST('PASS' AS text), CAST('FAIL' AS text), CAST('WARNING' AS text)]))",Campo status de dataset_split_validation_checks.
dataset_split_validation_checks,observed_value,text,YES,,,,,,Campo observed_value de dataset_split_validation_checks.
dataset_split_validation_checks,expected_value,text,YES,,,,,,Campo expected_value de dataset_split_validation_checks.
dataset_split_validation_checks,details_json,jsonb,NO,CAST('{}' AS jsonb),,,,chk_dataset_split_validation_checks_details_object: CONSTRAINT chk_dataset_split_validation_checks_details_object CHECK (jsonb_typeof(details_json) = CAST('object' AS text)),"Campo details_json de dataset_split_validation_checks. Snapshot, parámetros extensibles o metadatos variables; no sustituye las FK ni columnas tipadas. Canonical/hash preserva los bytes de origen cuando aplica."
dataset_split_validation_checks,blocking_for_validation,boolean,NO,FALSE,,,,,Campo blocking_for_validation de dataset_split_validation_checks.
dataset_split_validation_checks,blocking_for_freeze,boolean,NO,FALSE,,,,,Campo blocking_for_freeze de dataset_split_validation_checks.
dataset_split_validation_checks,executed_at,timestamp with time zone,NO,now(),,,,,Campo executed_at de dataset_split_validation_checks. Auditoría temporal del evento indicado; sin actualización automática salvo trigger explícito.
dataset_splits,id,uuid,NO,pg_catalog.gen_random_uuid(),YES,,,,Campo id de dataset_splits.
dataset_splits,dataset_id,uuid,YES,,,dataset_splits_dataset_id_fkey: CONSTRAINT dataset_splits_dataset_id_fkey FOREIGN KEY (dataset_id) REFERENCES datasets (id) ON DELETE RESTRICT,,,Campo dataset_id de dataset_splits.
dataset_splits,split_name,text,NO,,,,,,Campo split_name de dataset_splits.
dataset_splits,num_samples,integer,YES,,,,,,Campo num_samples de dataset_splits.
dataset_splits,class_distribution,jsonb,YES,CAST('{}' AS jsonb),,,,,"Campo class_distribution de dataset_splits. Snapshot, parámetros extensibles o metadatos variables; no sustituye las FK ni columnas tipadas. Canonical/hash preserva los bytes de origen cuando aplica."
dataset_splits,split_strategy,text,YES,,,,,,Campo split_strategy de dataset_splits.
dataset_splits,random_seed,integer,YES,,,,,,Campo random_seed de dataset_splits.
dataset_splits,created_at,timestamp with time zone,YES,now(),,,,,Campo created_at de dataset_splits. Auditoría temporal del evento indicado; sin actualización automática salvo trigger explícito.
dataset_splits,metadata,jsonb,YES,CAST('{}' AS jsonb),,,,,"Campo metadata de dataset_splits. Snapshot, parámetros extensibles o metadatos variables; no sustituye las FK ni columnas tipadas. Canonical/hash preserva los bytes de origen cuando aplica."
dataset_version_sources,dataset_version_id,uuid,NO,,YES,dataset_version_sources_dataset_version_id_fkey: CONSTRAINT dataset_version_sources_dataset_version_id_fkey FOREIGN KEY (dataset_version_id) REFERENCES dataset_versions (id) ON DELETE RESTRICT,,,Campo dataset_version_id de dataset_version_sources.
dataset_version_sources,dataset_id,uuid,NO,,YES,dataset_version_sources_dataset_id_fkey: CONSTRAINT dataset_version_sources_dataset_id_fkey FOREIGN KEY (dataset_id) REFERENCES datasets (id) ON DELETE RESTRICT,,,Campo dataset_id de dataset_version_sources.
dataset_version_sources,role,text,NO,,YES,,,"chk_dataset_version_sources_role: CONSTRAINT chk_dataset_version_sources_role CHECK (role = ANY(ARRAY[CAST('PRIMARY' AS text), CAST('EXTERNAL_VALIDATION' AS text), CAST('AUXILIARY' AS text)]))",Campo role de dataset_version_sources.
dataset_version_sources,created_at,timestamp with time zone,NO,now(),,,,,Campo created_at de dataset_version_sources. Auditoría temporal del evento indicado; sin actualización automática salvo trigger explícito.
dataset_versions,id,uuid,NO,pg_catalog.gen_random_uuid(),YES,,,,Campo id de dataset_versions.
dataset_versions,name,text,NO,,,,"uq_dataset_versions_name_semver: CONSTRAINT uq_dataset_versions_name_semver UNIQUE (name, semantic_version)",,Campo name de dataset_versions.
dataset_versions,semantic_version,text,NO,,,,"uq_dataset_versions_name_semver: CONSTRAINT uq_dataset_versions_name_semver UNIQUE (name, semantic_version)",,Campo semantic_version de dataset_versions.
dataset_versions,status,text,NO,CAST('DRAFT' AS text),,,,"chk_dataset_versions_status: CONSTRAINT chk_dataset_versions_status CHECK (status = ANY(ARRAY[CAST('DRAFT' AS text), CAST('GENERATED' AS text), CAST('VALIDATED' AS text), CAST('FROZEN' AS text), CAST('ARCHIVED' AS text)]))",Campo status de dataset_versions.
dataset_versions,grouping_strategy,text,NO,,,,,,Campo grouping_strategy de dataset_versions.
dataset_versions,grouping_field,text,NO,,,,,,Campo grouping_field de dataset_versions.
dataset_versions,stratification_strategy,text,NO,,,,,,Campo stratification_strategy de dataset_versions.
dataset_versions,split_algorithm,text,NO,,,,,,Campo split_algorithm de dataset_versions.
dataset_versions,split_algorithm_version,text,NO,,,,,,Campo split_algorithm_version de dataset_versions.
dataset_versions,random_seed,integer,NO,,,,,,Campo random_seed de dataset_versions.
dataset_versions,target_train_ratio,"numeric(8, 7)",NO,,,,,chk_dataset_versions_ratio_sum: CONSTRAINT chk_dataset_versions_ratio_sum CHECK ((target_train_ratio + target_val_ratio + target_test_ratio) = 1.0) | chk_dataset_versions_train_ratio: CONSTRAINT chk_dataset_versions_train_ratio CHECK (target_train_ratio >= CAST(0 AS numeric) AND target_train_ratio <= CAST(1 AS numeric)),Campo target_train_ratio de dataset_versions.
dataset_versions,target_val_ratio,"numeric(8, 7)",NO,,,,,chk_dataset_versions_ratio_sum: CONSTRAINT chk_dataset_versions_ratio_sum CHECK ((target_train_ratio + target_val_ratio + target_test_ratio) = 1.0) | chk_dataset_versions_val_ratio: CONSTRAINT chk_dataset_versions_val_ratio CHECK (target_val_ratio >= CAST(0 AS numeric) AND target_val_ratio <= CAST(1 AS numeric)),Campo target_val_ratio de dataset_versions.
dataset_versions,target_test_ratio,"numeric(8, 7)",NO,,,,,chk_dataset_versions_ratio_sum: CONSTRAINT chk_dataset_versions_ratio_sum CHECK ((target_train_ratio + target_val_ratio + target_test_ratio) = 1.0) | chk_dataset_versions_test_ratio: CONSTRAINT chk_dataset_versions_test_ratio CHECK (target_test_ratio >= CAST(0 AS numeric) AND target_test_ratio <= CAST(1 AS numeric)),Campo target_test_ratio de dataset_versions.
dataset_versions,positive_class,text,NO,,,,,,Campo positive_class de dataset_versions.
dataset_versions,class_mapping,jsonb,NO,CAST('{}' AS jsonb),,,,chk_dataset_versions_class_mapping_object: CONSTRAINT chk_dataset_versions_class_mapping_object CHECK (jsonb_typeof(class_mapping) = CAST('object' AS text)),"Campo class_mapping de dataset_versions. Snapshot, parámetros extensibles o metadatos variables; no sustituye las FK ni columnas tipadas. Canonical/hash preserva los bytes de origen cuando aplica."
dataset_versions,source_record_count,bigint,NO,0,,,,chk_dataset_versions_source_count: CONSTRAINT chk_dataset_versions_source_count CHECK (source_record_count >= 0),Campo source_record_count de dataset_versions.
dataset_versions,methodology_json,jsonb,NO,CAST('{}' AS jsonb),,,,chk_dataset_versions_methodology_object: CONSTRAINT chk_dataset_versions_methodology_object CHECK (jsonb_typeof(methodology_json) = CAST('object' AS text)),"Campo methodology_json de dataset_versions. Snapshot, parámetros extensibles o metadatos variables; no sustituye las FK ni columnas tipadas. Canonical/hash preserva los bytes de origen cuando aplica."
dataset_versions,created_at,timestamp with time zone,NO,now(),,,,,Campo created_at de dataset_versions. Auditoría temporal del evento indicado; sin actualización automática salvo trigger explícito.
dataset_versions,generated_at,timestamp with time zone,YES,,,,,,Campo generated_at de dataset_versions. Auditoría temporal del evento indicado; sin actualización automática salvo trigger explícito.
dataset_versions,validated_at,timestamp with time zone,YES,,,,,,Campo validated_at de dataset_versions. Auditoría temporal del evento indicado; sin actualización automática salvo trigger explícito.
dataset_versions,frozen_at,timestamp with time zone,YES,,,,,,Campo frozen_at de dataset_versions. Auditoría temporal del evento indicado; sin actualización automática salvo trigger explícito.
dataset_versions,archived_at,timestamp with time zone,YES,,,,,,Campo archived_at de dataset_versions. Auditoría temporal del evento indicado; sin actualización automática salvo trigger explícito.
datasets,id,uuid,NO,pg_catalog.gen_random_uuid(),YES,,,,Campo id de datasets.
datasets,name,text,NO,,,,,,Campo name de datasets.
datasets,source,text,YES,,,,,,Campo source de datasets.
datasets,version,text,YES,,,,,,Campo version de datasets.
datasets,description,text,YES,,,,,,Campo description de datasets.
datasets,total_images,integer,YES,,,,,,Campo total_images de datasets.
datasets,num_classes,integer,YES,,,,,,Campo num_classes de datasets.
datasets,class_names,text[],YES,,,,,,Campo class_names de datasets.
datasets,class_distribution,jsonb,YES,CAST('{}' AS jsonb),,,,,"Campo class_distribution de datasets. Snapshot, parámetros extensibles o metadatos variables; no sustituye las FK ni columnas tipadas. Canonical/hash preserva los bytes de origen cuando aplica."
datasets,license,text,YES,,,,,,Campo license de datasets.
datasets,url,text,YES,,,,,,Campo url de datasets.
datasets,local_path,text,YES,,,,,,Campo local_path de datasets.
datasets,checksum,text,YES,,,,,,Campo checksum de datasets.
datasets,created_at,timestamp with time zone,YES,now(),,,,,Campo created_at de datasets. Auditoría temporal del evento indicado; sin actualización automática salvo trigger explícito.
datasets,metadata,jsonb,YES,CAST('{}' AS jsonb),,,,,"Campo metadata de datasets. Snapshot, parámetros extensibles o metadatos variables; no sustituye las FK ni columnas tipadas. Canonical/hash preserva los bytes de origen cuando aplica."
datasets,provider,text,YES,,,,,,Campo provider de datasets.
datasets,source_type,text,YES,,,,,,Campo source_type de datasets.
datasets,source_reference,text,YES,,,,,,Campo source_reference de datasets.
datasets,source_version,text,YES,,,,,,Campo source_version de datasets.
deployed_model_versions,id,uuid,NO,pg_catalog.gen_random_uuid(),YES,,"uq_deployed_model_versions_id_version: CREATE UNIQUE INDEX uq_deployed_model_versions_id_version ON public.deployed_model_versions (id, model_version_id)",chk_deployed_model_versions_distinct_history: CONSTRAINT chk_deployed_model_versions_distinct_history CHECK ((supersedes_deployment_id IS NULL OR supersedes_deployment_id <> id) AND (rollback_of_deployment_id IS NULL OR rollback_of_deployment_id <> id)),Campo id de deployed_model_versions.
deployed_model_versions,model_version_id,uuid,NO,,,"fk_deployed_model_versions_threshold_version: CONSTRAINT fk_deployed_model_versions_threshold_version FOREIGN KEY (threshold_calibration_id, model_version_id) REFERENCES run_threshold_calibration (run_threshold_calibration_id, model_version_id) ON DELETE RESTRICT | fk_deployed_model_versions_version_artifact: CONSTRAINT fk_deployed_model_versions_version_artifact FOREIGN KEY (model_version_id, checkpoint_artifact_id) REFERENCES model_versions (id, checkpoint_artifact_id) ON DELETE RESTRICT","uq_deployed_model_versions_id_version: CREATE UNIQUE INDEX uq_deployed_model_versions_id_version ON public.deployed_model_versions (id, model_version_id)",,Campo model_version_id de deployed_model_versions.
deployed_model_versions,checkpoint_artifact_id,uuid,NO,,,"fk_deployed_model_versions_version_artifact: CONSTRAINT fk_deployed_model_versions_version_artifact FOREIGN KEY (model_version_id, checkpoint_artifact_id) REFERENCES model_versions (id, checkpoint_artifact_id) ON DELETE RESTRICT",,,Campo checkpoint_artifact_id de deployed_model_versions.
deployed_model_versions,threshold_calibration_id,uuid,YES,,,"fk_deployed_model_versions_threshold_version: CONSTRAINT fk_deployed_model_versions_threshold_version FOREIGN KEY (threshold_calibration_id, model_version_id) REFERENCES run_threshold_calibration (run_threshold_calibration_id, model_version_id) ON DELETE RESTRICT",,,Campo threshold_calibration_id de deployed_model_versions.
deployed_model_versions,deployment_name,text,NO,,,,"uq_deployed_model_versions_active_slot: CREATE UNIQUE INDEX uq_deployed_model_versions_active_slot ON public.deployed_model_versions (deployment_name, environment, alias) WHERE status = CAST('active' AS text)",chk_deployed_model_versions_names: CONSTRAINT chk_deployed_model_versions_names CHECK (btrim(deployment_name) <> CAST('' AS text) AND btrim(environment) <> CAST('' AS text) AND btrim(alias) <> CAST('' AS text)),Campo deployment_name de deployed_model_versions.
deployed_model_versions,environment,text,NO,,,,"uq_deployed_model_versions_active_slot: CREATE UNIQUE INDEX uq_deployed_model_versions_active_slot ON public.deployed_model_versions (deployment_name, environment, alias) WHERE status = CAST('active' AS text) | uq_deployed_model_versions_one_production_champion: CREATE UNIQUE INDEX uq_deployed_model_versions_one_production_champion ON public.deployed_model_versions (environment, alias) WHERE status = CAST('active' AS text) AND environment = CAST('production' AS text) AND alias = CAST('champion' AS text)",chk_deployed_model_versions_names: CONSTRAINT chk_deployed_model_versions_names CHECK (btrim(deployment_name) <> CAST('' AS text) AND btrim(environment) <> CAST('' AS text) AND btrim(alias) <> CAST('' AS text)),Campo environment de deployed_model_versions.
deployed_model_versions,alias,text,NO,,,,"uq_deployed_model_versions_active_slot: CREATE UNIQUE INDEX uq_deployed_model_versions_active_slot ON public.deployed_model_versions (deployment_name, environment, alias) WHERE status = CAST('active' AS text) | uq_deployed_model_versions_one_production_champion: CREATE UNIQUE INDEX uq_deployed_model_versions_one_production_champion ON public.deployed_model_versions (environment, alias) WHERE status = CAST('active' AS text) AND environment = CAST('production' AS text) AND alias = CAST('champion' AS text)",chk_deployed_model_versions_names: CONSTRAINT chk_deployed_model_versions_names CHECK (btrim(deployment_name) <> CAST('' AS text) AND btrim(environment) <> CAST('' AS text) AND btrim(alias) <> CAST('' AS text)),Campo alias de deployed_model_versions.
deployed_model_versions,artifact_sha256,text,NO,,,,,chk_deployed_model_versions_sha256: CONSTRAINT chk_deployed_model_versions_sha256 CHECK (artifact_sha256 ~ CAST('^[0-9a-f]{64}$' AS text)),"Campo artifact_sha256 de deployed_model_versions. Identidad/procedencia; conservar valor y representación canónica original, sin recalcular al transferir."
deployed_model_versions,artifact_size_bytes,bigint,YES,,,,,chk_deployed_model_versions_artifact_size: CONSTRAINT chk_deployed_model_versions_artifact_size CHECK (artifact_size_bytes IS NULL OR artifact_size_bytes >= 0),Campo artifact_size_bytes de deployed_model_versions.
deployed_model_versions,threshold_value,numeric,NO,,,,,chk_deployed_model_versions_threshold: CONSTRAINT chk_deployed_model_versions_threshold CHECK (threshold_value >= CAST(0 AS numeric) AND threshold_value <= CAST(1 AS numeric)),Campo threshold_value de deployed_model_versions.
deployed_model_versions,threshold_profile_snapshot,jsonb,NO,CAST('{}' AS jsonb),,,,chk_deployed_model_versions_snapshots: CONSTRAINT chk_deployed_model_versions_snapshots CHECK (jsonb_typeof(threshold_profile_snapshot) = CAST('object' AS text) AND jsonb_typeof(preprocessing_profile_snapshot) = CAST('object' AS text) AND jsonb_typeof(image_quality_policy_snapshot) = CAST('object' AS text) AND jsonb_typeof(label_mapping_snapshot) = CAST('object' AS text) AND jsonb_typeof(metadata) = CAST('object' AS text)),"Campo threshold_profile_snapshot de deployed_model_versions. Snapshot, parámetros extensibles o metadatos variables; no sustituye las FK ni columnas tipadas. Canonical/hash preserva los bytes de origen cuando aplica."
deployed_model_versions,preprocessing_profile_snapshot,jsonb,NO,CAST('{}' AS jsonb),,,,chk_deployed_model_versions_snapshots: CONSTRAINT chk_deployed_model_versions_snapshots CHECK (jsonb_typeof(threshold_profile_snapshot) = CAST('object' AS text) AND jsonb_typeof(preprocessing_profile_snapshot) = CAST('object' AS text) AND jsonb_typeof(image_quality_policy_snapshot) = CAST('object' AS text) AND jsonb_typeof(label_mapping_snapshot) = CAST('object' AS text) AND jsonb_typeof(metadata) = CAST('object' AS text)),"Campo preprocessing_profile_snapshot de deployed_model_versions. Snapshot, parámetros extensibles o metadatos variables; no sustituye las FK ni columnas tipadas. Canonical/hash preserva los bytes de origen cuando aplica."
deployed_model_versions,image_quality_policy_snapshot,jsonb,NO,CAST('{}' AS jsonb),,,,chk_deployed_model_versions_snapshots: CONSTRAINT chk_deployed_model_versions_snapshots CHECK (jsonb_typeof(threshold_profile_snapshot) = CAST('object' AS text) AND jsonb_typeof(preprocessing_profile_snapshot) = CAST('object' AS text) AND jsonb_typeof(image_quality_policy_snapshot) = CAST('object' AS text) AND jsonb_typeof(label_mapping_snapshot) = CAST('object' AS text) AND jsonb_typeof(metadata) = CAST('object' AS text)),"Campo image_quality_policy_snapshot de deployed_model_versions. Snapshot, parámetros extensibles o metadatos variables; no sustituye las FK ni columnas tipadas. Canonical/hash preserva los bytes de origen cuando aplica."
deployed_model_versions,label_mapping_snapshot,jsonb,NO,CAST('{}' AS jsonb),,,,"chk_deployed_model_versions_active_mapping: CONSTRAINT chk_deployed_model_versions_active_mapping CHECK (status <> CAST('active' AS text) OR label_mapping_snapshot @> CAST('{""0"": ""uninfected"", ""1"": ""parasitized""}' AS jsonb)) | chk_deployed_model_versions_snapshots: CONSTRAINT chk_deployed_model_versions_snapshots CHECK (jsonb_typeof(threshold_profile_snapshot) = CAST('object' AS text) AND jsonb_typeof(preprocessing_profile_snapshot) = CAST('object' AS text) AND jsonb_typeof(image_quality_policy_snapshot) = CAST('object' AS text) AND jsonb_typeof(label_mapping_snapshot) = CAST('object' AS text) AND jsonb_typeof(metadata) = CAST('object' AS text))","Campo label_mapping_snapshot de deployed_model_versions. Snapshot, parámetros extensibles o metadatos variables; no sustituye las FK ni columnas tipadas. Canonical/hash preserva los bytes de origen cuando aplica."
deployed_model_versions,positive_label,text,NO,CAST('parasitized' AS text),,,,chk_deployed_model_versions_clinical_convention: CONSTRAINT chk_deployed_model_versions_clinical_convention CHECK (positive_label = CAST('parasitized' AS text) AND score_name = CAST('probability_parasitized' AS text)),Campo positive_label de deployed_model_versions.
deployed_model_versions,score_name,text,NO,CAST('probability_parasitized' AS text),,,,chk_deployed_model_versions_clinical_convention: CONSTRAINT chk_deployed_model_versions_clinical_convention CHECK (positive_label = CAST('parasitized' AS text) AND score_name = CAST('probability_parasitized' AS text)),Campo score_name de deployed_model_versions.
deployed_model_versions,status,text,NO,CAST('pending' AS text),,,,"chk_deployed_model_versions_active_mapping: CONSTRAINT chk_deployed_model_versions_active_mapping CHECK (status <> CAST('active' AS text) OR label_mapping_snapshot @> CAST('{""0"": ""uninfected"", ""1"": ""parasitized""}' AS jsonb)) | chk_deployed_model_versions_active_timestamps: CONSTRAINT chk_deployed_model_versions_active_timestamps CHECK (status <> CAST('active' AS text) OR (deployed_at IS NOT NULL AND retired_at IS NULL AND NULLIF(btrim(deployed_by), CAST('' AS text)) IS NOT NULL)) | chk_deployed_model_versions_retired_timestamp: CONSTRAINT chk_deployed_model_versions_retired_timestamp CHECK (status <> CAST('retired' AS text) OR retired_at IS NOT NULL) | chk_deployed_model_versions_status: CONSTRAINT chk_deployed_model_versions_status CHECK (status = ANY(ARRAY[CAST('pending' AS text), CAST('active' AS text), CAST('inactive' AS text), CAST('retired' AS text), CAST('failed' AS text)]))",Campo status de deployed_model_versions.
deployed_model_versions,supersedes_deployment_id,uuid,YES,,,fk_deployed_model_versions_supersedes: CONSTRAINT fk_deployed_model_versions_supersedes FOREIGN KEY (supersedes_deployment_id) REFERENCES deployed_model_versions (id) ON DELETE RESTRICT,,chk_deployed_model_versions_distinct_history: CONSTRAINT chk_deployed_model_versions_distinct_history CHECK ((supersedes_deployment_id IS NULL OR supersedes_deployment_id <> id) AND (rollback_of_deployment_id IS NULL OR rollback_of_deployment_id <> id)),Campo supersedes_deployment_id de deployed_model_versions.
deployed_model_versions,rollback_of_deployment_id,uuid,YES,,,fk_deployed_model_versions_rollback: CONSTRAINT fk_deployed_model_versions_rollback FOREIGN KEY (rollback_of_deployment_id) REFERENCES deployed_model_versions (id) ON DELETE RESTRICT,,chk_deployed_model_versions_distinct_history: CONSTRAINT chk_deployed_model_versions_distinct_history CHECK ((supersedes_deployment_id IS NULL OR supersedes_deployment_id <> id) AND (rollback_of_deployment_id IS NULL OR rollback_of_deployment_id <> id)),Campo rollback_of_deployment_id de deployed_model_versions.
deployed_model_versions,deployed_at,timestamp with time zone,YES,,,,,"chk_deployed_model_versions_active_timestamps: CONSTRAINT chk_deployed_model_versions_active_timestamps CHECK (status <> CAST('active' AS text) OR (deployed_at IS NOT NULL AND retired_at IS NULL AND NULLIF(btrim(deployed_by), CAST('' AS text)) IS NOT NULL)) | chk_deployed_model_versions_timestamp_order: CONSTRAINT chk_deployed_model_versions_timestamp_order CHECK (retired_at IS NULL OR deployed_at IS NULL OR retired_at >= deployed_at)",Campo deployed_at de deployed_model_versions. Auditoría temporal del evento indicado; sin actualización automática salvo trigger explícito.
deployed_model_versions,retired_at,timestamp with time zone,YES,,,,,"chk_deployed_model_versions_active_timestamps: CONSTRAINT chk_deployed_model_versions_active_timestamps CHECK (status <> CAST('active' AS text) OR (deployed_at IS NOT NULL AND retired_at IS NULL AND NULLIF(btrim(deployed_by), CAST('' AS text)) IS NOT NULL)) | chk_deployed_model_versions_retired_timestamp: CONSTRAINT chk_deployed_model_versions_retired_timestamp CHECK (status <> CAST('retired' AS text) OR retired_at IS NOT NULL) | chk_deployed_model_versions_timestamp_order: CONSTRAINT chk_deployed_model_versions_timestamp_order CHECK (retired_at IS NULL OR deployed_at IS NULL OR retired_at >= deployed_at)",Campo retired_at de deployed_model_versions. Auditoría temporal del evento indicado; sin actualización automática salvo trigger explícito.
deployed_model_versions,deployed_by,text,YES,,,,,"chk_deployed_model_versions_active_timestamps: CONSTRAINT chk_deployed_model_versions_active_timestamps CHECK (status <> CAST('active' AS text) OR (deployed_at IS NOT NULL AND retired_at IS NULL AND NULLIF(btrim(deployed_by), CAST('' AS text)) IS NOT NULL))",Campo deployed_by de deployed_model_versions.
deployed_model_versions,retired_by,text,YES,,,,,,Campo retired_by de deployed_model_versions.
deployed_model_versions,deployment_reason,text,YES,,,,,,Campo deployment_reason de deployed_model_versions.
deployed_model_versions,retirement_reason,text,YES,,,,,,Campo retirement_reason de deployed_model_versions.
deployed_model_versions,created_at,timestamp with time zone,NO,now(),,,,,Campo created_at de deployed_model_versions. Auditoría temporal del evento indicado; sin actualización automática salvo trigger explícito.
deployed_model_versions,metadata,jsonb,NO,CAST('{}' AS jsonb),,,,chk_deployed_model_versions_snapshots: CONSTRAINT chk_deployed_model_versions_snapshots CHECK (jsonb_typeof(threshold_profile_snapshot) = CAST('object' AS text) AND jsonb_typeof(preprocessing_profile_snapshot) = CAST('object' AS text) AND jsonb_typeof(image_quality_policy_snapshot) = CAST('object' AS text) AND jsonb_typeof(label_mapping_snapshot) = CAST('object' AS text) AND jsonb_typeof(metadata) = CAST('object' AS text)),"Campo metadata de deployed_model_versions. Snapshot, parámetros extensibles o metadatos variables; no sustituye las FK ni columnas tipadas. Canonical/hash preserva los bytes de origen cuando aplica."
environment_packages,id,uuid,NO,pg_catalog.gen_random_uuid(),YES,,,,Campo id de environment_packages.
environment_packages,run_id,uuid,YES,,,environment_packages_run_id_fkey: CONSTRAINT environment_packages_run_id_fkey FOREIGN KEY (run_id) REFERENCES runs (id) ON DELETE RESTRICT,,,Campo run_id de environment_packages.
environment_packages,package_name,text,NO,,,,,,Campo package_name de environment_packages.
environment_packages,package_version,text,YES,,,,,,Campo package_version de environment_packages.
environment_packages,created_at,timestamp with time zone,YES,now(),,,,,Campo created_at de environment_packages. Auditoría temporal del evento indicado; sin actualización automática salvo trigger explícito.
errors,id,uuid,NO,pg_catalog.gen_random_uuid(),YES,,,,Campo id de errors.
errors,run_id,uuid,YES,,,errors_run_id_fkey: CONSTRAINT errors_run_id_fkey FOREIGN KEY (run_id) REFERENCES runs (id) ON DELETE RESTRICT,,,Campo run_id de errors.
errors,error_type,text,YES,,,,,,Campo error_type de errors.
errors,error_message,text,YES,,,,,,Campo error_message de errors.
errors,stack_trace,text,YES,,,,,,Campo stack_trace de errors.
errors,script_name,text,YES,,,,,,Campo script_name de errors.
errors,created_at,timestamp with time zone,YES,now(),,,,,Campo created_at de errors. Auditoría temporal del evento indicado; sin actualización automática salvo trigger explícito.
errors,metadata,jsonb,YES,CAST('{}' AS jsonb),,,,,"Campo metadata de errors. Snapshot, parámetros extensibles o metadatos variables; no sustituye las FK ni columnas tipadas. Canonical/hash preserva los bytes de origen cuando aplica."
evaluation_ensemble_members,evaluation_id,uuid,NO,,YES,v2_evaluation_ensemble_members_foreign_a402d28a70f6: CONSTRAINT v2_evaluation_ensemble_members_foreign_a402d28a70f6 FOREIGN KEY (evaluation_id) REFERENCES public.evaluations (id) ON DELETE RESTRICT,"v2_evaluation_ensemble_members_unique_3a2092158e31: CONSTRAINT v2_evaluation_ensemble_members_unique_3a2092158e31 UNIQUE (evaluation_id, model_version_id)",,Campo evaluation_id de evaluation_ensemble_members.
evaluation_ensemble_members,ordinal,integer,NO,,YES,,,v2_evaluation_ensemble_members_check_967aa2df2b88: CONSTRAINT v2_evaluation_ensemble_members_check_967aa2df2b88 CHECK (ordinal >= 0),Campo ordinal de evaluation_ensemble_members.
evaluation_ensemble_members,model_version_id,uuid,NO,,,v2_evaluation_ensemble_members_foreign_b946b2b207f3: CONSTRAINT v2_evaluation_ensemble_members_foreign_b946b2b207f3 FOREIGN KEY (model_version_id) REFERENCES public.model_versions (id) ON DELETE RESTRICT,"v2_evaluation_ensemble_members_unique_3a2092158e31: CONSTRAINT v2_evaluation_ensemble_members_unique_3a2092158e31 UNIQUE (evaluation_id, model_version_id)",,Campo model_version_id de evaluation_ensemble_members.
evaluation_ensemble_members,checkpoint_artifact_id,uuid,NO,,,v2_evaluation_ensemble_members_foreign_6aec504c7a2f: CONSTRAINT v2_evaluation_ensemble_members_foreign_6aec504c7a2f FOREIGN KEY (checkpoint_artifact_id) REFERENCES public.artifacts (id) ON DELETE RESTRICT,,,Campo checkpoint_artifact_id de evaluation_ensemble_members.
evaluation_ensemble_members,weight,numeric,NO,,,,,v2_evaluation_ensemble_members_check_32cd0f122db1: CONSTRAINT v2_evaluation_ensemble_members_check_32cd0f122db1 CHECK (weight > 0 AND weight < CAST('Infinity' AS numeric)),Campo weight de evaluation_ensemble_members.
evaluations,id,uuid,NO,gen_random_uuid(),YES,,"v2_evaluations_unique_927a8d4fe69d: CONSTRAINT v2_evaluations_unique_927a8d4fe69d UNIQUE (id, run_id)",,Campo id de evaluations.
evaluations,run_id,uuid,NO,,,"fk_evaluation_e10_record: CONSTRAINT fk_evaluation_e10_record FOREIGN KEY (run_id, event_kind, event_phase, event_key) REFERENCES public.train_execution_records (run_id, kind, phase, record_key) DEFERRABLE INITIALLY DEFERRED | v2_evaluations_foreign_db5338c19de4: CONSTRAINT v2_evaluations_foreign_db5338c19de4 FOREIGN KEY (run_id) REFERENCES public.runs (id) ON DELETE RESTRICT","v2_evaluations_unique_2b29f071653b: CONSTRAINT v2_evaluations_unique_2b29f071653b UNIQUE (run_id, source_kind, source_record_phase, source_record_key) | v2_evaluations_unique_927a8d4fe69d: CONSTRAINT v2_evaluations_unique_927a8d4fe69d UNIQUE (id, run_id) | uq_evaluation_final_training: CREATE UNIQUE INDEX uq_evaluation_final_training ON public.evaluations (run_id) WHERE evaluation_role = 'training_validation_final' | uq_e04_contract_role: CREATE UNIQUE INDEX uq_e04_contract_role ON public.evaluations (run_id, training_run_id, model_version_id, checkpoint_artifact_id, dataset_version_id, population_hash, protocol_version, protocol_hash, input_contract_hash, evaluation_role) WHERE source_kind = 'e10' AND evaluation_role IN ('calibration_default', 'calibration_selected') NULLS NOT DISTINCT",v2_evaluations_check_08204f883325: CONSTRAINT v2_evaluations_check_08204f883325 CHECK (evaluation_role <> 'training_validation_final' OR run_id = training_run_id),Campo run_id de evaluations.
evaluations,training_run_id,uuid,NO,,,"v2_evaluations_foreign_4e6a43d876af: CONSTRAINT v2_evaluations_foreign_4e6a43d876af FOREIGN KEY (training_run_id) REFERENCES public.runs (id) ON DELETE RESTRICT | v2_evaluations_foreign_6cfcdf2998f5: CONSTRAINT v2_evaluations_foreign_6cfcdf2998f5 FOREIGN KEY (model_version_id, training_run_id) REFERENCES public.model_versions (id, training_run_id) ON DELETE RESTRICT","uq_e04_contract_role: CREATE UNIQUE INDEX uq_e04_contract_role ON public.evaluations (run_id, training_run_id, model_version_id, checkpoint_artifact_id, dataset_version_id, population_hash, protocol_version, protocol_hash, input_contract_hash, evaluation_role) WHERE source_kind = 'e10' AND evaluation_role IN ('calibration_default', 'calibration_selected') NULLS NOT DISTINCT",v2_evaluations_check_08204f883325: CONSTRAINT v2_evaluations_check_08204f883325 CHECK (evaluation_role <> 'training_validation_final' OR run_id = training_run_id),Campo training_run_id de evaluations.
evaluations,model_version_id,uuid,YES,,,"v2_evaluations_foreign_6cfcdf2998f5: CONSTRAINT v2_evaluations_foreign_6cfcdf2998f5 FOREIGN KEY (model_version_id, training_run_id) REFERENCES public.model_versions (id, training_run_id) ON DELETE RESTRICT","uq_e04_contract_role: CREATE UNIQUE INDEX uq_e04_contract_role ON public.evaluations (run_id, training_run_id, model_version_id, checkpoint_artifact_id, dataset_version_id, population_hash, protocol_version, protocol_hash, input_contract_hash, evaluation_role) WHERE source_kind = 'e10' AND evaluation_role IN ('calibration_default', 'calibration_selected') NULLS NOT DISTINCT",,Campo model_version_id de evaluations.
evaluations,checkpoint_artifact_id,uuid,YES,,,v2_evaluations_foreign_6aec504c7a2f: CONSTRAINT v2_evaluations_foreign_6aec504c7a2f FOREIGN KEY (checkpoint_artifact_id) REFERENCES public.artifacts (id) ON DELETE RESTRICT,"uq_e04_contract_role: CREATE UNIQUE INDEX uq_e04_contract_role ON public.evaluations (run_id, training_run_id, model_version_id, checkpoint_artifact_id, dataset_version_id, population_hash, protocol_version, protocol_hash, input_contract_hash, evaluation_role) WHERE source_kind = 'e10' AND evaluation_role IN ('calibration_default', 'calibration_selected') NULLS NOT DISTINCT",v2_evaluations_check_3df12c5495af: CONSTRAINT v2_evaluations_check_3df12c5495af CHECK (subject_kind = 'ensemble' OR checkpoint_artifact_id IS NOT NULL),Campo checkpoint_artifact_id de evaluations.
evaluations,dataset_version_id,uuid,NO,,,"v2_evaluations_foreign_14b20ff24e12: CONSTRAINT v2_evaluations_foreign_14b20ff24e12 FOREIGN KEY (dataset_version_id) REFERENCES public.dataset_versions (id) ON DELETE RESTRICT | fk_v2_evaluation_dataset_origin: CONSTRAINT fk_v2_evaluation_dataset_origin FOREIGN KEY (dataset_version_id, dataset_origin_id, dataset_origin_role) REFERENCES public.dataset_version_sources (dataset_version_id, dataset_id, role) ON DELETE RESTRICT","uq_e04_contract_role: CREATE UNIQUE INDEX uq_e04_contract_role ON public.evaluations (run_id, training_run_id, model_version_id, checkpoint_artifact_id, dataset_version_id, population_hash, protocol_version, protocol_hash, input_contract_hash, evaluation_role) WHERE source_kind = 'e10' AND evaluation_role IN ('calibration_default', 'calibration_selected') NULLS NOT DISTINCT",,Campo dataset_version_id de evaluations.
evaluations,split,text,NO,,,,,"v2_evaluations_check_c2a936c0d6c6: CONSTRAINT v2_evaluations_check_c2a936c0d6c6 CHECK (split IN ('train', 'val', 'test', 'external')) | ck_v2_evaluation_scope: CONSTRAINT ck_v2_evaluation_scope CHECK ((split = 'test' AND purpose = 'final' AND evaluation_role = 'final_test') OR (split IN ('train', 'val') AND purpose = 'development' AND evaluation_role IN ('training_validation_final', 'development', 'calibration_default', 'calibration_selected')) OR (split = 'external' AND purpose = 'complementary' AND evaluation_role = 'external_complementary')) | ck_v2_external_provenance: CONSTRAINT ck_v2_external_provenance CHECK (split <> 'external' OR (dataset_origin_id IS NOT NULL AND dataset_origin_role IS NOT NULL AND population_manifest_uri IS NOT NULL AND length(btrim(population_manifest_uri)) > 0 AND population_manifest_sha256 IS NOT NULL AND population_manifest_sha256 ~ '^[0-9a-f]{64}$' AND dataset_provenance_uri IS NOT NULL AND length(btrim(dataset_provenance_uri)) > 0 AND dataset_provenance_sha256 IS NOT NULL AND dataset_provenance_sha256 ~ '^[0-9a-f]{64}$' AND source_kind IN ('legacy', 'external_record') AND length(btrim(source_record_key)) > 0 AND length(btrim(source_record_phase)) > 0)) | ck_v2_external_source: CONSTRAINT ck_v2_external_source CHECK (source_kind <> 'external_record' OR split = 'external') | v2_evaluations_check_a359e10954fc: CONSTRAINT v2_evaluations_check_a359e10954fc CHECK (evaluation_role NOT IN ('training_validation_final', 'calibration_default', 'calibration_selected') OR split = 'val') | v2_evaluations_check_58c667b93f11: CONSTRAINT v2_evaluations_check_58c667b93f11 CHECK (split <> 'test' OR source_kind = 'assessment')",Campo split de evaluations.
evaluations,evaluation_role,text,NO,,,,"uq_e04_event_role: CREATE UNIQUE INDEX uq_e04_event_role ON public.evaluations (source_event_id, evaluation_role) WHERE source_kind = 'e10' AND evaluation_role IN ('calibration_default', 'calibration_selected') | uq_e04_contract_role: CREATE UNIQUE INDEX uq_e04_contract_role ON public.evaluations (run_id, training_run_id, model_version_id, checkpoint_artifact_id, dataset_version_id, population_hash, protocol_version, protocol_hash, input_contract_hash, evaluation_role) WHERE source_kind = 'e10' AND evaluation_role IN ('calibration_default', 'calibration_selected') NULLS NOT DISTINCT","ck_e04_selected_source: CONSTRAINT ck_e04_selected_source CHECK (source_kind <> 'e10' OR evaluation_role <> 'calibration_selected' OR (threshold_source = 'validation_calibration' AND calibration_id IS NOT NULL)) | ck_e04_default_source: CONSTRAINT ck_e04_default_source CHECK (source_kind <> 'e10' OR evaluation_role <> 'calibration_default' OR (threshold_source = 'default' AND threshold_used = 0.5 AND calibration_id IS NULL)) | v2_evaluations_check_6d2ae4a2559c: CONSTRAINT v2_evaluations_check_6d2ae4a2559c CHECK (evaluation_role IN ('training_validation_final', 'development', 'final_test', 'calibration_default', 'calibration_selected', 'external_complementary')) | ck_v2_evaluation_scope: CONSTRAINT ck_v2_evaluation_scope CHECK ((split = 'test' AND purpose = 'final' AND evaluation_role = 'final_test') OR (split IN ('train', 'val') AND purpose = 'development' AND evaluation_role IN ('training_validation_final', 'development', 'calibration_default', 'calibration_selected')) OR (split = 'external' AND purpose = 'complementary' AND evaluation_role = 'external_complementary')) | v2_evaluations_check_a359e10954fc: CONSTRAINT v2_evaluations_check_a359e10954fc CHECK (evaluation_role NOT IN ('training_validation_final', 'calibration_default', 'calibration_selected') OR split = 'val') | v2_evaluations_check_28938a6edbaa: CONSTRAINT v2_evaluations_check_28938a6edbaa CHECK (source_kind <> 'e10' OR evaluation_role IN ('training_validation_final', 'calibration_default', 'calibration_selected')) | v2_evaluations_check_08204f883325: CONSTRAINT v2_evaluations_check_08204f883325 CHECK (evaluation_role <> 'training_validation_final' OR run_id = training_run_id)",Campo evaluation_role de evaluations.
evaluations,purpose,text,NO,,,,,"v2_evaluations_check_114e1e7e39d4: CONSTRAINT v2_evaluations_check_114e1e7e39d4 CHECK (purpose IN ('development', 'final', 'complementary')) | ck_v2_evaluation_scope: CONSTRAINT ck_v2_evaluation_scope CHECK ((split = 'test' AND purpose = 'final' AND evaluation_role = 'final_test') OR (split IN ('train', 'val') AND purpose = 'development' AND evaluation_role IN ('training_validation_final', 'development', 'calibration_default', 'calibration_selected')) OR (split = 'external' AND purpose = 'complementary' AND evaluation_role = 'external_complementary'))",Campo purpose de evaluations.
evaluations,dataset_origin_id,uuid,YES,,,"fk_v2_evaluation_dataset_origin: CONSTRAINT fk_v2_evaluation_dataset_origin FOREIGN KEY (dataset_version_id, dataset_origin_id, dataset_origin_role) REFERENCES public.dataset_version_sources (dataset_version_id, dataset_id, role) ON DELETE RESTRICT",,"ck_v2_external_provenance: CONSTRAINT ck_v2_external_provenance CHECK (split <> 'external' OR (dataset_origin_id IS NOT NULL AND dataset_origin_role IS NOT NULL AND population_manifest_uri IS NOT NULL AND length(btrim(population_manifest_uri)) > 0 AND population_manifest_sha256 IS NOT NULL AND population_manifest_sha256 ~ '^[0-9a-f]{64}$' AND dataset_provenance_uri IS NOT NULL AND length(btrim(dataset_provenance_uri)) > 0 AND dataset_provenance_sha256 IS NOT NULL AND dataset_provenance_sha256 ~ '^[0-9a-f]{64}$' AND source_kind IN ('legacy', 'external_record') AND length(btrim(source_record_key)) > 0 AND length(btrim(source_record_phase)) > 0))",Campo dataset_origin_id de evaluations.
evaluations,dataset_origin_role,text,YES,,,"fk_v2_evaluation_dataset_origin: CONSTRAINT fk_v2_evaluation_dataset_origin FOREIGN KEY (dataset_version_id, dataset_origin_id, dataset_origin_role) REFERENCES public.dataset_version_sources (dataset_version_id, dataset_id, role) ON DELETE RESTRICT",,"ck_v2_external_provenance: CONSTRAINT ck_v2_external_provenance CHECK (split <> 'external' OR (dataset_origin_id IS NOT NULL AND dataset_origin_role IS NOT NULL AND population_manifest_uri IS NOT NULL AND length(btrim(population_manifest_uri)) > 0 AND population_manifest_sha256 IS NOT NULL AND population_manifest_sha256 ~ '^[0-9a-f]{64}$' AND dataset_provenance_uri IS NOT NULL AND length(btrim(dataset_provenance_uri)) > 0 AND dataset_provenance_sha256 IS NOT NULL AND dataset_provenance_sha256 ~ '^[0-9a-f]{64}$' AND source_kind IN ('legacy', 'external_record') AND length(btrim(source_record_key)) > 0 AND length(btrim(source_record_phase)) > 0))",Campo dataset_origin_role de evaluations.
evaluations,population_manifest_uri,text,YES,,,,,"ck_v2_external_provenance: CONSTRAINT ck_v2_external_provenance CHECK (split <> 'external' OR (dataset_origin_id IS NOT NULL AND dataset_origin_role IS NOT NULL AND population_manifest_uri IS NOT NULL AND length(btrim(population_manifest_uri)) > 0 AND population_manifest_sha256 IS NOT NULL AND population_manifest_sha256 ~ '^[0-9a-f]{64}$' AND dataset_provenance_uri IS NOT NULL AND length(btrim(dataset_provenance_uri)) > 0 AND dataset_provenance_sha256 IS NOT NULL AND dataset_provenance_sha256 ~ '^[0-9a-f]{64}$' AND source_kind IN ('legacy', 'external_record') AND length(btrim(source_record_key)) > 0 AND length(btrim(source_record_phase)) > 0))",Campo population_manifest_uri de evaluations.
evaluations,population_manifest_sha256,text,YES,,,,,"ck_v2_external_provenance: CONSTRAINT ck_v2_external_provenance CHECK (split <> 'external' OR (dataset_origin_id IS NOT NULL AND dataset_origin_role IS NOT NULL AND population_manifest_uri IS NOT NULL AND length(btrim(population_manifest_uri)) > 0 AND population_manifest_sha256 IS NOT NULL AND population_manifest_sha256 ~ '^[0-9a-f]{64}$' AND dataset_provenance_uri IS NOT NULL AND length(btrim(dataset_provenance_uri)) > 0 AND dataset_provenance_sha256 IS NOT NULL AND dataset_provenance_sha256 ~ '^[0-9a-f]{64}$' AND source_kind IN ('legacy', 'external_record') AND length(btrim(source_record_key)) > 0 AND length(btrim(source_record_phase)) > 0))","Campo population_manifest_sha256 de evaluations. Identidad/procedencia; conservar valor y representación canónica original, sin recalcular al transferir."
evaluations,dataset_provenance_uri,text,YES,,,,,"ck_v2_external_provenance: CONSTRAINT ck_v2_external_provenance CHECK (split <> 'external' OR (dataset_origin_id IS NOT NULL AND dataset_origin_role IS NOT NULL AND population_manifest_uri IS NOT NULL AND length(btrim(population_manifest_uri)) > 0 AND population_manifest_sha256 IS NOT NULL AND population_manifest_sha256 ~ '^[0-9a-f]{64}$' AND dataset_provenance_uri IS NOT NULL AND length(btrim(dataset_provenance_uri)) > 0 AND dataset_provenance_sha256 IS NOT NULL AND dataset_provenance_sha256 ~ '^[0-9a-f]{64}$' AND source_kind IN ('legacy', 'external_record') AND length(btrim(source_record_key)) > 0 AND length(btrim(source_record_phase)) > 0))",Campo dataset_provenance_uri de evaluations.
evaluations,dataset_provenance_sha256,text,YES,,,,,"ck_v2_external_provenance: CONSTRAINT ck_v2_external_provenance CHECK (split <> 'external' OR (dataset_origin_id IS NOT NULL AND dataset_origin_role IS NOT NULL AND population_manifest_uri IS NOT NULL AND length(btrim(population_manifest_uri)) > 0 AND population_manifest_sha256 IS NOT NULL AND population_manifest_sha256 ~ '^[0-9a-f]{64}$' AND dataset_provenance_uri IS NOT NULL AND length(btrim(dataset_provenance_uri)) > 0 AND dataset_provenance_sha256 IS NOT NULL AND dataset_provenance_sha256 ~ '^[0-9a-f]{64}$' AND source_kind IN ('legacy', 'external_record') AND length(btrim(source_record_key)) > 0 AND length(btrim(source_record_phase)) > 0))","Campo dataset_provenance_sha256 de evaluations. Identidad/procedencia; conservar valor y representación canónica original, sin recalcular al transferir."
evaluations,subject_kind,text,NO,,,,,"v2_evaluations_check_b5ea10e3edba: CONSTRAINT v2_evaluations_check_b5ea10e3edba CHECK (subject_kind IN ('single', 'ensemble')) | v2_evaluations_check_3df12c5495af: CONSTRAINT v2_evaluations_check_3df12c5495af CHECK (subject_kind = 'ensemble' OR checkpoint_artifact_id IS NOT NULL)",Campo subject_kind de evaluations.
evaluations,protocol_version,text,NO,,,,"uq_e04_contract_role: CREATE UNIQUE INDEX uq_e04_contract_role ON public.evaluations (run_id, training_run_id, model_version_id, checkpoint_artifact_id, dataset_version_id, population_hash, protocol_version, protocol_hash, input_contract_hash, evaluation_role) WHERE source_kind = 'e10' AND evaluation_role IN ('calibration_default', 'calibration_selected') NULLS NOT DISTINCT",,Campo protocol_version de evaluations.
evaluations,protocol_hash,text,NO,,,,"uq_e04_contract_role: CREATE UNIQUE INDEX uq_e04_contract_role ON public.evaluations (run_id, training_run_id, model_version_id, checkpoint_artifact_id, dataset_version_id, population_hash, protocol_version, protocol_hash, input_contract_hash, evaluation_role) WHERE source_kind = 'e10' AND evaluation_role IN ('calibration_default', 'calibration_selected') NULLS NOT DISTINCT",v2_evaluations_check_0652739ad678: CONSTRAINT v2_evaluations_check_0652739ad678 CHECK (protocol_hash ~ '^[0-9a-f]{64}$'),"Campo protocol_hash de evaluations. Identidad/procedencia; conservar valor y representación canónica original, sin recalcular al transferir."
evaluations,population_hash,text,NO,,,,"uq_e04_contract_role: CREATE UNIQUE INDEX uq_e04_contract_role ON public.evaluations (run_id, training_run_id, model_version_id, checkpoint_artifact_id, dataset_version_id, population_hash, protocol_version, protocol_hash, input_contract_hash, evaluation_role) WHERE source_kind = 'e10' AND evaluation_role IN ('calibration_default', 'calibration_selected') NULLS NOT DISTINCT",v2_evaluations_check_c13afae612b2: CONSTRAINT v2_evaluations_check_c13afae612b2 CHECK (population_hash ~ '^[0-9a-f]{64}$'),"Campo population_hash de evaluations. Identidad/procedencia; conservar valor y representación canónica original, sin recalcular al transferir."
evaluations,input_contract_hash,text,NO,,,,"uq_e04_contract_role: CREATE UNIQUE INDEX uq_e04_contract_role ON public.evaluations (run_id, training_run_id, model_version_id, checkpoint_artifact_id, dataset_version_id, population_hash, protocol_version, protocol_hash, input_contract_hash, evaluation_role) WHERE source_kind = 'e10' AND evaluation_role IN ('calibration_default', 'calibration_selected') NULLS NOT DISTINCT",v2_evaluations_check_b93d47c84570: CONSTRAINT v2_evaluations_check_b93d47c84570 CHECK (input_contract_hash ~ '^[0-9a-f]{64}$'),"Campo input_contract_hash de evaluations. Identidad/procedencia; conservar valor y representación canónica original, sin recalcular al transferir."
evaluations,comparison_contract_hash,text,NO,,,,,v2_evaluations_check_f337b5a1c02f: CONSTRAINT v2_evaluations_check_f337b5a1c02f CHECK (comparison_contract_hash ~ '^[0-9a-f]{64}$'),"Campo comparison_contract_hash de evaluations. Identidad/procedencia; conservar valor y representación canónica original, sin recalcular al transferir."
evaluations,protocol_snapshot,jsonb,NO,,,,,v2_evaluations_check_00fb2e80d9b2: CONSTRAINT v2_evaluations_check_00fb2e80d9b2 CHECK (jsonb_typeof(protocol_snapshot) = 'object'),"Campo protocol_snapshot de evaluations. Snapshot, parámetros extensibles o metadatos variables; no sustituye las FK ni columnas tipadas. Canonical/hash preserva los bytes de origen cuando aplica."
evaluations,source_kind,text,NO,,,,"v2_evaluations_unique_2b29f071653b: CONSTRAINT v2_evaluations_unique_2b29f071653b UNIQUE (run_id, source_kind, source_record_phase, source_record_key)","ck_e04_selected_source: CONSTRAINT ck_e04_selected_source CHECK (source_kind <> 'e10' OR evaluation_role <> 'calibration_selected' OR (threshold_source = 'validation_calibration' AND calibration_id IS NOT NULL)) | ck_e04_default_source: CONSTRAINT ck_e04_default_source CHECK (source_kind <> 'e10' OR evaluation_role <> 'calibration_default' OR (threshold_source = 'default' AND threshold_used = 0.5 AND calibration_id IS NULL)) | v2_evaluations_check_f1db93b69ab7: CONSTRAINT v2_evaluations_check_f1db93b69ab7 CHECK (source_kind IN ('e10', 'assessment', 'legacy', 'external_record')) | ck_v2_external_provenance: CONSTRAINT ck_v2_external_provenance CHECK (split <> 'external' OR (dataset_origin_id IS NOT NULL AND dataset_origin_role IS NOT NULL AND population_manifest_uri IS NOT NULL AND length(btrim(population_manifest_uri)) > 0 AND population_manifest_sha256 IS NOT NULL AND population_manifest_sha256 ~ '^[0-9a-f]{64}$' AND dataset_provenance_uri IS NOT NULL AND length(btrim(dataset_provenance_uri)) > 0 AND dataset_provenance_sha256 IS NOT NULL AND dataset_provenance_sha256 ~ '^[0-9a-f]{64}$' AND source_kind IN ('legacy', 'external_record') AND length(btrim(source_record_key)) > 0 AND length(btrim(source_record_phase)) > 0)) | ck_v2_external_source: CONSTRAINT ck_v2_external_source CHECK (source_kind <> 'external_record' OR split = 'external') | v2_evaluations_check_88394215eb49: CONSTRAINT v2_evaluations_check_88394215eb49 CHECK ((source_kind = 'e10' AND source_event_id IS NOT NULL AND source_assessment_attempt_id IS NULL) OR (source_kind = 'assessment' AND source_event_id IS NULL AND source_assessment_attempt_id IS NOT NULL) OR (source_kind IN ('legacy', 'external_record') AND source_event_id IS NULL AND source_assessment_attempt_id IS NULL)) | v2_evaluations_check_58c667b93f11: CONSTRAINT v2_evaluations_check_58c667b93f11 CHECK (split <> 'test' OR source_kind = 'assessment') | v2_evaluations_check_28938a6edbaa: CONSTRAINT v2_evaluations_check_28938a6edbaa CHECK (source_kind <> 'e10' OR evaluation_role IN ('training_validation_final', 'calibration_default', 'calibration_selected')) | v2_evaluations_check_3b1acb9be108: CONSTRAINT v2_evaluations_check_3b1acb9be108 CHECK ((source_kind = 'e10' AND event_kind = 'e10_event' AND event_phase = 'run_event_v1' AND event_key = CAST(source_event_id AS text) AND event_kind IS NOT NULL AND event_phase IS NOT NULL AND event_key IS NOT NULL) OR (source_kind <> 'e10' AND event_kind IS NULL AND event_phase IS NULL AND event_key IS NULL))",Campo source_kind de evaluations.
evaluations,source_record_key,text,NO,,,,"v2_evaluations_unique_2b29f071653b: CONSTRAINT v2_evaluations_unique_2b29f071653b UNIQUE (run_id, source_kind, source_record_phase, source_record_key)","ck_v2_external_provenance: CONSTRAINT ck_v2_external_provenance CHECK (split <> 'external' OR (dataset_origin_id IS NOT NULL AND dataset_origin_role IS NOT NULL AND population_manifest_uri IS NOT NULL AND length(btrim(population_manifest_uri)) > 0 AND population_manifest_sha256 IS NOT NULL AND population_manifest_sha256 ~ '^[0-9a-f]{64}$' AND dataset_provenance_uri IS NOT NULL AND length(btrim(dataset_provenance_uri)) > 0 AND dataset_provenance_sha256 IS NOT NULL AND dataset_provenance_sha256 ~ '^[0-9a-f]{64}$' AND source_kind IN ('legacy', 'external_record') AND length(btrim(source_record_key)) > 0 AND length(btrim(source_record_phase)) > 0))",Campo source_record_key de evaluations.
evaluations,source_record_phase,text,NO,,,,"v2_evaluations_unique_2b29f071653b: CONSTRAINT v2_evaluations_unique_2b29f071653b UNIQUE (run_id, source_kind, source_record_phase, source_record_key)","ck_v2_external_provenance: CONSTRAINT ck_v2_external_provenance CHECK (split <> 'external' OR (dataset_origin_id IS NOT NULL AND dataset_origin_role IS NOT NULL AND population_manifest_uri IS NOT NULL AND length(btrim(population_manifest_uri)) > 0 AND population_manifest_sha256 IS NOT NULL AND population_manifest_sha256 ~ '^[0-9a-f]{64}$' AND dataset_provenance_uri IS NOT NULL AND length(btrim(dataset_provenance_uri)) > 0 AND dataset_provenance_sha256 IS NOT NULL AND dataset_provenance_sha256 ~ '^[0-9a-f]{64}$' AND source_kind IN ('legacy', 'external_record') AND length(btrim(source_record_key)) > 0 AND length(btrim(source_record_phase)) > 0))",Campo source_record_phase de evaluations.
evaluations,source_event_id,uuid,YES,,,,"uq_e04_event_role: CREATE UNIQUE INDEX uq_e04_event_role ON public.evaluations (source_event_id, evaluation_role) WHERE source_kind = 'e10' AND evaluation_role IN ('calibration_default', 'calibration_selected')","v2_evaluations_check_88394215eb49: CONSTRAINT v2_evaluations_check_88394215eb49 CHECK ((source_kind = 'e10' AND source_event_id IS NOT NULL AND source_assessment_attempt_id IS NULL) OR (source_kind = 'assessment' AND source_event_id IS NULL AND source_assessment_attempt_id IS NOT NULL) OR (source_kind IN ('legacy', 'external_record') AND source_event_id IS NULL AND source_assessment_attempt_id IS NULL)) | v2_evaluations_check_3b1acb9be108: CONSTRAINT v2_evaluations_check_3b1acb9be108 CHECK ((source_kind = 'e10' AND event_kind = 'e10_event' AND event_phase = 'run_event_v1' AND event_key = CAST(source_event_id AS text) AND event_kind IS NOT NULL AND event_phase IS NOT NULL AND event_key IS NOT NULL) OR (source_kind <> 'e10' AND event_kind IS NULL AND event_phase IS NULL AND event_key IS NULL))",Campo source_event_id de evaluations.
evaluations,event_kind,text,YES,,,"fk_evaluation_e10_record: CONSTRAINT fk_evaluation_e10_record FOREIGN KEY (run_id, event_kind, event_phase, event_key) REFERENCES public.train_execution_records (run_id, kind, phase, record_key) DEFERRABLE INITIALLY DEFERRED",,v2_evaluations_check_3b1acb9be108: CONSTRAINT v2_evaluations_check_3b1acb9be108 CHECK ((source_kind = 'e10' AND event_kind = 'e10_event' AND event_phase = 'run_event_v1' AND event_key = CAST(source_event_id AS text) AND event_kind IS NOT NULL AND event_phase IS NOT NULL AND event_key IS NOT NULL) OR (source_kind <> 'e10' AND event_kind IS NULL AND event_phase IS NULL AND event_key IS NULL)),Campo event_kind de evaluations.
evaluations,event_phase,text,YES,,,"fk_evaluation_e10_record: CONSTRAINT fk_evaluation_e10_record FOREIGN KEY (run_id, event_kind, event_phase, event_key) REFERENCES public.train_execution_records (run_id, kind, phase, record_key) DEFERRABLE INITIALLY DEFERRED",,v2_evaluations_check_3b1acb9be108: CONSTRAINT v2_evaluations_check_3b1acb9be108 CHECK ((source_kind = 'e10' AND event_kind = 'e10_event' AND event_phase = 'run_event_v1' AND event_key = CAST(source_event_id AS text) AND event_kind IS NOT NULL AND event_phase IS NOT NULL AND event_key IS NOT NULL) OR (source_kind <> 'e10' AND event_kind IS NULL AND event_phase IS NULL AND event_key IS NULL)),Campo event_phase de evaluations.
evaluations,event_key,text,YES,,,"fk_evaluation_e10_record: CONSTRAINT fk_evaluation_e10_record FOREIGN KEY (run_id, event_kind, event_phase, event_key) REFERENCES public.train_execution_records (run_id, kind, phase, record_key) DEFERRABLE INITIALLY DEFERRED",,v2_evaluations_check_3b1acb9be108: CONSTRAINT v2_evaluations_check_3b1acb9be108 CHECK ((source_kind = 'e10' AND event_kind = 'e10_event' AND event_phase = 'run_event_v1' AND event_key = CAST(source_event_id AS text) AND event_kind IS NOT NULL AND event_phase IS NOT NULL AND event_key IS NOT NULL) OR (source_kind <> 'e10' AND event_kind IS NULL AND event_phase IS NULL AND event_key IS NULL)),Campo event_key de evaluations.
evaluations,source_assessment_attempt_id,uuid,YES,,,v2_evaluations_foreign_c764adede219: CONSTRAINT v2_evaluations_foreign_c764adede219 FOREIGN KEY (source_assessment_attempt_id) REFERENCES public.assessment_attempts (id) ON DELETE RESTRICT,,"v2_evaluations_check_88394215eb49: CONSTRAINT v2_evaluations_check_88394215eb49 CHECK ((source_kind = 'e10' AND source_event_id IS NOT NULL AND source_assessment_attempt_id IS NULL) OR (source_kind = 'assessment' AND source_event_id IS NULL AND source_assessment_attempt_id IS NOT NULL) OR (source_kind IN ('legacy', 'external_record') AND source_event_id IS NULL AND source_assessment_attempt_id IS NULL))",Campo source_assessment_attempt_id de evaluations.
evaluations,threshold_used,numeric,NO,,,,,ck_e04_default_source: CONSTRAINT ck_e04_default_source CHECK (source_kind <> 'e10' OR evaluation_role <> 'calibration_default' OR (threshold_source = 'default' AND threshold_used = 0.5 AND calibration_id IS NULL)) | v2_evaluations_check_05b75a389d97: CONSTRAINT v2_evaluations_check_05b75a389d97 CHECK (threshold_used >= 0 AND threshold_used <= 1) | v2_evaluations_check_d2a4e9ce706e: CONSTRAINT v2_evaluations_check_d2a4e9ce706e CHECK ((threshold_source = 'default' AND threshold_used = 0.5 AND calibration_id IS NULL) OR (threshold_source = 'validation_calibration' AND calibration_id IS NOT NULL) OR (threshold_source = 'protocol_numeric' AND calibration_id IS NULL)),Campo threshold_used de evaluations.
evaluations,threshold_source,text,NO,,,,,"ck_e04_selected_source: CONSTRAINT ck_e04_selected_source CHECK (source_kind <> 'e10' OR evaluation_role <> 'calibration_selected' OR (threshold_source = 'validation_calibration' AND calibration_id IS NOT NULL)) | ck_e04_default_source: CONSTRAINT ck_e04_default_source CHECK (source_kind <> 'e10' OR evaluation_role <> 'calibration_default' OR (threshold_source = 'default' AND threshold_used = 0.5 AND calibration_id IS NULL)) | v2_evaluations_check_f4818b1a9fd3: CONSTRAINT v2_evaluations_check_f4818b1a9fd3 CHECK (threshold_source IN ('default', 'validation_calibration', 'protocol_numeric')) | v2_evaluations_check_d2a4e9ce706e: CONSTRAINT v2_evaluations_check_d2a4e9ce706e CHECK ((threshold_source = 'default' AND threshold_used = 0.5 AND calibration_id IS NULL) OR (threshold_source = 'validation_calibration' AND calibration_id IS NOT NULL) OR (threshold_source = 'protocol_numeric' AND calibration_id IS NULL))",Campo threshold_source de evaluations.
evaluations,calibration_id,uuid,YES,,,v2_evaluations_foreign_0baa7d166e2f: CONSTRAINT v2_evaluations_foreign_0baa7d166e2f FOREIGN KEY (calibration_id) REFERENCES public.run_threshold_calibration (run_threshold_calibration_id) ON DELETE RESTRICT DEFERRABLE INITIALLY DEFERRED,,ck_e04_selected_source: CONSTRAINT ck_e04_selected_source CHECK (source_kind <> 'e10' OR evaluation_role <> 'calibration_selected' OR (threshold_source = 'validation_calibration' AND calibration_id IS NOT NULL)) | ck_e04_default_source: CONSTRAINT ck_e04_default_source CHECK (source_kind <> 'e10' OR evaluation_role <> 'calibration_default' OR (threshold_source = 'default' AND threshold_used = 0.5 AND calibration_id IS NULL)) | v2_evaluations_check_d2a4e9ce706e: CONSTRAINT v2_evaluations_check_d2a4e9ce706e CHECK ((threshold_source = 'default' AND threshold_used = 0.5 AND calibration_id IS NULL) OR (threshold_source = 'validation_calibration' AND calibration_id IS NOT NULL) OR (threshold_source = 'protocol_numeric' AND calibration_id IS NULL)),Campo calibration_id de evaluations.
evaluations,metric_definition,text,NO,'binary_nullable_v2',,,,v2_evaluations_check_4cbf36ebbe5e: CONSTRAINT v2_evaluations_check_4cbf36ebbe5e CHECK (metric_definition = 'binary_nullable_v2'),Campo metric_definition de evaluations.
evaluations,created_at,timestamptz,NO,now(),,,,,Campo created_at de evaluations. Auditoría temporal del evento indicado; sin actualización automática salvo trigger explícito.
execution_logs,id,uuid,NO,pg_catalog.gen_random_uuid(),YES,,,,Campo id de execution_logs.
execution_logs,run_id,uuid,YES,,,execution_logs_run_id_fkey: CONSTRAINT execution_logs_run_id_fkey FOREIGN KEY (run_id) REFERENCES runs (id) ON DELETE RESTRICT,,,Campo run_id de execution_logs.
execution_logs,log_level,text,YES,,,,,,Campo log_level de execution_logs.
execution_logs,message,text,YES,,,,,,Campo message de execution_logs.
execution_logs,source,text,YES,,,,,,Campo source de execution_logs.
execution_logs,created_at,timestamp with time zone,YES,now(),,,,,Campo created_at de execution_logs. Auditoría temporal del evento indicado; sin actualización automática salvo trigger explícito.
execution_logs,metadata,jsonb,YES,CAST('{}' AS jsonb),,,,,"Campo metadata de execution_logs. Snapshot, parámetros extensibles o metadatos variables; no sustituye las FK ni columnas tipadas. Canonical/hash preserva los bytes de origen cuando aplica."
experiment_execution_events,id,bigint,NO,GENERATED ALWAYS AS IDENTITY,YES,,,,Campo id de experiment_execution_events.
experiment_execution_events,owner,uuid,NO,,,,,,Campo owner de experiment_execution_events.
experiment_execution_events,event,text,NO,,,,,,Campo event de experiment_execution_events.
experiment_execution_events,payload,jsonb,NO,,,,,,"Campo payload de experiment_execution_events. Snapshot, parámetros extensibles o metadatos variables; no sustituye las FK ni columnas tipadas. Canonical/hash preserva los bytes de origen cuando aplica."
experiment_execution_events,created_at,timestamp with time zone,NO,clock_timestamp(),,,,,Campo created_at de experiment_execution_events. Auditoría temporal del evento indicado; sin actualización automática salvo trigger explícito.
experiment_execution_gate,singleton,boolean,NO,TRUE,YES,,,experiment_execution_gate_singleton_check: CONSTRAINT experiment_execution_gate_singleton_check CHECK (singleton),Campo singleton de experiment_execution_gate.
experiment_execution_gate,owner,uuid,YES,,,,,,Campo owner de experiment_execution_gate.
experiment_execution_gate,db_pid,integer,YES,,,,,,Campo db_pid de experiment_execution_gate.
experiment_execution_gate,process_evidence,jsonb,NO,CAST('{}' AS jsonb),,,,,"Campo process_evidence de experiment_execution_gate. Snapshot, parámetros extensibles o metadatos variables; no sustituye las FK ni columnas tipadas. Canonical/hash preserva los bytes de origen cuando aplica."
experiment_execution_gate,blocked_reason,text,YES,,,,,,Campo blocked_reason de experiment_execution_gate.
experiment_execution_gate,updated_at,timestamp with time zone,NO,clock_timestamp(),,,,,Campo updated_at de experiment_execution_gate. Auditoría temporal del evento indicado; sin actualización automática salvo trigger explícito.
experimental_campaigns,id,uuid,NO,,YES,,,,Campo id de experimental_campaigns.
experimental_campaigns,experiment_id,uuid,YES,,,experimental_campaigns_experiment_id_fkey: CONSTRAINT experimental_campaigns_experiment_id_fkey FOREIGN KEY (experiment_id) REFERENCES experiments (id) ON DELETE RESTRICT,,,Campo experiment_id de experimental_campaigns.
experimental_campaigns,name,text,NO,,,,,experimental_campaigns_name_check: CONSTRAINT experimental_campaigns_name_check CHECK (length(btrim(name)) > 0),Campo name de experimental_campaigns.
experimental_campaigns,purpose,text,NO,,,,,experimental_campaigns_purpose_check: CONSTRAINT experimental_campaigns_purpose_check CHECK (length(btrim(purpose)) > 0),Campo purpose de experimental_campaigns.
experimental_campaigns,state,text,NO,CAST('draft' AS text),,,,"ck_campaign_frozen_required_v2: CONSTRAINT ck_campaign_frozen_required_v2 CHECK (state = CAST('draft' AS text) OR (contract IS NOT NULL AND canonical_contract IS NOT NULL AND contract_hash IS NOT NULL AND contract_hash ~ CAST('^[a-f0-9]{64}$' AS text) AND NOT contract_hash IS DISTINCT FROM encode(sha256(convert_to(canonical_contract, CAST('UTF8' AS name))), CAST('hex' AS text)) AND NOT CAST(canonical_contract AS jsonb) IS DISTINCT FROM contract AND campaign_contract_valid(contract)) IS TRUE) | experimental_campaigns_check: CONSTRAINT experimental_campaigns_check CHECK ((state = CAST('draft' AS text) AND contract IS NULL AND canonical_contract IS NULL AND contract_hash IS NULL AND frozen_at IS NULL) OR (state <> CAST('draft' AS text) AND contract IS NOT NULL AND canonical_contract IS NOT NULL AND contract_hash ~ CAST('^[a-f0-9]{64}$' AS text) AND registry_snapshot IS NOT NULL AND frozen_at IS NOT NULL AND expected_count > 0)) | experimental_campaigns_state_check: CONSTRAINT experimental_campaigns_state_check CHECK (state = ANY(ARRAY[CAST('draft' AS text), CAST('frozen' AS text), CAST('active' AS text), CAST('paused' AS text), CAST('finalized' AS text)]))",Campo state de experimental_campaigns.
experimental_campaigns,dataset_version_id,uuid,NO,,,experimental_campaigns_dataset_version_id_fkey: CONSTRAINT experimental_campaigns_dataset_version_id_fkey FOREIGN KEY (dataset_version_id) REFERENCES dataset_versions (id) ON DELETE RESTRICT,,experimental_campaigns_check1: CONSTRAINT experimental_campaigns_check1 CHECK (NOT(dataset_snapshot ->> CAST('dataset_version_id' AS text)) IS DISTINCT FROM CAST(dataset_version_id AS text)),Campo dataset_version_id de experimental_campaigns.
experimental_campaigns,dataset_snapshot,jsonb,NO,,,,,experimental_campaigns_check1: CONSTRAINT experimental_campaigns_check1 CHECK (NOT(dataset_snapshot ->> CAST('dataset_version_id' AS text)) IS DISTINCT FROM CAST(dataset_version_id AS text)) | experimental_campaigns_dataset_snapshot_check: CONSTRAINT experimental_campaigns_dataset_snapshot_check CHECK (jsonb_typeof(dataset_snapshot) = CAST('object' AS text)),"Campo dataset_snapshot de experimental_campaigns. Snapshot, parámetros extensibles o metadatos variables; no sustituye las FK ni columnas tipadas. Canonical/hash preserva los bytes de origen cuando aplica."
experimental_campaigns,dataset_evidence_id,uuid,NO,,,experimental_campaigns_dataset_evidence_id_fkey: CONSTRAINT experimental_campaigns_dataset_evidence_id_fkey FOREIGN KEY (dataset_evidence_id) REFERENCES audit_events (id) ON DELETE RESTRICT,,,Campo dataset_evidence_id de experimental_campaigns.
experimental_campaigns,requested,jsonb,NO,,,,,experimental_campaigns_requested_check: CONSTRAINT experimental_campaigns_requested_check CHECK (jsonb_typeof(requested) = CAST('object' AS text)),"Campo requested de experimental_campaigns. Snapshot, parámetros extensibles o metadatos variables; no sustituye las FK ni columnas tipadas. Canonical/hash preserva los bytes de origen cuando aplica."
experimental_campaigns,protocol,jsonb,NO,,,,,experimental_campaigns_protocol_check: CONSTRAINT experimental_campaigns_protocol_check CHECK (jsonb_typeof(protocol) = CAST('object' AS text)),"Campo protocol de experimental_campaigns. Snapshot, parámetros extensibles o metadatos variables; no sustituye las FK ni columnas tipadas. Canonical/hash preserva los bytes de origen cuando aplica."
experimental_campaigns,environment,jsonb,NO,,,,,experimental_campaigns_environment_check: CONSTRAINT experimental_campaigns_environment_check CHECK (jsonb_typeof(environment) = CAST('object' AS text)),"Campo environment de experimental_campaigns. Snapshot, parámetros extensibles o metadatos variables; no sustituye las FK ni columnas tipadas. Canonical/hash preserva los bytes de origen cuando aplica."
experimental_campaigns,registry_snapshot,jsonb,YES,,,,,experimental_campaigns_check: CONSTRAINT experimental_campaigns_check CHECK ((state = CAST('draft' AS text) AND contract IS NULL AND canonical_contract IS NULL AND contract_hash IS NULL AND frozen_at IS NULL) OR (state <> CAST('draft' AS text) AND contract IS NOT NULL AND canonical_contract IS NOT NULL AND contract_hash ~ CAST('^[a-f0-9]{64}$' AS text) AND registry_snapshot IS NOT NULL AND frozen_at IS NOT NULL AND expected_count > 0)),"Campo registry_snapshot de experimental_campaigns. Snapshot, parámetros extensibles o metadatos variables; no sustituye las FK ni columnas tipadas. Canonical/hash preserva los bytes de origen cuando aplica."
experimental_campaigns,contract,jsonb,YES,,,,,"ck_campaign_frozen_required_v2: CONSTRAINT ck_campaign_frozen_required_v2 CHECK (state = CAST('draft' AS text) OR (contract IS NOT NULL AND canonical_contract IS NOT NULL AND contract_hash IS NOT NULL AND contract_hash ~ CAST('^[a-f0-9]{64}$' AS text) AND NOT contract_hash IS DISTINCT FROM encode(sha256(convert_to(canonical_contract, CAST('UTF8' AS name))), CAST('hex' AS text)) AND NOT CAST(canonical_contract AS jsonb) IS DISTINCT FROM contract AND campaign_contract_valid(contract)) IS TRUE) | experimental_campaigns_check: CONSTRAINT experimental_campaigns_check CHECK ((state = CAST('draft' AS text) AND contract IS NULL AND canonical_contract IS NULL AND contract_hash IS NULL AND frozen_at IS NULL) OR (state <> CAST('draft' AS text) AND contract IS NOT NULL AND canonical_contract IS NOT NULL AND contract_hash ~ CAST('^[a-f0-9]{64}$' AS text) AND registry_snapshot IS NOT NULL AND frozen_at IS NOT NULL AND expected_count > 0))","Campo contract de experimental_campaigns. Snapshot, parámetros extensibles o metadatos variables; no sustituye las FK ni columnas tipadas. Canonical/hash preserva los bytes de origen cuando aplica."
experimental_campaigns,canonical_contract,text,YES,,,,,"ck_campaign_frozen_required_v2: CONSTRAINT ck_campaign_frozen_required_v2 CHECK (state = CAST('draft' AS text) OR (contract IS NOT NULL AND canonical_contract IS NOT NULL AND contract_hash IS NOT NULL AND contract_hash ~ CAST('^[a-f0-9]{64}$' AS text) AND NOT contract_hash IS DISTINCT FROM encode(sha256(convert_to(canonical_contract, CAST('UTF8' AS name))), CAST('hex' AS text)) AND NOT CAST(canonical_contract AS jsonb) IS DISTINCT FROM contract AND campaign_contract_valid(contract)) IS TRUE) | experimental_campaigns_check: CONSTRAINT experimental_campaigns_check CHECK ((state = CAST('draft' AS text) AND contract IS NULL AND canonical_contract IS NULL AND contract_hash IS NULL AND frozen_at IS NULL) OR (state <> CAST('draft' AS text) AND contract IS NOT NULL AND canonical_contract IS NOT NULL AND contract_hash ~ CAST('^[a-f0-9]{64}$' AS text) AND registry_snapshot IS NOT NULL AND frozen_at IS NOT NULL AND expected_count > 0))",Campo canonical_contract de experimental_campaigns.
experimental_campaigns,contract_hash,text,YES,,,,,"ck_campaign_frozen_required_v2: CONSTRAINT ck_campaign_frozen_required_v2 CHECK (state = CAST('draft' AS text) OR (contract IS NOT NULL AND canonical_contract IS NOT NULL AND contract_hash IS NOT NULL AND contract_hash ~ CAST('^[a-f0-9]{64}$' AS text) AND NOT contract_hash IS DISTINCT FROM encode(sha256(convert_to(canonical_contract, CAST('UTF8' AS name))), CAST('hex' AS text)) AND NOT CAST(canonical_contract AS jsonb) IS DISTINCT FROM contract AND campaign_contract_valid(contract)) IS TRUE) | experimental_campaigns_check: CONSTRAINT experimental_campaigns_check CHECK ((state = CAST('draft' AS text) AND contract IS NULL AND canonical_contract IS NULL AND contract_hash IS NULL AND frozen_at IS NULL) OR (state <> CAST('draft' AS text) AND contract IS NOT NULL AND canonical_contract IS NOT NULL AND contract_hash ~ CAST('^[a-f0-9]{64}$' AS text) AND registry_snapshot IS NOT NULL AND frozen_at IS NOT NULL AND expected_count > 0))","Campo contract_hash de experimental_campaigns. Identidad/procedencia; conservar valor y representación canónica original, sin recalcular al transferir."
experimental_campaigns,expected_count,integer,NO,0,,,,experimental_campaigns_check: CONSTRAINT experimental_campaigns_check CHECK ((state = CAST('draft' AS text) AND contract IS NULL AND canonical_contract IS NULL AND contract_hash IS NULL AND frozen_at IS NULL) OR (state <> CAST('draft' AS text) AND contract IS NOT NULL AND canonical_contract IS NOT NULL AND contract_hash ~ CAST('^[a-f0-9]{64}$' AS text) AND registry_snapshot IS NOT NULL AND frozen_at IS NOT NULL AND expected_count > 0)) | experimental_campaigns_expected_count_check: CONSTRAINT experimental_campaigns_expected_count_check CHECK (expected_count >= 0),Campo expected_count de experimental_campaigns.
experimental_campaigns,actor,text,NO,,,,,experimental_campaigns_actor_check: CONSTRAINT experimental_campaigns_actor_check CHECK (length(btrim(actor)) > 0),Campo actor de experimental_campaigns.
experimental_campaigns,created_at,timestamp with time zone,NO,now(),,,,,Campo created_at de experimental_campaigns. Auditoría temporal del evento indicado; sin actualización automática salvo trigger explícito.
experimental_campaigns,updated_at,timestamp with time zone,NO,now(),,,,,Campo updated_at de experimental_campaigns. Auditoría temporal del evento indicado; sin actualización automática salvo trigger explícito.
experimental_campaigns,frozen_at,timestamp with time zone,YES,,,,,experimental_campaigns_check: CONSTRAINT experimental_campaigns_check CHECK ((state = CAST('draft' AS text) AND contract IS NULL AND canonical_contract IS NULL AND contract_hash IS NULL AND frozen_at IS NULL) OR (state <> CAST('draft' AS text) AND contract IS NOT NULL AND canonical_contract IS NOT NULL AND contract_hash ~ CAST('^[a-f0-9]{64}$' AS text) AND registry_snapshot IS NOT NULL AND frozen_at IS NOT NULL AND expected_count > 0)),Campo frozen_at de experimental_campaigns. Auditoría temporal del evento indicado; sin actualización automática salvo trigger explícito.
experiments,id,uuid,NO,pg_catalog.gen_random_uuid(),YES,,,,Campo id de experiments.
experiments,name,text,NO,,,,,,Campo name de experiments.
experiments,description,text,YES,,,,,,Campo description de experiments.
experiments,project_name,text,YES,,,,,,Campo project_name de experiments.
experiments,created_at,timestamp with time zone,YES,now(),,,,,Campo created_at de experiments. Auditoría temporal del evento indicado; sin actualización automática salvo trigger explícito.
experiments,updated_at,timestamp with time zone,YES,now(),,,,,Campo updated_at de experiments. Auditoría temporal del evento indicado; sin actualización automática salvo trigger explícito.
experiments,metadata,jsonb,YES,CAST('{}' AS jsonb),,,,,"Campo metadata de experiments. Snapshot, parámetros extensibles o metadatos variables; no sustituye las FK ni columnas tipadas. Canonical/hash preserva los bytes de origen cuando aplica."
explainability_results,id,uuid,NO,pg_catalog.gen_random_uuid(),YES,,,,Campo id de explainability_results.
explainability_results,run_id,uuid,YES,,,explainability_results_run_id_fkey: CONSTRAINT explainability_results_run_id_fkey FOREIGN KEY (run_id) REFERENCES runs (id) ON DELETE RESTRICT,,,Campo run_id de explainability_results.
explainability_results,prediction_id,uuid,YES,,,explainability_results_prediction_id_fkey: CONSTRAINT explainability_results_prediction_id_fkey FOREIGN KEY (prediction_id) REFERENCES predictions (id) ON DELETE RESTRICT,,,Campo prediction_id de explainability_results.
explainability_results,method,text,NO,,,,,,Campo method de explainability_results.
explainability_results,image_path,text,YES,,,,,,Campo image_path de explainability_results.
explainability_results,output_path,text,YES,,,,,,Campo output_path de explainability_results.
explainability_results,true_label,text,YES,,,,,,Campo true_label de explainability_results.
explainability_results,predicted_label,text,YES,,,,,,Campo predicted_label de explainability_results.
explainability_results,score,numeric,YES,,,,,,Campo score de explainability_results.
explainability_results,case_type,text,YES,,,,,,Campo case_type de explainability_results.
explainability_results,last_conv_layer,text,YES,,,,,,Campo last_conv_layer de explainability_results.
explainability_results,explanation_parameters,jsonb,YES,CAST('{}' AS jsonb),,,,,"Campo explanation_parameters de explainability_results. Snapshot, parámetros extensibles o metadatos variables; no sustituye las FK ni columnas tipadas. Canonical/hash preserva los bytes de origen cuando aplica."
explainability_results,success,boolean,YES,TRUE,,,,,Campo success de explainability_results.
explainability_results,error_message,text,YES,,,,,,Campo error_message de explainability_results.
explainability_results,created_at,timestamp with time zone,YES,now(),,,,,Campo created_at de explainability_results. Auditoría temporal del evento indicado; sin actualización automática salvo trigger explícito.
explainability_results,metadata,jsonb,YES,CAST('{}' AS jsonb),,,,,"Campo metadata de explainability_results. Snapshot, parámetros extensibles o metadatos variables; no sustituye las FK ni columnas tipadas. Canonical/hash preserva los bytes de origen cuando aplica."
identity_evidence,id,uuid,NO,pg_catalog.gen_random_uuid(),YES,,,,Campo id de identity_evidence.
identity_evidence,source_record_id,uuid,NO,,,identity_evidence_source_record_id_fkey: CONSTRAINT identity_evidence_source_record_id_fkey FOREIGN KEY (source_record_id) REFERENCES dataset_source_records (id) ON DELETE RESTRICT,,,Campo source_record_id de identity_evidence.
identity_evidence,clinical_identity_id,uuid,NO,,,identity_evidence_clinical_identity_id_fkey: CONSTRAINT identity_evidence_clinical_identity_id_fkey FOREIGN KEY (clinical_identity_id) REFERENCES clinical_identities (id) ON DELETE RESTRICT,,,Campo clinical_identity_id de identity_evidence.
identity_evidence,evidence_type,text,NO,,,,,,Campo evidence_type de identity_evidence.
identity_evidence,evidence_level,text,NO,,,,,,Campo evidence_level de identity_evidence.
identity_evidence,mapping_method,text,NO,,,,,,Campo mapping_method de identity_evidence.
identity_evidence,evidence_reference,text,YES,,,,,,Campo evidence_reference de identity_evidence.
identity_evidence,official_source_reference,text,YES,,,,,,Campo official_source_reference de identity_evidence.
identity_evidence,evidence_json,jsonb,NO,CAST('{}' AS jsonb),,,,chk_identity_evidence_json_object: CONSTRAINT chk_identity_evidence_json_object CHECK (jsonb_typeof(evidence_json) = CAST('object' AS text)),"Campo evidence_json de identity_evidence. Snapshot, parámetros extensibles o metadatos variables; no sustituye las FK ni columnas tipadas. Canonical/hash preserva los bytes de origen cuando aplica."
identity_evidence,created_at,timestamp with time zone,NO,now(),,,,,Campo created_at de identity_evidence. Auditoría temporal del evento indicado; sin actualización automática salvo trigger explícito.
image_analysis_jobs,id,uuid,NO,pg_catalog.gen_random_uuid(),YES,,"uq_image_analysis_jobs_identity: CREATE UNIQUE INDEX uq_image_analysis_jobs_identity ON public.image_analysis_jobs (id, inference_run_id, deployed_model_version_id, model_version_id)",,Campo id de image_analysis_jobs.
image_analysis_jobs,inference_run_id,uuid,NO,,,"fk_image_analysis_jobs_run_deployment_version: CONSTRAINT fk_image_analysis_jobs_run_deployment_version FOREIGN KEY (inference_run_id, deployed_model_version_id, model_version_id) REFERENCES run_model_deployments (run_id, deployed_model_version_id, model_version_id) ON DELETE RESTRICT","uq_image_analysis_jobs_identity: CREATE UNIQUE INDEX uq_image_analysis_jobs_identity ON public.image_analysis_jobs (id, inference_run_id, deployed_model_version_id, model_version_id) | uq_image_analysis_jobs_idempotency: CREATE UNIQUE INDEX uq_image_analysis_jobs_idempotency ON public.image_analysis_jobs (inference_run_id, idempotency_key) WHERE idempotency_key IS NOT NULL",,Campo inference_run_id de image_analysis_jobs.
image_analysis_jobs,deployed_model_version_id,uuid,NO,,,"fk_image_analysis_jobs_run_deployment_version: CONSTRAINT fk_image_analysis_jobs_run_deployment_version FOREIGN KEY (inference_run_id, deployed_model_version_id, model_version_id) REFERENCES run_model_deployments (run_id, deployed_model_version_id, model_version_id) ON DELETE RESTRICT","uq_image_analysis_jobs_identity: CREATE UNIQUE INDEX uq_image_analysis_jobs_identity ON public.image_analysis_jobs (id, inference_run_id, deployed_model_version_id, model_version_id)",,Campo deployed_model_version_id de image_analysis_jobs.
image_analysis_jobs,model_version_id,uuid,NO,,,"fk_image_analysis_jobs_run_deployment_version: CONSTRAINT fk_image_analysis_jobs_run_deployment_version FOREIGN KEY (inference_run_id, deployed_model_version_id, model_version_id) REFERENCES run_model_deployments (run_id, deployed_model_version_id, model_version_id) ON DELETE RESTRICT","uq_image_analysis_jobs_identity: CREATE UNIQUE INDEX uq_image_analysis_jobs_identity ON public.image_analysis_jobs (id, inference_run_id, deployed_model_version_id, model_version_id)",,Campo model_version_id de image_analysis_jobs.
image_analysis_jobs,input_artifact_id,uuid,YES,,,fk_image_analysis_jobs_input_artifact: CONSTRAINT fk_image_analysis_jobs_input_artifact FOREIGN KEY (input_artifact_id) REFERENCES artifacts (id) ON DELETE RESTRICT,,chk_image_analysis_jobs_source: CONSTRAINT chk_image_analysis_jobs_source CHECK (input_artifact_id IS NOT NULL OR source_image_id IS NOT NULL),Campo input_artifact_id de image_analysis_jobs.
image_analysis_jobs,source_image_id,uuid,YES,,,fk_image_analysis_jobs_source_image: CONSTRAINT fk_image_analysis_jobs_source_image FOREIGN KEY (source_image_id) REFERENCES dataset_split_images (image_id) ON DELETE RESTRICT,,chk_image_analysis_jobs_source: CONSTRAINT chk_image_analysis_jobs_source CHECK (input_artifact_id IS NOT NULL OR source_image_id IS NOT NULL),Campo source_image_id de image_analysis_jobs.
image_analysis_jobs,idempotency_key,text,YES,,,,"uq_image_analysis_jobs_idempotency: CREATE UNIQUE INDEX uq_image_analysis_jobs_idempotency ON public.image_analysis_jobs (inference_run_id, idempotency_key) WHERE idempotency_key IS NOT NULL","chk_image_analysis_jobs_idempotency_key: CONSTRAINT chk_image_analysis_jobs_idempotency_key CHECK (idempotency_key IS NULL OR NULLIF(btrim(idempotency_key), CAST('' AS text)) IS NOT NULL)",Campo idempotency_key de image_analysis_jobs.
image_analysis_jobs,sample_id,text,YES,,,,,,Campo sample_id de image_analysis_jobs.
image_analysis_jobs,patient_id,text,YES,,,,,,Campo patient_id de image_analysis_jobs.
image_analysis_jobs,slide_id,text,YES,,,,,,Campo slide_id de image_analysis_jobs.
image_analysis_jobs,status,text,NO,CAST('pending' AS text),,,,"chk_image_analysis_jobs_status: CONSTRAINT chk_image_analysis_jobs_status CHECK (status = ANY(ARRAY[CAST('pending' AS text), CAST('running' AS text), CAST('completed' AS text), CAST('failed' AS text), CAST('rejected' AS text), CAST('cancelled' AS text)])) | chk_image_analysis_jobs_status_timestamps: CONSTRAINT chk_image_analysis_jobs_status_timestamps CHECK ((status <> ALL(ARRAY[CAST('running' AS text), CAST('completed' AS text)]) OR started_at IS NOT NULL) AND (status <> ALL(ARRAY[CAST('completed' AS text), CAST('failed' AS text), CAST('rejected' AS text), CAST('cancelled' AS text)]) OR completed_at IS NOT NULL))",Campo status de image_analysis_jobs.
image_analysis_jobs,quality_status,text,NO,CAST('not_assessed' AS text),,,,"chk_image_analysis_jobs_quality_status: CONSTRAINT chk_image_analysis_jobs_quality_status CHECK (quality_status = ANY(ARRAY[CAST('not_assessed' AS text), CAST('pending' AS text), CAST('passed' AS text), CAST('warning' AS text), CAST('rejected' AS text), CAST('failed' AS text), CAST('skipped' AS text)]))",Campo quality_status de image_analysis_jobs.
image_analysis_jobs,quality_metrics,jsonb,NO,CAST('{}' AS jsonb),,,,chk_image_analysis_jobs_payload_objects: CONSTRAINT chk_image_analysis_jobs_payload_objects CHECK (jsonb_typeof(quality_metrics) = CAST('object' AS text) AND jsonb_typeof(summary) = CAST('object' AS text) AND jsonb_typeof(metadata) = CAST('object' AS text)),"Campo quality_metrics de image_analysis_jobs. Snapshot, parámetros extensibles o metadatos variables; no sustituye las FK ni columnas tipadas. Canonical/hash preserva los bytes de origen cuando aplica."
image_analysis_jobs,threshold_used,numeric,YES,,,,,chk_image_analysis_jobs_threshold: CONSTRAINT chk_image_analysis_jobs_threshold CHECK (threshold_used IS NULL OR (threshold_used >= CAST(0 AS numeric) AND threshold_used <= CAST(1 AS numeric))),Campo threshold_used de image_analysis_jobs.
image_analysis_jobs,threshold_source,text,YES,,,,,,Campo threshold_source de image_analysis_jobs.
image_analysis_jobs,summary,jsonb,NO,CAST('{}' AS jsonb),,,,chk_image_analysis_jobs_payload_objects: CONSTRAINT chk_image_analysis_jobs_payload_objects CHECK (jsonb_typeof(quality_metrics) = CAST('object' AS text) AND jsonb_typeof(summary) = CAST('object' AS text) AND jsonb_typeof(metadata) = CAST('object' AS text)),"Campo summary de image_analysis_jobs. Snapshot, parámetros extensibles o metadatos variables; no sustituye las FK ni columnas tipadas. Canonical/hash preserva los bytes de origen cuando aplica."
image_analysis_jobs,total_cells,integer,YES,,,,,chk_image_analysis_jobs_counts: CONSTRAINT chk_image_analysis_jobs_counts CHECK ((total_cells IS NULL OR total_cells >= 0) AND (positive_cells IS NULL OR positive_cells >= 0) AND (total_cells IS NULL OR positive_cells IS NULL OR positive_cells <= total_cells)),Campo total_cells de image_analysis_jobs.
image_analysis_jobs,positive_cells,integer,YES,,,,,chk_image_analysis_jobs_counts: CONSTRAINT chk_image_analysis_jobs_counts CHECK ((total_cells IS NULL OR total_cells >= 0) AND (positive_cells IS NULL OR positive_cells >= 0) AND (total_cells IS NULL OR positive_cells IS NULL OR positive_cells <= total_cells)),Campo positive_cells de image_analysis_jobs.
image_analysis_jobs,started_at,timestamp with time zone,YES,,,,,"chk_image_analysis_jobs_status_timestamps: CONSTRAINT chk_image_analysis_jobs_status_timestamps CHECK ((status <> ALL(ARRAY[CAST('running' AS text), CAST('completed' AS text)]) OR started_at IS NOT NULL) AND (status <> ALL(ARRAY[CAST('completed' AS text), CAST('failed' AS text), CAST('rejected' AS text), CAST('cancelled' AS text)]) OR completed_at IS NOT NULL)) | chk_image_analysis_jobs_timestamp_order: CONSTRAINT chk_image_analysis_jobs_timestamp_order CHECK (completed_at IS NULL OR started_at IS NULL OR completed_at >= started_at)",Campo started_at de image_analysis_jobs. Auditoría temporal del evento indicado; sin actualización automática salvo trigger explícito.
image_analysis_jobs,completed_at,timestamp with time zone,YES,,,,,"chk_image_analysis_jobs_status_timestamps: CONSTRAINT chk_image_analysis_jobs_status_timestamps CHECK ((status <> ALL(ARRAY[CAST('running' AS text), CAST('completed' AS text)]) OR started_at IS NOT NULL) AND (status <> ALL(ARRAY[CAST('completed' AS text), CAST('failed' AS text), CAST('rejected' AS text), CAST('cancelled' AS text)]) OR completed_at IS NOT NULL)) | chk_image_analysis_jobs_timestamp_order: CONSTRAINT chk_image_analysis_jobs_timestamp_order CHECK (completed_at IS NULL OR started_at IS NULL OR completed_at >= started_at)",Campo completed_at de image_analysis_jobs. Auditoría temporal del evento indicado; sin actualización automática salvo trigger explícito.
image_analysis_jobs,error_message,text,YES,,,,,,Campo error_message de image_analysis_jobs.
image_analysis_jobs,created_at,timestamp with time zone,NO,now(),,,,,Campo created_at de image_analysis_jobs. Auditoría temporal del evento indicado; sin actualización automática salvo trigger explícito.
image_analysis_jobs,updated_at,timestamp with time zone,NO,now(),,,,,Campo updated_at de image_analysis_jobs. Auditoría temporal del evento indicado; sin actualización automática salvo trigger explícito.
image_analysis_jobs,metadata,jsonb,NO,CAST('{}' AS jsonb),,,,chk_image_analysis_jobs_payload_objects: CONSTRAINT chk_image_analysis_jobs_payload_objects CHECK (jsonb_typeof(quality_metrics) = CAST('object' AS text) AND jsonb_typeof(summary) = CAST('object' AS text) AND jsonb_typeof(metadata) = CAST('object' AS text)),"Campo metadata de image_analysis_jobs. Snapshot, parámetros extensibles o metadatos variables; no sustituye las FK ni columnas tipadas. Canonical/hash preserva los bytes de origen cuando aplica."
image_connected_components,id,uuid,NO,,YES,,"uq_image_connected_components_identity: CONSTRAINT uq_image_connected_components_identity UNIQUE (id, detection_run_id, analysis_run_image_id, microscopy_image_id)",,Campo id de image_connected_components.
image_connected_components,detection_run_id,uuid,NO,,,"fk_components_detection_analysis: CONSTRAINT fk_components_detection_analysis FOREIGN KEY (detection_run_id, analysis_run_id) REFERENCES cell_detection_runs (id, analysis_run_id) ON DELETE RESTRICT","uq_image_connected_components_identity: CONSTRAINT uq_image_connected_components_identity UNIQUE (id, detection_run_id, analysis_run_image_id, microscopy_image_id) | uq_image_connected_components_run_image_index: CONSTRAINT uq_image_connected_components_run_image_index UNIQUE (detection_run_id, analysis_run_image_id, component_index)",,Campo detection_run_id de image_connected_components.
image_connected_components,analysis_run_id,uuid,NO,,,"fk_components_detection_analysis: CONSTRAINT fk_components_detection_analysis FOREIGN KEY (detection_run_id, analysis_run_id) REFERENCES cell_detection_runs (id, analysis_run_id) ON DELETE RESTRICT | fk_components_frozen_image: CONSTRAINT fk_components_frozen_image FOREIGN KEY (analysis_run_image_id, analysis_run_id, microscopy_image_id) REFERENCES microscopy_analysis_run_images (id, analysis_run_id, microscopy_image_id) ON DELETE RESTRICT",,,Campo analysis_run_id de image_connected_components.
image_connected_components,analysis_run_image_id,uuid,NO,,,"fk_components_frozen_image: CONSTRAINT fk_components_frozen_image FOREIGN KEY (analysis_run_image_id, analysis_run_id, microscopy_image_id) REFERENCES microscopy_analysis_run_images (id, analysis_run_id, microscopy_image_id) ON DELETE RESTRICT","uq_image_connected_components_identity: CONSTRAINT uq_image_connected_components_identity UNIQUE (id, detection_run_id, analysis_run_image_id, microscopy_image_id) | uq_image_connected_components_run_image_index: CONSTRAINT uq_image_connected_components_run_image_index UNIQUE (detection_run_id, analysis_run_image_id, component_index)",,Campo analysis_run_image_id de image_connected_components.
image_connected_components,microscopy_image_id,uuid,NO,,,"fk_components_frozen_image: CONSTRAINT fk_components_frozen_image FOREIGN KEY (analysis_run_image_id, analysis_run_id, microscopy_image_id) REFERENCES microscopy_analysis_run_images (id, analysis_run_id, microscopy_image_id) ON DELETE RESTRICT","uq_image_connected_components_identity: CONSTRAINT uq_image_connected_components_identity UNIQUE (id, detection_run_id, analysis_run_image_id, microscopy_image_id)",,Campo microscopy_image_id de image_connected_components.
image_connected_components,component_index,integer,NO,,,,"uq_image_connected_components_run_image_index: CONSTRAINT uq_image_connected_components_run_image_index UNIQUE (detection_run_id, analysis_run_image_id, component_index)",image_connected_components_component_index_check: CONSTRAINT image_connected_components_component_index_check CHECK (component_index > 0),Campo component_index de image_connected_components.
image_connected_components,bbox_x,integer,NO,,,,,image_connected_components_bbox_x_check: CONSTRAINT image_connected_components_bbox_x_check CHECK (bbox_x >= 0),Campo bbox_x de image_connected_components.
image_connected_components,bbox_y,integer,NO,,,,,image_connected_components_bbox_y_check: CONSTRAINT image_connected_components_bbox_y_check CHECK (bbox_y >= 0),Campo bbox_y de image_connected_components.
image_connected_components,bbox_width,integer,NO,,,,,image_connected_components_bbox_width_check: CONSTRAINT image_connected_components_bbox_width_check CHECK (bbox_width > 0),Campo bbox_width de image_connected_components.
image_connected_components,bbox_height,integer,NO,,,,,image_connected_components_bbox_height_check: CONSTRAINT image_connected_components_bbox_height_check CHECK (bbox_height > 0),Campo bbox_height de image_connected_components.
image_connected_components,centroid_x,double precision,NO,,,,,image_connected_components_centroid_x_check: CONSTRAINT image_connected_components_centroid_x_check CHECK (centroid_x >= CAST(0 AS double precision)),Campo centroid_x de image_connected_components.
image_connected_components,centroid_y,double precision,NO,,,,,image_connected_components_centroid_y_check: CONSTRAINT image_connected_components_centroid_y_check CHECK (centroid_y >= CAST(0 AS double precision)),Campo centroid_y de image_connected_components.
image_connected_components,area_px,integer,NO,,,,,image_connected_components_area_px_check: CONSTRAINT image_connected_components_area_px_check CHECK (area_px > 0),Campo area_px de image_connected_components.
image_connected_components,perimeter_px,double precision,YES,,,,,image_connected_components_perimeter_px_check: CONSTRAINT image_connected_components_perimeter_px_check CHECK (perimeter_px IS NULL OR perimeter_px >= CAST(0 AS double precision)),Campo perimeter_px de image_connected_components.
image_connected_components,circularity,double precision,YES,,,,,image_connected_components_circularity_check: CONSTRAINT image_connected_components_circularity_check CHECK (circularity IS NULL OR (circularity >= CAST(0 AS double precision) AND circularity <= CAST(1 AS double precision))),Campo circularity de image_connected_components.
image_connected_components,solidity,double precision,YES,,,,,image_connected_components_solidity_check: CONSTRAINT image_connected_components_solidity_check CHECK (solidity IS NULL OR (solidity >= CAST(0 AS double precision) AND solidity <= CAST(1 AS double precision))),Campo solidity de image_connected_components.
image_connected_components,touches_border,boolean,NO,,,,,,Campo touches_border de image_connected_components.
image_connected_components,component_status,varchar(30),NO,,,,,"ck_connected_component_rejection: CONSTRAINT ck_connected_component_rejection CHECK ((CAST(component_status AS text) = CAST('rejected_by_filter' AS text) AND rejection_code IS NOT NULL) OR (CAST(component_status AS text) <> CAST('rejected_by_filter' AS text) AND rejection_code IS NULL)) | image_connected_components_component_status_check: CONSTRAINT image_connected_components_component_status_check CHECK (CAST(component_status AS text) = ANY(ARRAY[CAST(CAST('candidate' AS varchar) AS text), CAST(CAST('accepted' AS varchar) AS text), CAST(CAST('rejected_by_filter' AS varchar) AS text)]))",Campo component_status de image_connected_components.
image_connected_components,rejection_code,varchar(80),YES,,,,,ck_connected_component_rejection: CONSTRAINT ck_connected_component_rejection CHECK ((CAST(component_status AS text) = CAST('rejected_by_filter' AS text) AND rejection_code IS NOT NULL) OR (CAST(component_status AS text) <> CAST('rejected_by_filter' AS text) AND rejection_code IS NULL)),Campo rejection_code de image_connected_components.
image_connected_components,metrics_json,jsonb,NO,CAST('{}' AS jsonb),,,,image_connected_components_metrics_json_check: CONSTRAINT image_connected_components_metrics_json_check CHECK (jsonb_typeof(metrics_json) = CAST('object' AS text)),"Campo metrics_json de image_connected_components. Snapshot, parámetros extensibles o metadatos variables; no sustituye las FK ni columnas tipadas. Canonical/hash preserva los bytes de origen cuando aplica."
image_connected_components,created_at,timestamp with time zone,NO,now(),,,,,Campo created_at de image_connected_components. Auditoría temporal del evento indicado; sin actualización automática salvo trigger explícito.
image_ingestion_batches,id,uuid,NO,,YES,,,,Campo id de image_ingestion_batches.
image_ingestion_batches,subject_id,uuid,NO,,,image_ingestion_batches_subject_id_fkey: CONSTRAINT image_ingestion_batches_subject_id_fkey FOREIGN KEY (subject_id) REFERENCES research_subjects (id) ON DELETE RESTRICT,,,Campo subject_id de image_ingestion_batches.
image_ingestion_batches,case_id,uuid,NO,,,image_ingestion_batches_case_id_fkey: CONSTRAINT image_ingestion_batches_case_id_fkey FOREIGN KEY (case_id) REFERENCES scientific_cases (id) ON DELETE RESTRICT,,,Campo case_id de image_ingestion_batches.
image_ingestion_batches,sample_id,uuid,NO,,,image_ingestion_batches_sample_id_fkey: CONSTRAINT image_ingestion_batches_sample_id_fkey FOREIGN KEY (sample_id) REFERENCES blood_samples (id) ON DELETE RESTRICT,,,Campo sample_id de image_ingestion_batches.
image_ingestion_batches,slide_id,uuid,NO,,,image_ingestion_batches_slide_id_fkey: CONSTRAINT image_ingestion_batches_slide_id_fkey FOREIGN KEY (slide_id) REFERENCES smear_slides (id) ON DELETE RESTRICT,,,Campo slide_id de image_ingestion_batches.
image_ingestion_batches,acquisition_origin,varchar(40),NO,,,,,"image_ingestion_batches_acquisition_origin_check: CONSTRAINT image_ingestion_batches_acquisition_origin_check CHECK (CAST(acquisition_origin AS text) = ANY(ARRAY[CAST(CAST('manual_upload' AS varchar) AS text), CAST(CAST('research_dataset_import' AS varchar) AS text), CAST(CAST('external_capture_system' AS varchar) AS text)]))",Campo acquisition_origin de image_ingestion_batches.
image_ingestion_batches,source_system,varchar(120),YES,,,,"uq_ingestion_batches_source_group: CREATE UNIQUE INDEX uq_ingestion_batches_source_group ON public.image_ingestion_batches (source_system, source_group_key) WHERE source_system IS NOT NULL AND source_group_key IS NOT NULL",,Campo source_system de image_ingestion_batches.
image_ingestion_batches,source_group_key,varchar(240),YES,,,,"uq_ingestion_batches_source_group: CREATE UNIQUE INDEX uq_ingestion_batches_source_group ON public.image_ingestion_batches (source_system, source_group_key) WHERE source_system IS NOT NULL AND source_group_key IS NOT NULL",,Campo source_group_key de image_ingestion_batches.
image_ingestion_batches,expected_image_count,integer,YES,,,,,image_ingestion_batches_expected_image_count_check: CONSTRAINT image_ingestion_batches_expected_image_count_check CHECK (expected_image_count IS NULL OR expected_image_count > 0),Campo expected_image_count de image_ingestion_batches.
image_ingestion_batches,received_image_count,integer,NO,0,,,,image_ingestion_batches_received_image_count_check: CONSTRAINT image_ingestion_batches_received_image_count_check CHECK (received_image_count >= 0),Campo received_image_count de image_ingestion_batches.
image_ingestion_batches,status,varchar(20),NO,CAST('pending' AS varchar),,,,"image_ingestion_batches_status_check: CONSTRAINT image_ingestion_batches_status_check CHECK (CAST(status AS text) = ANY(ARRAY[CAST(CAST('pending' AS varchar) AS text), CAST(CAST('incomplete' AS varchar) AS text), CAST(CAST('complete' AS varchar) AS text), CAST(CAST('inconsistent' AS varchar) AS text), CAST(CAST('failed' AS varchar) AS text)]))",Campo status de image_ingestion_batches.
image_ingestion_batches,created_by,uuid,NO,,,image_ingestion_batches_created_by_fkey: CONSTRAINT image_ingestion_batches_created_by_fkey FOREIGN KEY (created_by) REFERENCES users (id) ON DELETE RESTRICT,,,Campo created_by de image_ingestion_batches.
image_ingestion_batches,created_at,timestamp with time zone,NO,now(),,,,,Campo created_at de image_ingestion_batches. Auditoría temporal del evento indicado; sin actualización automática salvo trigger explícito.
image_ingestion_batches,updated_at,timestamp with time zone,NO,now(),,,,,Campo updated_at de image_ingestion_batches. Auditoría temporal del evento indicado; sin actualización automática salvo trigger explícito.
image_ingestion_batches,completed_at,timestamp with time zone,YES,,,,,,Campo completed_at de image_ingestion_batches. Auditoría temporal del evento indicado; sin actualización automática salvo trigger explícito.
image_ingestion_batches,metadata_json,jsonb,NO,CAST('{}' AS jsonb),,,,image_ingestion_batches_metadata_json_check: CONSTRAINT image_ingestion_batches_metadata_json_check CHECK (jsonb_typeof(metadata_json) = CAST('object' AS text)),"Campo metadata_json de image_ingestion_batches. Snapshot, parámetros extensibles o metadatos variables; no sustituye las FK ni columnas tipadas. Canonical/hash preserva los bytes de origen cuando aplica."
image_quality_assessments,id,uuid,NO,,YES,,,,Campo id de image_quality_assessments.
image_quality_assessments,analysis_run_id,uuid,NO,,,"image_quality_assessments_analysis_run_id_fkey: CONSTRAINT image_quality_assessments_analysis_run_id_fkey FOREIGN KEY (analysis_run_id) REFERENCES microscopy_analysis_runs (id) ON DELETE RESTRICT | image_quality_assessments_analysis_run_image_id_analysis_r_fkey: CONSTRAINT image_quality_assessments_analysis_run_image_id_analysis_r_fkey FOREIGN KEY (analysis_run_image_id, analysis_run_id, microscopy_image_id) REFERENCES microscopy_analysis_run_images (id, analysis_run_id, microscopy_image_id) ON DELETE RESTRICT","image_quality_assessments_analysis_run_id_microscopy_image__key: CONSTRAINT image_quality_assessments_analysis_run_id_microscopy_image__key UNIQUE (analysis_run_id, microscopy_image_id)",,Campo analysis_run_id de image_quality_assessments.
image_quality_assessments,analysis_run_image_id,uuid,NO,,,"image_quality_assessments_analysis_run_image_id_analysis_r_fkey: CONSTRAINT image_quality_assessments_analysis_run_image_id_analysis_r_fkey FOREIGN KEY (analysis_run_image_id, analysis_run_id, microscopy_image_id) REFERENCES microscopy_analysis_run_images (id, analysis_run_id, microscopy_image_id) ON DELETE RESTRICT",,,Campo analysis_run_image_id de image_quality_assessments.
image_quality_assessments,microscopy_image_id,uuid,NO,,,"image_quality_assessments_analysis_run_image_id_analysis_r_fkey: CONSTRAINT image_quality_assessments_analysis_run_image_id_analysis_r_fkey FOREIGN KEY (analysis_run_image_id, analysis_run_id, microscopy_image_id) REFERENCES microscopy_analysis_run_images (id, analysis_run_id, microscopy_image_id) ON DELETE RESTRICT | image_quality_assessments_microscopy_image_id_fkey: CONSTRAINT image_quality_assessments_microscopy_image_id_fkey FOREIGN KEY (microscopy_image_id) REFERENCES microscopy_images (id) ON DELETE RESTRICT","image_quality_assessments_analysis_run_id_microscopy_image__key: CONSTRAINT image_quality_assessments_analysis_run_id_microscopy_image__key UNIQUE (analysis_run_id, microscopy_image_id)",,Campo microscopy_image_id de image_quality_assessments.
image_quality_assessments,assessment_status,varchar(20),NO,,,,,"image_quality_assessments_assessment_status_check: CONSTRAINT image_quality_assessments_assessment_status_check CHECK (CAST(assessment_status AS text) = ANY(ARRAY[CAST(CAST('pending' AS varchar) AS text), CAST(CAST('processing' AS varchar) AS text), CAST(CAST('completed' AS varchar) AS text), CAST(CAST('error' AS varchar) AS text)]))",Campo assessment_status de image_quality_assessments.
image_quality_assessments,quality_verdict,varchar(20),NO,,,,,"image_quality_assessments_quality_verdict_check: CONSTRAINT image_quality_assessments_quality_verdict_check CHECK (CAST(quality_verdict AS text) = ANY(ARRAY[CAST(CAST('pending' AS varchar) AS text), CAST(CAST('pass' AS varchar) AS text), CAST(CAST('warning' AS varchar) AS text), CAST(CAST('fail' AS varchar) AS text), CAST(CAST('error' AS varchar) AS text)]))",Campo quality_verdict de image_quality_assessments.
image_quality_assessments,integrity_verified,boolean,NO,FALSE,,,,,Campo integrity_verified de image_quality_assessments.
image_quality_assessments,checksum_verified,boolean,NO,FALSE,,,,,Campo checksum_verified de image_quality_assessments.
image_quality_assessments,decoded_successfully,boolean,NO,FALSE,,,,,Campo decoded_successfully de image_quality_assessments.
image_quality_assessments,width_px,integer,NO,,,,,image_quality_assessments_width_px_check: CONSTRAINT image_quality_assessments_width_px_check CHECK (width_px > 0),Campo width_px de image_quality_assessments.
image_quality_assessments,height_px,integer,NO,,,,,image_quality_assessments_height_px_check: CONSTRAINT image_quality_assessments_height_px_check CHECK (height_px > 0),Campo height_px de image_quality_assessments.
image_quality_assessments,pixel_count,bigint,NO,,,,,image_quality_assessments_pixel_count_check: CONSTRAINT image_quality_assessments_pixel_count_check CHECK (pixel_count > 0),Campo pixel_count de image_quality_assessments.
image_quality_assessments,channel_count,integer,YES,,,,,,Campo channel_count de image_quality_assessments.
image_quality_assessments,bit_depth,integer,YES,,,,,,Campo bit_depth de image_quality_assessments.
image_quality_assessments,color_space,varchar(80),YES,,,,,,Campo color_space de image_quality_assessments.
image_quality_assessments,analyzed_width_px,integer,NO,,,,,image_quality_assessments_analyzed_width_px_check: CONSTRAINT image_quality_assessments_analyzed_width_px_check CHECK (analyzed_width_px > 0),Campo analyzed_width_px de image_quality_assessments.
image_quality_assessments,analyzed_height_px,integer,NO,,,,,image_quality_assessments_analyzed_height_px_check: CONSTRAINT image_quality_assessments_analyzed_height_px_check CHECK (analyzed_height_px > 0),Campo analyzed_height_px de image_quality_assessments.
image_quality_assessments,analysis_scale,double precision,NO,,,,,image_quality_assessments_analysis_scale_check: CONSTRAINT image_quality_assessments_analysis_scale_check CHECK (analysis_scale > CAST(0 AS double precision)),Campo analysis_scale de image_quality_assessments.
image_quality_assessments,brightness_mean,double precision,YES,,,,,,Campo brightness_mean de image_quality_assessments.
image_quality_assessments,brightness_p05,double precision,YES,,,,,,Campo brightness_p05 de image_quality_assessments.
image_quality_assessments,brightness_p50,double precision,YES,,,,,,Campo brightness_p50 de image_quality_assessments.
image_quality_assessments,brightness_p95,double precision,YES,,,,,,Campo brightness_p95 de image_quality_assessments.
image_quality_assessments,contrast_p95_p05,double precision,YES,,,,,,Campo contrast_p95_p05 de image_quality_assessments.
image_quality_assessments,luminance_stddev,double precision,YES,,,,,,Campo luminance_stddev de image_quality_assessments.
image_quality_assessments,entropy_bits,double precision,YES,,,,,,Campo entropy_bits de image_quality_assessments.
image_quality_assessments,laplacian_variance,double precision,YES,,,,,,Campo laplacian_variance de image_quality_assessments.
image_quality_assessments,tenengrad_mean,double precision,YES,,,,,,Campo tenengrad_mean de image_quality_assessments.
image_quality_assessments,dark_pixel_ratio,double precision,YES,,,,,image_quality_assessments_dark_pixel_ratio_check: CONSTRAINT image_quality_assessments_dark_pixel_ratio_check CHECK (dark_pixel_ratio >= CAST(0 AS double precision) AND dark_pixel_ratio <= CAST(1 AS double precision)),Campo dark_pixel_ratio de image_quality_assessments.
image_quality_assessments,bright_pixel_ratio,double precision,YES,,,,,image_quality_assessments_bright_pixel_ratio_check: CONSTRAINT image_quality_assessments_bright_pixel_ratio_check CHECK (bright_pixel_ratio >= CAST(0 AS double precision) AND bright_pixel_ratio <= CAST(1 AS double precision)),Campo bright_pixel_ratio de image_quality_assessments.
image_quality_assessments,near_black_border_ratio,double precision,YES,,,,,image_quality_assessments_near_black_border_ratio_check: CONSTRAINT image_quality_assessments_near_black_border_ratio_check CHECK (near_black_border_ratio >= CAST(0 AS double precision) AND near_black_border_ratio <= CAST(1 AS double precision)),Campo near_black_border_ratio de image_quality_assessments.
image_quality_assessments,usable_field_ratio,double precision,YES,,,,,image_quality_assessments_usable_field_ratio_check: CONSTRAINT image_quality_assessments_usable_field_ratio_check CHECK (usable_field_ratio >= CAST(0 AS double precision) AND usable_field_ratio <= CAST(1 AS double precision)),Campo usable_field_ratio de image_quality_assessments.
image_quality_assessments,warning_codes,jsonb,NO,CAST('[]' AS jsonb),,,,image_quality_assessments_warning_codes_check: CONSTRAINT image_quality_assessments_warning_codes_check CHECK (jsonb_typeof(warning_codes) = CAST('array' AS text)),"Campo warning_codes de image_quality_assessments. Snapshot, parámetros extensibles o metadatos variables; no sustituye las FK ni columnas tipadas. Canonical/hash preserva los bytes de origen cuando aplica."
image_quality_assessments,failure_codes,jsonb,NO,CAST('[]' AS jsonb),,,,image_quality_assessments_failure_codes_check: CONSTRAINT image_quality_assessments_failure_codes_check CHECK (jsonb_typeof(failure_codes) = CAST('array' AS text)),"Campo failure_codes de image_quality_assessments. Snapshot, parámetros extensibles o metadatos variables; no sustituye las FK ni columnas tipadas. Canonical/hash preserva los bytes de origen cuando aplica."
image_quality_assessments,metrics_json,jsonb,NO,CAST('{}' AS jsonb),,,,image_quality_assessments_metrics_json_check: CONSTRAINT image_quality_assessments_metrics_json_check CHECK (jsonb_typeof(metrics_json) = CAST('object' AS text)),"Campo metrics_json de image_quality_assessments. Snapshot, parámetros extensibles o metadatos variables; no sustituye las FK ni columnas tipadas. Canonical/hash preserva los bytes de origen cuando aplica."
image_quality_assessments,started_at,timestamp with time zone,YES,,,,,,Campo started_at de image_quality_assessments. Auditoría temporal del evento indicado; sin actualización automática salvo trigger explícito.
image_quality_assessments,completed_at,timestamp with time zone,YES,,,,,,Campo completed_at de image_quality_assessments. Auditoría temporal del evento indicado; sin actualización automática salvo trigger explícito.
image_quality_assessments,error_code,varchar(80),YES,,,,,,Campo error_code de image_quality_assessments.
image_quality_assessments,error_message,text,YES,,,,,,Campo error_message de image_quality_assessments.
image_quality_assessments,created_at,timestamp with time zone,NO,now(),,,,,Campo created_at de image_quality_assessments. Auditoría temporal del evento indicado; sin actualización automática salvo trigger explícito.
local_execution_jobs,id,uuid,NO,,YES,,,,Campo id de local_execution_jobs.
local_execution_jobs,principal,text,NO,,,,,,Campo principal de local_execution_jobs.
local_execution_jobs,agent_id,uuid,NO,,,,,,Campo agent_id de local_execution_jobs.
local_execution_jobs,owner,uuid,NO,,,,local_execution_jobs_owner_key: CONSTRAINT local_execution_jobs_owner_key UNIQUE (owner),,Campo owner de local_execution_jobs.
local_execution_jobs,request_hash,text,NO,,,,,,"Campo request_hash de local_execution_jobs. Identidad/procedencia; conservar valor y representación canónica original, sin recalcular al transferir."
local_execution_jobs,campaign_id,uuid,NO,,,local_execution_jobs_campaign_id_fkey: CONSTRAINT local_execution_jobs_campaign_id_fkey FOREIGN KEY (campaign_id) REFERENCES experimental_campaigns (id),,,Campo campaign_id de local_execution_jobs.
local_execution_jobs,run_id,uuid,YES,,,local_execution_jobs_run_id_fkey: CONSTRAINT local_execution_jobs_run_id_fkey FOREIGN KEY (run_id) REFERENCES runs (id),local_execution_jobs_run_id_key: CONSTRAINT local_execution_jobs_run_id_key UNIQUE (run_id),,Campo run_id de local_execution_jobs.
local_execution_jobs,state,text,NO,,,,,"local_execution_jobs_state_check: CONSTRAINT local_execution_jobs_state_check CHECK (state = ANY(ARRAY[CAST('held' AS text), CAST('calculation_reported' AS text), CAST('released' AS text), CAST('failed' AS text)]))",Campo state de local_execution_jobs.
local_execution_jobs,session,jsonb,YES,,,,,,"Campo session de local_execution_jobs. Snapshot, parámetros extensibles o metadatos variables; no sustituye las FK ni columnas tipadas. Canonical/hash preserva los bytes de origen cuando aplica."
local_execution_jobs,heartbeat_at,timestamp with time zone,NO,clock_timestamp(),,,,,Campo heartbeat_at de local_execution_jobs. Auditoría temporal del evento indicado; sin actualización automática salvo trigger explícito.
local_execution_jobs,process,jsonb,YES,,,,,,"Campo process de local_execution_jobs. Snapshot, parámetros extensibles o metadatos variables; no sustituye las FK ni columnas tipadas. Canonical/hash preserva los bytes de origen cuando aplica."
local_execution_jobs,completion,jsonb,YES,,,,,,"Campo completion de local_execution_jobs. Snapshot, parámetros extensibles o metadatos variables; no sustituye las FK ni columnas tipadas. Canonical/hash preserva los bytes de origen cuando aplica."
local_execution_jobs,exit_proof,jsonb,YES,,,,,,"Campo exit_proof de local_execution_jobs. Snapshot, parámetros extensibles o metadatos variables; no sustituye las FK ni columnas tipadas. Canonical/hash preserva los bytes de origen cuando aplica."
local_execution_jobs,result,jsonb,YES,,,,,,"Campo result de local_execution_jobs. Snapshot, parámetros extensibles o metadatos variables; no sustituye las FK ni columnas tipadas. Canonical/hash preserva los bytes de origen cuando aplica."
local_execution_jobs,created_at,timestamp with time zone,NO,clock_timestamp(),,,,,Campo created_at de local_execution_jobs. Auditoría temporal del evento indicado; sin actualización automática salvo trigger explícito.
microscopy_analysis_events,id,uuid,NO,,YES,,,,Campo id de microscopy_analysis_events.
microscopy_analysis_events,analysis_run_id,uuid,NO,,,microscopy_analysis_events_analysis_run_id_fkey: CONSTRAINT microscopy_analysis_events_analysis_run_id_fkey FOREIGN KEY (analysis_run_id) REFERENCES microscopy_analysis_runs (id) ON DELETE RESTRICT,,,Campo analysis_run_id de microscopy_analysis_events.
microscopy_analysis_events,microscopy_image_id,uuid,YES,,,microscopy_analysis_events_microscopy_image_id_fkey: CONSTRAINT microscopy_analysis_events_microscopy_image_id_fkey FOREIGN KEY (microscopy_image_id) REFERENCES microscopy_images (id) ON DELETE RESTRICT,,,Campo microscopy_image_id de microscopy_analysis_events.
microscopy_analysis_events,event_type,varchar(80),NO,,,,,,Campo event_type de microscopy_analysis_events.
microscopy_analysis_events,stage,varchar(40),NO,,,,,,Campo stage de microscopy_analysis_events.
microscopy_analysis_events,status,varchar(30),NO,,,,,,Campo status de microscopy_analysis_events.
microscopy_analysis_events,message_code,varchar(80),YES,,,,,,Campo message_code de microscopy_analysis_events.
microscopy_analysis_events,message,text,YES,,,,,,Campo message de microscopy_analysis_events.
microscopy_analysis_events,progress_current,integer,YES,,,,,microscopy_analysis_events_progress_current_check: CONSTRAINT microscopy_analysis_events_progress_current_check CHECK (progress_current IS NULL OR progress_current >= 0),Campo progress_current de microscopy_analysis_events.
microscopy_analysis_events,progress_total,integer,YES,,,,,microscopy_analysis_events_progress_total_check: CONSTRAINT microscopy_analysis_events_progress_total_check CHECK (progress_total IS NULL OR progress_total >= 0),Campo progress_total de microscopy_analysis_events.
microscopy_analysis_events,created_at,timestamp with time zone,NO,now(),,,,,Campo created_at de microscopy_analysis_events. Auditoría temporal del evento indicado; sin actualización automática salvo trigger explícito.
microscopy_analysis_run_images,id,uuid,NO,,YES,,"microscopy_analysis_run_image_id_analysis_run_id_microscopy_key: CONSTRAINT microscopy_analysis_run_image_id_analysis_run_id_microscopy_key UNIQUE (id, analysis_run_id, microscopy_image_id)",,Campo id de microscopy_analysis_run_images.
microscopy_analysis_run_images,analysis_run_id,uuid,NO,,,microscopy_analysis_run_images_analysis_run_id_fkey: CONSTRAINT microscopy_analysis_run_images_analysis_run_id_fkey FOREIGN KEY (analysis_run_id) REFERENCES microscopy_analysis_runs (id) ON DELETE RESTRICT,"microscopy_analysis_run_image_analysis_run_id_microscopy_im_key: CONSTRAINT microscopy_analysis_run_image_analysis_run_id_microscopy_im_key UNIQUE (analysis_run_id, microscopy_image_id) | microscopy_analysis_run_image_analysis_run_id_sequence_numb_key: CONSTRAINT microscopy_analysis_run_image_analysis_run_id_sequence_numb_key UNIQUE (analysis_run_id, sequence_number) | microscopy_analysis_run_image_id_analysis_run_id_microscopy_key: CONSTRAINT microscopy_analysis_run_image_id_analysis_run_id_microscopy_key UNIQUE (id, analysis_run_id, microscopy_image_id)",,Campo analysis_run_id de microscopy_analysis_run_images.
microscopy_analysis_run_images,microscopy_image_id,uuid,NO,,,microscopy_analysis_run_images_microscopy_image_id_fkey: CONSTRAINT microscopy_analysis_run_images_microscopy_image_id_fkey FOREIGN KEY (microscopy_image_id) REFERENCES microscopy_images (id) ON DELETE RESTRICT,"microscopy_analysis_run_image_analysis_run_id_microscopy_im_key: CONSTRAINT microscopy_analysis_run_image_analysis_run_id_microscopy_im_key UNIQUE (analysis_run_id, microscopy_image_id) | microscopy_analysis_run_image_id_analysis_run_id_microscopy_key: CONSTRAINT microscopy_analysis_run_image_id_analysis_run_id_microscopy_key UNIQUE (id, analysis_run_id, microscopy_image_id)",,Campo microscopy_image_id de microscopy_analysis_run_images.
microscopy_analysis_run_images,sequence_number,integer,NO,,,,"microscopy_analysis_run_image_analysis_run_id_sequence_numb_key: CONSTRAINT microscopy_analysis_run_image_analysis_run_id_sequence_numb_key UNIQUE (analysis_run_id, sequence_number)",microscopy_analysis_run_images_sequence_number_check: CONSTRAINT microscopy_analysis_run_images_sequence_number_check CHECK (sequence_number > 0),Campo sequence_number de microscopy_analysis_run_images.
microscopy_analysis_run_images,input_sha256,char(64),NO,,,,,,"Campo input_sha256 de microscopy_analysis_run_images. Identidad/procedencia; conservar valor y representación canónica original, sin recalcular al transferir."
microscopy_analysis_run_images,input_file_size_bytes,bigint,NO,,,,,microscopy_analysis_run_images_input_file_size_bytes_check: CONSTRAINT microscopy_analysis_run_images_input_file_size_bytes_check CHECK (input_file_size_bytes > 0),Campo input_file_size_bytes de microscopy_analysis_run_images.
microscopy_analysis_run_images,input_width_px,integer,NO,,,,,microscopy_analysis_run_images_input_width_px_check: CONSTRAINT microscopy_analysis_run_images_input_width_px_check CHECK (input_width_px > 0),Campo input_width_px de microscopy_analysis_run_images.
microscopy_analysis_run_images,input_height_px,integer,NO,,,,,microscopy_analysis_run_images_input_height_px_check: CONSTRAINT microscopy_analysis_run_images_input_height_px_check CHECK (input_height_px > 0),Campo input_height_px de microscopy_analysis_run_images.
microscopy_analysis_run_images,image_status_at_creation,varchar(30),NO,,,,,,Campo image_status_at_creation de microscopy_analysis_run_images.
microscopy_analysis_run_images,quality_status,varchar(20),NO,CAST('pending' AS varchar),,,,"microscopy_analysis_run_images_quality_status_check: CONSTRAINT microscopy_analysis_run_images_quality_status_check CHECK (CAST(quality_status AS text) = ANY(ARRAY[CAST(CAST('pending' AS varchar) AS text), CAST(CAST('pass' AS varchar) AS text), CAST(CAST('warning' AS varchar) AS text), CAST(CAST('fail' AS varchar) AS text), CAST(CAST('error' AS varchar) AS text)]))",Campo quality_status de microscopy_analysis_run_images.
microscopy_analysis_run_images,created_at,timestamp with time zone,NO,now(),,,,,Campo created_at de microscopy_analysis_run_images. Auditoría temporal del evento indicado; sin actualización automática salvo trigger explícito.
microscopy_analysis_runs,id,uuid,NO,,YES,,,,Campo id de microscopy_analysis_runs.
microscopy_analysis_runs,ingestion_batch_id,uuid,NO,,,microscopy_analysis_runs_ingestion_batch_id_fkey: CONSTRAINT microscopy_analysis_runs_ingestion_batch_id_fkey FOREIGN KEY (ingestion_batch_id) REFERENCES image_ingestion_batches (id) ON DELETE RESTRICT,"uq_microscopy_analysis_equivalent: CREATE UNIQUE INDEX uq_microscopy_analysis_equivalent ON public.microscopy_analysis_runs (ingestion_batch_id, quality_profile_key, quality_profile_version, quality_algorithm_version, input_manifest_sha256)",,Campo ingestion_batch_id de microscopy_analysis_runs.
microscopy_analysis_runs,subject_id,uuid,NO,,,microscopy_analysis_runs_subject_id_fkey: CONSTRAINT microscopy_analysis_runs_subject_id_fkey FOREIGN KEY (subject_id) REFERENCES research_subjects (id) ON DELETE RESTRICT,,,Campo subject_id de microscopy_analysis_runs.
microscopy_analysis_runs,case_id,uuid,NO,,,microscopy_analysis_runs_case_id_fkey: CONSTRAINT microscopy_analysis_runs_case_id_fkey FOREIGN KEY (case_id) REFERENCES scientific_cases (id) ON DELETE RESTRICT,,,Campo case_id de microscopy_analysis_runs.
microscopy_analysis_runs,sample_id,uuid,NO,,,microscopy_analysis_runs_sample_id_fkey: CONSTRAINT microscopy_analysis_runs_sample_id_fkey FOREIGN KEY (sample_id) REFERENCES blood_samples (id) ON DELETE RESTRICT,,,Campo sample_id de microscopy_analysis_runs.
microscopy_analysis_runs,slide_id,uuid,NO,,,microscopy_analysis_runs_slide_id_fkey: CONSTRAINT microscopy_analysis_runs_slide_id_fkey FOREIGN KEY (slide_id) REFERENCES smear_slides (id) ON DELETE RESTRICT,,,Campo slide_id de microscopy_analysis_runs.
microscopy_analysis_runs,run_code,varchar(20),NO,,,,microscopy_analysis_runs_run_code_key: CONSTRAINT microscopy_analysis_runs_run_code_key UNIQUE (run_code),,Campo run_code de microscopy_analysis_runs.
microscopy_analysis_runs,run_status,varchar(30),NO,,,,,"microscopy_analysis_runs_run_status_check: CONSTRAINT microscopy_analysis_runs_run_status_check CHECK (CAST(run_status AS text) = ANY(ARRAY[CAST(CAST('created' AS varchar) AS text), CAST(CAST('quality_pending' AS varchar) AS text), CAST(CAST('quality_processing' AS varchar) AS text), CAST(CAST('quality_completed' AS varchar) AS text), CAST(CAST('review_required' AS varchar) AS text), CAST(CAST('ready_for_analysis' AS varchar) AS text), CAST(CAST('blocked' AS varchar) AS text), CAST(CAST('failed' AS varchar) AS text), CAST(CAST('cancelled' AS varchar) AS text)]))",Campo run_status de microscopy_analysis_runs.
microscopy_analysis_runs,active_stage,varchar(30),NO,,,,,"microscopy_analysis_runs_active_stage_check: CONSTRAINT microscopy_analysis_runs_active_stage_check CHECK (CAST(active_stage AS text) = ANY(ARRAY[CAST(CAST('created' AS varchar) AS text), CAST(CAST('integrity_check' AS varchar) AS text), CAST(CAST('quality_assessment' AS varchar) AS text), CAST(CAST('quality_aggregation' AS varchar) AS text), CAST(CAST('technical_review' AS varchar) AS text), CAST(CAST('completed' AS varchar) AS text), CAST(CAST('failed' AS varchar) AS text)]))",Campo active_stage de microscopy_analysis_runs.
microscopy_analysis_runs,quality_gate_status,varchar(20),NO,,,,,"microscopy_analysis_runs_quality_gate_status_check: CONSTRAINT microscopy_analysis_runs_quality_gate_status_check CHECK (CAST(quality_gate_status AS text) = ANY(ARRAY[CAST(CAST('pending' AS varchar) AS text), CAST(CAST('pass' AS varchar) AS text), CAST(CAST('warning' AS varchar) AS text), CAST(CAST('fail' AS varchar) AS text), CAST(CAST('error' AS varchar) AS text)]))",Campo quality_gate_status de microscopy_analysis_runs.
microscopy_analysis_runs,ready_for_analysis,boolean,NO,FALSE,,,,,Campo ready_for_analysis de microscopy_analysis_runs.
microscopy_analysis_runs,quality_profile_key,varchar(80),NO,,,,"uq_microscopy_analysis_equivalent: CREATE UNIQUE INDEX uq_microscopy_analysis_equivalent ON public.microscopy_analysis_runs (ingestion_batch_id, quality_profile_key, quality_profile_version, quality_algorithm_version, input_manifest_sha256)",,Campo quality_profile_key de microscopy_analysis_runs.
microscopy_analysis_runs,quality_profile_version,varchar(40),NO,,,,"uq_microscopy_analysis_equivalent: CREATE UNIQUE INDEX uq_microscopy_analysis_equivalent ON public.microscopy_analysis_runs (ingestion_batch_id, quality_profile_key, quality_profile_version, quality_algorithm_version, input_manifest_sha256)",,Campo quality_profile_version de microscopy_analysis_runs.
microscopy_analysis_runs,quality_algorithm_version,varchar(40),NO,,,,"uq_microscopy_analysis_equivalent: CREATE UNIQUE INDEX uq_microscopy_analysis_equivalent ON public.microscopy_analysis_runs (ingestion_batch_id, quality_profile_key, quality_profile_version, quality_algorithm_version, input_manifest_sha256)",,Campo quality_algorithm_version de microscopy_analysis_runs.
microscopy_analysis_runs,quality_profile_snapshot,jsonb,NO,,,,,microscopy_analysis_runs_quality_profile_snapshot_check: CONSTRAINT microscopy_analysis_runs_quality_profile_snapshot_check CHECK (jsonb_typeof(quality_profile_snapshot) = CAST('object' AS text)),"Campo quality_profile_snapshot de microscopy_analysis_runs. Snapshot, parámetros extensibles o metadatos variables; no sustituye las FK ni columnas tipadas. Canonical/hash preserva los bytes de origen cuando aplica."
microscopy_analysis_runs,input_manifest_sha256,char(64),NO,,,,"uq_microscopy_analysis_equivalent: CREATE UNIQUE INDEX uq_microscopy_analysis_equivalent ON public.microscopy_analysis_runs (ingestion_batch_id, quality_profile_key, quality_profile_version, quality_algorithm_version, input_manifest_sha256)",,"Campo input_manifest_sha256 de microscopy_analysis_runs. Identidad/procedencia; conservar valor y representación canónica original, sin recalcular al transferir."
microscopy_analysis_runs,input_image_count,integer,NO,,,,,microscopy_analysis_runs_input_image_count_check: CONSTRAINT microscopy_analysis_runs_input_image_count_check CHECK (input_image_count > 0),Campo input_image_count de microscopy_analysis_runs.
microscopy_analysis_runs,requested_by,uuid,NO,,,microscopy_analysis_runs_requested_by_fkey: CONSTRAINT microscopy_analysis_runs_requested_by_fkey FOREIGN KEY (requested_by) REFERENCES users (id) ON DELETE RESTRICT,,,Campo requested_by de microscopy_analysis_runs.
microscopy_analysis_runs,started_at,timestamp with time zone,YES,,,,,,Campo started_at de microscopy_analysis_runs. Auditoría temporal del evento indicado; sin actualización automática salvo trigger explícito.
microscopy_analysis_runs,completed_at,timestamp with time zone,YES,,,,,,Campo completed_at de microscopy_analysis_runs. Auditoría temporal del evento indicado; sin actualización automática salvo trigger explícito.
microscopy_analysis_runs,failed_at,timestamp with time zone,YES,,,,,,Campo failed_at de microscopy_analysis_runs. Auditoría temporal del evento indicado; sin actualización automática salvo trigger explícito.
microscopy_analysis_runs,error_code,varchar(80),YES,,,,,,Campo error_code de microscopy_analysis_runs.
microscopy_analysis_runs,error_message,text,YES,,,,,,Campo error_message de microscopy_analysis_runs.
microscopy_analysis_runs,created_at,timestamp with time zone,NO,now(),,,,,Campo created_at de microscopy_analysis_runs. Auditoría temporal del evento indicado; sin actualización automática salvo trigger explícito.
microscopy_analysis_runs,updated_at,timestamp with time zone,NO,now(),,,,,Campo updated_at de microscopy_analysis_runs. Auditoría temporal del evento indicado; sin actualización automática salvo trigger explícito.
microscopy_images,id,uuid,NO,,YES,,,,Campo id de microscopy_images.
microscopy_images,slide_id,uuid,NO,,,microscopy_images_slide_id_fkey: CONSTRAINT microscopy_images_slide_id_fkey FOREIGN KEY (slide_id) REFERENCES smear_slides (id) ON DELETE RESTRICT,"uq_microscopy_images_slide_code: CONSTRAINT uq_microscopy_images_slide_code UNIQUE (slide_id, image_code) | uq_microscopy_images_slide_sha256: CONSTRAINT uq_microscopy_images_slide_sha256 UNIQUE (slide_id, sha256)",,Campo slide_id de microscopy_images.
microscopy_images,image_code,varchar(120),NO,,,,"uq_microscopy_images_slide_code: CONSTRAINT uq_microscopy_images_slide_code UNIQUE (slide_id, image_code)",microscopy_images_image_code_check: CONSTRAINT microscopy_images_image_code_check CHECK (btrim(CAST(image_code AS text)) <> CAST('' AS text)),Campo image_code de microscopy_images.
microscopy_images,storage_provider,varchar(40),NO,CAST('local' AS varchar),,,,,Campo storage_provider de microscopy_images.
microscopy_images,storage_key,text,NO,,,,,microscopy_images_storage_key_check: CONSTRAINT microscopy_images_storage_key_check CHECK (btrim(storage_key) <> CAST('' AS text)),Campo storage_key de microscopy_images.
microscopy_images,original_filename,text,YES,,,,,,Campo original_filename de microscopy_images.
microscopy_images,mime_type,varchar(120),NO,,,,,microscopy_images_mime_type_check: CONSTRAINT microscopy_images_mime_type_check CHECK (btrim(CAST(mime_type AS text)) <> CAST('' AS text)),Campo mime_type de microscopy_images.
microscopy_images,file_size_bytes,bigint,NO,,,,,microscopy_images_file_size_bytes_check: CONSTRAINT microscopy_images_file_size_bytes_check CHECK (file_size_bytes > 0),Campo file_size_bytes de microscopy_images.
microscopy_images,sha256,char(64),NO,,,,"uq_microscopy_images_slide_sha256: CONSTRAINT uq_microscopy_images_slide_sha256 UNIQUE (slide_id, sha256)",microscopy_images_sha256_check: CONSTRAINT microscopy_images_sha256_check CHECK (sha256 ~ CAST('^[0-9a-fA-F]{64}$' AS text)),"Campo sha256 de microscopy_images. Identidad/procedencia; conservar valor y representación canónica original, sin recalcular al transferir."
microscopy_images,width_px,integer,NO,,,,,microscopy_images_width_px_check: CONSTRAINT microscopy_images_width_px_check CHECK (width_px > 0),Campo width_px de microscopy_images.
microscopy_images,height_px,integer,NO,,,,,microscopy_images_height_px_check: CONSTRAINT microscopy_images_height_px_check CHECK (height_px > 0),Campo height_px de microscopy_images.
microscopy_images,bit_depth,integer,YES,,,,,microscopy_images_bit_depth_check: CONSTRAINT microscopy_images_bit_depth_check CHECK (bit_depth IS NULL OR bit_depth > 0),Campo bit_depth de microscopy_images.
microscopy_images,magnification,numeric,YES,,,,,microscopy_images_magnification_check: CONSTRAINT microscopy_images_magnification_check CHECK (magnification IS NULL OR magnification > CAST(0 AS numeric)),Campo magnification de microscopy_images.
microscopy_images,objective_lens,varchar(120),YES,,,,,,Campo objective_lens de microscopy_images.
microscopy_images,microscope_reference,varchar(160),YES,,,,,,Campo microscope_reference de microscopy_images.
microscopy_images,camera_reference,varchar(160),YES,,,,,,Campo camera_reference de microscopy_images.
microscopy_images,captured_at,timestamp with time zone,YES,,,,,,Campo captured_at de microscopy_images. Auditoría temporal del evento indicado; sin actualización automática salvo trigger explícito.
microscopy_images,status,varchar(20),NO,CAST('registered' AS varchar),,,,"ck_microscopy_image_archive_state: CONSTRAINT ck_microscopy_image_archive_state CHECK ((CAST(status AS text) <> CAST('archived' AS text) AND archived_at IS NULL AND archived_by IS NULL) OR (CAST(status AS text) = CAST('archived' AS text) AND archived_at IS NOT NULL AND archived_by IS NOT NULL)) | microscopy_images_status_check: CONSTRAINT microscopy_images_status_check CHECK (CAST(status AS text) = ANY(ARRAY[CAST(CAST('registered' AS varchar) AS text), CAST(CAST('available' AS varchar) AS text), CAST(CAST('unavailable' AS varchar) AS text), CAST(CAST('rejected' AS varchar) AS text), CAST(CAST('archived' AS varchar) AS text)]))",Campo status de microscopy_images.
microscopy_images,metadata_json,jsonb,NO,CAST('{}' AS jsonb),,,,microscopy_images_metadata_json_check: CONSTRAINT microscopy_images_metadata_json_check CHECK (jsonb_typeof(metadata_json) = CAST('object' AS text)),"Campo metadata_json de microscopy_images. Snapshot, parámetros extensibles o metadatos variables; no sustituye las FK ni columnas tipadas. Canonical/hash preserva los bytes de origen cuando aplica."
microscopy_images,created_at,timestamp with time zone,NO,now(),,,,,Campo created_at de microscopy_images. Auditoría temporal del evento indicado; sin actualización automática salvo trigger explícito.
microscopy_images,updated_at,timestamp with time zone,NO,now(),,,,,Campo updated_at de microscopy_images. Auditoría temporal del evento indicado; sin actualización automática salvo trigger explícito.
microscopy_images,created_by,uuid,NO,,,microscopy_images_created_by_fkey: CONSTRAINT microscopy_images_created_by_fkey FOREIGN KEY (created_by) REFERENCES users (id) ON DELETE RESTRICT,,,Campo created_by de microscopy_images.
microscopy_images,updated_by,uuid,YES,,,microscopy_images_updated_by_fkey: CONSTRAINT microscopy_images_updated_by_fkey FOREIGN KEY (updated_by) REFERENCES users (id) ON DELETE RESTRICT,,,Campo updated_by de microscopy_images.
microscopy_images,archived_at,timestamp with time zone,YES,,,,,ck_microscopy_image_archive_state: CONSTRAINT ck_microscopy_image_archive_state CHECK ((CAST(status AS text) <> CAST('archived' AS text) AND archived_at IS NULL AND archived_by IS NULL) OR (CAST(status AS text) = CAST('archived' AS text) AND archived_at IS NOT NULL AND archived_by IS NOT NULL)),Campo archived_at de microscopy_images. Auditoría temporal del evento indicado; sin actualización automática salvo trigger explícito.
microscopy_images,archived_by,uuid,YES,,,microscopy_images_archived_by_fkey: CONSTRAINT microscopy_images_archived_by_fkey FOREIGN KEY (archived_by) REFERENCES users (id) ON DELETE RESTRICT,,ck_microscopy_image_archive_state: CONSTRAINT ck_microscopy_image_archive_state CHECK ((CAST(status AS text) <> CAST('archived' AS text) AND archived_at IS NULL AND archived_by IS NULL) OR (CAST(status AS text) = CAST('archived' AS text) AND archived_at IS NOT NULL AND archived_by IS NOT NULL)),Campo archived_by de microscopy_images.
microscopy_images,acquisition_origin,varchar(40),NO,CAST('manual_upload' AS varchar),,,,"ck_microscopy_images_acquisition_origin: CONSTRAINT ck_microscopy_images_acquisition_origin CHECK (CAST(acquisition_origin AS text) = ANY(ARRAY[CAST(CAST('manual_upload' AS varchar) AS text), CAST(CAST('research_dataset_import' AS varchar) AS text), CAST(CAST('external_capture_system' AS varchar) AS text)]))",Campo acquisition_origin de microscopy_images.
microscopy_images,source_system,varchar(120),YES,,,,"uq_microscopy_images_external_path: CREATE UNIQUE INDEX uq_microscopy_images_external_path ON public.microscopy_images (source_system, source_relative_path) WHERE source_system IS NOT NULL AND source_relative_path IS NOT NULL",,Campo source_system de microscopy_images.
microscopy_images,source_component_id,varchar(240),YES,,,,,,Campo source_component_id de microscopy_images.
microscopy_images,source_image_name,varchar(500),YES,,,,,,Campo source_image_name de microscopy_images.
microscopy_images,source_relative_path,text,YES,,,,"uq_microscopy_images_external_path: CREATE UNIQUE INDEX uq_microscopy_images_external_path ON public.microscopy_images (source_system, source_relative_path) WHERE source_system IS NOT NULL AND source_relative_path IS NOT NULL",,Campo source_relative_path de microscopy_images.
microscopy_images,image_sequence_number,integer,YES,,,,,ck_microscopy_images_sequence: CONSTRAINT ck_microscopy_images_sequence CHECK (image_sequence_number IS NULL OR image_sequence_number > 0),Campo image_sequence_number de microscopy_images.
microscopy_images,detected_format,varchar(20),YES,,,,,,Campo detected_format de microscopy_images.
microscopy_images,channel_count,integer,YES,,,,,ck_microscopy_images_channels: CONSTRAINT ck_microscopy_images_channels CHECK (channel_count IS NULL OR channel_count > 0),Campo channel_count de microscopy_images.
microscopy_images,color_space,varchar(80),YES,,,,,,Campo color_space de microscopy_images.
microscopy_images,orientation,varchar(80),YES,,,,,,Campo orientation de microscopy_images.
microscopy_images,ingestion_batch_id,uuid,YES,,,microscopy_images_ingestion_batch_id_fkey: CONSTRAINT microscopy_images_ingestion_batch_id_fkey FOREIGN KEY (ingestion_batch_id) REFERENCES image_ingestion_batches (id) ON DELETE RESTRICT,,,Campo ingestion_batch_id de microscopy_images.
model_versions,id,uuid,NO,pg_catalog.gen_random_uuid(),YES,,"uq_model_versions_id_checkpoint_artifact: CREATE UNIQUE INDEX uq_model_versions_id_checkpoint_artifact ON public.model_versions (id, checkpoint_artifact_id) | uq_model_versions_id_training_run: CREATE UNIQUE INDEX uq_model_versions_id_training_run ON public.model_versions (id, training_run_id)",,Campo id de model_versions.
model_versions,model_id,uuid,YES,,,model_versions_model_id_fkey: CONSTRAINT model_versions_model_id_fkey FOREIGN KEY (model_id) REFERENCES models (id) ON DELETE RESTRICT,,,Campo model_id de model_versions.
model_versions,version_name,text,YES,,,,"uq_model_versions_training_version_name: CREATE UNIQUE INDEX uq_model_versions_training_version_name ON public.model_versions (training_run_id, version_name) WHERE training_run_id IS NOT NULL AND version_name IS NOT NULL",,Campo version_name de model_versions.
model_versions,checkpoint_path,text,YES,,,,,,Campo checkpoint_path de model_versions.
model_versions,final_model_path,text,YES,,,,,,Campo final_model_path de model_versions.
model_versions,best_model_path,text,YES,,,,,,Campo best_model_path de model_versions.
model_versions,training_run_id,uuid,YES,,,"fk_model_versions_checkpoint_artifact_owner: CONSTRAINT fk_model_versions_checkpoint_artifact_owner FOREIGN KEY (checkpoint_artifact_id, training_run_id) REFERENCES artifacts (id, run_id) ON DELETE RESTRICT | model_versions_training_run_id_fkey: CONSTRAINT model_versions_training_run_id_fkey FOREIGN KEY (training_run_id) REFERENCES runs (id) ON DELETE RESTRICT","uq_model_versions_id_training_run: CREATE UNIQUE INDEX uq_model_versions_id_training_run ON public.model_versions (id, training_run_id) | uq_model_versions_training_version_name: CREATE UNIQUE INDEX uq_model_versions_training_version_name ON public.model_versions (training_run_id, version_name) WHERE training_run_id IS NOT NULL AND version_name IS NOT NULL",chk_model_versions_artifact_requires_training: CONSTRAINT chk_model_versions_artifact_requires_training CHECK (checkpoint_artifact_id IS NULL OR training_run_id IS NOT NULL) | chk_model_versions_resolved_training: CONSTRAINT chk_model_versions_resolved_training CHECK (lineage_status <> CAST('resolved' AS text) OR training_run_id IS NOT NULL),Campo training_run_id de model_versions.
model_versions,created_at,timestamp with time zone,YES,now(),,,,,Campo created_at de model_versions. Auditoría temporal del evento indicado; sin actualización automática salvo trigger explícito.
model_versions,metadata,jsonb,YES,CAST('{}' AS jsonb),,,,,"Campo metadata de model_versions. Snapshot, parámetros extensibles o metadatos variables; no sustituye las FK ni columnas tipadas. Canonical/hash preserva los bytes de origen cuando aplica."
model_versions,model_name,text,YES,,,,"uq_model_versions_name_number: CREATE UNIQUE INDEX uq_model_versions_name_number ON public.model_versions (model_name, version_number) WHERE model_name IS NOT NULL AND version_number IS NOT NULL",,Campo model_name de model_versions.
model_versions,version_number,integer,YES,,,,"uq_model_versions_name_number: CREATE UNIQUE INDEX uq_model_versions_name_number ON public.model_versions (model_name, version_number) WHERE model_name IS NOT NULL AND version_number IS NOT NULL",chk_model_versions_version_number: CONSTRAINT chk_model_versions_version_number CHECK (version_number IS NULL OR version_number > 0),Campo version_number de model_versions.
model_versions,checkpoint_artifact_id,uuid,YES,,,"fk_model_versions_checkpoint_artifact_owner: CONSTRAINT fk_model_versions_checkpoint_artifact_owner FOREIGN KEY (checkpoint_artifact_id, training_run_id) REFERENCES artifacts (id, run_id) ON DELETE RESTRICT","uq_model_versions_id_checkpoint_artifact: CREATE UNIQUE INDEX uq_model_versions_id_checkpoint_artifact ON public.model_versions (id, checkpoint_artifact_id) | uq_model_versions_checkpoint_artifact: CREATE UNIQUE INDEX uq_model_versions_checkpoint_artifact ON public.model_versions (checkpoint_artifact_id) WHERE checkpoint_artifact_id IS NOT NULL","chk_model_versions_artifact_requires_training: CONSTRAINT chk_model_versions_artifact_requires_training CHECK (checkpoint_artifact_id IS NULL OR training_run_id IS NOT NULL) | chk_model_versions_governed_hash: CONSTRAINT chk_model_versions_governed_hash CHECK (status <> ALL(ARRAY[CAST('candidate' AS text), CAST('validated' AS text), CAST('approved' AS text), CAST('deployed' AS text), CAST('rejected' AS text), CAST('retired' AS text)]) OR (checkpoint_artifact_id IS NOT NULL AND artifact_sha256 IS NOT NULL))",Campo checkpoint_artifact_id de model_versions.
model_versions,artifact_uri,text,YES,,,,,,Campo artifact_uri de model_versions.
model_versions,artifact_sha256,text,YES,,,,"uq_model_versions_unjustified_sha256: CREATE UNIQUE INDEX uq_model_versions_unjustified_sha256 ON public.model_versions (artifact_sha256) WHERE artifact_sha256 IS NOT NULL AND NULLIF(btrim(artifact_hash_reuse_justification), CAST('' AS text)) IS NULL","chk_model_versions_governed_hash: CONSTRAINT chk_model_versions_governed_hash CHECK (status <> ALL(ARRAY[CAST('candidate' AS text), CAST('validated' AS text), CAST('approved' AS text), CAST('deployed' AS text), CAST('rejected' AS text), CAST('retired' AS text)]) OR (checkpoint_artifact_id IS NOT NULL AND artifact_sha256 IS NOT NULL)) | chk_model_versions_sha256: CONSTRAINT chk_model_versions_sha256 CHECK (artifact_sha256 IS NULL OR artifact_sha256 ~ CAST('^[0-9a-f]{64}$' AS text))","Campo artifact_sha256 de model_versions. Identidad/procedencia; conservar valor y representación canónica original, sin recalcular al transferir."
model_versions,artifact_size_bytes,bigint,YES,,,,,chk_model_versions_artifact_size: CONSTRAINT chk_model_versions_artifact_size CHECK (artifact_size_bytes IS NULL OR artifact_size_bytes >= 0),Campo artifact_size_bytes de model_versions.
model_versions,artifact_hash_reuse_justification,text,YES,,,,,,"Campo artifact_hash_reuse_justification de model_versions. Identidad/procedencia; conservar valor y representación canónica original, sin recalcular al transferir."
model_versions,framework,text,YES,,,,,,Campo framework de model_versions.
model_versions,framework_version,text,YES,,,,,,Campo framework_version de model_versions.
model_versions,preprocessing_profile_snapshot,jsonb,NO,CAST('{}' AS jsonb),,,,chk_model_versions_profile_objects: CONSTRAINT chk_model_versions_profile_objects CHECK (jsonb_typeof(preprocessing_profile_snapshot) = CAST('object' AS text) AND jsonb_typeof(class_mapping) = CAST('object' AS text) AND jsonb_typeof(input_signature) = CAST('object' AS text) AND jsonb_typeof(output_signature) = CAST('object' AS text)),"Campo preprocessing_profile_snapshot de model_versions. Snapshot, parámetros extensibles o metadatos variables; no sustituye las FK ni columnas tipadas. Canonical/hash preserva los bytes de origen cuando aplica."
model_versions,class_mapping,jsonb,NO,CAST('{}' AS jsonb),,,,chk_model_versions_profile_objects: CONSTRAINT chk_model_versions_profile_objects CHECK (jsonb_typeof(preprocessing_profile_snapshot) = CAST('object' AS text) AND jsonb_typeof(class_mapping) = CAST('object' AS text) AND jsonb_typeof(input_signature) = CAST('object' AS text) AND jsonb_typeof(output_signature) = CAST('object' AS text)),"Campo class_mapping de model_versions. Snapshot, parámetros extensibles o metadatos variables; no sustituye las FK ni columnas tipadas. Canonical/hash preserva los bytes de origen cuando aplica."
model_versions,input_signature,jsonb,NO,CAST('{}' AS jsonb),,,,chk_model_versions_profile_objects: CONSTRAINT chk_model_versions_profile_objects CHECK (jsonb_typeof(preprocessing_profile_snapshot) = CAST('object' AS text) AND jsonb_typeof(class_mapping) = CAST('object' AS text) AND jsonb_typeof(input_signature) = CAST('object' AS text) AND jsonb_typeof(output_signature) = CAST('object' AS text)),"Campo input_signature de model_versions. Snapshot, parámetros extensibles o metadatos variables; no sustituye las FK ni columnas tipadas. Canonical/hash preserva los bytes de origen cuando aplica."
model_versions,output_signature,jsonb,NO,CAST('{}' AS jsonb),,,,chk_model_versions_profile_objects: CONSTRAINT chk_model_versions_profile_objects CHECK (jsonb_typeof(preprocessing_profile_snapshot) = CAST('object' AS text) AND jsonb_typeof(class_mapping) = CAST('object' AS text) AND jsonb_typeof(input_signature) = CAST('object' AS text) AND jsonb_typeof(output_signature) = CAST('object' AS text)),"Campo output_signature de model_versions. Snapshot, parámetros extensibles o metadatos variables; no sustituye las FK ni columnas tipadas. Canonical/hash preserva los bytes de origen cuando aplica."
model_versions,status,text,NO,CAST('discovered' AS text),,,,"chk_model_versions_governed_hash: CONSTRAINT chk_model_versions_governed_hash CHECK (status <> ALL(ARRAY[CAST('candidate' AS text), CAST('validated' AS text), CAST('approved' AS text), CAST('deployed' AS text), CAST('rejected' AS text), CAST('retired' AS text)]) OR (checkpoint_artifact_id IS NOT NULL AND artifact_sha256 IS NOT NULL)) | chk_model_versions_status: CONSTRAINT chk_model_versions_status CHECK (status = ANY(ARRAY[CAST('discovered' AS text), CAST('candidate' AS text), CAST('validated' AS text), CAST('approved' AS text), CAST('deployed' AS text), CAST('rejected' AS text), CAST('retired' AS text)]))",Campo status de model_versions.
model_versions,lineage_status,text,NO,CAST('unresolved' AS text),,,,"chk_model_versions_lineage_status: CONSTRAINT chk_model_versions_lineage_status CHECK (lineage_status = ANY(ARRAY[CAST('unresolved' AS text), CAST('resolved' AS text), CAST('ambiguous' AS text), CAST('artifact_missing' AS text), CAST('checksum_mismatch' AS text), CAST('legacy_unresolved' AS text)])) | chk_model_versions_resolved_training: CONSTRAINT chk_model_versions_resolved_training CHECK (lineage_status <> CAST('resolved' AS text) OR training_run_id IS NOT NULL)",Campo lineage_status de model_versions.
model_versions,validated_at,timestamp with time zone,YES,,,,,,Campo validated_at de model_versions. Auditoría temporal del evento indicado; sin actualización automática salvo trigger explícito.
model_versions,approved_at,timestamp with time zone,YES,,,,,,Campo approved_at de model_versions. Auditoría temporal del evento indicado; sin actualización automática salvo trigger explícito.
model_versions,retired_at,timestamp with time zone,YES,,,,,,Campo retired_at de model_versions. Auditoría temporal del evento indicado; sin actualización automática salvo trigger explícito.
models,id,uuid,NO,pg_catalog.gen_random_uuid(),YES,,,,Campo id de models.
models,name,text,NO,,,,,,Campo name de models.
models,model_type,text,NO,,,,,,Campo model_type de models.
models,framework,text,YES,,,,,,Campo framework de models.
models,architecture,text,YES,,,,,,Campo architecture de models.
models,description,text,YES,,,,,,Campo description de models.
models,input_shape,text,YES,,,,,,Campo input_shape de models.
models,output_shape,text,YES,,,,,,Campo output_shape de models.
models,num_parameters,bigint,YES,,,,,,Campo num_parameters de models.
models,pretrained,boolean,YES,FALSE,,,,,Campo pretrained de models.
models,pretrained_source,text,YES,,,,,,Campo pretrained_source de models.
models,created_at,timestamp with time zone,YES,now(),,,,,Campo created_at de models. Auditoría temporal del evento indicado; sin actualización automática salvo trigger explícito.
models,metadata,jsonb,YES,CAST('{}' AS jsonb),,,,,"Campo metadata de models. Snapshot, parámetros extensibles o metadatos variables; no sustituye las FK ni columnas tipadas. Canonical/hash preserva los bytes de origen cuando aplica."
predictions,id,uuid,NO,pg_catalog.gen_random_uuid(),YES,,,,Campo id de predictions.
predictions,run_id,uuid,YES,,,"predictions_run_id_fkey: CONSTRAINT predictions_run_id_fkey FOREIGN KEY (run_id) REFERENCES runs (id) ON DELETE RESTRICT | fk_v2_prediction_evaluation_run: CONSTRAINT fk_v2_prediction_evaluation_run FOREIGN KEY (evaluation_id, run_id) REFERENCES public.evaluations (id, run_id) ON DELETE RESTRICT",,chk_predictions_cell_requirements: CONSTRAINT chk_predictions_cell_requirements CHECK (prediction_scope <> CAST('cell' AS text) OR (image_analysis_job_id IS NOT NULL AND inference_run_id IS NOT NULL AND deployed_model_version_id IS NOT NULL AND model_version_id IS NOT NULL AND classifier_model_version_id IS NOT NULL AND model_version_id = classifier_model_version_id AND run_id IS NOT NULL AND run_id = inference_run_id AND cell_index IS NOT NULL AND cell_index >= 0 AND bbox_x IS NOT NULL AND bbox_y IS NOT NULL AND bbox_width IS NOT NULL AND bbox_height IS NOT NULL AND probability_parasitized IS NOT NULL AND probability_uninfected IS NOT NULL AND threshold_used IS NOT NULL AND predicted_class IS NOT NULL AND predicted_label IS NOT NULL)) | ck_v2_prediction_sample: CONSTRAINT ck_v2_prediction_sample CHECK (evaluation_id IS NULL OR (run_id IS NOT NULL AND dataset_source_record_id IS NOT NULL AND true_class IS NOT NULL)),Campo run_id de predictions.
predictions,dataset_id,uuid,YES,,,predictions_dataset_id_fkey: CONSTRAINT predictions_dataset_id_fkey FOREIGN KEY (dataset_id) REFERENCES datasets (id) ON DELETE RESTRICT,,,Campo dataset_id de predictions.
predictions,image_id,text,YES,,,,,,Campo image_id de predictions.
predictions,image_path,text,YES,,,,,,Campo image_path de predictions.
predictions,true_label,text,YES,,,,,,Campo true_label de predictions.
predictions,predicted_label,text,YES,,,,,chk_predictions_cell_requirements: CONSTRAINT chk_predictions_cell_requirements CHECK (prediction_scope <> CAST('cell' AS text) OR (image_analysis_job_id IS NOT NULL AND inference_run_id IS NOT NULL AND deployed_model_version_id IS NOT NULL AND model_version_id IS NOT NULL AND classifier_model_version_id IS NOT NULL AND model_version_id = classifier_model_version_id AND run_id IS NOT NULL AND run_id = inference_run_id AND cell_index IS NOT NULL AND cell_index >= 0 AND bbox_x IS NOT NULL AND bbox_y IS NOT NULL AND bbox_width IS NOT NULL AND bbox_height IS NOT NULL AND probability_parasitized IS NOT NULL AND probability_uninfected IS NOT NULL AND threshold_used IS NOT NULL AND predicted_class IS NOT NULL AND predicted_label IS NOT NULL)) | chk_predictions_class_label: CONSTRAINT chk_predictions_class_label CHECK (predicted_class IS NULL OR (predicted_class = 0 AND predicted_label = CAST('uninfected' AS text)) OR (predicted_class = 1 AND predicted_label = CAST('parasitized' AS text))),Campo predicted_label de predictions.
predictions,score,numeric,YES,,,,,,Campo score de predictions.
predictions,score_positive_label,numeric,YES,,,,,,Campo score_positive_label de predictions.
predictions,threshold,numeric,YES,,,,,,Campo threshold de predictions.
predictions,is_correct,boolean,YES,,,,,,Campo is_correct de predictions.
predictions,case_type,text,YES,,,,,,Campo case_type de predictions.
predictions,created_at,timestamp with time zone,YES,now(),,,,,Campo created_at de predictions. Auditoría temporal del evento indicado; sin actualización automática salvo trigger explícito.
predictions,metadata,jsonb,YES,CAST('{}' AS jsonb),,,,,"Campo metadata de predictions. Snapshot, parámetros extensibles o metadatos variables; no sustituye las FK ni columnas tipadas. Canonical/hash preserva los bytes de origen cuando aplica."
predictions,image_analysis_job_id,uuid,YES,,,"fk_predictions_analysis_job: CONSTRAINT fk_predictions_analysis_job FOREIGN KEY (image_analysis_job_id) REFERENCES image_analysis_jobs (id) ON DELETE RESTRICT | fk_predictions_job_provenance: CONSTRAINT fk_predictions_job_provenance FOREIGN KEY (image_analysis_job_id, inference_run_id, deployed_model_version_id, model_version_id) REFERENCES image_analysis_jobs (id, inference_run_id, deployed_model_version_id, model_version_id) ON DELETE RESTRICT","uq_predictions_job_cell_index: CREATE UNIQUE INDEX uq_predictions_job_cell_index ON public.predictions (image_analysis_job_id, cell_index) WHERE prediction_scope = CAST('cell' AS text)",chk_predictions_cell_requirements: CONSTRAINT chk_predictions_cell_requirements CHECK (prediction_scope <> CAST('cell' AS text) OR (image_analysis_job_id IS NOT NULL AND inference_run_id IS NOT NULL AND deployed_model_version_id IS NOT NULL AND model_version_id IS NOT NULL AND classifier_model_version_id IS NOT NULL AND model_version_id = classifier_model_version_id AND run_id IS NOT NULL AND run_id = inference_run_id AND cell_index IS NOT NULL AND cell_index >= 0 AND bbox_x IS NOT NULL AND bbox_y IS NOT NULL AND bbox_width IS NOT NULL AND bbox_height IS NOT NULL AND probability_parasitized IS NOT NULL AND probability_uninfected IS NOT NULL AND threshold_used IS NOT NULL AND predicted_class IS NOT NULL AND predicted_label IS NOT NULL)),Campo image_analysis_job_id de predictions.
predictions,model_version_id,uuid,YES,,,"fk_predictions_job_provenance: CONSTRAINT fk_predictions_job_provenance FOREIGN KEY (image_analysis_job_id, inference_run_id, deployed_model_version_id, model_version_id) REFERENCES image_analysis_jobs (id, inference_run_id, deployed_model_version_id, model_version_id) ON DELETE RESTRICT | fk_predictions_model_version: CONSTRAINT fk_predictions_model_version FOREIGN KEY (model_version_id) REFERENCES model_versions (id) ON DELETE RESTRICT",,chk_predictions_cell_requirements: CONSTRAINT chk_predictions_cell_requirements CHECK (prediction_scope <> CAST('cell' AS text) OR (image_analysis_job_id IS NOT NULL AND inference_run_id IS NOT NULL AND deployed_model_version_id IS NOT NULL AND model_version_id IS NOT NULL AND classifier_model_version_id IS NOT NULL AND model_version_id = classifier_model_version_id AND run_id IS NOT NULL AND run_id = inference_run_id AND cell_index IS NOT NULL AND cell_index >= 0 AND bbox_x IS NOT NULL AND bbox_y IS NOT NULL AND bbox_width IS NOT NULL AND bbox_height IS NOT NULL AND probability_parasitized IS NOT NULL AND probability_uninfected IS NOT NULL AND threshold_used IS NOT NULL AND predicted_class IS NOT NULL AND predicted_label IS NOT NULL)),Campo model_version_id de predictions.
predictions,deployed_model_version_id,uuid,YES,,,"fk_predictions_deployed_model_version: CONSTRAINT fk_predictions_deployed_model_version FOREIGN KEY (deployed_model_version_id) REFERENCES deployed_model_versions (id) ON DELETE RESTRICT | fk_predictions_job_provenance: CONSTRAINT fk_predictions_job_provenance FOREIGN KEY (image_analysis_job_id, inference_run_id, deployed_model_version_id, model_version_id) REFERENCES image_analysis_jobs (id, inference_run_id, deployed_model_version_id, model_version_id) ON DELETE RESTRICT",,chk_predictions_cell_requirements: CONSTRAINT chk_predictions_cell_requirements CHECK (prediction_scope <> CAST('cell' AS text) OR (image_analysis_job_id IS NOT NULL AND inference_run_id IS NOT NULL AND deployed_model_version_id IS NOT NULL AND model_version_id IS NOT NULL AND classifier_model_version_id IS NOT NULL AND model_version_id = classifier_model_version_id AND run_id IS NOT NULL AND run_id = inference_run_id AND cell_index IS NOT NULL AND cell_index >= 0 AND bbox_x IS NOT NULL AND bbox_y IS NOT NULL AND bbox_width IS NOT NULL AND bbox_height IS NOT NULL AND probability_parasitized IS NOT NULL AND probability_uninfected IS NOT NULL AND threshold_used IS NOT NULL AND predicted_class IS NOT NULL AND predicted_label IS NOT NULL)),Campo deployed_model_version_id de predictions.
predictions,inference_run_id,uuid,YES,,,"fk_predictions_inference_run: CONSTRAINT fk_predictions_inference_run FOREIGN KEY (inference_run_id) REFERENCES runs (id) ON DELETE RESTRICT | fk_predictions_job_provenance: CONSTRAINT fk_predictions_job_provenance FOREIGN KEY (image_analysis_job_id, inference_run_id, deployed_model_version_id, model_version_id) REFERENCES image_analysis_jobs (id, inference_run_id, deployed_model_version_id, model_version_id) ON DELETE RESTRICT",,chk_predictions_cell_requirements: CONSTRAINT chk_predictions_cell_requirements CHECK (prediction_scope <> CAST('cell' AS text) OR (image_analysis_job_id IS NOT NULL AND inference_run_id IS NOT NULL AND deployed_model_version_id IS NOT NULL AND model_version_id IS NOT NULL AND classifier_model_version_id IS NOT NULL AND model_version_id = classifier_model_version_id AND run_id IS NOT NULL AND run_id = inference_run_id AND cell_index IS NOT NULL AND cell_index >= 0 AND bbox_x IS NOT NULL AND bbox_y IS NOT NULL AND bbox_width IS NOT NULL AND bbox_height IS NOT NULL AND probability_parasitized IS NOT NULL AND probability_uninfected IS NOT NULL AND threshold_used IS NOT NULL AND predicted_class IS NOT NULL AND predicted_label IS NOT NULL)),Campo inference_run_id de predictions.
predictions,classifier_model_version_id,uuid,YES,,,fk_predictions_classifier_model_version: CONSTRAINT fk_predictions_classifier_model_version FOREIGN KEY (classifier_model_version_id) REFERENCES model_versions (id) ON DELETE RESTRICT,,chk_predictions_cell_requirements: CONSTRAINT chk_predictions_cell_requirements CHECK (prediction_scope <> CAST('cell' AS text) OR (image_analysis_job_id IS NOT NULL AND inference_run_id IS NOT NULL AND deployed_model_version_id IS NOT NULL AND model_version_id IS NOT NULL AND classifier_model_version_id IS NOT NULL AND model_version_id = classifier_model_version_id AND run_id IS NOT NULL AND run_id = inference_run_id AND cell_index IS NOT NULL AND cell_index >= 0 AND bbox_x IS NOT NULL AND bbox_y IS NOT NULL AND bbox_width IS NOT NULL AND bbox_height IS NOT NULL AND probability_parasitized IS NOT NULL AND probability_uninfected IS NOT NULL AND threshold_used IS NOT NULL AND predicted_class IS NOT NULL AND predicted_label IS NOT NULL)),Campo classifier_model_version_id de predictions.
predictions,detector_model_version_id,uuid,YES,,,fk_predictions_detector_model_version: CONSTRAINT fk_predictions_detector_model_version FOREIGN KEY (detector_model_version_id) REFERENCES model_versions (id) ON DELETE RESTRICT,,,Campo detector_model_version_id de predictions.
predictions,prediction_scope,text,NO,CAST('legacy_image' AS text),,,,"chk_predictions_cell_requirements: CONSTRAINT chk_predictions_cell_requirements CHECK (prediction_scope <> CAST('cell' AS text) OR (image_analysis_job_id IS NOT NULL AND inference_run_id IS NOT NULL AND deployed_model_version_id IS NOT NULL AND model_version_id IS NOT NULL AND classifier_model_version_id IS NOT NULL AND model_version_id = classifier_model_version_id AND run_id IS NOT NULL AND run_id = inference_run_id AND cell_index IS NOT NULL AND cell_index >= 0 AND bbox_x IS NOT NULL AND bbox_y IS NOT NULL AND bbox_width IS NOT NULL AND bbox_height IS NOT NULL AND probability_parasitized IS NOT NULL AND probability_uninfected IS NOT NULL AND threshold_used IS NOT NULL AND predicted_class IS NOT NULL AND predicted_label IS NOT NULL)) | chk_predictions_scope: CONSTRAINT chk_predictions_scope CHECK (prediction_scope = ANY(ARRAY[CAST('legacy_image' AS text), CAST('image' AS text), CAST('cell' AS text)]))",Campo prediction_scope de predictions.
predictions,cell_index,integer,YES,,,,"uq_predictions_job_cell_index: CREATE UNIQUE INDEX uq_predictions_job_cell_index ON public.predictions (image_analysis_job_id, cell_index) WHERE prediction_scope = CAST('cell' AS text)",chk_predictions_cell_requirements: CONSTRAINT chk_predictions_cell_requirements CHECK (prediction_scope <> CAST('cell' AS text) OR (image_analysis_job_id IS NOT NULL AND inference_run_id IS NOT NULL AND deployed_model_version_id IS NOT NULL AND model_version_id IS NOT NULL AND classifier_model_version_id IS NOT NULL AND model_version_id = classifier_model_version_id AND run_id IS NOT NULL AND run_id = inference_run_id AND cell_index IS NOT NULL AND cell_index >= 0 AND bbox_x IS NOT NULL AND bbox_y IS NOT NULL AND bbox_width IS NOT NULL AND bbox_height IS NOT NULL AND probability_parasitized IS NOT NULL AND probability_uninfected IS NOT NULL AND threshold_used IS NOT NULL AND predicted_class IS NOT NULL AND predicted_label IS NOT NULL)),Campo cell_index de predictions.
predictions,source_image_id,uuid,YES,,,fk_predictions_source_image: CONSTRAINT fk_predictions_source_image FOREIGN KEY (source_image_id) REFERENCES dataset_split_images (image_id) ON DELETE RESTRICT,,,Campo source_image_id de predictions.
predictions,bbox_x,numeric,YES,,,,,chk_predictions_bbox: CONSTRAINT chk_predictions_bbox CHECK ((bbox_x IS NULL OR bbox_x >= CAST(0 AS numeric)) AND (bbox_y IS NULL OR bbox_y >= CAST(0 AS numeric)) AND (bbox_width IS NULL OR bbox_width > CAST(0 AS numeric)) AND (bbox_height IS NULL OR bbox_height > CAST(0 AS numeric))) | chk_predictions_cell_requirements: CONSTRAINT chk_predictions_cell_requirements CHECK (prediction_scope <> CAST('cell' AS text) OR (image_analysis_job_id IS NOT NULL AND inference_run_id IS NOT NULL AND deployed_model_version_id IS NOT NULL AND model_version_id IS NOT NULL AND classifier_model_version_id IS NOT NULL AND model_version_id = classifier_model_version_id AND run_id IS NOT NULL AND run_id = inference_run_id AND cell_index IS NOT NULL AND cell_index >= 0 AND bbox_x IS NOT NULL AND bbox_y IS NOT NULL AND bbox_width IS NOT NULL AND bbox_height IS NOT NULL AND probability_parasitized IS NOT NULL AND probability_uninfected IS NOT NULL AND threshold_used IS NOT NULL AND predicted_class IS NOT NULL AND predicted_label IS NOT NULL)),Campo bbox_x de predictions.
predictions,bbox_y,numeric,YES,,,,,chk_predictions_bbox: CONSTRAINT chk_predictions_bbox CHECK ((bbox_x IS NULL OR bbox_x >= CAST(0 AS numeric)) AND (bbox_y IS NULL OR bbox_y >= CAST(0 AS numeric)) AND (bbox_width IS NULL OR bbox_width > CAST(0 AS numeric)) AND (bbox_height IS NULL OR bbox_height > CAST(0 AS numeric))) | chk_predictions_cell_requirements: CONSTRAINT chk_predictions_cell_requirements CHECK (prediction_scope <> CAST('cell' AS text) OR (image_analysis_job_id IS NOT NULL AND inference_run_id IS NOT NULL AND deployed_model_version_id IS NOT NULL AND model_version_id IS NOT NULL AND classifier_model_version_id IS NOT NULL AND model_version_id = classifier_model_version_id AND run_id IS NOT NULL AND run_id = inference_run_id AND cell_index IS NOT NULL AND cell_index >= 0 AND bbox_x IS NOT NULL AND bbox_y IS NOT NULL AND bbox_width IS NOT NULL AND bbox_height IS NOT NULL AND probability_parasitized IS NOT NULL AND probability_uninfected IS NOT NULL AND threshold_used IS NOT NULL AND predicted_class IS NOT NULL AND predicted_label IS NOT NULL)),Campo bbox_y de predictions.
predictions,bbox_width,numeric,YES,,,,,chk_predictions_bbox: CONSTRAINT chk_predictions_bbox CHECK ((bbox_x IS NULL OR bbox_x >= CAST(0 AS numeric)) AND (bbox_y IS NULL OR bbox_y >= CAST(0 AS numeric)) AND (bbox_width IS NULL OR bbox_width > CAST(0 AS numeric)) AND (bbox_height IS NULL OR bbox_height > CAST(0 AS numeric))) | chk_predictions_cell_requirements: CONSTRAINT chk_predictions_cell_requirements CHECK (prediction_scope <> CAST('cell' AS text) OR (image_analysis_job_id IS NOT NULL AND inference_run_id IS NOT NULL AND deployed_model_version_id IS NOT NULL AND model_version_id IS NOT NULL AND classifier_model_version_id IS NOT NULL AND model_version_id = classifier_model_version_id AND run_id IS NOT NULL AND run_id = inference_run_id AND cell_index IS NOT NULL AND cell_index >= 0 AND bbox_x IS NOT NULL AND bbox_y IS NOT NULL AND bbox_width IS NOT NULL AND bbox_height IS NOT NULL AND probability_parasitized IS NOT NULL AND probability_uninfected IS NOT NULL AND threshold_used IS NOT NULL AND predicted_class IS NOT NULL AND predicted_label IS NOT NULL)),Campo bbox_width de predictions.
predictions,bbox_height,numeric,YES,,,,,chk_predictions_bbox: CONSTRAINT chk_predictions_bbox CHECK ((bbox_x IS NULL OR bbox_x >= CAST(0 AS numeric)) AND (bbox_y IS NULL OR bbox_y >= CAST(0 AS numeric)) AND (bbox_width IS NULL OR bbox_width > CAST(0 AS numeric)) AND (bbox_height IS NULL OR bbox_height > CAST(0 AS numeric))) | chk_predictions_cell_requirements: CONSTRAINT chk_predictions_cell_requirements CHECK (prediction_scope <> CAST('cell' AS text) OR (image_analysis_job_id IS NOT NULL AND inference_run_id IS NOT NULL AND deployed_model_version_id IS NOT NULL AND model_version_id IS NOT NULL AND classifier_model_version_id IS NOT NULL AND model_version_id = classifier_model_version_id AND run_id IS NOT NULL AND run_id = inference_run_id AND cell_index IS NOT NULL AND cell_index >= 0 AND bbox_x IS NOT NULL AND bbox_y IS NOT NULL AND bbox_width IS NOT NULL AND bbox_height IS NOT NULL AND probability_parasitized IS NOT NULL AND probability_uninfected IS NOT NULL AND threshold_used IS NOT NULL AND predicted_class IS NOT NULL AND predicted_label IS NOT NULL)),Campo bbox_height de predictions.
predictions,crop_artifact_id,uuid,YES,,,fk_predictions_crop_artifact: CONSTRAINT fk_predictions_crop_artifact FOREIGN KEY (crop_artifact_id) REFERENCES artifacts (id) ON DELETE RESTRICT,,,Campo crop_artifact_id de predictions.
predictions,explanation_artifact_id,uuid,YES,,,fk_predictions_explanation_artifact: CONSTRAINT fk_predictions_explanation_artifact FOREIGN KEY (explanation_artifact_id) REFERENCES artifacts (id) ON DELETE RESTRICT,,,Campo explanation_artifact_id de predictions.
predictions,probability_parasitized,numeric,YES,,,,,chk_predictions_cell_requirements: CONSTRAINT chk_predictions_cell_requirements CHECK (prediction_scope <> CAST('cell' AS text) OR (image_analysis_job_id IS NOT NULL AND inference_run_id IS NOT NULL AND deployed_model_version_id IS NOT NULL AND model_version_id IS NOT NULL AND classifier_model_version_id IS NOT NULL AND model_version_id = classifier_model_version_id AND run_id IS NOT NULL AND run_id = inference_run_id AND cell_index IS NOT NULL AND cell_index >= 0 AND bbox_x IS NOT NULL AND bbox_y IS NOT NULL AND bbox_width IS NOT NULL AND bbox_height IS NOT NULL AND probability_parasitized IS NOT NULL AND probability_uninfected IS NOT NULL AND threshold_used IS NOT NULL AND predicted_class IS NOT NULL AND predicted_label IS NOT NULL)) | chk_predictions_probability_parasitized: CONSTRAINT chk_predictions_probability_parasitized CHECK (probability_parasitized IS NULL OR (probability_parasitized >= CAST(0 AS numeric) AND probability_parasitized <= CAST(1 AS numeric))),Campo probability_parasitized de predictions.
predictions,probability_uninfected,numeric,YES,,,,,chk_predictions_cell_requirements: CONSTRAINT chk_predictions_cell_requirements CHECK (prediction_scope <> CAST('cell' AS text) OR (image_analysis_job_id IS NOT NULL AND inference_run_id IS NOT NULL AND deployed_model_version_id IS NOT NULL AND model_version_id IS NOT NULL AND classifier_model_version_id IS NOT NULL AND model_version_id = classifier_model_version_id AND run_id IS NOT NULL AND run_id = inference_run_id AND cell_index IS NOT NULL AND cell_index >= 0 AND bbox_x IS NOT NULL AND bbox_y IS NOT NULL AND bbox_width IS NOT NULL AND bbox_height IS NOT NULL AND probability_parasitized IS NOT NULL AND probability_uninfected IS NOT NULL AND threshold_used IS NOT NULL AND predicted_class IS NOT NULL AND predicted_label IS NOT NULL)) | chk_predictions_probability_uninfected: CONSTRAINT chk_predictions_probability_uninfected CHECK (probability_uninfected IS NULL OR (probability_uninfected >= CAST(0 AS numeric) AND probability_uninfected <= CAST(1 AS numeric))),Campo probability_uninfected de predictions.
predictions,threshold_used,numeric,YES,,,,,chk_predictions_cell_requirements: CONSTRAINT chk_predictions_cell_requirements CHECK (prediction_scope <> CAST('cell' AS text) OR (image_analysis_job_id IS NOT NULL AND inference_run_id IS NOT NULL AND deployed_model_version_id IS NOT NULL AND model_version_id IS NOT NULL AND classifier_model_version_id IS NOT NULL AND model_version_id = classifier_model_version_id AND run_id IS NOT NULL AND run_id = inference_run_id AND cell_index IS NOT NULL AND cell_index >= 0 AND bbox_x IS NOT NULL AND bbox_y IS NOT NULL AND bbox_width IS NOT NULL AND bbox_height IS NOT NULL AND probability_parasitized IS NOT NULL AND probability_uninfected IS NOT NULL AND threshold_used IS NOT NULL AND predicted_class IS NOT NULL AND predicted_label IS NOT NULL)) | chk_predictions_threshold_used: CONSTRAINT chk_predictions_threshold_used CHECK (threshold_used IS NULL OR (threshold_used >= CAST(0 AS numeric) AND threshold_used <= CAST(1 AS numeric))),Campo threshold_used de predictions.
predictions,predicted_class,smallint,YES,,,,,"chk_predictions_cell_requirements: CONSTRAINT chk_predictions_cell_requirements CHECK (prediction_scope <> CAST('cell' AS text) OR (image_analysis_job_id IS NOT NULL AND inference_run_id IS NOT NULL AND deployed_model_version_id IS NOT NULL AND model_version_id IS NOT NULL AND classifier_model_version_id IS NOT NULL AND model_version_id = classifier_model_version_id AND run_id IS NOT NULL AND run_id = inference_run_id AND cell_index IS NOT NULL AND cell_index >= 0 AND bbox_x IS NOT NULL AND bbox_y IS NOT NULL AND bbox_width IS NOT NULL AND bbox_height IS NOT NULL AND probability_parasitized IS NOT NULL AND probability_uninfected IS NOT NULL AND threshold_used IS NOT NULL AND predicted_class IS NOT NULL AND predicted_label IS NOT NULL)) | chk_predictions_class_label: CONSTRAINT chk_predictions_class_label CHECK (predicted_class IS NULL OR (predicted_class = 0 AND predicted_label = CAST('uninfected' AS text)) OR (predicted_class = 1 AND predicted_label = CAST('parasitized' AS text))) | chk_predictions_predicted_class: CONSTRAINT chk_predictions_predicted_class CHECK (predicted_class IS NULL OR predicted_class = ANY(ARRAY[0, 1]))",Campo predicted_class de predictions.
predictions,confidence_level,text,YES,,,,,"chk_predictions_confidence_level: CONSTRAINT chk_predictions_confidence_level CHECK (confidence_level IS NULL OR confidence_level = ANY(ARRAY[CAST('low' AS text), CAST('medium' AS text), CAST('high' AS text), CAST('uncertain' AS text), CAST('not_assessed' AS text)]))",Campo confidence_level de predictions.
predictions,quality_status,text,YES,,,,,"chk_predictions_quality_status: CONSTRAINT chk_predictions_quality_status CHECK (quality_status IS NULL OR quality_status = ANY(ARRAY[CAST('not_assessed' AS text), CAST('pending' AS text), CAST('passed' AS text), CAST('warning' AS text), CAST('rejected' AS text), CAST('failed' AS text), CAST('skipped' AS text)]))",Campo quality_status de predictions.
predictions,review_status,text,NO,CAST('unreviewed' AS text),,,,"chk_predictions_review_status: CONSTRAINT chk_predictions_review_status CHECK (review_status = ANY(ARRAY[CAST('unreviewed' AS text), CAST('pending' AS text), CAST('confirmed' AS text), CAST('corrected' AS text), CAST('rejected' AS text)]))",Campo review_status de predictions.
predictions,reviewed_label,text,YES,,,,,"chk_predictions_reviewed_label: CONSTRAINT chk_predictions_reviewed_label CHECK (reviewed_label IS NULL OR reviewed_label = ANY(ARRAY[CAST('uninfected' AS text), CAST('parasitized' AS text)]))",Campo reviewed_label de predictions.
predictions,reviewed_by,text,YES,,,,,,Campo reviewed_by de predictions.
predictions,reviewed_at,timestamp with time zone,YES,,,,,,Campo reviewed_at de predictions. Auditoría temporal del evento indicado; sin actualización automática salvo trigger explícito.
predictions,evaluation_id,uuid,YES,,,"fk_v2_prediction_evaluation_run: CONSTRAINT fk_v2_prediction_evaluation_run FOREIGN KEY (evaluation_id, run_id) REFERENCES public.evaluations (id, run_id) ON DELETE RESTRICT | v2_predictions_foreign_a402d28a70f6: CONSTRAINT v2_predictions_foreign_a402d28a70f6 FOREIGN KEY (evaluation_id) REFERENCES public.evaluations (id) ON DELETE RESTRICT","uq_v2_evaluation_sample: CONSTRAINT uq_v2_evaluation_sample UNIQUE (evaluation_id, dataset_source_record_id)",ck_v2_prediction_sample: CONSTRAINT ck_v2_prediction_sample CHECK (evaluation_id IS NULL OR (run_id IS NOT NULL AND dataset_source_record_id IS NOT NULL AND true_class IS NOT NULL)),Campo evaluation_id de predictions.
predictions,dataset_source_record_id,uuid,YES,,,v2_predictions_foreign_e8d9af78807c: CONSTRAINT v2_predictions_foreign_e8d9af78807c FOREIGN KEY (dataset_source_record_id) REFERENCES public.dataset_source_records (id) ON DELETE RESTRICT,"uq_v2_evaluation_sample: CONSTRAINT uq_v2_evaluation_sample UNIQUE (evaluation_id, dataset_source_record_id)",ck_v2_prediction_sample: CONSTRAINT ck_v2_prediction_sample CHECK (evaluation_id IS NULL OR (run_id IS NOT NULL AND dataset_source_record_id IS NOT NULL AND true_class IS NOT NULL)),Campo dataset_source_record_id de predictions.
predictions,true_class,smallint,YES,,,,,"ck_v2_prediction_sample: CONSTRAINT ck_v2_prediction_sample CHECK (evaluation_id IS NULL OR (run_id IS NOT NULL AND dataset_source_record_id IS NOT NULL AND true_class IS NOT NULL)) | v2_predictions_check_bcedf284d6cb: CONSTRAINT v2_predictions_check_bcedf284d6cb CHECK (true_class IN (0, 1))",Campo true_class de predictions.
quality_assessment_queue_items,id,uuid,NO,,YES,,,,Campo id de quality_assessment_queue_items.
quality_assessment_queue_items,analysis_run_id,uuid,NO,,,quality_assessment_queue_items_analysis_run_id_fkey: CONSTRAINT quality_assessment_queue_items_analysis_run_id_fkey FOREIGN KEY (analysis_run_id) REFERENCES microscopy_analysis_runs (id) ON DELETE RESTRICT,"uq_quality_queue_active_run: CREATE UNIQUE INDEX uq_quality_queue_active_run ON public.quality_assessment_queue_items (analysis_run_id) WHERE CAST(status AS text) = ANY(ARRAY[CAST(CAST('queued' AS varchar) AS text), CAST(CAST('running' AS varchar) AS text)])",,Campo analysis_run_id de quality_assessment_queue_items.
quality_assessment_queue_items,priority,smallint,NO,50,,,,"quality_assessment_queue_items_priority_check: CONSTRAINT quality_assessment_queue_items_priority_check CHECK (priority = ANY(ARRAY[1, 50, 100]))",Campo priority de quality_assessment_queue_items.
quality_assessment_queue_items,status,varchar(20),NO,CAST('queued' AS varchar),,,,"quality_assessment_queue_items_status_check: CONSTRAINT quality_assessment_queue_items_status_check CHECK (CAST(status AS text) = ANY(ARRAY[CAST(CAST('queued' AS varchar) AS text), CAST(CAST('running' AS varchar) AS text), CAST(CAST('completed' AS varchar) AS text), CAST(CAST('failed' AS varchar) AS text)]))",Campo status de quality_assessment_queue_items.
quality_assessment_queue_items,requested_by,uuid,NO,,,quality_assessment_queue_items_requested_by_fkey: CONSTRAINT quality_assessment_queue_items_requested_by_fkey FOREIGN KEY (requested_by) REFERENCES users (id) ON DELETE RESTRICT,,,Campo requested_by de quality_assessment_queue_items.
quality_assessment_queue_items,requested_at,timestamp with time zone,NO,now(),,,,,Campo requested_at de quality_assessment_queue_items. Auditoría temporal del evento indicado; sin actualización automática salvo trigger explícito.
quality_assessment_queue_items,started_at,timestamp with time zone,YES,,,,,,Campo started_at de quality_assessment_queue_items. Auditoría temporal del evento indicado; sin actualización automática salvo trigger explícito.
quality_assessment_queue_items,completed_at,timestamp with time zone,YES,,,,,,Campo completed_at de quality_assessment_queue_items. Auditoría temporal del evento indicado; sin actualización automática salvo trigger explícito.
quality_assessment_queue_items,failed_at,timestamp with time zone,YES,,,,,,Campo failed_at de quality_assessment_queue_items. Auditoría temporal del evento indicado; sin actualización automática salvo trigger explícito.
quality_assessment_queue_items,attempt_count,integer,NO,0,,,,quality_assessment_queue_items_attempt_count_check: CONSTRAINT quality_assessment_queue_items_attempt_count_check CHECK (attempt_count >= 0),Campo attempt_count de quality_assessment_queue_items.
quality_assessment_queue_items,last_error_code,varchar(80),YES,,,,,,Campo last_error_code de quality_assessment_queue_items.
quality_assessment_queue_items,last_error_message,text,YES,,,,,,Campo last_error_message de quality_assessment_queue_items.
quality_assessment_queue_items,created_at,timestamp with time zone,NO,now(),,,,,Campo created_at de quality_assessment_queue_items. Auditoría temporal del evento indicado; sin actualización automática salvo trigger explícito.
quality_assessment_queue_items,updated_at,timestamp with time zone,NO,now(),,,,,Campo updated_at de quality_assessment_queue_items. Auditoría temporal del evento indicado; sin actualización automática salvo trigger explícito.
quality_gate_decisions,id,uuid,NO,,YES,,,,Campo id de quality_gate_decisions.
quality_gate_decisions,analysis_run_id,uuid,NO,,,quality_gate_decisions_analysis_run_id_fkey: CONSTRAINT quality_gate_decisions_analysis_run_id_fkey FOREIGN KEY (analysis_run_id) REFERENCES microscopy_analysis_runs (id) ON DELETE RESTRICT,,,Campo analysis_run_id de quality_gate_decisions.
quality_gate_decisions,decision,varchar(30),NO,,,,,"quality_gate_decisions_decision_check: CONSTRAINT quality_gate_decisions_decision_check CHECK (CAST(decision AS text) = ANY(ARRAY[CAST(CAST('approve_with_warnings' AS varchar) AS text), CAST(CAST('reject' AS varchar) AS text)]))",Campo decision de quality_gate_decisions.
quality_gate_decisions,comment,text,NO,,,,,quality_gate_decisions_comment_check: CONSTRAINT quality_gate_decisions_comment_check CHECK (length(btrim(comment)) > 0),Campo comment de quality_gate_decisions.
quality_gate_decisions,actor_user_id,uuid,NO,,,quality_gate_decisions_actor_user_id_fkey: CONSTRAINT quality_gate_decisions_actor_user_id_fkey FOREIGN KEY (actor_user_id) REFERENCES users (id) ON DELETE RESTRICT,,,Campo actor_user_id de quality_gate_decisions.
quality_gate_decisions,created_at,timestamp with time zone,NO,now(),,,,,Campo created_at de quality_gate_decisions. Auditoría temporal del evento indicado; sin actualización automática salvo trigger explícito.
research_subjects,id,uuid,NO,,YES,,,,Campo id de research_subjects.
research_subjects,subject_code,varchar(120),NO,,,,research_subjects_subject_code_key: CONSTRAINT research_subjects_subject_code_key UNIQUE (subject_code),research_subjects_subject_code_check: CONSTRAINT research_subjects_subject_code_check CHECK (btrim(CAST(subject_code AS text)) <> CAST('' AS text)),Campo subject_code de research_subjects.
research_subjects,study_reference,varchar(200),YES,,,,,,Campo study_reference de research_subjects.
research_subjects,age_group,varchar(80),YES,,,,,,Campo age_group de research_subjects.
research_subjects,biological_sex,varchar(80),YES,,,,,,Campo biological_sex de research_subjects.
research_subjects,metadata_json,jsonb,NO,CAST('{}' AS jsonb),,,,research_subjects_metadata_json_check: CONSTRAINT research_subjects_metadata_json_check CHECK (jsonb_typeof(metadata_json) = CAST('object' AS text)),"Campo metadata_json de research_subjects. Snapshot, parámetros extensibles o metadatos variables; no sustituye las FK ni columnas tipadas. Canonical/hash preserva los bytes de origen cuando aplica."
research_subjects,status,varchar(20),NO,CAST('active' AS varchar),,,,"ck_research_subject_archive_state: CONSTRAINT ck_research_subject_archive_state CHECK ((CAST(status AS text) = CAST('active' AS text) AND archived_at IS NULL AND archived_by IS NULL) OR (CAST(status AS text) = CAST('archived' AS text) AND archived_at IS NOT NULL)) | research_subjects_status_check: CONSTRAINT research_subjects_status_check CHECK (CAST(status AS text) = ANY(ARRAY[CAST(CAST('active' AS varchar) AS text), CAST(CAST('archived' AS varchar) AS text)]))",Campo status de research_subjects.
research_subjects,created_at,timestamp with time zone,NO,now(),,,,,Campo created_at de research_subjects. Auditoría temporal del evento indicado; sin actualización automática salvo trigger explícito.
research_subjects,updated_at,timestamp with time zone,NO,now(),,,,,Campo updated_at de research_subjects. Auditoría temporal del evento indicado; sin actualización automática salvo trigger explícito.
research_subjects,created_by,uuid,YES,,,research_subjects_created_by_fkey: CONSTRAINT research_subjects_created_by_fkey FOREIGN KEY (created_by) REFERENCES users (id) ON DELETE RESTRICT,,,Campo created_by de research_subjects.
research_subjects,updated_by,uuid,YES,,,research_subjects_updated_by_fkey: CONSTRAINT research_subjects_updated_by_fkey FOREIGN KEY (updated_by) REFERENCES users (id) ON DELETE RESTRICT,,,Campo updated_by de research_subjects.
research_subjects,archived_at,timestamp with time zone,YES,,,,,ck_research_subject_archive_state: CONSTRAINT ck_research_subject_archive_state CHECK ((CAST(status AS text) = CAST('active' AS text) AND archived_at IS NULL AND archived_by IS NULL) OR (CAST(status AS text) = CAST('archived' AS text) AND archived_at IS NOT NULL)),Campo archived_at de research_subjects. Auditoría temporal del evento indicado; sin actualización automática salvo trigger explícito.
research_subjects,archived_by,uuid,YES,,,research_subjects_archived_by_fkey: CONSTRAINT research_subjects_archived_by_fkey FOREIGN KEY (archived_by) REFERENCES users (id) ON DELETE RESTRICT,,ck_research_subject_archive_state: CONSTRAINT ck_research_subject_archive_state CHECK ((CAST(status AS text) = CAST('active' AS text) AND archived_at IS NULL AND archived_by IS NULL) OR (CAST(status AS text) = CAST('archived' AS text) AND archived_at IS NOT NULL)),Campo archived_by de research_subjects.
research_subjects,source_system,varchar(120),YES,,,,"uq_research_subjects_external_identity: CREATE UNIQUE INDEX uq_research_subjects_external_identity ON public.research_subjects (source_system, external_patient_id) WHERE external_patient_id IS NOT NULL",,Campo source_system de research_subjects.
research_subjects,external_patient_id,varchar(240),YES,,,,"uq_research_subjects_external_identity: CREATE UNIQUE INDEX uq_research_subjects_external_identity ON public.research_subjects (source_system, external_patient_id) WHERE external_patient_id IS NOT NULL",,Campo external_patient_id de research_subjects.
roles,id,uuid,NO,,YES,,,,Campo id de roles.
roles,name,text,NO,,,,roles_name_key: CONSTRAINT roles_name_key UNIQUE (name),,Campo name de roles.
roles,created_at,timestamp with time zone,NO,now(),,,,,Campo created_at de roles. Auditoría temporal del evento indicado; sin actualización automática salvo trigger explícito.
run_checkpoint_policy,run_checkpoint_policy_id,uuid,NO,pg_catalog.gen_random_uuid(),YES,,,,Campo run_checkpoint_policy_id de run_checkpoint_policy.
run_checkpoint_policy,run_id,uuid,NO,,,"fk_run_checkpoint_policy_artifact_owner: CONSTRAINT fk_run_checkpoint_policy_artifact_owner FOREIGN KEY (checkpoint_artifact_id, run_id) REFERENCES artifacts (id, run_id) ON DELETE RESTRICT | fk_run_checkpoint_policy_model_version_owner: CONSTRAINT fk_run_checkpoint_policy_model_version_owner FOREIGN KEY (model_version_id, run_id) REFERENCES model_versions (id, training_run_id) ON DELETE RESTRICT | run_checkpoint_policy_run_id_fkey: CONSTRAINT run_checkpoint_policy_run_id_fkey FOREIGN KEY (run_id) REFERENCES runs (id) ON DELETE RESTRICT",,,Campo run_id de run_checkpoint_policy.
run_checkpoint_policy,model_name,text,YES,,,,,,Campo model_name de run_checkpoint_policy.
run_checkpoint_policy,checkpoint_policy,text,NO,,,,,,Campo checkpoint_policy de run_checkpoint_policy.
run_checkpoint_policy,checkpoint_policy_config,jsonb,NO,CAST('{}' AS jsonb),,,,,"Campo checkpoint_policy_config de run_checkpoint_policy. Snapshot, parámetros extensibles o metadatos variables; no sustituye las FK ni columnas tipadas. Canonical/hash preserva los bytes de origen cuando aplica."
run_checkpoint_policy,selected_epoch,integer,YES,,,,,,Campo selected_epoch de run_checkpoint_policy.
run_checkpoint_policy,policy_satisfied,boolean,YES,,,,,,Campo policy_satisfied de run_checkpoint_policy.
run_checkpoint_policy,selected_metric,text,YES,,,,,,Campo selected_metric de run_checkpoint_policy.
run_checkpoint_policy,selected_metric_value,numeric,YES,,,,,,Campo selected_metric_value de run_checkpoint_policy.
run_checkpoint_policy,min_recall_required,numeric,YES,,,,,,Campo min_recall_required de run_checkpoint_policy.
run_checkpoint_policy,val_recall_parasitized_selected,numeric,YES,,,,,,Campo val_recall_parasitized_selected de run_checkpoint_policy.
run_checkpoint_policy,val_f2_parasitized_selected,numeric,YES,,,,,,Campo val_f2_parasitized_selected de run_checkpoint_policy.
run_checkpoint_policy,val_specificity_selected,numeric,YES,,,,,,Campo val_specificity_selected de run_checkpoint_policy.
run_checkpoint_policy,val_auc_selected,numeric,YES,,,,,,Campo val_auc_selected de run_checkpoint_policy.
run_checkpoint_policy,val_pr_auc_selected,numeric,YES,,,,,,Campo val_pr_auc_selected de run_checkpoint_policy.
run_checkpoint_policy,val_balanced_accuracy_selected,numeric,YES,,,,,,Campo val_balanced_accuracy_selected de run_checkpoint_policy.
run_checkpoint_policy,prediction_collapse_detected,boolean,YES,,,,,,Campo prediction_collapse_detected de run_checkpoint_policy.
run_checkpoint_policy,all_epochs_collapsed,boolean,YES,,,,,,Campo all_epochs_collapsed de run_checkpoint_policy.
run_checkpoint_policy,checkpoint_warning,text,YES,,,,,,Campo checkpoint_warning de run_checkpoint_policy.
run_checkpoint_policy,checkpoint_path,text,YES,,,,,,Campo checkpoint_path de run_checkpoint_policy.
run_checkpoint_policy,checkpoint_policy_summary_path,text,YES,,,,,,Campo checkpoint_policy_summary_path de run_checkpoint_policy.
run_checkpoint_policy,model_metadata_path,text,YES,,,,,,Campo model_metadata_path de run_checkpoint_policy.
run_checkpoint_policy,created_at,timestamp with time zone,NO,now(),,,,,Campo created_at de run_checkpoint_policy. Auditoría temporal del evento indicado; sin actualización automática salvo trigger explícito.
run_checkpoint_policy,metadata,jsonb,NO,CAST('{}' AS jsonb),,,,,"Campo metadata de run_checkpoint_policy. Snapshot, parámetros extensibles o metadatos variables; no sustituye las FK ni columnas tipadas. Canonical/hash preserva los bytes de origen cuando aplica."
run_checkpoint_policy,model_version_id,uuid,YES,,,"fk_run_checkpoint_policy_model_version_owner: CONSTRAINT fk_run_checkpoint_policy_model_version_owner FOREIGN KEY (model_version_id, run_id) REFERENCES model_versions (id, training_run_id) ON DELETE RESTRICT | fk_run_checkpoint_policy_version_artifact: CONSTRAINT fk_run_checkpoint_policy_version_artifact FOREIGN KEY (model_version_id, checkpoint_artifact_id) REFERENCES model_versions (id, checkpoint_artifact_id) ON DELETE RESTRICT",,,Campo model_version_id de run_checkpoint_policy.
run_checkpoint_policy,checkpoint_artifact_id,uuid,YES,,,"fk_run_checkpoint_policy_artifact_owner: CONSTRAINT fk_run_checkpoint_policy_artifact_owner FOREIGN KEY (checkpoint_artifact_id, run_id) REFERENCES artifacts (id, run_id) ON DELETE RESTRICT | fk_run_checkpoint_policy_version_artifact: CONSTRAINT fk_run_checkpoint_policy_version_artifact FOREIGN KEY (model_version_id, checkpoint_artifact_id) REFERENCES model_versions (id, checkpoint_artifact_id) ON DELETE RESTRICT",,,Campo checkpoint_artifact_id de run_checkpoint_policy.
run_clinical_metrics,run_clinical_metric_id,uuid,NO,pg_catalog.gen_random_uuid(),YES,,,,Campo run_clinical_metric_id de run_clinical_metrics.
run_clinical_metrics,run_id,uuid,NO,,,"run_clinical_metrics_run_id_fkey: CONSTRAINT run_clinical_metrics_run_id_fkey FOREIGN KEY (run_id) REFERENCES runs (id) ON DELETE RESTRICT | fk_metric_evaluation_run: CONSTRAINT fk_metric_evaluation_run FOREIGN KEY (evaluation_id, run_id) REFERENCES public.evaluations (id, run_id) ON DELETE RESTRICT",,,Campo run_id de run_clinical_metrics.
run_clinical_metrics,model_id,uuid,YES,,,run_clinical_metrics_model_id_fkey: CONSTRAINT run_clinical_metrics_model_id_fkey FOREIGN KEY (model_id) REFERENCES models (id) ON DELETE RESTRICT,,,Campo model_id de run_clinical_metrics.
run_clinical_metrics,model_name,text,YES,,,,,,Campo model_name de run_clinical_metrics.
run_clinical_metrics,split_name,text,NO,,,,,"chk_run_clinical_metrics_split: CONSTRAINT chk_run_clinical_metrics_split CHECK (split_name = ANY(ARRAY[CAST('train' AS text), CAST('val' AS text), CAST('validation' AS text), CAST('test' AS text), CAST('external' AS text)]))",Campo split_name de run_clinical_metrics.
run_clinical_metrics,threshold_used,numeric,YES,,,,,,Campo threshold_used de run_clinical_metrics.
run_clinical_metrics,threshold_source,text,YES,,,,,,Campo threshold_source de run_clinical_metrics.
run_clinical_metrics,accuracy,numeric,YES,,,,,,Campo accuracy de run_clinical_metrics.
run_clinical_metrics,precision_parasitized,numeric,YES,,,,,,Campo precision_parasitized de run_clinical_metrics.
run_clinical_metrics,recall_parasitized,numeric,YES,,,,,,Campo recall_parasitized de run_clinical_metrics.
run_clinical_metrics,sensitivity_parasitized,numeric,YES,,,,,,Campo sensitivity_parasitized de run_clinical_metrics.
run_clinical_metrics,specificity,numeric,YES,,,,,,Campo specificity de run_clinical_metrics.
run_clinical_metrics,f1_parasitized,numeric,YES,,,,,,Campo f1_parasitized de run_clinical_metrics.
run_clinical_metrics,f2_parasitized,numeric,YES,,,,,,Campo f2_parasitized de run_clinical_metrics.
run_clinical_metrics,roc_auc_parasitized,numeric,YES,,,,,"ck_v2_auc_domain: CONSTRAINT ck_v2_auc_domain CHECK ((roc_auc_parasitized IS NULL OR (roc_auc_parasitized >= 0 AND roc_auc_parasitized <= 1)) AND (pr_auc_parasitized IS NULL OR (pr_auc_parasitized >= 0 AND pr_auc_parasitized <= 1))) | ck_v2_auc_reason: CONSTRAINT ck_v2_auc_reason CHECK ((roc_auc_parasitized IS NOT NULL AND pr_auc_parasitized IS NOT NULL AND auc_unavailability_reason IS NULL) OR ((roc_auc_parasitized IS NULL OR pr_auc_parasitized IS NULL) AND auc_unavailability_reason IS NOT NULL AND auc_unavailability_reason IN ('single_class', 'scores_unavailable', 'not_computed')))",Campo roc_auc_parasitized de run_clinical_metrics.
run_clinical_metrics,pr_auc_parasitized,numeric,YES,,,,,"ck_v2_auc_domain: CONSTRAINT ck_v2_auc_domain CHECK ((roc_auc_parasitized IS NULL OR (roc_auc_parasitized >= 0 AND roc_auc_parasitized <= 1)) AND (pr_auc_parasitized IS NULL OR (pr_auc_parasitized >= 0 AND pr_auc_parasitized <= 1))) | ck_v2_auc_reason: CONSTRAINT ck_v2_auc_reason CHECK ((roc_auc_parasitized IS NOT NULL AND pr_auc_parasitized IS NOT NULL AND auc_unavailability_reason IS NULL) OR ((roc_auc_parasitized IS NULL OR pr_auc_parasitized IS NULL) AND auc_unavailability_reason IS NOT NULL AND auc_unavailability_reason IN ('single_class', 'scores_unavailable', 'not_computed')))",Campo pr_auc_parasitized de run_clinical_metrics.
run_clinical_metrics,balanced_accuracy,numeric,YES,,,,,,Campo balanced_accuracy de run_clinical_metrics.
run_clinical_metrics,tn,bigint,NO,,,,,ck_v2_binary_counts: CONSTRAINT ck_v2_binary_counts CHECK (tn >= 0 AND fp >= 0 AND fn >= 0 AND tp >= 0 AND (CAST(tn AS numeric) + fp + fn + tp) > 0),Campo tn de run_clinical_metrics.
run_clinical_metrics,fp,bigint,NO,,,,,ck_v2_binary_counts: CONSTRAINT ck_v2_binary_counts CHECK (tn >= 0 AND fp >= 0 AND fn >= 0 AND tp >= 0 AND (CAST(tn AS numeric) + fp + fn + tp) > 0),Campo fp de run_clinical_metrics.
run_clinical_metrics,fn,bigint,NO,,,,,ck_v2_binary_counts: CONSTRAINT ck_v2_binary_counts CHECK (tn >= 0 AND fp >= 0 AND fn >= 0 AND tp >= 0 AND (CAST(tn AS numeric) + fp + fn + tp) > 0),Campo fn de run_clinical_metrics.
run_clinical_metrics,tp,bigint,NO,,,,,ck_v2_binary_counts: CONSTRAINT ck_v2_binary_counts CHECK (tn >= 0 AND fp >= 0 AND fn >= 0 AND tp >= 0 AND (CAST(tn AS numeric) + fp + fn + tp) > 0),Campo tp de run_clinical_metrics.
run_clinical_metrics,confusion_matrix,jsonb,NO,CAST('[]' AS jsonb),,,,,"Campo confusion_matrix de run_clinical_metrics. Snapshot, parámetros extensibles o metadatos variables; no sustituye las FK ni columnas tipadas. Canonical/hash preserva los bytes de origen cuando aplica."
run_clinical_metrics,classification_report,jsonb,NO,CAST('{}' AS jsonb),,,,,"Campo classification_report de run_clinical_metrics. Snapshot, parámetros extensibles o metadatos variables; no sustituye las FK ni columnas tipadas. Canonical/hash preserva los bytes de origen cuando aplica."
run_clinical_metrics,prediction_distribution,jsonb,NO,CAST('{}' AS jsonb),,,,,"Campo prediction_distribution de run_clinical_metrics. Snapshot, parámetros extensibles o metadatos variables; no sustituye las FK ni columnas tipadas. Canonical/hash preserva los bytes de origen cuando aplica."
run_clinical_metrics,prediction_collapse,jsonb,NO,CAST('{}' AS jsonb),,,,,"Campo prediction_collapse de run_clinical_metrics. Snapshot, parámetros extensibles o metadatos variables; no sustituye las FK ni columnas tipadas. Canonical/hash preserva los bytes de origen cuando aplica."
run_clinical_metrics,label_mapping_version,text,NO,CAST('clinical_v1_parasitized_positive' AS text),,,,,Campo label_mapping_version de run_clinical_metrics.
run_clinical_metrics,raw_model_score_meaning,text,NO,CAST('probability_parasitized' AS text),,,,,Campo raw_model_score_meaning de run_clinical_metrics.
run_clinical_metrics,created_at,timestamp with time zone,NO,now(),,,,,Campo created_at de run_clinical_metrics. Auditoría temporal del evento indicado; sin actualización automática salvo trigger explícito.
run_clinical_metrics,metadata,jsonb,NO,CAST('{}' AS jsonb),,,,,"Campo metadata de run_clinical_metrics. Snapshot, parámetros extensibles o metadatos variables; no sustituye las FK ni columnas tipadas. Canonical/hash preserva los bytes de origen cuando aplica."
run_clinical_metrics,evaluation_id,uuid,NO,,,"fk_metric_evaluation_run: CONSTRAINT fk_metric_evaluation_run FOREIGN KEY (evaluation_id, run_id) REFERENCES public.evaluations (id, run_id) ON DELETE RESTRICT",v2_run_clinical_metrics_unique_f9437c271ff6: CONSTRAINT v2_run_clinical_metrics_unique_f9437c271ff6 UNIQUE (evaluation_id),,Campo evaluation_id de run_clinical_metrics.
run_clinical_metrics,sample_count,numeric,YES,GENERATED ALWAYS AS (CAST(tn AS numeric) + fp + fn + tp) STORED,,,,,Campo sample_count de run_clinical_metrics.
run_clinical_metrics,auc_unavailability_reason,text,YES,,,,,"ck_v2_auc_reason: CONSTRAINT ck_v2_auc_reason CHECK ((roc_auc_parasitized IS NOT NULL AND pr_auc_parasitized IS NOT NULL AND auc_unavailability_reason IS NULL) OR ((roc_auc_parasitized IS NULL OR pr_auc_parasitized IS NULL) AND auc_unavailability_reason IS NOT NULL AND auc_unavailability_reason IN ('single_class', 'scores_unavailable', 'not_computed')))",Campo auc_unavailability_reason de run_clinical_metrics.
run_configurations,run_id,uuid,NO,,YES,v2_run_configurations_foreign_db5338c19de4: CONSTRAINT v2_run_configurations_foreign_db5338c19de4 FOREIGN KEY (run_id) REFERENCES public.runs (id) ON DELETE RESTRICT,,,Campo run_id de run_configurations.
run_configurations,architecture,text,NO,,,,,"v2_run_configurations_check_cf7585e198d6: CONSTRAINT v2_run_configurations_check_cf7585e198d6 CHECK (architecture IN ('custom_cnn', 'vgg16', 'densenet121')) | v2_run_configurations_check_63e4a55e1de0: CONSTRAINT v2_run_configurations_check_63e4a55e1de0 CHECK ((architecture = 'vgg16' AND normalization = 'vgg16_imagenet' AND internal_preprocessing IS NULL) OR (architecture = 'custom_cnn' AND normalization = 'rescale_0_1' AND internal_preprocessing IS NULL) OR (architecture = 'densenet121' AND normalization = 'rescale_0_1' AND internal_preprocessing = 'densenet_imagenet_channel_mean_std'))",Campo architecture de run_configurations.
run_configurations,adapter_version,text,NO,,,,,,Campo adapter_version de run_configurations.
run_configurations,optimizer,text,NO,,,,,"v2_run_configurations_check_580e3e6c54f3: CONSTRAINT v2_run_configurations_check_580e3e6c54f3 CHECK (optimizer IN ('adam', 'adamw', 'sgd', 'adadelta'))",Campo optimizer de run_configurations.
run_configurations,learning_rate,double precision,NO,,,,,v2_run_configurations_check_ced6e7c6097c: CONSTRAINT v2_run_configurations_check_ced6e7c6097c CHECK (learning_rate > 0 AND learning_rate < CAST('Infinity' AS float8)),Campo learning_rate de run_configurations.
run_configurations,fine_tune_learning_rate,double precision,NO,,,,,v2_run_configurations_check_ddd84a2faca3: CONSTRAINT v2_run_configurations_check_ddd84a2faca3 CHECK (fine_tune_learning_rate > 0 AND fine_tune_learning_rate < CAST('Infinity' AS float8)),Campo fine_tune_learning_rate de run_configurations.
run_configurations,batch_size,integer,NO,,,,,v2_run_configurations_check_a447b286c925: CONSTRAINT v2_run_configurations_check_a447b286c925 CHECK (batch_size > 0),Campo batch_size de run_configurations.
run_configurations,random_seed,bigint,NO,,,,,v2_run_configurations_check_b4ca1fd48d76: CONSTRAINT v2_run_configurations_check_b4ca1fd48d76 CHECK (random_seed >= 0),Campo random_seed de run_configurations.
run_configurations,max_epochs,integer,NO,,,,,v2_run_configurations_check_2df57f7a8f77: CONSTRAINT v2_run_configurations_check_2df57f7a8f77 CHECK (max_epochs > 0),Campo max_epochs de run_configurations.
run_configurations,fine_tune_epochs,integer,NO,,,,,v2_run_configurations_check_7bcf16f32f16: CONSTRAINT v2_run_configurations_check_7bcf16f32f16 CHECK (fine_tune_epochs >= 0),Campo fine_tune_epochs de run_configurations.
run_configurations,early_stopping,boolean,NO,,,,,,Campo early_stopping de run_configurations.
run_configurations,early_stopping_patience,integer,NO,,,,,v2_run_configurations_check_998aa974aff8: CONSTRAINT v2_run_configurations_check_998aa974aff8 CHECK (early_stopping_patience >= 0),Campo early_stopping_patience de run_configurations.
run_configurations,early_stopping_min_delta,double precision,NO,,,,,v2_run_configurations_check_ab6239fe6a31: CONSTRAINT v2_run_configurations_check_ab6239fe6a31 CHECK (early_stopping_min_delta >= 0 AND early_stopping_min_delta < CAST('Infinity' AS float8)),Campo early_stopping_min_delta de run_configurations.
run_configurations,early_stopping_monitor,text,NO,,,,,,Campo early_stopping_monitor de run_configurations.
run_configurations,early_stopping_mode,text,NO,,,,,"v2_run_configurations_check_f121e8cce088: CONSTRAINT v2_run_configurations_check_f121e8cce088 CHECK (early_stopping_mode IN ('min', 'max'))",Campo early_stopping_mode de run_configurations.
run_configurations,restore_best_weights,boolean,NO,,,,,,Campo restore_best_weights de run_configurations.
run_configurations,checkpoint_monitor,text,NO,,,,,,Campo checkpoint_monitor de run_configurations.
run_configurations,checkpoint_mode,text,NO,,,,,"v2_run_configurations_check_2131e4191e29: CONSTRAINT v2_run_configurations_check_2131e4191e29 CHECK (checkpoint_mode IN ('min', 'max'))",Campo checkpoint_mode de run_configurations.
run_configurations,dropout,double precision,NO,,,,,v2_run_configurations_check_eee102ab78dd: CONSTRAINT v2_run_configurations_check_eee102ab78dd CHECK (dropout >= 0 AND dropout < 1),Campo dropout de run_configurations.
run_configurations,l2,double precision,NO,,,,,v2_run_configurations_check_ea943e1f4322: CONSTRAINT v2_run_configurations_check_ea943e1f4322 CHECK (l2 >= 0 AND l2 < 1),Campo l2 de run_configurations.
run_configurations,input_height,integer,NO,,,,,v2_run_configurations_check_46e293269ce9: CONSTRAINT v2_run_configurations_check_46e293269ce9 CHECK (input_height >= 32) | v2_run_configurations_check_f91cdd45746e: CONSTRAINT v2_run_configurations_check_f91cdd45746e CHECK (input_width = input_height),Campo input_height de run_configurations.
run_configurations,input_width,integer,NO,,,,,v2_run_configurations_check_f91cdd45746e: CONSTRAINT v2_run_configurations_check_f91cdd45746e CHECK (input_width = input_height),Campo input_width de run_configurations.
run_configurations,input_channels,integer,NO,,,,,v2_run_configurations_check_25a4140a88de: CONSTRAINT v2_run_configurations_check_25a4140a88de CHECK (input_channels = 3),Campo input_channels de run_configurations.
run_configurations,weights,text,NO,,,,,"v2_run_configurations_check_4face7ed3946: CONSTRAINT v2_run_configurations_check_4face7ed3946 CHECK (weights IN ('none', 'imagenet'))",Campo weights de run_configurations.
run_configurations,fine_tune_layers,integer,NO,,,,,v2_run_configurations_check_80bf078e8ac1: CONSTRAINT v2_run_configurations_check_80bf078e8ac1 CHECK (fine_tune_layers >= 0),Campo fine_tune_layers de run_configurations.
run_configurations,normalization,text,NO,,,,,v2_run_configurations_check_63e4a55e1de0: CONSTRAINT v2_run_configurations_check_63e4a55e1de0 CHECK ((architecture = 'vgg16' AND normalization = 'vgg16_imagenet' AND internal_preprocessing IS NULL) OR (architecture = 'custom_cnn' AND normalization = 'rescale_0_1' AND internal_preprocessing IS NULL) OR (architecture = 'densenet121' AND normalization = 'rescale_0_1' AND internal_preprocessing = 'densenet_imagenet_channel_mean_std')),Campo normalization de run_configurations.
run_configurations,internal_preprocessing,text,YES,,,,,v2_run_configurations_check_63e4a55e1de0: CONSTRAINT v2_run_configurations_check_63e4a55e1de0 CHECK ((architecture = 'vgg16' AND normalization = 'vgg16_imagenet' AND internal_preprocessing IS NULL) OR (architecture = 'custom_cnn' AND normalization = 'rescale_0_1' AND internal_preprocessing IS NULL) OR (architecture = 'densenet121' AND normalization = 'rescale_0_1' AND internal_preprocessing = 'densenet_imagenet_channel_mean_std')),Campo internal_preprocessing de run_configurations.
run_configurations,loss_function,text,NO,,,,,,Campo loss_function de run_configurations.
run_configurations,calibration_enabled,boolean,NO,FALSE,,,,,Campo calibration_enabled de run_configurations.
run_configurations,default_threshold,numeric,NO,0.5,,,,v2_run_configurations_check_278a5e3294ac: CONSTRAINT v2_run_configurations_check_278a5e3294ac CHECK (default_threshold = 0.5),Campo default_threshold de run_configurations.
run_configurations,clinical_target_recall,numeric,NO,,,,,v2_run_configurations_check_d6094850fee4: CONSTRAINT v2_run_configurations_check_d6094850fee4 CHECK (clinical_target_recall > 0 AND clinical_target_recall <= 1),"Objetivo científico efectivo del TRAIN; numeric NOT NULL, 0 < valor <= 1, sin default. El software selecciona el valor."
run_configurations,configuration_hash,text,NO,,,,,"ck_v2_config_hash: CONSTRAINT ck_v2_config_hash CHECK (configuration_hash = encode(digest(canonical_configuration, 'sha256'), 'hex')) | v2_run_configurations_check_3321a4aaab96: CONSTRAINT v2_run_configurations_check_3321a4aaab96 CHECK (configuration_hash ~ '^[0-9a-f]{64}$')","Campo configuration_hash de run_configurations. Identidad/procedencia; conservar valor y representación canónica original, sin recalcular al transferir."
run_configurations,canonical_configuration,text,NO,,,,,"ck_v2_config_hash: CONSTRAINT ck_v2_config_hash CHECK (configuration_hash = encode(digest(canonical_configuration, 'sha256'), 'hex'))",Campo canonical_configuration de run_configurations.
run_configurations,optimizer_extensions,jsonb,NO,'{}',,,,v2_run_configurations_check_3f8c4617855a: CONSTRAINT v2_run_configurations_check_3f8c4617855a CHECK (jsonb_typeof(optimizer_extensions) = 'object'),"Campo optimizer_extensions de run_configurations. Snapshot, parámetros extensibles o metadatos variables; no sustituye las FK ni columnas tipadas. Canonical/hash preserva los bytes de origen cuando aplica."
run_configurations,extension_configuration,jsonb,NO,'{}',,,,v2_run_configurations_check_f31c0727c3ef: CONSTRAINT v2_run_configurations_check_f31c0727c3ef CHECK (jsonb_typeof(extension_configuration) = 'object'),"Campo extension_configuration de run_configurations. Snapshot, parámetros extensibles o metadatos variables; no sustituye las FK ni columnas tipadas. Canonical/hash preserva los bytes de origen cuando aplica."
run_configurations,provenance_snapshot,jsonb,NO,,,,,v2_run_configurations_check_eb0d0af834a3: CONSTRAINT v2_run_configurations_check_eb0d0af834a3 CHECK (jsonb_typeof(provenance_snapshot) = 'object'),"Campo provenance_snapshot de run_configurations. Snapshot, parámetros extensibles o metadatos variables; no sustituye las FK ni columnas tipadas. Canonical/hash preserva los bytes de origen cuando aplica."
run_configurations,created_at,timestamptz,NO,now(),,,,,Campo created_at de run_configurations. Auditoría temporal del evento indicado; sin actualización automática salvo trigger explícito.
run_dataset_images,run_dataset_image_id,uuid,NO,pg_catalog.gen_random_uuid(),YES,,,,Campo run_dataset_image_id de run_dataset_images.
run_dataset_images,run_id,uuid,NO,,,run_dataset_images_run_id_fkey: CONSTRAINT run_dataset_images_run_id_fkey FOREIGN KEY (run_id) REFERENCES runs (id) ON DELETE RESTRICT,"uq_run_dataset_images_usage: CONSTRAINT uq_run_dataset_images_usage UNIQUE (run_id, image_id, usage_context)",,Campo run_id de run_dataset_images.
run_dataset_images,image_id,uuid,NO,,,run_dataset_images_image_id_fkey: CONSTRAINT run_dataset_images_image_id_fkey FOREIGN KEY (image_id) REFERENCES dataset_split_images (image_id) ON DELETE RESTRICT,"uq_run_dataset_images_usage: CONSTRAINT uq_run_dataset_images_usage UNIQUE (run_id, image_id, usage_context)",,Campo image_id de run_dataset_images.
run_dataset_images,split_name,text,NO,,,,,"chk_run_dataset_images_split: CONSTRAINT chk_run_dataset_images_split CHECK (split_name = ANY(ARRAY[CAST('train' AS text), CAST('val' AS text), CAST('validation' AS text), CAST('test' AS text)]))",Campo split_name de run_dataset_images.
run_dataset_images,usage_context,text,NO,,,,"uq_run_dataset_images_usage: CONSTRAINT uq_run_dataset_images_usage UNIQUE (run_id, image_id, usage_context)","chk_run_dataset_images_usage_context: CONSTRAINT chk_run_dataset_images_usage_context CHECK (usage_context = ANY(ARRAY[CAST('train' AS text), CAST('validation' AS text), CAST('evaluation' AS text), CAST('explainability' AS text), CAST('tta' AS text), CAST('ensemble' AS text), CAST('svm_features' AS text), CAST('inference' AS text)]))",Campo usage_context de run_dataset_images.
run_dataset_images,class_index,integer,NO,,,,,"chk_run_dataset_images_class_index: CONSTRAINT chk_run_dataset_images_class_index CHECK (class_index = ANY(ARRAY[0, 1]))",Campo class_index de run_dataset_images.
run_dataset_images,class_name,text,NO,,,,,"chk_run_dataset_images_class_name: CONSTRAINT chk_run_dataset_images_class_name CHECK (class_name = ANY(ARRAY[CAST('uninfected' AS text), CAST('parasitized' AS text)]))",Campo class_name de run_dataset_images.
run_dataset_images,relative_path,text,NO,,,,,,Campo relative_path de run_dataset_images.
run_dataset_images,filename,text,NO,,,,,,Campo filename de run_dataset_images.
run_dataset_images,batch_index,integer,YES,,,,,,Campo batch_index de run_dataset_images.
run_dataset_images,sample_index,integer,YES,,,,,,Campo sample_index de run_dataset_images.
run_dataset_images,used_for_training,boolean,NO,FALSE,,,,,Campo used_for_training de run_dataset_images.
run_dataset_images,used_for_validation,boolean,NO,FALSE,,,,,Campo used_for_validation de run_dataset_images.
run_dataset_images,used_for_test,boolean,NO,FALSE,,,,,Campo used_for_test de run_dataset_images.
run_dataset_images,created_at,timestamp with time zone,NO,now(),,,,,Campo created_at de run_dataset_images. Auditoría temporal del evento indicado; sin actualización automática salvo trigger explícito.
run_dataset_images,metadata,jsonb,NO,CAST('{}' AS jsonb),,,,,"Campo metadata de run_dataset_images. Snapshot, parámetros extensibles o metadatos variables; no sustituye las FK ni columnas tipadas. Canonical/hash preserva los bytes de origen cuando aplica."
run_image_predictions,run_image_prediction_id,uuid,NO,pg_catalog.gen_random_uuid(),YES,,,,Campo run_image_prediction_id de run_image_predictions.
run_image_predictions,run_id,uuid,NO,,,run_image_predictions_run_id_fkey: CONSTRAINT run_image_predictions_run_id_fkey FOREIGN KEY (run_id) REFERENCES runs (id) ON DELETE RESTRICT,,,Campo run_id de run_image_predictions.
run_image_predictions,image_id,uuid,YES,,,run_image_predictions_image_id_fkey: CONSTRAINT run_image_predictions_image_id_fkey FOREIGN KEY (image_id) REFERENCES dataset_split_images (image_id) ON DELETE RESTRICT,,,Campo image_id de run_image_predictions.
run_image_predictions,split_name,text,YES,,,,,"chk_run_image_predictions_split: CONSTRAINT chk_run_image_predictions_split CHECK (split_name IS NULL OR split_name = ANY(ARRAY[CAST('train' AS text), CAST('val' AS text), CAST('validation' AS text), CAST('test' AS text), CAST('external' AS text)]))",Campo split_name de run_image_predictions.
run_image_predictions,usage_context,text,YES,,,,,"chk_run_image_predictions_usage_context: CONSTRAINT chk_run_image_predictions_usage_context CHECK (usage_context IS NULL OR usage_context = ANY(ARRAY[CAST('train' AS text), CAST('validation' AS text), CAST('evaluation' AS text), CAST('explainability' AS text), CAST('tta' AS text), CAST('ensemble' AS text), CAST('svm_features' AS text), CAST('inference' AS text)]))",Campo usage_context de run_image_predictions.
run_image_predictions,filename,text,YES,,,,,,Campo filename de run_image_predictions.
run_image_predictions,relative_path,text,YES,,,,,,Campo relative_path de run_image_predictions.
run_image_predictions,true_label,integer,YES,,,,,,Campo true_label de run_image_predictions.
run_image_predictions,true_label_name,text,YES,,,,,,Campo true_label_name de run_image_predictions.
run_image_predictions,predicted_label,integer,YES,,,,,,Campo predicted_label de run_image_predictions.
run_image_predictions,predicted_label_name,text,YES,,,,,,Campo predicted_label_name de run_image_predictions.
run_image_predictions,probability_parasitized,numeric,YES,,,,,,Campo probability_parasitized de run_image_predictions.
run_image_predictions,probability_uninfected,numeric,YES,,,,,,Campo probability_uninfected de run_image_predictions.
run_image_predictions,raw_model_score,numeric,YES,,,,,,Campo raw_model_score de run_image_predictions.
run_image_predictions,raw_model_score_meaning,text,NO,CAST('probability_parasitized' AS text),,,,,Campo raw_model_score_meaning de run_image_predictions.
run_image_predictions,threshold_used,numeric,YES,,,,,,Campo threshold_used de run_image_predictions.
run_image_predictions,threshold_source,text,YES,,,,,,Campo threshold_source de run_image_predictions.
run_image_predictions,is_correct,boolean,YES,,,,,,Campo is_correct de run_image_predictions.
run_image_predictions,case_type,text,YES,,,,,"chk_run_image_predictions_case_type: CONSTRAINT chk_run_image_predictions_case_type CHECK (case_type IS NULL OR case_type = ANY(ARRAY[CAST('true_positive' AS text), CAST('true_negative' AS text), CAST('false_positive' AS text), CAST('false_negative' AS text), CAST('low_confidence' AS text), CAST('unknown' AS text)]))",Campo case_type de run_image_predictions.
run_image_predictions,metadata,jsonb,NO,CAST('{}' AS jsonb),,,,,"Campo metadata de run_image_predictions. Snapshot, parámetros extensibles o metadatos variables; no sustituye las FK ni columnas tipadas. Canonical/hash preserva los bytes de origen cuando aplica."
run_image_predictions,created_at,timestamp with time zone,NO,now(),,,,,Campo created_at de run_image_predictions. Auditoría temporal del evento indicado; sin actualización automática salvo trigger explícito.
run_io_records,run_io_id,uuid,NO,pg_catalog.gen_random_uuid(),YES,,,,Campo run_io_id de run_io_records.
run_io_records,run_id,uuid,NO,,,run_io_records_run_id_fkey: CONSTRAINT run_io_records_run_id_fkey FOREIGN KEY (run_id) REFERENCES runs (id) ON DELETE RESTRICT,,,Campo run_id de run_io_records.
run_io_records,script_name,text,NO,,,,,,Campo script_name de run_io_records.
run_io_records,command,text,YES,,,,,,Campo command de run_io_records.
run_io_records,input_parameters,jsonb,NO,CAST('{}' AS jsonb),,,,,"Campo input_parameters de run_io_records. Snapshot, parámetros extensibles o metadatos variables; no sustituye las FK ni columnas tipadas. Canonical/hash preserva los bytes de origen cuando aplica."
run_io_records,output_results,jsonb,NO,CAST('{}' AS jsonb),,,,,"Campo output_results de run_io_records. Snapshot, parámetros extensibles o metadatos variables; no sustituye las FK ni columnas tipadas. Canonical/hash preserva los bytes de origen cuando aplica."
run_io_records,output_artifacts,jsonb,NO,CAST('[]' AS jsonb),,,,,"Campo output_artifacts de run_io_records. Snapshot, parámetros extensibles o metadatos variables; no sustituye las FK ni columnas tipadas. Canonical/hash preserva los bytes de origen cuando aplica."
run_io_records,dataset_metadata,jsonb,NO,CAST('{}' AS jsonb),,,,,"Campo dataset_metadata de run_io_records. Snapshot, parámetros extensibles o metadatos variables; no sustituye las FK ni columnas tipadas. Canonical/hash preserva los bytes de origen cuando aplica."
run_io_records,label_mapping_version,text,NO,CAST('clinical_v1_parasitized_positive' AS text),,,,,Campo label_mapping_version de run_io_records.
run_io_records,raw_model_score_meaning,text,YES,CAST('probability_parasitized' AS text),,,,,Campo raw_model_score_meaning de run_io_records.
run_io_records,created_at,timestamp with time zone,NO,now(),,,,,Campo created_at de run_io_records. Auditoría temporal del evento indicado; sin actualización automática salvo trigger explícito.
run_io_records,metadata,jsonb,NO,CAST('{}' AS jsonb),,,,,"Campo metadata de run_io_records. Snapshot, parámetros extensibles o metadatos variables; no sustituye las FK ni columnas tipadas. Canonical/hash preserva los bytes de origen cuando aplica."
run_io_records,run_type,text,YES,,,,,,Campo run_type de run_io_records.
run_io_records,model_name,text,YES,,,,,,Campo model_name de run_io_records.
run_io_records,model_metadata,jsonb,NO,CAST('{}' AS jsonb),,,,,"Campo model_metadata de run_io_records. Snapshot, parámetros extensibles o metadatos variables; no sustituye las FK ni columnas tipadas. Canonical/hash preserva los bytes de origen cuando aplica."
run_io_records,clinical_metadata,jsonb,NO,CAST('{}' AS jsonb),,,,,"Campo clinical_metadata de run_io_records. Snapshot, parámetros extensibles o metadatos variables; no sustituye las FK ni columnas tipadas. Canonical/hash preserva los bytes de origen cuando aplica."
run_io_records,dataset_version_id,uuid,YES,,,run_io_records_dataset_version_id_fkey: CONSTRAINT run_io_records_dataset_version_id_fkey FOREIGN KEY (dataset_version_id) REFERENCES dataset_versions (id) ON DELETE RESTRICT,,,Campo dataset_version_id de run_io_records.
run_io_records,dataset_materialization_id,uuid,YES,,,run_io_records_dataset_materialization_id_fkey: CONSTRAINT run_io_records_dataset_materialization_id_fkey FOREIGN KEY (dataset_materialization_id) REFERENCES dataset_materializations (id) ON DELETE RESTRICT,,,Campo dataset_materialization_id de run_io_records.
run_lineage,id,uuid,NO,pg_catalog.gen_random_uuid(),YES,,,,Campo id de run_lineage.
run_lineage,parent_run_id,uuid,NO,,,"fk_run_lineage_checkpoint_artifact_owner: CONSTRAINT fk_run_lineage_checkpoint_artifact_owner FOREIGN KEY (checkpoint_artifact_id, parent_run_id) REFERENCES artifacts (id, run_id) ON DELETE RESTRICT | fk_run_lineage_model_version_owner: CONSTRAINT fk_run_lineage_model_version_owner FOREIGN KEY (model_version_id, parent_run_id) REFERENCES model_versions (id, training_run_id) ON DELETE RESTRICT | run_lineage_parent_run_id_fkey: CONSTRAINT run_lineage_parent_run_id_fkey FOREIGN KEY (parent_run_id) REFERENCES runs (id) ON DELETE RESTRICT","uq_run_lineage_parent_child_type: CONSTRAINT uq_run_lineage_parent_child_type UNIQUE (parent_run_id, child_run_id, relationship_type)",chk_run_lineage_distinct_runs: CONSTRAINT chk_run_lineage_distinct_runs CHECK (parent_run_id <> child_run_id),Campo parent_run_id de run_lineage.
run_lineage,child_run_id,uuid,NO,,,run_lineage_child_run_id_fkey: CONSTRAINT run_lineage_child_run_id_fkey FOREIGN KEY (child_run_id) REFERENCES runs (id) ON DELETE RESTRICT,"uq_run_lineage_parent_child_type: CONSTRAINT uq_run_lineage_parent_child_type UNIQUE (parent_run_id, child_run_id, relationship_type) | uq_run_lineage_single_evaluation_training_parent: CREATE UNIQUE INDEX uq_run_lineage_single_evaluation_training_parent ON public.run_lineage (child_run_id) WHERE relationship_type = CAST('evaluates_checkpoint_from' AS text)",chk_run_lineage_distinct_runs: CONSTRAINT chk_run_lineage_distinct_runs CHECK (parent_run_id <> child_run_id),Campo child_run_id de run_lineage.
run_lineage,relationship_type,text,NO,,,,"uq_run_lineage_parent_child_type: CONSTRAINT uq_run_lineage_parent_child_type UNIQUE (parent_run_id, child_run_id, relationship_type)","chk_run_lineage_relationship_type: CONSTRAINT chk_run_lineage_relationship_type CHECK (relationship_type = ANY(ARRAY[CAST('evaluates_checkpoint_from' AS text), CAST('explains_checkpoint_from' AS text), CAST('derived_from' AS text)]))",Campo relationship_type de run_lineage.
run_lineage,checkpoint_path,text,YES,,,,,,Campo checkpoint_path de run_lineage.
run_lineage,checkpoint_artifact_id,uuid,YES,,,"fk_run_lineage_checkpoint_artifact_owner: CONSTRAINT fk_run_lineage_checkpoint_artifact_owner FOREIGN KEY (checkpoint_artifact_id, parent_run_id) REFERENCES artifacts (id, run_id) ON DELETE RESTRICT | fk_run_lineage_version_artifact: CONSTRAINT fk_run_lineage_version_artifact FOREIGN KEY (model_version_id, checkpoint_artifact_id) REFERENCES model_versions (id, checkpoint_artifact_id) ON DELETE RESTRICT",,,Campo checkpoint_artifact_id de run_lineage.
run_lineage,model_version_id,uuid,YES,,,"fk_run_lineage_model_version_owner: CONSTRAINT fk_run_lineage_model_version_owner FOREIGN KEY (model_version_id, parent_run_id) REFERENCES model_versions (id, training_run_id) ON DELETE RESTRICT | fk_run_lineage_version_artifact: CONSTRAINT fk_run_lineage_version_artifact FOREIGN KEY (model_version_id, checkpoint_artifact_id) REFERENCES model_versions (id, checkpoint_artifact_id) ON DELETE RESTRICT",,,Campo model_version_id de run_lineage.
run_lineage,confidence,text,NO,CAST('explicit' AS text),,,,"chk_run_lineage_confidence: CONSTRAINT chk_run_lineage_confidence CHECK (confidence = ANY(ARRAY[CAST('explicit' AS text), CAST('inferred_exact_checkpoint' AS text), CAST('inferred_model_version' AS text), CAST('inferred_heuristic' AS text), CAST('unknown' AS text)]))",Campo confidence de run_lineage.
run_lineage,metadata,jsonb,NO,CAST('{}' AS jsonb),,,,,"Campo metadata de run_lineage. Snapshot, parámetros extensibles o metadatos variables; no sustituye las FK ni columnas tipadas. Canonical/hash preserva los bytes de origen cuando aplica."
run_lineage,created_at,timestamp with time zone,NO,now(),,,,,Campo created_at de run_lineage. Auditoría temporal del evento indicado; sin actualización automática salvo trigger explícito.
run_metrics,id,uuid,NO,pg_catalog.gen_random_uuid(),YES,,,,Campo id de run_metrics.
run_metrics,run_id,uuid,YES,,,run_metrics_run_id_fkey: CONSTRAINT run_metrics_run_id_fkey FOREIGN KEY (run_id) REFERENCES runs (id) ON DELETE RESTRICT,,,Campo run_id de run_metrics.
run_metrics,metric_name,text,NO,,,,,"ck_v2_extension_only: CONSTRAINT ck_v2_extension_only CHECK (lower(metric_name) NOT IN ('recall', 'sensitivity', 'specificity', 'precision', 'f1', 'f2', 'balanced_accuracy', 'roc_auc', 'pr_auc', 'tp', 'fp', 'fn', 'tn', 'recall_parasitized', 'sensitivity_parasitized', 'precision_parasitized', 'f1_parasitized', 'f2_parasitized', 'roc_auc_parasitized', 'pr_auc_parasitized'))",Campo metric_name de run_metrics.
run_metrics,metric_value,numeric,YES,,,,,,Campo metric_value de run_metrics.
run_metrics,metric_unit,text,YES,,,,,,Campo metric_unit de run_metrics.
run_metrics,split_name,text,YES,,,,,,Campo split_name de run_metrics.
run_metrics,class_name,text,YES,,,,,,Campo class_name de run_metrics.
run_metrics,step,integer,YES,,,,,,Campo step de run_metrics.
run_metrics,epoch,integer,YES,,,,,,Campo epoch de run_metrics.
run_metrics,created_at,timestamp with time zone,YES,now(),,,,,Campo created_at de run_metrics. Auditoría temporal del evento indicado; sin actualización automática salvo trigger explícito.
run_metrics,metadata,jsonb,YES,CAST('{}' AS jsonb),,,,,"Campo metadata de run_metrics. Snapshot, parámetros extensibles o metadatos variables; no sustituye las FK ni columnas tipadas. Canonical/hash preserva los bytes de origen cuando aplica."
run_model_deployments,id,uuid,NO,pg_catalog.gen_random_uuid(),YES,,,,Campo id de run_model_deployments.
run_model_deployments,run_id,uuid,NO,,,fk_run_model_deployments_run: CONSTRAINT fk_run_model_deployments_run FOREIGN KEY (run_id) REFERENCES runs (id) ON DELETE RESTRICT,"uq_run_model_deployments_binding: CREATE UNIQUE INDEX uq_run_model_deployments_binding ON public.run_model_deployments (run_id, deployed_model_version_id, role, ordinal) | uq_run_model_deployments_run_deployment_version: CREATE UNIQUE INDEX uq_run_model_deployments_run_deployment_version ON public.run_model_deployments (run_id, deployed_model_version_id, model_version_id) | uq_run_model_deployments_primary: CREATE UNIQUE INDEX uq_run_model_deployments_primary ON public.run_model_deployments (run_id) WHERE role = CAST('primary' AS text)",,Campo run_id de run_model_deployments.
run_model_deployments,deployed_model_version_id,uuid,NO,,,"fk_run_model_deployments_deployment_version: CONSTRAINT fk_run_model_deployments_deployment_version FOREIGN KEY (deployed_model_version_id, model_version_id) REFERENCES deployed_model_versions (id, model_version_id) ON DELETE RESTRICT","uq_run_model_deployments_binding: CREATE UNIQUE INDEX uq_run_model_deployments_binding ON public.run_model_deployments (run_id, deployed_model_version_id, role, ordinal) | uq_run_model_deployments_run_deployment_version: CREATE UNIQUE INDEX uq_run_model_deployments_run_deployment_version ON public.run_model_deployments (run_id, deployed_model_version_id, model_version_id)",,Campo deployed_model_version_id de run_model_deployments.
run_model_deployments,model_version_id,uuid,NO,,,"fk_run_model_deployments_deployment_version: CONSTRAINT fk_run_model_deployments_deployment_version FOREIGN KEY (deployed_model_version_id, model_version_id) REFERENCES deployed_model_versions (id, model_version_id) ON DELETE RESTRICT","uq_run_model_deployments_run_deployment_version: CREATE UNIQUE INDEX uq_run_model_deployments_run_deployment_version ON public.run_model_deployments (run_id, deployed_model_version_id, model_version_id)",,Campo model_version_id de run_model_deployments.
run_model_deployments,role,text,NO,CAST('primary' AS text),,,"uq_run_model_deployments_binding: CREATE UNIQUE INDEX uq_run_model_deployments_binding ON public.run_model_deployments (run_id, deployed_model_version_id, role, ordinal)","chk_run_model_deployments_role: CONSTRAINT chk_run_model_deployments_role CHECK (role = ANY(ARRAY[CAST('primary' AS text), CAST('classifier' AS text), CAST('detector' AS text), CAST('ensemble_member' AS text), CAST('explainer' AS text)]))",Campo role de run_model_deployments.
run_model_deployments,ordinal,integer,NO,0,,,"uq_run_model_deployments_binding: CREATE UNIQUE INDEX uq_run_model_deployments_binding ON public.run_model_deployments (run_id, deployed_model_version_id, role, ordinal)",chk_run_model_deployments_ordinal: CONSTRAINT chk_run_model_deployments_ordinal CHECK (ordinal >= 0),Campo ordinal de run_model_deployments.
run_model_deployments,weight,numeric,YES,,,,,chk_run_model_deployments_weight: CONSTRAINT chk_run_model_deployments_weight CHECK (weight IS NULL OR (weight >= CAST(0 AS numeric) AND weight <= CAST(1 AS numeric))),Campo weight de run_model_deployments.
run_model_deployments,metadata,jsonb,NO,CAST('{}' AS jsonb),,,,chk_run_model_deployments_metadata: CONSTRAINT chk_run_model_deployments_metadata CHECK (jsonb_typeof(metadata) = CAST('object' AS text)),"Campo metadata de run_model_deployments. Snapshot, parámetros extensibles o metadatos variables; no sustituye las FK ni columnas tipadas. Canonical/hash preserva los bytes de origen cuando aplica."
run_model_deployments,created_at,timestamp with time zone,NO,now(),,,,,Campo created_at de run_model_deployments. Auditoría temporal del evento indicado; sin actualización automática salvo trigger explícito.
run_threshold_calibration,run_threshold_calibration_id,uuid,NO,pg_catalog.gen_random_uuid(),YES,,"uq_run_threshold_calibration_id_version: CREATE UNIQUE INDEX uq_run_threshold_calibration_id_version ON public.run_threshold_calibration (run_threshold_calibration_id, model_version_id)",,Campo run_threshold_calibration_id de run_threshold_calibration.
run_threshold_calibration,run_id,uuid,NO,,,"fk_run_threshold_calibration_artifact_owner: CONSTRAINT fk_run_threshold_calibration_artifact_owner FOREIGN KEY (calibration_artifact_id, run_id) REFERENCES artifacts (id, run_id) ON DELETE RESTRICT | run_threshold_calibration_run_id_fkey: CONSTRAINT run_threshold_calibration_run_id_fkey FOREIGN KEY (run_id) REFERENCES runs (id) ON DELETE RESTRICT",,,Campo run_id de run_threshold_calibration.
run_threshold_calibration,model_name,text,YES,,,,,,Campo model_name de run_threshold_calibration.
run_threshold_calibration,threshold_policy,text,NO,CAST('target_recall' AS text),,,,,Campo threshold_policy de run_threshold_calibration.
run_threshold_calibration,threshold_source,text,NO,CAST('validation_calibration' AS text),,,,,Campo threshold_source de run_threshold_calibration.
run_threshold_calibration,threshold_selected,numeric,NO,,,,,,Campo threshold_selected de run_threshold_calibration.
run_threshold_calibration,default_threshold,numeric,NO,0.5,,,,ck_v2_calibration_val: CONSTRAINT ck_v2_calibration_val CHECK (calibration_split = 'val' AND default_threshold = 0.5 AND target_recall > 0 AND target_recall <= 1),Campo default_threshold de run_threshold_calibration.
run_threshold_calibration,target_recall,numeric,NO,,,,,ck_v2_calibration_val: CONSTRAINT ck_v2_calibration_val CHECK (calibration_split = 'val' AND default_threshold = 0.5 AND target_recall > 0 AND target_recall <= 1),Campo target_recall de run_threshold_calibration.
run_threshold_calibration,target_recall_satisfied,boolean,YES,,,,,,Campo target_recall_satisfied de run_threshold_calibration.
run_threshold_calibration,min_specificity,numeric,YES,,,,,,Campo min_specificity de run_threshold_calibration.
run_threshold_calibration,validation_recall_at_threshold,numeric,YES,,,,,,Campo validation_recall_at_threshold de run_threshold_calibration.
run_threshold_calibration,validation_specificity_at_threshold,numeric,YES,,,,,,Campo validation_specificity_at_threshold de run_threshold_calibration.
run_threshold_calibration,validation_precision_at_threshold,numeric,YES,,,,,,Campo validation_precision_at_threshold de run_threshold_calibration.
run_threshold_calibration,validation_f1_at_threshold,numeric,YES,,,,,,Campo validation_f1_at_threshold de run_threshold_calibration.
run_threshold_calibration,validation_f2_at_threshold,numeric,YES,,,,,,Campo validation_f2_at_threshold de run_threshold_calibration.
run_threshold_calibration,validation_balanced_accuracy_at_threshold,numeric,YES,,,,,,Campo validation_balanced_accuracy_at_threshold de run_threshold_calibration.
run_threshold_calibration,validation_pr_auc,numeric,YES,,,,,,Campo validation_pr_auc de run_threshold_calibration.
run_threshold_calibration,validation_roc_auc,numeric,YES,,,,,,Campo validation_roc_auc de run_threshold_calibration.
run_threshold_calibration,default_threshold_metrics,jsonb,NO,CAST('{}' AS jsonb),,,,,"Campo default_threshold_metrics de run_threshold_calibration. Snapshot, parámetros extensibles o metadatos variables; no sustituye las FK ni columnas tipadas. Canonical/hash preserva los bytes de origen cuando aplica."
run_threshold_calibration,selected_threshold_metrics,jsonb,NO,CAST('{}' AS jsonb),,,,,"Campo selected_threshold_metrics de run_threshold_calibration. Snapshot, parámetros extensibles o metadatos variables; no sustituye las FK ni columnas tipadas. Canonical/hash preserva los bytes de origen cuando aplica."
run_threshold_calibration,candidate_count,integer,YES,,,,,,Campo candidate_count de run_threshold_calibration.
run_threshold_calibration,threshold_warning,text,YES,,,,,,Campo threshold_warning de run_threshold_calibration.
run_threshold_calibration,calibration_split,text,NO,CAST('val' AS text),,,,"chk_run_threshold_calibration_split: CONSTRAINT chk_run_threshold_calibration_split CHECK (calibration_split = ANY(ARRAY[CAST('val' AS text), CAST('validation' AS text)])) | ck_v2_calibration_val: CONSTRAINT ck_v2_calibration_val CHECK (calibration_split = 'val' AND default_threshold = 0.5 AND target_recall > 0 AND target_recall <= 1)",Campo calibration_split de run_threshold_calibration.
run_threshold_calibration,threshold_calibration_path,text,YES,,,,,,Campo threshold_calibration_path de run_threshold_calibration.
run_threshold_calibration,model_metadata_path,text,YES,,,,,,Campo model_metadata_path de run_threshold_calibration.
run_threshold_calibration,created_at,timestamp with time zone,NO,now(),,,,,Campo created_at de run_threshold_calibration. Auditoría temporal del evento indicado; sin actualización automática salvo trigger explícito.
run_threshold_calibration,metadata,jsonb,NO,CAST('{}' AS jsonb),,,,,"Campo metadata de run_threshold_calibration. Snapshot, parámetros extensibles o metadatos variables; no sustituye las FK ni columnas tipadas. Canonical/hash preserva los bytes de origen cuando aplica."
run_threshold_calibration,model_version_id,uuid,YES,,,fk_run_threshold_calibration_model_version: CONSTRAINT fk_run_threshold_calibration_model_version FOREIGN KEY (model_version_id) REFERENCES model_versions (id) ON DELETE RESTRICT,"uq_run_threshold_calibration_id_version: CREATE UNIQUE INDEX uq_run_threshold_calibration_id_version ON public.run_threshold_calibration (run_threshold_calibration_id, model_version_id)",,Campo model_version_id de run_threshold_calibration.
run_threshold_calibration,calibration_artifact_id,uuid,YES,,,"fk_run_threshold_calibration_artifact_owner: CONSTRAINT fk_run_threshold_calibration_artifact_owner FOREIGN KEY (calibration_artifact_id, run_id) REFERENCES artifacts (id, run_id) ON DELETE RESTRICT",,,Campo calibration_artifact_id de run_threshold_calibration.
run_threshold_calibration,score_name,text,NO,CAST('probability_parasitized' AS text),,,,chk_run_threshold_calibration_score_name: CONSTRAINT chk_run_threshold_calibration_score_name CHECK (score_name = CAST('probability_parasitized' AS text)),Campo score_name de run_threshold_calibration.
run_threshold_calibration,label_mapping_version,text,NO,CAST('clinical_v1_parasitized_positive' AS text),,,,,Campo label_mapping_version de run_threshold_calibration.
run_threshold_calibration,positive_label,text,NO,CAST('parasitized' AS text),,,,chk_run_threshold_calibration_positive_label: CONSTRAINT chk_run_threshold_calibration_positive_label CHECK (positive_label = CAST('parasitized' AS text)),Campo positive_label de run_threshold_calibration.
run_threshold_calibration,calibration_status,text,NO,CAST('recorded' AS text),,,,"chk_run_threshold_calibration_status: CONSTRAINT chk_run_threshold_calibration_status CHECK (calibration_status = ANY(ARRAY[CAST('recorded' AS text), CAST('validated' AS text), CAST('rejected' AS text), CAST('retired' AS text)]))",Campo calibration_status de run_threshold_calibration.
run_threshold_calibration,default_evaluation_id,uuid,NO,,,v2_run_threshold_calibration_foreign_014acc59cdbd: CONSTRAINT v2_run_threshold_calibration_foreign_014acc59cdbd FOREIGN KEY (default_evaluation_id) REFERENCES public.evaluations (id) ON DELETE RESTRICT DEFERRABLE INITIALLY DEFERRED,,,Campo default_evaluation_id de run_threshold_calibration.
run_threshold_calibration,selected_evaluation_id,uuid,NO,,,v2_run_threshold_calibration_foreign_0ba3287c0955: CONSTRAINT v2_run_threshold_calibration_foreign_0ba3287c0955 FOREIGN KEY (selected_evaluation_id) REFERENCES public.evaluations (id) ON DELETE RESTRICT DEFERRABLE INITIALLY DEFERRED,,,Campo selected_evaluation_id de run_threshold_calibration.
runs,id,uuid,NO,pg_catalog.gen_random_uuid(),YES,,,,Campo id de runs.
runs,experiment_id,uuid,YES,,,runs_experiment_id_fkey: CONSTRAINT runs_experiment_id_fkey FOREIGN KEY (experiment_id) REFERENCES experiments (id) ON DELETE RESTRICT,,,Campo experiment_id de runs.
runs,model_id,uuid,YES,,,runs_model_id_fkey: CONSTRAINT runs_model_id_fkey FOREIGN KEY (model_id) REFERENCES models (id) ON DELETE RESTRICT,,,Campo model_id de runs.
runs,dataset_id,uuid,YES,,,runs_dataset_id_fkey: CONSTRAINT runs_dataset_id_fkey FOREIGN KEY (dataset_id) REFERENCES datasets (id) ON DELETE RESTRICT,,,Campo dataset_id de runs.
runs,run_name,text,YES,,,,,,Campo run_name de runs.
runs,run_type,text,NO,,,,,"ck_runs_release_status_training_vocabulary: CONSTRAINT ck_runs_release_status_training_vocabulary CHECK (release_status IS NULL OR (run_type = CAST('training' AS text) AND release_status = ANY(ARRAY[CAST('not_available' AS text), CAST('available_to_publish' AS text), CAST('productive_stage2' AS text)])))",Campo run_type de runs.
runs,status,text,NO,,,,,,Campo status de runs.
runs,command,text,YES,,,,,,Campo command de runs.
runs,script_name,text,YES,,,,,,Campo script_name de runs.
runs,started_at,timestamp with time zone,YES,,,,,,Campo started_at de runs. Auditoría temporal del evento indicado; sin actualización automática salvo trigger explícito.
runs,finished_at,timestamp with time zone,YES,,,,,,Campo finished_at de runs. Auditoría temporal del evento indicado; sin actualización automática salvo trigger explícito.
runs,duration_seconds,numeric,YES,,,,,,Campo duration_seconds de runs.
runs,user_name,text,YES,,,,,,Campo user_name de runs.
runs,host_name,text,YES,,,,,,Campo host_name de runs.
runs,working_directory,text,YES,,,,,,Campo working_directory de runs.
runs,git_commit,text,YES,,,,,,Campo git_commit de runs.
runs,git_branch,text,YES,,,,,,Campo git_branch de runs.
runs,python_version,text,YES,,,,,,Campo python_version de runs.
runs,tensorflow_version,text,YES,,,,,,Campo tensorflow_version de runs.
runs,keras_version,text,YES,,,,,,Campo keras_version de runs.
runs,platform,text,YES,,,,,,Campo platform de runs.
runs,machine,text,YES,,,,,,Campo machine de runs.
runs,processor,text,YES,,,,,,Campo processor de runs.
runs,gpu_available,boolean,YES,,,,,,Campo gpu_available de runs.
runs,gpu_devices,jsonb,YES,CAST('[]' AS jsonb),,,,,"Campo gpu_devices de runs. Snapshot, parámetros extensibles o metadatos variables; no sustituye las FK ni columnas tipadas. Canonical/hash preserva los bytes de origen cuando aplica."
runs,random_seed,integer,YES,,,,,,Campo random_seed de runs.
runs,parameters,jsonb,YES,CAST('{}' AS jsonb),,,,ck_v2_no_result_json: CONSTRAINT ck_v2_no_result_json CHECK (NOT parameters ? 'training_results'),"Campo parameters de runs. Snapshot, parámetros extensibles o metadatos variables; no sustituye las FK ni columnas tipadas. Canonical/hash preserva los bytes de origen cuando aplica."
runs,notes,text,YES,,,,,,Campo notes de runs.
runs,created_at,timestamp with time zone,YES,now(),,,,,Campo created_at de runs. Auditoría temporal del evento indicado; sin actualización automática salvo trigger explícito.
runs,updated_at,timestamp with time zone,YES,now(),,,,,Campo updated_at de runs. Auditoría temporal del evento indicado; sin actualización automática salvo trigger explícito.
runs,metadata,jsonb,YES,CAST('{}' AS jsonb),,,,,"Campo metadata de runs. Snapshot, parámetros extensibles o metadatos variables; no sustituye las FK ni columnas tipadas. Canonical/hash preserva los bytes de origen cuando aplica."
runs,execution_type,text,YES,,,,,,Campo execution_type de runs.
runs,execution_parameters,jsonb,NO,CAST('{}' AS jsonb),,,,,"Campo execution_parameters de runs. Snapshot, parámetros extensibles o metadatos variables; no sustituye las FK ni columnas tipadas. Canonical/hash preserva los bytes de origen cuando aplica."
runs,fine_tuning_start_epoch,integer,YES,,,,,,Campo fine_tuning_start_epoch de runs.
runs,total_epochs,integer,YES,,,,,,Campo total_epochs de runs.
runs,completed_epochs,integer,NO,0,,,,,Campo completed_epochs de runs.
runs,max_epochs,integer,YES,,,,,,Campo max_epochs de runs.
runs,stopped_epoch,integer,YES,,,,,,Campo stopped_epoch de runs.
runs,best_epoch,integer,YES,,,,,,Campo best_epoch de runs.
runs,checkpoint_monitor,text,YES,,,,,,Campo checkpoint_monitor de runs.
runs,checkpoint_mode,text,YES,,,,,,Campo checkpoint_mode de runs.
runs,best_validation_value,double precision,YES,,,,,,Campo best_validation_value de runs.
runs,early_stopping_enabled,boolean,YES,,,,,,Campo early_stopping_enabled de runs.
runs,early_stopping_patience,integer,YES,,,,,,Campo early_stopping_patience de runs.
runs,early_stopping_min_delta,double precision,YES,,,,,,Campo early_stopping_min_delta de runs.
runs,restore_best_weights,boolean,YES,,,,,,Campo restore_best_weights de runs.
runs,backend_version,text,YES,,,,,,Campo backend_version de runs.
runs,pipeline_version,text,YES,,,,,,Campo pipeline_version de runs.
runs,configuration,jsonb,YES,,,,,chk_runs_configuration_object: CONSTRAINT chk_runs_configuration_object CHECK (configuration IS NULL OR jsonb_typeof(configuration) = CAST('object' AS text)),"Campo configuration de runs. Snapshot, parámetros extensibles o metadatos variables; no sustituye las FK ni columnas tipadas. Canonical/hash preserva los bytes de origen cuando aplica."
runs,error_message,text,YES,,,,,,Campo error_message de runs.
runs,dataset_version_id,uuid,YES,,,runs_dataset_version_id_fkey: CONSTRAINT runs_dataset_version_id_fkey FOREIGN KEY (dataset_version_id) REFERENCES dataset_versions (id) ON DELETE RESTRICT,,,Campo dataset_version_id de runs.
runs,release_status,text,YES,,,,uq_runs_single_productive_stage2: CREATE UNIQUE INDEX uq_runs_single_productive_stage2 ON public.runs (release_status) WHERE run_type = CAST('training' AS text) AND release_status = CAST('productive_stage2' AS text),"ck_runs_release_status_requires_timestamp: CONSTRAINT ck_runs_release_status_requires_timestamp CHECK (release_status IS NULL OR release_updated_at IS NOT NULL) | ck_runs_release_status_training_vocabulary: CONSTRAINT ck_runs_release_status_training_vocabulary CHECK (release_status IS NULL OR (run_type = CAST('training' AS text) AND release_status = ANY(ARRAY[CAST('not_available' AS text), CAST('available_to_publish' AS text), CAST('productive_stage2' AS text)])))",Campo release_status de runs.
runs,release_updated_at,timestamp with time zone,YES,,,,,ck_runs_release_status_requires_timestamp: CONSTRAINT ck_runs_release_status_requires_timestamp CHECK (release_status IS NULL OR release_updated_at IS NOT NULL),Campo release_updated_at de runs. Auditoría temporal del evento indicado; sin actualización automática salvo trigger explícito.
runs,release_changed_by,text,YES,,,,,,Campo release_changed_by de runs.
runs,release_reason,text,YES,,,,,,Campo release_reason de runs.
runs,campaign_id,uuid,YES,,,runs_campaign_id_fkey: CONSTRAINT runs_campaign_id_fkey FOREIGN KEY (campaign_id) REFERENCES experimental_campaigns (id),,,Campo campaign_id de runs.
runs,peak_cpu_memory_bytes,bigint,YES,,,,,v2_runs_check_275ea92559ec: CONSTRAINT v2_runs_check_275ea92559ec CHECK (peak_cpu_memory_bytes >= 0),Campo peak_cpu_memory_bytes de runs.
runs,peak_gpu_memory_bytes,bigint,YES,,,,,v2_runs_check_080968ed1984: CONSTRAINT v2_runs_check_080968ed1984 CHECK (peak_gpu_memory_bytes >= 0),Campo peak_gpu_memory_bytes de runs.
scientific_cases,id,uuid,NO,,YES,,,,Campo id de scientific_cases.
scientific_cases,case_code,varchar(120),NO,,,,scientific_cases_case_code_key: CONSTRAINT scientific_cases_case_code_key UNIQUE (case_code),scientific_cases_case_code_check: CONSTRAINT scientific_cases_case_code_check CHECK (btrim(CAST(case_code AS text)) <> CAST('' AS text)),Campo case_code de scientific_cases.
scientific_cases,subject_id,uuid,YES,,,scientific_cases_subject_id_fkey: CONSTRAINT scientific_cases_subject_id_fkey FOREIGN KEY (subject_id) REFERENCES research_subjects (id) ON DELETE RESTRICT,,,Campo subject_id de scientific_cases.
scientific_cases,title,varchar(240),YES,,,,,,Campo title de scientific_cases.
scientific_cases,description,text,YES,,,,,,Campo description de scientific_cases.
scientific_cases,source_type,varchar(30),NO,,,,,"scientific_cases_source_type_check: CONSTRAINT scientific_cases_source_type_check CHECK (CAST(source_type AS text) = ANY(ARRAY[CAST(CAST('physical_microscope' AS varchar) AS text), CAST(CAST('imported_image' AS varchar) AS text), CAST(CAST('research_dataset' AS varchar) AS text), CAST(CAST('synthetic' AS varchar) AS text)]))",Campo source_type de scientific_cases.
scientific_cases,status,varchar(20),NO,CAST('draft' AS varchar),,,,"ck_scientific_case_archive_state: CONSTRAINT ck_scientific_case_archive_state CHECK ((CAST(status AS text) <> CAST('archived' AS text) AND archived_at IS NULL AND archived_by IS NULL) OR (CAST(status AS text) = CAST('archived' AS text) AND archived_at IS NOT NULL AND archived_by IS NOT NULL)) | scientific_cases_status_check: CONSTRAINT scientific_cases_status_check CHECK (CAST(status AS text) = ANY(ARRAY[CAST(CAST('draft' AS varchar) AS text), CAST(CAST('registered' AS varchar) AS text), CAST(CAST('ready' AS varchar) AS text), CAST(CAST('archived' AS varchar) AS text)]))",Campo status de scientific_cases.
scientific_cases,priority,varchar(10),NO,CAST('normal' AS varchar),,,,"scientific_cases_priority_check: CONSTRAINT scientific_cases_priority_check CHECK (CAST(priority AS text) = ANY(ARRAY[CAST(CAST('low' AS varchar) AS text), CAST(CAST('normal' AS varchar) AS text), CAST(CAST('high' AS varchar) AS text)]))",Campo priority de scientific_cases.
scientific_cases,metadata_json,jsonb,NO,CAST('{}' AS jsonb),,,,scientific_cases_metadata_json_check: CONSTRAINT scientific_cases_metadata_json_check CHECK (jsonb_typeof(metadata_json) = CAST('object' AS text)),"Campo metadata_json de scientific_cases. Snapshot, parámetros extensibles o metadatos variables; no sustituye las FK ni columnas tipadas. Canonical/hash preserva los bytes de origen cuando aplica."
scientific_cases,created_at,timestamp with time zone,NO,now(),,,,,Campo created_at de scientific_cases. Auditoría temporal del evento indicado; sin actualización automática salvo trigger explícito.
scientific_cases,updated_at,timestamp with time zone,NO,now(),,,,,Campo updated_at de scientific_cases. Auditoría temporal del evento indicado; sin actualización automática salvo trigger explícito.
scientific_cases,created_by,uuid,NO,,,scientific_cases_created_by_fkey: CONSTRAINT scientific_cases_created_by_fkey FOREIGN KEY (created_by) REFERENCES users (id) ON DELETE RESTRICT,,,Campo created_by de scientific_cases.
scientific_cases,updated_by,uuid,YES,,,scientific_cases_updated_by_fkey: CONSTRAINT scientific_cases_updated_by_fkey FOREIGN KEY (updated_by) REFERENCES users (id) ON DELETE RESTRICT,,,Campo updated_by de scientific_cases.
scientific_cases,archived_at,timestamp with time zone,YES,,,,,ck_scientific_case_archive_state: CONSTRAINT ck_scientific_case_archive_state CHECK ((CAST(status AS text) <> CAST('archived' AS text) AND archived_at IS NULL AND archived_by IS NULL) OR (CAST(status AS text) = CAST('archived' AS text) AND archived_at IS NOT NULL AND archived_by IS NOT NULL)),Campo archived_at de scientific_cases. Auditoría temporal del evento indicado; sin actualización automática salvo trigger explícito.
scientific_cases,archived_by,uuid,YES,,,scientific_cases_archived_by_fkey: CONSTRAINT scientific_cases_archived_by_fkey FOREIGN KEY (archived_by) REFERENCES users (id) ON DELETE RESTRICT,,ck_scientific_case_archive_state: CONSTRAINT ck_scientific_case_archive_state CHECK ((CAST(status AS text) <> CAST('archived' AS text) AND archived_at IS NULL AND archived_by IS NULL) OR (CAST(status AS text) = CAST('archived' AS text) AND archived_at IS NOT NULL AND archived_by IS NOT NULL)),Campo archived_by de scientific_cases.
scientific_reviews,id,uuid,NO,,YES,,,,Campo id de scientific_reviews.
scientific_reviews,entity_type,varchar(40),NO,,,,,scientific_reviews_entity_type_check: CONSTRAINT scientific_reviews_entity_type_check CHECK (CAST(entity_type AS text) = CAST('cell_detection' AS text)),Campo entity_type de scientific_reviews.
scientific_reviews,entity_id,uuid,NO,,,scientific_reviews_entity_id_fkey: CONSTRAINT scientific_reviews_entity_id_fkey FOREIGN KEY (entity_id) REFERENCES cell_detections (id) ON DELETE RESTRICT,,,Campo entity_id de scientific_reviews.
scientific_reviews,decision,varchar(30),NO,,,,,"ck_scientific_review_comment: CONSTRAINT ck_scientific_review_comment CHECK ((CAST(decision AS text) = CAST('accepted' AS text) AND (comment IS NULL OR btrim(comment) <> CAST('' AS text))) OR (CAST(decision AS text) = ANY(ARRAY[CAST(CAST('rejected' AS varchar) AS text), CAST(CAST('needs_attention' AS varchar) AS text), CAST(CAST('comment_only' AS varchar) AS text)]) AND comment IS NOT NULL AND btrim(comment) <> CAST('' AS text))) | scientific_reviews_decision_check: CONSTRAINT scientific_reviews_decision_check CHECK (CAST(decision AS text) = ANY(ARRAY[CAST(CAST('accepted' AS varchar) AS text), CAST(CAST('rejected' AS varchar) AS text), CAST(CAST('needs_attention' AS varchar) AS text), CAST(CAST('comment_only' AS varchar) AS text)]))",Campo decision de scientific_reviews.
scientific_reviews,comment,text,YES,,,,,"ck_scientific_review_comment: CONSTRAINT ck_scientific_review_comment CHECK ((CAST(decision AS text) = CAST('accepted' AS text) AND (comment IS NULL OR btrim(comment) <> CAST('' AS text))) OR (CAST(decision AS text) = ANY(ARRAY[CAST(CAST('rejected' AS varchar) AS text), CAST(CAST('needs_attention' AS varchar) AS text), CAST(CAST('comment_only' AS varchar) AS text)]) AND comment IS NOT NULL AND btrim(comment) <> CAST('' AS text)))",Campo comment de scientific_reviews.
scientific_reviews,actor_user_id,uuid,NO,,,scientific_reviews_actor_user_id_fkey: CONSTRAINT scientific_reviews_actor_user_id_fkey FOREIGN KEY (actor_user_id) REFERENCES users (id) ON DELETE RESTRICT,,,Campo actor_user_id de scientific_reviews.
scientific_reviews,created_at,timestamp with time zone,NO,now(),,,,,Campo created_at de scientific_reviews. Auditoría temporal del evento indicado; sin actualización automática salvo trigger explícito.
scientific_validation_annotation_events,id,uuid,NO,,YES,,,,Campo id de scientific_validation_annotation_events.
scientific_validation_annotation_events,annotation_id,uuid,NO,,,scientific_validation_annotation_events_annotation_id_fkey: CONSTRAINT scientific_validation_annotation_events_annotation_id_fkey FOREIGN KEY (annotation_id) REFERENCES scientific_validation_annotations (id) ON DELETE RESTRICT,"scientific_validation_annotat_annotation_id_annotation_vers_key: CONSTRAINT scientific_validation_annotat_annotation_id_annotation_vers_key UNIQUE (annotation_id, annotation_version)",,Campo annotation_id de scientific_validation_annotation_events.
scientific_validation_annotation_events,validation_session_id,uuid,YES,,,scientific_validation_annotation_eve_validation_session_id_fkey: CONSTRAINT scientific_validation_annotation_eve_validation_session_id_fkey FOREIGN KEY (validation_session_id) REFERENCES scientific_validation_sessions (id) ON DELETE RESTRICT,,,Campo validation_session_id de scientific_validation_annotation_events.
scientific_validation_annotation_events,event_type,varchar(20),NO,,,,,"ck_validation_annotation_event_before: CONSTRAINT ck_validation_annotation_event_before CHECK ((CAST(event_type AS text) = CAST('created' AS text) AND before_state IS NULL AND annotation_version = 1) OR (CAST(event_type AS text) = CAST('updated' AS text) AND jsonb_typeof(before_state) = CAST('object' AS text) AND annotation_version > 1)) | scientific_validation_annotation_events_event_type_check: CONSTRAINT scientific_validation_annotation_events_event_type_check CHECK (CAST(event_type AS text) = ANY(ARRAY[CAST(CAST('created' AS varchar) AS text), CAST(CAST('updated' AS varchar) AS text)]))",Campo event_type de scientific_validation_annotation_events.
scientific_validation_annotation_events,annotation_version,integer,NO,,,,"scientific_validation_annotat_annotation_id_annotation_vers_key: CONSTRAINT scientific_validation_annotat_annotation_id_annotation_vers_key UNIQUE (annotation_id, annotation_version)",ck_validation_annotation_event_before: CONSTRAINT ck_validation_annotation_event_before CHECK ((CAST(event_type AS text) = CAST('created' AS text) AND before_state IS NULL AND annotation_version = 1) OR (CAST(event_type AS text) = CAST('updated' AS text) AND jsonb_typeof(before_state) = CAST('object' AS text) AND annotation_version > 1)) | scientific_validation_annotation_event_annotation_version_check: CONSTRAINT scientific_validation_annotation_event_annotation_version_check CHECK (annotation_version > 0),Campo annotation_version de scientific_validation_annotation_events.
scientific_validation_annotation_events,actor_user_id,uuid,NO,,,scientific_validation_annotation_events_actor_user_id_fkey: CONSTRAINT scientific_validation_annotation_events_actor_user_id_fkey FOREIGN KEY (actor_user_id) REFERENCES users (id) ON DELETE RESTRICT,,,Campo actor_user_id de scientific_validation_annotation_events.
scientific_validation_annotation_events,before_state,jsonb,YES,,,,,ck_validation_annotation_event_before: CONSTRAINT ck_validation_annotation_event_before CHECK ((CAST(event_type AS text) = CAST('created' AS text) AND before_state IS NULL AND annotation_version = 1) OR (CAST(event_type AS text) = CAST('updated' AS text) AND jsonb_typeof(before_state) = CAST('object' AS text) AND annotation_version > 1)),"Campo before_state de scientific_validation_annotation_events. Snapshot, parámetros extensibles o metadatos variables; no sustituye las FK ni columnas tipadas. Canonical/hash preserva los bytes de origen cuando aplica."
scientific_validation_annotation_events,after_state,jsonb,NO,,,,,scientific_validation_annotation_events_after_state_check: CONSTRAINT scientific_validation_annotation_events_after_state_check CHECK (jsonb_typeof(after_state) = CAST('object' AS text)),"Campo after_state de scientific_validation_annotation_events. Snapshot, parámetros extensibles o metadatos variables; no sustituye las FK ni columnas tipadas. Canonical/hash preserva los bytes de origen cuando aplica."
scientific_validation_annotation_events,created_at,timestamp with time zone,NO,now(),,,,,Campo created_at de scientific_validation_annotation_events. Auditoría temporal del evento indicado; sin actualización automática salvo trigger explícito.
scientific_validation_annotations,id,uuid,NO,,YES,,,,Campo id de scientific_validation_annotations.
scientific_validation_annotations,validation_session_id,uuid,YES,,,scientific_validation_annotations_validation_session_id_fkey: CONSTRAINT scientific_validation_annotations_validation_session_id_fkey FOREIGN KEY (validation_session_id) REFERENCES scientific_validation_sessions (id) ON DELETE RESTRICT,,,Campo validation_session_id de scientific_validation_annotations.
scientific_validation_annotations,target_type,varchar(20),NO,,,,,"ck_validation_annotation_exact_target: CONSTRAINT ck_validation_annotation_exact_target CHECK ((CAST(target_type AS text) = CAST('cell' AS text) AND cell_detection_id IS NOT NULL AND analysis_run_id IS NULL AND sample_id IS NULL) OR (CAST(target_type AS text) = CAST('analysis' AS text) AND analysis_run_id IS NOT NULL AND cell_detection_id IS NULL AND sample_id IS NULL) OR (CAST(target_type AS text) = CAST('sample' AS text) AND sample_id IS NOT NULL AND cell_detection_id IS NULL AND analysis_run_id IS NULL)) | scientific_validation_annotations_target_type_check: CONSTRAINT scientific_validation_annotations_target_type_check CHECK (CAST(target_type AS text) = ANY(ARRAY[CAST(CAST('cell' AS varchar) AS text), CAST(CAST('analysis' AS varchar) AS text), CAST(CAST('sample' AS varchar) AS text)]))",Campo target_type de scientific_validation_annotations.
scientific_validation_annotations,cell_detection_id,uuid,YES,,,scientific_validation_annotations_cell_detection_id_fkey: CONSTRAINT scientific_validation_annotations_cell_detection_id_fkey FOREIGN KEY (cell_detection_id) REFERENCES cell_detections (id) ON DELETE RESTRICT,,ck_validation_annotation_exact_target: CONSTRAINT ck_validation_annotation_exact_target CHECK ((CAST(target_type AS text) = CAST('cell' AS text) AND cell_detection_id IS NOT NULL AND analysis_run_id IS NULL AND sample_id IS NULL) OR (CAST(target_type AS text) = CAST('analysis' AS text) AND analysis_run_id IS NOT NULL AND cell_detection_id IS NULL AND sample_id IS NULL) OR (CAST(target_type AS text) = CAST('sample' AS text) AND sample_id IS NOT NULL AND cell_detection_id IS NULL AND analysis_run_id IS NULL)),Campo cell_detection_id de scientific_validation_annotations.
scientific_validation_annotations,analysis_run_id,uuid,YES,,,scientific_validation_annotations_analysis_run_id_fkey: CONSTRAINT scientific_validation_annotations_analysis_run_id_fkey FOREIGN KEY (analysis_run_id) REFERENCES microscopy_analysis_runs (id) ON DELETE RESTRICT,,ck_validation_annotation_exact_target: CONSTRAINT ck_validation_annotation_exact_target CHECK ((CAST(target_type AS text) = CAST('cell' AS text) AND cell_detection_id IS NOT NULL AND analysis_run_id IS NULL AND sample_id IS NULL) OR (CAST(target_type AS text) = CAST('analysis' AS text) AND analysis_run_id IS NOT NULL AND cell_detection_id IS NULL AND sample_id IS NULL) OR (CAST(target_type AS text) = CAST('sample' AS text) AND sample_id IS NOT NULL AND cell_detection_id IS NULL AND analysis_run_id IS NULL)),Campo analysis_run_id de scientific_validation_annotations.
scientific_validation_annotations,category,varchar(120),NO,,,,,scientific_validation_annotations_category_check: CONSTRAINT scientific_validation_annotations_category_check CHECK (btrim(CAST(category AS text)) <> CAST('' AS text)),Campo category de scientific_validation_annotations.
scientific_validation_annotations,content,text,NO,,,,,scientific_validation_annotations_content_check: CONSTRAINT scientific_validation_annotations_content_check CHECK (btrim(content) <> CAST('' AS text)),Campo content de scientific_validation_annotations.
scientific_validation_annotations,version,integer,NO,1,,,,scientific_validation_annotations_version_check: CONSTRAINT scientific_validation_annotations_version_check CHECK (version > 0),Campo version de scientific_validation_annotations.
scientific_validation_annotations,created_by,uuid,NO,,,scientific_validation_annotations_created_by_fkey: CONSTRAINT scientific_validation_annotations_created_by_fkey FOREIGN KEY (created_by) REFERENCES users (id) ON DELETE RESTRICT,,,Campo created_by de scientific_validation_annotations.
scientific_validation_annotations,created_at,timestamp with time zone,NO,now(),,,,,Campo created_at de scientific_validation_annotations. Auditoría temporal del evento indicado; sin actualización automática salvo trigger explícito.
scientific_validation_annotations,updated_by,uuid,NO,,,scientific_validation_annotations_updated_by_fkey: CONSTRAINT scientific_validation_annotations_updated_by_fkey FOREIGN KEY (updated_by) REFERENCES users (id) ON DELETE RESTRICT,,,Campo updated_by de scientific_validation_annotations.
scientific_validation_annotations,updated_at,timestamp with time zone,NO,now(),,,,,Campo updated_at de scientific_validation_annotations. Auditoría temporal del evento indicado; sin actualización automática salvo trigger explícito.
scientific_validation_annotations,sample_id,uuid,YES,,,scientific_validation_annotations_sample_id_fkey: CONSTRAINT scientific_validation_annotations_sample_id_fkey FOREIGN KEY (sample_id) REFERENCES blood_samples (id) ON DELETE RESTRICT,,ck_validation_annotation_exact_target: CONSTRAINT ck_validation_annotation_exact_target CHECK ((CAST(target_type AS text) = CAST('cell' AS text) AND cell_detection_id IS NOT NULL AND analysis_run_id IS NULL AND sample_id IS NULL) OR (CAST(target_type AS text) = CAST('analysis' AS text) AND analysis_run_id IS NOT NULL AND cell_detection_id IS NULL AND sample_id IS NULL) OR (CAST(target_type AS text) = CAST('sample' AS text) AND sample_id IS NOT NULL AND cell_detection_id IS NULL AND analysis_run_id IS NULL)),Campo sample_id de scientific_validation_annotations.
scientific_validation_classification_runs,session_id,uuid,NO,,YES,scientific_validation_classification_runs_session_id_fkey: CONSTRAINT scientific_validation_classification_runs_session_id_fkey FOREIGN KEY (session_id) REFERENCES scientific_validation_sessions (id) ON DELETE RESTRICT,,,Campo session_id de scientific_validation_classification_runs.
scientific_validation_classification_runs,classification_run_id,uuid,NO,,YES,scientific_validation_classification_classification_run_id_fkey: CONSTRAINT scientific_validation_classification_classification_run_id_fkey FOREIGN KEY (classification_run_id) REFERENCES cell_classification_runs (id) ON DELETE RESTRICT,,,Campo classification_run_id de scientific_validation_classification_runs.
scientific_validation_classification_runs,created_at,timestamp with time zone,NO,now(),,,,,Campo created_at de scientific_validation_classification_runs. Auditoría temporal del evento indicado; sin actualización automática salvo trigger explícito.
scientific_validation_detection_runs,session_id,uuid,NO,,YES,scientific_validation_detection_runs_session_id_fkey: CONSTRAINT scientific_validation_detection_runs_session_id_fkey FOREIGN KEY (session_id) REFERENCES scientific_validation_sessions (id) ON DELETE RESTRICT,,,Campo session_id de scientific_validation_detection_runs.
scientific_validation_detection_runs,detection_run_id,uuid,NO,,YES,scientific_validation_detection_runs_detection_run_id_fkey: CONSTRAINT scientific_validation_detection_runs_detection_run_id_fkey FOREIGN KEY (detection_run_id) REFERENCES cell_detection_runs (id) ON DELETE RESTRICT,,,Campo detection_run_id de scientific_validation_detection_runs.
scientific_validation_detection_runs,created_at,timestamp with time zone,NO,now(),,,,,Campo created_at de scientific_validation_detection_runs. Auditoría temporal del evento indicado; sin actualización automática salvo trigger explícito.
scientific_validation_images,session_id,uuid,NO,,YES,scientific_validation_images_session_id_fkey: CONSTRAINT scientific_validation_images_session_id_fkey FOREIGN KEY (session_id) REFERENCES scientific_validation_sessions (id) ON DELETE RESTRICT,"scientific_validation_images_session_id_sequence_number_key: CONSTRAINT scientific_validation_images_session_id_sequence_number_key UNIQUE (session_id, sequence_number)",,Campo session_id de scientific_validation_images.
scientific_validation_images,microscopy_image_id,uuid,NO,,YES,scientific_validation_images_microscopy_image_id_fkey: CONSTRAINT scientific_validation_images_microscopy_image_id_fkey FOREIGN KEY (microscopy_image_id) REFERENCES microscopy_images (id) ON DELETE RESTRICT,,,Campo microscopy_image_id de scientific_validation_images.
scientific_validation_images,image_sha256,char(64),NO,,,,,scientific_validation_images_image_sha256_check: CONSTRAINT scientific_validation_images_image_sha256_check CHECK (image_sha256 ~ CAST('^[0-9a-f]{64}$' AS text)),"Campo image_sha256 de scientific_validation_images. Identidad/procedencia; conservar valor y representación canónica original, sin recalcular al transferir."
scientific_validation_images,sequence_number,integer,NO,,,,"scientific_validation_images_session_id_sequence_number_key: CONSTRAINT scientific_validation_images_session_id_sequence_number_key UNIQUE (session_id, sequence_number)",scientific_validation_images_sequence_number_check: CONSTRAINT scientific_validation_images_sequence_number_check CHECK (sequence_number > 0),Campo sequence_number de scientific_validation_images.
scientific_validation_images,created_at,timestamp with time zone,NO,now(),,,,,Campo created_at de scientific_validation_images. Auditoría temporal del evento indicado; sin actualización automática salvo trigger explícito.
scientific_validation_sessions,id,uuid,NO,,YES,,,,Campo id de scientific_validation_sessions.
scientific_validation_sessions,name,varchar(200),NO,,,,,scientific_validation_sessions_name_check: CONSTRAINT scientific_validation_sessions_name_check CHECK (btrim(CAST(name AS text)) <> CAST('' AS text)),Campo name de scientific_validation_sessions.
scientific_validation_sessions,description,text,YES,,,,,,Campo description de scientific_validation_sessions.
scientific_validation_sessions,datasource,varchar(80),NO,,,,,scientific_validation_sessions_datasource_check: CONSTRAINT scientific_validation_sessions_datasource_check CHECK (btrim(CAST(datasource AS text)) <> CAST('' AS text)),Campo datasource de scientific_validation_sessions.
scientific_validation_sessions,protocol_key,varchar(120),NO,,,,,scientific_validation_sessions_protocol_key_check: CONSTRAINT scientific_validation_sessions_protocol_key_check CHECK (btrim(CAST(protocol_key AS text)) <> CAST('' AS text)),Campo protocol_key de scientific_validation_sessions.
scientific_validation_sessions,protocol_version,varchar(80),NO,,,,,scientific_validation_sessions_protocol_version_check: CONSTRAINT scientific_validation_sessions_protocol_version_check CHECK (btrim(CAST(protocol_version AS text)) <> CAST('' AS text)),Campo protocol_version de scientific_validation_sessions.
scientific_validation_sessions,matching_iou_threshold,double precision,NO,,,,,scientific_validation_sessions_matching_iou_threshold_check: CONSTRAINT scientific_validation_sessions_matching_iou_threshold_check CHECK (matching_iou_threshold > CAST(0 AS double precision) AND matching_iou_threshold <= CAST(1 AS double precision)),Campo matching_iou_threshold de scientific_validation_sessions.
scientific_validation_sessions,status,varchar(30),NO,CAST('draft' AS varchar),,,,"ck_validation_session_archive: CONSTRAINT ck_validation_session_archive CHECK ((CAST(status AS text) <> CAST('archived' AS text) AND archived_at IS NULL AND archived_by IS NULL) OR (CAST(status AS text) = CAST('archived' AS text) AND archived_at IS NOT NULL AND archived_by IS NOT NULL)) | scientific_validation_sessions_status_check: CONSTRAINT scientific_validation_sessions_status_check CHECK (CAST(status AS text) = ANY(ARRAY[CAST(CAST('draft' AS varchar) AS text), CAST(CAST('annotation_in_progress' AS varchar) AS text), CAST(CAST('ready_for_analysis' AS varchar) AS text), CAST(CAST('completed' AS varchar) AS text), CAST(CAST('archived' AS varchar) AS text)]))",Campo status de scientific_validation_sessions.
scientific_validation_sessions,initial_snapshot,jsonb,NO,,,,,scientific_validation_sessions_initial_snapshot_check: CONSTRAINT scientific_validation_sessions_initial_snapshot_check CHECK (jsonb_typeof(initial_snapshot) = CAST('object' AS text)),"Campo initial_snapshot de scientific_validation_sessions. Snapshot, parámetros extensibles o metadatos variables; no sustituye las FK ni columnas tipadas. Canonical/hash preserva los bytes de origen cuando aplica."
scientific_validation_sessions,snapshot_sha256,char(64),NO,,,,,scientific_validation_sessions_snapshot_sha256_check: CONSTRAINT scientific_validation_sessions_snapshot_sha256_check CHECK (snapshot_sha256 ~ CAST('^[0-9a-f]{64}$' AS text)),"Campo snapshot_sha256 de scientific_validation_sessions. Identidad/procedencia; conservar valor y representación canónica original, sin recalcular al transferir."
scientific_validation_sessions,created_by,uuid,NO,,,scientific_validation_sessions_created_by_fkey: CONSTRAINT scientific_validation_sessions_created_by_fkey FOREIGN KEY (created_by) REFERENCES users (id) ON DELETE RESTRICT,,,Campo created_by de scientific_validation_sessions.
scientific_validation_sessions,updated_by,uuid,NO,,,scientific_validation_sessions_updated_by_fkey: CONSTRAINT scientific_validation_sessions_updated_by_fkey FOREIGN KEY (updated_by) REFERENCES users (id) ON DELETE RESTRICT,,,Campo updated_by de scientific_validation_sessions.
scientific_validation_sessions,created_at,timestamp with time zone,NO,now(),,,,,Campo created_at de scientific_validation_sessions. Auditoría temporal del evento indicado; sin actualización automática salvo trigger explícito.
scientific_validation_sessions,updated_at,timestamp with time zone,NO,now(),,,,,Campo updated_at de scientific_validation_sessions. Auditoría temporal del evento indicado; sin actualización automática salvo trigger explícito.
scientific_validation_sessions,archived_at,timestamp with time zone,YES,,,,,ck_validation_session_archive: CONSTRAINT ck_validation_session_archive CHECK ((CAST(status AS text) <> CAST('archived' AS text) AND archived_at IS NULL AND archived_by IS NULL) OR (CAST(status AS text) = CAST('archived' AS text) AND archived_at IS NOT NULL AND archived_by IS NOT NULL)),Campo archived_at de scientific_validation_sessions. Auditoría temporal del evento indicado; sin actualización automática salvo trigger explícito.
scientific_validation_sessions,archived_by,uuid,YES,,,scientific_validation_sessions_archived_by_fkey: CONSTRAINT scientific_validation_sessions_archived_by_fkey FOREIGN KEY (archived_by) REFERENCES users (id) ON DELETE RESTRICT,,ck_validation_session_archive: CONSTRAINT ck_validation_session_archive CHECK ((CAST(status AS text) <> CAST('archived' AS text) AND archived_at IS NULL AND archived_by IS NULL) OR (CAST(status AS text) = CAST('archived' AS text) AND archived_at IS NOT NULL AND archived_by IS NOT NULL)),Campo archived_by de scientific_validation_sessions.
smear_analysis_summaries,id,uuid,NO,,YES,,,,Campo id de smear_analysis_summaries.
smear_analysis_summaries,classification_run_id,uuid,NO,,,"fk_smear_summary_classification_lineage: CONSTRAINT fk_smear_summary_classification_lineage FOREIGN KEY (classification_run_id, analysis_run_id, detection_run_id) REFERENCES cell_classification_runs (id, analysis_run_id, detection_run_id) ON DELETE RESTRICT",smear_analysis_summaries_classification_run_id_key: CONSTRAINT smear_analysis_summaries_classification_run_id_key UNIQUE (classification_run_id),,Campo classification_run_id de smear_analysis_summaries.
smear_analysis_summaries,analysis_run_id,uuid,NO,,,"fk_smear_summary_classification_lineage: CONSTRAINT fk_smear_summary_classification_lineage FOREIGN KEY (classification_run_id, analysis_run_id, detection_run_id) REFERENCES cell_classification_runs (id, analysis_run_id, detection_run_id) ON DELETE RESTRICT",,,Campo analysis_run_id de smear_analysis_summaries.
smear_analysis_summaries,detection_run_id,uuid,NO,,,"fk_smear_summary_classification_lineage: CONSTRAINT fk_smear_summary_classification_lineage FOREIGN KEY (classification_run_id, analysis_run_id, detection_run_id) REFERENCES cell_classification_runs (id, analysis_run_id, detection_run_id) ON DELETE RESTRICT",,,Campo detection_run_id de smear_analysis_summaries.
smear_analysis_summaries,outcome,varchar(40),NO,,,,,"smear_analysis_summaries_outcome_check: CONSTRAINT smear_analysis_summaries_outcome_check CHECK (CAST(outcome AS text) = ANY(ARRAY[CAST(CAST('suspicious_cells_detected' AS varchar) AS text), CAST(CAST('no_suspicious_cells_detected' AS varchar) AS text), CAST(CAST('inconclusive' AS varchar) AS text)]))",Campo outcome de smear_analysis_summaries.
smear_analysis_summaries,eligible_cell_count,integer,NO,,,,,ck_smear_summary_counts: CONSTRAINT ck_smear_summary_counts CHECK (classified_cell_count = (parasitized_candidate_count + uninfected_candidate_count) AND (classified_cell_count + failed_prediction_count) = eligible_cell_count AND near_threshold_count <= classified_cell_count) | smear_analysis_summaries_eligible_cell_count_check: CONSTRAINT smear_analysis_summaries_eligible_cell_count_check CHECK (eligible_cell_count >= 0),Campo eligible_cell_count de smear_analysis_summaries.
smear_analysis_summaries,classified_cell_count,integer,NO,,,,,ck_smear_summary_counts: CONSTRAINT ck_smear_summary_counts CHECK (classified_cell_count = (parasitized_candidate_count + uninfected_candidate_count) AND (classified_cell_count + failed_prediction_count) = eligible_cell_count AND near_threshold_count <= classified_cell_count) | ck_smear_summary_fraction: CONSTRAINT ck_smear_summary_fraction CHECK ((classified_cell_count = 0 AND parasitized_candidate_fraction IS NULL) OR (classified_cell_count > 0 AND parasitized_candidate_fraction >= CAST(0 AS double precision) AND parasitized_candidate_fraction <= CAST(1 AS double precision) AND abs(parasitized_candidate_fraction - (CAST(parasitized_candidate_count AS double precision) / CAST(classified_cell_count AS double precision))) <= CAST(0.000000001 AS double precision))) | ck_smear_summary_probabilities: CONSTRAINT ck_smear_summary_probabilities CHECK ((classified_cell_count = 0 AND maximum_probability_parasitized IS NULL AND mean_probability_parasitized IS NULL AND median_probability_parasitized IS NULL) OR (classified_cell_count > 0 AND maximum_probability_parasitized >= CAST(0 AS double precision) AND maximum_probability_parasitized <= CAST(1 AS double precision) AND mean_probability_parasitized >= CAST(0 AS double precision) AND mean_probability_parasitized <= CAST(1 AS double precision) AND median_probability_parasitized >= CAST(0 AS double precision) AND median_probability_parasitized <= CAST(1 AS double precision))) | smear_analysis_summaries_classified_cell_count_check: CONSTRAINT smear_analysis_summaries_classified_cell_count_check CHECK (classified_cell_count >= 0),Campo classified_cell_count de smear_analysis_summaries.
smear_analysis_summaries,parasitized_candidate_count,integer,NO,,,,,ck_smear_summary_counts: CONSTRAINT ck_smear_summary_counts CHECK (classified_cell_count = (parasitized_candidate_count + uninfected_candidate_count) AND (classified_cell_count + failed_prediction_count) = eligible_cell_count AND near_threshold_count <= classified_cell_count) | ck_smear_summary_fraction: CONSTRAINT ck_smear_summary_fraction CHECK ((classified_cell_count = 0 AND parasitized_candidate_fraction IS NULL) OR (classified_cell_count > 0 AND parasitized_candidate_fraction >= CAST(0 AS double precision) AND parasitized_candidate_fraction <= CAST(1 AS double precision) AND abs(parasitized_candidate_fraction - (CAST(parasitized_candidate_count AS double precision) / CAST(classified_cell_count AS double precision))) <= CAST(0.000000001 AS double precision))) | smear_analysis_summaries_parasitized_candidate_count_check: CONSTRAINT smear_analysis_summaries_parasitized_candidate_count_check CHECK (parasitized_candidate_count >= 0),Campo parasitized_candidate_count de smear_analysis_summaries.
smear_analysis_summaries,uninfected_candidate_count,integer,NO,,,,,ck_smear_summary_counts: CONSTRAINT ck_smear_summary_counts CHECK (classified_cell_count = (parasitized_candidate_count + uninfected_candidate_count) AND (classified_cell_count + failed_prediction_count) = eligible_cell_count AND near_threshold_count <= classified_cell_count) | smear_analysis_summaries_uninfected_candidate_count_check: CONSTRAINT smear_analysis_summaries_uninfected_candidate_count_check CHECK (uninfected_candidate_count >= 0),Campo uninfected_candidate_count de smear_analysis_summaries.
smear_analysis_summaries,near_threshold_count,integer,NO,,,,,ck_smear_summary_counts: CONSTRAINT ck_smear_summary_counts CHECK (classified_cell_count = (parasitized_candidate_count + uninfected_candidate_count) AND (classified_cell_count + failed_prediction_count) = eligible_cell_count AND near_threshold_count <= classified_cell_count) | smear_analysis_summaries_near_threshold_count_check: CONSTRAINT smear_analysis_summaries_near_threshold_count_check CHECK (near_threshold_count >= 0),Campo near_threshold_count de smear_analysis_summaries.
smear_analysis_summaries,failed_prediction_count,integer,NO,,,,,ck_smear_summary_counts: CONSTRAINT ck_smear_summary_counts CHECK (classified_cell_count = (parasitized_candidate_count + uninfected_candidate_count) AND (classified_cell_count + failed_prediction_count) = eligible_cell_count AND near_threshold_count <= classified_cell_count) | smear_analysis_summaries_failed_prediction_count_check: CONSTRAINT smear_analysis_summaries_failed_prediction_count_check CHECK (failed_prediction_count >= 0),Campo failed_prediction_count de smear_analysis_summaries.
smear_analysis_summaries,parasitized_candidate_fraction,double precision,YES,,,,,ck_smear_summary_fraction: CONSTRAINT ck_smear_summary_fraction CHECK ((classified_cell_count = 0 AND parasitized_candidate_fraction IS NULL) OR (classified_cell_count > 0 AND parasitized_candidate_fraction >= CAST(0 AS double precision) AND parasitized_candidate_fraction <= CAST(1 AS double precision) AND abs(parasitized_candidate_fraction - (CAST(parasitized_candidate_count AS double precision) / CAST(classified_cell_count AS double precision))) <= CAST(0.000000001 AS double precision))),Campo parasitized_candidate_fraction de smear_analysis_summaries.
smear_analysis_summaries,maximum_probability_parasitized,double precision,YES,,,,,ck_smear_summary_probabilities: CONSTRAINT ck_smear_summary_probabilities CHECK ((classified_cell_count = 0 AND maximum_probability_parasitized IS NULL AND mean_probability_parasitized IS NULL AND median_probability_parasitized IS NULL) OR (classified_cell_count > 0 AND maximum_probability_parasitized >= CAST(0 AS double precision) AND maximum_probability_parasitized <= CAST(1 AS double precision) AND mean_probability_parasitized >= CAST(0 AS double precision) AND mean_probability_parasitized <= CAST(1 AS double precision) AND median_probability_parasitized >= CAST(0 AS double precision) AND median_probability_parasitized <= CAST(1 AS double precision))),Campo maximum_probability_parasitized de smear_analysis_summaries.
smear_analysis_summaries,mean_probability_parasitized,double precision,YES,,,,,ck_smear_summary_probabilities: CONSTRAINT ck_smear_summary_probabilities CHECK ((classified_cell_count = 0 AND maximum_probability_parasitized IS NULL AND mean_probability_parasitized IS NULL AND median_probability_parasitized IS NULL) OR (classified_cell_count > 0 AND maximum_probability_parasitized >= CAST(0 AS double precision) AND maximum_probability_parasitized <= CAST(1 AS double precision) AND mean_probability_parasitized >= CAST(0 AS double precision) AND mean_probability_parasitized <= CAST(1 AS double precision) AND median_probability_parasitized >= CAST(0 AS double precision) AND median_probability_parasitized <= CAST(1 AS double precision))),Campo mean_probability_parasitized de smear_analysis_summaries.
smear_analysis_summaries,median_probability_parasitized,double precision,YES,,,,,ck_smear_summary_probabilities: CONSTRAINT ck_smear_summary_probabilities CHECK ((classified_cell_count = 0 AND maximum_probability_parasitized IS NULL AND mean_probability_parasitized IS NULL AND median_probability_parasitized IS NULL) OR (classified_cell_count > 0 AND maximum_probability_parasitized >= CAST(0 AS double precision) AND maximum_probability_parasitized <= CAST(1 AS double precision) AND mean_probability_parasitized >= CAST(0 AS double precision) AND mean_probability_parasitized <= CAST(1 AS double precision) AND median_probability_parasitized >= CAST(0 AS double precision) AND median_probability_parasitized <= CAST(1 AS double precision))),Campo median_probability_parasitized de smear_analysis_summaries.
smear_analysis_summaries,per_image_summary,jsonb,NO,,,,,smear_analysis_summaries_per_image_summary_check: CONSTRAINT smear_analysis_summaries_per_image_summary_check CHECK (jsonb_typeof(per_image_summary) = CAST('object' AS text)),"Campo per_image_summary de smear_analysis_summaries. Snapshot, parámetros extensibles o metadatos variables; no sustituye las FK ni columnas tipadas. Canonical/hash preserva los bytes de origen cuando aplica."
smear_analysis_summaries,aggregation_policy_snapshot,jsonb,NO,,,,,smear_analysis_summaries_aggregation_policy_snapshot_check: CONSTRAINT smear_analysis_summaries_aggregation_policy_snapshot_check CHECK (jsonb_typeof(aggregation_policy_snapshot) = CAST('object' AS text)),"Campo aggregation_policy_snapshot de smear_analysis_summaries. Snapshot, parámetros extensibles o metadatos variables; no sustituye las FK ni columnas tipadas. Canonical/hash preserva los bytes de origen cuando aplica."
smear_analysis_summaries,created_at,timestamp with time zone,NO,now(),,,,,Campo created_at de smear_analysis_summaries. Auditoría temporal del evento indicado; sin actualización automática salvo trigger explícito.
smear_slides,id,uuid,NO,,YES,,,,Campo id de smear_slides.
smear_slides,sample_id,uuid,NO,,,smear_slides_sample_id_fkey: CONSTRAINT smear_slides_sample_id_fkey FOREIGN KEY (sample_id) REFERENCES blood_samples (id) ON DELETE RESTRICT,"uq_smear_slides_sample_code: CONSTRAINT uq_smear_slides_sample_code UNIQUE (sample_id, slide_code)",,Campo sample_id de smear_slides.
smear_slides,slide_code,varchar(120),NO,,,,"uq_smear_slides_sample_code: CONSTRAINT uq_smear_slides_sample_code UNIQUE (sample_id, slide_code)",smear_slides_slide_code_check: CONSTRAINT smear_slides_slide_code_check CHECK (btrim(CAST(slide_code AS text)) <> CAST('' AS text)),Campo slide_code de smear_slides.
smear_slides,smear_type,varchar(20),NO,,,,,"smear_slides_smear_type_check: CONSTRAINT smear_slides_smear_type_check CHECK (CAST(smear_type AS text) = ANY(ARRAY[CAST(CAST('thin' AS varchar) AS text), CAST(CAST('thick' AS varchar) AS text), CAST(CAST('combined' AS varchar) AS text), CAST(CAST('unknown' AS varchar) AS text)]))",Campo smear_type de smear_slides.
smear_slides,stain_type,varchar(120),YES,,,,,,Campo stain_type de smear_slides.
smear_slides,preparation_method,varchar(160),YES,,,,,,Campo preparation_method de smear_slides.
smear_slides,prepared_at,timestamp with time zone,YES,,,,,,Campo prepared_at de smear_slides. Auditoría temporal del evento indicado; sin actualización automática salvo trigger explícito.
smear_slides,status,varchar(30),NO,CAST('registered' AS varchar),,,,"ck_smear_slide_archive_state: CONSTRAINT ck_smear_slide_archive_state CHECK ((CAST(status AS text) <> CAST('archived' AS text) AND archived_at IS NULL AND archived_by IS NULL) OR (CAST(status AS text) = CAST('archived' AS text) AND archived_at IS NOT NULL AND archived_by IS NOT NULL)) | smear_slides_status_check: CONSTRAINT smear_slides_status_check CHECK (CAST(status AS text) = ANY(ARRAY[CAST(CAST('registered' AS varchar) AS text), CAST(CAST('prepared' AS varchar) AS text), CAST(CAST('ready_for_capture' AS varchar) AS text), CAST(CAST('archived' AS varchar) AS text)]))",Campo status de smear_slides.
smear_slides,notes,text,YES,,,,,,Campo notes de smear_slides.
smear_slides,metadata_json,jsonb,NO,CAST('{}' AS jsonb),,,,smear_slides_metadata_json_check: CONSTRAINT smear_slides_metadata_json_check CHECK (jsonb_typeof(metadata_json) = CAST('object' AS text)),"Campo metadata_json de smear_slides. Snapshot, parámetros extensibles o metadatos variables; no sustituye las FK ni columnas tipadas. Canonical/hash preserva los bytes de origen cuando aplica."
smear_slides,created_at,timestamp with time zone,NO,now(),,,,,Campo created_at de smear_slides. Auditoría temporal del evento indicado; sin actualización automática salvo trigger explícito.
smear_slides,updated_at,timestamp with time zone,NO,now(),,,,,Campo updated_at de smear_slides. Auditoría temporal del evento indicado; sin actualización automática salvo trigger explícito.
smear_slides,created_by,uuid,NO,,,smear_slides_created_by_fkey: CONSTRAINT smear_slides_created_by_fkey FOREIGN KEY (created_by) REFERENCES users (id) ON DELETE RESTRICT,,,Campo created_by de smear_slides.
smear_slides,updated_by,uuid,YES,,,smear_slides_updated_by_fkey: CONSTRAINT smear_slides_updated_by_fkey FOREIGN KEY (updated_by) REFERENCES users (id) ON DELETE RESTRICT,,,Campo updated_by de smear_slides.
smear_slides,archived_at,timestamp with time zone,YES,,,,,ck_smear_slide_archive_state: CONSTRAINT ck_smear_slide_archive_state CHECK ((CAST(status AS text) <> CAST('archived' AS text) AND archived_at IS NULL AND archived_by IS NULL) OR (CAST(status AS text) = CAST('archived' AS text) AND archived_at IS NOT NULL AND archived_by IS NOT NULL)),Campo archived_at de smear_slides. Auditoría temporal del evento indicado; sin actualización automática salvo trigger explícito.
smear_slides,archived_by,uuid,YES,,,smear_slides_archived_by_fkey: CONSTRAINT smear_slides_archived_by_fkey FOREIGN KEY (archived_by) REFERENCES users (id) ON DELETE RESTRICT,,ck_smear_slide_archive_state: CONSTRAINT ck_smear_slide_archive_state CHECK ((CAST(status AS text) <> CAST('archived' AS text) AND archived_at IS NULL AND archived_by IS NULL) OR (CAST(status AS text) = CAST('archived' AS text) AND archived_at IS NOT NULL AND archived_by IS NOT NULL)),Campo archived_by de smear_slides.
stage2_model_publication_events,id,uuid,NO,pg_catalog.gen_random_uuid(),YES,,,,Campo id de stage2_model_publication_events.
stage2_model_publication_events,publication_id,uuid,NO,,,stage2_model_publication_events_publication_id_fkey: CONSTRAINT stage2_model_publication_events_publication_id_fkey FOREIGN KEY (publication_id) REFERENCES stage2_model_publications (id) ON DELETE RESTRICT,,,Campo publication_id de stage2_model_publication_events.
stage2_model_publication_events,event_type,text,NO,,,,,"chk_stage2_publication_event_type: CONSTRAINT chk_stage2_publication_event_type CHECK (event_type = ANY(ARRAY[CAST('MODEL_STAGE2_PUBLISHED' AS text), CAST('MODEL_STAGE2_DEACTIVATED' AS text), CAST('MODEL_STAGE2_REACTIVATED' AS text)]))",Campo event_type de stage2_model_publication_events.
stage2_model_publication_events,actor,text,YES,,,,,,Campo actor de stage2_model_publication_events.
stage2_model_publication_events,event_at,timestamp with time zone,NO,now(),,,,,Campo event_at de stage2_model_publication_events. Auditoría temporal del evento indicado; sin actualización automática salvo trigger explícito.
stage2_model_publication_events,model_version_id,uuid,NO,,,,,,Campo model_version_id de stage2_model_publication_events.
stage2_model_publication_events,training_run_id,uuid,NO,,,,,,Campo training_run_id de stage2_model_publication_events.
stage2_model_publication_events,evaluation_run_id,uuid,NO,,,,,,Campo evaluation_run_id de stage2_model_publication_events.
stage2_model_publication_events,datasource,text,NO,,,,,,Campo datasource de stage2_model_publication_events.
stage2_model_publication_events,previous_status,text,YES,,,,,"chk_stage2_publication_event_status: CONSTRAINT chk_stage2_publication_event_status CHECK (new_status = ANY(ARRAY[CAST('active' AS text), CAST('inactive' AS text)]) AND (previous_status IS NULL OR previous_status = ANY(ARRAY[CAST('active' AS text), CAST('inactive' AS text)])))",Campo previous_status de stage2_model_publication_events.
stage2_model_publication_events,new_status,text,NO,,,,,"chk_stage2_publication_event_status: CONSTRAINT chk_stage2_publication_event_status CHECK (new_status = ANY(ARRAY[CAST('active' AS text), CAST('inactive' AS text)]) AND (previous_status IS NULL OR previous_status = ANY(ARRAY[CAST('active' AS text), CAST('inactive' AS text)])))",Campo new_status de stage2_model_publication_events.
stage2_model_publication_events,reason,text,YES,,,,,,Campo reason de stage2_model_publication_events.
stage2_model_publication_events,correlation_id,text,YES,,,,,,Campo correlation_id de stage2_model_publication_events.
stage2_model_publication_events,metadata,jsonb,NO,CAST('{}' AS jsonb),,,,chk_stage2_publication_event_metadata: CONSTRAINT chk_stage2_publication_event_metadata CHECK (jsonb_typeof(metadata) = CAST('object' AS text)),"Campo metadata de stage2_model_publication_events. Snapshot, parámetros extensibles o metadatos variables; no sustituye las FK ni columnas tipadas. Canonical/hash preserva los bytes de origen cuando aplica."
stage2_model_publications,id,uuid,NO,pg_catalog.gen_random_uuid(),YES,,"uq_stage2_model_publications_id_version: CREATE UNIQUE INDEX uq_stage2_model_publications_id_version ON public.stage2_model_publications (id, model_version_id)",,Campo id de stage2_model_publications.
stage2_model_publications,datasource,text,NO,,,,,,Campo datasource de stage2_model_publications.
stage2_model_publications,model_version_id,uuid,NO,,,"fk_stage2_publication_version_artifact: CONSTRAINT fk_stage2_publication_version_artifact FOREIGN KEY (model_version_id, checkpoint_artifact_id) REFERENCES model_versions (id, checkpoint_artifact_id) ON DELETE RESTRICT | fk_stage2_publication_model_training: CONSTRAINT fk_stage2_publication_model_training FOREIGN KEY (model_version_id, training_run_id) REFERENCES public.model_versions (id, training_run_id) ON DELETE RESTRICT","uq_stage2_model_publications_id_version: CREATE UNIQUE INDEX uq_stage2_model_publications_id_version ON public.stage2_model_publications (id, model_version_id) | uq_stage2_publication_active_version: CREATE UNIQUE INDEX uq_stage2_publication_active_version ON public.stage2_model_publications (model_version_id, scope) WHERE is_active",,Campo model_version_id de stage2_model_publications.
stage2_model_publications,training_run_id,uuid,NO,,,"fk_stage2_publication_training: CONSTRAINT fk_stage2_publication_training FOREIGN KEY (training_run_id) REFERENCES runs (id) ON DELETE RESTRICT | fk_stage2_publication_model_training: CONSTRAINT fk_stage2_publication_model_training FOREIGN KEY (model_version_id, training_run_id) REFERENCES public.model_versions (id, training_run_id) ON DELETE RESTRICT",,,Campo training_run_id de stage2_model_publications.
stage2_model_publications,evaluation_run_id,uuid,NO,,,fk_stage2_publication_evaluation: CONSTRAINT fk_stage2_publication_evaluation FOREIGN KEY (evaluation_run_id) REFERENCES runs (id) ON DELETE RESTRICT,,,Campo evaluation_run_id de stage2_model_publications.
stage2_model_publications,checkpoint_artifact_id,uuid,NO,,,"fk_stage2_publication_version_artifact: CONSTRAINT fk_stage2_publication_version_artifact FOREIGN KEY (model_version_id, checkpoint_artifact_id) REFERENCES model_versions (id, checkpoint_artifact_id) ON DELETE RESTRICT",,,Campo checkpoint_artifact_id de stage2_model_publications.
stage2_model_publications,scope,text,NO,CAST('stage2' AS text),,,"uq_stage2_publication_active_version: CREATE UNIQUE INDEX uq_stage2_publication_active_version ON public.stage2_model_publications (model_version_id, scope) WHERE is_active",chk_stage2_publication_scope: CONSTRAINT chk_stage2_publication_scope CHECK (scope = CAST('stage2' AS text)),Campo scope de stage2_model_publications.
stage2_model_publications,status,text,NO,CAST('active' AS text),,,,"chk_stage2_publication_state: CONSTRAINT chk_stage2_publication_state CHECK ((status = CAST('active' AS text) AND is_active AND deactivated_at IS NULL) OR (status = CAST('inactive' AS text) AND NOT is_active AND deactivated_at IS NOT NULL)) | chk_stage2_publication_status: CONSTRAINT chk_stage2_publication_status CHECK (status = ANY(ARRAY[CAST('active' AS text), CAST('inactive' AS text)]))",Campo status de stage2_model_publications.
stage2_model_publications,is_active,boolean,NO,TRUE,,,,chk_stage2_publication_state: CONSTRAINT chk_stage2_publication_state CHECK ((status = CAST('active' AS text) AND is_active AND deactivated_at IS NULL) OR (status = CAST('inactive' AS text) AND NOT is_active AND deactivated_at IS NOT NULL)),Campo is_active de stage2_model_publications.
stage2_model_publications,published_at,timestamp with time zone,NO,now(),,,,,Campo published_at de stage2_model_publications. Auditoría temporal del evento indicado; sin actualización automática salvo trigger explícito.
stage2_model_publications,published_by,text,YES,,,,,,Campo published_by de stage2_model_publications.
stage2_model_publications,deactivated_at,timestamp with time zone,YES,,,,,chk_stage2_publication_state: CONSTRAINT chk_stage2_publication_state CHECK ((status = CAST('active' AS text) AND is_active AND deactivated_at IS NULL) OR (status = CAST('inactive' AS text) AND NOT is_active AND deactivated_at IS NOT NULL)),Campo deactivated_at de stage2_model_publications. Auditoría temporal del evento indicado; sin actualización automática salvo trigger explícito.
stage2_model_publications,deactivated_by,text,YES,,,,,,Campo deactivated_by de stage2_model_publications.
stage2_model_publications,created_at,timestamp with time zone,NO,now(),,,,,Campo created_at de stage2_model_publications. Auditoría temporal del evento indicado; sin actualización automática salvo trigger explícito.
stage2_model_publications,updated_at,timestamp with time zone,NO,now(),,,,,Campo updated_at de stage2_model_publications. Auditoría temporal del evento indicado; sin actualización automática salvo trigger explícito.
stage2_model_publications,metadata,jsonb,NO,CAST('{}' AS jsonb),,,,chk_stage2_publication_metadata: CONSTRAINT chk_stage2_publication_metadata CHECK (jsonb_typeof(metadata) = CAST('object' AS text)),"Campo metadata de stage2_model_publications. Snapshot, parámetros extensibles o metadatos variables; no sustituye las FK ni columnas tipadas. Canonical/hash preserva los bytes de origen cuando aplica."
synthetic_data_runs,id,uuid,NO,pg_catalog.gen_random_uuid(),YES,,,,Campo id de synthetic_data_runs.
synthetic_data_runs,run_id,uuid,YES,,,synthetic_data_runs_run_id_fkey: CONSTRAINT synthetic_data_runs_run_id_fkey FOREIGN KEY (run_id) REFERENCES runs (id) ON DELETE RESTRICT,,,Campo run_id de synthetic_data_runs.
synthetic_data_runs,method,text,YES,,,,,,Campo method de synthetic_data_runs.
synthetic_data_runs,num_images_generated,integer,YES,,,,,,Campo num_images_generated de synthetic_data_runs.
synthetic_data_runs,source_dataset_id,uuid,YES,,,synthetic_data_runs_source_dataset_id_fkey: CONSTRAINT synthetic_data_runs_source_dataset_id_fkey FOREIGN KEY (source_dataset_id) REFERENCES datasets (id) ON DELETE RESTRICT,,,Campo source_dataset_id de synthetic_data_runs.
synthetic_data_runs,output_path,text,YES,,,,,,Campo output_path de synthetic_data_runs.
synthetic_data_runs,generation_parameters,jsonb,YES,CAST('{}' AS jsonb),,,,,"Campo generation_parameters de synthetic_data_runs. Snapshot, parámetros extensibles o metadatos variables; no sustituye las FK ni columnas tipadas. Canonical/hash preserva los bytes de origen cuando aplica."
synthetic_data_runs,quality_checks,jsonb,YES,CAST('{}' AS jsonb),,,,,"Campo quality_checks de synthetic_data_runs. Snapshot, parámetros extensibles o metadatos variables; no sustituye las FK ni columnas tipadas. Canonical/hash preserva los bytes de origen cuando aplica."
synthetic_data_runs,created_at,timestamp with time zone,YES,now(),,,,,Campo created_at de synthetic_data_runs. Auditoría temporal del evento indicado; sin actualización automática salvo trigger explícito.
synthetic_data_runs,metadata,jsonb,YES,CAST('{}' AS jsonb),,,,,"Campo metadata de synthetic_data_runs. Snapshot, parámetros extensibles o metadatos variables; no sustituye las FK ni columnas tipadas. Canonical/hash preserva los bytes de origen cuando aplica."
train_execution_records,run_id,uuid,NO,,YES,train_execution_records_run_id_fkey: CONSTRAINT train_execution_records_run_id_fkey FOREIGN KEY (run_id) REFERENCES train_execution_sessions (run_id),"train_event_sequence_unique: CREATE UNIQUE INDEX train_event_sequence_unique ON public.train_execution_records (run_id, event_sequence) WHERE event_sequence IS NOT NULL",,Campo run_id de train_execution_records.
train_execution_records,kind,text,NO,,YES,,,"train_event_metadata: CONSTRAINT train_event_metadata CHECK ((event_id IS NULL AND event_sequence IS NULL AND kind <> CAST('e10_event' AS text)) OR (event_id IS NOT NULL AND event_sequence IS NOT NULL AND event_sequence >= CAST(1 AS numeric) AND event_sequence = trunc(event_sequence) AND event_sequence <> ALL(ARRAY[CAST('NaN' AS numeric), CAST('Infinity' AS numeric), CAST('-Infinity' AS numeric)]) AND kind = CAST('e10_event' AS text) AND phase = CAST('run_event_v1' AS text) AND record_key = CAST(event_id AS text) AND NOT jsonb_typeof(payload -> CAST('canonical_event' AS text)) IS DISTINCT FROM CAST('string' AS text) AND (payload - CAST('canonical_event' AS text)) = CAST('{}' AS jsonb)))",Campo kind de train_execution_records.
train_execution_records,phase,text,NO,,YES,,,"train_event_metadata: CONSTRAINT train_event_metadata CHECK ((event_id IS NULL AND event_sequence IS NULL AND kind <> CAST('e10_event' AS text)) OR (event_id IS NOT NULL AND event_sequence IS NOT NULL AND event_sequence >= CAST(1 AS numeric) AND event_sequence = trunc(event_sequence) AND event_sequence <> ALL(ARRAY[CAST('NaN' AS numeric), CAST('Infinity' AS numeric), CAST('-Infinity' AS numeric)]) AND kind = CAST('e10_event' AS text) AND phase = CAST('run_event_v1' AS text) AND record_key = CAST(event_id AS text) AND NOT jsonb_typeof(payload -> CAST('canonical_event' AS text)) IS DISTINCT FROM CAST('string' AS text) AND (payload - CAST('canonical_event' AS text)) = CAST('{}' AS jsonb)))",Campo phase de train_execution_records.
train_execution_records,record_key,text,NO,,YES,,,"train_event_metadata: CONSTRAINT train_event_metadata CHECK ((event_id IS NULL AND event_sequence IS NULL AND kind <> CAST('e10_event' AS text)) OR (event_id IS NOT NULL AND event_sequence IS NOT NULL AND event_sequence >= CAST(1 AS numeric) AND event_sequence = trunc(event_sequence) AND event_sequence <> ALL(ARRAY[CAST('NaN' AS numeric), CAST('Infinity' AS numeric), CAST('-Infinity' AS numeric)]) AND kind = CAST('e10_event' AS text) AND phase = CAST('run_event_v1' AS text) AND record_key = CAST(event_id AS text) AND NOT jsonb_typeof(payload -> CAST('canonical_event' AS text)) IS DISTINCT FROM CAST('string' AS text) AND (payload - CAST('canonical_event' AS text)) = CAST('{}' AS jsonb)))",Campo record_key de train_execution_records.
train_execution_records,payload,jsonb,NO,,,,,"train_event_metadata: CONSTRAINT train_event_metadata CHECK ((event_id IS NULL AND event_sequence IS NULL AND kind <> CAST('e10_event' AS text)) OR (event_id IS NOT NULL AND event_sequence IS NOT NULL AND event_sequence >= CAST(1 AS numeric) AND event_sequence = trunc(event_sequence) AND event_sequence <> ALL(ARRAY[CAST('NaN' AS numeric), CAST('Infinity' AS numeric), CAST('-Infinity' AS numeric)]) AND kind = CAST('e10_event' AS text) AND phase = CAST('run_event_v1' AS text) AND record_key = CAST(event_id AS text) AND NOT jsonb_typeof(payload -> CAST('canonical_event' AS text)) IS DISTINCT FROM CAST('string' AS text) AND (payload - CAST('canonical_event' AS text)) = CAST('{}' AS jsonb))) | train_execution_records_payload_check: CONSTRAINT train_execution_records_payload_check CHECK (jsonb_typeof(payload) = CAST('object' AS text))","Campo payload de train_execution_records. Snapshot, parámetros extensibles o metadatos variables; no sustituye las FK ni columnas tipadas. Canonical/hash preserva los bytes de origen cuando aplica."
train_execution_records,created_at,timestamp with time zone,NO,clock_timestamp(),,,,,Campo created_at de train_execution_records. Auditoría temporal del evento indicado; sin actualización automática salvo trigger explícito.
train_execution_records,event_id,uuid,YES,,,,train_event_id_unique: CREATE UNIQUE INDEX train_event_id_unique ON public.train_execution_records (event_id) WHERE event_id IS NOT NULL,"train_event_metadata: CONSTRAINT train_event_metadata CHECK ((event_id IS NULL AND event_sequence IS NULL AND kind <> CAST('e10_event' AS text)) OR (event_id IS NOT NULL AND event_sequence IS NOT NULL AND event_sequence >= CAST(1 AS numeric) AND event_sequence = trunc(event_sequence) AND event_sequence <> ALL(ARRAY[CAST('NaN' AS numeric), CAST('Infinity' AS numeric), CAST('-Infinity' AS numeric)]) AND kind = CAST('e10_event' AS text) AND phase = CAST('run_event_v1' AS text) AND record_key = CAST(event_id AS text) AND NOT jsonb_typeof(payload -> CAST('canonical_event' AS text)) IS DISTINCT FROM CAST('string' AS text) AND (payload - CAST('canonical_event' AS text)) = CAST('{}' AS jsonb)))",Campo event_id de train_execution_records.
train_execution_records,event_sequence,numeric,YES,,,,"train_event_sequence_unique: CREATE UNIQUE INDEX train_event_sequence_unique ON public.train_execution_records (run_id, event_sequence) WHERE event_sequence IS NOT NULL","train_event_metadata: CONSTRAINT train_event_metadata CHECK ((event_id IS NULL AND event_sequence IS NULL AND kind <> CAST('e10_event' AS text)) OR (event_id IS NOT NULL AND event_sequence IS NOT NULL AND event_sequence >= CAST(1 AS numeric) AND event_sequence = trunc(event_sequence) AND event_sequence <> ALL(ARRAY[CAST('NaN' AS numeric), CAST('Infinity' AS numeric), CAST('-Infinity' AS numeric)]) AND kind = CAST('e10_event' AS text) AND phase = CAST('run_event_v1' AS text) AND record_key = CAST(event_id AS text) AND NOT jsonb_typeof(payload -> CAST('canonical_event' AS text)) IS DISTINCT FROM CAST('string' AS text) AND (payload - CAST('canonical_event' AS text)) = CAST('{}' AS jsonb)))",Campo event_sequence de train_execution_records.
train_execution_revisions,attempt_id,uuid,NO,,YES,train_execution_revisions_attempt_id_fkey: CONSTRAINT train_execution_revisions_attempt_id_fkey FOREIGN KEY (attempt_id) REFERENCES campaign_attempts (id) DEFERRABLE INITIALLY DEFERRED,,,Campo attempt_id de train_execution_revisions.
train_execution_revisions,campaign_id,uuid,NO,,,"train_execution_revisions_campaign_id_fkey: CONSTRAINT train_execution_revisions_campaign_id_fkey FOREIGN KEY (campaign_id) REFERENCES experimental_campaigns (id) | train_execution_revisions_campaign_id_revision_id_fkey: CONSTRAINT train_execution_revisions_campaign_id_revision_id_fkey FOREIGN KEY (campaign_id, revision_id) REFERENCES campaign_technical_revisions (campaign_id, id)",,,Campo campaign_id de train_execution_revisions.
train_execution_revisions,revision_id,uuid,NO,,,"train_execution_revisions_campaign_id_revision_id_fkey: CONSTRAINT train_execution_revisions_campaign_id_revision_id_fkey FOREIGN KEY (campaign_id, revision_id) REFERENCES campaign_technical_revisions (campaign_id, id)",,,Campo revision_id de train_execution_revisions.
train_execution_revisions,created_at,timestamp with time zone,NO,clock_timestamp(),,,,,Campo created_at de train_execution_revisions. Auditoría temporal del evento indicado; sin actualización automática salvo trigger explícito.
train_execution_sessions,run_id,uuid,NO,,YES,train_execution_sessions_run_id_fkey: CONSTRAINT train_execution_sessions_run_id_fkey FOREIGN KEY (run_id) REFERENCES runs (id),,,Campo run_id de train_execution_sessions.
train_execution_sessions,attempt_id,uuid,YES,,,train_execution_sessions_attempt_id_fkey: CONSTRAINT train_execution_sessions_attempt_id_fkey FOREIGN KEY (attempt_id) REFERENCES campaign_attempts (id),train_execution_sessions_attempt_id_key: CONSTRAINT train_execution_sessions_attempt_id_key UNIQUE (attempt_id),,Campo attempt_id de train_execution_sessions.
train_execution_sessions,owner,uuid,NO,,,,,,Campo owner de train_execution_sessions.
train_execution_sessions,host,text,NO,,,,,,Campo host de train_execution_sessions.
train_execution_sessions,parent_pid,integer,NO,,,,,train_execution_sessions_parent_pid_check: CONSTRAINT train_execution_sessions_parent_pid_check CHECK (parent_pid > 0),Campo parent_pid de train_execution_sessions.
train_execution_sessions,child_pid,integer,YES,,,,,,Campo child_pid de train_execution_sessions.
train_execution_sessions,state,text,NO,CAST('active' AS text),,,,"train_execution_sessions_check: CONSTRAINT train_execution_sessions_check CHECK (state <> ALL(ARRAY[CAST('completed' AS text), CAST('verified' AS text)]) OR completion IS NOT NULL) | train_execution_sessions_check1: CONSTRAINT train_execution_sessions_check1 CHECK (state <> CAST('verified' AS text) OR verification IS NOT NULL) | train_execution_sessions_state_check: CONSTRAINT train_execution_sessions_state_check CHECK (state = ANY(ARRAY[CAST('active' AS text), CAST('completed' AS text), CAST('verified' AS text), CAST('failed' AS text), CAST('interrupted' AS text)]))",Campo state de train_execution_sessions.
train_execution_sessions,configuration,jsonb,NO,,,,,,"Campo configuration de train_execution_sessions. Snapshot, parámetros extensibles o metadatos variables; no sustituye las FK ni columnas tipadas. Canonical/hash preserva los bytes de origen cuando aplica."
train_execution_sessions,dataset,jsonb,NO,,,,,,"Campo dataset de train_execution_sessions. Snapshot, parámetros extensibles o metadatos variables; no sustituye las FK ni columnas tipadas. Canonical/hash preserva los bytes de origen cuando aplica."
train_execution_sessions,environment,jsonb,NO,,,,,,"Campo environment de train_execution_sessions. Snapshot, parámetros extensibles o metadatos variables; no sustituye las FK ni columnas tipadas. Canonical/hash preserva los bytes de origen cuando aplica."
train_execution_sessions,artifact_root,text,NO,,,,train_execution_sessions_artifact_root_key: CONSTRAINT train_execution_sessions_artifact_root_key UNIQUE (artifact_root),,Campo artifact_root de train_execution_sessions.
train_execution_sessions,cause,text,YES,,,,,,Campo cause de train_execution_sessions.
train_execution_sessions,started_at,timestamp with time zone,NO,clock_timestamp(),,,,,Campo started_at de train_execution_sessions. Auditoría temporal del evento indicado; sin actualización automática salvo trigger explícito.
train_execution_sessions,updated_at,timestamp with time zone,NO,clock_timestamp(),,,,,Campo updated_at de train_execution_sessions. Auditoría temporal del evento indicado; sin actualización automática salvo trigger explícito.
train_execution_sessions,completion,jsonb,YES,,,,,"train_execution_sessions_check: CONSTRAINT train_execution_sessions_check CHECK (state <> ALL(ARRAY[CAST('completed' AS text), CAST('verified' AS text)]) OR completion IS NOT NULL)","Campo completion de train_execution_sessions. Snapshot, parámetros extensibles o metadatos variables; no sustituye las FK ni columnas tipadas. Canonical/hash preserva los bytes de origen cuando aplica."
train_execution_sessions,verification,jsonb,YES,,,,,train_execution_sessions_check1: CONSTRAINT train_execution_sessions_check1 CHECK (state <> CAST('verified' AS text) OR verification IS NOT NULL),"Campo verification de train_execution_sessions. Snapshot, parámetros extensibles o metadatos variables; no sustituye las FK ni columnas tipadas. Canonical/hash preserva los bytes de origen cuando aplica."
training_history,id,uuid,NO,pg_catalog.gen_random_uuid(),YES,,,,Campo id de training_history.
training_history,run_id,uuid,NO,,,training_history_run_id_fkey: CONSTRAINT training_history_run_id_fkey FOREIGN KEY (run_id) REFERENCES runs (id) ON DELETE RESTRICT,"uq_v2_epoch: CONSTRAINT uq_v2_epoch UNIQUE (run_id, phase, epoch)",,Campo run_id de training_history.
training_history,epoch,integer,NO,,,,"uq_v2_epoch: CONSTRAINT uq_v2_epoch UNIQUE (run_id, phase, epoch)",ck_v2_epoch: CONSTRAINT ck_v2_epoch CHECK (epoch >= 0),Campo epoch de training_history.
training_history,loss,numeric,YES,,,,,,Campo loss de training_history.
training_history,accuracy,numeric,YES,,,,,,Campo accuracy de training_history.
training_history,precision_value,numeric,YES,,,,,,Campo precision_value de training_history.
training_history,recall_value,numeric,YES,,,,,,Campo recall_value de training_history.
training_history,auc,numeric,YES,,,,,,Campo auc de training_history.
training_history,val_loss,numeric,YES,,,,,,Campo val_loss de training_history.
training_history,val_accuracy,numeric,YES,,,,,,Campo val_accuracy de training_history.
training_history,val_precision,numeric,YES,,,,,,Campo val_precision de training_history.
training_history,val_recall,numeric,YES,,,,,,Campo val_recall de training_history.
training_history,val_auc,numeric,YES,,,,,,Campo val_auc de training_history.
training_history,learning_rate,numeric,YES,,,,,,Campo learning_rate de training_history.
training_history,created_at,timestamp with time zone,YES,now(),,,,,Campo created_at de training_history. Auditoría temporal del evento indicado; sin actualización automática salvo trigger explícito.
training_history,metadata,jsonb,YES,CAST('{}' AS jsonb),,,,,"Campo metadata de training_history. Snapshot, parámetros extensibles o metadatos variables; no sustituye las FK ni columnas tipadas. Canonical/hash preserva los bytes de origen cuando aplica."
training_history,phase,text,NO,CAST('training' AS text),,,"uq_v2_epoch: CONSTRAINT uq_v2_epoch UNIQUE (run_id, phase, epoch)",,Campo phase de training_history.
training_history,train_loss,numeric,YES,,,,,,Campo train_loss de training_history.
training_history,train_accuracy,numeric,YES,,,,,,Campo train_accuracy de training_history.
training_history,train_specificity,numeric,YES,,,,,v2_training_history_check_51b772d5ee79: CONSTRAINT v2_training_history_check_51b772d5ee79 CHECK (train_specificity BETWEEN 0 AND 1),Campo train_specificity de training_history.
training_history,val_specificity,numeric,YES,,,,,v2_training_history_check_3eea954e3a67: CONSTRAINT v2_training_history_check_3eea954e3a67 CHECK (val_specificity BETWEEN 0 AND 1),Campo val_specificity de training_history.
training_history,train_f2,numeric,YES,,,,,v2_training_history_check_68190383a722: CONSTRAINT v2_training_history_check_68190383a722 CHECK (train_f2 BETWEEN 0 AND 1),Campo train_f2 de training_history.
training_history,val_f2,numeric,YES,,,,,v2_training_history_check_03efeda77886: CONSTRAINT v2_training_history_check_03efeda77886 CHECK (val_f2 BETWEEN 0 AND 1),Campo val_f2 de training_history.
training_history,train_balanced_accuracy,numeric,YES,,,,,v2_training_history_check_5cb83011b377: CONSTRAINT v2_training_history_check_5cb83011b377 CHECK (train_balanced_accuracy BETWEEN 0 AND 1),Campo train_balanced_accuracy de training_history.
training_history,val_balanced_accuracy,numeric,YES,,,,,v2_training_history_check_edfadf7cb46b: CONSTRAINT v2_training_history_check_edfadf7cb46b CHECK (val_balanced_accuracy BETWEEN 0 AND 1),Campo val_balanced_accuracy de training_history.
user_roles,user_id,uuid,NO,,YES,user_roles_user_id_fkey: CONSTRAINT user_roles_user_id_fkey FOREIGN KEY (user_id) REFERENCES users (id) ON DELETE CASCADE,,,Campo user_id de user_roles.
user_roles,role_id,uuid,NO,,YES,user_roles_role_id_fkey: CONSTRAINT user_roles_role_id_fkey FOREIGN KEY (role_id) REFERENCES roles (id) ON DELETE RESTRICT,,,Campo role_id de user_roles.
user_roles,created_at,timestamp with time zone,NO,now(),,,,,Campo created_at de user_roles. Auditoría temporal del evento indicado; sin actualización automática salvo trigger explícito.
users,id,uuid,NO,,YES,,,,Campo id de users.
users,username,text,NO,,,,users_username_key: CONSTRAINT users_username_key UNIQUE (username),,Campo username de users.
users,email,text,YES,,,,users_email_key: CONSTRAINT users_email_key UNIQUE (email),,Campo email de users.
users,password_hash,text,NO,,,,,,"Campo password_hash de users. Identidad/procedencia; conservar valor y representación canónica original, sin recalcular al transferir."
users,status,text,NO,CAST('active' AS text),,,,"users_status_check: CONSTRAINT users_status_check CHECK (status = ANY(ARRAY[CAST('active' AS text), CAST('disabled' AS text)]))",Campo status de users.
users,created_at,timestamp with time zone,NO,now(),,,,,Campo created_at de users. Auditoría temporal del evento indicado; sin actualización automática salvo trigger explícito.
users,updated_at,timestamp with time zone,NO,now(),,,,,Campo updated_at de users. Auditoría temporal del evento indicado; sin actualización automática salvo trigger explícito.
users,last_login_at,timestamp with time zone,YES,,,,,,Campo last_login_at de users. Auditoría temporal del evento indicado; sin actualización automática salvo trigger explícito.
users,disabled_at,timestamp with time zone,YES,,,,,,Campo disabled_at de users. Auditoría temporal del evento indicado; sin actualización automática salvo trigger explícito.
xai_artifacts,id,uuid,NO,gen_random_uuid(),YES,,,,Campo id de xai_artifacts.
xai_artifacts,evidence_id,uuid,NO,,,v2_xai_artifacts_foreign_4b080b42e888: CONSTRAINT v2_xai_artifacts_foreign_4b080b42e888 FOREIGN KEY (evidence_id) REFERENCES public.xai_evidence (id) ON DELETE RESTRICT,"v2_xai_artifacts_unique_ee15a9513a9e: CONSTRAINT v2_xai_artifacts_unique_ee15a9513a9e UNIQUE (evidence_id, role, ordinal)",,Campo evidence_id de xai_artifacts.
xai_artifacts,artifact_id,uuid,YES,,,v2_xai_artifacts_foreign_e3d2eb574718: CONSTRAINT v2_xai_artifacts_foreign_e3d2eb574718 FOREIGN KEY (artifact_id) REFERENCES public.artifacts (id) ON DELETE RESTRICT,,"v2_xai_artifacts_check_70ab6797c0c6: CONSTRAINT v2_xai_artifacts_check_70ab6797c0c6 CHECK (num_nonnulls(artifact_id, assessment_artifact_id) <= 1)",Campo artifact_id de xai_artifacts.
xai_artifacts,assessment_artifact_id,uuid,YES,,,v2_xai_artifacts_foreign_f9c5548be835: CONSTRAINT v2_xai_artifacts_foreign_f9c5548be835 FOREIGN KEY (assessment_artifact_id) REFERENCES public.assessment_artifacts (artifact_id) ON DELETE RESTRICT,,"v2_xai_artifacts_check_70ab6797c0c6: CONSTRAINT v2_xai_artifacts_check_70ab6797c0c6 CHECK (num_nonnulls(artifact_id, assessment_artifact_id) <= 1)",Campo assessment_artifact_id de xai_artifacts.
xai_artifacts,role,text,NO,,,,"v2_xai_artifacts_unique_ee15a9513a9e: CONSTRAINT v2_xai_artifacts_unique_ee15a9513a9e UNIQUE (evidence_id, role, ordinal)","v2_xai_artifacts_check_eb359eee6311: CONSTRAINT v2_xai_artifacts_check_eb359eee6311 CHECK (role IN ('RAW_ATTRIBUTION', 'SPATIAL_MAP', 'SEGMENTATION', 'REGION_WEIGHTS', 'OVERLAY', 'HEATMAP_RENDER', 'BACKGROUND_MANIFEST', 'INPUT_MANIFEST'))",Campo role de xai_artifacts.
xai_artifacts,ordinal,integer,NO,0,,,"v2_xai_artifacts_unique_ee15a9513a9e: CONSTRAINT v2_xai_artifacts_unique_ee15a9513a9e UNIQUE (evidence_id, role, ordinal)",v2_xai_artifacts_check_967aa2df2b88: CONSTRAINT v2_xai_artifacts_check_967aa2df2b88 CHECK (ordinal >= 0),Campo ordinal de xai_artifacts.
xai_artifacts,storage_uri,text,NO,,,,,,Campo storage_uri de xai_artifacts.
xai_artifacts,sha256,text,NO,,,,,v2_xai_artifacts_check_20426a1e7fe3: CONSTRAINT v2_xai_artifacts_check_20426a1e7fe3 CHECK (sha256 ~ '^[0-9a-f]{64}$'),"Campo sha256 de xai_artifacts. Identidad/procedencia; conservar valor y representación canónica original, sin recalcular al transferir."
xai_artifacts,byte_size,bigint,NO,,,,,v2_xai_artifacts_check_a81626200b02: CONSTRAINT v2_xai_artifacts_check_a81626200b02 CHECK (byte_size >= 0),Campo byte_size de xai_artifacts.
xai_artifacts,mime_type,text,NO,,,,,,Campo mime_type de xai_artifacts.
xai_artifacts,numeric_dtype,text,YES,,,,,,Campo numeric_dtype de xai_artifacts.
xai_artifacts,tensor_shape,integer[],YES,,,,,v2_xai_artifacts_check_a68006e838dc: CONSTRAINT v2_xai_artifacts_check_a68006e838dc CHECK (tensor_shape IS NULL OR (cardinality(tensor_shape) > 0 AND 0 < ALL(tensor_shape))),Campo tensor_shape de xai_artifacts.
xai_artifacts,axis_order,text,YES,,,,,,Campo axis_order de xai_artifacts.
xai_artifacts,coordinate_space,text,YES,,,,,,Campo coordinate_space de xai_artifacts.
xai_artifacts,availability,text,NO,,,,,"v2_xai_artifacts_check_4b7ae3b26ca5: CONSTRAINT v2_xai_artifacts_check_4b7ae3b26ca5 CHECK (availability IN ('available', 'missing', 'quarantined', 'archived'))",Campo availability de xai_artifacts.
xai_artifacts,created_at,timestamptz,NO,now(),,,,,Campo created_at de xai_artifacts. Auditoría temporal del evento indicado; sin actualización automática salvo trigger explícito.
xai_evaluation_members,evaluation_id,uuid,NO,,YES,fk_xai_member_evaluation: CONSTRAINT fk_xai_member_evaluation FOREIGN KEY (evaluation_id) REFERENCES public.xai_quantitative_evaluations (id) ON DELETE RESTRICT,,,Campo evaluation_id de xai_evaluation_members.
xai_evaluation_members,xai_evidence_id,uuid,NO,,YES,fk_xai_member_evidence: CONSTRAINT fk_xai_member_evidence FOREIGN KEY (xai_evidence_id) REFERENCES public.xai_evidence (id) ON DELETE RESTRICT,,,Campo xai_evidence_id de xai_evaluation_members.
xai_evaluation_members,member_role,text,NO,,,,,ck_xai_member_role: CONSTRAINT ck_xai_member_role CHECK (member_role ~ '^[a-z][a-z0-9_]*$'),Campo member_role de xai_evaluation_members.
xai_evaluation_members,created_at,timestamptz,NO,now(),,,,,Campo created_at de xai_evaluation_members. Auditoría temporal del evento indicado; sin actualización automática salvo trigger explícito.
xai_evaluation_protocols,id,uuid,NO,gen_random_uuid(),YES,,"uq_xai_protocol_metric: CONSTRAINT uq_xai_protocol_metric UNIQUE (id, metric_name)",,Campo id de xai_evaluation_protocols.
xai_evaluation_protocols,metric_name,text,NO,,,,"uq_xai_protocol_metric: CONSTRAINT uq_xai_protocol_metric UNIQUE (id, metric_name)",ck_xai_protocol_identity: CONSTRAINT ck_xai_protocol_identity CHECK (length(btrim(metric_name)) > 0 AND length(btrim(metric_family)) > 0 AND metric_family = lower(metric_family) AND length(btrim(protocol_name)) > 0 AND length(btrim(protocol_version)) > 0 AND length(btrim(normalization_strategy)) > 0),Campo metric_name de xai_evaluation_protocols.
xai_evaluation_protocols,metric_family,text,NO,,,,,ck_xai_protocol_identity: CONSTRAINT ck_xai_protocol_identity CHECK (length(btrim(metric_name)) > 0 AND length(btrim(metric_family)) > 0 AND metric_family = lower(metric_family) AND length(btrim(protocol_name)) > 0 AND length(btrim(protocol_version)) > 0 AND length(btrim(normalization_strategy)) > 0),Campo metric_family de xai_evaluation_protocols.
xai_evaluation_protocols,protocol_name,text,NO,,,,,ck_xai_protocol_identity: CONSTRAINT ck_xai_protocol_identity CHECK (length(btrim(metric_name)) > 0 AND length(btrim(metric_family)) > 0 AND metric_family = lower(metric_family) AND length(btrim(protocol_name)) > 0 AND length(btrim(protocol_version)) > 0 AND length(btrim(normalization_strategy)) > 0),Campo protocol_name de xai_evaluation_protocols.
xai_evaluation_protocols,protocol_version,text,NO,,,,,ck_xai_protocol_identity: CONSTRAINT ck_xai_protocol_identity CHECK (length(btrim(metric_name)) > 0 AND length(btrim(metric_family)) > 0 AND metric_family = lower(metric_family) AND length(btrim(protocol_name)) > 0 AND length(btrim(protocol_version)) > 0 AND length(btrim(normalization_strategy)) > 0),Campo protocol_version de xai_evaluation_protocols.
xai_evaluation_protocols,parameters,jsonb,NO,,,,,ck_xai_evaluation_protocols_parameters: CONSTRAINT ck_xai_evaluation_protocols_parameters CHECK (jsonb_typeof(parameters) = 'object'),"Campo parameters de xai_evaluation_protocols. Snapshot, parámetros extensibles o metadatos variables; no sustituye las FK ni columnas tipadas. Canonical/hash preserva los bytes de origen cuando aplica."
xai_evaluation_protocols,normalization_strategy,text,NO,,,,,ck_xai_protocol_identity: CONSTRAINT ck_xai_protocol_identity CHECK (length(btrim(metric_name)) > 0 AND length(btrim(metric_family)) > 0 AND metric_family = lower(metric_family) AND length(btrim(protocol_name)) > 0 AND length(btrim(protocol_version)) > 0 AND length(btrim(normalization_strategy)) > 0),Campo normalization_strategy de xai_evaluation_protocols.
xai_evaluation_protocols,perturbation_strategy,text,YES,,,,,,Campo perturbation_strategy de xai_evaluation_protocols.
xai_evaluation_protocols,reference_definition,jsonb,YES,,,,,,"Campo reference_definition de xai_evaluation_protocols. Snapshot, parámetros extensibles o metadatos variables; no sustituye las FK ni columnas tipadas. Canonical/hash preserva los bytes de origen cuando aplica."
xai_evaluation_protocols,canonical_protocol,text,NO,,,,,,Campo canonical_protocol de xai_evaluation_protocols.
xai_evaluation_protocols,protocol_hash,text,NO,,,,uq_xai_protocol_hash: CONSTRAINT uq_xai_protocol_hash UNIQUE (protocol_hash),ck_protocol_hash_xai_protocol: CONSTRAINT ck_protocol_hash_xai_protocol CHECK (protocol_hash ~ '^[0-9a-f]{64}$'),"Campo protocol_hash de xai_evaluation_protocols. Identidad/procedencia; conservar valor y representación canónica original, sin recalcular al transferir."
xai_evaluation_protocols,created_at,timestamptz,NO,now(),,,,,Campo created_at de xai_evaluation_protocols. Auditoría temporal del evento indicado; sin actualización automática salvo trigger explícito.
xai_evidence,id,uuid,NO,gen_random_uuid(),YES,,,,Campo id de xai_evidence.
xai_evidence,ml_explanation_id,uuid,YES,,,v2_xai_evidence_foreign_9851edbb8079: CONSTRAINT v2_xai_evidence_foreign_9851edbb8079 FOREIGN KEY (ml_explanation_id) REFERENCES public.explainability_results (id) ON DELETE RESTRICT,v2_xai_evidence_unique_d9477cb1fece: CONSTRAINT v2_xai_evidence_unique_d9477cb1fece UNIQUE (ml_explanation_id),,Campo ml_explanation_id de xai_evidence.
xai_evidence,cell_explanation_id,uuid,YES,,,v2_xai_evidence_foreign_3fe88bd35854: CONSTRAINT v2_xai_evidence_foreign_3fe88bd35854 FOREIGN KEY (cell_explanation_id) REFERENCES public.cell_explanations (id) ON DELETE RESTRICT,v2_xai_evidence_unique_d4bf0f195fcf: CONSTRAINT v2_xai_evidence_unique_d4bf0f195fcf UNIQUE (cell_explanation_id),,Campo cell_explanation_id de xai_evidence.
xai_evidence,assessment_attempt_id,uuid,YES,,,"v2_xai_evidence_foreign_52bd313b1c15: CONSTRAINT v2_xai_evidence_foreign_52bd313b1c15 FOREIGN KEY (assessment_attempt_id, assessment_sample_id) REFERENCES public.assessment_results (attempt_id, sample_id) MATCH FULL ON DELETE RESTRICT","v2_xai_evidence_unique_0be310eeb2b7: CONSTRAINT v2_xai_evidence_unique_0be310eeb2b7 UNIQUE (assessment_attempt_id, assessment_sample_id)",,Campo assessment_attempt_id de xai_evidence.
xai_evidence,assessment_sample_id,uuid,YES,,,"v2_xai_evidence_foreign_52bd313b1c15: CONSTRAINT v2_xai_evidence_foreign_52bd313b1c15 FOREIGN KEY (assessment_attempt_id, assessment_sample_id) REFERENCES public.assessment_results (attempt_id, sample_id) MATCH FULL ON DELETE RESTRICT","v2_xai_evidence_unique_0be310eeb2b7: CONSTRAINT v2_xai_evidence_unique_0be310eeb2b7 UNIQUE (assessment_attempt_id, assessment_sample_id)",,Campo assessment_sample_id de xai_evidence.
xai_evidence,prediction_id,uuid,YES,,,v2_xai_evidence_foreign_4b04405ab069: CONSTRAINT v2_xai_evidence_foreign_4b04405ab069 FOREIGN KEY (prediction_id) REFERENCES public.predictions (id) ON DELETE RESTRICT,,"v2_xai_evidence_check_bfbb62e97a91: CONSTRAINT v2_xai_evidence_check_bfbb62e97a91 CHECK (num_nonnulls(prediction_id, cell_prediction_id) <= 1)",Campo prediction_id de xai_evidence.
xai_evidence,cell_prediction_id,uuid,YES,,,v2_xai_evidence_foreign_029e07f1d6db: CONSTRAINT v2_xai_evidence_foreign_029e07f1d6db FOREIGN KEY (cell_prediction_id) REFERENCES public.cell_predictions (id) ON DELETE RESTRICT,,"v2_xai_evidence_check_bfbb62e97a91: CONSTRAINT v2_xai_evidence_check_bfbb62e97a91 CHECK (num_nonnulls(prediction_id, cell_prediction_id) <= 1)",Campo cell_prediction_id de xai_evidence.
xai_evidence,evaluation_id,uuid,YES,,,v2_xai_evidence_foreign_a402d28a70f6: CONSTRAINT v2_xai_evidence_foreign_a402d28a70f6 FOREIGN KEY (evaluation_id) REFERENCES public.evaluations (id) ON DELETE RESTRICT,,,Campo evaluation_id de xai_evidence.
xai_evidence,dataset_source_record_id,uuid,YES,,,v2_xai_evidence_foreign_e8d9af78807c: CONSTRAINT v2_xai_evidence_foreign_e8d9af78807c FOREIGN KEY (dataset_source_record_id) REFERENCES public.dataset_source_records (id) ON DELETE RESTRICT,,"ck_xai_input_origin: CONSTRAINT ck_xai_input_origin CHECK (num_nonnulls(dataset_source_record_id, microscopy_image_id, input_artifact_id) = 1)",Campo dataset_source_record_id de xai_evidence.
xai_evidence,input_artifact_id,uuid,YES,,,v2_xai_evidence_foreign_a1c9b824423e: CONSTRAINT v2_xai_evidence_foreign_a1c9b824423e FOREIGN KEY (input_artifact_id) REFERENCES public.artifacts (id) ON DELETE RESTRICT,,"ck_xai_input_origin: CONSTRAINT ck_xai_input_origin CHECK (num_nonnulls(dataset_source_record_id, microscopy_image_id, input_artifact_id) = 1)",Campo input_artifact_id de xai_evidence.
xai_evidence,microscopy_image_id,uuid,YES,,,v2_xai_evidence_foreign_ad1ea3f78d92: CONSTRAINT v2_xai_evidence_foreign_ad1ea3f78d92 FOREIGN KEY (microscopy_image_id) REFERENCES public.microscopy_images (id) ON DELETE RESTRICT,,"ck_xai_input_origin: CONSTRAINT ck_xai_input_origin CHECK (num_nonnulls(dataset_source_record_id, microscopy_image_id, input_artifact_id) = 1)",Campo microscopy_image_id de xai_evidence.
xai_evidence,run_id,uuid,YES,,,v2_xai_evidence_foreign_db5338c19de4: CONSTRAINT v2_xai_evidence_foreign_db5338c19de4 FOREIGN KEY (run_id) REFERENCES public.runs (id) ON DELETE RESTRICT,,ck_xai_provisional_checkpoint: CONSTRAINT ck_xai_provisional_checkpoint CHECK (model_version_id IS NOT NULL OR run_id IS NOT NULL),Campo run_id de xai_evidence.
xai_evidence,model_version_id,uuid,YES,,,v2_xai_evidence_foreign_b946b2b207f3: CONSTRAINT v2_xai_evidence_foreign_b946b2b207f3 FOREIGN KEY (model_version_id) REFERENCES public.model_versions (id) ON DELETE RESTRICT,,ck_xai_provisional_checkpoint: CONSTRAINT ck_xai_provisional_checkpoint CHECK (model_version_id IS NOT NULL OR run_id IS NOT NULL),Campo model_version_id de xai_evidence.
xai_evidence,checkpoint_artifact_id,uuid,NO,,,v2_xai_evidence_foreign_6aec504c7a2f: CONSTRAINT v2_xai_evidence_foreign_6aec504c7a2f FOREIGN KEY (checkpoint_artifact_id) REFERENCES public.artifacts (id) ON DELETE RESTRICT,,,Campo checkpoint_artifact_id de xai_evidence.
xai_evidence,method_configuration_id,uuid,NO,,,fk_xai_method_configuration: CONSTRAINT fk_xai_method_configuration FOREIGN KEY (method_configuration_id) REFERENCES public.xai_method_configurations (id) ON DELETE RESTRICT,,,Campo method_configuration_id de xai_evidence.
xai_evidence,target_layer,text,YES,,,,,,Campo target_layer de xai_evidence.
xai_evidence,prediction_score,numeric,YES,,,,,ck_xai_prediction_score: CONSTRAINT ck_xai_prediction_score CHECK (prediction_score >= 0 AND prediction_score <= 1),Campo prediction_score de xai_evidence.
xai_evidence,source_commit,text,NO,,,,,,Campo source_commit de xai_evidence.
xai_evidence,input_contract,jsonb,NO,,,,,v2_xai_evidence_check_71beacad95d0: CONSTRAINT v2_xai_evidence_check_71beacad95d0 CHECK (jsonb_typeof(input_contract) = 'object'),"Campo input_contract de xai_evidence. Snapshot, parámetros extensibles o metadatos variables; no sustituye las FK ni columnas tipadas. Canonical/hash preserva los bytes de origen cuando aplica."
xai_evidence,input_contract_hash,text,NO,,,,,v2_xai_evidence_check_b93d47c84570: CONSTRAINT v2_xai_evidence_check_b93d47c84570 CHECK (input_contract_hash ~ '^[0-9a-f]{64}$'),"Campo input_contract_hash de xai_evidence. Identidad/procedencia; conservar valor y representación canónica original, sin recalcular al transferir."
xai_evidence,input_storage_uri,text,NO,,,,,,Campo input_storage_uri de xai_evidence.
xai_evidence,input_sha256,text,NO,,,,,v2_xai_evidence_check_93787689f516: CONSTRAINT v2_xai_evidence_check_93787689f516 CHECK (input_sha256 ~ '^[0-9a-f]{64}$'),"Campo input_sha256 de xai_evidence. Identidad/procedencia; conservar valor y representación canónica original, sin recalcular al transferir."
xai_evidence,checkpoint_sha256,text,NO,,,,,v2_xai_evidence_check_6bf21e8ba9a2: CONSTRAINT v2_xai_evidence_check_6bf21e8ba9a2 CHECK (checkpoint_sha256 ~ '^[0-9a-f]{64}$'),"Campo checkpoint_sha256 de xai_evidence. Identidad/procedencia; conservar valor y representación canónica original, sin recalcular al transferir."
xai_evidence,target_class,smallint,NO,,,,,"v2_xai_evidence_check_185d894424d0: CONSTRAINT v2_xai_evidence_check_185d894424d0 CHECK (target_class IN (0, 1))",Campo target_class de xai_evidence.
xai_evidence,explained_output,text,NO,,,,,"v2_xai_evidence_check_26e9e3a0278b: CONSTRAINT v2_xai_evidence_check_26e9e3a0278b CHECK (explained_output IN ('probability_parasitized', 'probability_uninfected', 'raw_output'))",Campo explained_output de xai_evidence.
xai_evidence,processing_stage,text,NO,,,,,"v2_xai_evidence_check_5027e188ea2a: CONSTRAINT v2_xai_evidence_check_5027e188ea2a CHECK (processing_stage IN ('model_input', 'cell_crop', 'evaluation_sample'))",Campo processing_stage de xai_evidence.
xai_evidence,seed,bigint,YES,,,,,,Campo seed de xai_evidence.
xai_evidence,background_manifest_uri,text,YES,,,,,,Campo background_manifest_uri de xai_evidence.
xai_evidence,background_manifest_sha256,text,YES,,,,,v2_xai_evidence_check_3e7a5ed7ffee: CONSTRAINT v2_xai_evidence_check_3e7a5ed7ffee CHECK (background_manifest_sha256 ~ '^[0-9a-f]{64}$'),"Campo background_manifest_sha256 de xai_evidence. Identidad/procedencia; conservar valor y representación canónica original, sin recalcular al transferir."
xai_evidence,environment_snapshot,jsonb,NO,,,,,v2_xai_evidence_check_9d77320c4af9: CONSTRAINT v2_xai_evidence_check_9d77320c4af9 CHECK (jsonb_typeof(environment_snapshot) = 'object'),"Campo environment_snapshot de xai_evidence. Snapshot, parámetros extensibles o metadatos variables; no sustituye las FK ni columnas tipadas. Canonical/hash preserva los bytes de origen cuando aplica."
xai_evidence,generated_at,timestamptz,NO,,,,,,Campo generated_at de xai_evidence. Auditoría temporal del evento indicado; sin actualización automática salvo trigger explícito.
xai_evidence,created_at,timestamptz,NO,now(),,,,,Campo created_at de xai_evidence. Auditoría temporal del evento indicado; sin actualización automática salvo trigger explícito.
xai_interpretations,id,uuid,NO,gen_random_uuid(),YES,,,,Campo id de xai_interpretations.
xai_interpretations,evidence_id,uuid,NO,,,v2_xai_interpretations_foreign_4b080b42e888: CONSTRAINT v2_xai_interpretations_foreign_4b080b42e888 FOREIGN KEY (evidence_id) REFERENCES public.xai_evidence (id) ON DELETE RESTRICT,,,Campo evidence_id de xai_interpretations.
xai_interpretations,author_user_id,uuid,NO,,,v2_xai_interpretations_foreign_6b09f9926d4f: CONSTRAINT v2_xai_interpretations_foreign_6b09f9926d4f FOREIGN KEY (author_user_id) REFERENCES public.users (id) ON DELETE RESTRICT,,,Campo author_user_id de xai_interpretations.
xai_interpretations,interpretation,text,NO,,,,,v2_xai_interpretations_check_c7c3afcde9f7: CONSTRAINT v2_xai_interpretations_check_c7c3afcde9f7 CHECK (length(pg_catalog.btrim(interpretation)) > 0),Campo interpretation de xai_interpretations.
xai_interpretations,limitations,text,NO,,,,,,Campo limitations de xai_interpretations.
xai_interpretations,created_at,timestamptz,NO,now(),,,,,Campo created_at de xai_interpretations. Auditoría temporal del evento indicado; sin actualización automática salvo trigger explícito.
xai_interpretations,supersedes_id,uuid,YES,,,v2_xai_interpretations_foreign_af451d74af77: CONSTRAINT v2_xai_interpretations_foreign_af451d74af77 FOREIGN KEY (supersedes_id) REFERENCES public.xai_interpretations (id) ON DELETE RESTRICT,,,Campo supersedes_id de xai_interpretations.
xai_method_configurations,id,uuid,NO,gen_random_uuid(),YES,,,,Campo id de xai_method_configurations.
xai_method_configurations,method,text,NO,,,,,ck_xai_method_identity: CONSTRAINT ck_xai_method_identity CHECK (length(btrim(method)) > 0 AND method = lower(method) AND length(btrim(implementation)) > 0 AND length(btrim(implementation_version)) > 0),Campo method de xai_method_configurations.
xai_method_configurations,implementation,text,NO,,,,,ck_xai_method_identity: CONSTRAINT ck_xai_method_identity CHECK (length(btrim(method)) > 0 AND method = lower(method) AND length(btrim(implementation)) > 0 AND length(btrim(implementation_version)) > 0),Campo implementation de xai_method_configurations.
xai_method_configurations,implementation_version,text,NO,,,,,ck_xai_method_identity: CONSTRAINT ck_xai_method_identity CHECK (length(btrim(method)) > 0 AND method = lower(method) AND length(btrim(implementation)) > 0 AND length(btrim(implementation_version)) > 0),Campo implementation_version de xai_method_configurations.
xai_method_configurations,parameters,jsonb,NO,,,,,ck_xai_method_configurations_parameters: CONSTRAINT ck_xai_method_configurations_parameters CHECK (jsonb_typeof(parameters) = 'object'),"Campo parameters de xai_method_configurations. Snapshot, parámetros extensibles o metadatos variables; no sustituye las FK ni columnas tipadas. Canonical/hash preserva los bytes de origen cuando aplica."
xai_method_configurations,canonical_configuration,text,NO,,,,,,Campo canonical_configuration de xai_method_configurations.
xai_method_configurations,configuration_hash,text,NO,,,,uq_xai_method_configuration_hash: CONSTRAINT uq_xai_method_configuration_hash UNIQUE (configuration_hash),ck_configuration_hash_xai_method: CONSTRAINT ck_configuration_hash_xai_method CHECK (configuration_hash ~ '^[0-9a-f]{64}$'),"Campo configuration_hash de xai_method_configurations. Identidad/procedencia; conservar valor y representación canónica original, sin recalcular al transferir."
xai_method_configurations,created_at,timestamptz,NO,now(),,,,,Campo created_at de xai_method_configurations. Auditoría temporal del evento indicado; sin actualización automática salvo trigger explícito.
xai_quantitative_evaluations,id,uuid,NO,gen_random_uuid(),YES,,,,Campo id de xai_quantitative_evaluations.
xai_quantitative_evaluations,protocol_id,uuid,NO,,,"fk_xai_metric_protocol: CONSTRAINT fk_xai_metric_protocol FOREIGN KEY (protocol_id, metric_name) REFERENCES public.xai_evaluation_protocols (id, metric_name) ON DELETE RESTRICT",,,Campo protocol_id de xai_quantitative_evaluations.
xai_quantitative_evaluations,metric_name,text,NO,,,"fk_xai_metric_protocol: CONSTRAINT fk_xai_metric_protocol FOREIGN KEY (protocol_id, metric_name) REFERENCES public.xai_evaluation_protocols (id, metric_name) ON DELETE RESTRICT",,,Campo metric_name de xai_quantitative_evaluations.
xai_quantitative_evaluations,membership_hash,text,NO,,,,,ck_xai_membership_hash: CONSTRAINT ck_xai_membership_hash CHECK (membership_hash ~ '^[0-9a-f]{64}$'),"Campo membership_hash de xai_quantitative_evaluations. Identidad/procedencia; conservar valor y representación canónica original, sin recalcular al transferir."
xai_quantitative_evaluations,metric_value,double precision,YES,,,,,ck_xai_metric_defined: CONSTRAINT ck_xai_metric_defined CHECK ((metric_value IS NULL AND undefined_reason IS NOT NULL AND length(btrim(undefined_reason)) > 0) OR (metric_value IS NOT NULL AND undefined_reason IS NULL AND metric_value > CAST('-Infinity' AS float8) AND metric_value < CAST('Infinity' AS float8))),Campo metric_value de xai_quantitative_evaluations.
xai_quantitative_evaluations,undefined_reason,text,YES,,,,,ck_xai_metric_defined: CONSTRAINT ck_xai_metric_defined CHECK ((metric_value IS NULL AND undefined_reason IS NOT NULL AND length(btrim(undefined_reason)) > 0) OR (metric_value IS NOT NULL AND undefined_reason IS NULL AND metric_value > CAST('-Infinity' AS float8) AND metric_value < CAST('Infinity' AS float8))),Campo undefined_reason de xai_quantitative_evaluations.
xai_quantitative_evaluations,seed,bigint,YES,,,,,,Campo seed de xai_quantitative_evaluations.
xai_quantitative_evaluations,sample_count,bigint,NO,,,,,ck_xai_sample_count: CONSTRAINT ck_xai_sample_count CHECK (sample_count > 0),Campo sample_count de xai_quantitative_evaluations.
xai_quantitative_evaluations,reference_annotation_id,uuid,YES,,,fk_xai_reference_annotation: CONSTRAINT fk_xai_reference_annotation FOREIGN KEY (reference_annotation_id) REFERENCES public.scientific_validation_annotations (id) ON DELETE RESTRICT,,"ck_xai_reference_tuple: CONSTRAINT ck_xai_reference_tuple CHECK (num_nonnulls(reference_annotation_id, reference_annotation_version, reference_manifest_uri, reference_manifest_sha256) IN (0, 4) AND (reference_annotation_version IS NULL OR reference_annotation_version > 0) AND (reference_manifest_sha256 IS NULL OR reference_manifest_sha256 ~ '^[0-9a-f]{64}$'))",Campo reference_annotation_id de xai_quantitative_evaluations.
xai_quantitative_evaluations,reference_annotation_version,integer,YES,,,,,"ck_xai_reference_tuple: CONSTRAINT ck_xai_reference_tuple CHECK (num_nonnulls(reference_annotation_id, reference_annotation_version, reference_manifest_uri, reference_manifest_sha256) IN (0, 4) AND (reference_annotation_version IS NULL OR reference_annotation_version > 0) AND (reference_manifest_sha256 IS NULL OR reference_manifest_sha256 ~ '^[0-9a-f]{64}$'))",Campo reference_annotation_version de xai_quantitative_evaluations.
xai_quantitative_evaluations,reference_manifest_uri,text,YES,,,,,"ck_xai_reference_tuple: CONSTRAINT ck_xai_reference_tuple CHECK (num_nonnulls(reference_annotation_id, reference_annotation_version, reference_manifest_uri, reference_manifest_sha256) IN (0, 4) AND (reference_annotation_version IS NULL OR reference_annotation_version > 0) AND (reference_manifest_sha256 IS NULL OR reference_manifest_sha256 ~ '^[0-9a-f]{64}$'))",Campo reference_manifest_uri de xai_quantitative_evaluations.
xai_quantitative_evaluations,reference_manifest_sha256,text,YES,,,,,"ck_xai_reference_tuple: CONSTRAINT ck_xai_reference_tuple CHECK (num_nonnulls(reference_annotation_id, reference_annotation_version, reference_manifest_uri, reference_manifest_sha256) IN (0, 4) AND (reference_annotation_version IS NULL OR reference_annotation_version > 0) AND (reference_manifest_sha256 IS NULL OR reference_manifest_sha256 ~ '^[0-9a-f]{64}$'))","Campo reference_manifest_sha256 de xai_quantitative_evaluations. Identidad/procedencia; conservar valor y representación canónica original, sin recalcular al transferir."
xai_quantitative_evaluations,details_uri,text,YES,,,,,"ck_xai_details_tuple: CONSTRAINT ck_xai_details_tuple CHECK (num_nonnulls(details_uri, details_sha256) IN (0, 2) AND (details_sha256 IS NULL OR details_sha256 ~ '^[0-9a-f]{64}$'))",Campo details_uri de xai_quantitative_evaluations.
xai_quantitative_evaluations,details_sha256,text,YES,,,,,"ck_xai_details_tuple: CONSTRAINT ck_xai_details_tuple CHECK (num_nonnulls(details_uri, details_sha256) IN (0, 2) AND (details_sha256 IS NULL OR details_sha256 ~ '^[0-9a-f]{64}$'))","Campo details_sha256 de xai_quantitative_evaluations. Identidad/procedencia; conservar valor y representación canónica original, sin recalcular al transferir."
xai_quantitative_evaluations,evaluated_at,timestamptz,NO,,,,,,Campo evaluated_at de xai_quantitative_evaluations. Auditoría temporal del evento indicado; sin actualización automática salvo trigger explícito.
xai_quantitative_evaluations,created_at,timestamptz,NO,now(),,,,,Campo created_at de xai_quantitative_evaluations. Auditoría temporal del evento indicado; sin actualización automática salvo trigger explícito.
xai_region_attributions,xai_evidence_id,uuid,NO,,YES,fk_xai_region_evidence: CONSTRAINT fk_xai_region_evidence FOREIGN KEY (xai_evidence_id) REFERENCES public.xai_evidence (id) ON DELETE RESTRICT,,,Campo xai_evidence_id de xai_region_attributions.
xai_region_attributions,region_type,text,NO,,YES,,,ck_xai_region_domain: CONSTRAINT ck_xai_region_domain CHECK (region_index >= 0 AND length(btrim(region_type)) > 0 AND (rank IS NULL OR rank > 0) AND attribution_value > CAST('-Infinity' AS float8) AND attribution_value < CAST('Infinity' AS float8) AND (region_definition IS NULL OR jsonb_typeof(region_definition) = 'object')),Campo region_type de xai_region_attributions.
xai_region_attributions,region_index,integer,NO,,YES,,,ck_xai_region_domain: CONSTRAINT ck_xai_region_domain CHECK (region_index >= 0 AND length(btrim(region_type)) > 0 AND (rank IS NULL OR rank > 0) AND attribution_value > CAST('-Infinity' AS float8) AND attribution_value < CAST('Infinity' AS float8) AND (region_definition IS NULL OR jsonb_typeof(region_definition) = 'object')),Campo region_index de xai_region_attributions.
xai_region_attributions,attribution_value,double precision,NO,,,,,ck_xai_region_domain: CONSTRAINT ck_xai_region_domain CHECK (region_index >= 0 AND length(btrim(region_type)) > 0 AND (rank IS NULL OR rank > 0) AND attribution_value > CAST('-Infinity' AS float8) AND attribution_value < CAST('Infinity' AS float8) AND (region_definition IS NULL OR jsonb_typeof(region_definition) = 'object')),Campo attribution_value de xai_region_attributions.
xai_region_attributions,rank,integer,YES,,,,,ck_xai_region_domain: CONSTRAINT ck_xai_region_domain CHECK (region_index >= 0 AND length(btrim(region_type)) > 0 AND (rank IS NULL OR rank > 0) AND attribution_value > CAST('-Infinity' AS float8) AND attribution_value < CAST('Infinity' AS float8) AND (region_definition IS NULL OR jsonb_typeof(region_definition) = 'object')),Campo rank de xai_region_attributions.
xai_region_attributions,region_definition,jsonb,YES,,,,,ck_xai_region_domain: CONSTRAINT ck_xai_region_domain CHECK (region_index >= 0 AND length(btrim(region_type)) > 0 AND (rank IS NULL OR rank > 0) AND attribution_value > CAST('-Infinity' AS float8) AND attribution_value < CAST('Infinity' AS float8) AND (region_definition IS NULL OR jsonb_typeof(region_definition) = 'object')),"Campo region_definition de xai_region_attributions. Snapshot, parámetros extensibles o metadatos variables; no sustituye las FK ni columnas tipadas. Canonical/hash preserva los bytes de origen cuando aplica."
xai_region_attributions,created_at,timestamptz,NO,now(),,,,,Campo created_at de xai_region_attributions. Auditoría temporal del evento indicado; sin actualización automática salvo trigger explícito.
xai_specialist_reviews,id,uuid,NO,gen_random_uuid(),YES,,,,Campo id de xai_specialist_reviews.
xai_specialist_reviews,interpretation_id,uuid,NO,,,v2_xai_specialist_reviews_foreign_4735bf604cb2: CONSTRAINT v2_xai_specialist_reviews_foreign_4735bf604cb2 FOREIGN KEY (interpretation_id) REFERENCES public.xai_interpretations (id) ON DELETE RESTRICT,,,Campo interpretation_id de xai_specialist_reviews.
xai_specialist_reviews,reviewer_user_id,uuid,NO,,,v2_xai_specialist_reviews_foreign_7ca01df9e490: CONSTRAINT v2_xai_specialist_reviews_foreign_7ca01df9e490 FOREIGN KEY (reviewer_user_id) REFERENCES public.users (id) ON DELETE RESTRICT,,,Campo reviewer_user_id de xai_specialist_reviews.
xai_specialist_reviews,decision,text,NO,,,,,"v2_xai_specialist_reviews_check_920877b7b5d1: CONSTRAINT v2_xai_specialist_reviews_check_920877b7b5d1 CHECK (decision IN ('supported', 'unsupported', 'inconclusive'))",Campo decision de xai_specialist_reviews.
xai_specialist_reviews,rationale,text,NO,,,,,v2_xai_specialist_reviews_check_d8ae577b1870: CONSTRAINT v2_xai_specialist_reviews_check_d8ae577b1870 CHECK (length(pg_catalog.btrim(rationale)) > 0),Campo rationale de xai_specialist_reviews.
xai_specialist_reviews,competence_snapshot,jsonb,NO,,,,,v2_xai_specialist_reviews_check_07baf4b694f5: CONSTRAINT v2_xai_specialist_reviews_check_07baf4b694f5 CHECK (jsonb_typeof(competence_snapshot) = 'object'),"Campo competence_snapshot de xai_specialist_reviews. Snapshot, parámetros extensibles o metadatos variables; no sustituye las FK ni columnas tipadas. Canonical/hash preserva los bytes de origen cuando aplica."
xai_specialist_reviews,reviewed_at,timestamptz,NO,now(),,,,,Campo reviewed_at de xai_specialist_reviews. Auditoría temporal del evento indicado; sin actualización automática salvo trigger explícito.
