run_id,architecture,optimizer,phase,epoch,phase_epoch,source_table,source_kind,source_record_key,source_created_at,version_id,path,file_size_bytes,sha256,selected,artifact_id,artifact_status,catalog_projection,source_payload
0bbdd732-1a7a-4360-8f05-5bb9f0d50773,vgg16,sgd,base,1,1,train_execution_records,artifact,1,2026-10-03T23:34:41.027571+00:00,577483e0-a783-4a79-84f7-5bccc4190d87,/Users/julio/Desktop/Archivo/Magister UAI/Capstone MIA 2025 2/Desarrollo/SW/capstone/malaria_dl_local_project/outputs/campaign_runs/0bbdd732-1a7a-4360-8f05-5bb9f0d50773/epoch_1.keras,63161620,2ae5479da4f0ce51a38645986f1a51f06feaa8dd094b310ef00c765faddd041b,True,102a0f63-3bfa-5c78-887d-b70c9c556bb5,available,"{""id"":""102a0f63-3bfa-5c78-887d-b70c9c556bb5"",""run_id"":""0bbdd732-1a7a-4360-8f05-5bb9f0d50773"",""artifact_type"":""model_checkpoint"",""name"":""epoch_1.keras"",""path"":""/Users/julio/Desktop/Archivo/Magister UAI/Capstone MIA 2025 2/Desarrollo/SW/capstone/malaria_dl_local_project/outputs/campaign_runs/0bbdd732-1a7a-4360-8f05-5bb9f0d50773/epoch_1.keras"",""mime_type"":""application/octet-stream"",""file_size_bytes"":63161620,""checksum"":""2ae5479da4f0ce51a38645986f1a51f06feaa8dd094b310ef00c765faddd041b"",""created_at"":""2026-10-04T05:05:25.004117+00:00"",""metadata"":{""role"":""selected_checkpoint"",""epoch"":1,""phase"":""base"",""source"":""e10_train"",""version_id"":""577483e0-a783-4a79-84f7-5bccc4190d87""},""artifact_uri"":null,""artifact_status"":""available"",""archived_at"":null}","{""path"":""/Users/julio/Desktop/Archivo/Magister UAI/Capstone MIA 2025 2/Desarrollo/SW/capstone/malaria_dl_local_project/outputs/campaign_runs/0bbdd732-1a7a-4360-8f05-5bb9f0d50773/epoch_1.keras"",""bytes"":63161620,""epoch"":1,""phase"":""base"",""run_id"":""0bbdd732-1a7a-4360-8f05-5bb9f0d50773"",""sha256"":""2ae5479da4f0ce51a38645986f1a51f06feaa8dd094b310ef00c765faddd041b"",""version_id"":""577483e0-a783-4a79-84f7-5bccc4190d87"",""phase_epoch"":1}"
0bbdd732-1a7a-4360-8f05-5bb9f0d50773,vgg16,sgd,base,2,2,train_execution_records,artifact,2,2026-10-03T23:46:39.788155+00:00,a14e5619-e407-46dc-b374-58ba758cfae7,/Users/julio/Desktop/Archivo/Magister UAI/Capstone MIA 2025 2/Desarrollo/SW/capstone/malaria_dl_local_project/outputs/campaign_runs/0bbdd732-1a7a-4360-8f05-5bb9f0d50773/epoch_2.keras,63161620,5394133965c613030a2e7925926d06b9d2686a2fdb44057e6a75a9f31a82b2f2,False,,,,"{""path"":""/Users/julio/Desktop/Archivo/Magister UAI/Capstone MIA 2025 2/Desarrollo/SW/capstone/malaria_dl_local_project/outputs/campaign_runs/0bbdd732-1a7a-4360-8f05-5bb9f0d50773/epoch_2.keras"",""bytes"":63161620,""epoch"":2,""phase"":""base"",""run_id"":""0bbdd732-1a7a-4360-8f05-5bb9f0d50773"",""sha256"":""5394133965c613030a2e7925926d06b9d2686a2fdb44057e6a75a9f31a82b2f2"",""version_id"":""a14e5619-e407-46dc-b374-58ba758cfae7"",""phase_epoch"":2}"
0bbdd732-1a7a-4360-8f05-5bb9f0d50773,vgg16,sgd,base,3,3,train_execution_records,artifact,3,2026-10-03T23:58:46.193794+00:00,a313d2c9-93d5-4ce1-9890-0fd8d087e08c,/Users/julio/Desktop/Archivo/Magister UAI/Capstone MIA 2025 2/Desarrollo/SW/capstone/malaria_dl_local_project/outputs/campaign_runs/0bbdd732-1a7a-4360-8f05-5bb9f0d50773/epoch_3.keras,63161620,28ae54c4e2e45c7189eb5f48da294014199092c6ef8dd4720df57360bf77fcdd,False,,,,"{""path"":""/Users/julio/Desktop/Archivo/Magister UAI/Capstone MIA 2025 2/Desarrollo/SW/capstone/malaria_dl_local_project/outputs/campaign_runs/0bbdd732-1a7a-4360-8f05-5bb9f0d50773/epoch_3.keras"",""bytes"":63161620,""epoch"":3,""phase"":""base"",""run_id"":""0bbdd732-1a7a-4360-8f05-5bb9f0d50773"",""sha256"":""28ae54c4e2e45c7189eb5f48da294014199092c6ef8dd4720df57360bf77fcdd"",""version_id"":""a313d2c9-93d5-4ce1-9890-0fd8d087e08c"",""phase_epoch"":3}"
0bbdd732-1a7a-4360-8f05-5bb9f0d50773,vgg16,sgd,base,4,4,train_execution_records,artifact,4,2026-10-04T00:10:56.530796+00:00,9277dad4-2550-43ed-bf65-01dfb5936881,/Users/julio/Desktop/Archivo/Magister UAI/Capstone MIA 2025 2/Desarrollo/SW/capstone/malaria_dl_local_project/outputs/campaign_runs/0bbdd732-1a7a-4360-8f05-5bb9f0d50773/epoch_4.keras,63161620,e9b010a9bf0bbbd3c7e6fd6a9bc5f15da72cfdecea977f92766e62e54e1e7dca,False,,,,"{""path"":""/Users/julio/Desktop/Archivo/Magister UAI/Capstone MIA 2025 2/Desarrollo/SW/capstone/malaria_dl_local_project/outputs/campaign_runs/0bbdd732-1a7a-4360-8f05-5bb9f0d50773/epoch_4.keras"",""bytes"":63161620,""epoch"":4,""phase"":""base"",""run_id"":""0bbdd732-1a7a-4360-8f05-5bb9f0d50773"",""sha256"":""e9b010a9bf0bbbd3c7e6fd6a9bc5f15da72cfdecea977f92766e62e54e1e7dca"",""version_id"":""9277dad4-2550-43ed-bf65-01dfb5936881"",""phase_epoch"":4}"
0bbdd732-1a7a-4360-8f05-5bb9f0d50773,vgg16,sgd,base,5,5,train_execution_records,artifact,5,2026-10-04T00:23:12.545483+00:00,db46e0de-a1bb-4690-a2aa-d5612ee417ad,/Users/julio/Desktop/Archivo/Magister UAI/Capstone MIA 2025 2/Desarrollo/SW/capstone/malaria_dl_local_project/outputs/campaign_runs/0bbdd732-1a7a-4360-8f05-5bb9f0d50773/epoch_5.keras,63161620,35b95fd26022fb2a627e7d11b5b923f164f0bfcfcccc58fffa5aa866d12c09a0,False,,,,"{""path"":""/Users/julio/Desktop/Archivo/Magister UAI/Capstone MIA 2025 2/Desarrollo/SW/capstone/malaria_dl_local_project/outputs/campaign_runs/0bbdd732-1a7a-4360-8f05-5bb9f0d50773/epoch_5.keras"",""bytes"":63161620,""epoch"":5,""phase"":""base"",""run_id"":""0bbdd732-1a7a-4360-8f05-5bb9f0d50773"",""sha256"":""35b95fd26022fb2a627e7d11b5b923f164f0bfcfcccc58fffa5aa866d12c09a0"",""version_id"":""db46e0de-a1bb-4690-a2aa-d5612ee417ad"",""phase_epoch"":5}"
0bbdd732-1a7a-4360-8f05-5bb9f0d50773,vgg16,sgd,base,6,6,train_execution_records,artifact,6,2026-10-04T00:35:23.278649+00:00,fe131ffc-d959-4f4c-bb91-50124e0a36e8,/Users/julio/Desktop/Archivo/Magister UAI/Capstone MIA 2025 2/Desarrollo/SW/capstone/malaria_dl_local_project/outputs/campaign_runs/0bbdd732-1a7a-4360-8f05-5bb9f0d50773/epoch_6.keras,63161620,7790ab012f07949c49540b1219448537e6299076359fa812c8c14dbd9f903551,False,,,,"{""path"":""/Users/julio/Desktop/Archivo/Magister UAI/Capstone MIA 2025 2/Desarrollo/SW/capstone/malaria_dl_local_project/outputs/campaign_runs/0bbdd732-1a7a-4360-8f05-5bb9f0d50773/epoch_6.keras"",""bytes"":63161620,""epoch"":6,""phase"":""base"",""run_id"":""0bbdd732-1a7a-4360-8f05-5bb9f0d50773"",""sha256"":""7790ab012f07949c49540b1219448537e6299076359fa812c8c14dbd9f903551"",""version_id"":""fe131ffc-d959-4f4c-bb91-50124e0a36e8"",""phase_epoch"":6}"
0bbdd732-1a7a-4360-8f05-5bb9f0d50773,vgg16,sgd,base,7,7,train_execution_records,artifact,7,2026-10-04T00:47:30.657115+00:00,6077e0f3-cb8e-4c0c-a691-99f5e668e18b,/Users/julio/Desktop/Archivo/Magister UAI/Capstone MIA 2025 2/Desarrollo/SW/capstone/malaria_dl_local_project/outputs/campaign_runs/0bbdd732-1a7a-4360-8f05-5bb9f0d50773/epoch_7.keras,63161620,49fac7dfecaabb5a70864ea87b0fe51d1bf64fa66bafe43a8f35a2c6bdb4c542,False,,,,"{""path"":""/Users/julio/Desktop/Archivo/Magister UAI/Capstone MIA 2025 2/Desarrollo/SW/capstone/malaria_dl_local_project/outputs/campaign_runs/0bbdd732-1a7a-4360-8f05-5bb9f0d50773/epoch_7.keras"",""bytes"":63161620,""epoch"":7,""phase"":""base"",""run_id"":""0bbdd732-1a7a-4360-8f05-5bb9f0d50773"",""sha256"":""49fac7dfecaabb5a70864ea87b0fe51d1bf64fa66bafe43a8f35a2c6bdb4c542"",""version_id"":""6077e0f3-cb8e-4c0c-a691-99f5e668e18b"",""phase_epoch"":7}"
0bbdd732-1a7a-4360-8f05-5bb9f0d50773,vgg16,sgd,base,8,8,train_execution_records,artifact,8,2026-10-04T00:59:43.045442+00:00,e4240803-5b9c-45f8-9a2b-546403e610bb,/Users/julio/Desktop/Archivo/Magister UAI/Capstone MIA 2025 2/Desarrollo/SW/capstone/malaria_dl_local_project/outputs/campaign_runs/0bbdd732-1a7a-4360-8f05-5bb9f0d50773/epoch_8.keras,63161620,669eefcde5af7144c441baceee4d706d9fca8c6525a9c39911fb22aa83581993,False,,,,"{""path"":""/Users/julio/Desktop/Archivo/Magister UAI/Capstone MIA 2025 2/Desarrollo/SW/capstone/malaria_dl_local_project/outputs/campaign_runs/0bbdd732-1a7a-4360-8f05-5bb9f0d50773/epoch_8.keras"",""bytes"":63161620,""epoch"":8,""phase"":""base"",""run_id"":""0bbdd732-1a7a-4360-8f05-5bb9f0d50773"",""sha256"":""669eefcde5af7144c441baceee4d706d9fca8c6525a9c39911fb22aa83581993"",""version_id"":""e4240803-5b9c-45f8-9a2b-546403e610bb"",""phase_epoch"":8}"
0bbdd732-1a7a-4360-8f05-5bb9f0d50773,vgg16,sgd,base,9,9,train_execution_records,artifact,9,2026-10-04T01:11:49.999737+00:00,dd5ad9ec-8f4d-4388-b8f6-6b3838d0f85c,/Users/julio/Desktop/Archivo/Magister UAI/Capstone MIA 2025 2/Desarrollo/SW/capstone/malaria_dl_local_project/outputs/campaign_runs/0bbdd732-1a7a-4360-8f05-5bb9f0d50773/epoch_9.keras,63161620,bff8ddf9ea6babcaac6776b6b5ceae9b466c8fea7a5e011103c55737a5f67e0a,False,,,,"{""path"":""/Users/julio/Desktop/Archivo/Magister UAI/Capstone MIA 2025 2/Desarrollo/SW/capstone/malaria_dl_local_project/outputs/campaign_runs/0bbdd732-1a7a-4360-8f05-5bb9f0d50773/epoch_9.keras"",""bytes"":63161620,""epoch"":9,""phase"":""base"",""run_id"":""0bbdd732-1a7a-4360-8f05-5bb9f0d50773"",""sha256"":""bff8ddf9ea6babcaac6776b6b5ceae9b466c8fea7a5e011103c55737a5f67e0a"",""version_id"":""dd5ad9ec-8f4d-4388-b8f6-6b3838d0f85c"",""phase_epoch"":9}"
0bbdd732-1a7a-4360-8f05-5bb9f0d50773,vgg16,sgd,base,10,10,train_execution_records,artifact,10,2026-10-04T01:23:38.749985+00:00,45e47c35-ff25-4eec-9663-956c72aab1f5,/Users/julio/Desktop/Archivo/Magister UAI/Capstone MIA 2025 2/Desarrollo/SW/capstone/malaria_dl_local_project/outputs/campaign_runs/0bbdd732-1a7a-4360-8f05-5bb9f0d50773/epoch_10.keras,63161620,eab73e4b3906a67110609fa3696f3c6421ab9f8dc576bcb19ab11b848b1747ac,False,,,,"{""path"":""/Users/julio/Desktop/Archivo/Magister UAI/Capstone MIA 2025 2/Desarrollo/SW/capstone/malaria_dl_local_project/outputs/campaign_runs/0bbdd732-1a7a-4360-8f05-5bb9f0d50773/epoch_10.keras"",""bytes"":63161620,""epoch"":10,""phase"":""base"",""run_id"":""0bbdd732-1a7a-4360-8f05-5bb9f0d50773"",""sha256"":""eab73e4b3906a67110609fa3696f3c6421ab9f8dc576bcb19ab11b848b1747ac"",""version_id"":""45e47c35-ff25-4eec-9663-956c72aab1f5"",""phase_epoch"":10}"
0bbdd732-1a7a-4360-8f05-5bb9f0d50773,vgg16,sgd,base,11,11,train_execution_records,artifact,11,2026-10-04T01:35:31.195483+00:00,02655b06-9182-48d2-b960-4a843a67bb28,/Users/julio/Desktop/Archivo/Magister UAI/Capstone MIA 2025 2/Desarrollo/SW/capstone/malaria_dl_local_project/outputs/campaign_runs/0bbdd732-1a7a-4360-8f05-5bb9f0d50773/epoch_11.keras,63161620,6a97e3b35fa6e889ead2b6d5300dce2b636739d7ac4d9d865a22e1cf202c8f6f,False,,,,"{""path"":""/Users/julio/Desktop/Archivo/Magister UAI/Capstone MIA 2025 2/Desarrollo/SW/capstone/malaria_dl_local_project/outputs/campaign_runs/0bbdd732-1a7a-4360-8f05-5bb9f0d50773/epoch_11.keras"",""bytes"":63161620,""epoch"":11,""phase"":""base"",""run_id"":""0bbdd732-1a7a-4360-8f05-5bb9f0d50773"",""sha256"":""6a97e3b35fa6e889ead2b6d5300dce2b636739d7ac4d9d865a22e1cf202c8f6f"",""version_id"":""02655b06-9182-48d2-b960-4a843a67bb28"",""phase_epoch"":11}"
0bbdd732-1a7a-4360-8f05-5bb9f0d50773,vgg16,sgd,base,12,12,train_execution_records,artifact,12,2026-10-04T01:47:22.728656+00:00,6bd07123-b45b-4645-9e31-b62ef5a56cc2,/Users/julio/Desktop/Archivo/Magister UAI/Capstone MIA 2025 2/Desarrollo/SW/capstone/malaria_dl_local_project/outputs/campaign_runs/0bbdd732-1a7a-4360-8f05-5bb9f0d50773/epoch_12.keras,63161620,25d19145851b13acbd633711c48346d159303413ffd733a8255139dc3b7dc4c3,False,,,,"{""path"":""/Users/julio/Desktop/Archivo/Magister UAI/Capstone MIA 2025 2/Desarrollo/SW/capstone/malaria_dl_local_project/outputs/campaign_runs/0bbdd732-1a7a-4360-8f05-5bb9f0d50773/epoch_12.keras"",""bytes"":63161620,""epoch"":12,""phase"":""base"",""run_id"":""0bbdd732-1a7a-4360-8f05-5bb9f0d50773"",""sha256"":""25d19145851b13acbd633711c48346d159303413ffd733a8255139dc3b7dc4c3"",""version_id"":""6bd07123-b45b-4645-9e31-b62ef5a56cc2"",""phase_epoch"":12}"
0bbdd732-1a7a-4360-8f05-5bb9f0d50773,vgg16,sgd,base,13,13,train_execution_records,artifact,13,2026-10-04T01:59:09.678958+00:00,006ba88b-4458-42f4-8683-d3bdbe18227f,/Users/julio/Desktop/Archivo/Magister UAI/Capstone MIA 2025 2/Desarrollo/SW/capstone/malaria_dl_local_project/outputs/campaign_runs/0bbdd732-1a7a-4360-8f05-5bb9f0d50773/epoch_13.keras,63161620,56b4701c30a97da25b2a59934bf2e841e441028a6215ca649ee30070b2f7ae42,False,,,,"{""path"":""/Users/julio/Desktop/Archivo/Magister UAI/Capstone MIA 2025 2/Desarrollo/SW/capstone/malaria_dl_local_project/outputs/campaign_runs/0bbdd732-1a7a-4360-8f05-5bb9f0d50773/epoch_13.keras"",""bytes"":63161620,""epoch"":13,""phase"":""base"",""run_id"":""0bbdd732-1a7a-4360-8f05-5bb9f0d50773"",""sha256"":""56b4701c30a97da25b2a59934bf2e841e441028a6215ca649ee30070b2f7ae42"",""version_id"":""006ba88b-4458-42f4-8683-d3bdbe18227f"",""phase_epoch"":13}"
0bbdd732-1a7a-4360-8f05-5bb9f0d50773,vgg16,sgd,fine_tuning,14,1,train_execution_records,artifact,1,2026-10-04T02:12:24.702394+00:00,75422688-fb22-4729-8bd1-48ff503a8ad9,/Users/julio/Desktop/Archivo/Magister UAI/Capstone MIA 2025 2/Desarrollo/SW/capstone/malaria_dl_local_project/outputs/campaign_runs/0bbdd732-1a7a-4360-8f05-5bb9f0d50773/epoch_14.keras,91481450,16abd3595f93fe3ba9f01f8bd6b90c2a2c3233453034b1062beb8184dcbec9f4,False,,,,"{""path"":""/Users/julio/Desktop/Archivo/Magister UAI/Capstone MIA 2025 2/Desarrollo/SW/capstone/malaria_dl_local_project/outputs/campaign_runs/0bbdd732-1a7a-4360-8f05-5bb9f0d50773/epoch_14.keras"",""bytes"":91481450,""epoch"":14,""phase"":""fine_tuning"",""run_id"":""0bbdd732-1a7a-4360-8f05-5bb9f0d50773"",""sha256"":""16abd3595f93fe3ba9f01f8bd6b90c2a2c3233453034b1062beb8184dcbec9f4"",""version_id"":""75422688-fb22-4729-8bd1-48ff503a8ad9"",""phase_epoch"":1}"
0bbdd732-1a7a-4360-8f05-5bb9f0d50773,vgg16,sgd,fine_tuning,15,2,train_execution_records,artifact,2,2026-10-04T02:25:41.347379+00:00,98ecd7d9-1a61-48ae-88f5-01107c5902a2,/Users/julio/Desktop/Archivo/Magister UAI/Capstone MIA 2025 2/Desarrollo/SW/capstone/malaria_dl_local_project/outputs/campaign_runs/0bbdd732-1a7a-4360-8f05-5bb9f0d50773/epoch_15.keras,91481450,0d30bca48957c1d1c61ddd93ca341d3af1fe14d331042ad5ead9f4f9a8892031,False,,,,"{""path"":""/Users/julio/Desktop/Archivo/Magister UAI/Capstone MIA 2025 2/Desarrollo/SW/capstone/malaria_dl_local_project/outputs/campaign_runs/0bbdd732-1a7a-4360-8f05-5bb9f0d50773/epoch_15.keras"",""bytes"":91481450,""epoch"":15,""phase"":""fine_tuning"",""run_id"":""0bbdd732-1a7a-4360-8f05-5bb9f0d50773"",""sha256"":""0d30bca48957c1d1c61ddd93ca341d3af1fe14d331042ad5ead9f4f9a8892031"",""version_id"":""98ecd7d9-1a61-48ae-88f5-01107c5902a2"",""phase_epoch"":2}"
0bbdd732-1a7a-4360-8f05-5bb9f0d50773,vgg16,sgd,fine_tuning,16,3,train_execution_records,artifact,3,2026-10-04T02:38:57.548971+00:00,e202c1fc-089a-4650-9f42-a93a467b61f2,/Users/julio/Desktop/Archivo/Magister UAI/Capstone MIA 2025 2/Desarrollo/SW/capstone/malaria_dl_local_project/outputs/campaign_runs/0bbdd732-1a7a-4360-8f05-5bb9f0d50773/epoch_16.keras,91481450,e421ea85dbee61c04055e29906c8e1e933e813d2d74f14ce872047099c29af24,False,,,,"{""path"":""/Users/julio/Desktop/Archivo/Magister UAI/Capstone MIA 2025 2/Desarrollo/SW/capstone/malaria_dl_local_project/outputs/campaign_runs/0bbdd732-1a7a-4360-8f05-5bb9f0d50773/epoch_16.keras"",""bytes"":91481450,""epoch"":16,""phase"":""fine_tuning"",""run_id"":""0bbdd732-1a7a-4360-8f05-5bb9f0d50773"",""sha256"":""e421ea85dbee61c04055e29906c8e1e933e813d2d74f14ce872047099c29af24"",""version_id"":""e202c1fc-089a-4650-9f42-a93a467b61f2"",""phase_epoch"":3}"
0bbdd732-1a7a-4360-8f05-5bb9f0d50773,vgg16,sgd,fine_tuning,17,4,train_execution_records,artifact,4,2026-10-04T02:52:13.584743+00:00,2a379099-1b1e-4ace-8a20-8931f5979179,/Users/julio/Desktop/Archivo/Magister UAI/Capstone MIA 2025 2/Desarrollo/SW/capstone/malaria_dl_local_project/outputs/campaign_runs/0bbdd732-1a7a-4360-8f05-5bb9f0d50773/epoch_17.keras,91481450,bf117adbcc73e1eed77deab0c21418cada32c795cf78d7797ea9f18d79886436,False,,,,"{""path"":""/Users/julio/Desktop/Archivo/Magister UAI/Capstone MIA 2025 2/Desarrollo/SW/capstone/malaria_dl_local_project/outputs/campaign_runs/0bbdd732-1a7a-4360-8f05-5bb9f0d50773/epoch_17.keras"",""bytes"":91481450,""epoch"":17,""phase"":""fine_tuning"",""run_id"":""0bbdd732-1a7a-4360-8f05-5bb9f0d50773"",""sha256"":""bf117adbcc73e1eed77deab0c21418cada32c795cf78d7797ea9f18d79886436"",""version_id"":""2a379099-1b1e-4ace-8a20-8931f5979179"",""phase_epoch"":4}"
0bbdd732-1a7a-4360-8f05-5bb9f0d50773,vgg16,sgd,fine_tuning,18,5,train_execution_records,artifact,5,2026-10-04T03:05:29.496382+00:00,9edeafc4-df8b-4852-8366-8d8a870c1afc,/Users/julio/Desktop/Archivo/Magister UAI/Capstone MIA 2025 2/Desarrollo/SW/capstone/malaria_dl_local_project/outputs/campaign_runs/0bbdd732-1a7a-4360-8f05-5bb9f0d50773/epoch_18.keras,91481450,0f507ad4a8aca769142d6d91c3f5601eef2daa348812eb153ddf9ccb065ff70e,False,,,,"{""path"":""/Users/julio/Desktop/Archivo/Magister UAI/Capstone MIA 2025 2/Desarrollo/SW/capstone/malaria_dl_local_project/outputs/campaign_runs/0bbdd732-1a7a-4360-8f05-5bb9f0d50773/epoch_18.keras"",""bytes"":91481450,""epoch"":18,""phase"":""fine_tuning"",""run_id"":""0bbdd732-1a7a-4360-8f05-5bb9f0d50773"",""sha256"":""0f507ad4a8aca769142d6d91c3f5601eef2daa348812eb153ddf9ccb065ff70e"",""version_id"":""9edeafc4-df8b-4852-8366-8d8a870c1afc"",""phase_epoch"":5}"
0bbdd732-1a7a-4360-8f05-5bb9f0d50773,vgg16,sgd,fine_tuning,19,6,train_execution_records,artifact,6,2026-10-04T03:18:45.310578+00:00,4de3fbea-825f-4f8f-b398-7d9aae819a51,/Users/julio/Desktop/Archivo/Magister UAI/Capstone MIA 2025 2/Desarrollo/SW/capstone/malaria_dl_local_project/outputs/campaign_runs/0bbdd732-1a7a-4360-8f05-5bb9f0d50773/epoch_19.keras,91481450,f4f985a7d45b01c876f62113b91d6250eff566988c48c9c1b3b653062b9e4d68,False,,,,"{""path"":""/Users/julio/Desktop/Archivo/Magister UAI/Capstone MIA 2025 2/Desarrollo/SW/capstone/malaria_dl_local_project/outputs/campaign_runs/0bbdd732-1a7a-4360-8f05-5bb9f0d50773/epoch_19.keras"",""bytes"":91481450,""epoch"":19,""phase"":""fine_tuning"",""run_id"":""0bbdd732-1a7a-4360-8f05-5bb9f0d50773"",""sha256"":""f4f985a7d45b01c876f62113b91d6250eff566988c48c9c1b3b653062b9e4d68"",""version_id"":""4de3fbea-825f-4f8f-b398-7d9aae819a51"",""phase_epoch"":6}"
0bbdd732-1a7a-4360-8f05-5bb9f0d50773,vgg16,sgd,fine_tuning,20,7,train_execution_records,artifact,7,2026-10-04T03:32:00.957651+00:00,9ab16d91-4b9d-4c7b-9cb1-a43972c30192,/Users/julio/Desktop/Archivo/Magister UAI/Capstone MIA 2025 2/Desarrollo/SW/capstone/malaria_dl_local_project/outputs/campaign_runs/0bbdd732-1a7a-4360-8f05-5bb9f0d50773/epoch_20.keras,91481450,79bb07098277aabff70a0ba53a9b1ab60f1f624396be3a01e5322cb715338217,False,,,,"{""path"":""/Users/julio/Desktop/Archivo/Magister UAI/Capstone MIA 2025 2/Desarrollo/SW/capstone/malaria_dl_local_project/outputs/campaign_runs/0bbdd732-1a7a-4360-8f05-5bb9f0d50773/epoch_20.keras"",""bytes"":91481450,""epoch"":20,""phase"":""fine_tuning"",""run_id"":""0bbdd732-1a7a-4360-8f05-5bb9f0d50773"",""sha256"":""79bb07098277aabff70a0ba53a9b1ab60f1f624396be3a01e5322cb715338217"",""version_id"":""9ab16d91-4b9d-4c7b-9cb1-a43972c30192"",""phase_epoch"":7}"
0bbdd732-1a7a-4360-8f05-5bb9f0d50773,vgg16,sgd,fine_tuning,21,8,train_execution_records,artifact,8,2026-10-04T03:45:16.536728+00:00,f6746b30-d16e-4f27-b0b7-d9c840b4f834,/Users/julio/Desktop/Archivo/Magister UAI/Capstone MIA 2025 2/Desarrollo/SW/capstone/malaria_dl_local_project/outputs/campaign_runs/0bbdd732-1a7a-4360-8f05-5bb9f0d50773/epoch_21.keras,91481450,0c919839f47066abaafefecf35435c4784269cc2f6eab102f05293ec9e2997b9,False,,,,"{""path"":""/Users/julio/Desktop/Archivo/Magister UAI/Capstone MIA 2025 2/Desarrollo/SW/capstone/malaria_dl_local_project/outputs/campaign_runs/0bbdd732-1a7a-4360-8f05-5bb9f0d50773/epoch_21.keras"",""bytes"":91481450,""epoch"":21,""phase"":""fine_tuning"",""run_id"":""0bbdd732-1a7a-4360-8f05-5bb9f0d50773"",""sha256"":""0c919839f47066abaafefecf35435c4784269cc2f6eab102f05293ec9e2997b9"",""version_id"":""f6746b30-d16e-4f27-b0b7-d9c840b4f834"",""phase_epoch"":8}"
0bbdd732-1a7a-4360-8f05-5bb9f0d50773,vgg16,sgd,fine_tuning,22,9,train_execution_records,artifact,9,2026-10-04T03:58:31.861879+00:00,64acf65a-897f-4d6d-9e0f-a6a949469623,/Users/julio/Desktop/Archivo/Magister UAI/Capstone MIA 2025 2/Desarrollo/SW/capstone/malaria_dl_local_project/outputs/campaign_runs/0bbdd732-1a7a-4360-8f05-5bb9f0d50773/epoch_22.keras,91481450,9a5f182100a384c0622de3e1cb81c32b8aad36ce33c659e60f4e9327105cd91d,False,,,,"{""path"":""/Users/julio/Desktop/Archivo/Magister UAI/Capstone MIA 2025 2/Desarrollo/SW/capstone/malaria_dl_local_project/outputs/campaign_runs/0bbdd732-1a7a-4360-8f05-5bb9f0d50773/epoch_22.keras"",""bytes"":91481450,""epoch"":22,""phase"":""fine_tuning"",""run_id"":""0bbdd732-1a7a-4360-8f05-5bb9f0d50773"",""sha256"":""9a5f182100a384c0622de3e1cb81c32b8aad36ce33c659e60f4e9327105cd91d"",""version_id"":""64acf65a-897f-4d6d-9e0f-a6a949469623"",""phase_epoch"":9}"
0bbdd732-1a7a-4360-8f05-5bb9f0d50773,vgg16,sgd,fine_tuning,23,10,train_execution_records,artifact,10,2026-10-04T04:11:46.897378+00:00,fc53bb7b-9830-446b-ba02-9c1295a20f41,/Users/julio/Desktop/Archivo/Magister UAI/Capstone MIA 2025 2/Desarrollo/SW/capstone/malaria_dl_local_project/outputs/campaign_runs/0bbdd732-1a7a-4360-8f05-5bb9f0d50773/epoch_23.keras,91481450,c3046d7ab5a9dc5f304d5c86582adb318c466b25c38345f718ac7fd048e2472e,False,,,,"{""path"":""/Users/julio/Desktop/Archivo/Magister UAI/Capstone MIA 2025 2/Desarrollo/SW/capstone/malaria_dl_local_project/outputs/campaign_runs/0bbdd732-1a7a-4360-8f05-5bb9f0d50773/epoch_23.keras"",""bytes"":91481450,""epoch"":23,""phase"":""fine_tuning"",""run_id"":""0bbdd732-1a7a-4360-8f05-5bb9f0d50773"",""sha256"":""c3046d7ab5a9dc5f304d5c86582adb318c466b25c38345f718ac7fd048e2472e"",""version_id"":""fc53bb7b-9830-446b-ba02-9c1295a20f41"",""phase_epoch"":10}"
0bbdd732-1a7a-4360-8f05-5bb9f0d50773,vgg16,sgd,fine_tuning,24,11,train_execution_records,artifact,11,2026-10-04T04:25:01.577318+00:00,a902d14c-0fa5-46c2-98da-f8fe196af0ec,/Users/julio/Desktop/Archivo/Magister UAI/Capstone MIA 2025 2/Desarrollo/SW/capstone/malaria_dl_local_project/outputs/campaign_runs/0bbdd732-1a7a-4360-8f05-5bb9f0d50773/epoch_24.keras,91481450,07dbff1dc66e3dd485d5b53548f7310016fbd356b822fd1a802aef0795b15d47,False,,,,"{""path"":""/Users/julio/Desktop/Archivo/Magister UAI/Capstone MIA 2025 2/Desarrollo/SW/capstone/malaria_dl_local_project/outputs/campaign_runs/0bbdd732-1a7a-4360-8f05-5bb9f0d50773/epoch_24.keras"",""bytes"":91481450,""epoch"":24,""phase"":""fine_tuning"",""run_id"":""0bbdd732-1a7a-4360-8f05-5bb9f0d50773"",""sha256"":""07dbff1dc66e3dd485d5b53548f7310016fbd356b822fd1a802aef0795b15d47"",""version_id"":""a902d14c-0fa5-46c2-98da-f8fe196af0ec"",""phase_epoch"":11}"
0bbdd732-1a7a-4360-8f05-5bb9f0d50773,vgg16,sgd,fine_tuning,25,12,train_execution_records,artifact,12,2026-10-04T04:38:15.953373+00:00,3abdb5f9-d860-4eda-8091-9b4e0ba4d39d,/Users/julio/Desktop/Archivo/Magister UAI/Capstone MIA 2025 2/Desarrollo/SW/capstone/malaria_dl_local_project/outputs/campaign_runs/0bbdd732-1a7a-4360-8f05-5bb9f0d50773/epoch_25.keras,91481450,e89c1cee5b96e065d590b8a5b31844ca2c9b6c60fc539d484ce11ea12b0bf290,False,,,,"{""path"":""/Users/julio/Desktop/Archivo/Magister UAI/Capstone MIA 2025 2/Desarrollo/SW/capstone/malaria_dl_local_project/outputs/campaign_runs/0bbdd732-1a7a-4360-8f05-5bb9f0d50773/epoch_25.keras"",""bytes"":91481450,""epoch"":25,""phase"":""fine_tuning"",""run_id"":""0bbdd732-1a7a-4360-8f05-5bb9f0d50773"",""sha256"":""e89c1cee5b96e065d590b8a5b31844ca2c9b6c60fc539d484ce11ea12b0bf290"",""version_id"":""3abdb5f9-d860-4eda-8091-9b4e0ba4d39d"",""phase_epoch"":12}"
0bbdd732-1a7a-4360-8f05-5bb9f0d50773,vgg16,sgd,fine_tuning,26,13,train_execution_records,artifact,13,2026-10-04T04:51:21.595501+00:00,f8440d56-2356-41b4-b9ef-46066f6e8681,/Users/julio/Desktop/Archivo/Magister UAI/Capstone MIA 2025 2/Desarrollo/SW/capstone/malaria_dl_local_project/outputs/campaign_runs/0bbdd732-1a7a-4360-8f05-5bb9f0d50773/epoch_26.keras,91481450,4b9d208e7bed7e34e077fdda935eab4bdd9820a6afb03beffdf44e8febbb43fd,False,,,,"{""path"":""/Users/julio/Desktop/Archivo/Magister UAI/Capstone MIA 2025 2/Desarrollo/SW/capstone/malaria_dl_local_project/outputs/campaign_runs/0bbdd732-1a7a-4360-8f05-5bb9f0d50773/epoch_26.keras"",""bytes"":91481450,""epoch"":26,""phase"":""fine_tuning"",""run_id"":""0bbdd732-1a7a-4360-8f05-5bb9f0d50773"",""sha256"":""4b9d208e7bed7e34e077fdda935eab4bdd9820a6afb03beffdf44e8febbb43fd"",""version_id"":""f8440d56-2356-41b4-b9ef-46066f6e8681"",""phase_epoch"":13}"
0bbdd732-1a7a-4360-8f05-5bb9f0d50773,vgg16,sgd,fine_tuning,27,14,train_execution_records,artifact,14,2026-10-04T05:04:22.752784+00:00,0a77c009-2b01-409c-991a-7be44fd2af38,/Users/julio/Desktop/Archivo/Magister UAI/Capstone MIA 2025 2/Desarrollo/SW/capstone/malaria_dl_local_project/outputs/campaign_runs/0bbdd732-1a7a-4360-8f05-5bb9f0d50773/epoch_27.keras,91481450,afe120a04ed57e7742ed7275056fc1b8b28b890237f506afa1777c079a10545a,False,,,,"{""path"":""/Users/julio/Desktop/Archivo/Magister UAI/Capstone MIA 2025 2/Desarrollo/SW/capstone/malaria_dl_local_project/outputs/campaign_runs/0bbdd732-1a7a-4360-8f05-5bb9f0d50773/epoch_27.keras"",""bytes"":91481450,""epoch"":27,""phase"":""fine_tuning"",""run_id"":""0bbdd732-1a7a-4360-8f05-5bb9f0d50773"",""sha256"":""afe120a04ed57e7742ed7275056fc1b8b28b890237f506afa1777c079a10545a"",""version_id"":""0a77c009-2b01-409c-991a-7be44fd2af38"",""phase_epoch"":14}"
1cc25957-2804-47fa-b84e-4888264147c3,vgg16,adam,base,1,1,train_execution_records,artifact,1,2026-10-03T12:12:11.816582+00:00,e4d21729-8ead-4df1-830a-d761093f854e,/Users/julio/Desktop/Archivo/Magister UAI/Capstone MIA 2025 2/Desarrollo/SW/capstone/malaria_dl_local_project/outputs/campaign_runs/1cc25957-2804-47fa-b84e-4888264147c3/epoch_1.keras,65268594,8b0d52f83f42faba43c2ab736243ca3eccf36e57d571317df5eda10bd29f261d,False,,,,"{""path"":""/Users/julio/Desktop/Archivo/Magister UAI/Capstone MIA 2025 2/Desarrollo/SW/capstone/malaria_dl_local_project/outputs/campaign_runs/1cc25957-2804-47fa-b84e-4888264147c3/epoch_1.keras"",""bytes"":65268594,""epoch"":1,""phase"":""base"",""run_id"":""1cc25957-2804-47fa-b84e-4888264147c3"",""sha256"":""8b0d52f83f42faba43c2ab736243ca3eccf36e57d571317df5eda10bd29f261d"",""version_id"":""e4d21729-8ead-4df1-830a-d761093f854e"",""phase_epoch"":1}"
1cc25957-2804-47fa-b84e-4888264147c3,vgg16,adam,base,2,2,train_execution_records,artifact,2,2026-10-03T12:24:13.774884+00:00,7ecfc22c-7d90-4a97-87c5-d94b633515f0,/Users/julio/Desktop/Archivo/Magister UAI/Capstone MIA 2025 2/Desarrollo/SW/capstone/malaria_dl_local_project/outputs/campaign_runs/1cc25957-2804-47fa-b84e-4888264147c3/epoch_2.keras,65268594,340f440231f42195d4c65a3a0dd4e4e81adaf2d78ef55aa8d62abbae1c5ec3ab,False,,,,"{""path"":""/Users/julio/Desktop/Archivo/Magister UAI/Capstone MIA 2025 2/Desarrollo/SW/capstone/malaria_dl_local_project/outputs/campaign_runs/1cc25957-2804-47fa-b84e-4888264147c3/epoch_2.keras"",""bytes"":65268594,""epoch"":2,""phase"":""base"",""run_id"":""1cc25957-2804-47fa-b84e-4888264147c3"",""sha256"":""340f440231f42195d4c65a3a0dd4e4e81adaf2d78ef55aa8d62abbae1c5ec3ab"",""version_id"":""7ecfc22c-7d90-4a97-87c5-d94b633515f0"",""phase_epoch"":2}"
1cc25957-2804-47fa-b84e-4888264147c3,vgg16,adam,base,3,3,train_execution_records,artifact,3,2026-10-03T12:36:16.060709+00:00,97a17c2b-12e3-4320-9508-ba9ec7b073d2,/Users/julio/Desktop/Archivo/Magister UAI/Capstone MIA 2025 2/Desarrollo/SW/capstone/malaria_dl_local_project/outputs/campaign_runs/1cc25957-2804-47fa-b84e-4888264147c3/epoch_3.keras,65268594,84de8d1c9d9e75a50c158c15b150368fac21d8067f369cd6ee236179bade89a3,False,,,,"{""path"":""/Users/julio/Desktop/Archivo/Magister UAI/Capstone MIA 2025 2/Desarrollo/SW/capstone/malaria_dl_local_project/outputs/campaign_runs/1cc25957-2804-47fa-b84e-4888264147c3/epoch_3.keras"",""bytes"":65268594,""epoch"":3,""phase"":""base"",""run_id"":""1cc25957-2804-47fa-b84e-4888264147c3"",""sha256"":""84de8d1c9d9e75a50c158c15b150368fac21d8067f369cd6ee236179bade89a3"",""version_id"":""97a17c2b-12e3-4320-9508-ba9ec7b073d2"",""phase_epoch"":3}"
1cc25957-2804-47fa-b84e-4888264147c3,vgg16,adam,base,4,4,train_execution_records,artifact,4,2026-10-03T12:48:17.118621+00:00,6fd56c95-66fb-483e-97be-83323d16d5eb,/Users/julio/Desktop/Archivo/Magister UAI/Capstone MIA 2025 2/Desarrollo/SW/capstone/malaria_dl_local_project/outputs/campaign_runs/1cc25957-2804-47fa-b84e-4888264147c3/epoch_4.keras,65268594,b0af4ba620869da39e30f612cab1b7b4f4d75a9df4e6d0ae87d1a1c0ed627408,False,,,,"{""path"":""/Users/julio/Desktop/Archivo/Magister UAI/Capstone MIA 2025 2/Desarrollo/SW/capstone/malaria_dl_local_project/outputs/campaign_runs/1cc25957-2804-47fa-b84e-4888264147c3/epoch_4.keras"",""bytes"":65268594,""epoch"":4,""phase"":""base"",""run_id"":""1cc25957-2804-47fa-b84e-4888264147c3"",""sha256"":""b0af4ba620869da39e30f612cab1b7b4f4d75a9df4e6d0ae87d1a1c0ed627408"",""version_id"":""6fd56c95-66fb-483e-97be-83323d16d5eb"",""phase_epoch"":4}"
1cc25957-2804-47fa-b84e-4888264147c3,vgg16,adam,base,5,5,train_execution_records,artifact,5,2026-10-03T13:00:20.200613+00:00,4931726c-7ea3-4af4-94ae-8fe8e627cf30,/Users/julio/Desktop/Archivo/Magister UAI/Capstone MIA 2025 2/Desarrollo/SW/capstone/malaria_dl_local_project/outputs/campaign_runs/1cc25957-2804-47fa-b84e-4888264147c3/epoch_5.keras,65268594,fde2e02b839fc68d8a1edb3ba41d820bd6a2c70ea9f4444c6f2dda7cf9188edf,False,,,,"{""path"":""/Users/julio/Desktop/Archivo/Magister UAI/Capstone MIA 2025 2/Desarrollo/SW/capstone/malaria_dl_local_project/outputs/campaign_runs/1cc25957-2804-47fa-b84e-4888264147c3/epoch_5.keras"",""bytes"":65268594,""epoch"":5,""phase"":""base"",""run_id"":""1cc25957-2804-47fa-b84e-4888264147c3"",""sha256"":""fde2e02b839fc68d8a1edb3ba41d820bd6a2c70ea9f4444c6f2dda7cf9188edf"",""version_id"":""4931726c-7ea3-4af4-94ae-8fe8e627cf30"",""phase_epoch"":5}"
1cc25957-2804-47fa-b84e-4888264147c3,vgg16,adam,base,6,6,train_execution_records,artifact,6,2026-10-03T13:12:35.558879+00:00,083b403c-7252-4b2a-a8d9-e0febae77ffe,/Users/julio/Desktop/Archivo/Magister UAI/Capstone MIA 2025 2/Desarrollo/SW/capstone/malaria_dl_local_project/outputs/campaign_runs/1cc25957-2804-47fa-b84e-4888264147c3/epoch_6.keras,65268594,997961c209315195c370bf05d2e1961c589ed02429829ee76afe3084ef90f2f2,False,,,,"{""path"":""/Users/julio/Desktop/Archivo/Magister UAI/Capstone MIA 2025 2/Desarrollo/SW/capstone/malaria_dl_local_project/outputs/campaign_runs/1cc25957-2804-47fa-b84e-4888264147c3/epoch_6.keras"",""bytes"":65268594,""epoch"":6,""phase"":""base"",""run_id"":""1cc25957-2804-47fa-b84e-4888264147c3"",""sha256"":""997961c209315195c370bf05d2e1961c589ed02429829ee76afe3084ef90f2f2"",""version_id"":""083b403c-7252-4b2a-a8d9-e0febae77ffe"",""phase_epoch"":6}"
1cc25957-2804-47fa-b84e-4888264147c3,vgg16,adam,base,7,7,train_execution_records,artifact,7,2026-10-03T13:25:09.208014+00:00,9b9d8588-7b0f-4032-a7cd-1b734a62f829,/Users/julio/Desktop/Archivo/Magister UAI/Capstone MIA 2025 2/Desarrollo/SW/capstone/malaria_dl_local_project/outputs/campaign_runs/1cc25957-2804-47fa-b84e-4888264147c3/epoch_7.keras,65268594,7ea890b72551cefb922b3b944934cfa355008d9e65307c2a5301ce4ce5e2a755,False,,,,"{""path"":""/Users/julio/Desktop/Archivo/Magister UAI/Capstone MIA 2025 2/Desarrollo/SW/capstone/malaria_dl_local_project/outputs/campaign_runs/1cc25957-2804-47fa-b84e-4888264147c3/epoch_7.keras"",""bytes"":65268594,""epoch"":7,""phase"":""base"",""run_id"":""1cc25957-2804-47fa-b84e-4888264147c3"",""sha256"":""7ea890b72551cefb922b3b944934cfa355008d9e65307c2a5301ce4ce5e2a755"",""version_id"":""9b9d8588-7b0f-4032-a7cd-1b734a62f829"",""phase_epoch"":7}"
1cc25957-2804-47fa-b84e-4888264147c3,vgg16,adam,base,8,8,train_execution_records,artifact,8,2026-10-03T13:37:21.004467+00:00,93d810c5-5359-4f80-8dcd-86a543023481,/Users/julio/Desktop/Archivo/Magister UAI/Capstone MIA 2025 2/Desarrollo/SW/capstone/malaria_dl_local_project/outputs/campaign_runs/1cc25957-2804-47fa-b84e-4888264147c3/epoch_8.keras,65268594,64b43579ce666022c31367a1a23bce6e014b2231983fc65bc012b17a57141d24,False,,,,"{""path"":""/Users/julio/Desktop/Archivo/Magister UAI/Capstone MIA 2025 2/Desarrollo/SW/capstone/malaria_dl_local_project/outputs/campaign_runs/1cc25957-2804-47fa-b84e-4888264147c3/epoch_8.keras"",""bytes"":65268594,""epoch"":8,""phase"":""base"",""run_id"":""1cc25957-2804-47fa-b84e-4888264147c3"",""sha256"":""64b43579ce666022c31367a1a23bce6e014b2231983fc65bc012b17a57141d24"",""version_id"":""93d810c5-5359-4f80-8dcd-86a543023481"",""phase_epoch"":8}"
1cc25957-2804-47fa-b84e-4888264147c3,vgg16,adam,base,9,9,train_execution_records,artifact,9,2026-10-03T13:49:32.495682+00:00,7a21be05-4e46-433a-afc6-e4cff4aef171,/Users/julio/Desktop/Archivo/Magister UAI/Capstone MIA 2025 2/Desarrollo/SW/capstone/malaria_dl_local_project/outputs/campaign_runs/1cc25957-2804-47fa-b84e-4888264147c3/epoch_9.keras,65268594,49daf6856e386f30820060856bdd73c8b1eb709938134b19c6f2ba94920f288d,False,,,,"{""path"":""/Users/julio/Desktop/Archivo/Magister UAI/Capstone MIA 2025 2/Desarrollo/SW/capstone/malaria_dl_local_project/outputs/campaign_runs/1cc25957-2804-47fa-b84e-4888264147c3/epoch_9.keras"",""bytes"":65268594,""epoch"":9,""phase"":""base"",""run_id"":""1cc25957-2804-47fa-b84e-4888264147c3"",""sha256"":""49daf6856e386f30820060856bdd73c8b1eb709938134b19c6f2ba94920f288d"",""version_id"":""7a21be05-4e46-433a-afc6-e4cff4aef171"",""phase_epoch"":9}"
1cc25957-2804-47fa-b84e-4888264147c3,vgg16,adam,base,10,10,train_execution_records,artifact,10,2026-10-03T14:02:10.83942+00:00,4ce58f5a-62ed-45fb-9efa-e19033d8da7d,/Users/julio/Desktop/Archivo/Magister UAI/Capstone MIA 2025 2/Desarrollo/SW/capstone/malaria_dl_local_project/outputs/campaign_runs/1cc25957-2804-47fa-b84e-4888264147c3/epoch_10.keras,65268594,d14d5b73bf0d4c20127bd85633a9ac3351991236057d428a467fd8b978a53666,False,,,,"{""path"":""/Users/julio/Desktop/Archivo/Magister UAI/Capstone MIA 2025 2/Desarrollo/SW/capstone/malaria_dl_local_project/outputs/campaign_runs/1cc25957-2804-47fa-b84e-4888264147c3/epoch_10.keras"",""bytes"":65268594,""epoch"":10,""phase"":""base"",""run_id"":""1cc25957-2804-47fa-b84e-4888264147c3"",""sha256"":""d14d5b73bf0d4c20127bd85633a9ac3351991236057d428a467fd8b978a53666"",""version_id"":""4ce58f5a-62ed-45fb-9efa-e19033d8da7d"",""phase_epoch"":10}"
1cc25957-2804-47fa-b84e-4888264147c3,vgg16,adam,base,11,11,train_execution_records,artifact,11,2026-10-03T14:14:19.642148+00:00,88be87b3-611c-45a1-9af1-bfadc718aaba,/Users/julio/Desktop/Archivo/Magister UAI/Capstone MIA 2025 2/Desarrollo/SW/capstone/malaria_dl_local_project/outputs/campaign_runs/1cc25957-2804-47fa-b84e-4888264147c3/epoch_11.keras,65268594,1fa81ba467dbf180d951cdf5dcef8d2e0b5bbbd5ecaa161cac0817d25bdfd45f,False,,,,"{""path"":""/Users/julio/Desktop/Archivo/Magister UAI/Capstone MIA 2025 2/Desarrollo/SW/capstone/malaria_dl_local_project/outputs/campaign_runs/1cc25957-2804-47fa-b84e-4888264147c3/epoch_11.keras"",""bytes"":65268594,""epoch"":11,""phase"":""base"",""run_id"":""1cc25957-2804-47fa-b84e-4888264147c3"",""sha256"":""1fa81ba467dbf180d951cdf5dcef8d2e0b5bbbd5ecaa161cac0817d25bdfd45f"",""version_id"":""88be87b3-611c-45a1-9af1-bfadc718aaba"",""phase_epoch"":11}"
1cc25957-2804-47fa-b84e-4888264147c3,vgg16,adam,base,12,12,train_execution_records,artifact,12,2026-10-03T14:26:19.017238+00:00,c6e189ac-7d31-45a7-9556-e0e2a2ac25c9,/Users/julio/Desktop/Archivo/Magister UAI/Capstone MIA 2025 2/Desarrollo/SW/capstone/malaria_dl_local_project/outputs/campaign_runs/1cc25957-2804-47fa-b84e-4888264147c3/epoch_12.keras,65268594,e2ed986bf758a69f49ee9c3bfb9a87417c8fc4be1d556ae43f805c2ed549eb1d,False,,,,"{""path"":""/Users/julio/Desktop/Archivo/Magister UAI/Capstone MIA 2025 2/Desarrollo/SW/capstone/malaria_dl_local_project/outputs/campaign_runs/1cc25957-2804-47fa-b84e-4888264147c3/epoch_12.keras"",""bytes"":65268594,""epoch"":12,""phase"":""base"",""run_id"":""1cc25957-2804-47fa-b84e-4888264147c3"",""sha256"":""e2ed986bf758a69f49ee9c3bfb9a87417c8fc4be1d556ae43f805c2ed549eb1d"",""version_id"":""c6e189ac-7d31-45a7-9556-e0e2a2ac25c9"",""phase_epoch"":12}"
1cc25957-2804-47fa-b84e-4888264147c3,vgg16,adam,base,13,13,train_execution_records,artifact,13,2026-10-03T14:38:18.622213+00:00,5e471799-28a7-4242-b9b7-42040ae6ab67,/Users/julio/Desktop/Archivo/Magister UAI/Capstone MIA 2025 2/Desarrollo/SW/capstone/malaria_dl_local_project/outputs/campaign_runs/1cc25957-2804-47fa-b84e-4888264147c3/epoch_13.keras,65268594,240bbd730a289a0bb19905c4a7bd298a604ed939153d2bd018fb81cf3ad30d4d,False,,,,"{""path"":""/Users/julio/Desktop/Archivo/Magister UAI/Capstone MIA 2025 2/Desarrollo/SW/capstone/malaria_dl_local_project/outputs/campaign_runs/1cc25957-2804-47fa-b84e-4888264147c3/epoch_13.keras"",""bytes"":65268594,""epoch"":13,""phase"":""base"",""run_id"":""1cc25957-2804-47fa-b84e-4888264147c3"",""sha256"":""240bbd730a289a0bb19905c4a7bd298a604ed939153d2bd018fb81cf3ad30d4d"",""version_id"":""5e471799-28a7-4242-b9b7-42040ae6ab67"",""phase_epoch"":13}"
1cc25957-2804-47fa-b84e-4888264147c3,vgg16,adam,fine_tuning,14,1,train_execution_records,artifact,1,2026-10-03T14:51:40.217163+00:00,2cec5fd4-4322-4d22-b173-f25cab12d15d,/Users/julio/Desktop/Archivo/Magister UAI/Capstone MIA 2025 2/Desarrollo/SW/capstone/malaria_dl_local_project/outputs/campaign_runs/1cc25957-2804-47fa-b84e-4888264147c3/epoch_14.keras,121908256,dba5a9a8485a88d5aab3b5020d6a0562602092c2a64eb6baa6e510cbd33ee51f,True,77f75ce4-762a-5850-b0d2-8f39fa893525,available,"{""id"":""77f75ce4-762a-5850-b0d2-8f39fa893525"",""run_id"":""1cc25957-2804-47fa-b84e-4888264147c3"",""artifact_type"":""model_checkpoint"",""name"":""epoch_14.keras"",""path"":""/Users/julio/Desktop/Archivo/Magister UAI/Capstone MIA 2025 2/Desarrollo/SW/capstone/malaria_dl_local_project/outputs/campaign_runs/1cc25957-2804-47fa-b84e-4888264147c3/epoch_14.keras"",""mime_type"":""application/octet-stream"",""file_size_bytes"":121908256,""checksum"":""dba5a9a8485a88d5aab3b5020d6a0562602092c2a64eb6baa6e510cbd33ee51f"",""created_at"":""2026-10-03T17:32:38.068781+00:00"",""metadata"":{""role"":""selected_checkpoint"",""epoch"":14,""phase"":""fine_tuning"",""source"":""e10_train"",""version_id"":""2cec5fd4-4322-4d22-b173-f25cab12d15d""},""artifact_uri"":null,""artifact_status"":""available"",""archived_at"":null}","{""path"":""/Users/julio/Desktop/Archivo/Magister UAI/Capstone MIA 2025 2/Desarrollo/SW/capstone/malaria_dl_local_project/outputs/campaign_runs/1cc25957-2804-47fa-b84e-4888264147c3/epoch_14.keras"",""bytes"":121908256,""epoch"":14,""phase"":""fine_tuning"",""run_id"":""1cc25957-2804-47fa-b84e-4888264147c3"",""sha256"":""dba5a9a8485a88d5aab3b5020d6a0562602092c2a64eb6baa6e510cbd33ee51f"",""version_id"":""2cec5fd4-4322-4d22-b173-f25cab12d15d"",""phase_epoch"":1}"
1cc25957-2804-47fa-b84e-4888264147c3,vgg16,adam,fine_tuning,15,2,train_execution_records,artifact,2,2026-10-03T15:05:02.280042+00:00,25dde97a-5b9f-44f7-abb9-fe99853304cd,/Users/julio/Desktop/Archivo/Magister UAI/Capstone MIA 2025 2/Desarrollo/SW/capstone/malaria_dl_local_project/outputs/campaign_runs/1cc25957-2804-47fa-b84e-4888264147c3/epoch_15.keras,121908256,78190b1684c49c3d00e69012c0e630c54d296de1a322b9f2691181a4e23fbfdb,False,,,,"{""path"":""/Users/julio/Desktop/Archivo/Magister UAI/Capstone MIA 2025 2/Desarrollo/SW/capstone/malaria_dl_local_project/outputs/campaign_runs/1cc25957-2804-47fa-b84e-4888264147c3/epoch_15.keras"",""bytes"":121908256,""epoch"":15,""phase"":""fine_tuning"",""run_id"":""1cc25957-2804-47fa-b84e-4888264147c3"",""sha256"":""78190b1684c49c3d00e69012c0e630c54d296de1a322b9f2691181a4e23fbfdb"",""version_id"":""25dde97a-5b9f-44f7-abb9-fe99853304cd"",""phase_epoch"":2}"
1cc25957-2804-47fa-b84e-4888264147c3,vgg16,adam,fine_tuning,16,3,train_execution_records,artifact,3,2026-10-03T15:18:23.619601+00:00,a57c1b81-49ed-4ef7-87a9-6b2c3583e269,/Users/julio/Desktop/Archivo/Magister UAI/Capstone MIA 2025 2/Desarrollo/SW/capstone/malaria_dl_local_project/outputs/campaign_runs/1cc25957-2804-47fa-b84e-4888264147c3/epoch_16.keras,121908256,941cc8b256903b9a57c18718e7087d9d43ace6a976f9cea9f51166e1a857c5cc,False,,,,"{""path"":""/Users/julio/Desktop/Archivo/Magister UAI/Capstone MIA 2025 2/Desarrollo/SW/capstone/malaria_dl_local_project/outputs/campaign_runs/1cc25957-2804-47fa-b84e-4888264147c3/epoch_16.keras"",""bytes"":121908256,""epoch"":16,""phase"":""fine_tuning"",""run_id"":""1cc25957-2804-47fa-b84e-4888264147c3"",""sha256"":""941cc8b256903b9a57c18718e7087d9d43ace6a976f9cea9f51166e1a857c5cc"",""version_id"":""a57c1b81-49ed-4ef7-87a9-6b2c3583e269"",""phase_epoch"":3}"
1cc25957-2804-47fa-b84e-4888264147c3,vgg16,adam,fine_tuning,17,4,train_execution_records,artifact,4,2026-10-03T15:31:45.289179+00:00,74b0aaf6-b932-4fb1-8010-7a4df799f25f,/Users/julio/Desktop/Archivo/Magister UAI/Capstone MIA 2025 2/Desarrollo/SW/capstone/malaria_dl_local_project/outputs/campaign_runs/1cc25957-2804-47fa-b84e-4888264147c3/epoch_17.keras,121908256,b93bf7ee8b1aa054c4c1fb101c685d52de18612a055e10ff9ecc7d47ef4985d9,False,,,,"{""path"":""/Users/julio/Desktop/Archivo/Magister UAI/Capstone MIA 2025 2/Desarrollo/SW/capstone/malaria_dl_local_project/outputs/campaign_runs/1cc25957-2804-47fa-b84e-4888264147c3/epoch_17.keras"",""bytes"":121908256,""epoch"":17,""phase"":""fine_tuning"",""run_id"":""1cc25957-2804-47fa-b84e-4888264147c3"",""sha256"":""b93bf7ee8b1aa054c4c1fb101c685d52de18612a055e10ff9ecc7d47ef4985d9"",""version_id"":""74b0aaf6-b932-4fb1-8010-7a4df799f25f"",""phase_epoch"":4}"
1cc25957-2804-47fa-b84e-4888264147c3,vgg16,adam,fine_tuning,18,5,train_execution_records,artifact,5,2026-10-03T15:45:07.355253+00:00,afe88818-558d-404e-8a47-1188669dd502,/Users/julio/Desktop/Archivo/Magister UAI/Capstone MIA 2025 2/Desarrollo/SW/capstone/malaria_dl_local_project/outputs/campaign_runs/1cc25957-2804-47fa-b84e-4888264147c3/epoch_18.keras,121908256,978530636b05ebb0930b34412fd5bd3a2981ee204d6c94298a32513aa8821cc6,False,,,,"{""path"":""/Users/julio/Desktop/Archivo/Magister UAI/Capstone MIA 2025 2/Desarrollo/SW/capstone/malaria_dl_local_project/outputs/campaign_runs/1cc25957-2804-47fa-b84e-4888264147c3/epoch_18.keras"",""bytes"":121908256,""epoch"":18,""phase"":""fine_tuning"",""run_id"":""1cc25957-2804-47fa-b84e-4888264147c3"",""sha256"":""978530636b05ebb0930b34412fd5bd3a2981ee204d6c94298a32513aa8821cc6"",""version_id"":""afe88818-558d-404e-8a47-1188669dd502"",""phase_epoch"":5}"
1cc25957-2804-47fa-b84e-4888264147c3,vgg16,adam,fine_tuning,19,6,train_execution_records,artifact,6,2026-10-03T15:58:28.318146+00:00,f6f459f2-6bc9-4eaf-8473-2aa41d5ba2c1,/Users/julio/Desktop/Archivo/Magister UAI/Capstone MIA 2025 2/Desarrollo/SW/capstone/malaria_dl_local_project/outputs/campaign_runs/1cc25957-2804-47fa-b84e-4888264147c3/epoch_19.keras,121908256,15ca8b7be3ca4c4a197ade7c9e3a6691a015bf66e2f0f0b991aec1377c8f21e0,False,,,,"{""path"":""/Users/julio/Desktop/Archivo/Magister UAI/Capstone MIA 2025 2/Desarrollo/SW/capstone/malaria_dl_local_project/outputs/campaign_runs/1cc25957-2804-47fa-b84e-4888264147c3/epoch_19.keras"",""bytes"":121908256,""epoch"":19,""phase"":""fine_tuning"",""run_id"":""1cc25957-2804-47fa-b84e-4888264147c3"",""sha256"":""15ca8b7be3ca4c4a197ade7c9e3a6691a015bf66e2f0f0b991aec1377c8f21e0"",""version_id"":""f6f459f2-6bc9-4eaf-8473-2aa41d5ba2c1"",""phase_epoch"":6}"
1cc25957-2804-47fa-b84e-4888264147c3,vgg16,adam,fine_tuning,20,7,train_execution_records,artifact,7,2026-10-03T16:11:49.643471+00:00,f409e03b-3e33-4351-be43-b15e51551945,/Users/julio/Desktop/Archivo/Magister UAI/Capstone MIA 2025 2/Desarrollo/SW/capstone/malaria_dl_local_project/outputs/campaign_runs/1cc25957-2804-47fa-b84e-4888264147c3/epoch_20.keras,121908256,e155b5c3871c285567140f5f2f13b85dfd275291c5385c9520e2b96f4edb3a65,False,,,,"{""path"":""/Users/julio/Desktop/Archivo/Magister UAI/Capstone MIA 2025 2/Desarrollo/SW/capstone/malaria_dl_local_project/outputs/campaign_runs/1cc25957-2804-47fa-b84e-4888264147c3/epoch_20.keras"",""bytes"":121908256,""epoch"":20,""phase"":""fine_tuning"",""run_id"":""1cc25957-2804-47fa-b84e-4888264147c3"",""sha256"":""e155b5c3871c285567140f5f2f13b85dfd275291c5385c9520e2b96f4edb3a65"",""version_id"":""f409e03b-3e33-4351-be43-b15e51551945"",""phase_epoch"":7}"
1cc25957-2804-47fa-b84e-4888264147c3,vgg16,adam,fine_tuning,21,8,train_execution_records,artifact,8,2026-10-03T16:25:11.267228+00:00,6ef7a86c-e085-4da4-82c2-dc04b4ffcc09,/Users/julio/Desktop/Archivo/Magister UAI/Capstone MIA 2025 2/Desarrollo/SW/capstone/malaria_dl_local_project/outputs/campaign_runs/1cc25957-2804-47fa-b84e-4888264147c3/epoch_21.keras,121908256,5e7bce2826e902414bff4ad47a6debcbb6ad86e75415e8e83ef2a2ec396c860b,False,,,,"{""path"":""/Users/julio/Desktop/Archivo/Magister UAI/Capstone MIA 2025 2/Desarrollo/SW/capstone/malaria_dl_local_project/outputs/campaign_runs/1cc25957-2804-47fa-b84e-4888264147c3/epoch_21.keras"",""bytes"":121908256,""epoch"":21,""phase"":""fine_tuning"",""run_id"":""1cc25957-2804-47fa-b84e-4888264147c3"",""sha256"":""5e7bce2826e902414bff4ad47a6debcbb6ad86e75415e8e83ef2a2ec396c860b"",""version_id"":""6ef7a86c-e085-4da4-82c2-dc04b4ffcc09"",""phase_epoch"":8}"
1cc25957-2804-47fa-b84e-4888264147c3,vgg16,adam,fine_tuning,22,9,train_execution_records,artifact,9,2026-10-03T16:38:32.714303+00:00,69cf6e2c-4ce8-4d67-bb1f-b44ccc3ceb2b,/Users/julio/Desktop/Archivo/Magister UAI/Capstone MIA 2025 2/Desarrollo/SW/capstone/malaria_dl_local_project/outputs/campaign_runs/1cc25957-2804-47fa-b84e-4888264147c3/epoch_22.keras,121908256,a8447d113afcd3abb0be46cbdb867f04cb3e2045dd8aad719ccf202bd9dedde1,False,,,,"{""path"":""/Users/julio/Desktop/Archivo/Magister UAI/Capstone MIA 2025 2/Desarrollo/SW/capstone/malaria_dl_local_project/outputs/campaign_runs/1cc25957-2804-47fa-b84e-4888264147c3/epoch_22.keras"",""bytes"":121908256,""epoch"":22,""phase"":""fine_tuning"",""run_id"":""1cc25957-2804-47fa-b84e-4888264147c3"",""sha256"":""a8447d113afcd3abb0be46cbdb867f04cb3e2045dd8aad719ccf202bd9dedde1"",""version_id"":""69cf6e2c-4ce8-4d67-bb1f-b44ccc3ceb2b"",""phase_epoch"":9}"
1cc25957-2804-47fa-b84e-4888264147c3,vgg16,adam,fine_tuning,23,10,train_execution_records,artifact,10,2026-10-03T16:51:54.14396+00:00,a908fe54-9910-4803-a35a-cab7f8561332,/Users/julio/Desktop/Archivo/Magister UAI/Capstone MIA 2025 2/Desarrollo/SW/capstone/malaria_dl_local_project/outputs/campaign_runs/1cc25957-2804-47fa-b84e-4888264147c3/epoch_23.keras,121908256,52e32175dd841ed65e7b4bb8a30984f44f1ff109e126b3de96eecaf2dd2eb0a6,False,,,,"{""path"":""/Users/julio/Desktop/Archivo/Magister UAI/Capstone MIA 2025 2/Desarrollo/SW/capstone/malaria_dl_local_project/outputs/campaign_runs/1cc25957-2804-47fa-b84e-4888264147c3/epoch_23.keras"",""bytes"":121908256,""epoch"":23,""phase"":""fine_tuning"",""run_id"":""1cc25957-2804-47fa-b84e-4888264147c3"",""sha256"":""52e32175dd841ed65e7b4bb8a30984f44f1ff109e126b3de96eecaf2dd2eb0a6"",""version_id"":""a908fe54-9910-4803-a35a-cab7f8561332"",""phase_epoch"":10}"
1cc25957-2804-47fa-b84e-4888264147c3,vgg16,adam,fine_tuning,24,11,train_execution_records,artifact,11,2026-10-03T17:05:15.695818+00:00,b9066240-b028-477d-9935-49ea0510b041,/Users/julio/Desktop/Archivo/Magister UAI/Capstone MIA 2025 2/Desarrollo/SW/capstone/malaria_dl_local_project/outputs/campaign_runs/1cc25957-2804-47fa-b84e-4888264147c3/epoch_24.keras,121908256,01999457779789192e51df1d591aa65790581e95a753f465f9b675d72eae9b5d,False,,,,"{""path"":""/Users/julio/Desktop/Archivo/Magister UAI/Capstone MIA 2025 2/Desarrollo/SW/capstone/malaria_dl_local_project/outputs/campaign_runs/1cc25957-2804-47fa-b84e-4888264147c3/epoch_24.keras"",""bytes"":121908256,""epoch"":24,""phase"":""fine_tuning"",""run_id"":""1cc25957-2804-47fa-b84e-4888264147c3"",""sha256"":""01999457779789192e51df1d591aa65790581e95a753f465f9b675d72eae9b5d"",""version_id"":""b9066240-b028-477d-9935-49ea0510b041"",""phase_epoch"":11}"
1cc25957-2804-47fa-b84e-4888264147c3,vgg16,adam,fine_tuning,25,12,train_execution_records,artifact,12,2026-10-03T17:18:29.443607+00:00,71d40959-c123-48a3-adbf-09be5f1b8074,/Users/julio/Desktop/Archivo/Magister UAI/Capstone MIA 2025 2/Desarrollo/SW/capstone/malaria_dl_local_project/outputs/campaign_runs/1cc25957-2804-47fa-b84e-4888264147c3/epoch_25.keras,121908256,cc9aebfe9115643f58289268780c9ab1330b546ec0f3a9dbc53729e2b7841c85,False,,,,"{""path"":""/Users/julio/Desktop/Archivo/Magister UAI/Capstone MIA 2025 2/Desarrollo/SW/capstone/malaria_dl_local_project/outputs/campaign_runs/1cc25957-2804-47fa-b84e-4888264147c3/epoch_25.keras"",""bytes"":121908256,""epoch"":25,""phase"":""fine_tuning"",""run_id"":""1cc25957-2804-47fa-b84e-4888264147c3"",""sha256"":""cc9aebfe9115643f58289268780c9ab1330b546ec0f3a9dbc53729e2b7841c85"",""version_id"":""71d40959-c123-48a3-adbf-09be5f1b8074"",""phase_epoch"":12}"
1cc25957-2804-47fa-b84e-4888264147c3,vgg16,adam,fine_tuning,26,13,train_execution_records,artifact,13,2026-10-03T17:31:35.40926+00:00,58a47467-aec7-4694-b9ad-f9c1e0f6e3e8,/Users/julio/Desktop/Archivo/Magister UAI/Capstone MIA 2025 2/Desarrollo/SW/capstone/malaria_dl_local_project/outputs/campaign_runs/1cc25957-2804-47fa-b84e-4888264147c3/epoch_26.keras,121908256,eb48b87b5539bd0ee2620e42eca0e1d910e50241d286d1eaa34ec17d3f58d6fc,False,,,,"{""path"":""/Users/julio/Desktop/Archivo/Magister UAI/Capstone MIA 2025 2/Desarrollo/SW/capstone/malaria_dl_local_project/outputs/campaign_runs/1cc25957-2804-47fa-b84e-4888264147c3/epoch_26.keras"",""bytes"":121908256,""epoch"":26,""phase"":""fine_tuning"",""run_id"":""1cc25957-2804-47fa-b84e-4888264147c3"",""sha256"":""eb48b87b5539bd0ee2620e42eca0e1d910e50241d286d1eaa34ec17d3f58d6fc"",""version_id"":""58a47467-aec7-4694-b9ad-f9c1e0f6e3e8"",""phase_epoch"":13}"
3b914540-b13f-46d1-8047-38755ffd10f6,densenet121,sgd,base,1,1,train_execution_records,artifact,1,2026-10-03T03:35:42.453409+00:00,2f9f49cf-aa14-4a8d-b63f-53ac9afac99b,/Users/julio/Desktop/Archivo/Magister UAI/Capstone MIA 2025 2/Desarrollo/SW/capstone/malaria_dl_local_project/outputs/campaign_runs/3b914540-b13f-46d1-8047-38755ffd10f6/epoch_1.keras,29689844,1df0e13a9752c67409b3663ec96a375f32c91d668ea03206fd8e9209e5a7cfc0,False,,,,"{""path"":""/Users/julio/Desktop/Archivo/Magister UAI/Capstone MIA 2025 2/Desarrollo/SW/capstone/malaria_dl_local_project/outputs/campaign_runs/3b914540-b13f-46d1-8047-38755ffd10f6/epoch_1.keras"",""bytes"":29689844,""epoch"":1,""phase"":""base"",""run_id"":""3b914540-b13f-46d1-8047-38755ffd10f6"",""sha256"":""1df0e13a9752c67409b3663ec96a375f32c91d668ea03206fd8e9209e5a7cfc0"",""version_id"":""2f9f49cf-aa14-4a8d-b63f-53ac9afac99b"",""phase_epoch"":1}"
3b914540-b13f-46d1-8047-38755ffd10f6,densenet121,sgd,base,2,2,train_execution_records,artifact,2,2026-10-03T03:38:51.108027+00:00,9935be66-0a40-4a26-b19a-56025b8d923b,/Users/julio/Desktop/Archivo/Magister UAI/Capstone MIA 2025 2/Desarrollo/SW/capstone/malaria_dl_local_project/outputs/campaign_runs/3b914540-b13f-46d1-8047-38755ffd10f6/epoch_2.keras,29689844,cd69ca978b9b1a2de3ef452f5ee394837abcd5ef5596fab28ff0f6d795604bff,False,,,,"{""path"":""/Users/julio/Desktop/Archivo/Magister UAI/Capstone MIA 2025 2/Desarrollo/SW/capstone/malaria_dl_local_project/outputs/campaign_runs/3b914540-b13f-46d1-8047-38755ffd10f6/epoch_2.keras"",""bytes"":29689844,""epoch"":2,""phase"":""base"",""run_id"":""3b914540-b13f-46d1-8047-38755ffd10f6"",""sha256"":""cd69ca978b9b1a2de3ef452f5ee394837abcd5ef5596fab28ff0f6d795604bff"",""version_id"":""9935be66-0a40-4a26-b19a-56025b8d923b"",""phase_epoch"":2}"
3b914540-b13f-46d1-8047-38755ffd10f6,densenet121,sgd,base,3,3,train_execution_records,artifact,3,2026-10-03T03:41:58.972194+00:00,63433b28-6fbe-4f95-85fc-ff5fbc8208e3,/Users/julio/Desktop/Archivo/Magister UAI/Capstone MIA 2025 2/Desarrollo/SW/capstone/malaria_dl_local_project/outputs/campaign_runs/3b914540-b13f-46d1-8047-38755ffd10f6/epoch_3.keras,29689844,81d946ac7581d2e48d63e24f82e100ac1cabbeafe5eea9d9afcf32c7485a0675,False,,,,"{""path"":""/Users/julio/Desktop/Archivo/Magister UAI/Capstone MIA 2025 2/Desarrollo/SW/capstone/malaria_dl_local_project/outputs/campaign_runs/3b914540-b13f-46d1-8047-38755ffd10f6/epoch_3.keras"",""bytes"":29689844,""epoch"":3,""phase"":""base"",""run_id"":""3b914540-b13f-46d1-8047-38755ffd10f6"",""sha256"":""81d946ac7581d2e48d63e24f82e100ac1cabbeafe5eea9d9afcf32c7485a0675"",""version_id"":""63433b28-6fbe-4f95-85fc-ff5fbc8208e3"",""phase_epoch"":3}"
3b914540-b13f-46d1-8047-38755ffd10f6,densenet121,sgd,base,4,4,train_execution_records,artifact,4,2026-10-03T03:45:06.891652+00:00,9a7f42d9-ff3b-4443-9a5a-7eed2b4fbe40,/Users/julio/Desktop/Archivo/Magister UAI/Capstone MIA 2025 2/Desarrollo/SW/capstone/malaria_dl_local_project/outputs/campaign_runs/3b914540-b13f-46d1-8047-38755ffd10f6/epoch_4.keras,29689844,ba635711648b71f17a78ae2a31f42c1c53ba44ee3929ebf12ee2e0ee52a72f12,False,,,,"{""path"":""/Users/julio/Desktop/Archivo/Magister UAI/Capstone MIA 2025 2/Desarrollo/SW/capstone/malaria_dl_local_project/outputs/campaign_runs/3b914540-b13f-46d1-8047-38755ffd10f6/epoch_4.keras"",""bytes"":29689844,""epoch"":4,""phase"":""base"",""run_id"":""3b914540-b13f-46d1-8047-38755ffd10f6"",""sha256"":""ba635711648b71f17a78ae2a31f42c1c53ba44ee3929ebf12ee2e0ee52a72f12"",""version_id"":""9a7f42d9-ff3b-4443-9a5a-7eed2b4fbe40"",""phase_epoch"":4}"
3b914540-b13f-46d1-8047-38755ffd10f6,densenet121,sgd,base,5,5,train_execution_records,artifact,5,2026-10-03T03:48:14.785525+00:00,362e6e9c-c22f-4b70-9a4f-fe20af3e5d0f,/Users/julio/Desktop/Archivo/Magister UAI/Capstone MIA 2025 2/Desarrollo/SW/capstone/malaria_dl_local_project/outputs/campaign_runs/3b914540-b13f-46d1-8047-38755ffd10f6/epoch_5.keras,29689844,e016c218d82134b849081601ed201843d94475b658c6a483180342b77c50f982,False,,,,"{""path"":""/Users/julio/Desktop/Archivo/Magister UAI/Capstone MIA 2025 2/Desarrollo/SW/capstone/malaria_dl_local_project/outputs/campaign_runs/3b914540-b13f-46d1-8047-38755ffd10f6/epoch_5.keras"",""bytes"":29689844,""epoch"":5,""phase"":""base"",""run_id"":""3b914540-b13f-46d1-8047-38755ffd10f6"",""sha256"":""e016c218d82134b849081601ed201843d94475b658c6a483180342b77c50f982"",""version_id"":""362e6e9c-c22f-4b70-9a4f-fe20af3e5d0f"",""phase_epoch"":5}"
3b914540-b13f-46d1-8047-38755ffd10f6,densenet121,sgd,base,6,6,train_execution_records,artifact,6,2026-10-03T03:51:22.49925+00:00,57f392f1-085d-41a9-9646-1f3fc9d34b57,/Users/julio/Desktop/Archivo/Magister UAI/Capstone MIA 2025 2/Desarrollo/SW/capstone/malaria_dl_local_project/outputs/campaign_runs/3b914540-b13f-46d1-8047-38755ffd10f6/epoch_6.keras,29689844,06209250221fbbae29d2a1d1b3bf426d495531b8ea966bd02cc6217cb81ab4a9,False,,,,"{""path"":""/Users/julio/Desktop/Archivo/Magister UAI/Capstone MIA 2025 2/Desarrollo/SW/capstone/malaria_dl_local_project/outputs/campaign_runs/3b914540-b13f-46d1-8047-38755ffd10f6/epoch_6.keras"",""bytes"":29689844,""epoch"":6,""phase"":""base"",""run_id"":""3b914540-b13f-46d1-8047-38755ffd10f6"",""sha256"":""06209250221fbbae29d2a1d1b3bf426d495531b8ea966bd02cc6217cb81ab4a9"",""version_id"":""57f392f1-085d-41a9-9646-1f3fc9d34b57"",""phase_epoch"":6}"
3b914540-b13f-46d1-8047-38755ffd10f6,densenet121,sgd,base,7,7,train_execution_records,artifact,7,2026-10-03T03:54:30.22419+00:00,6be679d2-1c61-4070-847c-a7038e5666ba,/Users/julio/Desktop/Archivo/Magister UAI/Capstone MIA 2025 2/Desarrollo/SW/capstone/malaria_dl_local_project/outputs/campaign_runs/3b914540-b13f-46d1-8047-38755ffd10f6/epoch_7.keras,29689844,6b336f51ea352830042250d3dbe7e2975ea23b27be516c7d474323ba484fa167,False,,,,"{""path"":""/Users/julio/Desktop/Archivo/Magister UAI/Capstone MIA 2025 2/Desarrollo/SW/capstone/malaria_dl_local_project/outputs/campaign_runs/3b914540-b13f-46d1-8047-38755ffd10f6/epoch_7.keras"",""bytes"":29689844,""epoch"":7,""phase"":""base"",""run_id"":""3b914540-b13f-46d1-8047-38755ffd10f6"",""sha256"":""6b336f51ea352830042250d3dbe7e2975ea23b27be516c7d474323ba484fa167"",""version_id"":""6be679d2-1c61-4070-847c-a7038e5666ba"",""phase_epoch"":7}"
3b914540-b13f-46d1-8047-38755ffd10f6,densenet121,sgd,base,8,8,train_execution_records,artifact,8,2026-10-03T03:57:37.995964+00:00,8996615b-5b75-4b27-92fd-16578ed59473,/Users/julio/Desktop/Archivo/Magister UAI/Capstone MIA 2025 2/Desarrollo/SW/capstone/malaria_dl_local_project/outputs/campaign_runs/3b914540-b13f-46d1-8047-38755ffd10f6/epoch_8.keras,29689844,33799d1af1956d6122f53854e7f90d9333187e83dfb391c6d5f235a1b6226c7e,False,,,,"{""path"":""/Users/julio/Desktop/Archivo/Magister UAI/Capstone MIA 2025 2/Desarrollo/SW/capstone/malaria_dl_local_project/outputs/campaign_runs/3b914540-b13f-46d1-8047-38755ffd10f6/epoch_8.keras"",""bytes"":29689844,""epoch"":8,""phase"":""base"",""run_id"":""3b914540-b13f-46d1-8047-38755ffd10f6"",""sha256"":""33799d1af1956d6122f53854e7f90d9333187e83dfb391c6d5f235a1b6226c7e"",""version_id"":""8996615b-5b75-4b27-92fd-16578ed59473"",""phase_epoch"":8}"
3b914540-b13f-46d1-8047-38755ffd10f6,densenet121,sgd,base,9,9,train_execution_records,artifact,9,2026-10-03T04:00:45.674917+00:00,1efa6a6e-7800-4075-bf32-b226b93b47a7,/Users/julio/Desktop/Archivo/Magister UAI/Capstone MIA 2025 2/Desarrollo/SW/capstone/malaria_dl_local_project/outputs/campaign_runs/3b914540-b13f-46d1-8047-38755ffd10f6/epoch_9.keras,29689844,6f8a4345e14b4afb6666fced229acd7c64ff5440a16d78a6231d161f2e589199,False,,,,"{""path"":""/Users/julio/Desktop/Archivo/Magister UAI/Capstone MIA 2025 2/Desarrollo/SW/capstone/malaria_dl_local_project/outputs/campaign_runs/3b914540-b13f-46d1-8047-38755ffd10f6/epoch_9.keras"",""bytes"":29689844,""epoch"":9,""phase"":""base"",""run_id"":""3b914540-b13f-46d1-8047-38755ffd10f6"",""sha256"":""6f8a4345e14b4afb6666fced229acd7c64ff5440a16d78a6231d161f2e589199"",""version_id"":""1efa6a6e-7800-4075-bf32-b226b93b47a7"",""phase_epoch"":9}"
3b914540-b13f-46d1-8047-38755ffd10f6,densenet121,sgd,base,10,10,train_execution_records,artifact,10,2026-10-03T04:03:53.436415+00:00,b517ecf0-02dc-4099-b937-ae4da7fa7967,/Users/julio/Desktop/Archivo/Magister UAI/Capstone MIA 2025 2/Desarrollo/SW/capstone/malaria_dl_local_project/outputs/campaign_runs/3b914540-b13f-46d1-8047-38755ffd10f6/epoch_10.keras,29689844,3e52b12dd22696ce7c5f3199773c3da69cdb10bc81671235ab6ce50515a8408e,True,5591f39b-e88f-509f-aa24-1092f90db60a,available,"{""id"":""5591f39b-e88f-509f-aa24-1092f90db60a"",""run_id"":""3b914540-b13f-46d1-8047-38755ffd10f6"",""artifact_type"":""model_checkpoint"",""name"":""epoch_10.keras"",""path"":""/Users/julio/Desktop/Archivo/Magister UAI/Capstone MIA 2025 2/Desarrollo/SW/capstone/malaria_dl_local_project/outputs/campaign_runs/3b914540-b13f-46d1-8047-38755ffd10f6/epoch_10.keras"",""mime_type"":""application/octet-stream"",""file_size_bytes"":29689844,""checksum"":""3e52b12dd22696ce7c5f3199773c3da69cdb10bc81671235ab6ce50515a8408e"",""created_at"":""2026-10-03T05:44:33.589598+00:00"",""metadata"":{""role"":""selected_checkpoint"",""epoch"":10,""phase"":""base"",""source"":""e10_train"",""version_id"":""b517ecf0-02dc-4099-b937-ae4da7fa7967""},""artifact_uri"":null,""artifact_status"":""available"",""archived_at"":null}","{""path"":""/Users/julio/Desktop/Archivo/Magister UAI/Capstone MIA 2025 2/Desarrollo/SW/capstone/malaria_dl_local_project/outputs/campaign_runs/3b914540-b13f-46d1-8047-38755ffd10f6/epoch_10.keras"",""bytes"":29689844,""epoch"":10,""phase"":""base"",""run_id"":""3b914540-b13f-46d1-8047-38755ffd10f6"",""sha256"":""3e52b12dd22696ce7c5f3199773c3da69cdb10bc81671235ab6ce50515a8408e"",""version_id"":""b517ecf0-02dc-4099-b937-ae4da7fa7967"",""phase_epoch"":10}"
3b914540-b13f-46d1-8047-38755ffd10f6,densenet121,sgd,base,11,11,train_execution_records,artifact,11,2026-10-03T04:07:01.06866+00:00,b0cab5a7-4ee0-4faf-adcd-ae75899fcf1e,/Users/julio/Desktop/Archivo/Magister UAI/Capstone MIA 2025 2/Desarrollo/SW/capstone/malaria_dl_local_project/outputs/campaign_runs/3b914540-b13f-46d1-8047-38755ffd10f6/epoch_11.keras,29689844,62788325ba01bff3c576ab6a717f97d68a3def462c88494c38377a3f7f3589e2,False,,,,"{""path"":""/Users/julio/Desktop/Archivo/Magister UAI/Capstone MIA 2025 2/Desarrollo/SW/capstone/malaria_dl_local_project/outputs/campaign_runs/3b914540-b13f-46d1-8047-38755ffd10f6/epoch_11.keras"",""bytes"":29689844,""epoch"":11,""phase"":""base"",""run_id"":""3b914540-b13f-46d1-8047-38755ffd10f6"",""sha256"":""62788325ba01bff3c576ab6a717f97d68a3def462c88494c38377a3f7f3589e2"",""version_id"":""b0cab5a7-4ee0-4faf-adcd-ae75899fcf1e"",""phase_epoch"":11}"
3b914540-b13f-46d1-8047-38755ffd10f6,densenet121,sgd,base,12,12,train_execution_records,artifact,12,2026-10-03T04:10:08.966613+00:00,47b29121-cf15-4cac-b7f5-61ddac9f7262,/Users/julio/Desktop/Archivo/Magister UAI/Capstone MIA 2025 2/Desarrollo/SW/capstone/malaria_dl_local_project/outputs/campaign_runs/3b914540-b13f-46d1-8047-38755ffd10f6/epoch_12.keras,29689844,e42560d9aa70bb2b109d7ef2105438c6d56955102135df086f4b5677a556499b,False,,,,"{""path"":""/Users/julio/Desktop/Archivo/Magister UAI/Capstone MIA 2025 2/Desarrollo/SW/capstone/malaria_dl_local_project/outputs/campaign_runs/3b914540-b13f-46d1-8047-38755ffd10f6/epoch_12.keras"",""bytes"":29689844,""epoch"":12,""phase"":""base"",""run_id"":""3b914540-b13f-46d1-8047-38755ffd10f6"",""sha256"":""e42560d9aa70bb2b109d7ef2105438c6d56955102135df086f4b5677a556499b"",""version_id"":""47b29121-cf15-4cac-b7f5-61ddac9f7262"",""phase_epoch"":12}"
3b914540-b13f-46d1-8047-38755ffd10f6,densenet121,sgd,base,13,13,train_execution_records,artifact,13,2026-10-03T04:13:16.569336+00:00,e1cf0f8e-4bc4-4069-84c9-9f41bf6912fd,/Users/julio/Desktop/Archivo/Magister UAI/Capstone MIA 2025 2/Desarrollo/SW/capstone/malaria_dl_local_project/outputs/campaign_runs/3b914540-b13f-46d1-8047-38755ffd10f6/epoch_13.keras,29689844,d33be7d490428b3089d214f77c00b4b48dde0a566005d74fe45c9b0f9386141a,False,,,,"{""path"":""/Users/julio/Desktop/Archivo/Magister UAI/Capstone MIA 2025 2/Desarrollo/SW/capstone/malaria_dl_local_project/outputs/campaign_runs/3b914540-b13f-46d1-8047-38755ffd10f6/epoch_13.keras"",""bytes"":29689844,""epoch"":13,""phase"":""base"",""run_id"":""3b914540-b13f-46d1-8047-38755ffd10f6"",""sha256"":""d33be7d490428b3089d214f77c00b4b48dde0a566005d74fe45c9b0f9386141a"",""version_id"":""e1cf0f8e-4bc4-4069-84c9-9f41bf6912fd"",""phase_epoch"":13}"
3b914540-b13f-46d1-8047-38755ffd10f6,densenet121,sgd,base,14,14,train_execution_records,artifact,14,2026-10-03T04:16:24.327955+00:00,6fbdf840-35cb-4e70-8c83-feaa49e0f785,/Users/julio/Desktop/Archivo/Magister UAI/Capstone MIA 2025 2/Desarrollo/SW/capstone/malaria_dl_local_project/outputs/campaign_runs/3b914540-b13f-46d1-8047-38755ffd10f6/epoch_14.keras,29689844,542a61669a8d8821205e2f9810f171839a6f23762db7b3814101721bdd9407fa,False,,,,"{""path"":""/Users/julio/Desktop/Archivo/Magister UAI/Capstone MIA 2025 2/Desarrollo/SW/capstone/malaria_dl_local_project/outputs/campaign_runs/3b914540-b13f-46d1-8047-38755ffd10f6/epoch_14.keras"",""bytes"":29689844,""epoch"":14,""phase"":""base"",""run_id"":""3b914540-b13f-46d1-8047-38755ffd10f6"",""sha256"":""542a61669a8d8821205e2f9810f171839a6f23762db7b3814101721bdd9407fa"",""version_id"":""6fbdf840-35cb-4e70-8c83-feaa49e0f785"",""phase_epoch"":14}"
3b914540-b13f-46d1-8047-38755ffd10f6,densenet121,sgd,base,15,15,train_execution_records,artifact,15,2026-10-03T04:19:32.145885+00:00,24491b81-4cb4-44fd-8aa9-82cdf33afd15,/Users/julio/Desktop/Archivo/Magister UAI/Capstone MIA 2025 2/Desarrollo/SW/capstone/malaria_dl_local_project/outputs/campaign_runs/3b914540-b13f-46d1-8047-38755ffd10f6/epoch_15.keras,29689844,feae5b6c894530687093fe7f51385f846f00e98b08dd2d6161d244c8e1e25f3b,False,,,,"{""path"":""/Users/julio/Desktop/Archivo/Magister UAI/Capstone MIA 2025 2/Desarrollo/SW/capstone/malaria_dl_local_project/outputs/campaign_runs/3b914540-b13f-46d1-8047-38755ffd10f6/epoch_15.keras"",""bytes"":29689844,""epoch"":15,""phase"":""base"",""run_id"":""3b914540-b13f-46d1-8047-38755ffd10f6"",""sha256"":""feae5b6c894530687093fe7f51385f846f00e98b08dd2d6161d244c8e1e25f3b"",""version_id"":""24491b81-4cb4-44fd-8aa9-82cdf33afd15"",""phase_epoch"":15}"
3b914540-b13f-46d1-8047-38755ffd10f6,densenet121,sgd,base,16,16,train_execution_records,artifact,16,2026-10-03T04:22:39.799635+00:00,112b065d-26eb-4fa3-9b71-6f5eaba6b1d3,/Users/julio/Desktop/Archivo/Magister UAI/Capstone MIA 2025 2/Desarrollo/SW/capstone/malaria_dl_local_project/outputs/campaign_runs/3b914540-b13f-46d1-8047-38755ffd10f6/epoch_16.keras,29689844,ee612742af5a47e841c194562301ed8b13c6f3be77e8e3b92ee17796b7a1d8e7,False,,,,"{""path"":""/Users/julio/Desktop/Archivo/Magister UAI/Capstone MIA 2025 2/Desarrollo/SW/capstone/malaria_dl_local_project/outputs/campaign_runs/3b914540-b13f-46d1-8047-38755ffd10f6/epoch_16.keras"",""bytes"":29689844,""epoch"":16,""phase"":""base"",""run_id"":""3b914540-b13f-46d1-8047-38755ffd10f6"",""sha256"":""ee612742af5a47e841c194562301ed8b13c6f3be77e8e3b92ee17796b7a1d8e7"",""version_id"":""112b065d-26eb-4fa3-9b71-6f5eaba6b1d3"",""phase_epoch"":16}"
3b914540-b13f-46d1-8047-38755ffd10f6,densenet121,sgd,base,17,17,train_execution_records,artifact,17,2026-10-03T04:25:47.409337+00:00,b3e90092-9171-4152-8a01-b746d4f5993f,/Users/julio/Desktop/Archivo/Magister UAI/Capstone MIA 2025 2/Desarrollo/SW/capstone/malaria_dl_local_project/outputs/campaign_runs/3b914540-b13f-46d1-8047-38755ffd10f6/epoch_17.keras,29689844,139478d9ec94ea44b08aa4dc29e1565611784f9671be5f82d28839be439e9efb,False,,,,"{""path"":""/Users/julio/Desktop/Archivo/Magister UAI/Capstone MIA 2025 2/Desarrollo/SW/capstone/malaria_dl_local_project/outputs/campaign_runs/3b914540-b13f-46d1-8047-38755ffd10f6/epoch_17.keras"",""bytes"":29689844,""epoch"":17,""phase"":""base"",""run_id"":""3b914540-b13f-46d1-8047-38755ffd10f6"",""sha256"":""139478d9ec94ea44b08aa4dc29e1565611784f9671be5f82d28839be439e9efb"",""version_id"":""b3e90092-9171-4152-8a01-b746d4f5993f"",""phase_epoch"":17}"
3b914540-b13f-46d1-8047-38755ffd10f6,densenet121,sgd,base,18,18,train_execution_records,artifact,18,2026-10-03T04:28:54.998691+00:00,5cccc3e6-a2d3-4076-a2f8-d2c1910f6c52,/Users/julio/Desktop/Archivo/Magister UAI/Capstone MIA 2025 2/Desarrollo/SW/capstone/malaria_dl_local_project/outputs/campaign_runs/3b914540-b13f-46d1-8047-38755ffd10f6/epoch_18.keras,29689844,97d0fb71d322dc78668a10d3a9f05f7598d710f7a2c7ea08f2d585a0c0516561,False,,,,"{""path"":""/Users/julio/Desktop/Archivo/Magister UAI/Capstone MIA 2025 2/Desarrollo/SW/capstone/malaria_dl_local_project/outputs/campaign_runs/3b914540-b13f-46d1-8047-38755ffd10f6/epoch_18.keras"",""bytes"":29689844,""epoch"":18,""phase"":""base"",""run_id"":""3b914540-b13f-46d1-8047-38755ffd10f6"",""sha256"":""97d0fb71d322dc78668a10d3a9f05f7598d710f7a2c7ea08f2d585a0c0516561"",""version_id"":""5cccc3e6-a2d3-4076-a2f8-d2c1910f6c52"",""phase_epoch"":18}"
3b914540-b13f-46d1-8047-38755ffd10f6,densenet121,sgd,base,19,19,train_execution_records,artifact,19,2026-10-03T04:32:02.794965+00:00,3e7accb3-59c3-451f-88b9-6bf70e511d32,/Users/julio/Desktop/Archivo/Magister UAI/Capstone MIA 2025 2/Desarrollo/SW/capstone/malaria_dl_local_project/outputs/campaign_runs/3b914540-b13f-46d1-8047-38755ffd10f6/epoch_19.keras,29689844,e8e64b8e5fcf3f36f25243afa894f0f7cff6717b8aeab0f5499caef846a18b9d,False,,,,"{""path"":""/Users/julio/Desktop/Archivo/Magister UAI/Capstone MIA 2025 2/Desarrollo/SW/capstone/malaria_dl_local_project/outputs/campaign_runs/3b914540-b13f-46d1-8047-38755ffd10f6/epoch_19.keras"",""bytes"":29689844,""epoch"":19,""phase"":""base"",""run_id"":""3b914540-b13f-46d1-8047-38755ffd10f6"",""sha256"":""e8e64b8e5fcf3f36f25243afa894f0f7cff6717b8aeab0f5499caef846a18b9d"",""version_id"":""3e7accb3-59c3-451f-88b9-6bf70e511d32"",""phase_epoch"":19}"
3b914540-b13f-46d1-8047-38755ffd10f6,densenet121,sgd,base,20,20,train_execution_records,artifact,20,2026-10-03T04:35:10.452767+00:00,5934ddf6-45ed-4564-bf23-30c9ba483217,/Users/julio/Desktop/Archivo/Magister UAI/Capstone MIA 2025 2/Desarrollo/SW/capstone/malaria_dl_local_project/outputs/campaign_runs/3b914540-b13f-46d1-8047-38755ffd10f6/epoch_20.keras,29689844,0cd9fd56f0aa7e6a58e42904fe0e71fa67a1a674be176654ce66981fc742eda3,False,,,,"{""path"":""/Users/julio/Desktop/Archivo/Magister UAI/Capstone MIA 2025 2/Desarrollo/SW/capstone/malaria_dl_local_project/outputs/campaign_runs/3b914540-b13f-46d1-8047-38755ffd10f6/epoch_20.keras"",""bytes"":29689844,""epoch"":20,""phase"":""base"",""run_id"":""3b914540-b13f-46d1-8047-38755ffd10f6"",""sha256"":""0cd9fd56f0aa7e6a58e42904fe0e71fa67a1a674be176654ce66981fc742eda3"",""version_id"":""5934ddf6-45ed-4564-bf23-30c9ba483217"",""phase_epoch"":20}"
3b914540-b13f-46d1-8047-38755ffd10f6,densenet121,sgd,base,21,21,train_execution_records,artifact,21,2026-10-03T04:38:17.969274+00:00,02ee9d3c-e23a-4e25-a092-a1a3c8c7ae91,/Users/julio/Desktop/Archivo/Magister UAI/Capstone MIA 2025 2/Desarrollo/SW/capstone/malaria_dl_local_project/outputs/campaign_runs/3b914540-b13f-46d1-8047-38755ffd10f6/epoch_21.keras,29689844,e6b9e0e50d710a3b117f40fa4086de995355304423d403e0fbfeadcbd8ed2072,False,,,,"{""path"":""/Users/julio/Desktop/Archivo/Magister UAI/Capstone MIA 2025 2/Desarrollo/SW/capstone/malaria_dl_local_project/outputs/campaign_runs/3b914540-b13f-46d1-8047-38755ffd10f6/epoch_21.keras"",""bytes"":29689844,""epoch"":21,""phase"":""base"",""run_id"":""3b914540-b13f-46d1-8047-38755ffd10f6"",""sha256"":""e6b9e0e50d710a3b117f40fa4086de995355304423d403e0fbfeadcbd8ed2072"",""version_id"":""02ee9d3c-e23a-4e25-a092-a1a3c8c7ae91"",""phase_epoch"":21}"
3b914540-b13f-46d1-8047-38755ffd10f6,densenet121,sgd,base,22,22,train_execution_records,artifact,22,2026-10-03T04:41:25.693991+00:00,88df8c4f-c0b1-42d2-abf0-c18099584853,/Users/julio/Desktop/Archivo/Magister UAI/Capstone MIA 2025 2/Desarrollo/SW/capstone/malaria_dl_local_project/outputs/campaign_runs/3b914540-b13f-46d1-8047-38755ffd10f6/epoch_22.keras,29689844,6064fed6da3faa7b0d46d9a73ee50c16d4db0cca1ddf0e94d36ff501a9953bcb,False,,,,"{""path"":""/Users/julio/Desktop/Archivo/Magister UAI/Capstone MIA 2025 2/Desarrollo/SW/capstone/malaria_dl_local_project/outputs/campaign_runs/3b914540-b13f-46d1-8047-38755ffd10f6/epoch_22.keras"",""bytes"":29689844,""epoch"":22,""phase"":""base"",""run_id"":""3b914540-b13f-46d1-8047-38755ffd10f6"",""sha256"":""6064fed6da3faa7b0d46d9a73ee50c16d4db0cca1ddf0e94d36ff501a9953bcb"",""version_id"":""88df8c4f-c0b1-42d2-abf0-c18099584853"",""phase_epoch"":22}"
3b914540-b13f-46d1-8047-38755ffd10f6,densenet121,sgd,fine_tuning,23,1,train_execution_records,artifact,1,2026-10-03T04:44:38.68691+00:00,6d924def-9b8d-4628-9906-8834b6cc819b,/Users/julio/Desktop/Archivo/Magister UAI/Capstone MIA 2025 2/Desarrollo/SW/capstone/malaria_dl_local_project/outputs/campaign_runs/3b914540-b13f-46d1-8047-38755ffd10f6/epoch_23.keras,29846306,23eb050b9da3a23cbfd02d47af51fb997a1c5c667d4038f6092022feb4e605f0,False,,,,"{""path"":""/Users/julio/Desktop/Archivo/Magister UAI/Capstone MIA 2025 2/Desarrollo/SW/capstone/malaria_dl_local_project/outputs/campaign_runs/3b914540-b13f-46d1-8047-38755ffd10f6/epoch_23.keras"",""bytes"":29846306,""epoch"":23,""phase"":""fine_tuning"",""run_id"":""3b914540-b13f-46d1-8047-38755ffd10f6"",""sha256"":""23eb050b9da3a23cbfd02d47af51fb997a1c5c667d4038f6092022feb4e605f0"",""version_id"":""6d924def-9b8d-4628-9906-8834b6cc819b"",""phase_epoch"":1}"
3b914540-b13f-46d1-8047-38755ffd10f6,densenet121,sgd,fine_tuning,24,2,train_execution_records,artifact,2,2026-10-03T04:47:46.679369+00:00,8e58b76e-ae33-4572-9942-a6d41b6fee1e,/Users/julio/Desktop/Archivo/Magister UAI/Capstone MIA 2025 2/Desarrollo/SW/capstone/malaria_dl_local_project/outputs/campaign_runs/3b914540-b13f-46d1-8047-38755ffd10f6/epoch_24.keras,29846306,ea7e361e65ed5b92bad68c0762e90f8abd55a8eb061fe8b15aa779cacab1c95e,False,,,,"{""path"":""/Users/julio/Desktop/Archivo/Magister UAI/Capstone MIA 2025 2/Desarrollo/SW/capstone/malaria_dl_local_project/outputs/campaign_runs/3b914540-b13f-46d1-8047-38755ffd10f6/epoch_24.keras"",""bytes"":29846306,""epoch"":24,""phase"":""fine_tuning"",""run_id"":""3b914540-b13f-46d1-8047-38755ffd10f6"",""sha256"":""ea7e361e65ed5b92bad68c0762e90f8abd55a8eb061fe8b15aa779cacab1c95e"",""version_id"":""8e58b76e-ae33-4572-9942-a6d41b6fee1e"",""phase_epoch"":2}"
3b914540-b13f-46d1-8047-38755ffd10f6,densenet121,sgd,fine_tuning,25,3,train_execution_records,artifact,3,2026-10-03T04:50:55.228576+00:00,f448b0cb-3d45-49fb-80ea-40becef48ff8,/Users/julio/Desktop/Archivo/Magister UAI/Capstone MIA 2025 2/Desarrollo/SW/capstone/malaria_dl_local_project/outputs/campaign_runs/3b914540-b13f-46d1-8047-38755ffd10f6/epoch_25.keras,29846306,d600118073e8d952e73e8b27307623a849b44e13d676c09d7c6e83be155f9572,False,,,,"{""path"":""/Users/julio/Desktop/Archivo/Magister UAI/Capstone MIA 2025 2/Desarrollo/SW/capstone/malaria_dl_local_project/outputs/campaign_runs/3b914540-b13f-46d1-8047-38755ffd10f6/epoch_25.keras"",""bytes"":29846306,""epoch"":25,""phase"":""fine_tuning"",""run_id"":""3b914540-b13f-46d1-8047-38755ffd10f6"",""sha256"":""d600118073e8d952e73e8b27307623a849b44e13d676c09d7c6e83be155f9572"",""version_id"":""f448b0cb-3d45-49fb-80ea-40becef48ff8"",""phase_epoch"":3}"
3b914540-b13f-46d1-8047-38755ffd10f6,densenet121,sgd,fine_tuning,26,4,train_execution_records,artifact,4,2026-10-03T04:54:03.694326+00:00,2aa5b14e-33f6-461a-bc98-6d8c1ad1ac98,/Users/julio/Desktop/Archivo/Magister UAI/Capstone MIA 2025 2/Desarrollo/SW/capstone/malaria_dl_local_project/outputs/campaign_runs/3b914540-b13f-46d1-8047-38755ffd10f6/epoch_26.keras,29846306,c1643d15ec0bd32d14e4db7a489ead5f1430f24f6074392776972c4cc8d71aaa,False,,,,"{""path"":""/Users/julio/Desktop/Archivo/Magister UAI/Capstone MIA 2025 2/Desarrollo/SW/capstone/malaria_dl_local_project/outputs/campaign_runs/3b914540-b13f-46d1-8047-38755ffd10f6/epoch_26.keras"",""bytes"":29846306,""epoch"":26,""phase"":""fine_tuning"",""run_id"":""3b914540-b13f-46d1-8047-38755ffd10f6"",""sha256"":""c1643d15ec0bd32d14e4db7a489ead5f1430f24f6074392776972c4cc8d71aaa"",""version_id"":""2aa5b14e-33f6-461a-bc98-6d8c1ad1ac98"",""phase_epoch"":4}"
3b914540-b13f-46d1-8047-38755ffd10f6,densenet121,sgd,fine_tuning,27,5,train_execution_records,artifact,5,2026-10-03T04:57:12.23193+00:00,7b7e9779-31a2-4162-8d63-88885c5bebaf,/Users/julio/Desktop/Archivo/Magister UAI/Capstone MIA 2025 2/Desarrollo/SW/capstone/malaria_dl_local_project/outputs/campaign_runs/3b914540-b13f-46d1-8047-38755ffd10f6/epoch_27.keras,29846306,fb4845799ea086c3cebad38b04f6bb05fe62b2677e61234f615cadffc2536027,False,,,,"{""path"":""/Users/julio/Desktop/Archivo/Magister UAI/Capstone MIA 2025 2/Desarrollo/SW/capstone/malaria_dl_local_project/outputs/campaign_runs/3b914540-b13f-46d1-8047-38755ffd10f6/epoch_27.keras"",""bytes"":29846306,""epoch"":27,""phase"":""fine_tuning"",""run_id"":""3b914540-b13f-46d1-8047-38755ffd10f6"",""sha256"":""fb4845799ea086c3cebad38b04f6bb05fe62b2677e61234f615cadffc2536027"",""version_id"":""7b7e9779-31a2-4162-8d63-88885c5bebaf"",""phase_epoch"":5}"
3b914540-b13f-46d1-8047-38755ffd10f6,densenet121,sgd,fine_tuning,28,6,train_execution_records,artifact,6,2026-10-03T05:00:20.694626+00:00,37a3140b-61ef-45f0-baaa-70a7dba2b08a,/Users/julio/Desktop/Archivo/Magister UAI/Capstone MIA 2025 2/Desarrollo/SW/capstone/malaria_dl_local_project/outputs/campaign_runs/3b914540-b13f-46d1-8047-38755ffd10f6/epoch_28.keras,29846306,8510370b0106d7db8d3f972cce84965c977da27e138a89ee6496e5c3feb6f947,False,,,,"{""path"":""/Users/julio/Desktop/Archivo/Magister UAI/Capstone MIA 2025 2/Desarrollo/SW/capstone/malaria_dl_local_project/outputs/campaign_runs/3b914540-b13f-46d1-8047-38755ffd10f6/epoch_28.keras"",""bytes"":29846306,""epoch"":28,""phase"":""fine_tuning"",""run_id"":""3b914540-b13f-46d1-8047-38755ffd10f6"",""sha256"":""8510370b0106d7db8d3f972cce84965c977da27e138a89ee6496e5c3feb6f947"",""version_id"":""37a3140b-61ef-45f0-baaa-70a7dba2b08a"",""phase_epoch"":6}"
3b914540-b13f-46d1-8047-38755ffd10f6,densenet121,sgd,fine_tuning,29,7,train_execution_records,artifact,7,2026-10-03T05:03:29.178849+00:00,63489e51-7b4c-4f62-b341-add92396b17f,/Users/julio/Desktop/Archivo/Magister UAI/Capstone MIA 2025 2/Desarrollo/SW/capstone/malaria_dl_local_project/outputs/campaign_runs/3b914540-b13f-46d1-8047-38755ffd10f6/epoch_29.keras,29846306,de0bc86cad035479832b6c07c98eba678b60b65ec81b470cb90b3afef1049559,False,,,,"{""path"":""/Users/julio/Desktop/Archivo/Magister UAI/Capstone MIA 2025 2/Desarrollo/SW/capstone/malaria_dl_local_project/outputs/campaign_runs/3b914540-b13f-46d1-8047-38755ffd10f6/epoch_29.keras"",""bytes"":29846306,""epoch"":29,""phase"":""fine_tuning"",""run_id"":""3b914540-b13f-46d1-8047-38755ffd10f6"",""sha256"":""de0bc86cad035479832b6c07c98eba678b60b65ec81b470cb90b3afef1049559"",""version_id"":""63489e51-7b4c-4f62-b341-add92396b17f"",""phase_epoch"":7}"
3b914540-b13f-46d1-8047-38755ffd10f6,densenet121,sgd,fine_tuning,30,8,train_execution_records,artifact,8,2026-10-03T05:06:37.55773+00:00,89a6a8a0-cfd1-4df6-8d4d-1308307c2a82,/Users/julio/Desktop/Archivo/Magister UAI/Capstone MIA 2025 2/Desarrollo/SW/capstone/malaria_dl_local_project/outputs/campaign_runs/3b914540-b13f-46d1-8047-38755ffd10f6/epoch_30.keras,29846306,2645ba8c73fd2e66e064de3622d33e1c8836f35bcc8eeefa0d4934bb2639d226,False,,,,"{""path"":""/Users/julio/Desktop/Archivo/Magister UAI/Capstone MIA 2025 2/Desarrollo/SW/capstone/malaria_dl_local_project/outputs/campaign_runs/3b914540-b13f-46d1-8047-38755ffd10f6/epoch_30.keras"",""bytes"":29846306,""epoch"":30,""phase"":""fine_tuning"",""run_id"":""3b914540-b13f-46d1-8047-38755ffd10f6"",""sha256"":""2645ba8c73fd2e66e064de3622d33e1c8836f35bcc8eeefa0d4934bb2639d226"",""version_id"":""89a6a8a0-cfd1-4df6-8d4d-1308307c2a82"",""phase_epoch"":8}"
3b914540-b13f-46d1-8047-38755ffd10f6,densenet121,sgd,fine_tuning,31,9,train_execution_records,artifact,9,2026-10-03T05:09:45.927587+00:00,9607fedd-6f98-494a-8a60-d3e749acf78c,/Users/julio/Desktop/Archivo/Magister UAI/Capstone MIA 2025 2/Desarrollo/SW/capstone/malaria_dl_local_project/outputs/campaign_runs/3b914540-b13f-46d1-8047-38755ffd10f6/epoch_31.keras,29846306,2c6fd0fc257d2b319f377911c8fee2649e2aecc881c8e9f3a64497a687c54998,False,,,,"{""path"":""/Users/julio/Desktop/Archivo/Magister UAI/Capstone MIA 2025 2/Desarrollo/SW/capstone/malaria_dl_local_project/outputs/campaign_runs/3b914540-b13f-46d1-8047-38755ffd10f6/epoch_31.keras"",""bytes"":29846306,""epoch"":31,""phase"":""fine_tuning"",""run_id"":""3b914540-b13f-46d1-8047-38755ffd10f6"",""sha256"":""2c6fd0fc257d2b319f377911c8fee2649e2aecc881c8e9f3a64497a687c54998"",""version_id"":""9607fedd-6f98-494a-8a60-d3e749acf78c"",""phase_epoch"":9}"
3b914540-b13f-46d1-8047-38755ffd10f6,densenet121,sgd,fine_tuning,32,10,train_execution_records,artifact,10,2026-10-03T05:12:54.278659+00:00,b5100a61-79a1-4f52-aa3b-f0e6975f229e,/Users/julio/Desktop/Archivo/Magister UAI/Capstone MIA 2025 2/Desarrollo/SW/capstone/malaria_dl_local_project/outputs/campaign_runs/3b914540-b13f-46d1-8047-38755ffd10f6/epoch_32.keras,29846306,3c7885d11e86770c5dca0bc757d155da6e89de0aba548c40ffa3fb98ff3db331,False,,,,"{""path"":""/Users/julio/Desktop/Archivo/Magister UAI/Capstone MIA 2025 2/Desarrollo/SW/capstone/malaria_dl_local_project/outputs/campaign_runs/3b914540-b13f-46d1-8047-38755ffd10f6/epoch_32.keras"",""bytes"":29846306,""epoch"":32,""phase"":""fine_tuning"",""run_id"":""3b914540-b13f-46d1-8047-38755ffd10f6"",""sha256"":""3c7885d11e86770c5dca0bc757d155da6e89de0aba548c40ffa3fb98ff3db331"",""version_id"":""b5100a61-79a1-4f52-aa3b-f0e6975f229e"",""phase_epoch"":10}"
3b914540-b13f-46d1-8047-38755ffd10f6,densenet121,sgd,fine_tuning,33,11,train_execution_records,artifact,11,2026-10-03T05:16:02.729327+00:00,0f77c88b-aa15-4e96-86a3-91aac74dabc6,/Users/julio/Desktop/Archivo/Magister UAI/Capstone MIA 2025 2/Desarrollo/SW/capstone/malaria_dl_local_project/outputs/campaign_runs/3b914540-b13f-46d1-8047-38755ffd10f6/epoch_33.keras,29846306,8f07116a1eafd77a13f509a431a6476cd4c41ee735f3e53fbaecde255f46856c,False,,,,"{""path"":""/Users/julio/Desktop/Archivo/Magister UAI/Capstone MIA 2025 2/Desarrollo/SW/capstone/malaria_dl_local_project/outputs/campaign_runs/3b914540-b13f-46d1-8047-38755ffd10f6/epoch_33.keras"",""bytes"":29846306,""epoch"":33,""phase"":""fine_tuning"",""run_id"":""3b914540-b13f-46d1-8047-38755ffd10f6"",""sha256"":""8f07116a1eafd77a13f509a431a6476cd4c41ee735f3e53fbaecde255f46856c"",""version_id"":""0f77c88b-aa15-4e96-86a3-91aac74dabc6"",""phase_epoch"":11}"
3b914540-b13f-46d1-8047-38755ffd10f6,densenet121,sgd,fine_tuning,34,12,train_execution_records,artifact,12,2026-10-03T05:19:11.149394+00:00,31ba5605-111d-4e1f-8df7-09d90dd7a43a,/Users/julio/Desktop/Archivo/Magister UAI/Capstone MIA 2025 2/Desarrollo/SW/capstone/malaria_dl_local_project/outputs/campaign_runs/3b914540-b13f-46d1-8047-38755ffd10f6/epoch_34.keras,29846306,4518d57bb2f3c3647687db433c87985cdfc00c3a94cd94b35c9384d37b749e6f,False,,,,"{""path"":""/Users/julio/Desktop/Archivo/Magister UAI/Capstone MIA 2025 2/Desarrollo/SW/capstone/malaria_dl_local_project/outputs/campaign_runs/3b914540-b13f-46d1-8047-38755ffd10f6/epoch_34.keras"",""bytes"":29846306,""epoch"":34,""phase"":""fine_tuning"",""run_id"":""3b914540-b13f-46d1-8047-38755ffd10f6"",""sha256"":""4518d57bb2f3c3647687db433c87985cdfc00c3a94cd94b35c9384d37b749e6f"",""version_id"":""31ba5605-111d-4e1f-8df7-09d90dd7a43a"",""phase_epoch"":12}"
3b914540-b13f-46d1-8047-38755ffd10f6,densenet121,sgd,fine_tuning,35,13,train_execution_records,artifact,13,2026-10-03T05:22:19.709178+00:00,ef4405ed-d511-4550-9ab7-17233670a05c,/Users/julio/Desktop/Archivo/Magister UAI/Capstone MIA 2025 2/Desarrollo/SW/capstone/malaria_dl_local_project/outputs/campaign_runs/3b914540-b13f-46d1-8047-38755ffd10f6/epoch_35.keras,29846306,a15f1331d8863cd0f77ec178368cbb55a55f8c004db79a3958b077437c2ff8af,False,,,,"{""path"":""/Users/julio/Desktop/Archivo/Magister UAI/Capstone MIA 2025 2/Desarrollo/SW/capstone/malaria_dl_local_project/outputs/campaign_runs/3b914540-b13f-46d1-8047-38755ffd10f6/epoch_35.keras"",""bytes"":29846306,""epoch"":35,""phase"":""fine_tuning"",""run_id"":""3b914540-b13f-46d1-8047-38755ffd10f6"",""sha256"":""a15f1331d8863cd0f77ec178368cbb55a55f8c004db79a3958b077437c2ff8af"",""version_id"":""ef4405ed-d511-4550-9ab7-17233670a05c"",""phase_epoch"":13}"
3b914540-b13f-46d1-8047-38755ffd10f6,densenet121,sgd,fine_tuning,36,14,train_execution_records,artifact,14,2026-10-03T05:25:27.970004+00:00,beeb6412-3c29-4518-9949-dc41c375d886,/Users/julio/Desktop/Archivo/Magister UAI/Capstone MIA 2025 2/Desarrollo/SW/capstone/malaria_dl_local_project/outputs/campaign_runs/3b914540-b13f-46d1-8047-38755ffd10f6/epoch_36.keras,29846306,eebca5ec19153cfc7b6e1a6490509401f368bf04c5717be04fa904dab91e29ed,False,,,,"{""path"":""/Users/julio/Desktop/Archivo/Magister UAI/Capstone MIA 2025 2/Desarrollo/SW/capstone/malaria_dl_local_project/outputs/campaign_runs/3b914540-b13f-46d1-8047-38755ffd10f6/epoch_36.keras"",""bytes"":29846306,""epoch"":36,""phase"":""fine_tuning"",""run_id"":""3b914540-b13f-46d1-8047-38755ffd10f6"",""sha256"":""eebca5ec19153cfc7b6e1a6490509401f368bf04c5717be04fa904dab91e29ed"",""version_id"":""beeb6412-3c29-4518-9949-dc41c375d886"",""phase_epoch"":14}"
3b914540-b13f-46d1-8047-38755ffd10f6,densenet121,sgd,fine_tuning,37,15,train_execution_records,artifact,15,2026-10-03T05:28:36.431724+00:00,9b46e460-2d75-43c5-896a-3ed6e6815fec,/Users/julio/Desktop/Archivo/Magister UAI/Capstone MIA 2025 2/Desarrollo/SW/capstone/malaria_dl_local_project/outputs/campaign_runs/3b914540-b13f-46d1-8047-38755ffd10f6/epoch_37.keras,29846306,ddf0752b9f93c2795f279556717042cc983ca42751212e1a916a46c138f1fe69,False,,,,"{""path"":""/Users/julio/Desktop/Archivo/Magister UAI/Capstone MIA 2025 2/Desarrollo/SW/capstone/malaria_dl_local_project/outputs/campaign_runs/3b914540-b13f-46d1-8047-38755ffd10f6/epoch_37.keras"",""bytes"":29846306,""epoch"":37,""phase"":""fine_tuning"",""run_id"":""3b914540-b13f-46d1-8047-38755ffd10f6"",""sha256"":""ddf0752b9f93c2795f279556717042cc983ca42751212e1a916a46c138f1fe69"",""version_id"":""9b46e460-2d75-43c5-896a-3ed6e6815fec"",""phase_epoch"":15}"
3b914540-b13f-46d1-8047-38755ffd10f6,densenet121,sgd,fine_tuning,38,16,train_execution_records,artifact,16,2026-10-03T05:31:45.128466+00:00,f251d40b-fa73-43d8-8fd9-e55fedea062a,/Users/julio/Desktop/Archivo/Magister UAI/Capstone MIA 2025 2/Desarrollo/SW/capstone/malaria_dl_local_project/outputs/campaign_runs/3b914540-b13f-46d1-8047-38755ffd10f6/epoch_38.keras,29846306,941d154a7b3bff65bbd470887629915ebbca8b6f21ae2c3a701bc3b3be2cb19e,False,,,,"{""path"":""/Users/julio/Desktop/Archivo/Magister UAI/Capstone MIA 2025 2/Desarrollo/SW/capstone/malaria_dl_local_project/outputs/campaign_runs/3b914540-b13f-46d1-8047-38755ffd10f6/epoch_38.keras"",""bytes"":29846306,""epoch"":38,""phase"":""fine_tuning"",""run_id"":""3b914540-b13f-46d1-8047-38755ffd10f6"",""sha256"":""941d154a7b3bff65bbd470887629915ebbca8b6f21ae2c3a701bc3b3be2cb19e"",""version_id"":""f251d40b-fa73-43d8-8fd9-e55fedea062a"",""phase_epoch"":16}"
3b914540-b13f-46d1-8047-38755ffd10f6,densenet121,sgd,fine_tuning,39,17,train_execution_records,artifact,17,2026-10-03T05:34:53.576833+00:00,81b3ebd4-19c7-4560-980d-72fc3b49ee83,/Users/julio/Desktop/Archivo/Magister UAI/Capstone MIA 2025 2/Desarrollo/SW/capstone/malaria_dl_local_project/outputs/campaign_runs/3b914540-b13f-46d1-8047-38755ffd10f6/epoch_39.keras,29846306,4756d820acedc4711438bc6c75739687f4fdfa73792e53326d61e921d343c114,False,,,,"{""path"":""/Users/julio/Desktop/Archivo/Magister UAI/Capstone MIA 2025 2/Desarrollo/SW/capstone/malaria_dl_local_project/outputs/campaign_runs/3b914540-b13f-46d1-8047-38755ffd10f6/epoch_39.keras"",""bytes"":29846306,""epoch"":39,""phase"":""fine_tuning"",""run_id"":""3b914540-b13f-46d1-8047-38755ffd10f6"",""sha256"":""4756d820acedc4711438bc6c75739687f4fdfa73792e53326d61e921d343c114"",""version_id"":""81b3ebd4-19c7-4560-980d-72fc3b49ee83"",""phase_epoch"":17}"
3b914540-b13f-46d1-8047-38755ffd10f6,densenet121,sgd,fine_tuning,40,18,train_execution_records,artifact,18,2026-10-03T05:38:01.774066+00:00,251a956d-52a0-434c-86ff-10b983222716,/Users/julio/Desktop/Archivo/Magister UAI/Capstone MIA 2025 2/Desarrollo/SW/capstone/malaria_dl_local_project/outputs/campaign_runs/3b914540-b13f-46d1-8047-38755ffd10f6/epoch_40.keras,29846306,46ac5d2c7d7b12f6f191c98bfd97ecdf6cc686e98d3e246d8a7b687835397547,False,,,,"{""path"":""/Users/julio/Desktop/Archivo/Magister UAI/Capstone MIA 2025 2/Desarrollo/SW/capstone/malaria_dl_local_project/outputs/campaign_runs/3b914540-b13f-46d1-8047-38755ffd10f6/epoch_40.keras"",""bytes"":29846306,""epoch"":40,""phase"":""fine_tuning"",""run_id"":""3b914540-b13f-46d1-8047-38755ffd10f6"",""sha256"":""46ac5d2c7d7b12f6f191c98bfd97ecdf6cc686e98d3e246d8a7b687835397547"",""version_id"":""251a956d-52a0-434c-86ff-10b983222716"",""phase_epoch"":18}"
3b914540-b13f-46d1-8047-38755ffd10f6,densenet121,sgd,fine_tuning,41,19,train_execution_records,artifact,19,2026-10-03T05:41:10.147302+00:00,59d41daf-bc9a-4268-bca7-e7ceef6274b9,/Users/julio/Desktop/Archivo/Magister UAI/Capstone MIA 2025 2/Desarrollo/SW/capstone/malaria_dl_local_project/outputs/campaign_runs/3b914540-b13f-46d1-8047-38755ffd10f6/epoch_41.keras,29846306,1f652951fdca2555f83ba4c3d4b512a33320f275411b9e15dba0e2d543b9f09d,False,,,,"{""path"":""/Users/julio/Desktop/Archivo/Magister UAI/Capstone MIA 2025 2/Desarrollo/SW/capstone/malaria_dl_local_project/outputs/campaign_runs/3b914540-b13f-46d1-8047-38755ffd10f6/epoch_41.keras"",""bytes"":29846306,""epoch"":41,""phase"":""fine_tuning"",""run_id"":""3b914540-b13f-46d1-8047-38755ffd10f6"",""sha256"":""1f652951fdca2555f83ba4c3d4b512a33320f275411b9e15dba0e2d543b9f09d"",""version_id"":""59d41daf-bc9a-4268-bca7-e7ceef6274b9"",""phase_epoch"":19}"
3b914540-b13f-46d1-8047-38755ffd10f6,densenet121,sgd,fine_tuning,42,20,train_execution_records,artifact,20,2026-10-03T05:44:15.812758+00:00,994d0945-8297-4caf-9974-5b58670df78f,/Users/julio/Desktop/Archivo/Magister UAI/Capstone MIA 2025 2/Desarrollo/SW/capstone/malaria_dl_local_project/outputs/campaign_runs/3b914540-b13f-46d1-8047-38755ffd10f6/epoch_42.keras,29846306,c53ca5931312401d4d3d03480e3517b670e32aa0fc8630b6009d7fec15ec1196,False,,,,"{""path"":""/Users/julio/Desktop/Archivo/Magister UAI/Capstone MIA 2025 2/Desarrollo/SW/capstone/malaria_dl_local_project/outputs/campaign_runs/3b914540-b13f-46d1-8047-38755ffd10f6/epoch_42.keras"",""bytes"":29846306,""epoch"":42,""phase"":""fine_tuning"",""run_id"":""3b914540-b13f-46d1-8047-38755ffd10f6"",""sha256"":""c53ca5931312401d4d3d03480e3517b670e32aa0fc8630b6009d7fec15ec1196"",""version_id"":""994d0945-8297-4caf-9974-5b58670df78f"",""phase_epoch"":20}"
565a1dac-9c51-411b-a76c-efeb1d38722c,custom_cnn,adadelta,base,1,1,train_execution_records,artifact,1,2026-10-02T14:42:14.269865+00:00,42db62d7-61d1-4fbe-b896-aa9b5c053d1a,/Users/julio/Desktop/Archivo/Magister UAI/Capstone MIA 2025 2/Desarrollo/SW/capstone/malaria_dl_local_project/outputs/campaign_runs/565a1dac-9c51-411b-a76c-efeb1d38722c/epoch_1.keras,5150117,26ebb461a50194d48a46b490f288fa9b70b2692aaed7eb4e39ffeca65868ae27,False,,,,"{""path"":""/Users/julio/Desktop/Archivo/Magister UAI/Capstone MIA 2025 2/Desarrollo/SW/capstone/malaria_dl_local_project/outputs/campaign_runs/565a1dac-9c51-411b-a76c-efeb1d38722c/epoch_1.keras"",""bytes"":5150117,""epoch"":1,""phase"":""base"",""run_id"":""565a1dac-9c51-411b-a76c-efeb1d38722c"",""sha256"":""26ebb461a50194d48a46b490f288fa9b70b2692aaed7eb4e39ffeca65868ae27"",""version_id"":""42db62d7-61d1-4fbe-b896-aa9b5c053d1a"",""phase_epoch"":1}"
565a1dac-9c51-411b-a76c-efeb1d38722c,custom_cnn,adadelta,base,2,2,train_execution_records,artifact,2,2026-10-02T14:45:20.580644+00:00,96335be3-528b-40f2-8414-fd4c61d8875a,/Users/julio/Desktop/Archivo/Magister UAI/Capstone MIA 2025 2/Desarrollo/SW/capstone/malaria_dl_local_project/outputs/campaign_runs/565a1dac-9c51-411b-a76c-efeb1d38722c/epoch_2.keras,5150117,8a99fab93a87b51c42c24e6a3508d8c1a45da381b9e3fe92a8ca04f5538665c4,False,,,,"{""path"":""/Users/julio/Desktop/Archivo/Magister UAI/Capstone MIA 2025 2/Desarrollo/SW/capstone/malaria_dl_local_project/outputs/campaign_runs/565a1dac-9c51-411b-a76c-efeb1d38722c/epoch_2.keras"",""bytes"":5150117,""epoch"":2,""phase"":""base"",""run_id"":""565a1dac-9c51-411b-a76c-efeb1d38722c"",""sha256"":""8a99fab93a87b51c42c24e6a3508d8c1a45da381b9e3fe92a8ca04f5538665c4"",""version_id"":""96335be3-528b-40f2-8414-fd4c61d8875a"",""phase_epoch"":2}"
565a1dac-9c51-411b-a76c-efeb1d38722c,custom_cnn,adadelta,base,3,3,train_execution_records,artifact,3,2026-10-02T14:48:30.10873+00:00,bd1ee71f-e7d6-43b9-823e-66b7d3f60326,/Users/julio/Desktop/Archivo/Magister UAI/Capstone MIA 2025 2/Desarrollo/SW/capstone/malaria_dl_local_project/outputs/campaign_runs/565a1dac-9c51-411b-a76c-efeb1d38722c/epoch_3.keras,5150117,c223bc3546921c966cb36e1f96d951ec4de1d77f416e69adfdfb49d949d70ba1,False,,,,"{""path"":""/Users/julio/Desktop/Archivo/Magister UAI/Capstone MIA 2025 2/Desarrollo/SW/capstone/malaria_dl_local_project/outputs/campaign_runs/565a1dac-9c51-411b-a76c-efeb1d38722c/epoch_3.keras"",""bytes"":5150117,""epoch"":3,""phase"":""base"",""run_id"":""565a1dac-9c51-411b-a76c-efeb1d38722c"",""sha256"":""c223bc3546921c966cb36e1f96d951ec4de1d77f416e69adfdfb49d949d70ba1"",""version_id"":""bd1ee71f-e7d6-43b9-823e-66b7d3f60326"",""phase_epoch"":3}"
565a1dac-9c51-411b-a76c-efeb1d38722c,custom_cnn,adadelta,base,4,4,train_execution_records,artifact,4,2026-10-02T14:51:38.336749+00:00,78636d34-463d-40a3-927a-12b2542b47c2,/Users/julio/Desktop/Archivo/Magister UAI/Capstone MIA 2025 2/Desarrollo/SW/capstone/malaria_dl_local_project/outputs/campaign_runs/565a1dac-9c51-411b-a76c-efeb1d38722c/epoch_4.keras,5150117,74a3cd8103d2ec912890cb2a3e09e27df17481ad1fd5452f2be534ecc498b29a,False,,,,"{""path"":""/Users/julio/Desktop/Archivo/Magister UAI/Capstone MIA 2025 2/Desarrollo/SW/capstone/malaria_dl_local_project/outputs/campaign_runs/565a1dac-9c51-411b-a76c-efeb1d38722c/epoch_4.keras"",""bytes"":5150117,""epoch"":4,""phase"":""base"",""run_id"":""565a1dac-9c51-411b-a76c-efeb1d38722c"",""sha256"":""74a3cd8103d2ec912890cb2a3e09e27df17481ad1fd5452f2be534ecc498b29a"",""version_id"":""78636d34-463d-40a3-927a-12b2542b47c2"",""phase_epoch"":4}"
565a1dac-9c51-411b-a76c-efeb1d38722c,custom_cnn,adadelta,base,5,5,train_execution_records,artifact,5,2026-10-02T14:54:47.474656+00:00,8b0549f5-5b02-4cad-886a-547a7b6387b8,/Users/julio/Desktop/Archivo/Magister UAI/Capstone MIA 2025 2/Desarrollo/SW/capstone/malaria_dl_local_project/outputs/campaign_runs/565a1dac-9c51-411b-a76c-efeb1d38722c/epoch_5.keras,5150117,f24ac414ed0a22938a96f6c721cd8c713bc86e62441309a17ddfe7ab0e6effe1,False,,,,"{""path"":""/Users/julio/Desktop/Archivo/Magister UAI/Capstone MIA 2025 2/Desarrollo/SW/capstone/malaria_dl_local_project/outputs/campaign_runs/565a1dac-9c51-411b-a76c-efeb1d38722c/epoch_5.keras"",""bytes"":5150117,""epoch"":5,""phase"":""base"",""run_id"":""565a1dac-9c51-411b-a76c-efeb1d38722c"",""sha256"":""f24ac414ed0a22938a96f6c721cd8c713bc86e62441309a17ddfe7ab0e6effe1"",""version_id"":""8b0549f5-5b02-4cad-886a-547a7b6387b8"",""phase_epoch"":5}"
565a1dac-9c51-411b-a76c-efeb1d38722c,custom_cnn,adadelta,base,6,6,train_execution_records,artifact,6,2026-10-02T14:57:56.711624+00:00,dc077c0a-3d11-4dbe-9588-5b99c8f9013a,/Users/julio/Desktop/Archivo/Magister UAI/Capstone MIA 2025 2/Desarrollo/SW/capstone/malaria_dl_local_project/outputs/campaign_runs/565a1dac-9c51-411b-a76c-efeb1d38722c/epoch_6.keras,5150117,f248e4015c832be6d8c7e50baae62df3d55006c9f381a13c29a8a86c4d51290e,False,,,,"{""path"":""/Users/julio/Desktop/Archivo/Magister UAI/Capstone MIA 2025 2/Desarrollo/SW/capstone/malaria_dl_local_project/outputs/campaign_runs/565a1dac-9c51-411b-a76c-efeb1d38722c/epoch_6.keras"",""bytes"":5150117,""epoch"":6,""phase"":""base"",""run_id"":""565a1dac-9c51-411b-a76c-efeb1d38722c"",""sha256"":""f248e4015c832be6d8c7e50baae62df3d55006c9f381a13c29a8a86c4d51290e"",""version_id"":""dc077c0a-3d11-4dbe-9588-5b99c8f9013a"",""phase_epoch"":6}"
565a1dac-9c51-411b-a76c-efeb1d38722c,custom_cnn,adadelta,base,7,7,train_execution_records,artifact,7,2026-10-02T15:01:07.290443+00:00,dcdadb92-43c4-4891-aabf-3c462ad1c21f,/Users/julio/Desktop/Archivo/Magister UAI/Capstone MIA 2025 2/Desarrollo/SW/capstone/malaria_dl_local_project/outputs/campaign_runs/565a1dac-9c51-411b-a76c-efeb1d38722c/epoch_7.keras,5150117,53e5bf3f3e05cac446721d69147e8a2052891fe37f9ab5fd2566cd5b703e9abd,False,,,,"{""path"":""/Users/julio/Desktop/Archivo/Magister UAI/Capstone MIA 2025 2/Desarrollo/SW/capstone/malaria_dl_local_project/outputs/campaign_runs/565a1dac-9c51-411b-a76c-efeb1d38722c/epoch_7.keras"",""bytes"":5150117,""epoch"":7,""phase"":""base"",""run_id"":""565a1dac-9c51-411b-a76c-efeb1d38722c"",""sha256"":""53e5bf3f3e05cac446721d69147e8a2052891fe37f9ab5fd2566cd5b703e9abd"",""version_id"":""dcdadb92-43c4-4891-aabf-3c462ad1c21f"",""phase_epoch"":7}"
565a1dac-9c51-411b-a76c-efeb1d38722c,custom_cnn,adadelta,base,8,8,train_execution_records,artifact,8,2026-10-02T15:04:19.564892+00:00,04541afd-7f34-4c23-9fd5-0e530f8a3ccd,/Users/julio/Desktop/Archivo/Magister UAI/Capstone MIA 2025 2/Desarrollo/SW/capstone/malaria_dl_local_project/outputs/campaign_runs/565a1dac-9c51-411b-a76c-efeb1d38722c/epoch_8.keras,5150117,6cf4f35c144a1ca5c86e6db17dd4c9cdd33917ac682636cae0012078933f7c74,False,,,,"{""path"":""/Users/julio/Desktop/Archivo/Magister UAI/Capstone MIA 2025 2/Desarrollo/SW/capstone/malaria_dl_local_project/outputs/campaign_runs/565a1dac-9c51-411b-a76c-efeb1d38722c/epoch_8.keras"",""bytes"":5150117,""epoch"":8,""phase"":""base"",""run_id"":""565a1dac-9c51-411b-a76c-efeb1d38722c"",""sha256"":""6cf4f35c144a1ca5c86e6db17dd4c9cdd33917ac682636cae0012078933f7c74"",""version_id"":""04541afd-7f34-4c23-9fd5-0e530f8a3ccd"",""phase_epoch"":8}"
565a1dac-9c51-411b-a76c-efeb1d38722c,custom_cnn,adadelta,base,9,9,train_execution_records,artifact,9,2026-10-02T15:07:30.64444+00:00,76f33b02-685f-4cc8-885e-4acc10b43125,/Users/julio/Desktop/Archivo/Magister UAI/Capstone MIA 2025 2/Desarrollo/SW/capstone/malaria_dl_local_project/outputs/campaign_runs/565a1dac-9c51-411b-a76c-efeb1d38722c/epoch_9.keras,5150117,de056816356d27dff93b931ab1517b0dd9ec40f0667cff7cfe44f491699a8787,False,,,,"{""path"":""/Users/julio/Desktop/Archivo/Magister UAI/Capstone MIA 2025 2/Desarrollo/SW/capstone/malaria_dl_local_project/outputs/campaign_runs/565a1dac-9c51-411b-a76c-efeb1d38722c/epoch_9.keras"",""bytes"":5150117,""epoch"":9,""phase"":""base"",""run_id"":""565a1dac-9c51-411b-a76c-efeb1d38722c"",""sha256"":""de056816356d27dff93b931ab1517b0dd9ec40f0667cff7cfe44f491699a8787"",""version_id"":""76f33b02-685f-4cc8-885e-4acc10b43125"",""phase_epoch"":9}"
565a1dac-9c51-411b-a76c-efeb1d38722c,custom_cnn,adadelta,base,10,10,train_execution_records,artifact,10,2026-10-02T15:10:40.352445+00:00,b19fbe7c-4203-414d-83fd-e7844d4adbec,/Users/julio/Desktop/Archivo/Magister UAI/Capstone MIA 2025 2/Desarrollo/SW/capstone/malaria_dl_local_project/outputs/campaign_runs/565a1dac-9c51-411b-a76c-efeb1d38722c/epoch_10.keras,5150117,a7855a0a0a2464ac877229821e2d41172838c930bab212bf0eea0193242f6069,False,,,,"{""path"":""/Users/julio/Desktop/Archivo/Magister UAI/Capstone MIA 2025 2/Desarrollo/SW/capstone/malaria_dl_local_project/outputs/campaign_runs/565a1dac-9c51-411b-a76c-efeb1d38722c/epoch_10.keras"",""bytes"":5150117,""epoch"":10,""phase"":""base"",""run_id"":""565a1dac-9c51-411b-a76c-efeb1d38722c"",""sha256"":""a7855a0a0a2464ac877229821e2d41172838c930bab212bf0eea0193242f6069"",""version_id"":""b19fbe7c-4203-414d-83fd-e7844d4adbec"",""phase_epoch"":10}"
565a1dac-9c51-411b-a76c-efeb1d38722c,custom_cnn,adadelta,base,11,11,train_execution_records,artifact,11,2026-10-02T15:13:49.675366+00:00,16d209ad-0240-4279-9a88-7a2e3c6a85c4,/Users/julio/Desktop/Archivo/Magister UAI/Capstone MIA 2025 2/Desarrollo/SW/capstone/malaria_dl_local_project/outputs/campaign_runs/565a1dac-9c51-411b-a76c-efeb1d38722c/epoch_11.keras,5150117,e8e6e5f678c326b10888add7f0b1eec9c4e8d721fc948810fe5f67e442dbec95,False,,,,"{""path"":""/Users/julio/Desktop/Archivo/Magister UAI/Capstone MIA 2025 2/Desarrollo/SW/capstone/malaria_dl_local_project/outputs/campaign_runs/565a1dac-9c51-411b-a76c-efeb1d38722c/epoch_11.keras"",""bytes"":5150117,""epoch"":11,""phase"":""base"",""run_id"":""565a1dac-9c51-411b-a76c-efeb1d38722c"",""sha256"":""e8e6e5f678c326b10888add7f0b1eec9c4e8d721fc948810fe5f67e442dbec95"",""version_id"":""16d209ad-0240-4279-9a88-7a2e3c6a85c4"",""phase_epoch"":11}"
565a1dac-9c51-411b-a76c-efeb1d38722c,custom_cnn,adadelta,base,12,12,train_execution_records,artifact,12,2026-10-02T15:17:00.34079+00:00,bceef26e-2bbb-46c1-995d-ff07e6a17481,/Users/julio/Desktop/Archivo/Magister UAI/Capstone MIA 2025 2/Desarrollo/SW/capstone/malaria_dl_local_project/outputs/campaign_runs/565a1dac-9c51-411b-a76c-efeb1d38722c/epoch_12.keras,5150117,2a4c51b13aae056c55c8e02974f2d2664fd4e5c31bd7ad26b9299655dd80de87,False,,,,"{""path"":""/Users/julio/Desktop/Archivo/Magister UAI/Capstone MIA 2025 2/Desarrollo/SW/capstone/malaria_dl_local_project/outputs/campaign_runs/565a1dac-9c51-411b-a76c-efeb1d38722c/epoch_12.keras"",""bytes"":5150117,""epoch"":12,""phase"":""base"",""run_id"":""565a1dac-9c51-411b-a76c-efeb1d38722c"",""sha256"":""2a4c51b13aae056c55c8e02974f2d2664fd4e5c31bd7ad26b9299655dd80de87"",""version_id"":""bceef26e-2bbb-46c1-995d-ff07e6a17481"",""phase_epoch"":12}"
565a1dac-9c51-411b-a76c-efeb1d38722c,custom_cnn,adadelta,base,13,13,train_execution_records,artifact,13,2026-10-02T15:20:10.765361+00:00,8591479c-1e4e-4d0d-885a-6eabf697516f,/Users/julio/Desktop/Archivo/Magister UAI/Capstone MIA 2025 2/Desarrollo/SW/capstone/malaria_dl_local_project/outputs/campaign_runs/565a1dac-9c51-411b-a76c-efeb1d38722c/epoch_13.keras,5150117,348889e7f4c15205e9472ad0ade81439f497f5df941f495b3e64c73249d3e4a8,False,,,,"{""path"":""/Users/julio/Desktop/Archivo/Magister UAI/Capstone MIA 2025 2/Desarrollo/SW/capstone/malaria_dl_local_project/outputs/campaign_runs/565a1dac-9c51-411b-a76c-efeb1d38722c/epoch_13.keras"",""bytes"":5150117,""epoch"":13,""phase"":""base"",""run_id"":""565a1dac-9c51-411b-a76c-efeb1d38722c"",""sha256"":""348889e7f4c15205e9472ad0ade81439f497f5df941f495b3e64c73249d3e4a8"",""version_id"":""8591479c-1e4e-4d0d-885a-6eabf697516f"",""phase_epoch"":13}"
565a1dac-9c51-411b-a76c-efeb1d38722c,custom_cnn,adadelta,base,14,14,train_execution_records,artifact,14,2026-10-02T15:23:25.089133+00:00,3e6d80d5-1ccd-415c-bd4e-0ec684c6f79d,/Users/julio/Desktop/Archivo/Magister UAI/Capstone MIA 2025 2/Desarrollo/SW/capstone/malaria_dl_local_project/outputs/campaign_runs/565a1dac-9c51-411b-a76c-efeb1d38722c/epoch_14.keras,5150117,c05d21ab4b932b2e65daecc8b524bf492dba61c6ca5d360a4b4bea90a4be2192,True,0558c938-3d10-5081-9f56-beb1702f49b2,available,"{""id"":""0558c938-3d10-5081-9f56-beb1702f49b2"",""run_id"":""565a1dac-9c51-411b-a76c-efeb1d38722c"",""artifact_type"":""model_checkpoint"",""name"":""epoch_14.keras"",""path"":""/Users/julio/Desktop/Archivo/Magister UAI/Capstone MIA 2025 2/Desarrollo/SW/capstone/malaria_dl_local_project/outputs/campaign_runs/565a1dac-9c51-411b-a76c-efeb1d38722c/epoch_14.keras"",""mime_type"":""application/octet-stream"",""file_size_bytes"":5150117,""checksum"":""c05d21ab4b932b2e65daecc8b524bf492dba61c6ca5d360a4b4bea90a4be2192"",""created_at"":""2026-10-02T16:02:23.674441+00:00"",""metadata"":{""role"":""selected_checkpoint"",""epoch"":14,""phase"":""base"",""source"":""e10_train"",""version_id"":""3e6d80d5-1ccd-415c-bd4e-0ec684c6f79d""},""artifact_uri"":null,""artifact_status"":""available"",""archived_at"":null}","{""path"":""/Users/julio/Desktop/Archivo/Magister UAI/Capstone MIA 2025 2/Desarrollo/SW/capstone/malaria_dl_local_project/outputs/campaign_runs/565a1dac-9c51-411b-a76c-efeb1d38722c/epoch_14.keras"",""bytes"":5150117,""epoch"":14,""phase"":""base"",""run_id"":""565a1dac-9c51-411b-a76c-efeb1d38722c"",""sha256"":""c05d21ab4b932b2e65daecc8b524bf492dba61c6ca5d360a4b4bea90a4be2192"",""version_id"":""3e6d80d5-1ccd-415c-bd4e-0ec684c6f79d"",""phase_epoch"":14}"
565a1dac-9c51-411b-a76c-efeb1d38722c,custom_cnn,adadelta,base,15,15,train_execution_records,artifact,15,2026-10-02T15:26:37.638595+00:00,faa76471-95d0-41d4-93cc-eaf127207e67,/Users/julio/Desktop/Archivo/Magister UAI/Capstone MIA 2025 2/Desarrollo/SW/capstone/malaria_dl_local_project/outputs/campaign_runs/565a1dac-9c51-411b-a76c-efeb1d38722c/epoch_15.keras,5150117,52e37db0e05863980ebee373ff4180903316f4a0f9d13f4867d1bcc3e6729e2e,False,,,,"{""path"":""/Users/julio/Desktop/Archivo/Magister UAI/Capstone MIA 2025 2/Desarrollo/SW/capstone/malaria_dl_local_project/outputs/campaign_runs/565a1dac-9c51-411b-a76c-efeb1d38722c/epoch_15.keras"",""bytes"":5150117,""epoch"":15,""phase"":""base"",""run_id"":""565a1dac-9c51-411b-a76c-efeb1d38722c"",""sha256"":""52e37db0e05863980ebee373ff4180903316f4a0f9d13f4867d1bcc3e6729e2e"",""version_id"":""faa76471-95d0-41d4-93cc-eaf127207e67"",""phase_epoch"":15}"
565a1dac-9c51-411b-a76c-efeb1d38722c,custom_cnn,adadelta,base,16,16,train_execution_records,artifact,16,2026-10-02T15:29:51.543165+00:00,738aa882-07aa-4aca-a2b8-b4e9f59b70d2,/Users/julio/Desktop/Archivo/Magister UAI/Capstone MIA 2025 2/Desarrollo/SW/capstone/malaria_dl_local_project/outputs/campaign_runs/565a1dac-9c51-411b-a76c-efeb1d38722c/epoch_16.keras,5150117,0b20ce64ee7194e116b11cac5b4aec17ae289508b7aa1064df9e4c1a7043bbe0,False,,,,"{""path"":""/Users/julio/Desktop/Archivo/Magister UAI/Capstone MIA 2025 2/Desarrollo/SW/capstone/malaria_dl_local_project/outputs/campaign_runs/565a1dac-9c51-411b-a76c-efeb1d38722c/epoch_16.keras"",""bytes"":5150117,""epoch"":16,""phase"":""base"",""run_id"":""565a1dac-9c51-411b-a76c-efeb1d38722c"",""sha256"":""0b20ce64ee7194e116b11cac5b4aec17ae289508b7aa1064df9e4c1a7043bbe0"",""version_id"":""738aa882-07aa-4aca-a2b8-b4e9f59b70d2"",""phase_epoch"":16}"
565a1dac-9c51-411b-a76c-efeb1d38722c,custom_cnn,adadelta,base,17,17,train_execution_records,artifact,17,2026-10-02T15:33:04.030527+00:00,b36f3069-eaa9-47c5-88a5-4fd167983d20,/Users/julio/Desktop/Archivo/Magister UAI/Capstone MIA 2025 2/Desarrollo/SW/capstone/malaria_dl_local_project/outputs/campaign_runs/565a1dac-9c51-411b-a76c-efeb1d38722c/epoch_17.keras,5150117,f8a6a94643bdce79282829fb8412b186a09611188e97d1a5da6c18176e758336,False,,,,"{""path"":""/Users/julio/Desktop/Archivo/Magister UAI/Capstone MIA 2025 2/Desarrollo/SW/capstone/malaria_dl_local_project/outputs/campaign_runs/565a1dac-9c51-411b-a76c-efeb1d38722c/epoch_17.keras"",""bytes"":5150117,""epoch"":17,""phase"":""base"",""run_id"":""565a1dac-9c51-411b-a76c-efeb1d38722c"",""sha256"":""f8a6a94643bdce79282829fb8412b186a09611188e97d1a5da6c18176e758336"",""version_id"":""b36f3069-eaa9-47c5-88a5-4fd167983d20"",""phase_epoch"":17}"
565a1dac-9c51-411b-a76c-efeb1d38722c,custom_cnn,adadelta,base,18,18,train_execution_records,artifact,18,2026-10-02T15:36:17.222983+00:00,58532184-18d4-4322-b5a7-5771643581a0,/Users/julio/Desktop/Archivo/Magister UAI/Capstone MIA 2025 2/Desarrollo/SW/capstone/malaria_dl_local_project/outputs/campaign_runs/565a1dac-9c51-411b-a76c-efeb1d38722c/epoch_18.keras,5150118,1a104bceb976fe92b8cbcfe6bea80f669b0c443cdce6c8b521e19c757d471fc2,False,,,,"{""path"":""/Users/julio/Desktop/Archivo/Magister UAI/Capstone MIA 2025 2/Desarrollo/SW/capstone/malaria_dl_local_project/outputs/campaign_runs/565a1dac-9c51-411b-a76c-efeb1d38722c/epoch_18.keras"",""bytes"":5150118,""epoch"":18,""phase"":""base"",""run_id"":""565a1dac-9c51-411b-a76c-efeb1d38722c"",""sha256"":""1a104bceb976fe92b8cbcfe6bea80f669b0c443cdce6c8b521e19c757d471fc2"",""version_id"":""58532184-18d4-4322-b5a7-5771643581a0"",""phase_epoch"":18}"
565a1dac-9c51-411b-a76c-efeb1d38722c,custom_cnn,adadelta,base,19,19,train_execution_records,artifact,19,2026-10-02T15:39:31.874893+00:00,e0eb464e-a558-4d3c-900e-30d27a3f56cf,/Users/julio/Desktop/Archivo/Magister UAI/Capstone MIA 2025 2/Desarrollo/SW/capstone/malaria_dl_local_project/outputs/campaign_runs/565a1dac-9c51-411b-a76c-efeb1d38722c/epoch_19.keras,5150118,4a447341878b151705b1a3a081cf857c5f256817c5a91821c64b1c48f47927cd,False,,,,"{""path"":""/Users/julio/Desktop/Archivo/Magister UAI/Capstone MIA 2025 2/Desarrollo/SW/capstone/malaria_dl_local_project/outputs/campaign_runs/565a1dac-9c51-411b-a76c-efeb1d38722c/epoch_19.keras"",""bytes"":5150118,""epoch"":19,""phase"":""base"",""run_id"":""565a1dac-9c51-411b-a76c-efeb1d38722c"",""sha256"":""4a447341878b151705b1a3a081cf857c5f256817c5a91821c64b1c48f47927cd"",""version_id"":""e0eb464e-a558-4d3c-900e-30d27a3f56cf"",""phase_epoch"":19}"
565a1dac-9c51-411b-a76c-efeb1d38722c,custom_cnn,adadelta,base,20,20,train_execution_records,artifact,20,2026-10-02T15:42:45.704621+00:00,f0bf7a72-5a80-4229-a97e-4b23e2084062,/Users/julio/Desktop/Archivo/Magister UAI/Capstone MIA 2025 2/Desarrollo/SW/capstone/malaria_dl_local_project/outputs/campaign_runs/565a1dac-9c51-411b-a76c-efeb1d38722c/epoch_20.keras,5150118,49a3e3e6079b168dca1da7a769e720934c3358a4e6df984cedbd8747b72e5060,False,,,,"{""path"":""/Users/julio/Desktop/Archivo/Magister UAI/Capstone MIA 2025 2/Desarrollo/SW/capstone/malaria_dl_local_project/outputs/campaign_runs/565a1dac-9c51-411b-a76c-efeb1d38722c/epoch_20.keras"",""bytes"":5150118,""epoch"":20,""phase"":""base"",""run_id"":""565a1dac-9c51-411b-a76c-efeb1d38722c"",""sha256"":""49a3e3e6079b168dca1da7a769e720934c3358a4e6df984cedbd8747b72e5060"",""version_id"":""f0bf7a72-5a80-4229-a97e-4b23e2084062"",""phase_epoch"":20}"
565a1dac-9c51-411b-a76c-efeb1d38722c,custom_cnn,adadelta,base,21,21,train_execution_records,artifact,21,2026-10-02T15:46:00.675746+00:00,25aae876-136e-45a8-9d32-ec155e375f4f,/Users/julio/Desktop/Archivo/Magister UAI/Capstone MIA 2025 2/Desarrollo/SW/capstone/malaria_dl_local_project/outputs/campaign_runs/565a1dac-9c51-411b-a76c-efeb1d38722c/epoch_21.keras,5150118,5045b6baf84508fb74380bf458f7c775d54cacfd21b230fd907d2d80e9581b51,False,,,,"{""path"":""/Users/julio/Desktop/Archivo/Magister UAI/Capstone MIA 2025 2/Desarrollo/SW/capstone/malaria_dl_local_project/outputs/campaign_runs/565a1dac-9c51-411b-a76c-efeb1d38722c/epoch_21.keras"",""bytes"":5150118,""epoch"":21,""phase"":""base"",""run_id"":""565a1dac-9c51-411b-a76c-efeb1d38722c"",""sha256"":""5045b6baf84508fb74380bf458f7c775d54cacfd21b230fd907d2d80e9581b51"",""version_id"":""25aae876-136e-45a8-9d32-ec155e375f4f"",""phase_epoch"":21}"
565a1dac-9c51-411b-a76c-efeb1d38722c,custom_cnn,adadelta,base,22,22,train_execution_records,artifact,22,2026-10-02T15:49:16.825735+00:00,2d0a643a-29f7-4626-99a6-7d4e3be7267b,/Users/julio/Desktop/Archivo/Magister UAI/Capstone MIA 2025 2/Desarrollo/SW/capstone/malaria_dl_local_project/outputs/campaign_runs/565a1dac-9c51-411b-a76c-efeb1d38722c/epoch_22.keras,5150118,dee74a820be1bbed29bc4f079356725720a7f2213c63f1a380e2722c8aea3b43,False,,,,"{""path"":""/Users/julio/Desktop/Archivo/Magister UAI/Capstone MIA 2025 2/Desarrollo/SW/capstone/malaria_dl_local_project/outputs/campaign_runs/565a1dac-9c51-411b-a76c-efeb1d38722c/epoch_22.keras"",""bytes"":5150118,""epoch"":22,""phase"":""base"",""run_id"":""565a1dac-9c51-411b-a76c-efeb1d38722c"",""sha256"":""dee74a820be1bbed29bc4f079356725720a7f2213c63f1a380e2722c8aea3b43"",""version_id"":""2d0a643a-29f7-4626-99a6-7d4e3be7267b"",""phase_epoch"":22}"
565a1dac-9c51-411b-a76c-efeb1d38722c,custom_cnn,adadelta,base,23,23,train_execution_records,artifact,23,2026-10-02T15:52:33.025949+00:00,0be9f0e7-0bd3-4f45-b588-a6ce8af75810,/Users/julio/Desktop/Archivo/Magister UAI/Capstone MIA 2025 2/Desarrollo/SW/capstone/malaria_dl_local_project/outputs/campaign_runs/565a1dac-9c51-411b-a76c-efeb1d38722c/epoch_23.keras,5150119,90fb910a81556166acfa33b5aa37b72ee3e3ceebb288e5e1de8fb0321b3e3a0b,False,,,,"{""path"":""/Users/julio/Desktop/Archivo/Magister UAI/Capstone MIA 2025 2/Desarrollo/SW/capstone/malaria_dl_local_project/outputs/campaign_runs/565a1dac-9c51-411b-a76c-efeb1d38722c/epoch_23.keras"",""bytes"":5150119,""epoch"":23,""phase"":""base"",""run_id"":""565a1dac-9c51-411b-a76c-efeb1d38722c"",""sha256"":""90fb910a81556166acfa33b5aa37b72ee3e3ceebb288e5e1de8fb0321b3e3a0b"",""version_id"":""0be9f0e7-0bd3-4f45-b588-a6ce8af75810"",""phase_epoch"":23}"
565a1dac-9c51-411b-a76c-efeb1d38722c,custom_cnn,adadelta,base,24,24,train_execution_records,artifact,24,2026-10-02T15:55:48.944973+00:00,78bc9f09-5ecc-4f71-ad0c-fe7c44cfbac8,/Users/julio/Desktop/Archivo/Magister UAI/Capstone MIA 2025 2/Desarrollo/SW/capstone/malaria_dl_local_project/outputs/campaign_runs/565a1dac-9c51-411b-a76c-efeb1d38722c/epoch_24.keras,5150119,45eec96fa8112259954f3dc9a3539d986dd7b8e0e8bb9db94adc5d035c9eaf13,False,,,,"{""path"":""/Users/julio/Desktop/Archivo/Magister UAI/Capstone MIA 2025 2/Desarrollo/SW/capstone/malaria_dl_local_project/outputs/campaign_runs/565a1dac-9c51-411b-a76c-efeb1d38722c/epoch_24.keras"",""bytes"":5150119,""epoch"":24,""phase"":""base"",""run_id"":""565a1dac-9c51-411b-a76c-efeb1d38722c"",""sha256"":""45eec96fa8112259954f3dc9a3539d986dd7b8e0e8bb9db94adc5d035c9eaf13"",""version_id"":""78bc9f09-5ecc-4f71-ad0c-fe7c44cfbac8"",""phase_epoch"":24}"
565a1dac-9c51-411b-a76c-efeb1d38722c,custom_cnn,adadelta,base,25,25,train_execution_records,artifact,25,2026-10-02T15:59:04.464227+00:00,c4d56ddf-c0aa-49ed-a400-3a178ae673d0,/Users/julio/Desktop/Archivo/Magister UAI/Capstone MIA 2025 2/Desarrollo/SW/capstone/malaria_dl_local_project/outputs/campaign_runs/565a1dac-9c51-411b-a76c-efeb1d38722c/epoch_25.keras,5150119,e2f9dc0d05df0aa32fa79a39b453b3f1605c83ddaac35db153dbad3556b109ec,False,,,,"{""path"":""/Users/julio/Desktop/Archivo/Magister UAI/Capstone MIA 2025 2/Desarrollo/SW/capstone/malaria_dl_local_project/outputs/campaign_runs/565a1dac-9c51-411b-a76c-efeb1d38722c/epoch_25.keras"",""bytes"":5150119,""epoch"":25,""phase"":""base"",""run_id"":""565a1dac-9c51-411b-a76c-efeb1d38722c"",""sha256"":""e2f9dc0d05df0aa32fa79a39b453b3f1605c83ddaac35db153dbad3556b109ec"",""version_id"":""c4d56ddf-c0aa-49ed-a400-3a178ae673d0"",""phase_epoch"":25}"
565a1dac-9c51-411b-a76c-efeb1d38722c,custom_cnn,adadelta,base,26,26,train_execution_records,artifact,26,2026-10-02T16:02:18.260565+00:00,91a11579-853d-4640-8f82-2e20f30135a1,/Users/julio/Desktop/Archivo/Magister UAI/Capstone MIA 2025 2/Desarrollo/SW/capstone/malaria_dl_local_project/outputs/campaign_runs/565a1dac-9c51-411b-a76c-efeb1d38722c/epoch_26.keras,5150119,29a923c6ee422e58cf98d62f3406c102d5cbfdba0319b748076f9bf5f50626a1,False,,,,"{""path"":""/Users/julio/Desktop/Archivo/Magister UAI/Capstone MIA 2025 2/Desarrollo/SW/capstone/malaria_dl_local_project/outputs/campaign_runs/565a1dac-9c51-411b-a76c-efeb1d38722c/epoch_26.keras"",""bytes"":5150119,""epoch"":26,""phase"":""base"",""run_id"":""565a1dac-9c51-411b-a76c-efeb1d38722c"",""sha256"":""29a923c6ee422e58cf98d62f3406c102d5cbfdba0319b748076f9bf5f50626a1"",""version_id"":""91a11579-853d-4640-8f82-2e20f30135a1"",""phase_epoch"":26}"
6021d446-25d3-4347-8b28-20b02c5fccd2,vgg16,adadelta,base,1,1,train_execution_records,artifact,1,2026-10-03T05:55:57.312638+00:00,ca27c874-2073-4136-83b3-610059d6767d,/Users/julio/Desktop/Archivo/Magister UAI/Capstone MIA 2025 2/Desarrollo/SW/capstone/malaria_dl_local_project/outputs/campaign_runs/6021d446-25d3-4347-8b28-20b02c5fccd2/epoch_1.keras,65268547,d038fff7cfb3189f2b61239c8ac9858cbb13496d47d7cd91b2da6e2e1d686b8f,False,,,,"{""path"":""/Users/julio/Desktop/Archivo/Magister UAI/Capstone MIA 2025 2/Desarrollo/SW/capstone/malaria_dl_local_project/outputs/campaign_runs/6021d446-25d3-4347-8b28-20b02c5fccd2/epoch_1.keras"",""bytes"":65268547,""epoch"":1,""phase"":""base"",""run_id"":""6021d446-25d3-4347-8b28-20b02c5fccd2"",""sha256"":""d038fff7cfb3189f2b61239c8ac9858cbb13496d47d7cd91b2da6e2e1d686b8f"",""version_id"":""ca27c874-2073-4136-83b3-610059d6767d"",""phase_epoch"":1}"
6021d446-25d3-4347-8b28-20b02c5fccd2,vgg16,adadelta,base,2,2,train_execution_records,artifact,2,2026-10-03T06:07:38.330775+00:00,ce9e5f9c-16db-495b-923e-51966e8eff4b,/Users/julio/Desktop/Archivo/Magister UAI/Capstone MIA 2025 2/Desarrollo/SW/capstone/malaria_dl_local_project/outputs/campaign_runs/6021d446-25d3-4347-8b28-20b02c5fccd2/epoch_2.keras,65268547,d05e5b8b6a6675b00640c24d648ee6864a74ecc108d6b48339ac0e1cddf592dd,False,,,,"{""path"":""/Users/julio/Desktop/Archivo/Magister UAI/Capstone MIA 2025 2/Desarrollo/SW/capstone/malaria_dl_local_project/outputs/campaign_runs/6021d446-25d3-4347-8b28-20b02c5fccd2/epoch_2.keras"",""bytes"":65268547,""epoch"":2,""phase"":""base"",""run_id"":""6021d446-25d3-4347-8b28-20b02c5fccd2"",""sha256"":""d05e5b8b6a6675b00640c24d648ee6864a74ecc108d6b48339ac0e1cddf592dd"",""version_id"":""ce9e5f9c-16db-495b-923e-51966e8eff4b"",""phase_epoch"":2}"
6021d446-25d3-4347-8b28-20b02c5fccd2,vgg16,adadelta,base,3,3,train_execution_records,artifact,3,2026-10-03T06:19:19.10315+00:00,f12dfef8-33a1-4753-8b24-7834ef6ca7da,/Users/julio/Desktop/Archivo/Magister UAI/Capstone MIA 2025 2/Desarrollo/SW/capstone/malaria_dl_local_project/outputs/campaign_runs/6021d446-25d3-4347-8b28-20b02c5fccd2/epoch_3.keras,65268547,f5304b1790f02604ffefddf1a7b0acce9c4efcce3d03822434bda0e2c2557eaf,False,,,,"{""path"":""/Users/julio/Desktop/Archivo/Magister UAI/Capstone MIA 2025 2/Desarrollo/SW/capstone/malaria_dl_local_project/outputs/campaign_runs/6021d446-25d3-4347-8b28-20b02c5fccd2/epoch_3.keras"",""bytes"":65268547,""epoch"":3,""phase"":""base"",""run_id"":""6021d446-25d3-4347-8b28-20b02c5fccd2"",""sha256"":""f5304b1790f02604ffefddf1a7b0acce9c4efcce3d03822434bda0e2c2557eaf"",""version_id"":""f12dfef8-33a1-4753-8b24-7834ef6ca7da"",""phase_epoch"":3}"
6021d446-25d3-4347-8b28-20b02c5fccd2,vgg16,adadelta,base,4,4,train_execution_records,artifact,4,2026-10-03T06:30:59.513445+00:00,10ea4410-2bee-440e-8f11-551981a24839,/Users/julio/Desktop/Archivo/Magister UAI/Capstone MIA 2025 2/Desarrollo/SW/capstone/malaria_dl_local_project/outputs/campaign_runs/6021d446-25d3-4347-8b28-20b02c5fccd2/epoch_4.keras,65268547,26ff654db076ce80f558357c17b46a20ea59618f3ced3bfb3a43c18a173a53d1,False,,,,"{""path"":""/Users/julio/Desktop/Archivo/Magister UAI/Capstone MIA 2025 2/Desarrollo/SW/capstone/malaria_dl_local_project/outputs/campaign_runs/6021d446-25d3-4347-8b28-20b02c5fccd2/epoch_4.keras"",""bytes"":65268547,""epoch"":4,""phase"":""base"",""run_id"":""6021d446-25d3-4347-8b28-20b02c5fccd2"",""sha256"":""26ff654db076ce80f558357c17b46a20ea59618f3ced3bfb3a43c18a173a53d1"",""version_id"":""10ea4410-2bee-440e-8f11-551981a24839"",""phase_epoch"":4}"
6021d446-25d3-4347-8b28-20b02c5fccd2,vgg16,adadelta,base,5,5,train_execution_records,artifact,5,2026-10-03T06:42:40.110157+00:00,f642aa79-1497-43f9-ad04-fb108fd478d4,/Users/julio/Desktop/Archivo/Magister UAI/Capstone MIA 2025 2/Desarrollo/SW/capstone/malaria_dl_local_project/outputs/campaign_runs/6021d446-25d3-4347-8b28-20b02c5fccd2/epoch_5.keras,65268547,c23c98541ae89851a6d72b9e0faa5f80e68397b2aa2123b7b14f81383dc420a8,True,0dddceda-0c5c-5728-8038-1e28e9c90d0c,available,"{""id"":""0dddceda-0c5c-5728-8038-1e28e9c90d0c"",""run_id"":""6021d446-25d3-4347-8b28-20b02c5fccd2"",""artifact_type"":""model_checkpoint"",""name"":""epoch_5.keras"",""path"":""/Users/julio/Desktop/Archivo/Magister UAI/Capstone MIA 2025 2/Desarrollo/SW/capstone/malaria_dl_local_project/outputs/campaign_runs/6021d446-25d3-4347-8b28-20b02c5fccd2/epoch_5.keras"",""mime_type"":""application/octet-stream"",""file_size_bytes"":65268547,""checksum"":""c23c98541ae89851a6d72b9e0faa5f80e68397b2aa2123b7b14f81383dc420a8"",""created_at"":""2026-10-03T11:59:59.278319+00:00"",""metadata"":{""role"":""selected_checkpoint"",""epoch"":5,""phase"":""base"",""source"":""e10_train"",""version_id"":""f642aa79-1497-43f9-ad04-fb108fd478d4""},""artifact_uri"":null,""artifact_status"":""available"",""archived_at"":null}","{""path"":""/Users/julio/Desktop/Archivo/Magister UAI/Capstone MIA 2025 2/Desarrollo/SW/capstone/malaria_dl_local_project/outputs/campaign_runs/6021d446-25d3-4347-8b28-20b02c5fccd2/epoch_5.keras"",""bytes"":65268547,""epoch"":5,""phase"":""base"",""run_id"":""6021d446-25d3-4347-8b28-20b02c5fccd2"",""sha256"":""c23c98541ae89851a6d72b9e0faa5f80e68397b2aa2123b7b14f81383dc420a8"",""version_id"":""f642aa79-1497-43f9-ad04-fb108fd478d4"",""phase_epoch"":5}"
6021d446-25d3-4347-8b28-20b02c5fccd2,vgg16,adadelta,base,6,6,train_execution_records,artifact,6,2026-10-03T06:54:20.697111+00:00,03913e7c-3f77-4ae0-9bb5-ef78e4082dcc,/Users/julio/Desktop/Archivo/Magister UAI/Capstone MIA 2025 2/Desarrollo/SW/capstone/malaria_dl_local_project/outputs/campaign_runs/6021d446-25d3-4347-8b28-20b02c5fccd2/epoch_6.keras,65268547,b985a88cc17ef4e3fabd437437416b94693554cd034b819de6b282c3cd848e70,False,,,,"{""path"":""/Users/julio/Desktop/Archivo/Magister UAI/Capstone MIA 2025 2/Desarrollo/SW/capstone/malaria_dl_local_project/outputs/campaign_runs/6021d446-25d3-4347-8b28-20b02c5fccd2/epoch_6.keras"",""bytes"":65268547,""epoch"":6,""phase"":""base"",""run_id"":""6021d446-25d3-4347-8b28-20b02c5fccd2"",""sha256"":""b985a88cc17ef4e3fabd437437416b94693554cd034b819de6b282c3cd848e70"",""version_id"":""03913e7c-3f77-4ae0-9bb5-ef78e4082dcc"",""phase_epoch"":6}"
6021d446-25d3-4347-8b28-20b02c5fccd2,vgg16,adadelta,base,7,7,train_execution_records,artifact,7,2026-10-03T07:06:01.134081+00:00,99bf1033-fc37-4817-b7c6-cba768fab3f0,/Users/julio/Desktop/Archivo/Magister UAI/Capstone MIA 2025 2/Desarrollo/SW/capstone/malaria_dl_local_project/outputs/campaign_runs/6021d446-25d3-4347-8b28-20b02c5fccd2/epoch_7.keras,65268547,cf98f51287e7ad9a8af8621be282511a9a013ba163a3d4fe53f331adeb373d1f,False,,,,"{""path"":""/Users/julio/Desktop/Archivo/Magister UAI/Capstone MIA 2025 2/Desarrollo/SW/capstone/malaria_dl_local_project/outputs/campaign_runs/6021d446-25d3-4347-8b28-20b02c5fccd2/epoch_7.keras"",""bytes"":65268547,""epoch"":7,""phase"":""base"",""run_id"":""6021d446-25d3-4347-8b28-20b02c5fccd2"",""sha256"":""cf98f51287e7ad9a8af8621be282511a9a013ba163a3d4fe53f331adeb373d1f"",""version_id"":""99bf1033-fc37-4817-b7c6-cba768fab3f0"",""phase_epoch"":7}"
6021d446-25d3-4347-8b28-20b02c5fccd2,vgg16,adadelta,base,8,8,train_execution_records,artifact,8,2026-10-03T07:17:41.147462+00:00,a8359f01-93c0-4b8d-9103-8bc5ddc0bbac,/Users/julio/Desktop/Archivo/Magister UAI/Capstone MIA 2025 2/Desarrollo/SW/capstone/malaria_dl_local_project/outputs/campaign_runs/6021d446-25d3-4347-8b28-20b02c5fccd2/epoch_8.keras,65268547,fab6fbbaf039250a6208eaf7425762e92909b52148a21701979ca34469557cd0,False,,,,"{""path"":""/Users/julio/Desktop/Archivo/Magister UAI/Capstone MIA 2025 2/Desarrollo/SW/capstone/malaria_dl_local_project/outputs/campaign_runs/6021d446-25d3-4347-8b28-20b02c5fccd2/epoch_8.keras"",""bytes"":65268547,""epoch"":8,""phase"":""base"",""run_id"":""6021d446-25d3-4347-8b28-20b02c5fccd2"",""sha256"":""fab6fbbaf039250a6208eaf7425762e92909b52148a21701979ca34469557cd0"",""version_id"":""a8359f01-93c0-4b8d-9103-8bc5ddc0bbac"",""phase_epoch"":8}"
6021d446-25d3-4347-8b28-20b02c5fccd2,vgg16,adadelta,base,9,9,train_execution_records,artifact,9,2026-10-03T07:29:21.166411+00:00,a7f7b3d6-d540-4691-9888-7ae9b9361d12,/Users/julio/Desktop/Archivo/Magister UAI/Capstone MIA 2025 2/Desarrollo/SW/capstone/malaria_dl_local_project/outputs/campaign_runs/6021d446-25d3-4347-8b28-20b02c5fccd2/epoch_9.keras,65268547,a22e34fdf80f5908f40a04582ccd2f9b512c54514df8809edbdd8d32fb825000,False,,,,"{""path"":""/Users/julio/Desktop/Archivo/Magister UAI/Capstone MIA 2025 2/Desarrollo/SW/capstone/malaria_dl_local_project/outputs/campaign_runs/6021d446-25d3-4347-8b28-20b02c5fccd2/epoch_9.keras"",""bytes"":65268547,""epoch"":9,""phase"":""base"",""run_id"":""6021d446-25d3-4347-8b28-20b02c5fccd2"",""sha256"":""a22e34fdf80f5908f40a04582ccd2f9b512c54514df8809edbdd8d32fb825000"",""version_id"":""a7f7b3d6-d540-4691-9888-7ae9b9361d12"",""phase_epoch"":9}"
6021d446-25d3-4347-8b28-20b02c5fccd2,vgg16,adadelta,base,10,10,train_execution_records,artifact,10,2026-10-03T07:41:01.459495+00:00,7e7c9ac0-667a-45aa-bee6-959b644bcbce,/Users/julio/Desktop/Archivo/Magister UAI/Capstone MIA 2025 2/Desarrollo/SW/capstone/malaria_dl_local_project/outputs/campaign_runs/6021d446-25d3-4347-8b28-20b02c5fccd2/epoch_10.keras,65268547,ba46b6124ceb0b22a516a4d18d395c4914eb55624ac75b1e1a72da893e1f12fa,False,,,,"{""path"":""/Users/julio/Desktop/Archivo/Magister UAI/Capstone MIA 2025 2/Desarrollo/SW/capstone/malaria_dl_local_project/outputs/campaign_runs/6021d446-25d3-4347-8b28-20b02c5fccd2/epoch_10.keras"",""bytes"":65268547,""epoch"":10,""phase"":""base"",""run_id"":""6021d446-25d3-4347-8b28-20b02c5fccd2"",""sha256"":""ba46b6124ceb0b22a516a4d18d395c4914eb55624ac75b1e1a72da893e1f12fa"",""version_id"":""7e7c9ac0-667a-45aa-bee6-959b644bcbce"",""phase_epoch"":10}"
6021d446-25d3-4347-8b28-20b02c5fccd2,vgg16,adadelta,base,11,11,train_execution_records,artifact,11,2026-10-03T07:52:41.594649+00:00,ec17f45f-9482-4c7c-a2e6-fccd7b5a2d57,/Users/julio/Desktop/Archivo/Magister UAI/Capstone MIA 2025 2/Desarrollo/SW/capstone/malaria_dl_local_project/outputs/campaign_runs/6021d446-25d3-4347-8b28-20b02c5fccd2/epoch_11.keras,65268547,9e57ef278e106b38c32b39d4ea155f5c262a022840630ba3c419ea58c13b7ce1,False,,,,"{""path"":""/Users/julio/Desktop/Archivo/Magister UAI/Capstone MIA 2025 2/Desarrollo/SW/capstone/malaria_dl_local_project/outputs/campaign_runs/6021d446-25d3-4347-8b28-20b02c5fccd2/epoch_11.keras"",""bytes"":65268547,""epoch"":11,""phase"":""base"",""run_id"":""6021d446-25d3-4347-8b28-20b02c5fccd2"",""sha256"":""9e57ef278e106b38c32b39d4ea155f5c262a022840630ba3c419ea58c13b7ce1"",""version_id"":""ec17f45f-9482-4c7c-a2e6-fccd7b5a2d57"",""phase_epoch"":11}"
6021d446-25d3-4347-8b28-20b02c5fccd2,vgg16,adadelta,base,12,12,train_execution_records,artifact,12,2026-10-03T08:04:21.795116+00:00,2613d977-df07-4dce-8e3e-945c8257d8d8,/Users/julio/Desktop/Archivo/Magister UAI/Capstone MIA 2025 2/Desarrollo/SW/capstone/malaria_dl_local_project/outputs/campaign_runs/6021d446-25d3-4347-8b28-20b02c5fccd2/epoch_12.keras,65268547,8b46be046f447a2eb6b415f3e13292eab6ce35837ee17a0fe6b5be5a11adacde,False,,,,"{""path"":""/Users/julio/Desktop/Archivo/Magister UAI/Capstone MIA 2025 2/Desarrollo/SW/capstone/malaria_dl_local_project/outputs/campaign_runs/6021d446-25d3-4347-8b28-20b02c5fccd2/epoch_12.keras"",""bytes"":65268547,""epoch"":12,""phase"":""base"",""run_id"":""6021d446-25d3-4347-8b28-20b02c5fccd2"",""sha256"":""8b46be046f447a2eb6b415f3e13292eab6ce35837ee17a0fe6b5be5a11adacde"",""version_id"":""2613d977-df07-4dce-8e3e-945c8257d8d8"",""phase_epoch"":12}"
6021d446-25d3-4347-8b28-20b02c5fccd2,vgg16,adadelta,base,13,13,train_execution_records,artifact,13,2026-10-03T08:16:01.833689+00:00,2e8cac1e-f3ab-4596-b1e9-a7c55bf8152f,/Users/julio/Desktop/Archivo/Magister UAI/Capstone MIA 2025 2/Desarrollo/SW/capstone/malaria_dl_local_project/outputs/campaign_runs/6021d446-25d3-4347-8b28-20b02c5fccd2/epoch_13.keras,65268547,916b10bd002b5925d64e4b5d68895442defd7984d577a8b1fd2118500ee7408b,False,,,,"{""path"":""/Users/julio/Desktop/Archivo/Magister UAI/Capstone MIA 2025 2/Desarrollo/SW/capstone/malaria_dl_local_project/outputs/campaign_runs/6021d446-25d3-4347-8b28-20b02c5fccd2/epoch_13.keras"",""bytes"":65268547,""epoch"":13,""phase"":""base"",""run_id"":""6021d446-25d3-4347-8b28-20b02c5fccd2"",""sha256"":""916b10bd002b5925d64e4b5d68895442defd7984d577a8b1fd2118500ee7408b"",""version_id"":""2e8cac1e-f3ab-4596-b1e9-a7c55bf8152f"",""phase_epoch"":13}"
6021d446-25d3-4347-8b28-20b02c5fccd2,vgg16,adadelta,base,14,14,train_execution_records,artifact,14,2026-10-03T08:27:41.548235+00:00,037a25fc-d389-47e6-b6ae-ec6513adf8b6,/Users/julio/Desktop/Archivo/Magister UAI/Capstone MIA 2025 2/Desarrollo/SW/capstone/malaria_dl_local_project/outputs/campaign_runs/6021d446-25d3-4347-8b28-20b02c5fccd2/epoch_14.keras,65268547,6a29e601d3a40911343f8f354f79929a3b4589f29c5d180a0943f0f9db7a6de3,False,,,,"{""path"":""/Users/julio/Desktop/Archivo/Magister UAI/Capstone MIA 2025 2/Desarrollo/SW/capstone/malaria_dl_local_project/outputs/campaign_runs/6021d446-25d3-4347-8b28-20b02c5fccd2/epoch_14.keras"",""bytes"":65268547,""epoch"":14,""phase"":""base"",""run_id"":""6021d446-25d3-4347-8b28-20b02c5fccd2"",""sha256"":""6a29e601d3a40911343f8f354f79929a3b4589f29c5d180a0943f0f9db7a6de3"",""version_id"":""037a25fc-d389-47e6-b6ae-ec6513adf8b6"",""phase_epoch"":14}"
6021d446-25d3-4347-8b28-20b02c5fccd2,vgg16,adadelta,base,15,15,train_execution_records,artifact,15,2026-10-03T08:39:21.299092+00:00,72b862aa-9d85-44ba-b538-87032c5eb8a8,/Users/julio/Desktop/Archivo/Magister UAI/Capstone MIA 2025 2/Desarrollo/SW/capstone/malaria_dl_local_project/outputs/campaign_runs/6021d446-25d3-4347-8b28-20b02c5fccd2/epoch_15.keras,65268547,8e4c6e547c35d61bc59d35c475c1c57a3cc1eef2ff0a0bb4d99d09dd9d271b4f,False,,,,"{""path"":""/Users/julio/Desktop/Archivo/Magister UAI/Capstone MIA 2025 2/Desarrollo/SW/capstone/malaria_dl_local_project/outputs/campaign_runs/6021d446-25d3-4347-8b28-20b02c5fccd2/epoch_15.keras"",""bytes"":65268547,""epoch"":15,""phase"":""base"",""run_id"":""6021d446-25d3-4347-8b28-20b02c5fccd2"",""sha256"":""8e4c6e547c35d61bc59d35c475c1c57a3cc1eef2ff0a0bb4d99d09dd9d271b4f"",""version_id"":""72b862aa-9d85-44ba-b538-87032c5eb8a8"",""phase_epoch"":15}"
6021d446-25d3-4347-8b28-20b02c5fccd2,vgg16,adadelta,base,16,16,train_execution_records,artifact,16,2026-10-03T08:51:01.016431+00:00,b40f782a-324a-49c9-9d00-2dd41d839ae1,/Users/julio/Desktop/Archivo/Magister UAI/Capstone MIA 2025 2/Desarrollo/SW/capstone/malaria_dl_local_project/outputs/campaign_runs/6021d446-25d3-4347-8b28-20b02c5fccd2/epoch_16.keras,65268547,bc84ec4a41253901a3e6f2ef6d60457b081ce3f0a69a6f3d0614ad1dec7c36c8,False,,,,"{""path"":""/Users/julio/Desktop/Archivo/Magister UAI/Capstone MIA 2025 2/Desarrollo/SW/capstone/malaria_dl_local_project/outputs/campaign_runs/6021d446-25d3-4347-8b28-20b02c5fccd2/epoch_16.keras"",""bytes"":65268547,""epoch"":16,""phase"":""base"",""run_id"":""6021d446-25d3-4347-8b28-20b02c5fccd2"",""sha256"":""bc84ec4a41253901a3e6f2ef6d60457b081ce3f0a69a6f3d0614ad1dec7c36c8"",""version_id"":""b40f782a-324a-49c9-9d00-2dd41d839ae1"",""phase_epoch"":16}"
6021d446-25d3-4347-8b28-20b02c5fccd2,vgg16,adadelta,base,17,17,train_execution_records,artifact,17,2026-10-03T09:02:40.860005+00:00,f572552a-4cc3-4708-89e2-16cb89ed60cb,/Users/julio/Desktop/Archivo/Magister UAI/Capstone MIA 2025 2/Desarrollo/SW/capstone/malaria_dl_local_project/outputs/campaign_runs/6021d446-25d3-4347-8b28-20b02c5fccd2/epoch_17.keras,65268547,9d3b66d7b51a37a6634bb188f50f03cdf3bdb30df2533e92410ae2dae025b82e,False,,,,"{""path"":""/Users/julio/Desktop/Archivo/Magister UAI/Capstone MIA 2025 2/Desarrollo/SW/capstone/malaria_dl_local_project/outputs/campaign_runs/6021d446-25d3-4347-8b28-20b02c5fccd2/epoch_17.keras"",""bytes"":65268547,""epoch"":17,""phase"":""base"",""run_id"":""6021d446-25d3-4347-8b28-20b02c5fccd2"",""sha256"":""9d3b66d7b51a37a6634bb188f50f03cdf3bdb30df2533e92410ae2dae025b82e"",""version_id"":""f572552a-4cc3-4708-89e2-16cb89ed60cb"",""phase_epoch"":17}"
6021d446-25d3-4347-8b28-20b02c5fccd2,vgg16,adadelta,fine_tuning,18,1,train_execution_records,artifact,1,2026-10-03T09:15:50.647764+00:00,adc178a7-8725-46c7-9eb5-d21156e1a001,/Users/julio/Desktop/Archivo/Magister UAI/Capstone MIA 2025 2/Desarrollo/SW/capstone/malaria_dl_local_project/outputs/campaign_runs/6021d446-25d3-4347-8b28-20b02c5fccd2/epoch_18.keras,121908209,3be38beaf8c0f38e9eaca7e8c79b5698e281b527c5e056c9663b6a1379f2371b,False,,,,"{""path"":""/Users/julio/Desktop/Archivo/Magister UAI/Capstone MIA 2025 2/Desarrollo/SW/capstone/malaria_dl_local_project/outputs/campaign_runs/6021d446-25d3-4347-8b28-20b02c5fccd2/epoch_18.keras"",""bytes"":121908209,""epoch"":18,""phase"":""fine_tuning"",""run_id"":""6021d446-25d3-4347-8b28-20b02c5fccd2"",""sha256"":""3be38beaf8c0f38e9eaca7e8c79b5698e281b527c5e056c9663b6a1379f2371b"",""version_id"":""adc178a7-8725-46c7-9eb5-d21156e1a001"",""phase_epoch"":1}"
6021d446-25d3-4347-8b28-20b02c5fccd2,vgg16,adadelta,fine_tuning,19,2,train_execution_records,artifact,2,2026-10-03T09:29:18.680224+00:00,2d467069-7bc1-4341-a68e-9be8beed581d,/Users/julio/Desktop/Archivo/Magister UAI/Capstone MIA 2025 2/Desarrollo/SW/capstone/malaria_dl_local_project/outputs/campaign_runs/6021d446-25d3-4347-8b28-20b02c5fccd2/epoch_19.keras,121908209,e23620c628741c48a1ee7f176b5d8f551925363bc438de65768aca52f1b9ae56,False,,,,"{""path"":""/Users/julio/Desktop/Archivo/Magister UAI/Capstone MIA 2025 2/Desarrollo/SW/capstone/malaria_dl_local_project/outputs/campaign_runs/6021d446-25d3-4347-8b28-20b02c5fccd2/epoch_19.keras"",""bytes"":121908209,""epoch"":19,""phase"":""fine_tuning"",""run_id"":""6021d446-25d3-4347-8b28-20b02c5fccd2"",""sha256"":""e23620c628741c48a1ee7f176b5d8f551925363bc438de65768aca52f1b9ae56"",""version_id"":""2d467069-7bc1-4341-a68e-9be8beed581d"",""phase_epoch"":2}"
6021d446-25d3-4347-8b28-20b02c5fccd2,vgg16,adadelta,fine_tuning,20,3,train_execution_records,artifact,3,2026-10-03T09:42:52.103251+00:00,72e7e5e2-070b-49b6-af0e-c157ba6bafca,/Users/julio/Desktop/Archivo/Magister UAI/Capstone MIA 2025 2/Desarrollo/SW/capstone/malaria_dl_local_project/outputs/campaign_runs/6021d446-25d3-4347-8b28-20b02c5fccd2/epoch_20.keras,121908209,069b20747182085fb4d28add68fb4579867e2541fbf08fbdae39d048d9d7a48b,False,,,,"{""path"":""/Users/julio/Desktop/Archivo/Magister UAI/Capstone MIA 2025 2/Desarrollo/SW/capstone/malaria_dl_local_project/outputs/campaign_runs/6021d446-25d3-4347-8b28-20b02c5fccd2/epoch_20.keras"",""bytes"":121908209,""epoch"":20,""phase"":""fine_tuning"",""run_id"":""6021d446-25d3-4347-8b28-20b02c5fccd2"",""sha256"":""069b20747182085fb4d28add68fb4579867e2541fbf08fbdae39d048d9d7a48b"",""version_id"":""72e7e5e2-070b-49b6-af0e-c157ba6bafca"",""phase_epoch"":3}"
6021d446-25d3-4347-8b28-20b02c5fccd2,vgg16,adadelta,fine_tuning,21,4,train_execution_records,artifact,4,2026-10-03T09:56:20.484243+00:00,b343e009-e421-4529-b4a3-33970d7a8d63,/Users/julio/Desktop/Archivo/Magister UAI/Capstone MIA 2025 2/Desarrollo/SW/capstone/malaria_dl_local_project/outputs/campaign_runs/6021d446-25d3-4347-8b28-20b02c5fccd2/epoch_21.keras,121908209,66d8670d76fd2a8035c06bf722e145f5264370e51154ee17fff020b9cd998420,False,,,,"{""path"":""/Users/julio/Desktop/Archivo/Magister UAI/Capstone MIA 2025 2/Desarrollo/SW/capstone/malaria_dl_local_project/outputs/campaign_runs/6021d446-25d3-4347-8b28-20b02c5fccd2/epoch_21.keras"",""bytes"":121908209,""epoch"":21,""phase"":""fine_tuning"",""run_id"":""6021d446-25d3-4347-8b28-20b02c5fccd2"",""sha256"":""66d8670d76fd2a8035c06bf722e145f5264370e51154ee17fff020b9cd998420"",""version_id"":""b343e009-e421-4529-b4a3-33970d7a8d63"",""phase_epoch"":4}"
6021d446-25d3-4347-8b28-20b02c5fccd2,vgg16,adadelta,fine_tuning,22,5,train_execution_records,artifact,5,2026-10-03T10:10:25.42101+00:00,5ba11059-6ed9-4c46-9bd6-1ab5a0076902,/Users/julio/Desktop/Archivo/Magister UAI/Capstone MIA 2025 2/Desarrollo/SW/capstone/malaria_dl_local_project/outputs/campaign_runs/6021d446-25d3-4347-8b28-20b02c5fccd2/epoch_22.keras,121908209,68790e02f1376b58f4c972c24a876bb377f79c180676e1fc07e29545eac6ba96,False,,,,"{""path"":""/Users/julio/Desktop/Archivo/Magister UAI/Capstone MIA 2025 2/Desarrollo/SW/capstone/malaria_dl_local_project/outputs/campaign_runs/6021d446-25d3-4347-8b28-20b02c5fccd2/epoch_22.keras"",""bytes"":121908209,""epoch"":22,""phase"":""fine_tuning"",""run_id"":""6021d446-25d3-4347-8b28-20b02c5fccd2"",""sha256"":""68790e02f1376b58f4c972c24a876bb377f79c180676e1fc07e29545eac6ba96"",""version_id"":""5ba11059-6ed9-4c46-9bd6-1ab5a0076902"",""phase_epoch"":5}"
6021d446-25d3-4347-8b28-20b02c5fccd2,vgg16,adadelta,fine_tuning,23,6,train_execution_records,artifact,6,2026-10-03T10:24:06.186183+00:00,fbb94094-c3e2-4056-97fd-86970f81c227,/Users/julio/Desktop/Archivo/Magister UAI/Capstone MIA 2025 2/Desarrollo/SW/capstone/malaria_dl_local_project/outputs/campaign_runs/6021d446-25d3-4347-8b28-20b02c5fccd2/epoch_23.keras,121908209,02c003abd62c35383bfd33c803427eaac6f8ace65e284399f190a8ce8382c8d4,False,,,,"{""path"":""/Users/julio/Desktop/Archivo/Magister UAI/Capstone MIA 2025 2/Desarrollo/SW/capstone/malaria_dl_local_project/outputs/campaign_runs/6021d446-25d3-4347-8b28-20b02c5fccd2/epoch_23.keras"",""bytes"":121908209,""epoch"":23,""phase"":""fine_tuning"",""run_id"":""6021d446-25d3-4347-8b28-20b02c5fccd2"",""sha256"":""02c003abd62c35383bfd33c803427eaac6f8ace65e284399f190a8ce8382c8d4"",""version_id"":""fbb94094-c3e2-4056-97fd-86970f81c227"",""phase_epoch"":6}"
6021d446-25d3-4347-8b28-20b02c5fccd2,vgg16,adadelta,fine_tuning,24,7,train_execution_records,artifact,7,2026-10-03T10:37:34.289396+00:00,a9232223-2e0c-42eb-8e37-f3d9a9e79885,/Users/julio/Desktop/Archivo/Magister UAI/Capstone MIA 2025 2/Desarrollo/SW/capstone/malaria_dl_local_project/outputs/campaign_runs/6021d446-25d3-4347-8b28-20b02c5fccd2/epoch_24.keras,121908209,1e25c1020ac1d75e0921dcab3bcd8c833e8e2ffb521f0658fbf42dce0760d6e9,False,,,,"{""path"":""/Users/julio/Desktop/Archivo/Magister UAI/Capstone MIA 2025 2/Desarrollo/SW/capstone/malaria_dl_local_project/outputs/campaign_runs/6021d446-25d3-4347-8b28-20b02c5fccd2/epoch_24.keras"",""bytes"":121908209,""epoch"":24,""phase"":""fine_tuning"",""run_id"":""6021d446-25d3-4347-8b28-20b02c5fccd2"",""sha256"":""1e25c1020ac1d75e0921dcab3bcd8c833e8e2ffb521f0658fbf42dce0760d6e9"",""version_id"":""a9232223-2e0c-42eb-8e37-f3d9a9e79885"",""phase_epoch"":7}"
6021d446-25d3-4347-8b28-20b02c5fccd2,vgg16,adadelta,fine_tuning,25,8,train_execution_records,artifact,8,2026-10-03T10:51:01.281166+00:00,c1258c98-b710-4ed6-aa75-4e50a3d9f0db,/Users/julio/Desktop/Archivo/Magister UAI/Capstone MIA 2025 2/Desarrollo/SW/capstone/malaria_dl_local_project/outputs/campaign_runs/6021d446-25d3-4347-8b28-20b02c5fccd2/epoch_25.keras,121908209,6399ffc7c33f7ed7e60c213a79926324fd720f403a1ce9e3e62d022a65322cfd,False,,,,"{""path"":""/Users/julio/Desktop/Archivo/Magister UAI/Capstone MIA 2025 2/Desarrollo/SW/capstone/malaria_dl_local_project/outputs/campaign_runs/6021d446-25d3-4347-8b28-20b02c5fccd2/epoch_25.keras"",""bytes"":121908209,""epoch"":25,""phase"":""fine_tuning"",""run_id"":""6021d446-25d3-4347-8b28-20b02c5fccd2"",""sha256"":""6399ffc7c33f7ed7e60c213a79926324fd720f403a1ce9e3e62d022a65322cfd"",""version_id"":""c1258c98-b710-4ed6-aa75-4e50a3d9f0db"",""phase_epoch"":8}"
6021d446-25d3-4347-8b28-20b02c5fccd2,vgg16,adadelta,fine_tuning,26,9,train_execution_records,artifact,9,2026-10-03T11:04:27.858279+00:00,35a885ba-3dfc-4191-b5d1-3d85f6703683,/Users/julio/Desktop/Archivo/Magister UAI/Capstone MIA 2025 2/Desarrollo/SW/capstone/malaria_dl_local_project/outputs/campaign_runs/6021d446-25d3-4347-8b28-20b02c5fccd2/epoch_26.keras,121908209,51bea58824da9a24a3b6c0863c6228b7ead8336d0f206cff8e696287f7dd8f7c,False,,,,"{""path"":""/Users/julio/Desktop/Archivo/Magister UAI/Capstone MIA 2025 2/Desarrollo/SW/capstone/malaria_dl_local_project/outputs/campaign_runs/6021d446-25d3-4347-8b28-20b02c5fccd2/epoch_26.keras"",""bytes"":121908209,""epoch"":26,""phase"":""fine_tuning"",""run_id"":""6021d446-25d3-4347-8b28-20b02c5fccd2"",""sha256"":""51bea58824da9a24a3b6c0863c6228b7ead8336d0f206cff8e696287f7dd8f7c"",""version_id"":""35a885ba-3dfc-4191-b5d1-3d85f6703683"",""phase_epoch"":9}"
6021d446-25d3-4347-8b28-20b02c5fccd2,vgg16,adadelta,fine_tuning,27,10,train_execution_records,artifact,10,2026-10-03T11:17:57.053146+00:00,9cf996fd-8057-4052-bed1-124555fd839a,/Users/julio/Desktop/Archivo/Magister UAI/Capstone MIA 2025 2/Desarrollo/SW/capstone/malaria_dl_local_project/outputs/campaign_runs/6021d446-25d3-4347-8b28-20b02c5fccd2/epoch_27.keras,121908209,faeab7d5f776697013d0ac756c555c31619e250d79cfcf8c379ffb5fc70d0d76,False,,,,"{""path"":""/Users/julio/Desktop/Archivo/Magister UAI/Capstone MIA 2025 2/Desarrollo/SW/capstone/malaria_dl_local_project/outputs/campaign_runs/6021d446-25d3-4347-8b28-20b02c5fccd2/epoch_27.keras"",""bytes"":121908209,""epoch"":27,""phase"":""fine_tuning"",""run_id"":""6021d446-25d3-4347-8b28-20b02c5fccd2"",""sha256"":""faeab7d5f776697013d0ac756c555c31619e250d79cfcf8c379ffb5fc70d0d76"",""version_id"":""9cf996fd-8057-4052-bed1-124555fd839a"",""phase_epoch"":10}"
6021d446-25d3-4347-8b28-20b02c5fccd2,vgg16,adadelta,fine_tuning,28,11,train_execution_records,artifact,11,2026-10-03T11:31:28.031786+00:00,d6d03425-3ed2-4104-a069-aa3e0f25704c,/Users/julio/Desktop/Archivo/Magister UAI/Capstone MIA 2025 2/Desarrollo/SW/capstone/malaria_dl_local_project/outputs/campaign_runs/6021d446-25d3-4347-8b28-20b02c5fccd2/epoch_28.keras,121908210,233187007f2ef7437f4c226e2d979980616447addcf99db7c4d1b2a314a468b9,False,,,,"{""path"":""/Users/julio/Desktop/Archivo/Magister UAI/Capstone MIA 2025 2/Desarrollo/SW/capstone/malaria_dl_local_project/outputs/campaign_runs/6021d446-25d3-4347-8b28-20b02c5fccd2/epoch_28.keras"",""bytes"":121908210,""epoch"":28,""phase"":""fine_tuning"",""run_id"":""6021d446-25d3-4347-8b28-20b02c5fccd2"",""sha256"":""233187007f2ef7437f4c226e2d979980616447addcf99db7c4d1b2a314a468b9"",""version_id"":""d6d03425-3ed2-4104-a069-aa3e0f25704c"",""phase_epoch"":11}"
6021d446-25d3-4347-8b28-20b02c5fccd2,vgg16,adadelta,fine_tuning,29,12,train_execution_records,artifact,12,2026-10-03T11:45:19.840715+00:00,c4ba83b4-dfb6-4da6-9634-832b6dd81706,/Users/julio/Desktop/Archivo/Magister UAI/Capstone MIA 2025 2/Desarrollo/SW/capstone/malaria_dl_local_project/outputs/campaign_runs/6021d446-25d3-4347-8b28-20b02c5fccd2/epoch_29.keras,121908210,3e9671010f20d9c85ac0b815658ad9bacd9d14785be3003281faca4a5d895046,False,,,,"{""path"":""/Users/julio/Desktop/Archivo/Magister UAI/Capstone MIA 2025 2/Desarrollo/SW/capstone/malaria_dl_local_project/outputs/campaign_runs/6021d446-25d3-4347-8b28-20b02c5fccd2/epoch_29.keras"",""bytes"":121908210,""epoch"":29,""phase"":""fine_tuning"",""run_id"":""6021d446-25d3-4347-8b28-20b02c5fccd2"",""sha256"":""3e9671010f20d9c85ac0b815658ad9bacd9d14785be3003281faca4a5d895046"",""version_id"":""c4ba83b4-dfb6-4da6-9634-832b6dd81706"",""phase_epoch"":12}"
6021d446-25d3-4347-8b28-20b02c5fccd2,vgg16,adadelta,fine_tuning,30,13,train_execution_records,artifact,13,2026-10-03T11:58:55.479552+00:00,69fde0f6-0cee-4f40-9f4c-ff7f5ab75792,/Users/julio/Desktop/Archivo/Magister UAI/Capstone MIA 2025 2/Desarrollo/SW/capstone/malaria_dl_local_project/outputs/campaign_runs/6021d446-25d3-4347-8b28-20b02c5fccd2/epoch_30.keras,121908210,1eff14e8ddb06720c06253c80029cc01ea7a12a5573a3410a61f7183ac7ffe1f,False,,,,"{""path"":""/Users/julio/Desktop/Archivo/Magister UAI/Capstone MIA 2025 2/Desarrollo/SW/capstone/malaria_dl_local_project/outputs/campaign_runs/6021d446-25d3-4347-8b28-20b02c5fccd2/epoch_30.keras"",""bytes"":121908210,""epoch"":30,""phase"":""fine_tuning"",""run_id"":""6021d446-25d3-4347-8b28-20b02c5fccd2"",""sha256"":""1eff14e8ddb06720c06253c80029cc01ea7a12a5573a3410a61f7183ac7ffe1f"",""version_id"":""69fde0f6-0cee-4f40-9f4c-ff7f5ab75792"",""phase_epoch"":13}"
85870857-925b-4b9f-9533-a2855d254d77,densenet121,adamw,base,1,1,train_execution_records,artifact,1,2026-10-03T00:56:09.524909+00:00,c923b5e5-41d7-4c3e-89a3-61cc511436e0,/Users/julio/Desktop/Archivo/Magister UAI/Capstone MIA 2025 2/Desarrollo/SW/capstone/malaria_dl_local_project/outputs/campaign_runs/85870857-925b-4b9f-9533-a2855d254d77/epoch_1.keras,29694526,9fb58e20ae92f841cc15700840e6f9868b83be0c1c9fad8e404d6a32ffdab0f4,False,,,,"{""path"":""/Users/julio/Desktop/Archivo/Magister UAI/Capstone MIA 2025 2/Desarrollo/SW/capstone/malaria_dl_local_project/outputs/campaign_runs/85870857-925b-4b9f-9533-a2855d254d77/epoch_1.keras"",""bytes"":29694526,""epoch"":1,""phase"":""base"",""run_id"":""85870857-925b-4b9f-9533-a2855d254d77"",""sha256"":""9fb58e20ae92f841cc15700840e6f9868b83be0c1c9fad8e404d6a32ffdab0f4"",""version_id"":""c923b5e5-41d7-4c3e-89a3-61cc511436e0"",""phase_epoch"":1}"
85870857-925b-4b9f-9533-a2855d254d77,densenet121,adamw,base,2,2,train_execution_records,artifact,2,2026-10-03T00:59:38.091322+00:00,8f50b0b8-c6c9-422f-8690-0954816cce4f,/Users/julio/Desktop/Archivo/Magister UAI/Capstone MIA 2025 2/Desarrollo/SW/capstone/malaria_dl_local_project/outputs/campaign_runs/85870857-925b-4b9f-9533-a2855d254d77/epoch_2.keras,29694526,aa1b3d139ffd9a2c602990b43c8d5f2fbd6b26eea3d3c5a2839ce84c5de563a1,False,,,,"{""path"":""/Users/julio/Desktop/Archivo/Magister UAI/Capstone MIA 2025 2/Desarrollo/SW/capstone/malaria_dl_local_project/outputs/campaign_runs/85870857-925b-4b9f-9533-a2855d254d77/epoch_2.keras"",""bytes"":29694526,""epoch"":2,""phase"":""base"",""run_id"":""85870857-925b-4b9f-9533-a2855d254d77"",""sha256"":""aa1b3d139ffd9a2c602990b43c8d5f2fbd6b26eea3d3c5a2839ce84c5de563a1"",""version_id"":""8f50b0b8-c6c9-422f-8690-0954816cce4f"",""phase_epoch"":2}"
85870857-925b-4b9f-9533-a2855d254d77,densenet121,adamw,base,3,3,train_execution_records,artifact,3,2026-10-03T01:02:45.826162+00:00,6cc6d786-a4ff-4166-bd3a-043bf650191c,/Users/julio/Desktop/Archivo/Magister UAI/Capstone MIA 2025 2/Desarrollo/SW/capstone/malaria_dl_local_project/outputs/campaign_runs/85870857-925b-4b9f-9533-a2855d254d77/epoch_3.keras,29694526,5d3311689af25b4122b22ab725c457c04311c52fb8788ecb792a9f7b7bb070ad,False,,,,"{""path"":""/Users/julio/Desktop/Archivo/Magister UAI/Capstone MIA 2025 2/Desarrollo/SW/capstone/malaria_dl_local_project/outputs/campaign_runs/85870857-925b-4b9f-9533-a2855d254d77/epoch_3.keras"",""bytes"":29694526,""epoch"":3,""phase"":""base"",""run_id"":""85870857-925b-4b9f-9533-a2855d254d77"",""sha256"":""5d3311689af25b4122b22ab725c457c04311c52fb8788ecb792a9f7b7bb070ad"",""version_id"":""6cc6d786-a4ff-4166-bd3a-043bf650191c"",""phase_epoch"":3}"
85870857-925b-4b9f-9533-a2855d254d77,densenet121,adamw,base,4,4,train_execution_records,artifact,4,2026-10-03T01:05:53.182044+00:00,a69fa907-51f6-4ad9-a350-71cfc831ccfd,/Users/julio/Desktop/Archivo/Magister UAI/Capstone MIA 2025 2/Desarrollo/SW/capstone/malaria_dl_local_project/outputs/campaign_runs/85870857-925b-4b9f-9533-a2855d254d77/epoch_4.keras,29694526,1e1a3d379ffe7c3c5a63c9f6883892f9c9c1c5e269a6b5e6b0a569a3e1f6ac69,False,,,,"{""path"":""/Users/julio/Desktop/Archivo/Magister UAI/Capstone MIA 2025 2/Desarrollo/SW/capstone/malaria_dl_local_project/outputs/campaign_runs/85870857-925b-4b9f-9533-a2855d254d77/epoch_4.keras"",""bytes"":29694526,""epoch"":4,""phase"":""base"",""run_id"":""85870857-925b-4b9f-9533-a2855d254d77"",""sha256"":""1e1a3d379ffe7c3c5a63c9f6883892f9c9c1c5e269a6b5e6b0a569a3e1f6ac69"",""version_id"":""a69fa907-51f6-4ad9-a350-71cfc831ccfd"",""phase_epoch"":4}"
85870857-925b-4b9f-9533-a2855d254d77,densenet121,adamw,base,5,5,train_execution_records,artifact,5,2026-10-03T01:09:00.553416+00:00,496e6ce7-fbae-4e9a-a562-7f33f53c2841,/Users/julio/Desktop/Archivo/Magister UAI/Capstone MIA 2025 2/Desarrollo/SW/capstone/malaria_dl_local_project/outputs/campaign_runs/85870857-925b-4b9f-9533-a2855d254d77/epoch_5.keras,29694526,ec356052986cec18368a4373f24da72b8ed1346a1de2aff8a53803bd7e25d72b,False,,,,"{""path"":""/Users/julio/Desktop/Archivo/Magister UAI/Capstone MIA 2025 2/Desarrollo/SW/capstone/malaria_dl_local_project/outputs/campaign_runs/85870857-925b-4b9f-9533-a2855d254d77/epoch_5.keras"",""bytes"":29694526,""epoch"":5,""phase"":""base"",""run_id"":""85870857-925b-4b9f-9533-a2855d254d77"",""sha256"":""ec356052986cec18368a4373f24da72b8ed1346a1de2aff8a53803bd7e25d72b"",""version_id"":""496e6ce7-fbae-4e9a-a562-7f33f53c2841"",""phase_epoch"":5}"
85870857-925b-4b9f-9533-a2855d254d77,densenet121,adamw,base,6,6,train_execution_records,artifact,6,2026-10-03T01:12:08.78482+00:00,040b078a-2666-45db-b7b1-bd70fb5cf2f8,/Users/julio/Desktop/Archivo/Magister UAI/Capstone MIA 2025 2/Desarrollo/SW/capstone/malaria_dl_local_project/outputs/campaign_runs/85870857-925b-4b9f-9533-a2855d254d77/epoch_6.keras,29694526,e7445cb32407ed35f7b8daee53d37eca945cd63da938cd337b3e1ada903c5426,False,,,,"{""path"":""/Users/julio/Desktop/Archivo/Magister UAI/Capstone MIA 2025 2/Desarrollo/SW/capstone/malaria_dl_local_project/outputs/campaign_runs/85870857-925b-4b9f-9533-a2855d254d77/epoch_6.keras"",""bytes"":29694526,""epoch"":6,""phase"":""base"",""run_id"":""85870857-925b-4b9f-9533-a2855d254d77"",""sha256"":""e7445cb32407ed35f7b8daee53d37eca945cd63da938cd337b3e1ada903c5426"",""version_id"":""040b078a-2666-45db-b7b1-bd70fb5cf2f8"",""phase_epoch"":6}"
85870857-925b-4b9f-9533-a2855d254d77,densenet121,adamw,base,7,7,train_execution_records,artifact,7,2026-10-03T01:15:17.034108+00:00,0fa69358-7074-4b70-bec8-67560f5b1b28,/Users/julio/Desktop/Archivo/Magister UAI/Capstone MIA 2025 2/Desarrollo/SW/capstone/malaria_dl_local_project/outputs/campaign_runs/85870857-925b-4b9f-9533-a2855d254d77/epoch_7.keras,29694526,9ff48f4b4f3627e77360909af30c23b8b31df38514cd1896755523113efa82f3,False,,,,"{""path"":""/Users/julio/Desktop/Archivo/Magister UAI/Capstone MIA 2025 2/Desarrollo/SW/capstone/malaria_dl_local_project/outputs/campaign_runs/85870857-925b-4b9f-9533-a2855d254d77/epoch_7.keras"",""bytes"":29694526,""epoch"":7,""phase"":""base"",""run_id"":""85870857-925b-4b9f-9533-a2855d254d77"",""sha256"":""9ff48f4b4f3627e77360909af30c23b8b31df38514cd1896755523113efa82f3"",""version_id"":""0fa69358-7074-4b70-bec8-67560f5b1b28"",""phase_epoch"":7}"
85870857-925b-4b9f-9533-a2855d254d77,densenet121,adamw,base,8,8,train_execution_records,artifact,8,2026-10-03T01:18:31.536751+00:00,334164d8-078f-4f47-81eb-eb1bb9d14187,/Users/julio/Desktop/Archivo/Magister UAI/Capstone MIA 2025 2/Desarrollo/SW/capstone/malaria_dl_local_project/outputs/campaign_runs/85870857-925b-4b9f-9533-a2855d254d77/epoch_8.keras,29694526,168616c1748344b9d0e21a3bf8f240174bf5e4384649ca418adc8dd89618e439,False,,,,"{""path"":""/Users/julio/Desktop/Archivo/Magister UAI/Capstone MIA 2025 2/Desarrollo/SW/capstone/malaria_dl_local_project/outputs/campaign_runs/85870857-925b-4b9f-9533-a2855d254d77/epoch_8.keras"",""bytes"":29694526,""epoch"":8,""phase"":""base"",""run_id"":""85870857-925b-4b9f-9533-a2855d254d77"",""sha256"":""168616c1748344b9d0e21a3bf8f240174bf5e4384649ca418adc8dd89618e439"",""version_id"":""334164d8-078f-4f47-81eb-eb1bb9d14187"",""phase_epoch"":8}"
85870857-925b-4b9f-9533-a2855d254d77,densenet121,adamw,base,9,9,train_execution_records,artifact,9,2026-10-03T01:21:41.948973+00:00,6500bfaf-1f07-48cf-a5b7-65c86f8133eb,/Users/julio/Desktop/Archivo/Magister UAI/Capstone MIA 2025 2/Desarrollo/SW/capstone/malaria_dl_local_project/outputs/campaign_runs/85870857-925b-4b9f-9533-a2855d254d77/epoch_9.keras,29694526,b326ba3b3cf0e12b17ec9a5248cbc6987c30569fd94d5fa7ed0a224ef4ac7578,False,,,,"{""path"":""/Users/julio/Desktop/Archivo/Magister UAI/Capstone MIA 2025 2/Desarrollo/SW/capstone/malaria_dl_local_project/outputs/campaign_runs/85870857-925b-4b9f-9533-a2855d254d77/epoch_9.keras"",""bytes"":29694526,""epoch"":9,""phase"":""base"",""run_id"":""85870857-925b-4b9f-9533-a2855d254d77"",""sha256"":""b326ba3b3cf0e12b17ec9a5248cbc6987c30569fd94d5fa7ed0a224ef4ac7578"",""version_id"":""6500bfaf-1f07-48cf-a5b7-65c86f8133eb"",""phase_epoch"":9}"
85870857-925b-4b9f-9533-a2855d254d77,densenet121,adamw,base,10,10,train_execution_records,artifact,10,2026-10-03T01:24:51.822625+00:00,711ab144-761d-4220-be9b-504d0238924d,/Users/julio/Desktop/Archivo/Magister UAI/Capstone MIA 2025 2/Desarrollo/SW/capstone/malaria_dl_local_project/outputs/campaign_runs/85870857-925b-4b9f-9533-a2855d254d77/epoch_10.keras,29694526,3df1b9ccd33cd87ab4a914a66f707a49a937fbbbdb4c4a258a1228fd66063499,False,,,,"{""path"":""/Users/julio/Desktop/Archivo/Magister UAI/Capstone MIA 2025 2/Desarrollo/SW/capstone/malaria_dl_local_project/outputs/campaign_runs/85870857-925b-4b9f-9533-a2855d254d77/epoch_10.keras"",""bytes"":29694526,""epoch"":10,""phase"":""base"",""run_id"":""85870857-925b-4b9f-9533-a2855d254d77"",""sha256"":""3df1b9ccd33cd87ab4a914a66f707a49a937fbbbdb4c4a258a1228fd66063499"",""version_id"":""711ab144-761d-4220-be9b-504d0238924d"",""phase_epoch"":10}"
85870857-925b-4b9f-9533-a2855d254d77,densenet121,adamw,base,11,11,train_execution_records,artifact,11,2026-10-03T01:28:02.687035+00:00,1a6a44d3-987c-427f-9ac8-e6e3536ebec5,/Users/julio/Desktop/Archivo/Magister UAI/Capstone MIA 2025 2/Desarrollo/SW/capstone/malaria_dl_local_project/outputs/campaign_runs/85870857-925b-4b9f-9533-a2855d254d77/epoch_11.keras,29694526,f3e72525bdbb32a5080399ea2df28b4d1aa092b5b1abe6023e614dea8f8d7b6a,False,,,,"{""path"":""/Users/julio/Desktop/Archivo/Magister UAI/Capstone MIA 2025 2/Desarrollo/SW/capstone/malaria_dl_local_project/outputs/campaign_runs/85870857-925b-4b9f-9533-a2855d254d77/epoch_11.keras"",""bytes"":29694526,""epoch"":11,""phase"":""base"",""run_id"":""85870857-925b-4b9f-9533-a2855d254d77"",""sha256"":""f3e72525bdbb32a5080399ea2df28b4d1aa092b5b1abe6023e614dea8f8d7b6a"",""version_id"":""1a6a44d3-987c-427f-9ac8-e6e3536ebec5"",""phase_epoch"":11}"
85870857-925b-4b9f-9533-a2855d254d77,densenet121,adamw,base,12,12,train_execution_records,artifact,12,2026-10-03T01:31:12.575622+00:00,a8ce2698-7812-4e75-90a0-d7cdabf3a6b9,/Users/julio/Desktop/Archivo/Magister UAI/Capstone MIA 2025 2/Desarrollo/SW/capstone/malaria_dl_local_project/outputs/campaign_runs/85870857-925b-4b9f-9533-a2855d254d77/epoch_12.keras,29694526,aaf6decbace490d2c967af0237c76ad6730ecbace19f300aef898699f52740b0,False,,,,"{""path"":""/Users/julio/Desktop/Archivo/Magister UAI/Capstone MIA 2025 2/Desarrollo/SW/capstone/malaria_dl_local_project/outputs/campaign_runs/85870857-925b-4b9f-9533-a2855d254d77/epoch_12.keras"",""bytes"":29694526,""epoch"":12,""phase"":""base"",""run_id"":""85870857-925b-4b9f-9533-a2855d254d77"",""sha256"":""aaf6decbace490d2c967af0237c76ad6730ecbace19f300aef898699f52740b0"",""version_id"":""a8ce2698-7812-4e75-90a0-d7cdabf3a6b9"",""phase_epoch"":12}"
85870857-925b-4b9f-9533-a2855d254d77,densenet121,adamw,base,13,13,train_execution_records,artifact,13,2026-10-03T01:34:25.993769+00:00,28617dcf-9274-4b26-a092-35f5b83c2508,/Users/julio/Desktop/Archivo/Magister UAI/Capstone MIA 2025 2/Desarrollo/SW/capstone/malaria_dl_local_project/outputs/campaign_runs/85870857-925b-4b9f-9533-a2855d254d77/epoch_13.keras,29694526,c600c91b8091d48e6bbc1c76441930856d662c79506dfcd7e6b6ce8a005c45be,False,,,,"{""path"":""/Users/julio/Desktop/Archivo/Magister UAI/Capstone MIA 2025 2/Desarrollo/SW/capstone/malaria_dl_local_project/outputs/campaign_runs/85870857-925b-4b9f-9533-a2855d254d77/epoch_13.keras"",""bytes"":29694526,""epoch"":13,""phase"":""base"",""run_id"":""85870857-925b-4b9f-9533-a2855d254d77"",""sha256"":""c600c91b8091d48e6bbc1c76441930856d662c79506dfcd7e6b6ce8a005c45be"",""version_id"":""28617dcf-9274-4b26-a092-35f5b83c2508"",""phase_epoch"":13}"
85870857-925b-4b9f-9533-a2855d254d77,densenet121,adamw,base,14,14,train_execution_records,artifact,14,2026-10-03T01:37:35.895356+00:00,00b4d8c0-e28e-47d7-9e25-92e52968a495,/Users/julio/Desktop/Archivo/Magister UAI/Capstone MIA 2025 2/Desarrollo/SW/capstone/malaria_dl_local_project/outputs/campaign_runs/85870857-925b-4b9f-9533-a2855d254d77/epoch_14.keras,29694526,22c12503fb65b43ad786493ee78241886353a71940e9d7e7a6f8463c47594e79,False,,,,"{""path"":""/Users/julio/Desktop/Archivo/Magister UAI/Capstone MIA 2025 2/Desarrollo/SW/capstone/malaria_dl_local_project/outputs/campaign_runs/85870857-925b-4b9f-9533-a2855d254d77/epoch_14.keras"",""bytes"":29694526,""epoch"":14,""phase"":""base"",""run_id"":""85870857-925b-4b9f-9533-a2855d254d77"",""sha256"":""22c12503fb65b43ad786493ee78241886353a71940e9d7e7a6f8463c47594e79"",""version_id"":""00b4d8c0-e28e-47d7-9e25-92e52968a495"",""phase_epoch"":14}"
85870857-925b-4b9f-9533-a2855d254d77,densenet121,adamw,base,15,15,train_execution_records,artifact,15,2026-10-03T01:40:45.994203+00:00,1c7c8be2-9587-4963-b85e-ffd86477fc01,/Users/julio/Desktop/Archivo/Magister UAI/Capstone MIA 2025 2/Desarrollo/SW/capstone/malaria_dl_local_project/outputs/campaign_runs/85870857-925b-4b9f-9533-a2855d254d77/epoch_15.keras,29694526,2769d48ac886bd486798fce3edd4a1fe4a7ccce9a7606abeec37aa5dc565769b,False,,,,"{""path"":""/Users/julio/Desktop/Archivo/Magister UAI/Capstone MIA 2025 2/Desarrollo/SW/capstone/malaria_dl_local_project/outputs/campaign_runs/85870857-925b-4b9f-9533-a2855d254d77/epoch_15.keras"",""bytes"":29694526,""epoch"":15,""phase"":""base"",""run_id"":""85870857-925b-4b9f-9533-a2855d254d77"",""sha256"":""2769d48ac886bd486798fce3edd4a1fe4a7ccce9a7606abeec37aa5dc565769b"",""version_id"":""1c7c8be2-9587-4963-b85e-ffd86477fc01"",""phase_epoch"":15}"
85870857-925b-4b9f-9533-a2855d254d77,densenet121,adamw,base,16,16,train_execution_records,artifact,16,2026-10-03T01:43:56.811263+00:00,79011fa6-efb8-461c-b83f-52ed8b71a2a5,/Users/julio/Desktop/Archivo/Magister UAI/Capstone MIA 2025 2/Desarrollo/SW/capstone/malaria_dl_local_project/outputs/campaign_runs/85870857-925b-4b9f-9533-a2855d254d77/epoch_16.keras,29694526,00b63a136626f2dab895f2e7d40f4f121c2be539ab89b7079379dc9250093ac0,False,,,,"{""path"":""/Users/julio/Desktop/Archivo/Magister UAI/Capstone MIA 2025 2/Desarrollo/SW/capstone/malaria_dl_local_project/outputs/campaign_runs/85870857-925b-4b9f-9533-a2855d254d77/epoch_16.keras"",""bytes"":29694526,""epoch"":16,""phase"":""base"",""run_id"":""85870857-925b-4b9f-9533-a2855d254d77"",""sha256"":""00b63a136626f2dab895f2e7d40f4f121c2be539ab89b7079379dc9250093ac0"",""version_id"":""79011fa6-efb8-461c-b83f-52ed8b71a2a5"",""phase_epoch"":16}"
85870857-925b-4b9f-9533-a2855d254d77,densenet121,adamw,base,17,17,train_execution_records,artifact,17,2026-10-03T01:47:09.232863+00:00,fc1e526d-1856-4af6-86dc-dc7fc0d12c33,/Users/julio/Desktop/Archivo/Magister UAI/Capstone MIA 2025 2/Desarrollo/SW/capstone/malaria_dl_local_project/outputs/campaign_runs/85870857-925b-4b9f-9533-a2855d254d77/epoch_17.keras,29694526,ff38b42961db8e3fd3b824e2159b4296de65999cd1cefdef16cc92c966664c66,False,,,,"{""path"":""/Users/julio/Desktop/Archivo/Magister UAI/Capstone MIA 2025 2/Desarrollo/SW/capstone/malaria_dl_local_project/outputs/campaign_runs/85870857-925b-4b9f-9533-a2855d254d77/epoch_17.keras"",""bytes"":29694526,""epoch"":17,""phase"":""base"",""run_id"":""85870857-925b-4b9f-9533-a2855d254d77"",""sha256"":""ff38b42961db8e3fd3b824e2159b4296de65999cd1cefdef16cc92c966664c66"",""version_id"":""fc1e526d-1856-4af6-86dc-dc7fc0d12c33"",""phase_epoch"":17}"
85870857-925b-4b9f-9533-a2855d254d77,densenet121,adamw,base,18,18,train_execution_records,artifact,18,2026-10-03T01:50:20.929066+00:00,0d87f8da-12fd-45d7-8e81-72e602084e03,/Users/julio/Desktop/Archivo/Magister UAI/Capstone MIA 2025 2/Desarrollo/SW/capstone/malaria_dl_local_project/outputs/campaign_runs/85870857-925b-4b9f-9533-a2855d254d77/epoch_18.keras,29694526,bb670bbb30de27e7271e4c6ec3fd651a7466a7fffc0ea19033b09bf19132da7d,True,936c089f-8c1a-59d9-bad7-a2885ed10b43,available,"{""id"":""936c089f-8c1a-59d9-bad7-a2885ed10b43"",""run_id"":""85870857-925b-4b9f-9533-a2855d254d77"",""artifact_type"":""model_checkpoint"",""name"":""epoch_18.keras"",""path"":""/Users/julio/Desktop/Archivo/Magister UAI/Capstone MIA 2025 2/Desarrollo/SW/capstone/malaria_dl_local_project/outputs/campaign_runs/85870857-925b-4b9f-9533-a2855d254d77/epoch_18.keras"",""mime_type"":""application/octet-stream"",""file_size_bytes"":29694526,""checksum"":""bb670bbb30de27e7271e4c6ec3fd651a7466a7fffc0ea19033b09bf19132da7d"",""created_at"":""2026-10-03T03:32:11.265833+00:00"",""metadata"":{""role"":""selected_checkpoint"",""epoch"":18,""phase"":""base"",""source"":""e10_train"",""version_id"":""0d87f8da-12fd-45d7-8e81-72e602084e03""},""artifact_uri"":null,""artifact_status"":""available"",""archived_at"":null}","{""path"":""/Users/julio/Desktop/Archivo/Magister UAI/Capstone MIA 2025 2/Desarrollo/SW/capstone/malaria_dl_local_project/outputs/campaign_runs/85870857-925b-4b9f-9533-a2855d254d77/epoch_18.keras"",""bytes"":29694526,""epoch"":18,""phase"":""base"",""run_id"":""85870857-925b-4b9f-9533-a2855d254d77"",""sha256"":""bb670bbb30de27e7271e4c6ec3fd651a7466a7fffc0ea19033b09bf19132da7d"",""version_id"":""0d87f8da-12fd-45d7-8e81-72e602084e03"",""phase_epoch"":18}"
85870857-925b-4b9f-9533-a2855d254d77,densenet121,adamw,base,19,19,train_execution_records,artifact,19,2026-10-03T01:53:31.614526+00:00,9f14baf0-3927-4721-8550-dd73d9aa2135,/Users/julio/Desktop/Archivo/Magister UAI/Capstone MIA 2025 2/Desarrollo/SW/capstone/malaria_dl_local_project/outputs/campaign_runs/85870857-925b-4b9f-9533-a2855d254d77/epoch_19.keras,29694526,0e00e6ccaa4f4a3fe81ce2df64b4fb5990fec3b7d4773452d73176f711485d88,False,,,,"{""path"":""/Users/julio/Desktop/Archivo/Magister UAI/Capstone MIA 2025 2/Desarrollo/SW/capstone/malaria_dl_local_project/outputs/campaign_runs/85870857-925b-4b9f-9533-a2855d254d77/epoch_19.keras"",""bytes"":29694526,""epoch"":19,""phase"":""base"",""run_id"":""85870857-925b-4b9f-9533-a2855d254d77"",""sha256"":""0e00e6ccaa4f4a3fe81ce2df64b4fb5990fec3b7d4773452d73176f711485d88"",""version_id"":""9f14baf0-3927-4721-8550-dd73d9aa2135"",""phase_epoch"":19}"
85870857-925b-4b9f-9533-a2855d254d77,densenet121,adamw,base,20,20,train_execution_records,artifact,20,2026-10-03T01:56:41.365801+00:00,c95c539e-0fd3-46a0-ba87-fbae63467a57,/Users/julio/Desktop/Archivo/Magister UAI/Capstone MIA 2025 2/Desarrollo/SW/capstone/malaria_dl_local_project/outputs/campaign_runs/85870857-925b-4b9f-9533-a2855d254d77/epoch_20.keras,29694526,0ce6e43bc8c96271d010aefbec79b219fd8b60fd920602ed11eb096340f58e73,False,,,,"{""path"":""/Users/julio/Desktop/Archivo/Magister UAI/Capstone MIA 2025 2/Desarrollo/SW/capstone/malaria_dl_local_project/outputs/campaign_runs/85870857-925b-4b9f-9533-a2855d254d77/epoch_20.keras"",""bytes"":29694526,""epoch"":20,""phase"":""base"",""run_id"":""85870857-925b-4b9f-9533-a2855d254d77"",""sha256"":""0ce6e43bc8c96271d010aefbec79b219fd8b60fd920602ed11eb096340f58e73"",""version_id"":""c95c539e-0fd3-46a0-ba87-fbae63467a57"",""phase_epoch"":20}"
85870857-925b-4b9f-9533-a2855d254d77,densenet121,adamw,base,21,21,train_execution_records,artifact,21,2026-10-03T01:59:52.527201+00:00,c03888b3-dd6f-4819-b3f7-7d30795726fd,/Users/julio/Desktop/Archivo/Magister UAI/Capstone MIA 2025 2/Desarrollo/SW/capstone/malaria_dl_local_project/outputs/campaign_runs/85870857-925b-4b9f-9533-a2855d254d77/epoch_21.keras,29694526,da3f6bf04e9eb5286c37bd8c8fca91308123da91beade91b72d8b0bf25ef6471,False,,,,"{""path"":""/Users/julio/Desktop/Archivo/Magister UAI/Capstone MIA 2025 2/Desarrollo/SW/capstone/malaria_dl_local_project/outputs/campaign_runs/85870857-925b-4b9f-9533-a2855d254d77/epoch_21.keras"",""bytes"":29694526,""epoch"":21,""phase"":""base"",""run_id"":""85870857-925b-4b9f-9533-a2855d254d77"",""sha256"":""da3f6bf04e9eb5286c37bd8c8fca91308123da91beade91b72d8b0bf25ef6471"",""version_id"":""c03888b3-dd6f-4819-b3f7-7d30795726fd"",""phase_epoch"":21}"
85870857-925b-4b9f-9533-a2855d254d77,densenet121,adamw,base,22,22,train_execution_records,artifact,22,2026-10-03T02:03:02.489684+00:00,e6886856-ddd0-4822-8f08-1a2a6beb9d1a,/Users/julio/Desktop/Archivo/Magister UAI/Capstone MIA 2025 2/Desarrollo/SW/capstone/malaria_dl_local_project/outputs/campaign_runs/85870857-925b-4b9f-9533-a2855d254d77/epoch_22.keras,29694526,98a6b442ffa6c9bda03fe005a483b1257719e4f489d6f1b4fe4921e9e1fec67d,False,,,,"{""path"":""/Users/julio/Desktop/Archivo/Magister UAI/Capstone MIA 2025 2/Desarrollo/SW/capstone/malaria_dl_local_project/outputs/campaign_runs/85870857-925b-4b9f-9533-a2855d254d77/epoch_22.keras"",""bytes"":29694526,""epoch"":22,""phase"":""base"",""run_id"":""85870857-925b-4b9f-9533-a2855d254d77"",""sha256"":""98a6b442ffa6c9bda03fe005a483b1257719e4f489d6f1b4fe4921e9e1fec67d"",""version_id"":""e6886856-ddd0-4822-8f08-1a2a6beb9d1a"",""phase_epoch"":22}"
85870857-925b-4b9f-9533-a2855d254d77,densenet121,adamw,base,23,23,train_execution_records,artifact,23,2026-10-03T02:06:13.215574+00:00,8b1a5932-e917-43cd-a3b8-019d8b0f2125,/Users/julio/Desktop/Archivo/Magister UAI/Capstone MIA 2025 2/Desarrollo/SW/capstone/malaria_dl_local_project/outputs/campaign_runs/85870857-925b-4b9f-9533-a2855d254d77/epoch_23.keras,29694526,6f2dcdca6c1ecf414e15530641327e6eef41b67f1b16e33d9e3ef37506f1a1ae,False,,,,"{""path"":""/Users/julio/Desktop/Archivo/Magister UAI/Capstone MIA 2025 2/Desarrollo/SW/capstone/malaria_dl_local_project/outputs/campaign_runs/85870857-925b-4b9f-9533-a2855d254d77/epoch_23.keras"",""bytes"":29694526,""epoch"":23,""phase"":""base"",""run_id"":""85870857-925b-4b9f-9533-a2855d254d77"",""sha256"":""6f2dcdca6c1ecf414e15530641327e6eef41b67f1b16e33d9e3ef37506f1a1ae"",""version_id"":""8b1a5932-e917-43cd-a3b8-019d8b0f2125"",""phase_epoch"":23}"
85870857-925b-4b9f-9533-a2855d254d77,densenet121,adamw,base,24,24,train_execution_records,artifact,24,2026-10-03T02:09:24.777536+00:00,78075647-89c1-48a3-ae68-5d997dae3f1c,/Users/julio/Desktop/Archivo/Magister UAI/Capstone MIA 2025 2/Desarrollo/SW/capstone/malaria_dl_local_project/outputs/campaign_runs/85870857-925b-4b9f-9533-a2855d254d77/epoch_24.keras,29694526,e1d77c8192606368b3ee397f76f63e86e824cb156f3698debdb11cc8e34368b3,False,,,,"{""path"":""/Users/julio/Desktop/Archivo/Magister UAI/Capstone MIA 2025 2/Desarrollo/SW/capstone/malaria_dl_local_project/outputs/campaign_runs/85870857-925b-4b9f-9533-a2855d254d77/epoch_24.keras"",""bytes"":29694526,""epoch"":24,""phase"":""base"",""run_id"":""85870857-925b-4b9f-9533-a2855d254d77"",""sha256"":""e1d77c8192606368b3ee397f76f63e86e824cb156f3698debdb11cc8e34368b3"",""version_id"":""78075647-89c1-48a3-ae68-5d997dae3f1c"",""phase_epoch"":24}"
85870857-925b-4b9f-9533-a2855d254d77,densenet121,adamw,base,25,25,train_execution_records,artifact,25,2026-10-03T02:12:34.927716+00:00,09362f3b-2ccd-4e05-9025-9dbab9db4545,/Users/julio/Desktop/Archivo/Magister UAI/Capstone MIA 2025 2/Desarrollo/SW/capstone/malaria_dl_local_project/outputs/campaign_runs/85870857-925b-4b9f-9533-a2855d254d77/epoch_25.keras,29694526,2b665df2170898aec3a4eab57b1705f4e6216dfd549cfbbb222ba86552c063d6,False,,,,"{""path"":""/Users/julio/Desktop/Archivo/Magister UAI/Capstone MIA 2025 2/Desarrollo/SW/capstone/malaria_dl_local_project/outputs/campaign_runs/85870857-925b-4b9f-9533-a2855d254d77/epoch_25.keras"",""bytes"":29694526,""epoch"":25,""phase"":""base"",""run_id"":""85870857-925b-4b9f-9533-a2855d254d77"",""sha256"":""2b665df2170898aec3a4eab57b1705f4e6216dfd549cfbbb222ba86552c063d6"",""version_id"":""09362f3b-2ccd-4e05-9025-9dbab9db4545"",""phase_epoch"":25}"
85870857-925b-4b9f-9533-a2855d254d77,densenet121,adamw,base,26,26,train_execution_records,artifact,26,2026-10-03T02:15:46.064815+00:00,c0d6e9d5-f3c9-44b5-85af-613d14940e3c,/Users/julio/Desktop/Archivo/Magister UAI/Capstone MIA 2025 2/Desarrollo/SW/capstone/malaria_dl_local_project/outputs/campaign_runs/85870857-925b-4b9f-9533-a2855d254d77/epoch_26.keras,29694526,fa00bbd28a112228e5699702fbe5a9e0e69c1c0e12ead68f6a96aabb28762ac5,False,,,,"{""path"":""/Users/julio/Desktop/Archivo/Magister UAI/Capstone MIA 2025 2/Desarrollo/SW/capstone/malaria_dl_local_project/outputs/campaign_runs/85870857-925b-4b9f-9533-a2855d254d77/epoch_26.keras"",""bytes"":29694526,""epoch"":26,""phase"":""base"",""run_id"":""85870857-925b-4b9f-9533-a2855d254d77"",""sha256"":""fa00bbd28a112228e5699702fbe5a9e0e69c1c0e12ead68f6a96aabb28762ac5"",""version_id"":""c0d6e9d5-f3c9-44b5-85af-613d14940e3c"",""phase_epoch"":26}"
85870857-925b-4b9f-9533-a2855d254d77,densenet121,adamw,base,27,27,train_execution_records,artifact,27,2026-10-03T02:18:56.055627+00:00,73c436ab-3bf9-4708-8faf-b3eddbc69b92,/Users/julio/Desktop/Archivo/Magister UAI/Capstone MIA 2025 2/Desarrollo/SW/capstone/malaria_dl_local_project/outputs/campaign_runs/85870857-925b-4b9f-9533-a2855d254d77/epoch_27.keras,29694526,538f370ab0056ea77ead94f44ef0aff16433e39e93910b562162f8b0553a4ad7,False,,,,"{""path"":""/Users/julio/Desktop/Archivo/Magister UAI/Capstone MIA 2025 2/Desarrollo/SW/capstone/malaria_dl_local_project/outputs/campaign_runs/85870857-925b-4b9f-9533-a2855d254d77/epoch_27.keras"",""bytes"":29694526,""epoch"":27,""phase"":""base"",""run_id"":""85870857-925b-4b9f-9533-a2855d254d77"",""sha256"":""538f370ab0056ea77ead94f44ef0aff16433e39e93910b562162f8b0553a4ad7"",""version_id"":""73c436ab-3bf9-4708-8faf-b3eddbc69b92"",""phase_epoch"":27}"
85870857-925b-4b9f-9533-a2855d254d77,densenet121,adamw,base,28,28,train_execution_records,artifact,28,2026-10-03T02:22:06.744264+00:00,d97d8913-9c91-4856-8828-9d11e781ec2f,/Users/julio/Desktop/Archivo/Magister UAI/Capstone MIA 2025 2/Desarrollo/SW/capstone/malaria_dl_local_project/outputs/campaign_runs/85870857-925b-4b9f-9533-a2855d254d77/epoch_28.keras,29694526,7565891b5c1616fa3a2aaadb9d4bf1c6bc9dd9dd28e1445a7b27c201538da2d5,False,,,,"{""path"":""/Users/julio/Desktop/Archivo/Magister UAI/Capstone MIA 2025 2/Desarrollo/SW/capstone/malaria_dl_local_project/outputs/campaign_runs/85870857-925b-4b9f-9533-a2855d254d77/epoch_28.keras"",""bytes"":29694526,""epoch"":28,""phase"":""base"",""run_id"":""85870857-925b-4b9f-9533-a2855d254d77"",""sha256"":""7565891b5c1616fa3a2aaadb9d4bf1c6bc9dd9dd28e1445a7b27c201538da2d5"",""version_id"":""d97d8913-9c91-4856-8828-9d11e781ec2f"",""phase_epoch"":28}"
85870857-925b-4b9f-9533-a2855d254d77,densenet121,adamw,base,29,29,train_execution_records,artifact,29,2026-10-03T02:25:18.457522+00:00,15bc157e-da8e-4c0d-b144-c234327055ad,/Users/julio/Desktop/Archivo/Magister UAI/Capstone MIA 2025 2/Desarrollo/SW/capstone/malaria_dl_local_project/outputs/campaign_runs/85870857-925b-4b9f-9533-a2855d254d77/epoch_29.keras,29694526,c9a2ca6cbba338522cc42d14028c84c0369dea2e89d4190f7099769c6953acd8,False,,,,"{""path"":""/Users/julio/Desktop/Archivo/Magister UAI/Capstone MIA 2025 2/Desarrollo/SW/capstone/malaria_dl_local_project/outputs/campaign_runs/85870857-925b-4b9f-9533-a2855d254d77/epoch_29.keras"",""bytes"":29694526,""epoch"":29,""phase"":""base"",""run_id"":""85870857-925b-4b9f-9533-a2855d254d77"",""sha256"":""c9a2ca6cbba338522cc42d14028c84c0369dea2e89d4190f7099769c6953acd8"",""version_id"":""15bc157e-da8e-4c0d-b144-c234327055ad"",""phase_epoch"":29}"
85870857-925b-4b9f-9533-a2855d254d77,densenet121,adamw,base,30,30,train_execution_records,artifact,30,2026-10-03T02:28:28.304772+00:00,ab73c513-e8fc-439f-9e5f-ceac63f3f39d,/Users/julio/Desktop/Archivo/Magister UAI/Capstone MIA 2025 2/Desarrollo/SW/capstone/malaria_dl_local_project/outputs/campaign_runs/85870857-925b-4b9f-9533-a2855d254d77/epoch_30.keras,29694526,83f21a89fbbc064aba44747ba0433623df4382eb1a86bfc2783f6323380cdc78,False,,,,"{""path"":""/Users/julio/Desktop/Archivo/Magister UAI/Capstone MIA 2025 2/Desarrollo/SW/capstone/malaria_dl_local_project/outputs/campaign_runs/85870857-925b-4b9f-9533-a2855d254d77/epoch_30.keras"",""bytes"":29694526,""epoch"":30,""phase"":""base"",""run_id"":""85870857-925b-4b9f-9533-a2855d254d77"",""sha256"":""83f21a89fbbc064aba44747ba0433623df4382eb1a86bfc2783f6323380cdc78"",""version_id"":""ab73c513-e8fc-439f-9e5f-ceac63f3f39d"",""phase_epoch"":30}"
85870857-925b-4b9f-9533-a2855d254d77,densenet121,adamw,fine_tuning,31,1,train_execution_records,artifact,1,2026-10-03T02:31:43.626363+00:00,1dd3e007-f808-440a-9b0f-d7363eec108d,/Users/julio/Desktop/Archivo/Magister UAI/Capstone MIA 2025 2/Desarrollo/SW/capstone/malaria_dl_local_project/outputs/campaign_runs/85870857-925b-4b9f-9533-a2855d254d77/epoch_31.keras,30007956,65fee1edca9d5e7dcb1b4b1c223d28e9a45961694f88c8a080278fd55668be25,False,,,,"{""path"":""/Users/julio/Desktop/Archivo/Magister UAI/Capstone MIA 2025 2/Desarrollo/SW/capstone/malaria_dl_local_project/outputs/campaign_runs/85870857-925b-4b9f-9533-a2855d254d77/epoch_31.keras"",""bytes"":30007956,""epoch"":31,""phase"":""fine_tuning"",""run_id"":""85870857-925b-4b9f-9533-a2855d254d77"",""sha256"":""65fee1edca9d5e7dcb1b4b1c223d28e9a45961694f88c8a080278fd55668be25"",""version_id"":""1dd3e007-f808-440a-9b0f-d7363eec108d"",""phase_epoch"":1}"
85870857-925b-4b9f-9533-a2855d254d77,densenet121,adamw,fine_tuning,32,2,train_execution_records,artifact,2,2026-10-03T02:34:54.482994+00:00,b6077e5f-496c-4513-84de-1548ba96d79e,/Users/julio/Desktop/Archivo/Magister UAI/Capstone MIA 2025 2/Desarrollo/SW/capstone/malaria_dl_local_project/outputs/campaign_runs/85870857-925b-4b9f-9533-a2855d254d77/epoch_32.keras,30007956,66da28e83010fc28e850c54ebba8116ca76654a24018b5258f42736172fd662a,False,,,,"{""path"":""/Users/julio/Desktop/Archivo/Magister UAI/Capstone MIA 2025 2/Desarrollo/SW/capstone/malaria_dl_local_project/outputs/campaign_runs/85870857-925b-4b9f-9533-a2855d254d77/epoch_32.keras"",""bytes"":30007956,""epoch"":32,""phase"":""fine_tuning"",""run_id"":""85870857-925b-4b9f-9533-a2855d254d77"",""sha256"":""66da28e83010fc28e850c54ebba8116ca76654a24018b5258f42736172fd662a"",""version_id"":""b6077e5f-496c-4513-84de-1548ba96d79e"",""phase_epoch"":2}"
85870857-925b-4b9f-9533-a2855d254d77,densenet121,adamw,fine_tuning,33,3,train_execution_records,artifact,3,2026-10-03T02:38:06.181251+00:00,bf6360e6-5469-4608-94a9-849d34f1d90b,/Users/julio/Desktop/Archivo/Magister UAI/Capstone MIA 2025 2/Desarrollo/SW/capstone/malaria_dl_local_project/outputs/campaign_runs/85870857-925b-4b9f-9533-a2855d254d77/epoch_33.keras,30007956,678cc4841f57e78653f39a9f0e86a1655edf18ecdcd29821bd3c96268c6cf236,False,,,,"{""path"":""/Users/julio/Desktop/Archivo/Magister UAI/Capstone MIA 2025 2/Desarrollo/SW/capstone/malaria_dl_local_project/outputs/campaign_runs/85870857-925b-4b9f-9533-a2855d254d77/epoch_33.keras"",""bytes"":30007956,""epoch"":33,""phase"":""fine_tuning"",""run_id"":""85870857-925b-4b9f-9533-a2855d254d77"",""sha256"":""678cc4841f57e78653f39a9f0e86a1655edf18ecdcd29821bd3c96268c6cf236"",""version_id"":""bf6360e6-5469-4608-94a9-849d34f1d90b"",""phase_epoch"":3}"
85870857-925b-4b9f-9533-a2855d254d77,densenet121,adamw,fine_tuning,34,4,train_execution_records,artifact,4,2026-10-03T02:41:17.077612+00:00,4fe349d0-c490-4158-a864-bd9d6b9f0f17,/Users/julio/Desktop/Archivo/Magister UAI/Capstone MIA 2025 2/Desarrollo/SW/capstone/malaria_dl_local_project/outputs/campaign_runs/85870857-925b-4b9f-9533-a2855d254d77/epoch_34.keras,30007956,abd8b048868d45307ead28e9dd59fe3241d44162855421ee7d49758471633507,False,,,,"{""path"":""/Users/julio/Desktop/Archivo/Magister UAI/Capstone MIA 2025 2/Desarrollo/SW/capstone/malaria_dl_local_project/outputs/campaign_runs/85870857-925b-4b9f-9533-a2855d254d77/epoch_34.keras"",""bytes"":30007956,""epoch"":34,""phase"":""fine_tuning"",""run_id"":""85870857-925b-4b9f-9533-a2855d254d77"",""sha256"":""abd8b048868d45307ead28e9dd59fe3241d44162855421ee7d49758471633507"",""version_id"":""4fe349d0-c490-4158-a864-bd9d6b9f0f17"",""phase_epoch"":4}"
85870857-925b-4b9f-9533-a2855d254d77,densenet121,adamw,fine_tuning,35,5,train_execution_records,artifact,5,2026-10-03T02:44:28.133505+00:00,083c9c47-65d4-4fc4-91a1-ed9a2b16d6c0,/Users/julio/Desktop/Archivo/Magister UAI/Capstone MIA 2025 2/Desarrollo/SW/capstone/malaria_dl_local_project/outputs/campaign_runs/85870857-925b-4b9f-9533-a2855d254d77/epoch_35.keras,30007956,0d145165cfa67fc76f27f446e782710e6fb6233e1947006c46fbd1812918fb5e,False,,,,"{""path"":""/Users/julio/Desktop/Archivo/Magister UAI/Capstone MIA 2025 2/Desarrollo/SW/capstone/malaria_dl_local_project/outputs/campaign_runs/85870857-925b-4b9f-9533-a2855d254d77/epoch_35.keras"",""bytes"":30007956,""epoch"":35,""phase"":""fine_tuning"",""run_id"":""85870857-925b-4b9f-9533-a2855d254d77"",""sha256"":""0d145165cfa67fc76f27f446e782710e6fb6233e1947006c46fbd1812918fb5e"",""version_id"":""083c9c47-65d4-4fc4-91a1-ed9a2b16d6c0"",""phase_epoch"":5}"
85870857-925b-4b9f-9533-a2855d254d77,densenet121,adamw,fine_tuning,36,6,train_execution_records,artifact,6,2026-10-03T02:47:43.814422+00:00,94b604e7-4652-419e-8b95-de99176aba99,/Users/julio/Desktop/Archivo/Magister UAI/Capstone MIA 2025 2/Desarrollo/SW/capstone/malaria_dl_local_project/outputs/campaign_runs/85870857-925b-4b9f-9533-a2855d254d77/epoch_36.keras,30007956,512d5179de3d19aef036d6843961b4296858cd7d657510aa50361448b0e2c1ac,False,,,,"{""path"":""/Users/julio/Desktop/Archivo/Magister UAI/Capstone MIA 2025 2/Desarrollo/SW/capstone/malaria_dl_local_project/outputs/campaign_runs/85870857-925b-4b9f-9533-a2855d254d77/epoch_36.keras"",""bytes"":30007956,""epoch"":36,""phase"":""fine_tuning"",""run_id"":""85870857-925b-4b9f-9533-a2855d254d77"",""sha256"":""512d5179de3d19aef036d6843961b4296858cd7d657510aa50361448b0e2c1ac"",""version_id"":""94b604e7-4652-419e-8b95-de99176aba99"",""phase_epoch"":6}"
85870857-925b-4b9f-9533-a2855d254d77,densenet121,adamw,fine_tuning,37,7,train_execution_records,artifact,7,2026-10-03T02:50:53.504598+00:00,f9a3f2a6-fe89-4949-b647-033a46e36047,/Users/julio/Desktop/Archivo/Magister UAI/Capstone MIA 2025 2/Desarrollo/SW/capstone/malaria_dl_local_project/outputs/campaign_runs/85870857-925b-4b9f-9533-a2855d254d77/epoch_37.keras,30007956,6cac35048acf3c82c18fe030a94b5419ad3b6f101b284fc22143cc4c3513b214,False,,,,"{""path"":""/Users/julio/Desktop/Archivo/Magister UAI/Capstone MIA 2025 2/Desarrollo/SW/capstone/malaria_dl_local_project/outputs/campaign_runs/85870857-925b-4b9f-9533-a2855d254d77/epoch_37.keras"",""bytes"":30007956,""epoch"":37,""phase"":""fine_tuning"",""run_id"":""85870857-925b-4b9f-9533-a2855d254d77"",""sha256"":""6cac35048acf3c82c18fe030a94b5419ad3b6f101b284fc22143cc4c3513b214"",""version_id"":""f9a3f2a6-fe89-4949-b647-033a46e36047"",""phase_epoch"":7}"
85870857-925b-4b9f-9533-a2855d254d77,densenet121,adamw,fine_tuning,38,8,train_execution_records,artifact,8,2026-10-03T02:54:06.551562+00:00,fcb73ef2-711c-4054-9603-5201a8487882,/Users/julio/Desktop/Archivo/Magister UAI/Capstone MIA 2025 2/Desarrollo/SW/capstone/malaria_dl_local_project/outputs/campaign_runs/85870857-925b-4b9f-9533-a2855d254d77/epoch_38.keras,30007956,f7791abc641b1f9a6442d5a2742d812d6075d92baba53c87f69fb79a46a8341b,False,,,,"{""path"":""/Users/julio/Desktop/Archivo/Magister UAI/Capstone MIA 2025 2/Desarrollo/SW/capstone/malaria_dl_local_project/outputs/campaign_runs/85870857-925b-4b9f-9533-a2855d254d77/epoch_38.keras"",""bytes"":30007956,""epoch"":38,""phase"":""fine_tuning"",""run_id"":""85870857-925b-4b9f-9533-a2855d254d77"",""sha256"":""f7791abc641b1f9a6442d5a2742d812d6075d92baba53c87f69fb79a46a8341b"",""version_id"":""fcb73ef2-711c-4054-9603-5201a8487882"",""phase_epoch"":8}"
85870857-925b-4b9f-9533-a2855d254d77,densenet121,adamw,fine_tuning,39,9,train_execution_records,artifact,9,2026-10-03T02:57:20.377091+00:00,9907261e-4e88-4ea8-86e4-f1dd217f3a28,/Users/julio/Desktop/Archivo/Magister UAI/Capstone MIA 2025 2/Desarrollo/SW/capstone/malaria_dl_local_project/outputs/campaign_runs/85870857-925b-4b9f-9533-a2855d254d77/epoch_39.keras,30007956,28ff431a3bf18e7236636f425331f687b0663d6e513c3c6aab8ad0c9a7ddf69d,False,,,,"{""path"":""/Users/julio/Desktop/Archivo/Magister UAI/Capstone MIA 2025 2/Desarrollo/SW/capstone/malaria_dl_local_project/outputs/campaign_runs/85870857-925b-4b9f-9533-a2855d254d77/epoch_39.keras"",""bytes"":30007956,""epoch"":39,""phase"":""fine_tuning"",""run_id"":""85870857-925b-4b9f-9533-a2855d254d77"",""sha256"":""28ff431a3bf18e7236636f425331f687b0663d6e513c3c6aab8ad0c9a7ddf69d"",""version_id"":""9907261e-4e88-4ea8-86e4-f1dd217f3a28"",""phase_epoch"":9}"
85870857-925b-4b9f-9533-a2855d254d77,densenet121,adamw,fine_tuning,40,10,train_execution_records,artifact,10,2026-10-03T03:00:28.167187+00:00,3766c3c8-3303-4009-b2b3-861c9e254e21,/Users/julio/Desktop/Archivo/Magister UAI/Capstone MIA 2025 2/Desarrollo/SW/capstone/malaria_dl_local_project/outputs/campaign_runs/85870857-925b-4b9f-9533-a2855d254d77/epoch_40.keras,30007956,971cd1d184d01f4ca4f5af4a5a5123a006b6c0647b6458bcc1e29db04d03f270,False,,,,"{""path"":""/Users/julio/Desktop/Archivo/Magister UAI/Capstone MIA 2025 2/Desarrollo/SW/capstone/malaria_dl_local_project/outputs/campaign_runs/85870857-925b-4b9f-9533-a2855d254d77/epoch_40.keras"",""bytes"":30007956,""epoch"":40,""phase"":""fine_tuning"",""run_id"":""85870857-925b-4b9f-9533-a2855d254d77"",""sha256"":""971cd1d184d01f4ca4f5af4a5a5123a006b6c0647b6458bcc1e29db04d03f270"",""version_id"":""3766c3c8-3303-4009-b2b3-861c9e254e21"",""phase_epoch"":10}"
85870857-925b-4b9f-9533-a2855d254d77,densenet121,adamw,fine_tuning,41,11,train_execution_records,artifact,11,2026-10-03T03:03:36.914229+00:00,36d5cbe7-5b2b-46ac-92d6-001859379622,/Users/julio/Desktop/Archivo/Magister UAI/Capstone MIA 2025 2/Desarrollo/SW/capstone/malaria_dl_local_project/outputs/campaign_runs/85870857-925b-4b9f-9533-a2855d254d77/epoch_41.keras,30007956,3194e4accd148341d21f3f4ec6571edc2d8cabf36117dc402d6c44902c5b67aa,False,,,,"{""path"":""/Users/julio/Desktop/Archivo/Magister UAI/Capstone MIA 2025 2/Desarrollo/SW/capstone/malaria_dl_local_project/outputs/campaign_runs/85870857-925b-4b9f-9533-a2855d254d77/epoch_41.keras"",""bytes"":30007956,""epoch"":41,""phase"":""fine_tuning"",""run_id"":""85870857-925b-4b9f-9533-a2855d254d77"",""sha256"":""3194e4accd148341d21f3f4ec6571edc2d8cabf36117dc402d6c44902c5b67aa"",""version_id"":""36d5cbe7-5b2b-46ac-92d6-001859379622"",""phase_epoch"":11}"
85870857-925b-4b9f-9533-a2855d254d77,densenet121,adamw,fine_tuning,42,12,train_execution_records,artifact,12,2026-10-03T03:06:45.541213+00:00,87c2cb4f-92f1-4d7f-91b7-adfac14c516e,/Users/julio/Desktop/Archivo/Magister UAI/Capstone MIA 2025 2/Desarrollo/SW/capstone/malaria_dl_local_project/outputs/campaign_runs/85870857-925b-4b9f-9533-a2855d254d77/epoch_42.keras,30007956,0e51d882f7f357165c9f4b22785223c663b5ee8223180c30c55469f5afcbba96,False,,,,"{""path"":""/Users/julio/Desktop/Archivo/Magister UAI/Capstone MIA 2025 2/Desarrollo/SW/capstone/malaria_dl_local_project/outputs/campaign_runs/85870857-925b-4b9f-9533-a2855d254d77/epoch_42.keras"",""bytes"":30007956,""epoch"":42,""phase"":""fine_tuning"",""run_id"":""85870857-925b-4b9f-9533-a2855d254d77"",""sha256"":""0e51d882f7f357165c9f4b22785223c663b5ee8223180c30c55469f5afcbba96"",""version_id"":""87c2cb4f-92f1-4d7f-91b7-adfac14c516e"",""phase_epoch"":12}"
85870857-925b-4b9f-9533-a2855d254d77,densenet121,adamw,fine_tuning,43,13,train_execution_records,artifact,13,2026-10-03T03:09:54.02762+00:00,5de8f8a9-7fc9-447e-bcd0-09d61424eb89,/Users/julio/Desktop/Archivo/Magister UAI/Capstone MIA 2025 2/Desarrollo/SW/capstone/malaria_dl_local_project/outputs/campaign_runs/85870857-925b-4b9f-9533-a2855d254d77/epoch_43.keras,30007956,28498101b0be6937380aec7f3b3c50fb26a4a75820a92647f4c258aff31b7bb3,False,,,,"{""path"":""/Users/julio/Desktop/Archivo/Magister UAI/Capstone MIA 2025 2/Desarrollo/SW/capstone/malaria_dl_local_project/outputs/campaign_runs/85870857-925b-4b9f-9533-a2855d254d77/epoch_43.keras"",""bytes"":30007956,""epoch"":43,""phase"":""fine_tuning"",""run_id"":""85870857-925b-4b9f-9533-a2855d254d77"",""sha256"":""28498101b0be6937380aec7f3b3c50fb26a4a75820a92647f4c258aff31b7bb3"",""version_id"":""5de8f8a9-7fc9-447e-bcd0-09d61424eb89"",""phase_epoch"":13}"
85870857-925b-4b9f-9533-a2855d254d77,densenet121,adamw,fine_tuning,44,14,train_execution_records,artifact,14,2026-10-03T03:13:02.392598+00:00,9e7de9e3-1da7-41b0-aa85-07bc2d70e360,/Users/julio/Desktop/Archivo/Magister UAI/Capstone MIA 2025 2/Desarrollo/SW/capstone/malaria_dl_local_project/outputs/campaign_runs/85870857-925b-4b9f-9533-a2855d254d77/epoch_44.keras,30007956,a9b1686963f3110eede32eb5ed46b5f91a3373997b7d5742c6496e79dd316722,False,,,,"{""path"":""/Users/julio/Desktop/Archivo/Magister UAI/Capstone MIA 2025 2/Desarrollo/SW/capstone/malaria_dl_local_project/outputs/campaign_runs/85870857-925b-4b9f-9533-a2855d254d77/epoch_44.keras"",""bytes"":30007956,""epoch"":44,""phase"":""fine_tuning"",""run_id"":""85870857-925b-4b9f-9533-a2855d254d77"",""sha256"":""a9b1686963f3110eede32eb5ed46b5f91a3373997b7d5742c6496e79dd316722"",""version_id"":""9e7de9e3-1da7-41b0-aa85-07bc2d70e360"",""phase_epoch"":14}"
85870857-925b-4b9f-9533-a2855d254d77,densenet121,adamw,fine_tuning,45,15,train_execution_records,artifact,15,2026-10-03T03:16:11.001567+00:00,406746ad-400f-41a1-8c59-29ec17ef38c3,/Users/julio/Desktop/Archivo/Magister UAI/Capstone MIA 2025 2/Desarrollo/SW/capstone/malaria_dl_local_project/outputs/campaign_runs/85870857-925b-4b9f-9533-a2855d254d77/epoch_45.keras,30007956,4c4e66e0b8af8f1d37d910a6d56c93c7f909c7bc692883479bc20f2dbac8b65d,False,,,,"{""path"":""/Users/julio/Desktop/Archivo/Magister UAI/Capstone MIA 2025 2/Desarrollo/SW/capstone/malaria_dl_local_project/outputs/campaign_runs/85870857-925b-4b9f-9533-a2855d254d77/epoch_45.keras"",""bytes"":30007956,""epoch"":45,""phase"":""fine_tuning"",""run_id"":""85870857-925b-4b9f-9533-a2855d254d77"",""sha256"":""4c4e66e0b8af8f1d37d910a6d56c93c7f909c7bc692883479bc20f2dbac8b65d"",""version_id"":""406746ad-400f-41a1-8c59-29ec17ef38c3"",""phase_epoch"":15}"
85870857-925b-4b9f-9533-a2855d254d77,densenet121,adamw,fine_tuning,46,16,train_execution_records,artifact,16,2026-10-03T03:19:19.468092+00:00,9f2970b4-ff06-43b7-a9cc-c53d1f40cd70,/Users/julio/Desktop/Archivo/Magister UAI/Capstone MIA 2025 2/Desarrollo/SW/capstone/malaria_dl_local_project/outputs/campaign_runs/85870857-925b-4b9f-9533-a2855d254d77/epoch_46.keras,30007956,d48a3f745dfa1f5c2574fc0d3de3d0c1e920429e3ae9cc4b353e570c56b4e06c,False,,,,"{""path"":""/Users/julio/Desktop/Archivo/Magister UAI/Capstone MIA 2025 2/Desarrollo/SW/capstone/malaria_dl_local_project/outputs/campaign_runs/85870857-925b-4b9f-9533-a2855d254d77/epoch_46.keras"",""bytes"":30007956,""epoch"":46,""phase"":""fine_tuning"",""run_id"":""85870857-925b-4b9f-9533-a2855d254d77"",""sha256"":""d48a3f745dfa1f5c2574fc0d3de3d0c1e920429e3ae9cc4b353e570c56b4e06c"",""version_id"":""9f2970b4-ff06-43b7-a9cc-c53d1f40cd70"",""phase_epoch"":16}"
85870857-925b-4b9f-9533-a2855d254d77,densenet121,adamw,fine_tuning,47,17,train_execution_records,artifact,17,2026-10-03T03:22:27.86052+00:00,0f68e2a3-1ca1-480b-8344-812065136fbf,/Users/julio/Desktop/Archivo/Magister UAI/Capstone MIA 2025 2/Desarrollo/SW/capstone/malaria_dl_local_project/outputs/campaign_runs/85870857-925b-4b9f-9533-a2855d254d77/epoch_47.keras,30007956,9847ddde813f35249ee2b418b74791ee6e32b9fe32bb847f1cbe792f7aa9f26e,False,,,,"{""path"":""/Users/julio/Desktop/Archivo/Magister UAI/Capstone MIA 2025 2/Desarrollo/SW/capstone/malaria_dl_local_project/outputs/campaign_runs/85870857-925b-4b9f-9533-a2855d254d77/epoch_47.keras"",""bytes"":30007956,""epoch"":47,""phase"":""fine_tuning"",""run_id"":""85870857-925b-4b9f-9533-a2855d254d77"",""sha256"":""9847ddde813f35249ee2b418b74791ee6e32b9fe32bb847f1cbe792f7aa9f26e"",""version_id"":""0f68e2a3-1ca1-480b-8344-812065136fbf"",""phase_epoch"":17}"
85870857-925b-4b9f-9533-a2855d254d77,densenet121,adamw,fine_tuning,48,18,train_execution_records,artifact,18,2026-10-03T03:25:36.288938+00:00,3e8f3ec9-ce65-4c83-96b0-1aa30b484966,/Users/julio/Desktop/Archivo/Magister UAI/Capstone MIA 2025 2/Desarrollo/SW/capstone/malaria_dl_local_project/outputs/campaign_runs/85870857-925b-4b9f-9533-a2855d254d77/epoch_48.keras,30007956,21b3872daa97e83429560febebd6007aef46621ad07310d2a3436dbccd0017f4,False,,,,"{""path"":""/Users/julio/Desktop/Archivo/Magister UAI/Capstone MIA 2025 2/Desarrollo/SW/capstone/malaria_dl_local_project/outputs/campaign_runs/85870857-925b-4b9f-9533-a2855d254d77/epoch_48.keras"",""bytes"":30007956,""epoch"":48,""phase"":""fine_tuning"",""run_id"":""85870857-925b-4b9f-9533-a2855d254d77"",""sha256"":""21b3872daa97e83429560febebd6007aef46621ad07310d2a3436dbccd0017f4"",""version_id"":""3e8f3ec9-ce65-4c83-96b0-1aa30b484966"",""phase_epoch"":18}"
85870857-925b-4b9f-9533-a2855d254d77,densenet121,adamw,fine_tuning,49,19,train_execution_records,artifact,19,2026-10-03T03:28:44.792165+00:00,bfe27fed-db5d-4a16-bb76-205c4b7d588b,/Users/julio/Desktop/Archivo/Magister UAI/Capstone MIA 2025 2/Desarrollo/SW/capstone/malaria_dl_local_project/outputs/campaign_runs/85870857-925b-4b9f-9533-a2855d254d77/epoch_49.keras,30007956,d09beaca85a796f75c38edc47f7ca5f9ede3b6fa00c063433b6b5c1523b091bb,False,,,,"{""path"":""/Users/julio/Desktop/Archivo/Magister UAI/Capstone MIA 2025 2/Desarrollo/SW/capstone/malaria_dl_local_project/outputs/campaign_runs/85870857-925b-4b9f-9533-a2855d254d77/epoch_49.keras"",""bytes"":30007956,""epoch"":49,""phase"":""fine_tuning"",""run_id"":""85870857-925b-4b9f-9533-a2855d254d77"",""sha256"":""d09beaca85a796f75c38edc47f7ca5f9ede3b6fa00c063433b6b5c1523b091bb"",""version_id"":""bfe27fed-db5d-4a16-bb76-205c4b7d588b"",""phase_epoch"":19}"
85870857-925b-4b9f-9533-a2855d254d77,densenet121,adamw,fine_tuning,50,20,train_execution_records,artifact,20,2026-10-03T03:31:53.249431+00:00,2b5b73fc-f8d6-43e0-a8e2-cc36a007386d,/Users/julio/Desktop/Archivo/Magister UAI/Capstone MIA 2025 2/Desarrollo/SW/capstone/malaria_dl_local_project/outputs/campaign_runs/85870857-925b-4b9f-9533-a2855d254d77/epoch_50.keras,30007956,35e0f89a1bdbbed3245848266adbd27a55c9718c8e8c6c8f02de8e7b83d07e8f,False,,,,"{""path"":""/Users/julio/Desktop/Archivo/Magister UAI/Capstone MIA 2025 2/Desarrollo/SW/capstone/malaria_dl_local_project/outputs/campaign_runs/85870857-925b-4b9f-9533-a2855d254d77/epoch_50.keras"",""bytes"":30007956,""epoch"":50,""phase"":""fine_tuning"",""run_id"":""85870857-925b-4b9f-9533-a2855d254d77"",""sha256"":""35e0f89a1bdbbed3245848266adbd27a55c9718c8e8c6c8f02de8e7b83d07e8f"",""version_id"":""2b5b73fc-f8d6-43e0-a8e2-cc36a007386d"",""phase_epoch"":20}"
8cb547f3-8b32-4149-8992-66bcbf4f4543,densenet121,adam,base,1,1,train_execution_records,artifact,1,2026-10-02T21:23:17.964854+00:00,a7826562-3669-472f-9541-fea421ef265e,/Users/julio/Desktop/Archivo/Magister UAI/Capstone MIA 2025 2/Desarrollo/SW/capstone/malaria_dl_local_project/outputs/campaign_runs/8cb547f3-8b32-4149-8992-66bcbf4f4543/epoch_1.keras,29694522,d39a935d3cd76f9b771ca6d69e630851e6f74e0088b6d7e3c74c660826ab3a80,False,,,,"{""path"":""/Users/julio/Desktop/Archivo/Magister UAI/Capstone MIA 2025 2/Desarrollo/SW/capstone/malaria_dl_local_project/outputs/campaign_runs/8cb547f3-8b32-4149-8992-66bcbf4f4543/epoch_1.keras"",""bytes"":29694522,""epoch"":1,""phase"":""base"",""run_id"":""8cb547f3-8b32-4149-8992-66bcbf4f4543"",""sha256"":""d39a935d3cd76f9b771ca6d69e630851e6f74e0088b6d7e3c74c660826ab3a80"",""version_id"":""a7826562-3669-472f-9541-fea421ef265e"",""phase_epoch"":1}"
8cb547f3-8b32-4149-8992-66bcbf4f4543,densenet121,adam,base,2,2,train_execution_records,artifact,2,2026-10-02T21:26:29.96058+00:00,c62df554-f842-45e4-8b2e-336d1190c05d,/Users/julio/Desktop/Archivo/Magister UAI/Capstone MIA 2025 2/Desarrollo/SW/capstone/malaria_dl_local_project/outputs/campaign_runs/8cb547f3-8b32-4149-8992-66bcbf4f4543/epoch_2.keras,29694522,ca69a97b8e1bdfbf910b8f439b79a08559d7ba08dcd4c22600279ce319dcb2c5,False,,,,"{""path"":""/Users/julio/Desktop/Archivo/Magister UAI/Capstone MIA 2025 2/Desarrollo/SW/capstone/malaria_dl_local_project/outputs/campaign_runs/8cb547f3-8b32-4149-8992-66bcbf4f4543/epoch_2.keras"",""bytes"":29694522,""epoch"":2,""phase"":""base"",""run_id"":""8cb547f3-8b32-4149-8992-66bcbf4f4543"",""sha256"":""ca69a97b8e1bdfbf910b8f439b79a08559d7ba08dcd4c22600279ce319dcb2c5"",""version_id"":""c62df554-f842-45e4-8b2e-336d1190c05d"",""phase_epoch"":2}"
8cb547f3-8b32-4149-8992-66bcbf4f4543,densenet121,adam,base,3,3,train_execution_records,artifact,3,2026-10-02T21:29:41.742616+00:00,db302e31-6127-4c02-88ad-b294c5c048b7,/Users/julio/Desktop/Archivo/Magister UAI/Capstone MIA 2025 2/Desarrollo/SW/capstone/malaria_dl_local_project/outputs/campaign_runs/8cb547f3-8b32-4149-8992-66bcbf4f4543/epoch_3.keras,29694522,d5df9c2e5c1076b9f7bc6f05aa9c8aceb472d418ffe36748e3ec37ac35d9c046,False,,,,"{""path"":""/Users/julio/Desktop/Archivo/Magister UAI/Capstone MIA 2025 2/Desarrollo/SW/capstone/malaria_dl_local_project/outputs/campaign_runs/8cb547f3-8b32-4149-8992-66bcbf4f4543/epoch_3.keras"",""bytes"":29694522,""epoch"":3,""phase"":""base"",""run_id"":""8cb547f3-8b32-4149-8992-66bcbf4f4543"",""sha256"":""d5df9c2e5c1076b9f7bc6f05aa9c8aceb472d418ffe36748e3ec37ac35d9c046"",""version_id"":""db302e31-6127-4c02-88ad-b294c5c048b7"",""phase_epoch"":3}"
8cb547f3-8b32-4149-8992-66bcbf4f4543,densenet121,adam,base,4,4,train_execution_records,artifact,4,2026-10-02T21:32:53.636349+00:00,c93d6875-501d-4298-a3ef-14a318f6ee6e,/Users/julio/Desktop/Archivo/Magister UAI/Capstone MIA 2025 2/Desarrollo/SW/capstone/malaria_dl_local_project/outputs/campaign_runs/8cb547f3-8b32-4149-8992-66bcbf4f4543/epoch_4.keras,29694522,6c20d27c1de62459aa4be56a0d29b92f8a915c93c2a296c38d1e0033bf00c6d6,False,,,,"{""path"":""/Users/julio/Desktop/Archivo/Magister UAI/Capstone MIA 2025 2/Desarrollo/SW/capstone/malaria_dl_local_project/outputs/campaign_runs/8cb547f3-8b32-4149-8992-66bcbf4f4543/epoch_4.keras"",""bytes"":29694522,""epoch"":4,""phase"":""base"",""run_id"":""8cb547f3-8b32-4149-8992-66bcbf4f4543"",""sha256"":""6c20d27c1de62459aa4be56a0d29b92f8a915c93c2a296c38d1e0033bf00c6d6"",""version_id"":""c93d6875-501d-4298-a3ef-14a318f6ee6e"",""phase_epoch"":4}"
8cb547f3-8b32-4149-8992-66bcbf4f4543,densenet121,adam,base,5,5,train_execution_records,artifact,5,2026-10-02T21:36:05.958988+00:00,4f36cdc4-ae6c-49a9-a00d-939159b0c95b,/Users/julio/Desktop/Archivo/Magister UAI/Capstone MIA 2025 2/Desarrollo/SW/capstone/malaria_dl_local_project/outputs/campaign_runs/8cb547f3-8b32-4149-8992-66bcbf4f4543/epoch_5.keras,29694522,2c581148cfe5ae9ecbc1f0304321d072c3bd5b63a9695b7e2acdd7f0ad25d22b,False,,,,"{""path"":""/Users/julio/Desktop/Archivo/Magister UAI/Capstone MIA 2025 2/Desarrollo/SW/capstone/malaria_dl_local_project/outputs/campaign_runs/8cb547f3-8b32-4149-8992-66bcbf4f4543/epoch_5.keras"",""bytes"":29694522,""epoch"":5,""phase"":""base"",""run_id"":""8cb547f3-8b32-4149-8992-66bcbf4f4543"",""sha256"":""2c581148cfe5ae9ecbc1f0304321d072c3bd5b63a9695b7e2acdd7f0ad25d22b"",""version_id"":""4f36cdc4-ae6c-49a9-a00d-939159b0c95b"",""phase_epoch"":5}"
8cb547f3-8b32-4149-8992-66bcbf4f4543,densenet121,adam,base,6,6,train_execution_records,artifact,6,2026-10-02T21:39:17.444663+00:00,1670c0e0-f5d6-4617-89dc-3d23a6a99d2e,/Users/julio/Desktop/Archivo/Magister UAI/Capstone MIA 2025 2/Desarrollo/SW/capstone/malaria_dl_local_project/outputs/campaign_runs/8cb547f3-8b32-4149-8992-66bcbf4f4543/epoch_6.keras,29694522,303bbb99f8809c392d9e6d14c7f8aa774fd6df6bd623edb9ea3a296b9957854c,False,,,,"{""path"":""/Users/julio/Desktop/Archivo/Magister UAI/Capstone MIA 2025 2/Desarrollo/SW/capstone/malaria_dl_local_project/outputs/campaign_runs/8cb547f3-8b32-4149-8992-66bcbf4f4543/epoch_6.keras"",""bytes"":29694522,""epoch"":6,""phase"":""base"",""run_id"":""8cb547f3-8b32-4149-8992-66bcbf4f4543"",""sha256"":""303bbb99f8809c392d9e6d14c7f8aa774fd6df6bd623edb9ea3a296b9957854c"",""version_id"":""1670c0e0-f5d6-4617-89dc-3d23a6a99d2e"",""phase_epoch"":6}"
8cb547f3-8b32-4149-8992-66bcbf4f4543,densenet121,adam,base,7,7,train_execution_records,artifact,7,2026-10-02T21:42:28.051891+00:00,88969c54-99d3-4b6a-a5f9-4a9b8151448b,/Users/julio/Desktop/Archivo/Magister UAI/Capstone MIA 2025 2/Desarrollo/SW/capstone/malaria_dl_local_project/outputs/campaign_runs/8cb547f3-8b32-4149-8992-66bcbf4f4543/epoch_7.keras,29694522,15228ef2102a78881f69b6653fc19a1efa209221de25b3e01d65675722b2b647,False,,,,"{""path"":""/Users/julio/Desktop/Archivo/Magister UAI/Capstone MIA 2025 2/Desarrollo/SW/capstone/malaria_dl_local_project/outputs/campaign_runs/8cb547f3-8b32-4149-8992-66bcbf4f4543/epoch_7.keras"",""bytes"":29694522,""epoch"":7,""phase"":""base"",""run_id"":""8cb547f3-8b32-4149-8992-66bcbf4f4543"",""sha256"":""15228ef2102a78881f69b6653fc19a1efa209221de25b3e01d65675722b2b647"",""version_id"":""88969c54-99d3-4b6a-a5f9-4a9b8151448b"",""phase_epoch"":7}"
8cb547f3-8b32-4149-8992-66bcbf4f4543,densenet121,adam,base,8,8,train_execution_records,artifact,8,2026-10-02T21:45:40.918134+00:00,9752de7b-ce08-4345-8076-2c3a0c891eab,/Users/julio/Desktop/Archivo/Magister UAI/Capstone MIA 2025 2/Desarrollo/SW/capstone/malaria_dl_local_project/outputs/campaign_runs/8cb547f3-8b32-4149-8992-66bcbf4f4543/epoch_8.keras,29694522,b9ff9ffd947ab76a7c8c5eaf9bea12deda646b9298331647a11a0ee0677d03af,False,,,,"{""path"":""/Users/julio/Desktop/Archivo/Magister UAI/Capstone MIA 2025 2/Desarrollo/SW/capstone/malaria_dl_local_project/outputs/campaign_runs/8cb547f3-8b32-4149-8992-66bcbf4f4543/epoch_8.keras"",""bytes"":29694522,""epoch"":8,""phase"":""base"",""run_id"":""8cb547f3-8b32-4149-8992-66bcbf4f4543"",""sha256"":""b9ff9ffd947ab76a7c8c5eaf9bea12deda646b9298331647a11a0ee0677d03af"",""version_id"":""9752de7b-ce08-4345-8076-2c3a0c891eab"",""phase_epoch"":8}"
8cb547f3-8b32-4149-8992-66bcbf4f4543,densenet121,adam,base,9,9,train_execution_records,artifact,9,2026-10-02T21:48:51.97485+00:00,d7140df4-d905-424e-990c-d042f5b35309,/Users/julio/Desktop/Archivo/Magister UAI/Capstone MIA 2025 2/Desarrollo/SW/capstone/malaria_dl_local_project/outputs/campaign_runs/8cb547f3-8b32-4149-8992-66bcbf4f4543/epoch_9.keras,29694522,74875a1c1551a8f303698ee9e1a47d8a084d19c364dc6d1bb416f944a1a8ac7d,False,,,,"{""path"":""/Users/julio/Desktop/Archivo/Magister UAI/Capstone MIA 2025 2/Desarrollo/SW/capstone/malaria_dl_local_project/outputs/campaign_runs/8cb547f3-8b32-4149-8992-66bcbf4f4543/epoch_9.keras"",""bytes"":29694522,""epoch"":9,""phase"":""base"",""run_id"":""8cb547f3-8b32-4149-8992-66bcbf4f4543"",""sha256"":""74875a1c1551a8f303698ee9e1a47d8a084d19c364dc6d1bb416f944a1a8ac7d"",""version_id"":""d7140df4-d905-424e-990c-d042f5b35309"",""phase_epoch"":9}"
8cb547f3-8b32-4149-8992-66bcbf4f4543,densenet121,adam,base,10,10,train_execution_records,artifact,10,2026-10-02T21:52:03.313107+00:00,7441b539-dd20-41a4-9af2-a6c459acca20,/Users/julio/Desktop/Archivo/Magister UAI/Capstone MIA 2025 2/Desarrollo/SW/capstone/malaria_dl_local_project/outputs/campaign_runs/8cb547f3-8b32-4149-8992-66bcbf4f4543/epoch_10.keras,29694522,174be62e6d5b934477945c48873c035c554b5e32815a10eac35ea0fe10275d39,False,,,,"{""path"":""/Users/julio/Desktop/Archivo/Magister UAI/Capstone MIA 2025 2/Desarrollo/SW/capstone/malaria_dl_local_project/outputs/campaign_runs/8cb547f3-8b32-4149-8992-66bcbf4f4543/epoch_10.keras"",""bytes"":29694522,""epoch"":10,""phase"":""base"",""run_id"":""8cb547f3-8b32-4149-8992-66bcbf4f4543"",""sha256"":""174be62e6d5b934477945c48873c035c554b5e32815a10eac35ea0fe10275d39"",""version_id"":""7441b539-dd20-41a4-9af2-a6c459acca20"",""phase_epoch"":10}"
8cb547f3-8b32-4149-8992-66bcbf4f4543,densenet121,adam,base,11,11,train_execution_records,artifact,11,2026-10-02T21:55:15.16297+00:00,220fc780-beb6-4fd7-b303-14a8e3d8faba,/Users/julio/Desktop/Archivo/Magister UAI/Capstone MIA 2025 2/Desarrollo/SW/capstone/malaria_dl_local_project/outputs/campaign_runs/8cb547f3-8b32-4149-8992-66bcbf4f4543/epoch_11.keras,29694522,f606ec8bf9928325f7ca9c2c4a7b0d694a0834d37caac0cf92721d339cbb478e,False,,,,"{""path"":""/Users/julio/Desktop/Archivo/Magister UAI/Capstone MIA 2025 2/Desarrollo/SW/capstone/malaria_dl_local_project/outputs/campaign_runs/8cb547f3-8b32-4149-8992-66bcbf4f4543/epoch_11.keras"",""bytes"":29694522,""epoch"":11,""phase"":""base"",""run_id"":""8cb547f3-8b32-4149-8992-66bcbf4f4543"",""sha256"":""f606ec8bf9928325f7ca9c2c4a7b0d694a0834d37caac0cf92721d339cbb478e"",""version_id"":""220fc780-beb6-4fd7-b303-14a8e3d8faba"",""phase_epoch"":11}"
8cb547f3-8b32-4149-8992-66bcbf4f4543,densenet121,adam,base,12,12,train_execution_records,artifact,12,2026-10-02T21:58:24.426052+00:00,89f9ae59-9b8e-4fa8-90d9-a90f01cd9501,/Users/julio/Desktop/Archivo/Magister UAI/Capstone MIA 2025 2/Desarrollo/SW/capstone/malaria_dl_local_project/outputs/campaign_runs/8cb547f3-8b32-4149-8992-66bcbf4f4543/epoch_12.keras,29694522,321e8e9049a0a2664e8cd3ec621af8146b2c0e30e4a1f4b505c730b9b1b7c710,False,,,,"{""path"":""/Users/julio/Desktop/Archivo/Magister UAI/Capstone MIA 2025 2/Desarrollo/SW/capstone/malaria_dl_local_project/outputs/campaign_runs/8cb547f3-8b32-4149-8992-66bcbf4f4543/epoch_12.keras"",""bytes"":29694522,""epoch"":12,""phase"":""base"",""run_id"":""8cb547f3-8b32-4149-8992-66bcbf4f4543"",""sha256"":""321e8e9049a0a2664e8cd3ec621af8146b2c0e30e4a1f4b505c730b9b1b7c710"",""version_id"":""89f9ae59-9b8e-4fa8-90d9-a90f01cd9501"",""phase_epoch"":12}"
8cb547f3-8b32-4149-8992-66bcbf4f4543,densenet121,adam,base,13,13,train_execution_records,artifact,13,2026-10-02T22:01:36.533015+00:00,57809ebc-5109-44c6-9006-080fa5ec7a19,/Users/julio/Desktop/Archivo/Magister UAI/Capstone MIA 2025 2/Desarrollo/SW/capstone/malaria_dl_local_project/outputs/campaign_runs/8cb547f3-8b32-4149-8992-66bcbf4f4543/epoch_13.keras,29694522,199b2a84d50f473ec3141694fa4620eb377f770260a99d65bb51458e64332536,False,,,,"{""path"":""/Users/julio/Desktop/Archivo/Magister UAI/Capstone MIA 2025 2/Desarrollo/SW/capstone/malaria_dl_local_project/outputs/campaign_runs/8cb547f3-8b32-4149-8992-66bcbf4f4543/epoch_13.keras"",""bytes"":29694522,""epoch"":13,""phase"":""base"",""run_id"":""8cb547f3-8b32-4149-8992-66bcbf4f4543"",""sha256"":""199b2a84d50f473ec3141694fa4620eb377f770260a99d65bb51458e64332536"",""version_id"":""57809ebc-5109-44c6-9006-080fa5ec7a19"",""phase_epoch"":13}"
8cb547f3-8b32-4149-8992-66bcbf4f4543,densenet121,adam,base,14,14,train_execution_records,artifact,14,2026-10-02T22:04:44.833525+00:00,b2263486-6151-40a7-9191-a2089505f116,/Users/julio/Desktop/Archivo/Magister UAI/Capstone MIA 2025 2/Desarrollo/SW/capstone/malaria_dl_local_project/outputs/campaign_runs/8cb547f3-8b32-4149-8992-66bcbf4f4543/epoch_14.keras,29694522,4c99063070c2d12c99134fb2218273b7401e4843cce3ecf051b09b225e409707,False,,,,"{""path"":""/Users/julio/Desktop/Archivo/Magister UAI/Capstone MIA 2025 2/Desarrollo/SW/capstone/malaria_dl_local_project/outputs/campaign_runs/8cb547f3-8b32-4149-8992-66bcbf4f4543/epoch_14.keras"",""bytes"":29694522,""epoch"":14,""phase"":""base"",""run_id"":""8cb547f3-8b32-4149-8992-66bcbf4f4543"",""sha256"":""4c99063070c2d12c99134fb2218273b7401e4843cce3ecf051b09b225e409707"",""version_id"":""b2263486-6151-40a7-9191-a2089505f116"",""phase_epoch"":14}"
8cb547f3-8b32-4149-8992-66bcbf4f4543,densenet121,adam,base,15,15,train_execution_records,artifact,15,2026-10-02T22:07:52.9093+00:00,2f602337-46ea-4bb3-92f5-d71eca9edb8b,/Users/julio/Desktop/Archivo/Magister UAI/Capstone MIA 2025 2/Desarrollo/SW/capstone/malaria_dl_local_project/outputs/campaign_runs/8cb547f3-8b32-4149-8992-66bcbf4f4543/epoch_15.keras,29694522,acd6f6a5802d279ff360086ed0d7e1cf4e4a420523ae9f2443d5aeacbe27226b,False,,,,"{""path"":""/Users/julio/Desktop/Archivo/Magister UAI/Capstone MIA 2025 2/Desarrollo/SW/capstone/malaria_dl_local_project/outputs/campaign_runs/8cb547f3-8b32-4149-8992-66bcbf4f4543/epoch_15.keras"",""bytes"":29694522,""epoch"":15,""phase"":""base"",""run_id"":""8cb547f3-8b32-4149-8992-66bcbf4f4543"",""sha256"":""acd6f6a5802d279ff360086ed0d7e1cf4e4a420523ae9f2443d5aeacbe27226b"",""version_id"":""2f602337-46ea-4bb3-92f5-d71eca9edb8b"",""phase_epoch"":15}"
8cb547f3-8b32-4149-8992-66bcbf4f4543,densenet121,adam,base,16,16,train_execution_records,artifact,16,2026-10-02T22:11:00.983559+00:00,fc2c42c6-2ea8-4261-858a-be854afce1b6,/Users/julio/Desktop/Archivo/Magister UAI/Capstone MIA 2025 2/Desarrollo/SW/capstone/malaria_dl_local_project/outputs/campaign_runs/8cb547f3-8b32-4149-8992-66bcbf4f4543/epoch_16.keras,29694522,d31a508ebb041fbfb93b1c817738961f83c801a06ab4bc28a55d59d64179c03e,False,,,,"{""path"":""/Users/julio/Desktop/Archivo/Magister UAI/Capstone MIA 2025 2/Desarrollo/SW/capstone/malaria_dl_local_project/outputs/campaign_runs/8cb547f3-8b32-4149-8992-66bcbf4f4543/epoch_16.keras"",""bytes"":29694522,""epoch"":16,""phase"":""base"",""run_id"":""8cb547f3-8b32-4149-8992-66bcbf4f4543"",""sha256"":""d31a508ebb041fbfb93b1c817738961f83c801a06ab4bc28a55d59d64179c03e"",""version_id"":""fc2c42c6-2ea8-4261-858a-be854afce1b6"",""phase_epoch"":16}"
8cb547f3-8b32-4149-8992-66bcbf4f4543,densenet121,adam,base,17,17,train_execution_records,artifact,17,2026-10-02T22:14:09.029057+00:00,81d5a01a-1a01-42e9-bdb2-eb6b453bee34,/Users/julio/Desktop/Archivo/Magister UAI/Capstone MIA 2025 2/Desarrollo/SW/capstone/malaria_dl_local_project/outputs/campaign_runs/8cb547f3-8b32-4149-8992-66bcbf4f4543/epoch_17.keras,29694522,0693746ae4ed24113c9bdce34c7874f5711fc9d4bfc1e753e876eb92f1d7551d,False,,,,"{""path"":""/Users/julio/Desktop/Archivo/Magister UAI/Capstone MIA 2025 2/Desarrollo/SW/capstone/malaria_dl_local_project/outputs/campaign_runs/8cb547f3-8b32-4149-8992-66bcbf4f4543/epoch_17.keras"",""bytes"":29694522,""epoch"":17,""phase"":""base"",""run_id"":""8cb547f3-8b32-4149-8992-66bcbf4f4543"",""sha256"":""0693746ae4ed24113c9bdce34c7874f5711fc9d4bfc1e753e876eb92f1d7551d"",""version_id"":""81d5a01a-1a01-42e9-bdb2-eb6b453bee34"",""phase_epoch"":17}"
8cb547f3-8b32-4149-8992-66bcbf4f4543,densenet121,adam,base,18,18,train_execution_records,artifact,18,2026-10-02T22:17:17.528612+00:00,24490096-edd1-4d88-b36c-31e3f99a3902,/Users/julio/Desktop/Archivo/Magister UAI/Capstone MIA 2025 2/Desarrollo/SW/capstone/malaria_dl_local_project/outputs/campaign_runs/8cb547f3-8b32-4149-8992-66bcbf4f4543/epoch_18.keras,29694522,643f5c0be60434db577d8b5436e2289ef6a4575c36f9da0c14e6ee228629dee4,False,,,,"{""path"":""/Users/julio/Desktop/Archivo/Magister UAI/Capstone MIA 2025 2/Desarrollo/SW/capstone/malaria_dl_local_project/outputs/campaign_runs/8cb547f3-8b32-4149-8992-66bcbf4f4543/epoch_18.keras"",""bytes"":29694522,""epoch"":18,""phase"":""base"",""run_id"":""8cb547f3-8b32-4149-8992-66bcbf4f4543"",""sha256"":""643f5c0be60434db577d8b5436e2289ef6a4575c36f9da0c14e6ee228629dee4"",""version_id"":""24490096-edd1-4d88-b36c-31e3f99a3902"",""phase_epoch"":18}"
8cb547f3-8b32-4149-8992-66bcbf4f4543,densenet121,adam,base,19,19,train_execution_records,artifact,19,2026-10-02T22:20:26.358477+00:00,67afa021-cd91-41a5-b05b-9d234103ed9a,/Users/julio/Desktop/Archivo/Magister UAI/Capstone MIA 2025 2/Desarrollo/SW/capstone/malaria_dl_local_project/outputs/campaign_runs/8cb547f3-8b32-4149-8992-66bcbf4f4543/epoch_19.keras,29694522,76db5fd28bf5e231eb3180e0fd51accf5cfff3a184065e33a37e5644c317727d,False,,,,"{""path"":""/Users/julio/Desktop/Archivo/Magister UAI/Capstone MIA 2025 2/Desarrollo/SW/capstone/malaria_dl_local_project/outputs/campaign_runs/8cb547f3-8b32-4149-8992-66bcbf4f4543/epoch_19.keras"",""bytes"":29694522,""epoch"":19,""phase"":""base"",""run_id"":""8cb547f3-8b32-4149-8992-66bcbf4f4543"",""sha256"":""76db5fd28bf5e231eb3180e0fd51accf5cfff3a184065e33a37e5644c317727d"",""version_id"":""67afa021-cd91-41a5-b05b-9d234103ed9a"",""phase_epoch"":19}"
8cb547f3-8b32-4149-8992-66bcbf4f4543,densenet121,adam,base,20,20,train_execution_records,artifact,20,2026-10-02T22:23:34.684671+00:00,1240dcf3-a117-40ce-9508-c589961015c9,/Users/julio/Desktop/Archivo/Magister UAI/Capstone MIA 2025 2/Desarrollo/SW/capstone/malaria_dl_local_project/outputs/campaign_runs/8cb547f3-8b32-4149-8992-66bcbf4f4543/epoch_20.keras,29694522,2ae7371d25e71e56f710009ab78f879627f51801294dd84d5de8673df3c23964,False,,,,"{""path"":""/Users/julio/Desktop/Archivo/Magister UAI/Capstone MIA 2025 2/Desarrollo/SW/capstone/malaria_dl_local_project/outputs/campaign_runs/8cb547f3-8b32-4149-8992-66bcbf4f4543/epoch_20.keras"",""bytes"":29694522,""epoch"":20,""phase"":""base"",""run_id"":""8cb547f3-8b32-4149-8992-66bcbf4f4543"",""sha256"":""2ae7371d25e71e56f710009ab78f879627f51801294dd84d5de8673df3c23964"",""version_id"":""1240dcf3-a117-40ce-9508-c589961015c9"",""phase_epoch"":20}"
8cb547f3-8b32-4149-8992-66bcbf4f4543,densenet121,adam,base,21,21,train_execution_records,artifact,21,2026-10-02T22:26:43.246858+00:00,f9c40e7d-0c69-4d84-8a0f-79d196460e76,/Users/julio/Desktop/Archivo/Magister UAI/Capstone MIA 2025 2/Desarrollo/SW/capstone/malaria_dl_local_project/outputs/campaign_runs/8cb547f3-8b32-4149-8992-66bcbf4f4543/epoch_21.keras,29694522,766ef90cfe8eea2967b40dce90a13643cd8799e6ffae8f19d52278fc868e639d,False,,,,"{""path"":""/Users/julio/Desktop/Archivo/Magister UAI/Capstone MIA 2025 2/Desarrollo/SW/capstone/malaria_dl_local_project/outputs/campaign_runs/8cb547f3-8b32-4149-8992-66bcbf4f4543/epoch_21.keras"",""bytes"":29694522,""epoch"":21,""phase"":""base"",""run_id"":""8cb547f3-8b32-4149-8992-66bcbf4f4543"",""sha256"":""766ef90cfe8eea2967b40dce90a13643cd8799e6ffae8f19d52278fc868e639d"",""version_id"":""f9c40e7d-0c69-4d84-8a0f-79d196460e76"",""phase_epoch"":21}"
8cb547f3-8b32-4149-8992-66bcbf4f4543,densenet121,adam,base,22,22,train_execution_records,artifact,22,2026-10-02T22:29:51.855822+00:00,23e8d240-7990-448b-ae22-5499fe046660,/Users/julio/Desktop/Archivo/Magister UAI/Capstone MIA 2025 2/Desarrollo/SW/capstone/malaria_dl_local_project/outputs/campaign_runs/8cb547f3-8b32-4149-8992-66bcbf4f4543/epoch_22.keras,29694522,1739d03f428ebd2357cebd56d1b18a558ef13c9d8c861a7df43513a38f030578,False,,,,"{""path"":""/Users/julio/Desktop/Archivo/Magister UAI/Capstone MIA 2025 2/Desarrollo/SW/capstone/malaria_dl_local_project/outputs/campaign_runs/8cb547f3-8b32-4149-8992-66bcbf4f4543/epoch_22.keras"",""bytes"":29694522,""epoch"":22,""phase"":""base"",""run_id"":""8cb547f3-8b32-4149-8992-66bcbf4f4543"",""sha256"":""1739d03f428ebd2357cebd56d1b18a558ef13c9d8c861a7df43513a38f030578"",""version_id"":""23e8d240-7990-448b-ae22-5499fe046660"",""phase_epoch"":22}"
8cb547f3-8b32-4149-8992-66bcbf4f4543,densenet121,adam,base,23,23,train_execution_records,artifact,23,2026-10-02T22:33:00.343023+00:00,b6a16963-656d-48a6-960e-ec2bc96e8224,/Users/julio/Desktop/Archivo/Magister UAI/Capstone MIA 2025 2/Desarrollo/SW/capstone/malaria_dl_local_project/outputs/campaign_runs/8cb547f3-8b32-4149-8992-66bcbf4f4543/epoch_23.keras,29694522,27ba3b3350b8adf5d6b452a4463cb5f3b53c385a4741a509a213e218731203f6,False,,,,"{""path"":""/Users/julio/Desktop/Archivo/Magister UAI/Capstone MIA 2025 2/Desarrollo/SW/capstone/malaria_dl_local_project/outputs/campaign_runs/8cb547f3-8b32-4149-8992-66bcbf4f4543/epoch_23.keras"",""bytes"":29694522,""epoch"":23,""phase"":""base"",""run_id"":""8cb547f3-8b32-4149-8992-66bcbf4f4543"",""sha256"":""27ba3b3350b8adf5d6b452a4463cb5f3b53c385a4741a509a213e218731203f6"",""version_id"":""b6a16963-656d-48a6-960e-ec2bc96e8224"",""phase_epoch"":23}"
8cb547f3-8b32-4149-8992-66bcbf4f4543,densenet121,adam,base,24,24,train_execution_records,artifact,24,2026-10-02T22:36:08.600887+00:00,cf6f2820-df92-4de9-8215-dc819987681a,/Users/julio/Desktop/Archivo/Magister UAI/Capstone MIA 2025 2/Desarrollo/SW/capstone/malaria_dl_local_project/outputs/campaign_runs/8cb547f3-8b32-4149-8992-66bcbf4f4543/epoch_24.keras,29694522,ccd84084720508c061af4279527b470b4e585f147eea17cc99d7d4a08e7e1b41,False,,,,"{""path"":""/Users/julio/Desktop/Archivo/Magister UAI/Capstone MIA 2025 2/Desarrollo/SW/capstone/malaria_dl_local_project/outputs/campaign_runs/8cb547f3-8b32-4149-8992-66bcbf4f4543/epoch_24.keras"",""bytes"":29694522,""epoch"":24,""phase"":""base"",""run_id"":""8cb547f3-8b32-4149-8992-66bcbf4f4543"",""sha256"":""ccd84084720508c061af4279527b470b4e585f147eea17cc99d7d4a08e7e1b41"",""version_id"":""cf6f2820-df92-4de9-8215-dc819987681a"",""phase_epoch"":24}"
8cb547f3-8b32-4149-8992-66bcbf4f4543,densenet121,adam,base,25,25,train_execution_records,artifact,25,2026-10-02T22:39:17.09427+00:00,9e5daa0e-6d52-40b4-abdd-13aa1ef2cac3,/Users/julio/Desktop/Archivo/Magister UAI/Capstone MIA 2025 2/Desarrollo/SW/capstone/malaria_dl_local_project/outputs/campaign_runs/8cb547f3-8b32-4149-8992-66bcbf4f4543/epoch_25.keras,29694522,67575f2dc29b1c8f9a212e58bf0f64e74e0406e4db5d2381e0af5915bf59dc95,False,,,,"{""path"":""/Users/julio/Desktop/Archivo/Magister UAI/Capstone MIA 2025 2/Desarrollo/SW/capstone/malaria_dl_local_project/outputs/campaign_runs/8cb547f3-8b32-4149-8992-66bcbf4f4543/epoch_25.keras"",""bytes"":29694522,""epoch"":25,""phase"":""base"",""run_id"":""8cb547f3-8b32-4149-8992-66bcbf4f4543"",""sha256"":""67575f2dc29b1c8f9a212e58bf0f64e74e0406e4db5d2381e0af5915bf59dc95"",""version_id"":""9e5daa0e-6d52-40b4-abdd-13aa1ef2cac3"",""phase_epoch"":25}"
8cb547f3-8b32-4149-8992-66bcbf4f4543,densenet121,adam,base,26,26,train_execution_records,artifact,26,2026-10-02T22:42:25.428947+00:00,de7bbe69-2d03-4944-b2c5-69f9f5c9eeca,/Users/julio/Desktop/Archivo/Magister UAI/Capstone MIA 2025 2/Desarrollo/SW/capstone/malaria_dl_local_project/outputs/campaign_runs/8cb547f3-8b32-4149-8992-66bcbf4f4543/epoch_26.keras,29694522,73890f773035597c1539f4944aad2a980e676a46aab89b7cdf3466ba2f3577bd,False,,,,"{""path"":""/Users/julio/Desktop/Archivo/Magister UAI/Capstone MIA 2025 2/Desarrollo/SW/capstone/malaria_dl_local_project/outputs/campaign_runs/8cb547f3-8b32-4149-8992-66bcbf4f4543/epoch_26.keras"",""bytes"":29694522,""epoch"":26,""phase"":""base"",""run_id"":""8cb547f3-8b32-4149-8992-66bcbf4f4543"",""sha256"":""73890f773035597c1539f4944aad2a980e676a46aab89b7cdf3466ba2f3577bd"",""version_id"":""de7bbe69-2d03-4944-b2c5-69f9f5c9eeca"",""phase_epoch"":26}"
8cb547f3-8b32-4149-8992-66bcbf4f4543,densenet121,adam,base,27,27,train_execution_records,artifact,27,2026-10-02T22:45:34.008882+00:00,61b4cdb0-5ddd-4875-a0e4-6429d8660244,/Users/julio/Desktop/Archivo/Magister UAI/Capstone MIA 2025 2/Desarrollo/SW/capstone/malaria_dl_local_project/outputs/campaign_runs/8cb547f3-8b32-4149-8992-66bcbf4f4543/epoch_27.keras,29694522,10d5456f6ee29fbe8ccedd73d2c7e720eaf6da03e70e30c5c7e539cb640ac200,False,,,,"{""path"":""/Users/julio/Desktop/Archivo/Magister UAI/Capstone MIA 2025 2/Desarrollo/SW/capstone/malaria_dl_local_project/outputs/campaign_runs/8cb547f3-8b32-4149-8992-66bcbf4f4543/epoch_27.keras"",""bytes"":29694522,""epoch"":27,""phase"":""base"",""run_id"":""8cb547f3-8b32-4149-8992-66bcbf4f4543"",""sha256"":""10d5456f6ee29fbe8ccedd73d2c7e720eaf6da03e70e30c5c7e539cb640ac200"",""version_id"":""61b4cdb0-5ddd-4875-a0e4-6429d8660244"",""phase_epoch"":27}"
8cb547f3-8b32-4149-8992-66bcbf4f4543,densenet121,adam,base,28,28,train_execution_records,artifact,28,2026-10-02T22:48:42.300115+00:00,69f74876-6ed0-46a4-a84b-b1b92afa72ba,/Users/julio/Desktop/Archivo/Magister UAI/Capstone MIA 2025 2/Desarrollo/SW/capstone/malaria_dl_local_project/outputs/campaign_runs/8cb547f3-8b32-4149-8992-66bcbf4f4543/epoch_28.keras,29694522,18db87ab50cc338bf042b13eafa8e2e52e8ae35807ef8db463f21c063a4ab2ce,False,,,,"{""path"":""/Users/julio/Desktop/Archivo/Magister UAI/Capstone MIA 2025 2/Desarrollo/SW/capstone/malaria_dl_local_project/outputs/campaign_runs/8cb547f3-8b32-4149-8992-66bcbf4f4543/epoch_28.keras"",""bytes"":29694522,""epoch"":28,""phase"":""base"",""run_id"":""8cb547f3-8b32-4149-8992-66bcbf4f4543"",""sha256"":""18db87ab50cc338bf042b13eafa8e2e52e8ae35807ef8db463f21c063a4ab2ce"",""version_id"":""69f74876-6ed0-46a4-a84b-b1b92afa72ba"",""phase_epoch"":28}"
8cb547f3-8b32-4149-8992-66bcbf4f4543,densenet121,adam,base,29,29,train_execution_records,artifact,29,2026-10-02T22:51:50.744817+00:00,af373cac-57b8-4e87-9d01-43b7e77679d1,/Users/julio/Desktop/Archivo/Magister UAI/Capstone MIA 2025 2/Desarrollo/SW/capstone/malaria_dl_local_project/outputs/campaign_runs/8cb547f3-8b32-4149-8992-66bcbf4f4543/epoch_29.keras,29694522,335ea7ad1941cffd188bebd9f8bb2ea4ccdcf1e7242bc8e0cc7eca30fa9152e5,False,,,,"{""path"":""/Users/julio/Desktop/Archivo/Magister UAI/Capstone MIA 2025 2/Desarrollo/SW/capstone/malaria_dl_local_project/outputs/campaign_runs/8cb547f3-8b32-4149-8992-66bcbf4f4543/epoch_29.keras"",""bytes"":29694522,""epoch"":29,""phase"":""base"",""run_id"":""8cb547f3-8b32-4149-8992-66bcbf4f4543"",""sha256"":""335ea7ad1941cffd188bebd9f8bb2ea4ccdcf1e7242bc8e0cc7eca30fa9152e5"",""version_id"":""af373cac-57b8-4e87-9d01-43b7e77679d1"",""phase_epoch"":29}"
8cb547f3-8b32-4149-8992-66bcbf4f4543,densenet121,adam,base,30,30,train_execution_records,artifact,30,2026-10-02T22:54:58.900297+00:00,6a0a477d-92d4-469e-9992-174a880b9d1e,/Users/julio/Desktop/Archivo/Magister UAI/Capstone MIA 2025 2/Desarrollo/SW/capstone/malaria_dl_local_project/outputs/campaign_runs/8cb547f3-8b32-4149-8992-66bcbf4f4543/epoch_30.keras,29694522,5b893cf01e10e19d2745c894579b4cfeb0d51ce2b452004958a57a972bdd1ca5,False,,,,"{""path"":""/Users/julio/Desktop/Archivo/Magister UAI/Capstone MIA 2025 2/Desarrollo/SW/capstone/malaria_dl_local_project/outputs/campaign_runs/8cb547f3-8b32-4149-8992-66bcbf4f4543/epoch_30.keras"",""bytes"":29694522,""epoch"":30,""phase"":""base"",""run_id"":""8cb547f3-8b32-4149-8992-66bcbf4f4543"",""sha256"":""5b893cf01e10e19d2745c894579b4cfeb0d51ce2b452004958a57a972bdd1ca5"",""version_id"":""6a0a477d-92d4-469e-9992-174a880b9d1e"",""phase_epoch"":30}"
8cb547f3-8b32-4149-8992-66bcbf4f4543,densenet121,adam,base,31,31,train_execution_records,artifact,31,2026-10-02T22:58:07.088383+00:00,dbc789e7-e25b-4968-afa8-f437e6af20eb,/Users/julio/Desktop/Archivo/Magister UAI/Capstone MIA 2025 2/Desarrollo/SW/capstone/malaria_dl_local_project/outputs/campaign_runs/8cb547f3-8b32-4149-8992-66bcbf4f4543/epoch_31.keras,29694522,749207838f4b08c9d2eddaf7f2db684bcaa31becfbcca250bf308ec014e2fbee,False,,,,"{""path"":""/Users/julio/Desktop/Archivo/Magister UAI/Capstone MIA 2025 2/Desarrollo/SW/capstone/malaria_dl_local_project/outputs/campaign_runs/8cb547f3-8b32-4149-8992-66bcbf4f4543/epoch_31.keras"",""bytes"":29694522,""epoch"":31,""phase"":""base"",""run_id"":""8cb547f3-8b32-4149-8992-66bcbf4f4543"",""sha256"":""749207838f4b08c9d2eddaf7f2db684bcaa31becfbcca250bf308ec014e2fbee"",""version_id"":""dbc789e7-e25b-4968-afa8-f437e6af20eb"",""phase_epoch"":31}"
8cb547f3-8b32-4149-8992-66bcbf4f4543,densenet121,adam,base,32,32,train_execution_records,artifact,32,2026-10-02T23:01:15.282582+00:00,e316183b-951e-431b-9efe-347dec30d201,/Users/julio/Desktop/Archivo/Magister UAI/Capstone MIA 2025 2/Desarrollo/SW/capstone/malaria_dl_local_project/outputs/campaign_runs/8cb547f3-8b32-4149-8992-66bcbf4f4543/epoch_32.keras,29694522,5c7f82e0afa38e3ffa165ed4842609cc5abb80e35d0e8574f338253e8a310efd,False,,,,"{""path"":""/Users/julio/Desktop/Archivo/Magister UAI/Capstone MIA 2025 2/Desarrollo/SW/capstone/malaria_dl_local_project/outputs/campaign_runs/8cb547f3-8b32-4149-8992-66bcbf4f4543/epoch_32.keras"",""bytes"":29694522,""epoch"":32,""phase"":""base"",""run_id"":""8cb547f3-8b32-4149-8992-66bcbf4f4543"",""sha256"":""5c7f82e0afa38e3ffa165ed4842609cc5abb80e35d0e8574f338253e8a310efd"",""version_id"":""e316183b-951e-431b-9efe-347dec30d201"",""phase_epoch"":32}"
8cb547f3-8b32-4149-8992-66bcbf4f4543,densenet121,adam,base,33,33,train_execution_records,artifact,33,2026-10-02T23:04:23.477276+00:00,67e08c69-ccc9-454d-ae4e-a98fedb757df,/Users/julio/Desktop/Archivo/Magister UAI/Capstone MIA 2025 2/Desarrollo/SW/capstone/malaria_dl_local_project/outputs/campaign_runs/8cb547f3-8b32-4149-8992-66bcbf4f4543/epoch_33.keras,29694522,77df9d4ab005449a9eb45a852736e5c100120dd86674ac02d927be6ebf1a0114,False,,,,"{""path"":""/Users/julio/Desktop/Archivo/Magister UAI/Capstone MIA 2025 2/Desarrollo/SW/capstone/malaria_dl_local_project/outputs/campaign_runs/8cb547f3-8b32-4149-8992-66bcbf4f4543/epoch_33.keras"",""bytes"":29694522,""epoch"":33,""phase"":""base"",""run_id"":""8cb547f3-8b32-4149-8992-66bcbf4f4543"",""sha256"":""77df9d4ab005449a9eb45a852736e5c100120dd86674ac02d927be6ebf1a0114"",""version_id"":""67e08c69-ccc9-454d-ae4e-a98fedb757df"",""phase_epoch"":33}"
8cb547f3-8b32-4149-8992-66bcbf4f4543,densenet121,adam,base,34,34,train_execution_records,artifact,34,2026-10-02T23:07:31.716301+00:00,c1c20d41-6649-48a1-9ee6-364817ff41e6,/Users/julio/Desktop/Archivo/Magister UAI/Capstone MIA 2025 2/Desarrollo/SW/capstone/malaria_dl_local_project/outputs/campaign_runs/8cb547f3-8b32-4149-8992-66bcbf4f4543/epoch_34.keras,29694522,4a235a171f486b36c42b0336f92fe8d299c8fca38256df0ab3066c272340b450,False,,,,"{""path"":""/Users/julio/Desktop/Archivo/Magister UAI/Capstone MIA 2025 2/Desarrollo/SW/capstone/malaria_dl_local_project/outputs/campaign_runs/8cb547f3-8b32-4149-8992-66bcbf4f4543/epoch_34.keras"",""bytes"":29694522,""epoch"":34,""phase"":""base"",""run_id"":""8cb547f3-8b32-4149-8992-66bcbf4f4543"",""sha256"":""4a235a171f486b36c42b0336f92fe8d299c8fca38256df0ab3066c272340b450"",""version_id"":""c1c20d41-6649-48a1-9ee6-364817ff41e6"",""phase_epoch"":34}"
8cb547f3-8b32-4149-8992-66bcbf4f4543,densenet121,adam,base,35,35,train_execution_records,artifact,35,2026-10-02T23:10:39.955654+00:00,1dc8754b-9edd-4435-8fc9-c742a9169bcf,/Users/julio/Desktop/Archivo/Magister UAI/Capstone MIA 2025 2/Desarrollo/SW/capstone/malaria_dl_local_project/outputs/campaign_runs/8cb547f3-8b32-4149-8992-66bcbf4f4543/epoch_35.keras,29694522,2e9bf9a8fa821e4f8c90c81bbf6f856bad76e538fc0e74d7e544acfaba69291a,True,ec117584-f381-5534-9ce0-848eae40dd8e,available,"{""id"":""ec117584-f381-5534-9ce0-848eae40dd8e"",""run_id"":""8cb547f3-8b32-4149-8992-66bcbf4f4543"",""artifact_type"":""model_checkpoint"",""name"":""epoch_35.keras"",""path"":""/Users/julio/Desktop/Archivo/Magister UAI/Capstone MIA 2025 2/Desarrollo/SW/capstone/malaria_dl_local_project/outputs/campaign_runs/8cb547f3-8b32-4149-8992-66bcbf4f4543/epoch_35.keras"",""mime_type"":""application/octet-stream"",""file_size_bytes"":29694522,""checksum"":""2e9bf9a8fa821e4f8c90c81bbf6f856bad76e538fc0e74d7e544acfaba69291a"",""created_at"":""2026-10-03T00:52:17.303924+00:00"",""metadata"":{""role"":""selected_checkpoint"",""epoch"":35,""phase"":""base"",""source"":""e10_train"",""version_id"":""1dc8754b-9edd-4435-8fc9-c742a9169bcf""},""artifact_uri"":null,""artifact_status"":""available"",""archived_at"":null}","{""path"":""/Users/julio/Desktop/Archivo/Magister UAI/Capstone MIA 2025 2/Desarrollo/SW/capstone/malaria_dl_local_project/outputs/campaign_runs/8cb547f3-8b32-4149-8992-66bcbf4f4543/epoch_35.keras"",""bytes"":29694522,""epoch"":35,""phase"":""base"",""run_id"":""8cb547f3-8b32-4149-8992-66bcbf4f4543"",""sha256"":""2e9bf9a8fa821e4f8c90c81bbf6f856bad76e538fc0e74d7e544acfaba69291a"",""version_id"":""1dc8754b-9edd-4435-8fc9-c742a9169bcf"",""phase_epoch"":35}"
8cb547f3-8b32-4149-8992-66bcbf4f4543,densenet121,adam,base,36,36,train_execution_records,artifact,36,2026-10-02T23:13:48.051237+00:00,16fe3e29-6013-4bdc-8b85-8778648c2a99,/Users/julio/Desktop/Archivo/Magister UAI/Capstone MIA 2025 2/Desarrollo/SW/capstone/malaria_dl_local_project/outputs/campaign_runs/8cb547f3-8b32-4149-8992-66bcbf4f4543/epoch_36.keras,29694522,6e3e7f55e5cee67e25d7f80d977cd459f2030f111229fe56332e684d1da89dff,False,,,,"{""path"":""/Users/julio/Desktop/Archivo/Magister UAI/Capstone MIA 2025 2/Desarrollo/SW/capstone/malaria_dl_local_project/outputs/campaign_runs/8cb547f3-8b32-4149-8992-66bcbf4f4543/epoch_36.keras"",""bytes"":29694522,""epoch"":36,""phase"":""base"",""run_id"":""8cb547f3-8b32-4149-8992-66bcbf4f4543"",""sha256"":""6e3e7f55e5cee67e25d7f80d977cd459f2030f111229fe56332e684d1da89dff"",""version_id"":""16fe3e29-6013-4bdc-8b85-8778648c2a99"",""phase_epoch"":36}"
8cb547f3-8b32-4149-8992-66bcbf4f4543,densenet121,adam,base,37,37,train_execution_records,artifact,37,2026-10-02T23:16:56.293978+00:00,62605b77-a756-48a0-afa6-22a257318370,/Users/julio/Desktop/Archivo/Magister UAI/Capstone MIA 2025 2/Desarrollo/SW/capstone/malaria_dl_local_project/outputs/campaign_runs/8cb547f3-8b32-4149-8992-66bcbf4f4543/epoch_37.keras,29694522,be7fcd658cb295c66bad2adb7da2c6d082c5eb3b48fa29639e295cfe1a83b4a4,False,,,,"{""path"":""/Users/julio/Desktop/Archivo/Magister UAI/Capstone MIA 2025 2/Desarrollo/SW/capstone/malaria_dl_local_project/outputs/campaign_runs/8cb547f3-8b32-4149-8992-66bcbf4f4543/epoch_37.keras"",""bytes"":29694522,""epoch"":37,""phase"":""base"",""run_id"":""8cb547f3-8b32-4149-8992-66bcbf4f4543"",""sha256"":""be7fcd658cb295c66bad2adb7da2c6d082c5eb3b48fa29639e295cfe1a83b4a4"",""version_id"":""62605b77-a756-48a0-afa6-22a257318370"",""phase_epoch"":37}"
8cb547f3-8b32-4149-8992-66bcbf4f4543,densenet121,adam,base,38,38,train_execution_records,artifact,38,2026-10-02T23:20:04.314705+00:00,6a375847-6305-4120-8d4b-4aada50ab8e3,/Users/julio/Desktop/Archivo/Magister UAI/Capstone MIA 2025 2/Desarrollo/SW/capstone/malaria_dl_local_project/outputs/campaign_runs/8cb547f3-8b32-4149-8992-66bcbf4f4543/epoch_38.keras,29694522,16b8bfe54b7c5723b5008fca4bddcd2a6e91d56e7346f96c5a62ca37cc3862e6,False,,,,"{""path"":""/Users/julio/Desktop/Archivo/Magister UAI/Capstone MIA 2025 2/Desarrollo/SW/capstone/malaria_dl_local_project/outputs/campaign_runs/8cb547f3-8b32-4149-8992-66bcbf4f4543/epoch_38.keras"",""bytes"":29694522,""epoch"":38,""phase"":""base"",""run_id"":""8cb547f3-8b32-4149-8992-66bcbf4f4543"",""sha256"":""16b8bfe54b7c5723b5008fca4bddcd2a6e91d56e7346f96c5a62ca37cc3862e6"",""version_id"":""6a375847-6305-4120-8d4b-4aada50ab8e3"",""phase_epoch"":38}"
8cb547f3-8b32-4149-8992-66bcbf4f4543,densenet121,adam,base,39,39,train_execution_records,artifact,39,2026-10-02T23:23:12.432394+00:00,5b46e6e5-efc1-476b-b17b-ec8020c213dc,/Users/julio/Desktop/Archivo/Magister UAI/Capstone MIA 2025 2/Desarrollo/SW/capstone/malaria_dl_local_project/outputs/campaign_runs/8cb547f3-8b32-4149-8992-66bcbf4f4543/epoch_39.keras,29694522,22596d41590f129d5575b204c65c53c8c270893fc56087d1f75268ee8ca0a85d,False,,,,"{""path"":""/Users/julio/Desktop/Archivo/Magister UAI/Capstone MIA 2025 2/Desarrollo/SW/capstone/malaria_dl_local_project/outputs/campaign_runs/8cb547f3-8b32-4149-8992-66bcbf4f4543/epoch_39.keras"",""bytes"":29694522,""epoch"":39,""phase"":""base"",""run_id"":""8cb547f3-8b32-4149-8992-66bcbf4f4543"",""sha256"":""22596d41590f129d5575b204c65c53c8c270893fc56087d1f75268ee8ca0a85d"",""version_id"":""5b46e6e5-efc1-476b-b17b-ec8020c213dc"",""phase_epoch"":39}"
8cb547f3-8b32-4149-8992-66bcbf4f4543,densenet121,adam,base,40,40,train_execution_records,artifact,40,2026-10-02T23:26:20.515762+00:00,c002e489-f487-4fa7-afc8-c55c94cb9469,/Users/julio/Desktop/Archivo/Magister UAI/Capstone MIA 2025 2/Desarrollo/SW/capstone/malaria_dl_local_project/outputs/campaign_runs/8cb547f3-8b32-4149-8992-66bcbf4f4543/epoch_40.keras,29694522,d7068c29d8a4f075fe81214f32ff94819c24cd74989e998e0fc41ab47598d165,False,,,,"{""path"":""/Users/julio/Desktop/Archivo/Magister UAI/Capstone MIA 2025 2/Desarrollo/SW/capstone/malaria_dl_local_project/outputs/campaign_runs/8cb547f3-8b32-4149-8992-66bcbf4f4543/epoch_40.keras"",""bytes"":29694522,""epoch"":40,""phase"":""base"",""run_id"":""8cb547f3-8b32-4149-8992-66bcbf4f4543"",""sha256"":""d7068c29d8a4f075fe81214f32ff94819c24cd74989e998e0fc41ab47598d165"",""version_id"":""c002e489-f487-4fa7-afc8-c55c94cb9469"",""phase_epoch"":40}"
8cb547f3-8b32-4149-8992-66bcbf4f4543,densenet121,adam,base,41,41,train_execution_records,artifact,41,2026-10-02T23:29:28.53105+00:00,59a6432e-07fc-4060-820c-b90a14e2d728,/Users/julio/Desktop/Archivo/Magister UAI/Capstone MIA 2025 2/Desarrollo/SW/capstone/malaria_dl_local_project/outputs/campaign_runs/8cb547f3-8b32-4149-8992-66bcbf4f4543/epoch_41.keras,29694522,4dbd89edc22aa38014244bc51543cffa993e7957fdd144f756608f928d3ecdbc,False,,,,"{""path"":""/Users/julio/Desktop/Archivo/Magister UAI/Capstone MIA 2025 2/Desarrollo/SW/capstone/malaria_dl_local_project/outputs/campaign_runs/8cb547f3-8b32-4149-8992-66bcbf4f4543/epoch_41.keras"",""bytes"":29694522,""epoch"":41,""phase"":""base"",""run_id"":""8cb547f3-8b32-4149-8992-66bcbf4f4543"",""sha256"":""4dbd89edc22aa38014244bc51543cffa993e7957fdd144f756608f928d3ecdbc"",""version_id"":""59a6432e-07fc-4060-820c-b90a14e2d728"",""phase_epoch"":41}"
8cb547f3-8b32-4149-8992-66bcbf4f4543,densenet121,adam,base,42,42,train_execution_records,artifact,42,2026-10-02T23:32:36.721261+00:00,aeeed477-41b1-44fb-9621-07d9c8c62acb,/Users/julio/Desktop/Archivo/Magister UAI/Capstone MIA 2025 2/Desarrollo/SW/capstone/malaria_dl_local_project/outputs/campaign_runs/8cb547f3-8b32-4149-8992-66bcbf4f4543/epoch_42.keras,29694522,322f5d584aa2664ffe6a4f7584d693f1f18fba9863c557491d10595d1c57cea6,False,,,,"{""path"":""/Users/julio/Desktop/Archivo/Magister UAI/Capstone MIA 2025 2/Desarrollo/SW/capstone/malaria_dl_local_project/outputs/campaign_runs/8cb547f3-8b32-4149-8992-66bcbf4f4543/epoch_42.keras"",""bytes"":29694522,""epoch"":42,""phase"":""base"",""run_id"":""8cb547f3-8b32-4149-8992-66bcbf4f4543"",""sha256"":""322f5d584aa2664ffe6a4f7584d693f1f18fba9863c557491d10595d1c57cea6"",""version_id"":""aeeed477-41b1-44fb-9621-07d9c8c62acb"",""phase_epoch"":42}"
8cb547f3-8b32-4149-8992-66bcbf4f4543,densenet121,adam,base,43,43,train_execution_records,artifact,43,2026-10-02T23:35:44.901188+00:00,fb6dc306-6369-4142-9858-7aeb64743e4e,/Users/julio/Desktop/Archivo/Magister UAI/Capstone MIA 2025 2/Desarrollo/SW/capstone/malaria_dl_local_project/outputs/campaign_runs/8cb547f3-8b32-4149-8992-66bcbf4f4543/epoch_43.keras,29694522,0b90005d51f0daa655068a5d6ce437a9c0d509079243f0ee6391037962825755,False,,,,"{""path"":""/Users/julio/Desktop/Archivo/Magister UAI/Capstone MIA 2025 2/Desarrollo/SW/capstone/malaria_dl_local_project/outputs/campaign_runs/8cb547f3-8b32-4149-8992-66bcbf4f4543/epoch_43.keras"",""bytes"":29694522,""epoch"":43,""phase"":""base"",""run_id"":""8cb547f3-8b32-4149-8992-66bcbf4f4543"",""sha256"":""0b90005d51f0daa655068a5d6ce437a9c0d509079243f0ee6391037962825755"",""version_id"":""fb6dc306-6369-4142-9858-7aeb64743e4e"",""phase_epoch"":43}"
8cb547f3-8b32-4149-8992-66bcbf4f4543,densenet121,adam,base,44,44,train_execution_records,artifact,44,2026-10-02T23:38:52.98544+00:00,1161ecc1-af18-4983-95c2-5ea16e8c6bb0,/Users/julio/Desktop/Archivo/Magister UAI/Capstone MIA 2025 2/Desarrollo/SW/capstone/malaria_dl_local_project/outputs/campaign_runs/8cb547f3-8b32-4149-8992-66bcbf4f4543/epoch_44.keras,29694522,7885466c87442273f41ba50c1c8a604699d528ac63635ea0166aa011804e1d4f,False,,,,"{""path"":""/Users/julio/Desktop/Archivo/Magister UAI/Capstone MIA 2025 2/Desarrollo/SW/capstone/malaria_dl_local_project/outputs/campaign_runs/8cb547f3-8b32-4149-8992-66bcbf4f4543/epoch_44.keras"",""bytes"":29694522,""epoch"":44,""phase"":""base"",""run_id"":""8cb547f3-8b32-4149-8992-66bcbf4f4543"",""sha256"":""7885466c87442273f41ba50c1c8a604699d528ac63635ea0166aa011804e1d4f"",""version_id"":""1161ecc1-af18-4983-95c2-5ea16e8c6bb0"",""phase_epoch"":44}"
8cb547f3-8b32-4149-8992-66bcbf4f4543,densenet121,adam,base,45,45,train_execution_records,artifact,45,2026-10-02T23:42:01.272473+00:00,75b37398-0a7b-4cd0-8ccc-22b0bfae35ab,/Users/julio/Desktop/Archivo/Magister UAI/Capstone MIA 2025 2/Desarrollo/SW/capstone/malaria_dl_local_project/outputs/campaign_runs/8cb547f3-8b32-4149-8992-66bcbf4f4543/epoch_45.keras,29694522,815b29b5fceaef1705c0c120f4a76deb0c17027b413d2ba017893f170f9a6d19,False,,,,"{""path"":""/Users/julio/Desktop/Archivo/Magister UAI/Capstone MIA 2025 2/Desarrollo/SW/capstone/malaria_dl_local_project/outputs/campaign_runs/8cb547f3-8b32-4149-8992-66bcbf4f4543/epoch_45.keras"",""bytes"":29694522,""epoch"":45,""phase"":""base"",""run_id"":""8cb547f3-8b32-4149-8992-66bcbf4f4543"",""sha256"":""815b29b5fceaef1705c0c120f4a76deb0c17027b413d2ba017893f170f9a6d19"",""version_id"":""75b37398-0a7b-4cd0-8ccc-22b0bfae35ab"",""phase_epoch"":45}"
8cb547f3-8b32-4149-8992-66bcbf4f4543,densenet121,adam,base,46,46,train_execution_records,artifact,46,2026-10-02T23:45:09.361243+00:00,81769aff-30dc-4d06-94bb-a7bb5cfa9807,/Users/julio/Desktop/Archivo/Magister UAI/Capstone MIA 2025 2/Desarrollo/SW/capstone/malaria_dl_local_project/outputs/campaign_runs/8cb547f3-8b32-4149-8992-66bcbf4f4543/epoch_46.keras,29694522,4be5868ad8895d2c1e850366b28e14b6fa2115022aa681b3d71bfb73d87c1d51,False,,,,"{""path"":""/Users/julio/Desktop/Archivo/Magister UAI/Capstone MIA 2025 2/Desarrollo/SW/capstone/malaria_dl_local_project/outputs/campaign_runs/8cb547f3-8b32-4149-8992-66bcbf4f4543/epoch_46.keras"",""bytes"":29694522,""epoch"":46,""phase"":""base"",""run_id"":""8cb547f3-8b32-4149-8992-66bcbf4f4543"",""sha256"":""4be5868ad8895d2c1e850366b28e14b6fa2115022aa681b3d71bfb73d87c1d51"",""version_id"":""81769aff-30dc-4d06-94bb-a7bb5cfa9807"",""phase_epoch"":46}"
8cb547f3-8b32-4149-8992-66bcbf4f4543,densenet121,adam,base,47,47,train_execution_records,artifact,47,2026-10-02T23:48:17.362151+00:00,1bddfefc-2955-40bc-a8f3-a293b67eae4a,/Users/julio/Desktop/Archivo/Magister UAI/Capstone MIA 2025 2/Desarrollo/SW/capstone/malaria_dl_local_project/outputs/campaign_runs/8cb547f3-8b32-4149-8992-66bcbf4f4543/epoch_47.keras,29694522,0334017aa30ffe749ec7a8482a6f0eb3d2b2778d35db51716afbb228bf9a7993,False,,,,"{""path"":""/Users/julio/Desktop/Archivo/Magister UAI/Capstone MIA 2025 2/Desarrollo/SW/capstone/malaria_dl_local_project/outputs/campaign_runs/8cb547f3-8b32-4149-8992-66bcbf4f4543/epoch_47.keras"",""bytes"":29694522,""epoch"":47,""phase"":""base"",""run_id"":""8cb547f3-8b32-4149-8992-66bcbf4f4543"",""sha256"":""0334017aa30ffe749ec7a8482a6f0eb3d2b2778d35db51716afbb228bf9a7993"",""version_id"":""1bddfefc-2955-40bc-a8f3-a293b67eae4a"",""phase_epoch"":47}"
8cb547f3-8b32-4149-8992-66bcbf4f4543,densenet121,adam,fine_tuning,48,1,train_execution_records,artifact,1,2026-10-02T23:51:30.391984+00:00,b4e1be12-a437-4a3c-acc1-1a7a6a3ec838,/Users/julio/Desktop/Archivo/Magister UAI/Capstone MIA 2025 2/Desarrollo/SW/capstone/malaria_dl_local_project/outputs/campaign_runs/8cb547f3-8b32-4149-8992-66bcbf4f4543/epoch_48.keras,30007952,bf730b7a867249b99ffef2d752e6e6245c3c6ce5cb464108516d86fe2405bc57,False,,,,"{""path"":""/Users/julio/Desktop/Archivo/Magister UAI/Capstone MIA 2025 2/Desarrollo/SW/capstone/malaria_dl_local_project/outputs/campaign_runs/8cb547f3-8b32-4149-8992-66bcbf4f4543/epoch_48.keras"",""bytes"":30007952,""epoch"":48,""phase"":""fine_tuning"",""run_id"":""8cb547f3-8b32-4149-8992-66bcbf4f4543"",""sha256"":""bf730b7a867249b99ffef2d752e6e6245c3c6ce5cb464108516d86fe2405bc57"",""version_id"":""b4e1be12-a437-4a3c-acc1-1a7a6a3ec838"",""phase_epoch"":1}"
8cb547f3-8b32-4149-8992-66bcbf4f4543,densenet121,adam,fine_tuning,49,2,train_execution_records,artifact,2,2026-10-02T23:54:41.268698+00:00,2c84fee2-c1d7-4080-bdc5-e034615f94de,/Users/julio/Desktop/Archivo/Magister UAI/Capstone MIA 2025 2/Desarrollo/SW/capstone/malaria_dl_local_project/outputs/campaign_runs/8cb547f3-8b32-4149-8992-66bcbf4f4543/epoch_49.keras,30007952,a249e3a3c98d36c95ec5cfef34f21b3ded38b5d2589464f4c7331568d4f22fbd,False,,,,"{""path"":""/Users/julio/Desktop/Archivo/Magister UAI/Capstone MIA 2025 2/Desarrollo/SW/capstone/malaria_dl_local_project/outputs/campaign_runs/8cb547f3-8b32-4149-8992-66bcbf4f4543/epoch_49.keras"",""bytes"":30007952,""epoch"":49,""phase"":""fine_tuning"",""run_id"":""8cb547f3-8b32-4149-8992-66bcbf4f4543"",""sha256"":""a249e3a3c98d36c95ec5cfef34f21b3ded38b5d2589464f4c7331568d4f22fbd"",""version_id"":""2c84fee2-c1d7-4080-bdc5-e034615f94de"",""phase_epoch"":2}"
8cb547f3-8b32-4149-8992-66bcbf4f4543,densenet121,adam,fine_tuning,50,3,train_execution_records,artifact,3,2026-10-02T23:57:49.307301+00:00,5379bbb9-2a76-4724-bb86-41f1a7f8b674,/Users/julio/Desktop/Archivo/Magister UAI/Capstone MIA 2025 2/Desarrollo/SW/capstone/malaria_dl_local_project/outputs/campaign_runs/8cb547f3-8b32-4149-8992-66bcbf4f4543/epoch_50.keras,30007952,56d9202474ae8eff5280cd0eca1057943e0be66e37bb6299645f73db24624afc,False,,,,"{""path"":""/Users/julio/Desktop/Archivo/Magister UAI/Capstone MIA 2025 2/Desarrollo/SW/capstone/malaria_dl_local_project/outputs/campaign_runs/8cb547f3-8b32-4149-8992-66bcbf4f4543/epoch_50.keras"",""bytes"":30007952,""epoch"":50,""phase"":""fine_tuning"",""run_id"":""8cb547f3-8b32-4149-8992-66bcbf4f4543"",""sha256"":""56d9202474ae8eff5280cd0eca1057943e0be66e37bb6299645f73db24624afc"",""version_id"":""5379bbb9-2a76-4724-bb86-41f1a7f8b674"",""phase_epoch"":3}"
8cb547f3-8b32-4149-8992-66bcbf4f4543,densenet121,adam,fine_tuning,51,4,train_execution_records,artifact,4,2026-10-03T00:00:57.254574+00:00,fc864d6e-6b29-4a61-a1d5-ddc2da8c7797,/Users/julio/Desktop/Archivo/Magister UAI/Capstone MIA 2025 2/Desarrollo/SW/capstone/malaria_dl_local_project/outputs/campaign_runs/8cb547f3-8b32-4149-8992-66bcbf4f4543/epoch_51.keras,30007952,d9bd89a855ed8ddbec9e8e94ca8f344dec4ae9310899e33d5c44b5abea4c0535,False,,,,"{""path"":""/Users/julio/Desktop/Archivo/Magister UAI/Capstone MIA 2025 2/Desarrollo/SW/capstone/malaria_dl_local_project/outputs/campaign_runs/8cb547f3-8b32-4149-8992-66bcbf4f4543/epoch_51.keras"",""bytes"":30007952,""epoch"":51,""phase"":""fine_tuning"",""run_id"":""8cb547f3-8b32-4149-8992-66bcbf4f4543"",""sha256"":""d9bd89a855ed8ddbec9e8e94ca8f344dec4ae9310899e33d5c44b5abea4c0535"",""version_id"":""fc864d6e-6b29-4a61-a1d5-ddc2da8c7797"",""phase_epoch"":4}"
8cb547f3-8b32-4149-8992-66bcbf4f4543,densenet121,adam,fine_tuning,52,5,train_execution_records,artifact,5,2026-10-03T00:04:05.063193+00:00,0b18b413-03db-4eaf-a243-cd7f479f122d,/Users/julio/Desktop/Archivo/Magister UAI/Capstone MIA 2025 2/Desarrollo/SW/capstone/malaria_dl_local_project/outputs/campaign_runs/8cb547f3-8b32-4149-8992-66bcbf4f4543/epoch_52.keras,30007952,65987a04751d9c30062ce4e057c33872c2a93cb6aeeccaf72a269e6009afdb40,False,,,,"{""path"":""/Users/julio/Desktop/Archivo/Magister UAI/Capstone MIA 2025 2/Desarrollo/SW/capstone/malaria_dl_local_project/outputs/campaign_runs/8cb547f3-8b32-4149-8992-66bcbf4f4543/epoch_52.keras"",""bytes"":30007952,""epoch"":52,""phase"":""fine_tuning"",""run_id"":""8cb547f3-8b32-4149-8992-66bcbf4f4543"",""sha256"":""65987a04751d9c30062ce4e057c33872c2a93cb6aeeccaf72a269e6009afdb40"",""version_id"":""0b18b413-03db-4eaf-a243-cd7f479f122d"",""phase_epoch"":5}"
8cb547f3-8b32-4149-8992-66bcbf4f4543,densenet121,adam,fine_tuning,53,6,train_execution_records,artifact,6,2026-10-03T00:07:13.054695+00:00,98af78b2-a5ff-4019-85d8-a43407ba94fc,/Users/julio/Desktop/Archivo/Magister UAI/Capstone MIA 2025 2/Desarrollo/SW/capstone/malaria_dl_local_project/outputs/campaign_runs/8cb547f3-8b32-4149-8992-66bcbf4f4543/epoch_53.keras,30007952,fa24a00f2d540cf24448354193bd5ca0ad7f262f4abcaa7eefffe1e4bd5c6485,False,,,,"{""path"":""/Users/julio/Desktop/Archivo/Magister UAI/Capstone MIA 2025 2/Desarrollo/SW/capstone/malaria_dl_local_project/outputs/campaign_runs/8cb547f3-8b32-4149-8992-66bcbf4f4543/epoch_53.keras"",""bytes"":30007952,""epoch"":53,""phase"":""fine_tuning"",""run_id"":""8cb547f3-8b32-4149-8992-66bcbf4f4543"",""sha256"":""fa24a00f2d540cf24448354193bd5ca0ad7f262f4abcaa7eefffe1e4bd5c6485"",""version_id"":""98af78b2-a5ff-4019-85d8-a43407ba94fc"",""phase_epoch"":6}"
8cb547f3-8b32-4149-8992-66bcbf4f4543,densenet121,adam,fine_tuning,54,7,train_execution_records,artifact,7,2026-10-03T00:10:21.043941+00:00,8ab0bc56-616a-4f4e-96ed-27e9a38b5b0a,/Users/julio/Desktop/Archivo/Magister UAI/Capstone MIA 2025 2/Desarrollo/SW/capstone/malaria_dl_local_project/outputs/campaign_runs/8cb547f3-8b32-4149-8992-66bcbf4f4543/epoch_54.keras,30007952,85243444f4d71d5a41d9649e24e983b72e4504302a28b65e4a4c2737f4bc5a45,False,,,,"{""path"":""/Users/julio/Desktop/Archivo/Magister UAI/Capstone MIA 2025 2/Desarrollo/SW/capstone/malaria_dl_local_project/outputs/campaign_runs/8cb547f3-8b32-4149-8992-66bcbf4f4543/epoch_54.keras"",""bytes"":30007952,""epoch"":54,""phase"":""fine_tuning"",""run_id"":""8cb547f3-8b32-4149-8992-66bcbf4f4543"",""sha256"":""85243444f4d71d5a41d9649e24e983b72e4504302a28b65e4a4c2737f4bc5a45"",""version_id"":""8ab0bc56-616a-4f4e-96ed-27e9a38b5b0a"",""phase_epoch"":7}"
8cb547f3-8b32-4149-8992-66bcbf4f4543,densenet121,adam,fine_tuning,55,8,train_execution_records,artifact,8,2026-10-03T00:13:28.804164+00:00,3e012ddd-cdb4-458e-ae4a-63f4f8da708b,/Users/julio/Desktop/Archivo/Magister UAI/Capstone MIA 2025 2/Desarrollo/SW/capstone/malaria_dl_local_project/outputs/campaign_runs/8cb547f3-8b32-4149-8992-66bcbf4f4543/epoch_55.keras,30007952,ae2c3d50e21e370069ebce076f14ac9055b5ce4c54a24a7059ee52dff84feb85,False,,,,"{""path"":""/Users/julio/Desktop/Archivo/Magister UAI/Capstone MIA 2025 2/Desarrollo/SW/capstone/malaria_dl_local_project/outputs/campaign_runs/8cb547f3-8b32-4149-8992-66bcbf4f4543/epoch_55.keras"",""bytes"":30007952,""epoch"":55,""phase"":""fine_tuning"",""run_id"":""8cb547f3-8b32-4149-8992-66bcbf4f4543"",""sha256"":""ae2c3d50e21e370069ebce076f14ac9055b5ce4c54a24a7059ee52dff84feb85"",""version_id"":""3e012ddd-cdb4-458e-ae4a-63f4f8da708b"",""phase_epoch"":8}"
8cb547f3-8b32-4149-8992-66bcbf4f4543,densenet121,adam,fine_tuning,56,9,train_execution_records,artifact,9,2026-10-03T00:16:38.771787+00:00,bd5ab1ae-a9c8-4b1c-9f8b-0f7a88085094,/Users/julio/Desktop/Archivo/Magister UAI/Capstone MIA 2025 2/Desarrollo/SW/capstone/malaria_dl_local_project/outputs/campaign_runs/8cb547f3-8b32-4149-8992-66bcbf4f4543/epoch_56.keras,30007952,d4088f817f0f0e825ddb4f54d48eb7ba010d790634ffeb3b6353b49186b8f1a6,False,,,,"{""path"":""/Users/julio/Desktop/Archivo/Magister UAI/Capstone MIA 2025 2/Desarrollo/SW/capstone/malaria_dl_local_project/outputs/campaign_runs/8cb547f3-8b32-4149-8992-66bcbf4f4543/epoch_56.keras"",""bytes"":30007952,""epoch"":56,""phase"":""fine_tuning"",""run_id"":""8cb547f3-8b32-4149-8992-66bcbf4f4543"",""sha256"":""d4088f817f0f0e825ddb4f54d48eb7ba010d790634ffeb3b6353b49186b8f1a6"",""version_id"":""bd5ab1ae-a9c8-4b1c-9f8b-0f7a88085094"",""phase_epoch"":9}"
8cb547f3-8b32-4149-8992-66bcbf4f4543,densenet121,adam,fine_tuning,57,10,train_execution_records,artifact,10,2026-10-03T00:19:49.682819+00:00,a2ade454-80ef-4af4-b40a-9afb937a8697,/Users/julio/Desktop/Archivo/Magister UAI/Capstone MIA 2025 2/Desarrollo/SW/capstone/malaria_dl_local_project/outputs/campaign_runs/8cb547f3-8b32-4149-8992-66bcbf4f4543/epoch_57.keras,30007952,bd41f44550585d8fe1ef83b62241e7961f1a699d6337778c6638bb0e79381f50,False,,,,"{""path"":""/Users/julio/Desktop/Archivo/Magister UAI/Capstone MIA 2025 2/Desarrollo/SW/capstone/malaria_dl_local_project/outputs/campaign_runs/8cb547f3-8b32-4149-8992-66bcbf4f4543/epoch_57.keras"",""bytes"":30007952,""epoch"":57,""phase"":""fine_tuning"",""run_id"":""8cb547f3-8b32-4149-8992-66bcbf4f4543"",""sha256"":""bd41f44550585d8fe1ef83b62241e7961f1a699d6337778c6638bb0e79381f50"",""version_id"":""a2ade454-80ef-4af4-b40a-9afb937a8697"",""phase_epoch"":10}"
8cb547f3-8b32-4149-8992-66bcbf4f4543,densenet121,adam,fine_tuning,58,11,train_execution_records,artifact,11,2026-10-03T00:22:59.985871+00:00,0d3aff79-5446-43f2-889e-cd38221188eb,/Users/julio/Desktop/Archivo/Magister UAI/Capstone MIA 2025 2/Desarrollo/SW/capstone/malaria_dl_local_project/outputs/campaign_runs/8cb547f3-8b32-4149-8992-66bcbf4f4543/epoch_58.keras,30007952,c9ff2e7c80fb97d6bdedd7a0b332073849f88810cbf4dcf84f8a1f95a6042a0d,False,,,,"{""path"":""/Users/julio/Desktop/Archivo/Magister UAI/Capstone MIA 2025 2/Desarrollo/SW/capstone/malaria_dl_local_project/outputs/campaign_runs/8cb547f3-8b32-4149-8992-66bcbf4f4543/epoch_58.keras"",""bytes"":30007952,""epoch"":58,""phase"":""fine_tuning"",""run_id"":""8cb547f3-8b32-4149-8992-66bcbf4f4543"",""sha256"":""c9ff2e7c80fb97d6bdedd7a0b332073849f88810cbf4dcf84f8a1f95a6042a0d"",""version_id"":""0d3aff79-5446-43f2-889e-cd38221188eb"",""phase_epoch"":11}"
8cb547f3-8b32-4149-8992-66bcbf4f4543,densenet121,adam,fine_tuning,59,12,train_execution_records,artifact,12,2026-10-03T00:26:12.193227+00:00,0ca15c3f-fe2a-4089-872a-969863b4664d,/Users/julio/Desktop/Archivo/Magister UAI/Capstone MIA 2025 2/Desarrollo/SW/capstone/malaria_dl_local_project/outputs/campaign_runs/8cb547f3-8b32-4149-8992-66bcbf4f4543/epoch_59.keras,30007952,f55e48a3f04ac95fc46c1529cd2c3d52b7349aaacc049d8e44e32fdadd9eeb41,False,,,,"{""path"":""/Users/julio/Desktop/Archivo/Magister UAI/Capstone MIA 2025 2/Desarrollo/SW/capstone/malaria_dl_local_project/outputs/campaign_runs/8cb547f3-8b32-4149-8992-66bcbf4f4543/epoch_59.keras"",""bytes"":30007952,""epoch"":59,""phase"":""fine_tuning"",""run_id"":""8cb547f3-8b32-4149-8992-66bcbf4f4543"",""sha256"":""f55e48a3f04ac95fc46c1529cd2c3d52b7349aaacc049d8e44e32fdadd9eeb41"",""version_id"":""0ca15c3f-fe2a-4089-872a-969863b4664d"",""phase_epoch"":12}"
8cb547f3-8b32-4149-8992-66bcbf4f4543,densenet121,adam,fine_tuning,60,13,train_execution_records,artifact,13,2026-10-03T00:29:24.465452+00:00,2c59bacf-8ef3-475c-81f2-c0b9fa91e1fd,/Users/julio/Desktop/Archivo/Magister UAI/Capstone MIA 2025 2/Desarrollo/SW/capstone/malaria_dl_local_project/outputs/campaign_runs/8cb547f3-8b32-4149-8992-66bcbf4f4543/epoch_60.keras,30007952,1486980ea583091ef21f69231ca9daf56ad05e80a29a92af2f0e7dd330532c36,False,,,,"{""path"":""/Users/julio/Desktop/Archivo/Magister UAI/Capstone MIA 2025 2/Desarrollo/SW/capstone/malaria_dl_local_project/outputs/campaign_runs/8cb547f3-8b32-4149-8992-66bcbf4f4543/epoch_60.keras"",""bytes"":30007952,""epoch"":60,""phase"":""fine_tuning"",""run_id"":""8cb547f3-8b32-4149-8992-66bcbf4f4543"",""sha256"":""1486980ea583091ef21f69231ca9daf56ad05e80a29a92af2f0e7dd330532c36"",""version_id"":""2c59bacf-8ef3-475c-81f2-c0b9fa91e1fd"",""phase_epoch"":13}"
8cb547f3-8b32-4149-8992-66bcbf4f4543,densenet121,adam,fine_tuning,61,14,train_execution_records,artifact,14,2026-10-03T00:32:35.271112+00:00,6cec92e2-0d37-40bc-a075-99f3f02df1cc,/Users/julio/Desktop/Archivo/Magister UAI/Capstone MIA 2025 2/Desarrollo/SW/capstone/malaria_dl_local_project/outputs/campaign_runs/8cb547f3-8b32-4149-8992-66bcbf4f4543/epoch_61.keras,30007952,ea1731410bc0de9e4b13fde1577a1268e268b49ff4e432e7fc6c7fbb1e5c2218,False,,,,"{""path"":""/Users/julio/Desktop/Archivo/Magister UAI/Capstone MIA 2025 2/Desarrollo/SW/capstone/malaria_dl_local_project/outputs/campaign_runs/8cb547f3-8b32-4149-8992-66bcbf4f4543/epoch_61.keras"",""bytes"":30007952,""epoch"":61,""phase"":""fine_tuning"",""run_id"":""8cb547f3-8b32-4149-8992-66bcbf4f4543"",""sha256"":""ea1731410bc0de9e4b13fde1577a1268e268b49ff4e432e7fc6c7fbb1e5c2218"",""version_id"":""6cec92e2-0d37-40bc-a075-99f3f02df1cc"",""phase_epoch"":14}"
8cb547f3-8b32-4149-8992-66bcbf4f4543,densenet121,adam,fine_tuning,62,15,train_execution_records,artifact,15,2026-10-03T00:35:48.112526+00:00,ffcf6743-4a3a-4685-be31-9a339b4b6874,/Users/julio/Desktop/Archivo/Magister UAI/Capstone MIA 2025 2/Desarrollo/SW/capstone/malaria_dl_local_project/outputs/campaign_runs/8cb547f3-8b32-4149-8992-66bcbf4f4543/epoch_62.keras,30007952,239c77e633394bb24d249b2a88858b54630b758252774c3ae3f377fdbc2f4056,False,,,,"{""path"":""/Users/julio/Desktop/Archivo/Magister UAI/Capstone MIA 2025 2/Desarrollo/SW/capstone/malaria_dl_local_project/outputs/campaign_runs/8cb547f3-8b32-4149-8992-66bcbf4f4543/epoch_62.keras"",""bytes"":30007952,""epoch"":62,""phase"":""fine_tuning"",""run_id"":""8cb547f3-8b32-4149-8992-66bcbf4f4543"",""sha256"":""239c77e633394bb24d249b2a88858b54630b758252774c3ae3f377fdbc2f4056"",""version_id"":""ffcf6743-4a3a-4685-be31-9a339b4b6874"",""phase_epoch"":15}"
8cb547f3-8b32-4149-8992-66bcbf4f4543,densenet121,adam,fine_tuning,63,16,train_execution_records,artifact,16,2026-10-03T00:38:59.350571+00:00,3bbbeb49-989a-4d33-a440-d23212a20555,/Users/julio/Desktop/Archivo/Magister UAI/Capstone MIA 2025 2/Desarrollo/SW/capstone/malaria_dl_local_project/outputs/campaign_runs/8cb547f3-8b32-4149-8992-66bcbf4f4543/epoch_63.keras,30007952,183f1413d2903308aca9fe4f705d386762e407466dfaf2c2abcb0df6bbf93c6d,False,,,,"{""path"":""/Users/julio/Desktop/Archivo/Magister UAI/Capstone MIA 2025 2/Desarrollo/SW/capstone/malaria_dl_local_project/outputs/campaign_runs/8cb547f3-8b32-4149-8992-66bcbf4f4543/epoch_63.keras"",""bytes"":30007952,""epoch"":63,""phase"":""fine_tuning"",""run_id"":""8cb547f3-8b32-4149-8992-66bcbf4f4543"",""sha256"":""183f1413d2903308aca9fe4f705d386762e407466dfaf2c2abcb0df6bbf93c6d"",""version_id"":""3bbbeb49-989a-4d33-a440-d23212a20555"",""phase_epoch"":16}"
8cb547f3-8b32-4149-8992-66bcbf4f4543,densenet121,adam,fine_tuning,64,17,train_execution_records,artifact,17,2026-10-03T00:42:19.204638+00:00,a2f04e70-32bd-4752-991e-f476cf61b955,/Users/julio/Desktop/Archivo/Magister UAI/Capstone MIA 2025 2/Desarrollo/SW/capstone/malaria_dl_local_project/outputs/campaign_runs/8cb547f3-8b32-4149-8992-66bcbf4f4543/epoch_64.keras,30007952,d5156e736c9500b6aae1fc91d7bbb758dfa5eb2a72d53e9fa9863beb8562a1dc,False,,,,"{""path"":""/Users/julio/Desktop/Archivo/Magister UAI/Capstone MIA 2025 2/Desarrollo/SW/capstone/malaria_dl_local_project/outputs/campaign_runs/8cb547f3-8b32-4149-8992-66bcbf4f4543/epoch_64.keras"",""bytes"":30007952,""epoch"":64,""phase"":""fine_tuning"",""run_id"":""8cb547f3-8b32-4149-8992-66bcbf4f4543"",""sha256"":""d5156e736c9500b6aae1fc91d7bbb758dfa5eb2a72d53e9fa9863beb8562a1dc"",""version_id"":""a2f04e70-32bd-4752-991e-f476cf61b955"",""phase_epoch"":17}"
8cb547f3-8b32-4149-8992-66bcbf4f4543,densenet121,adam,fine_tuning,65,18,train_execution_records,artifact,18,2026-10-03T00:45:30.128644+00:00,41e78ef1-9cc3-455e-bd97-1d177088f950,/Users/julio/Desktop/Archivo/Magister UAI/Capstone MIA 2025 2/Desarrollo/SW/capstone/malaria_dl_local_project/outputs/campaign_runs/8cb547f3-8b32-4149-8992-66bcbf4f4543/epoch_65.keras,30007952,18a56d167dd104e4d5aacac266585c79bb63d0aa84441e2b0fd46a471ef211d4,False,,,,"{""path"":""/Users/julio/Desktop/Archivo/Magister UAI/Capstone MIA 2025 2/Desarrollo/SW/capstone/malaria_dl_local_project/outputs/campaign_runs/8cb547f3-8b32-4149-8992-66bcbf4f4543/epoch_65.keras"",""bytes"":30007952,""epoch"":65,""phase"":""fine_tuning"",""run_id"":""8cb547f3-8b32-4149-8992-66bcbf4f4543"",""sha256"":""18a56d167dd104e4d5aacac266585c79bb63d0aa84441e2b0fd46a471ef211d4"",""version_id"":""41e78ef1-9cc3-455e-bd97-1d177088f950"",""phase_epoch"":18}"
8cb547f3-8b32-4149-8992-66bcbf4f4543,densenet121,adam,fine_tuning,66,19,train_execution_records,artifact,19,2026-10-03T00:48:44.292146+00:00,aefb070c-8a95-45e5-a06b-dfb91dd14e96,/Users/julio/Desktop/Archivo/Magister UAI/Capstone MIA 2025 2/Desarrollo/SW/capstone/malaria_dl_local_project/outputs/campaign_runs/8cb547f3-8b32-4149-8992-66bcbf4f4543/epoch_66.keras,30007952,527aa538520d1051f17e5127631da6d309b4bd813abe28ee444388677676199b,False,,,,"{""path"":""/Users/julio/Desktop/Archivo/Magister UAI/Capstone MIA 2025 2/Desarrollo/SW/capstone/malaria_dl_local_project/outputs/campaign_runs/8cb547f3-8b32-4149-8992-66bcbf4f4543/epoch_66.keras"",""bytes"":30007952,""epoch"":66,""phase"":""fine_tuning"",""run_id"":""8cb547f3-8b32-4149-8992-66bcbf4f4543"",""sha256"":""527aa538520d1051f17e5127631da6d309b4bd813abe28ee444388677676199b"",""version_id"":""aefb070c-8a95-45e5-a06b-dfb91dd14e96"",""phase_epoch"":19}"
8cb547f3-8b32-4149-8992-66bcbf4f4543,densenet121,adam,fine_tuning,67,20,train_execution_records,artifact,20,2026-10-03T00:51:57.839888+00:00,7f0bcabc-b04b-4f35-8d90-8247f0c5dd6e,/Users/julio/Desktop/Archivo/Magister UAI/Capstone MIA 2025 2/Desarrollo/SW/capstone/malaria_dl_local_project/outputs/campaign_runs/8cb547f3-8b32-4149-8992-66bcbf4f4543/epoch_67.keras,30007952,091e1a1dedea863229fc427e4aaba7b92df27671dcb973a73ec4173efda3ce7d,False,,,,"{""path"":""/Users/julio/Desktop/Archivo/Magister UAI/Capstone MIA 2025 2/Desarrollo/SW/capstone/malaria_dl_local_project/outputs/campaign_runs/8cb547f3-8b32-4149-8992-66bcbf4f4543/epoch_67.keras"",""bytes"":30007952,""epoch"":67,""phase"":""fine_tuning"",""run_id"":""8cb547f3-8b32-4149-8992-66bcbf4f4543"",""sha256"":""091e1a1dedea863229fc427e4aaba7b92df27671dcb973a73ec4173efda3ce7d"",""version_id"":""7f0bcabc-b04b-4f35-8d90-8247f0c5dd6e"",""phase_epoch"":20}"
9a8fc142-4e16-4e80-b0b9-8cede55c3ec9,vgg16,adamw,base,1,1,train_execution_records,artifact,1,2026-10-03T17:45:00.553713+00:00,7ffc920e-fcc5-4142-8e16-7dc22ade31b0,/Users/julio/Desktop/Archivo/Magister UAI/Capstone MIA 2025 2/Desarrollo/SW/capstone/malaria_dl_local_project/outputs/campaign_runs/9a8fc142-4e16-4e80-b0b9-8cede55c3ec9/epoch_1.keras,65268598,dfdaa7c0e29ceb49cb52e65589dbd608510166be15791679be0cad2d88bce525,False,,,,"{""path"":""/Users/julio/Desktop/Archivo/Magister UAI/Capstone MIA 2025 2/Desarrollo/SW/capstone/malaria_dl_local_project/outputs/campaign_runs/9a8fc142-4e16-4e80-b0b9-8cede55c3ec9/epoch_1.keras"",""bytes"":65268598,""epoch"":1,""phase"":""base"",""run_id"":""9a8fc142-4e16-4e80-b0b9-8cede55c3ec9"",""sha256"":""dfdaa7c0e29ceb49cb52e65589dbd608510166be15791679be0cad2d88bce525"",""version_id"":""7ffc920e-fcc5-4142-8e16-7dc22ade31b0"",""phase_epoch"":1}"
9a8fc142-4e16-4e80-b0b9-8cede55c3ec9,vgg16,adamw,base,2,2,train_execution_records,artifact,2,2026-10-03T17:56:58.314008+00:00,b9799336-6ccc-4812-ac21-030a65716c02,/Users/julio/Desktop/Archivo/Magister UAI/Capstone MIA 2025 2/Desarrollo/SW/capstone/malaria_dl_local_project/outputs/campaign_runs/9a8fc142-4e16-4e80-b0b9-8cede55c3ec9/epoch_2.keras,65268598,84afa9f476f6cf5c16d3a7ca79af6a635e57a8bec71caf40a9099b12f384156e,False,,,,"{""path"":""/Users/julio/Desktop/Archivo/Magister UAI/Capstone MIA 2025 2/Desarrollo/SW/capstone/malaria_dl_local_project/outputs/campaign_runs/9a8fc142-4e16-4e80-b0b9-8cede55c3ec9/epoch_2.keras"",""bytes"":65268598,""epoch"":2,""phase"":""base"",""run_id"":""9a8fc142-4e16-4e80-b0b9-8cede55c3ec9"",""sha256"":""84afa9f476f6cf5c16d3a7ca79af6a635e57a8bec71caf40a9099b12f384156e"",""version_id"":""b9799336-6ccc-4812-ac21-030a65716c02"",""phase_epoch"":2}"
9a8fc142-4e16-4e80-b0b9-8cede55c3ec9,vgg16,adamw,base,3,3,train_execution_records,artifact,3,2026-10-03T18:09:21.931718+00:00,f190ce8b-70fd-4372-9022-35c10672a1a6,/Users/julio/Desktop/Archivo/Magister UAI/Capstone MIA 2025 2/Desarrollo/SW/capstone/malaria_dl_local_project/outputs/campaign_runs/9a8fc142-4e16-4e80-b0b9-8cede55c3ec9/epoch_3.keras,65268598,8b27c363abe025a837dcd720cc69d494160b26f3195b85a9c7743ed5195caa5f,False,,,,"{""path"":""/Users/julio/Desktop/Archivo/Magister UAI/Capstone MIA 2025 2/Desarrollo/SW/capstone/malaria_dl_local_project/outputs/campaign_runs/9a8fc142-4e16-4e80-b0b9-8cede55c3ec9/epoch_3.keras"",""bytes"":65268598,""epoch"":3,""phase"":""base"",""run_id"":""9a8fc142-4e16-4e80-b0b9-8cede55c3ec9"",""sha256"":""8b27c363abe025a837dcd720cc69d494160b26f3195b85a9c7743ed5195caa5f"",""version_id"":""f190ce8b-70fd-4372-9022-35c10672a1a6"",""phase_epoch"":3}"
9a8fc142-4e16-4e80-b0b9-8cede55c3ec9,vgg16,adamw,base,4,4,train_execution_records,artifact,4,2026-10-03T18:22:11.933602+00:00,58393433-ac67-4984-93e5-d233447bb25e,/Users/julio/Desktop/Archivo/Magister UAI/Capstone MIA 2025 2/Desarrollo/SW/capstone/malaria_dl_local_project/outputs/campaign_runs/9a8fc142-4e16-4e80-b0b9-8cede55c3ec9/epoch_4.keras,65268598,095e4795606307e83b593c2c0b47e924fd3165401e6bc58c871e644075b3163a,False,,,,"{""path"":""/Users/julio/Desktop/Archivo/Magister UAI/Capstone MIA 2025 2/Desarrollo/SW/capstone/malaria_dl_local_project/outputs/campaign_runs/9a8fc142-4e16-4e80-b0b9-8cede55c3ec9/epoch_4.keras"",""bytes"":65268598,""epoch"":4,""phase"":""base"",""run_id"":""9a8fc142-4e16-4e80-b0b9-8cede55c3ec9"",""sha256"":""095e4795606307e83b593c2c0b47e924fd3165401e6bc58c871e644075b3163a"",""version_id"":""58393433-ac67-4984-93e5-d233447bb25e"",""phase_epoch"":4}"
9a8fc142-4e16-4e80-b0b9-8cede55c3ec9,vgg16,adamw,base,5,5,train_execution_records,artifact,5,2026-10-03T18:34:31.344563+00:00,c9125c10-b964-447f-bbd2-a9995c826813,/Users/julio/Desktop/Archivo/Magister UAI/Capstone MIA 2025 2/Desarrollo/SW/capstone/malaria_dl_local_project/outputs/campaign_runs/9a8fc142-4e16-4e80-b0b9-8cede55c3ec9/epoch_5.keras,65268598,6a0a1923785416e67e7d92a7680e226d65ff1fcd2ee8eccfba36cd02be2ef28d,False,,,,"{""path"":""/Users/julio/Desktop/Archivo/Magister UAI/Capstone MIA 2025 2/Desarrollo/SW/capstone/malaria_dl_local_project/outputs/campaign_runs/9a8fc142-4e16-4e80-b0b9-8cede55c3ec9/epoch_5.keras"",""bytes"":65268598,""epoch"":5,""phase"":""base"",""run_id"":""9a8fc142-4e16-4e80-b0b9-8cede55c3ec9"",""sha256"":""6a0a1923785416e67e7d92a7680e226d65ff1fcd2ee8eccfba36cd02be2ef28d"",""version_id"":""c9125c10-b964-447f-bbd2-a9995c826813"",""phase_epoch"":5}"
9a8fc142-4e16-4e80-b0b9-8cede55c3ec9,vgg16,adamw,base,6,6,train_execution_records,artifact,6,2026-10-03T18:46:46.150299+00:00,5f0d19cc-3ded-4ffc-9c5c-b7fd86b0ff3f,/Users/julio/Desktop/Archivo/Magister UAI/Capstone MIA 2025 2/Desarrollo/SW/capstone/malaria_dl_local_project/outputs/campaign_runs/9a8fc142-4e16-4e80-b0b9-8cede55c3ec9/epoch_6.keras,65268598,b19948e927240c6bbe02defc899f23fa81cab10e371f4d6bd6115b7ae500fe42,False,,,,"{""path"":""/Users/julio/Desktop/Archivo/Magister UAI/Capstone MIA 2025 2/Desarrollo/SW/capstone/malaria_dl_local_project/outputs/campaign_runs/9a8fc142-4e16-4e80-b0b9-8cede55c3ec9/epoch_6.keras"",""bytes"":65268598,""epoch"":6,""phase"":""base"",""run_id"":""9a8fc142-4e16-4e80-b0b9-8cede55c3ec9"",""sha256"":""b19948e927240c6bbe02defc899f23fa81cab10e371f4d6bd6115b7ae500fe42"",""version_id"":""5f0d19cc-3ded-4ffc-9c5c-b7fd86b0ff3f"",""phase_epoch"":6}"
9a8fc142-4e16-4e80-b0b9-8cede55c3ec9,vgg16,adamw,base,7,7,train_execution_records,artifact,7,2026-10-03T18:59:03.014627+00:00,88d97a0e-5c88-411c-86cc-e3a821f5a7a9,/Users/julio/Desktop/Archivo/Magister UAI/Capstone MIA 2025 2/Desarrollo/SW/capstone/malaria_dl_local_project/outputs/campaign_runs/9a8fc142-4e16-4e80-b0b9-8cede55c3ec9/epoch_7.keras,65268598,26621bcb488c428f23b8e9043637e78e8ecafe9b40427c4d48bb9ebca080c0ce,False,,,,"{""path"":""/Users/julio/Desktop/Archivo/Magister UAI/Capstone MIA 2025 2/Desarrollo/SW/capstone/malaria_dl_local_project/outputs/campaign_runs/9a8fc142-4e16-4e80-b0b9-8cede55c3ec9/epoch_7.keras"",""bytes"":65268598,""epoch"":7,""phase"":""base"",""run_id"":""9a8fc142-4e16-4e80-b0b9-8cede55c3ec9"",""sha256"":""26621bcb488c428f23b8e9043637e78e8ecafe9b40427c4d48bb9ebca080c0ce"",""version_id"":""88d97a0e-5c88-411c-86cc-e3a821f5a7a9"",""phase_epoch"":7}"
9a8fc142-4e16-4e80-b0b9-8cede55c3ec9,vgg16,adamw,base,8,8,train_execution_records,artifact,8,2026-10-03T19:11:26.254406+00:00,4c81ec1f-f1cf-428e-b075-2b295e952964,/Users/julio/Desktop/Archivo/Magister UAI/Capstone MIA 2025 2/Desarrollo/SW/capstone/malaria_dl_local_project/outputs/campaign_runs/9a8fc142-4e16-4e80-b0b9-8cede55c3ec9/epoch_8.keras,65268598,9a8b0c94a25da4a39a36cebd8fcdf2d53ca3e0e8d25f9c6b8f52f49e80e17389,False,,,,"{""path"":""/Users/julio/Desktop/Archivo/Magister UAI/Capstone MIA 2025 2/Desarrollo/SW/capstone/malaria_dl_local_project/outputs/campaign_runs/9a8fc142-4e16-4e80-b0b9-8cede55c3ec9/epoch_8.keras"",""bytes"":65268598,""epoch"":8,""phase"":""base"",""run_id"":""9a8fc142-4e16-4e80-b0b9-8cede55c3ec9"",""sha256"":""9a8b0c94a25da4a39a36cebd8fcdf2d53ca3e0e8d25f9c6b8f52f49e80e17389"",""version_id"":""4c81ec1f-f1cf-428e-b075-2b295e952964"",""phase_epoch"":8}"
9a8fc142-4e16-4e80-b0b9-8cede55c3ec9,vgg16,adamw,base,9,9,train_execution_records,artifact,9,2026-10-03T19:23:51.616249+00:00,6a6d1017-aec4-47a7-857f-12e45dda750a,/Users/julio/Desktop/Archivo/Magister UAI/Capstone MIA 2025 2/Desarrollo/SW/capstone/malaria_dl_local_project/outputs/campaign_runs/9a8fc142-4e16-4e80-b0b9-8cede55c3ec9/epoch_9.keras,65268598,bf405e74e5af35ed6e78a316049ebbeebc8ab7a3ebee5e85b3749b8647ab085b,False,,,,"{""path"":""/Users/julio/Desktop/Archivo/Magister UAI/Capstone MIA 2025 2/Desarrollo/SW/capstone/malaria_dl_local_project/outputs/campaign_runs/9a8fc142-4e16-4e80-b0b9-8cede55c3ec9/epoch_9.keras"",""bytes"":65268598,""epoch"":9,""phase"":""base"",""run_id"":""9a8fc142-4e16-4e80-b0b9-8cede55c3ec9"",""sha256"":""bf405e74e5af35ed6e78a316049ebbeebc8ab7a3ebee5e85b3749b8647ab085b"",""version_id"":""6a6d1017-aec4-47a7-857f-12e45dda750a"",""phase_epoch"":9}"
9a8fc142-4e16-4e80-b0b9-8cede55c3ec9,vgg16,adamw,base,10,10,train_execution_records,artifact,10,2026-10-03T19:35:55.877433+00:00,af2b3a89-5015-473a-9e4a-4a033ceb7f31,/Users/julio/Desktop/Archivo/Magister UAI/Capstone MIA 2025 2/Desarrollo/SW/capstone/malaria_dl_local_project/outputs/campaign_runs/9a8fc142-4e16-4e80-b0b9-8cede55c3ec9/epoch_10.keras,65268598,7f5196e47115de1feb30000d246de1e2fc74e6c2bca5e878b8dc92b64feef23d,False,,,,"{""path"":""/Users/julio/Desktop/Archivo/Magister UAI/Capstone MIA 2025 2/Desarrollo/SW/capstone/malaria_dl_local_project/outputs/campaign_runs/9a8fc142-4e16-4e80-b0b9-8cede55c3ec9/epoch_10.keras"",""bytes"":65268598,""epoch"":10,""phase"":""base"",""run_id"":""9a8fc142-4e16-4e80-b0b9-8cede55c3ec9"",""sha256"":""7f5196e47115de1feb30000d246de1e2fc74e6c2bca5e878b8dc92b64feef23d"",""version_id"":""af2b3a89-5015-473a-9e4a-4a033ceb7f31"",""phase_epoch"":10}"
9a8fc142-4e16-4e80-b0b9-8cede55c3ec9,vgg16,adamw,base,11,11,train_execution_records,artifact,11,2026-10-03T19:47:57.089804+00:00,01098a1c-5e81-4522-b687-6f47d1791522,/Users/julio/Desktop/Archivo/Magister UAI/Capstone MIA 2025 2/Desarrollo/SW/capstone/malaria_dl_local_project/outputs/campaign_runs/9a8fc142-4e16-4e80-b0b9-8cede55c3ec9/epoch_11.keras,65268598,288d3fd1cc0ba7e36fac7326bf51b830c42bb70110e7bedb60647b2899da5bbf,False,,,,"{""path"":""/Users/julio/Desktop/Archivo/Magister UAI/Capstone MIA 2025 2/Desarrollo/SW/capstone/malaria_dl_local_project/outputs/campaign_runs/9a8fc142-4e16-4e80-b0b9-8cede55c3ec9/epoch_11.keras"",""bytes"":65268598,""epoch"":11,""phase"":""base"",""run_id"":""9a8fc142-4e16-4e80-b0b9-8cede55c3ec9"",""sha256"":""288d3fd1cc0ba7e36fac7326bf51b830c42bb70110e7bedb60647b2899da5bbf"",""version_id"":""01098a1c-5e81-4522-b687-6f47d1791522"",""phase_epoch"":11}"
9a8fc142-4e16-4e80-b0b9-8cede55c3ec9,vgg16,adamw,base,12,12,train_execution_records,artifact,12,2026-10-03T19:59:58.60664+00:00,15ebb446-b843-4625-a0ac-ab27c8e90797,/Users/julio/Desktop/Archivo/Magister UAI/Capstone MIA 2025 2/Desarrollo/SW/capstone/malaria_dl_local_project/outputs/campaign_runs/9a8fc142-4e16-4e80-b0b9-8cede55c3ec9/epoch_12.keras,65268598,30bac247b78546733760634c3920c327e8221afe2cf4310f0d99ac7ed85bcf5f,False,,,,"{""path"":""/Users/julio/Desktop/Archivo/Magister UAI/Capstone MIA 2025 2/Desarrollo/SW/capstone/malaria_dl_local_project/outputs/campaign_runs/9a8fc142-4e16-4e80-b0b9-8cede55c3ec9/epoch_12.keras"",""bytes"":65268598,""epoch"":12,""phase"":""base"",""run_id"":""9a8fc142-4e16-4e80-b0b9-8cede55c3ec9"",""sha256"":""30bac247b78546733760634c3920c327e8221afe2cf4310f0d99ac7ed85bcf5f"",""version_id"":""15ebb446-b843-4625-a0ac-ab27c8e90797"",""phase_epoch"":12}"
9a8fc142-4e16-4e80-b0b9-8cede55c3ec9,vgg16,adamw,base,13,13,train_execution_records,artifact,13,2026-10-03T20:12:08.657381+00:00,01da3c71-3929-4b53-81ee-746a0e692744,/Users/julio/Desktop/Archivo/Magister UAI/Capstone MIA 2025 2/Desarrollo/SW/capstone/malaria_dl_local_project/outputs/campaign_runs/9a8fc142-4e16-4e80-b0b9-8cede55c3ec9/epoch_13.keras,65268598,063053cc30e0621682a91f7ea48e7250aa1087916b68adddf7c8cbb72a0437ab,False,,,,"{""path"":""/Users/julio/Desktop/Archivo/Magister UAI/Capstone MIA 2025 2/Desarrollo/SW/capstone/malaria_dl_local_project/outputs/campaign_runs/9a8fc142-4e16-4e80-b0b9-8cede55c3ec9/epoch_13.keras"",""bytes"":65268598,""epoch"":13,""phase"":""base"",""run_id"":""9a8fc142-4e16-4e80-b0b9-8cede55c3ec9"",""sha256"":""063053cc30e0621682a91f7ea48e7250aa1087916b68adddf7c8cbb72a0437ab"",""version_id"":""01da3c71-3929-4b53-81ee-746a0e692744"",""phase_epoch"":13}"
9a8fc142-4e16-4e80-b0b9-8cede55c3ec9,vgg16,adamw,fine_tuning,14,1,train_execution_records,artifact,1,2026-10-03T20:25:43.042431+00:00,b3aea0c4-a890-4d8d-9568-74854d5278e2,/Users/julio/Desktop/Archivo/Magister UAI/Capstone MIA 2025 2/Desarrollo/SW/capstone/malaria_dl_local_project/outputs/campaign_runs/9a8fc142-4e16-4e80-b0b9-8cede55c3ec9/epoch_14.keras,121908260,85df25f0b16e690dbe58b684fc0ad52361b1dd4804158ac07bb087062e08b219,False,,,,"{""path"":""/Users/julio/Desktop/Archivo/Magister UAI/Capstone MIA 2025 2/Desarrollo/SW/capstone/malaria_dl_local_project/outputs/campaign_runs/9a8fc142-4e16-4e80-b0b9-8cede55c3ec9/epoch_14.keras"",""bytes"":121908260,""epoch"":14,""phase"":""fine_tuning"",""run_id"":""9a8fc142-4e16-4e80-b0b9-8cede55c3ec9"",""sha256"":""85df25f0b16e690dbe58b684fc0ad52361b1dd4804158ac07bb087062e08b219"",""version_id"":""b3aea0c4-a890-4d8d-9568-74854d5278e2"",""phase_epoch"":1}"
9a8fc142-4e16-4e80-b0b9-8cede55c3ec9,vgg16,adamw,fine_tuning,15,2,train_execution_records,artifact,2,2026-10-03T20:39:09.282273+00:00,eb1be0d8-9b64-4e25-b04f-767d7d81e361,/Users/julio/Desktop/Archivo/Magister UAI/Capstone MIA 2025 2/Desarrollo/SW/capstone/malaria_dl_local_project/outputs/campaign_runs/9a8fc142-4e16-4e80-b0b9-8cede55c3ec9/epoch_15.keras,121908260,cc741e407e90532befc8e155b44a47049ba3866f4e4aca01abaf5f295fd776a2,True,fe31616f-a40b-5053-b49e-d07d4e6c5818,available,"{""id"":""fe31616f-a40b-5053-b49e-d07d4e6c5818"",""run_id"":""9a8fc142-4e16-4e80-b0b9-8cede55c3ec9"",""artifact_type"":""model_checkpoint"",""name"":""epoch_15.keras"",""path"":""/Users/julio/Desktop/Archivo/Magister UAI/Capstone MIA 2025 2/Desarrollo/SW/capstone/malaria_dl_local_project/outputs/campaign_runs/9a8fc142-4e16-4e80-b0b9-8cede55c3ec9/epoch_15.keras"",""mime_type"":""application/octet-stream"",""file_size_bytes"":121908260,""checksum"":""cc741e407e90532befc8e155b44a47049ba3866f4e4aca01abaf5f295fd776a2"",""created_at"":""2026-10-03T23:22:23.394364+00:00"",""metadata"":{""role"":""selected_checkpoint"",""epoch"":15,""phase"":""fine_tuning"",""source"":""e10_train"",""version_id"":""eb1be0d8-9b64-4e25-b04f-767d7d81e361""},""artifact_uri"":null,""artifact_status"":""available"",""archived_at"":null}","{""path"":""/Users/julio/Desktop/Archivo/Magister UAI/Capstone MIA 2025 2/Desarrollo/SW/capstone/malaria_dl_local_project/outputs/campaign_runs/9a8fc142-4e16-4e80-b0b9-8cede55c3ec9/epoch_15.keras"",""bytes"":121908260,""epoch"":15,""phase"":""fine_tuning"",""run_id"":""9a8fc142-4e16-4e80-b0b9-8cede55c3ec9"",""sha256"":""cc741e407e90532befc8e155b44a47049ba3866f4e4aca01abaf5f295fd776a2"",""version_id"":""eb1be0d8-9b64-4e25-b04f-767d7d81e361"",""phase_epoch"":2}"
9a8fc142-4e16-4e80-b0b9-8cede55c3ec9,vgg16,adamw,fine_tuning,16,3,train_execution_records,artifact,3,2026-10-03T20:52:35.605424+00:00,4b5a006d-70d1-42f6-a6bc-51830230ec91,/Users/julio/Desktop/Archivo/Magister UAI/Capstone MIA 2025 2/Desarrollo/SW/capstone/malaria_dl_local_project/outputs/campaign_runs/9a8fc142-4e16-4e80-b0b9-8cede55c3ec9/epoch_16.keras,121908260,2b8479a64cf9aeecd92ad8a40b387235983cb2a740b5c730725d3a88ce5b5464,False,,,,"{""path"":""/Users/julio/Desktop/Archivo/Magister UAI/Capstone MIA 2025 2/Desarrollo/SW/capstone/malaria_dl_local_project/outputs/campaign_runs/9a8fc142-4e16-4e80-b0b9-8cede55c3ec9/epoch_16.keras"",""bytes"":121908260,""epoch"":16,""phase"":""fine_tuning"",""run_id"":""9a8fc142-4e16-4e80-b0b9-8cede55c3ec9"",""sha256"":""2b8479a64cf9aeecd92ad8a40b387235983cb2a740b5c730725d3a88ce5b5464"",""version_id"":""4b5a006d-70d1-42f6-a6bc-51830230ec91"",""phase_epoch"":3}"
9a8fc142-4e16-4e80-b0b9-8cede55c3ec9,vgg16,adamw,fine_tuning,17,4,train_execution_records,artifact,4,2026-10-03T21:06:01.116921+00:00,085e36fc-e70f-459b-a820-3d9cb21ff166,/Users/julio/Desktop/Archivo/Magister UAI/Capstone MIA 2025 2/Desarrollo/SW/capstone/malaria_dl_local_project/outputs/campaign_runs/9a8fc142-4e16-4e80-b0b9-8cede55c3ec9/epoch_17.keras,121908260,db0910f3863be026f2dd53ad12329e8b35c49470fdfd3fb0627f6e22ddeb0723,False,,,,"{""path"":""/Users/julio/Desktop/Archivo/Magister UAI/Capstone MIA 2025 2/Desarrollo/SW/capstone/malaria_dl_local_project/outputs/campaign_runs/9a8fc142-4e16-4e80-b0b9-8cede55c3ec9/epoch_17.keras"",""bytes"":121908260,""epoch"":17,""phase"":""fine_tuning"",""run_id"":""9a8fc142-4e16-4e80-b0b9-8cede55c3ec9"",""sha256"":""db0910f3863be026f2dd53ad12329e8b35c49470fdfd3fb0627f6e22ddeb0723"",""version_id"":""085e36fc-e70f-459b-a820-3d9cb21ff166"",""phase_epoch"":4}"
9a8fc142-4e16-4e80-b0b9-8cede55c3ec9,vgg16,adamw,fine_tuning,18,5,train_execution_records,artifact,5,2026-10-03T21:19:25.902844+00:00,fde76c98-7acf-4ff0-a627-22a07f1ba550,/Users/julio/Desktop/Archivo/Magister UAI/Capstone MIA 2025 2/Desarrollo/SW/capstone/malaria_dl_local_project/outputs/campaign_runs/9a8fc142-4e16-4e80-b0b9-8cede55c3ec9/epoch_18.keras,121908260,abf6b93556ccbb65468fb45cf2598a842a10575ce604f71a98d4247e0de8a63b,False,,,,"{""path"":""/Users/julio/Desktop/Archivo/Magister UAI/Capstone MIA 2025 2/Desarrollo/SW/capstone/malaria_dl_local_project/outputs/campaign_runs/9a8fc142-4e16-4e80-b0b9-8cede55c3ec9/epoch_18.keras"",""bytes"":121908260,""epoch"":18,""phase"":""fine_tuning"",""run_id"":""9a8fc142-4e16-4e80-b0b9-8cede55c3ec9"",""sha256"":""abf6b93556ccbb65468fb45cf2598a842a10575ce604f71a98d4247e0de8a63b"",""version_id"":""fde76c98-7acf-4ff0-a627-22a07f1ba550"",""phase_epoch"":5}"
9a8fc142-4e16-4e80-b0b9-8cede55c3ec9,vgg16,adamw,fine_tuning,19,6,train_execution_records,artifact,6,2026-10-03T21:32:50.552156+00:00,d9fc2609-6b2f-4ee9-b528-6d2477bde70d,/Users/julio/Desktop/Archivo/Magister UAI/Capstone MIA 2025 2/Desarrollo/SW/capstone/malaria_dl_local_project/outputs/campaign_runs/9a8fc142-4e16-4e80-b0b9-8cede55c3ec9/epoch_19.keras,121908260,4f4086055bcfbfe7cce2eeb7a5ce4a3d7b9a4b39c95476e896d8c01e9ed40fa9,False,,,,"{""path"":""/Users/julio/Desktop/Archivo/Magister UAI/Capstone MIA 2025 2/Desarrollo/SW/capstone/malaria_dl_local_project/outputs/campaign_runs/9a8fc142-4e16-4e80-b0b9-8cede55c3ec9/epoch_19.keras"",""bytes"":121908260,""epoch"":19,""phase"":""fine_tuning"",""run_id"":""9a8fc142-4e16-4e80-b0b9-8cede55c3ec9"",""sha256"":""4f4086055bcfbfe7cce2eeb7a5ce4a3d7b9a4b39c95476e896d8c01e9ed40fa9"",""version_id"":""d9fc2609-6b2f-4ee9-b528-6d2477bde70d"",""phase_epoch"":6}"
9a8fc142-4e16-4e80-b0b9-8cede55c3ec9,vgg16,adamw,fine_tuning,20,7,train_execution_records,artifact,7,2026-10-03T21:46:14.958334+00:00,96fb156e-e860-4b25-96d8-f25ed98a774d,/Users/julio/Desktop/Archivo/Magister UAI/Capstone MIA 2025 2/Desarrollo/SW/capstone/malaria_dl_local_project/outputs/campaign_runs/9a8fc142-4e16-4e80-b0b9-8cede55c3ec9/epoch_20.keras,121908260,a98029c7afe562d483bd7d62af866cafce5b46d66223e90ac2afc57cf4d2e9a1,False,,,,"{""path"":""/Users/julio/Desktop/Archivo/Magister UAI/Capstone MIA 2025 2/Desarrollo/SW/capstone/malaria_dl_local_project/outputs/campaign_runs/9a8fc142-4e16-4e80-b0b9-8cede55c3ec9/epoch_20.keras"",""bytes"":121908260,""epoch"":20,""phase"":""fine_tuning"",""run_id"":""9a8fc142-4e16-4e80-b0b9-8cede55c3ec9"",""sha256"":""a98029c7afe562d483bd7d62af866cafce5b46d66223e90ac2afc57cf4d2e9a1"",""version_id"":""96fb156e-e860-4b25-96d8-f25ed98a774d"",""phase_epoch"":7}"
9a8fc142-4e16-4e80-b0b9-8cede55c3ec9,vgg16,adamw,fine_tuning,21,8,train_execution_records,artifact,8,2026-10-03T21:59:39.001723+00:00,e04353f5-8a5b-4628-bc9f-9ff75e54397a,/Users/julio/Desktop/Archivo/Magister UAI/Capstone MIA 2025 2/Desarrollo/SW/capstone/malaria_dl_local_project/outputs/campaign_runs/9a8fc142-4e16-4e80-b0b9-8cede55c3ec9/epoch_21.keras,121908260,c146d0f6ef1aec4228a99e2bb1e76986bb3ed783f195a26f186aef90c5f14ca9,False,,,,"{""path"":""/Users/julio/Desktop/Archivo/Magister UAI/Capstone MIA 2025 2/Desarrollo/SW/capstone/malaria_dl_local_project/outputs/campaign_runs/9a8fc142-4e16-4e80-b0b9-8cede55c3ec9/epoch_21.keras"",""bytes"":121908260,""epoch"":21,""phase"":""fine_tuning"",""run_id"":""9a8fc142-4e16-4e80-b0b9-8cede55c3ec9"",""sha256"":""c146d0f6ef1aec4228a99e2bb1e76986bb3ed783f195a26f186aef90c5f14ca9"",""version_id"":""e04353f5-8a5b-4628-bc9f-9ff75e54397a"",""phase_epoch"":8}"
9a8fc142-4e16-4e80-b0b9-8cede55c3ec9,vgg16,adamw,fine_tuning,22,9,train_execution_records,artifact,9,2026-10-03T22:13:02.557704+00:00,e6b6d1c1-99ba-4362-97b7-355748ada1f7,/Users/julio/Desktop/Archivo/Magister UAI/Capstone MIA 2025 2/Desarrollo/SW/capstone/malaria_dl_local_project/outputs/campaign_runs/9a8fc142-4e16-4e80-b0b9-8cede55c3ec9/epoch_22.keras,121908260,114b16b902c6be9d60c2e286e5292477582d5da2c4e98a72571bb438ad9c573f,False,,,,"{""path"":""/Users/julio/Desktop/Archivo/Magister UAI/Capstone MIA 2025 2/Desarrollo/SW/capstone/malaria_dl_local_project/outputs/campaign_runs/9a8fc142-4e16-4e80-b0b9-8cede55c3ec9/epoch_22.keras"",""bytes"":121908260,""epoch"":22,""phase"":""fine_tuning"",""run_id"":""9a8fc142-4e16-4e80-b0b9-8cede55c3ec9"",""sha256"":""114b16b902c6be9d60c2e286e5292477582d5da2c4e98a72571bb438ad9c573f"",""version_id"":""e6b6d1c1-99ba-4362-97b7-355748ada1f7"",""phase_epoch"":9}"
9a8fc142-4e16-4e80-b0b9-8cede55c3ec9,vgg16,adamw,fine_tuning,23,10,train_execution_records,artifact,10,2026-10-03T22:26:30.017203+00:00,2d4f1acf-d637-48c2-bbd5-ac3cb12e2fad,/Users/julio/Desktop/Archivo/Magister UAI/Capstone MIA 2025 2/Desarrollo/SW/capstone/malaria_dl_local_project/outputs/campaign_runs/9a8fc142-4e16-4e80-b0b9-8cede55c3ec9/epoch_23.keras,121908260,8430b3458990a42f357e327fb2f1ac7ac23d7ad0cf7e41b4729f73024b279ff7,False,,,,"{""path"":""/Users/julio/Desktop/Archivo/Magister UAI/Capstone MIA 2025 2/Desarrollo/SW/capstone/malaria_dl_local_project/outputs/campaign_runs/9a8fc142-4e16-4e80-b0b9-8cede55c3ec9/epoch_23.keras"",""bytes"":121908260,""epoch"":23,""phase"":""fine_tuning"",""run_id"":""9a8fc142-4e16-4e80-b0b9-8cede55c3ec9"",""sha256"":""8430b3458990a42f357e327fb2f1ac7ac23d7ad0cf7e41b4729f73024b279ff7"",""version_id"":""2d4f1acf-d637-48c2-bbd5-ac3cb12e2fad"",""phase_epoch"":10}"
9a8fc142-4e16-4e80-b0b9-8cede55c3ec9,vgg16,adamw,fine_tuning,24,11,train_execution_records,artifact,11,2026-10-03T22:40:05.752561+00:00,8879e8be-145d-492c-b764-099bb436a8ee,/Users/julio/Desktop/Archivo/Magister UAI/Capstone MIA 2025 2/Desarrollo/SW/capstone/malaria_dl_local_project/outputs/campaign_runs/9a8fc142-4e16-4e80-b0b9-8cede55c3ec9/epoch_24.keras,121908260,855e36533a938264314b6f52c1241c356500b866a032311d165158300a4c6d14,False,,,,"{""path"":""/Users/julio/Desktop/Archivo/Magister UAI/Capstone MIA 2025 2/Desarrollo/SW/capstone/malaria_dl_local_project/outputs/campaign_runs/9a8fc142-4e16-4e80-b0b9-8cede55c3ec9/epoch_24.keras"",""bytes"":121908260,""epoch"":24,""phase"":""fine_tuning"",""run_id"":""9a8fc142-4e16-4e80-b0b9-8cede55c3ec9"",""sha256"":""855e36533a938264314b6f52c1241c356500b866a032311d165158300a4c6d14"",""version_id"":""8879e8be-145d-492c-b764-099bb436a8ee"",""phase_epoch"":11}"
9a8fc142-4e16-4e80-b0b9-8cede55c3ec9,vgg16,adamw,fine_tuning,25,12,train_execution_records,artifact,12,2026-10-03T22:53:40.39705+00:00,c52a8da1-c52f-437f-992c-566042631b0d,/Users/julio/Desktop/Archivo/Magister UAI/Capstone MIA 2025 2/Desarrollo/SW/capstone/malaria_dl_local_project/outputs/campaign_runs/9a8fc142-4e16-4e80-b0b9-8cede55c3ec9/epoch_25.keras,121908260,72232206db21e0200e04fbbd6a5569a9120ca737b5ebce3cf4969f0f5a9ae82a,False,,,,"{""path"":""/Users/julio/Desktop/Archivo/Magister UAI/Capstone MIA 2025 2/Desarrollo/SW/capstone/malaria_dl_local_project/outputs/campaign_runs/9a8fc142-4e16-4e80-b0b9-8cede55c3ec9/epoch_25.keras"",""bytes"":121908260,""epoch"":25,""phase"":""fine_tuning"",""run_id"":""9a8fc142-4e16-4e80-b0b9-8cede55c3ec9"",""sha256"":""72232206db21e0200e04fbbd6a5569a9120ca737b5ebce3cf4969f0f5a9ae82a"",""version_id"":""c52a8da1-c52f-437f-992c-566042631b0d"",""phase_epoch"":12}"
9a8fc142-4e16-4e80-b0b9-8cede55c3ec9,vgg16,adamw,fine_tuning,26,13,train_execution_records,artifact,13,2026-10-03T23:07:23.176579+00:00,c6a07cb4-ea09-4278-9c04-227d20b1e8cf,/Users/julio/Desktop/Archivo/Magister UAI/Capstone MIA 2025 2/Desarrollo/SW/capstone/malaria_dl_local_project/outputs/campaign_runs/9a8fc142-4e16-4e80-b0b9-8cede55c3ec9/epoch_26.keras,121908260,e6d4d5c2be5d942388ae5045dd781cc11c088fdb2e78ded78f391dcf4adfd9e4,False,,,,"{""path"":""/Users/julio/Desktop/Archivo/Magister UAI/Capstone MIA 2025 2/Desarrollo/SW/capstone/malaria_dl_local_project/outputs/campaign_runs/9a8fc142-4e16-4e80-b0b9-8cede55c3ec9/epoch_26.keras"",""bytes"":121908260,""epoch"":26,""phase"":""fine_tuning"",""run_id"":""9a8fc142-4e16-4e80-b0b9-8cede55c3ec9"",""sha256"":""e6d4d5c2be5d942388ae5045dd781cc11c088fdb2e78ded78f391dcf4adfd9e4"",""version_id"":""c6a07cb4-ea09-4278-9c04-227d20b1e8cf"",""phase_epoch"":13}"
9a8fc142-4e16-4e80-b0b9-8cede55c3ec9,vgg16,adamw,fine_tuning,27,14,train_execution_records,artifact,14,2026-10-03T23:21:19.272609+00:00,8d241979-b6eb-4574-892f-dd133f799133,/Users/julio/Desktop/Archivo/Magister UAI/Capstone MIA 2025 2/Desarrollo/SW/capstone/malaria_dl_local_project/outputs/campaign_runs/9a8fc142-4e16-4e80-b0b9-8cede55c3ec9/epoch_27.keras,121908260,c0d92444021e05945ac043b76913e4afe833afda8eece75e20ef6e3b56c7f067,False,,,,"{""path"":""/Users/julio/Desktop/Archivo/Magister UAI/Capstone MIA 2025 2/Desarrollo/SW/capstone/malaria_dl_local_project/outputs/campaign_runs/9a8fc142-4e16-4e80-b0b9-8cede55c3ec9/epoch_27.keras"",""bytes"":121908260,""epoch"":27,""phase"":""fine_tuning"",""run_id"":""9a8fc142-4e16-4e80-b0b9-8cede55c3ec9"",""sha256"":""c0d92444021e05945ac043b76913e4afe833afda8eece75e20ef6e3b56c7f067"",""version_id"":""8d241979-b6eb-4574-892f-dd133f799133"",""phase_epoch"":14}"
a1c310c5-1cb0-4b1e-afc4-b087ed13ab24,custom_cnn,adam,base,1,1,train_execution_records,artifact,1,2026-10-02T16:05:49.411156+00:00,b9f34fd8-deb2-42c9-9128-7ea0cd4877c2,/Users/julio/Desktop/Archivo/Magister UAI/Capstone MIA 2025 2/Desarrollo/SW/capstone/malaria_dl_local_project/outputs/campaign_runs/a1c310c5-1cb0-4b1e-afc4-b087ed13ab24/epoch_1.keras,5150164,92b88377a9363c45ac5f5feb95690ecc3c2ee0ac61f3566eaac377f81e6083bd,False,,,,"{""path"":""/Users/julio/Desktop/Archivo/Magister UAI/Capstone MIA 2025 2/Desarrollo/SW/capstone/malaria_dl_local_project/outputs/campaign_runs/a1c310c5-1cb0-4b1e-afc4-b087ed13ab24/epoch_1.keras"",""bytes"":5150164,""epoch"":1,""phase"":""base"",""run_id"":""a1c310c5-1cb0-4b1e-afc4-b087ed13ab24"",""sha256"":""92b88377a9363c45ac5f5feb95690ecc3c2ee0ac61f3566eaac377f81e6083bd"",""version_id"":""b9f34fd8-deb2-42c9-9128-7ea0cd4877c2"",""phase_epoch"":1}"
a1c310c5-1cb0-4b1e-afc4-b087ed13ab24,custom_cnn,adam,base,2,2,train_execution_records,artifact,2,2026-10-02T16:08:56.173303+00:00,6cb75eea-1e05-4677-97c4-2643b509e324,/Users/julio/Desktop/Archivo/Magister UAI/Capstone MIA 2025 2/Desarrollo/SW/capstone/malaria_dl_local_project/outputs/campaign_runs/a1c310c5-1cb0-4b1e-afc4-b087ed13ab24/epoch_2.keras,5150164,4ebaddc6afaa3b6452748cd966eb46fc0fe60c00172346d5ba2fb0c8cc97e7df,False,,,,"{""path"":""/Users/julio/Desktop/Archivo/Magister UAI/Capstone MIA 2025 2/Desarrollo/SW/capstone/malaria_dl_local_project/outputs/campaign_runs/a1c310c5-1cb0-4b1e-afc4-b087ed13ab24/epoch_2.keras"",""bytes"":5150164,""epoch"":2,""phase"":""base"",""run_id"":""a1c310c5-1cb0-4b1e-afc4-b087ed13ab24"",""sha256"":""4ebaddc6afaa3b6452748cd966eb46fc0fe60c00172346d5ba2fb0c8cc97e7df"",""version_id"":""6cb75eea-1e05-4677-97c4-2643b509e324"",""phase_epoch"":2}"
a1c310c5-1cb0-4b1e-afc4-b087ed13ab24,custom_cnn,adam,base,3,3,train_execution_records,artifact,3,2026-10-02T16:12:03.049105+00:00,98641242-b011-40e6-a221-cc99c718e0e8,/Users/julio/Desktop/Archivo/Magister UAI/Capstone MIA 2025 2/Desarrollo/SW/capstone/malaria_dl_local_project/outputs/campaign_runs/a1c310c5-1cb0-4b1e-afc4-b087ed13ab24/epoch_3.keras,5150164,41cf73f04f0b1b813e332a5fd7b15dcd62451b231ce70550913318e93e20b73b,False,,,,"{""path"":""/Users/julio/Desktop/Archivo/Magister UAI/Capstone MIA 2025 2/Desarrollo/SW/capstone/malaria_dl_local_project/outputs/campaign_runs/a1c310c5-1cb0-4b1e-afc4-b087ed13ab24/epoch_3.keras"",""bytes"":5150164,""epoch"":3,""phase"":""base"",""run_id"":""a1c310c5-1cb0-4b1e-afc4-b087ed13ab24"",""sha256"":""41cf73f04f0b1b813e332a5fd7b15dcd62451b231ce70550913318e93e20b73b"",""version_id"":""98641242-b011-40e6-a221-cc99c718e0e8"",""phase_epoch"":3}"
a1c310c5-1cb0-4b1e-afc4-b087ed13ab24,custom_cnn,adam,base,4,4,train_execution_records,artifact,4,2026-10-02T16:15:09.75865+00:00,909cd6e9-ce3e-4e6e-96df-c1995447333b,/Users/julio/Desktop/Archivo/Magister UAI/Capstone MIA 2025 2/Desarrollo/SW/capstone/malaria_dl_local_project/outputs/campaign_runs/a1c310c5-1cb0-4b1e-afc4-b087ed13ab24/epoch_4.keras,5150164,1e472e5a12d6b351162b86df5aa3533f909992b6b1c1cde42ffd760b2a404e5d,True,ad67b6cd-0abb-55b6-8c5e-d959c50f5f9c,available,"{""id"":""ad67b6cd-0abb-55b6-8c5e-d959c50f5f9c"",""run_id"":""a1c310c5-1cb0-4b1e-afc4-b087ed13ab24"",""artifact_type"":""model_checkpoint"",""name"":""epoch_4.keras"",""path"":""/Users/julio/Desktop/Archivo/Magister UAI/Capstone MIA 2025 2/Desarrollo/SW/capstone/malaria_dl_local_project/outputs/campaign_runs/a1c310c5-1cb0-4b1e-afc4-b087ed13ab24/epoch_4.keras"",""mime_type"":""application/octet-stream"",""file_size_bytes"":5150164,""checksum"":""1e472e5a12d6b351162b86df5aa3533f909992b6b1c1cde42ffd760b2a404e5d"",""created_at"":""2026-10-02T16:51:55.284441+00:00"",""metadata"":{""role"":""selected_checkpoint"",""epoch"":4,""phase"":""base"",""source"":""e10_train"",""version_id"":""909cd6e9-ce3e-4e6e-96df-c1995447333b""},""artifact_uri"":null,""artifact_status"":""available"",""archived_at"":null}","{""path"":""/Users/julio/Desktop/Archivo/Magister UAI/Capstone MIA 2025 2/Desarrollo/SW/capstone/malaria_dl_local_project/outputs/campaign_runs/a1c310c5-1cb0-4b1e-afc4-b087ed13ab24/epoch_4.keras"",""bytes"":5150164,""epoch"":4,""phase"":""base"",""run_id"":""a1c310c5-1cb0-4b1e-afc4-b087ed13ab24"",""sha256"":""1e472e5a12d6b351162b86df5aa3533f909992b6b1c1cde42ffd760b2a404e5d"",""version_id"":""909cd6e9-ce3e-4e6e-96df-c1995447333b"",""phase_epoch"":4}"
a1c310c5-1cb0-4b1e-afc4-b087ed13ab24,custom_cnn,adam,base,5,5,train_execution_records,artifact,5,2026-10-02T16:18:17.265781+00:00,3c43ac19-1751-49ff-972c-1224f9f80dea,/Users/julio/Desktop/Archivo/Magister UAI/Capstone MIA 2025 2/Desarrollo/SW/capstone/malaria_dl_local_project/outputs/campaign_runs/a1c310c5-1cb0-4b1e-afc4-b087ed13ab24/epoch_5.keras,5150164,0b6e41b7c017c6d56e993e915ce47cd256cfdc9289f2ba116e68eca502026df3,False,,,,"{""path"":""/Users/julio/Desktop/Archivo/Magister UAI/Capstone MIA 2025 2/Desarrollo/SW/capstone/malaria_dl_local_project/outputs/campaign_runs/a1c310c5-1cb0-4b1e-afc4-b087ed13ab24/epoch_5.keras"",""bytes"":5150164,""epoch"":5,""phase"":""base"",""run_id"":""a1c310c5-1cb0-4b1e-afc4-b087ed13ab24"",""sha256"":""0b6e41b7c017c6d56e993e915ce47cd256cfdc9289f2ba116e68eca502026df3"",""version_id"":""3c43ac19-1751-49ff-972c-1224f9f80dea"",""phase_epoch"":5}"
a1c310c5-1cb0-4b1e-afc4-b087ed13ab24,custom_cnn,adam,base,6,6,train_execution_records,artifact,6,2026-10-02T16:21:23.537969+00:00,7c7bdc26-2b51-44fb-878d-adc56fa678e4,/Users/julio/Desktop/Archivo/Magister UAI/Capstone MIA 2025 2/Desarrollo/SW/capstone/malaria_dl_local_project/outputs/campaign_runs/a1c310c5-1cb0-4b1e-afc4-b087ed13ab24/epoch_6.keras,5150164,cb4347ae07718bd0444012e99bf523830a6ddb53d55ea479be1329f0809e3608,False,,,,"{""path"":""/Users/julio/Desktop/Archivo/Magister UAI/Capstone MIA 2025 2/Desarrollo/SW/capstone/malaria_dl_local_project/outputs/campaign_runs/a1c310c5-1cb0-4b1e-afc4-b087ed13ab24/epoch_6.keras"",""bytes"":5150164,""epoch"":6,""phase"":""base"",""run_id"":""a1c310c5-1cb0-4b1e-afc4-b087ed13ab24"",""sha256"":""cb4347ae07718bd0444012e99bf523830a6ddb53d55ea479be1329f0809e3608"",""version_id"":""7c7bdc26-2b51-44fb-878d-adc56fa678e4"",""phase_epoch"":6}"
a1c310c5-1cb0-4b1e-afc4-b087ed13ab24,custom_cnn,adam,base,7,7,train_execution_records,artifact,7,2026-10-02T16:24:30.104782+00:00,579a316b-967c-4e7b-977f-44a58ef91287,/Users/julio/Desktop/Archivo/Magister UAI/Capstone MIA 2025 2/Desarrollo/SW/capstone/malaria_dl_local_project/outputs/campaign_runs/a1c310c5-1cb0-4b1e-afc4-b087ed13ab24/epoch_7.keras,5150164,e892b7055fbee2cb9488e6ae5f423faab115752992694fc173d9f9c6152fb39f,False,,,,"{""path"":""/Users/julio/Desktop/Archivo/Magister UAI/Capstone MIA 2025 2/Desarrollo/SW/capstone/malaria_dl_local_project/outputs/campaign_runs/a1c310c5-1cb0-4b1e-afc4-b087ed13ab24/epoch_7.keras"",""bytes"":5150164,""epoch"":7,""phase"":""base"",""run_id"":""a1c310c5-1cb0-4b1e-afc4-b087ed13ab24"",""sha256"":""e892b7055fbee2cb9488e6ae5f423faab115752992694fc173d9f9c6152fb39f"",""version_id"":""579a316b-967c-4e7b-977f-44a58ef91287"",""phase_epoch"":7}"
a1c310c5-1cb0-4b1e-afc4-b087ed13ab24,custom_cnn,adam,base,8,8,train_execution_records,artifact,8,2026-10-02T16:27:32.612993+00:00,bf3750f5-90a0-4ec4-b322-b4de75a8cb9f,/Users/julio/Desktop/Archivo/Magister UAI/Capstone MIA 2025 2/Desarrollo/SW/capstone/malaria_dl_local_project/outputs/campaign_runs/a1c310c5-1cb0-4b1e-afc4-b087ed13ab24/epoch_8.keras,5150164,22f940f54f07532f13e9382a0aecf3d79d58e2caddf0ee71435b5c86bf57e881,False,,,,"{""path"":""/Users/julio/Desktop/Archivo/Magister UAI/Capstone MIA 2025 2/Desarrollo/SW/capstone/malaria_dl_local_project/outputs/campaign_runs/a1c310c5-1cb0-4b1e-afc4-b087ed13ab24/epoch_8.keras"",""bytes"":5150164,""epoch"":8,""phase"":""base"",""run_id"":""a1c310c5-1cb0-4b1e-afc4-b087ed13ab24"",""sha256"":""22f940f54f07532f13e9382a0aecf3d79d58e2caddf0ee71435b5c86bf57e881"",""version_id"":""bf3750f5-90a0-4ec4-b322-b4de75a8cb9f"",""phase_epoch"":8}"
a1c310c5-1cb0-4b1e-afc4-b087ed13ab24,custom_cnn,adam,base,9,9,train_execution_records,artifact,9,2026-10-02T16:30:33.600311+00:00,d805d35d-53d7-44cd-9d1f-821b3046890c,/Users/julio/Desktop/Archivo/Magister UAI/Capstone MIA 2025 2/Desarrollo/SW/capstone/malaria_dl_local_project/outputs/campaign_runs/a1c310c5-1cb0-4b1e-afc4-b087ed13ab24/epoch_9.keras,5150164,5cbe881bced5bc4a2f1ed2fc132ee98f8d3f6e7e40685eb2a946e2279b72abdb,False,,,,"{""path"":""/Users/julio/Desktop/Archivo/Magister UAI/Capstone MIA 2025 2/Desarrollo/SW/capstone/malaria_dl_local_project/outputs/campaign_runs/a1c310c5-1cb0-4b1e-afc4-b087ed13ab24/epoch_9.keras"",""bytes"":5150164,""epoch"":9,""phase"":""base"",""run_id"":""a1c310c5-1cb0-4b1e-afc4-b087ed13ab24"",""sha256"":""5cbe881bced5bc4a2f1ed2fc132ee98f8d3f6e7e40685eb2a946e2279b72abdb"",""version_id"":""d805d35d-53d7-44cd-9d1f-821b3046890c"",""phase_epoch"":9}"
a1c310c5-1cb0-4b1e-afc4-b087ed13ab24,custom_cnn,adam,base,10,10,train_execution_records,artifact,10,2026-10-02T16:33:33.874207+00:00,475eaa7c-f14d-4c14-abf4-95a1dd0829eb,/Users/julio/Desktop/Archivo/Magister UAI/Capstone MIA 2025 2/Desarrollo/SW/capstone/malaria_dl_local_project/outputs/campaign_runs/a1c310c5-1cb0-4b1e-afc4-b087ed13ab24/epoch_10.keras,5150164,f17afcaf94832d9babb7f378bab05533deff02460284d542e918e85efe2b3b7c,False,,,,"{""path"":""/Users/julio/Desktop/Archivo/Magister UAI/Capstone MIA 2025 2/Desarrollo/SW/capstone/malaria_dl_local_project/outputs/campaign_runs/a1c310c5-1cb0-4b1e-afc4-b087ed13ab24/epoch_10.keras"",""bytes"":5150164,""epoch"":10,""phase"":""base"",""run_id"":""a1c310c5-1cb0-4b1e-afc4-b087ed13ab24"",""sha256"":""f17afcaf94832d9babb7f378bab05533deff02460284d542e918e85efe2b3b7c"",""version_id"":""475eaa7c-f14d-4c14-abf4-95a1dd0829eb"",""phase_epoch"":10}"
a1c310c5-1cb0-4b1e-afc4-b087ed13ab24,custom_cnn,adam,base,11,11,train_execution_records,artifact,11,2026-10-02T16:36:34.092743+00:00,63bfd5d3-d303-4af6-a920-7156cc974b3e,/Users/julio/Desktop/Archivo/Magister UAI/Capstone MIA 2025 2/Desarrollo/SW/capstone/malaria_dl_local_project/outputs/campaign_runs/a1c310c5-1cb0-4b1e-afc4-b087ed13ab24/epoch_11.keras,5150164,5ea3ee6a04c1bfb24db005879b05e64f59830b3876374edfe854298de84566db,False,,,,"{""path"":""/Users/julio/Desktop/Archivo/Magister UAI/Capstone MIA 2025 2/Desarrollo/SW/capstone/malaria_dl_local_project/outputs/campaign_runs/a1c310c5-1cb0-4b1e-afc4-b087ed13ab24/epoch_11.keras"",""bytes"":5150164,""epoch"":11,""phase"":""base"",""run_id"":""a1c310c5-1cb0-4b1e-afc4-b087ed13ab24"",""sha256"":""5ea3ee6a04c1bfb24db005879b05e64f59830b3876374edfe854298de84566db"",""version_id"":""63bfd5d3-d303-4af6-a920-7156cc974b3e"",""phase_epoch"":11}"
a1c310c5-1cb0-4b1e-afc4-b087ed13ab24,custom_cnn,adam,base,12,12,train_execution_records,artifact,12,2026-10-02T16:39:34.033513+00:00,c93d0ee4-eb2f-4dfe-96c8-f3e0e56e7626,/Users/julio/Desktop/Archivo/Magister UAI/Capstone MIA 2025 2/Desarrollo/SW/capstone/malaria_dl_local_project/outputs/campaign_runs/a1c310c5-1cb0-4b1e-afc4-b087ed13ab24/epoch_12.keras,5150164,f33c35f187f3c0790a19a0c68885b378540832d837c730f6eee0f640d8545403,False,,,,"{""path"":""/Users/julio/Desktop/Archivo/Magister UAI/Capstone MIA 2025 2/Desarrollo/SW/capstone/malaria_dl_local_project/outputs/campaign_runs/a1c310c5-1cb0-4b1e-afc4-b087ed13ab24/epoch_12.keras"",""bytes"":5150164,""epoch"":12,""phase"":""base"",""run_id"":""a1c310c5-1cb0-4b1e-afc4-b087ed13ab24"",""sha256"":""f33c35f187f3c0790a19a0c68885b378540832d837c730f6eee0f640d8545403"",""version_id"":""c93d0ee4-eb2f-4dfe-96c8-f3e0e56e7626"",""phase_epoch"":12}"
a1c310c5-1cb0-4b1e-afc4-b087ed13ab24,custom_cnn,adam,base,13,13,train_execution_records,artifact,13,2026-10-02T16:42:33.737045+00:00,ad7cdf56-614b-43db-8030-b55dbb5fde07,/Users/julio/Desktop/Archivo/Magister UAI/Capstone MIA 2025 2/Desarrollo/SW/capstone/malaria_dl_local_project/outputs/campaign_runs/a1c310c5-1cb0-4b1e-afc4-b087ed13ab24/epoch_13.keras,5150164,ace171a63c77f7e4386ddf1ec96753d2610daf60275282e9471064458878765a,False,,,,"{""path"":""/Users/julio/Desktop/Archivo/Magister UAI/Capstone MIA 2025 2/Desarrollo/SW/capstone/malaria_dl_local_project/outputs/campaign_runs/a1c310c5-1cb0-4b1e-afc4-b087ed13ab24/epoch_13.keras"",""bytes"":5150164,""epoch"":13,""phase"":""base"",""run_id"":""a1c310c5-1cb0-4b1e-afc4-b087ed13ab24"",""sha256"":""ace171a63c77f7e4386ddf1ec96753d2610daf60275282e9471064458878765a"",""version_id"":""ad7cdf56-614b-43db-8030-b55dbb5fde07"",""phase_epoch"":13}"
a1c310c5-1cb0-4b1e-afc4-b087ed13ab24,custom_cnn,adam,base,14,14,train_execution_records,artifact,14,2026-10-02T16:45:35.612834+00:00,499addb7-a811-4cc3-a8ba-8d1c3fdde672,/Users/julio/Desktop/Archivo/Magister UAI/Capstone MIA 2025 2/Desarrollo/SW/capstone/malaria_dl_local_project/outputs/campaign_runs/a1c310c5-1cb0-4b1e-afc4-b087ed13ab24/epoch_14.keras,5150164,c8ca2532328bf609aebca7932cb5cb91077c1e5fb38d2936a05bc0e77e46f003,False,,,,"{""path"":""/Users/julio/Desktop/Archivo/Magister UAI/Capstone MIA 2025 2/Desarrollo/SW/capstone/malaria_dl_local_project/outputs/campaign_runs/a1c310c5-1cb0-4b1e-afc4-b087ed13ab24/epoch_14.keras"",""bytes"":5150164,""epoch"":14,""phase"":""base"",""run_id"":""a1c310c5-1cb0-4b1e-afc4-b087ed13ab24"",""sha256"":""c8ca2532328bf609aebca7932cb5cb91077c1e5fb38d2936a05bc0e77e46f003"",""version_id"":""499addb7-a811-4cc3-a8ba-8d1c3fdde672"",""phase_epoch"":14}"
a1c310c5-1cb0-4b1e-afc4-b087ed13ab24,custom_cnn,adam,base,15,15,train_execution_records,artifact,15,2026-10-02T16:48:41.800864+00:00,cc77ddfa-6c8c-402e-935e-d27dd4c1585a,/Users/julio/Desktop/Archivo/Magister UAI/Capstone MIA 2025 2/Desarrollo/SW/capstone/malaria_dl_local_project/outputs/campaign_runs/a1c310c5-1cb0-4b1e-afc4-b087ed13ab24/epoch_15.keras,5150164,43f36cbfeaa6731b0c601e35db5ffe03a41b5b02f630e9bba21f5030b3b2218e,False,,,,"{""path"":""/Users/julio/Desktop/Archivo/Magister UAI/Capstone MIA 2025 2/Desarrollo/SW/capstone/malaria_dl_local_project/outputs/campaign_runs/a1c310c5-1cb0-4b1e-afc4-b087ed13ab24/epoch_15.keras"",""bytes"":5150164,""epoch"":15,""phase"":""base"",""run_id"":""a1c310c5-1cb0-4b1e-afc4-b087ed13ab24"",""sha256"":""43f36cbfeaa6731b0c601e35db5ffe03a41b5b02f630e9bba21f5030b3b2218e"",""version_id"":""cc77ddfa-6c8c-402e-935e-d27dd4c1585a"",""phase_epoch"":15}"
a1c310c5-1cb0-4b1e-afc4-b087ed13ab24,custom_cnn,adam,base,16,16,train_execution_records,artifact,16,2026-10-02T16:51:49.90923+00:00,f1e13ec0-d373-46cf-9343-f1cbd3391d0f,/Users/julio/Desktop/Archivo/Magister UAI/Capstone MIA 2025 2/Desarrollo/SW/capstone/malaria_dl_local_project/outputs/campaign_runs/a1c310c5-1cb0-4b1e-afc4-b087ed13ab24/epoch_16.keras,5150164,874ad40fd16e55e9b30933766957ab69407f8ee83409594b586c2b6153ce0960,False,,,,"{""path"":""/Users/julio/Desktop/Archivo/Magister UAI/Capstone MIA 2025 2/Desarrollo/SW/capstone/malaria_dl_local_project/outputs/campaign_runs/a1c310c5-1cb0-4b1e-afc4-b087ed13ab24/epoch_16.keras"",""bytes"":5150164,""epoch"":16,""phase"":""base"",""run_id"":""a1c310c5-1cb0-4b1e-afc4-b087ed13ab24"",""sha256"":""874ad40fd16e55e9b30933766957ab69407f8ee83409594b586c2b6153ce0960"",""version_id"":""f1e13ec0-d373-46cf-9343-f1cbd3391d0f"",""phase_epoch"":16}"
c6fc8261-375b-41bf-9c15-a1e6885184ef,densenet121,adadelta,base,1,1,train_execution_records,artifact,1,2026-10-02T19:13:07.758501+00:00,94ef751a-788a-4572-b0cd-c65d43218b09,/Users/julio/Desktop/Archivo/Magister UAI/Capstone MIA 2025 2/Desarrollo/SW/capstone/malaria_dl_local_project/outputs/campaign_runs/c6fc8261-375b-41bf-9c15-a1e6885184ef/epoch_1.keras,29694475,353c399b41840a9236e804df13e6dbdd4678d9b08934ded701d49f7d4ca35808,False,,,,"{""path"":""/Users/julio/Desktop/Archivo/Magister UAI/Capstone MIA 2025 2/Desarrollo/SW/capstone/malaria_dl_local_project/outputs/campaign_runs/c6fc8261-375b-41bf-9c15-a1e6885184ef/epoch_1.keras"",""bytes"":29694475,""epoch"":1,""phase"":""base"",""run_id"":""c6fc8261-375b-41bf-9c15-a1e6885184ef"",""sha256"":""353c399b41840a9236e804df13e6dbdd4678d9b08934ded701d49f7d4ca35808"",""version_id"":""94ef751a-788a-4572-b0cd-c65d43218b09"",""phase_epoch"":1}"
c6fc8261-375b-41bf-9c15-a1e6885184ef,densenet121,adadelta,base,2,2,train_execution_records,artifact,2,2026-10-02T19:16:17.495338+00:00,e89b06ed-5871-4117-93e7-89996f85b2b6,/Users/julio/Desktop/Archivo/Magister UAI/Capstone MIA 2025 2/Desarrollo/SW/capstone/malaria_dl_local_project/outputs/campaign_runs/c6fc8261-375b-41bf-9c15-a1e6885184ef/epoch_2.keras,29694475,ef6f7ad83e70366abcba208d046a9c010c191837fb0c7b2632ccebca5223da38,False,,,,"{""path"":""/Users/julio/Desktop/Archivo/Magister UAI/Capstone MIA 2025 2/Desarrollo/SW/capstone/malaria_dl_local_project/outputs/campaign_runs/c6fc8261-375b-41bf-9c15-a1e6885184ef/epoch_2.keras"",""bytes"":29694475,""epoch"":2,""phase"":""base"",""run_id"":""c6fc8261-375b-41bf-9c15-a1e6885184ef"",""sha256"":""ef6f7ad83e70366abcba208d046a9c010c191837fb0c7b2632ccebca5223da38"",""version_id"":""e89b06ed-5871-4117-93e7-89996f85b2b6"",""phase_epoch"":2}"
c6fc8261-375b-41bf-9c15-a1e6885184ef,densenet121,adadelta,base,3,3,train_execution_records,artifact,3,2026-10-02T19:19:30.969038+00:00,c7be2895-03fe-42fa-9b67-c6d4e838ff47,/Users/julio/Desktop/Archivo/Magister UAI/Capstone MIA 2025 2/Desarrollo/SW/capstone/malaria_dl_local_project/outputs/campaign_runs/c6fc8261-375b-41bf-9c15-a1e6885184ef/epoch_3.keras,29694475,f69f67a4375f48e519df1ddb93550d963573cc07927ece26d1de8c2a7284718e,False,,,,"{""path"":""/Users/julio/Desktop/Archivo/Magister UAI/Capstone MIA 2025 2/Desarrollo/SW/capstone/malaria_dl_local_project/outputs/campaign_runs/c6fc8261-375b-41bf-9c15-a1e6885184ef/epoch_3.keras"",""bytes"":29694475,""epoch"":3,""phase"":""base"",""run_id"":""c6fc8261-375b-41bf-9c15-a1e6885184ef"",""sha256"":""f69f67a4375f48e519df1ddb93550d963573cc07927ece26d1de8c2a7284718e"",""version_id"":""c7be2895-03fe-42fa-9b67-c6d4e838ff47"",""phase_epoch"":3}"
c6fc8261-375b-41bf-9c15-a1e6885184ef,densenet121,adadelta,base,4,4,train_execution_records,artifact,4,2026-10-02T19:22:47.654928+00:00,26f0e919-a46a-4ae3-b1c0-087b3ebdf3d2,/Users/julio/Desktop/Archivo/Magister UAI/Capstone MIA 2025 2/Desarrollo/SW/capstone/malaria_dl_local_project/outputs/campaign_runs/c6fc8261-375b-41bf-9c15-a1e6885184ef/epoch_4.keras,29694475,67a55bc50c8dd1b36992ffd7250f0f820a2ddcdb2c8c45f5e32ccddd29135bc6,False,,,,"{""path"":""/Users/julio/Desktop/Archivo/Magister UAI/Capstone MIA 2025 2/Desarrollo/SW/capstone/malaria_dl_local_project/outputs/campaign_runs/c6fc8261-375b-41bf-9c15-a1e6885184ef/epoch_4.keras"",""bytes"":29694475,""epoch"":4,""phase"":""base"",""run_id"":""c6fc8261-375b-41bf-9c15-a1e6885184ef"",""sha256"":""67a55bc50c8dd1b36992ffd7250f0f820a2ddcdb2c8c45f5e32ccddd29135bc6"",""version_id"":""26f0e919-a46a-4ae3-b1c0-087b3ebdf3d2"",""phase_epoch"":4}"
c6fc8261-375b-41bf-9c15-a1e6885184ef,densenet121,adadelta,base,5,5,train_execution_records,artifact,5,2026-10-02T19:26:03.11972+00:00,adb003bb-839a-4fa3-ba0e-c86b3a8601d4,/Users/julio/Desktop/Archivo/Magister UAI/Capstone MIA 2025 2/Desarrollo/SW/capstone/malaria_dl_local_project/outputs/campaign_runs/c6fc8261-375b-41bf-9c15-a1e6885184ef/epoch_5.keras,29694475,1b72133281139c0899dacd7a43d02a35de0f1cc0ef58343fb74ebf9ae23fc5fe,False,,,,"{""path"":""/Users/julio/Desktop/Archivo/Magister UAI/Capstone MIA 2025 2/Desarrollo/SW/capstone/malaria_dl_local_project/outputs/campaign_runs/c6fc8261-375b-41bf-9c15-a1e6885184ef/epoch_5.keras"",""bytes"":29694475,""epoch"":5,""phase"":""base"",""run_id"":""c6fc8261-375b-41bf-9c15-a1e6885184ef"",""sha256"":""1b72133281139c0899dacd7a43d02a35de0f1cc0ef58343fb74ebf9ae23fc5fe"",""version_id"":""adb003bb-839a-4fa3-ba0e-c86b3a8601d4"",""phase_epoch"":5}"
c6fc8261-375b-41bf-9c15-a1e6885184ef,densenet121,adadelta,base,6,6,train_execution_records,artifact,6,2026-10-02T19:29:19.469184+00:00,0d4e3aa4-b513-4613-884a-4bd1e687d50d,/Users/julio/Desktop/Archivo/Magister UAI/Capstone MIA 2025 2/Desarrollo/SW/capstone/malaria_dl_local_project/outputs/campaign_runs/c6fc8261-375b-41bf-9c15-a1e6885184ef/epoch_6.keras,29694475,b1c86cb4a4906d8607ea415af4baf38cc1452ef236dbe35507bea703a155a3a8,False,,,,"{""path"":""/Users/julio/Desktop/Archivo/Magister UAI/Capstone MIA 2025 2/Desarrollo/SW/capstone/malaria_dl_local_project/outputs/campaign_runs/c6fc8261-375b-41bf-9c15-a1e6885184ef/epoch_6.keras"",""bytes"":29694475,""epoch"":6,""phase"":""base"",""run_id"":""c6fc8261-375b-41bf-9c15-a1e6885184ef"",""sha256"":""b1c86cb4a4906d8607ea415af4baf38cc1452ef236dbe35507bea703a155a3a8"",""version_id"":""0d4e3aa4-b513-4613-884a-4bd1e687d50d"",""phase_epoch"":6}"
c6fc8261-375b-41bf-9c15-a1e6885184ef,densenet121,adadelta,base,7,7,train_execution_records,artifact,7,2026-10-02T19:32:34.543969+00:00,8d60fc1d-c291-4607-82f7-917098e338be,/Users/julio/Desktop/Archivo/Magister UAI/Capstone MIA 2025 2/Desarrollo/SW/capstone/malaria_dl_local_project/outputs/campaign_runs/c6fc8261-375b-41bf-9c15-a1e6885184ef/epoch_7.keras,29694475,f2e37f597a8e97375e49aa0b45d3bd209f54699b74b515fd1709b0293b0c7f14,False,,,,"{""path"":""/Users/julio/Desktop/Archivo/Magister UAI/Capstone MIA 2025 2/Desarrollo/SW/capstone/malaria_dl_local_project/outputs/campaign_runs/c6fc8261-375b-41bf-9c15-a1e6885184ef/epoch_7.keras"",""bytes"":29694475,""epoch"":7,""phase"":""base"",""run_id"":""c6fc8261-375b-41bf-9c15-a1e6885184ef"",""sha256"":""f2e37f597a8e97375e49aa0b45d3bd209f54699b74b515fd1709b0293b0c7f14"",""version_id"":""8d60fc1d-c291-4607-82f7-917098e338be"",""phase_epoch"":7}"
c6fc8261-375b-41bf-9c15-a1e6885184ef,densenet121,adadelta,base,8,8,train_execution_records,artifact,8,2026-10-02T19:35:53.714617+00:00,af09ed7d-b3d9-47c0-b6a6-e9d8bf7aaeb1,/Users/julio/Desktop/Archivo/Magister UAI/Capstone MIA 2025 2/Desarrollo/SW/capstone/malaria_dl_local_project/outputs/campaign_runs/c6fc8261-375b-41bf-9c15-a1e6885184ef/epoch_8.keras,29694475,20ba7c5b8a8af15589fd619664221102a201eec3e0b4f3a98cc31aa8bb6bfa33,False,,,,"{""path"":""/Users/julio/Desktop/Archivo/Magister UAI/Capstone MIA 2025 2/Desarrollo/SW/capstone/malaria_dl_local_project/outputs/campaign_runs/c6fc8261-375b-41bf-9c15-a1e6885184ef/epoch_8.keras"",""bytes"":29694475,""epoch"":8,""phase"":""base"",""run_id"":""c6fc8261-375b-41bf-9c15-a1e6885184ef"",""sha256"":""20ba7c5b8a8af15589fd619664221102a201eec3e0b4f3a98cc31aa8bb6bfa33"",""version_id"":""af09ed7d-b3d9-47c0-b6a6-e9d8bf7aaeb1"",""phase_epoch"":8}"
c6fc8261-375b-41bf-9c15-a1e6885184ef,densenet121,adadelta,base,9,9,train_execution_records,artifact,9,2026-10-02T19:39:11.940362+00:00,48107fc8-9af7-4651-b102-fd1b85676257,/Users/julio/Desktop/Archivo/Magister UAI/Capstone MIA 2025 2/Desarrollo/SW/capstone/malaria_dl_local_project/outputs/campaign_runs/c6fc8261-375b-41bf-9c15-a1e6885184ef/epoch_9.keras,29694475,1b0c7a3ffe2133f27410a614f12812876aa98811e7d646a8d8350d8a6af40def,False,,,,"{""path"":""/Users/julio/Desktop/Archivo/Magister UAI/Capstone MIA 2025 2/Desarrollo/SW/capstone/malaria_dl_local_project/outputs/campaign_runs/c6fc8261-375b-41bf-9c15-a1e6885184ef/epoch_9.keras"",""bytes"":29694475,""epoch"":9,""phase"":""base"",""run_id"":""c6fc8261-375b-41bf-9c15-a1e6885184ef"",""sha256"":""1b0c7a3ffe2133f27410a614f12812876aa98811e7d646a8d8350d8a6af40def"",""version_id"":""48107fc8-9af7-4651-b102-fd1b85676257"",""phase_epoch"":9}"
c6fc8261-375b-41bf-9c15-a1e6885184ef,densenet121,adadelta,base,10,10,train_execution_records,artifact,10,2026-10-02T19:42:32.994959+00:00,4d47c8da-63d0-49e6-b64f-f562d514cf24,/Users/julio/Desktop/Archivo/Magister UAI/Capstone MIA 2025 2/Desarrollo/SW/capstone/malaria_dl_local_project/outputs/campaign_runs/c6fc8261-375b-41bf-9c15-a1e6885184ef/epoch_10.keras,29694475,eb02e5389020e78694681197897d9c5f57f0f1f23fc549857fad75639d50ae89,False,,,,"{""path"":""/Users/julio/Desktop/Archivo/Magister UAI/Capstone MIA 2025 2/Desarrollo/SW/capstone/malaria_dl_local_project/outputs/campaign_runs/c6fc8261-375b-41bf-9c15-a1e6885184ef/epoch_10.keras"",""bytes"":29694475,""epoch"":10,""phase"":""base"",""run_id"":""c6fc8261-375b-41bf-9c15-a1e6885184ef"",""sha256"":""eb02e5389020e78694681197897d9c5f57f0f1f23fc549857fad75639d50ae89"",""version_id"":""4d47c8da-63d0-49e6-b64f-f562d514cf24"",""phase_epoch"":10}"
c6fc8261-375b-41bf-9c15-a1e6885184ef,densenet121,adadelta,base,11,11,train_execution_records,artifact,11,2026-10-02T19:46:01.459885+00:00,752efcf0-251e-460d-9307-62785eda08bb,/Users/julio/Desktop/Archivo/Magister UAI/Capstone MIA 2025 2/Desarrollo/SW/capstone/malaria_dl_local_project/outputs/campaign_runs/c6fc8261-375b-41bf-9c15-a1e6885184ef/epoch_11.keras,29694475,104b75559db69e20178dd29d2bbe8ae6ca04d1f8aa2689401e02d0b8da06b1ff,False,,,,"{""path"":""/Users/julio/Desktop/Archivo/Magister UAI/Capstone MIA 2025 2/Desarrollo/SW/capstone/malaria_dl_local_project/outputs/campaign_runs/c6fc8261-375b-41bf-9c15-a1e6885184ef/epoch_11.keras"",""bytes"":29694475,""epoch"":11,""phase"":""base"",""run_id"":""c6fc8261-375b-41bf-9c15-a1e6885184ef"",""sha256"":""104b75559db69e20178dd29d2bbe8ae6ca04d1f8aa2689401e02d0b8da06b1ff"",""version_id"":""752efcf0-251e-460d-9307-62785eda08bb"",""phase_epoch"":11}"
c6fc8261-375b-41bf-9c15-a1e6885184ef,densenet121,adadelta,base,12,12,train_execution_records,artifact,12,2026-10-02T19:49:18.446261+00:00,afbdbade-bcbf-42c6-b52b-606ab0ab6c63,/Users/julio/Desktop/Archivo/Magister UAI/Capstone MIA 2025 2/Desarrollo/SW/capstone/malaria_dl_local_project/outputs/campaign_runs/c6fc8261-375b-41bf-9c15-a1e6885184ef/epoch_12.keras,29694475,ef60dad57902e528498840c22f2f50dcc9fd46ff7ebf16cc1dad9c2b0e493f68,False,,,,"{""path"":""/Users/julio/Desktop/Archivo/Magister UAI/Capstone MIA 2025 2/Desarrollo/SW/capstone/malaria_dl_local_project/outputs/campaign_runs/c6fc8261-375b-41bf-9c15-a1e6885184ef/epoch_12.keras"",""bytes"":29694475,""epoch"":12,""phase"":""base"",""run_id"":""c6fc8261-375b-41bf-9c15-a1e6885184ef"",""sha256"":""ef60dad57902e528498840c22f2f50dcc9fd46ff7ebf16cc1dad9c2b0e493f68"",""version_id"":""afbdbade-bcbf-42c6-b52b-606ab0ab6c63"",""phase_epoch"":12}"
c6fc8261-375b-41bf-9c15-a1e6885184ef,densenet121,adadelta,base,13,13,train_execution_records,artifact,13,2026-10-02T19:52:35.146939+00:00,6a7a16a5-da57-4395-a52e-65bb09418941,/Users/julio/Desktop/Archivo/Magister UAI/Capstone MIA 2025 2/Desarrollo/SW/capstone/malaria_dl_local_project/outputs/campaign_runs/c6fc8261-375b-41bf-9c15-a1e6885184ef/epoch_13.keras,29694475,0745b4dac1c97aeccbc027930a268c0d0167ab54efd7b41bfbdd586eec03bec5,False,,,,"{""path"":""/Users/julio/Desktop/Archivo/Magister UAI/Capstone MIA 2025 2/Desarrollo/SW/capstone/malaria_dl_local_project/outputs/campaign_runs/c6fc8261-375b-41bf-9c15-a1e6885184ef/epoch_13.keras"",""bytes"":29694475,""epoch"":13,""phase"":""base"",""run_id"":""c6fc8261-375b-41bf-9c15-a1e6885184ef"",""sha256"":""0745b4dac1c97aeccbc027930a268c0d0167ab54efd7b41bfbdd586eec03bec5"",""version_id"":""6a7a16a5-da57-4395-a52e-65bb09418941"",""phase_epoch"":13}"
c6fc8261-375b-41bf-9c15-a1e6885184ef,densenet121,adadelta,base,14,14,train_execution_records,artifact,14,2026-10-02T19:55:55.747168+00:00,b2eec397-9655-406f-9060-1b33dae2fcc7,/Users/julio/Desktop/Archivo/Magister UAI/Capstone MIA 2025 2/Desarrollo/SW/capstone/malaria_dl_local_project/outputs/campaign_runs/c6fc8261-375b-41bf-9c15-a1e6885184ef/epoch_14.keras,29694475,ad7c0984d40c621be36027cbfb3fbc8a9db96a06631944777a6dfa436b3f6823,False,,,,"{""path"":""/Users/julio/Desktop/Archivo/Magister UAI/Capstone MIA 2025 2/Desarrollo/SW/capstone/malaria_dl_local_project/outputs/campaign_runs/c6fc8261-375b-41bf-9c15-a1e6885184ef/epoch_14.keras"",""bytes"":29694475,""epoch"":14,""phase"":""base"",""run_id"":""c6fc8261-375b-41bf-9c15-a1e6885184ef"",""sha256"":""ad7c0984d40c621be36027cbfb3fbc8a9db96a06631944777a6dfa436b3f6823"",""version_id"":""b2eec397-9655-406f-9060-1b33dae2fcc7"",""phase_epoch"":14}"
c6fc8261-375b-41bf-9c15-a1e6885184ef,densenet121,adadelta,base,15,15,train_execution_records,artifact,15,2026-10-02T19:59:12.473247+00:00,366d34cb-f5cb-464b-8828-122afc2d999a,/Users/julio/Desktop/Archivo/Magister UAI/Capstone MIA 2025 2/Desarrollo/SW/capstone/malaria_dl_local_project/outputs/campaign_runs/c6fc8261-375b-41bf-9c15-a1e6885184ef/epoch_15.keras,29694475,034191249c0333a56c72e54da362bf498a4ae46938fc84acfdae309134725ec2,False,,,,"{""path"":""/Users/julio/Desktop/Archivo/Magister UAI/Capstone MIA 2025 2/Desarrollo/SW/capstone/malaria_dl_local_project/outputs/campaign_runs/c6fc8261-375b-41bf-9c15-a1e6885184ef/epoch_15.keras"",""bytes"":29694475,""epoch"":15,""phase"":""base"",""run_id"":""c6fc8261-375b-41bf-9c15-a1e6885184ef"",""sha256"":""034191249c0333a56c72e54da362bf498a4ae46938fc84acfdae309134725ec2"",""version_id"":""366d34cb-f5cb-464b-8828-122afc2d999a"",""phase_epoch"":15}"
c6fc8261-375b-41bf-9c15-a1e6885184ef,densenet121,adadelta,base,16,16,train_execution_records,artifact,16,2026-10-02T20:02:26.061953+00:00,951f0e96-62c9-4250-b0f1-cb8952511387,/Users/julio/Desktop/Archivo/Magister UAI/Capstone MIA 2025 2/Desarrollo/SW/capstone/malaria_dl_local_project/outputs/campaign_runs/c6fc8261-375b-41bf-9c15-a1e6885184ef/epoch_16.keras,29694475,8d8d06629d1eb036d8540f0d6655af27e59bb2e63487da477af6833572d4b9bd,False,,,,"{""path"":""/Users/julio/Desktop/Archivo/Magister UAI/Capstone MIA 2025 2/Desarrollo/SW/capstone/malaria_dl_local_project/outputs/campaign_runs/c6fc8261-375b-41bf-9c15-a1e6885184ef/epoch_16.keras"",""bytes"":29694475,""epoch"":16,""phase"":""base"",""run_id"":""c6fc8261-375b-41bf-9c15-a1e6885184ef"",""sha256"":""8d8d06629d1eb036d8540f0d6655af27e59bb2e63487da477af6833572d4b9bd"",""version_id"":""951f0e96-62c9-4250-b0f1-cb8952511387"",""phase_epoch"":16}"
c6fc8261-375b-41bf-9c15-a1e6885184ef,densenet121,adadelta,base,17,17,train_execution_records,artifact,17,2026-10-02T20:05:43.063282+00:00,1568d237-cc05-425e-be83-867d15fd7621,/Users/julio/Desktop/Archivo/Magister UAI/Capstone MIA 2025 2/Desarrollo/SW/capstone/malaria_dl_local_project/outputs/campaign_runs/c6fc8261-375b-41bf-9c15-a1e6885184ef/epoch_17.keras,29694475,4031579f15ca8b3029674aef1e224939dc1136de42d4710f41bd5ae52911fbc4,False,,,,"{""path"":""/Users/julio/Desktop/Archivo/Magister UAI/Capstone MIA 2025 2/Desarrollo/SW/capstone/malaria_dl_local_project/outputs/campaign_runs/c6fc8261-375b-41bf-9c15-a1e6885184ef/epoch_17.keras"",""bytes"":29694475,""epoch"":17,""phase"":""base"",""run_id"":""c6fc8261-375b-41bf-9c15-a1e6885184ef"",""sha256"":""4031579f15ca8b3029674aef1e224939dc1136de42d4710f41bd5ae52911fbc4"",""version_id"":""1568d237-cc05-425e-be83-867d15fd7621"",""phase_epoch"":17}"
c6fc8261-375b-41bf-9c15-a1e6885184ef,densenet121,adadelta,base,18,18,train_execution_records,artifact,18,2026-10-02T20:08:54.762663+00:00,3a4728f4-ad4b-4102-9d9f-7ef24dcddf2c,/Users/julio/Desktop/Archivo/Magister UAI/Capstone MIA 2025 2/Desarrollo/SW/capstone/malaria_dl_local_project/outputs/campaign_runs/c6fc8261-375b-41bf-9c15-a1e6885184ef/epoch_18.keras,29694475,7947e8aab55947fcc697b58b298a03befc01207144fb864ffd1a57ffe8be672e,False,,,,"{""path"":""/Users/julio/Desktop/Archivo/Magister UAI/Capstone MIA 2025 2/Desarrollo/SW/capstone/malaria_dl_local_project/outputs/campaign_runs/c6fc8261-375b-41bf-9c15-a1e6885184ef/epoch_18.keras"",""bytes"":29694475,""epoch"":18,""phase"":""base"",""run_id"":""c6fc8261-375b-41bf-9c15-a1e6885184ef"",""sha256"":""7947e8aab55947fcc697b58b298a03befc01207144fb864ffd1a57ffe8be672e"",""version_id"":""3a4728f4-ad4b-4102-9d9f-7ef24dcddf2c"",""phase_epoch"":18}"
c6fc8261-375b-41bf-9c15-a1e6885184ef,densenet121,adadelta,base,19,19,train_execution_records,artifact,19,2026-10-02T20:12:02.745858+00:00,47b18baa-6d7e-4315-b6b6-f47ca06b54d5,/Users/julio/Desktop/Archivo/Magister UAI/Capstone MIA 2025 2/Desarrollo/SW/capstone/malaria_dl_local_project/outputs/campaign_runs/c6fc8261-375b-41bf-9c15-a1e6885184ef/epoch_19.keras,29694475,7bbd8acf79cbc6862260405ec24f6b3ba2f3191374016d90a55cbe6a48679924,False,,,,"{""path"":""/Users/julio/Desktop/Archivo/Magister UAI/Capstone MIA 2025 2/Desarrollo/SW/capstone/malaria_dl_local_project/outputs/campaign_runs/c6fc8261-375b-41bf-9c15-a1e6885184ef/epoch_19.keras"",""bytes"":29694475,""epoch"":19,""phase"":""base"",""run_id"":""c6fc8261-375b-41bf-9c15-a1e6885184ef"",""sha256"":""7bbd8acf79cbc6862260405ec24f6b3ba2f3191374016d90a55cbe6a48679924"",""version_id"":""47b18baa-6d7e-4315-b6b6-f47ca06b54d5"",""phase_epoch"":19}"
c6fc8261-375b-41bf-9c15-a1e6885184ef,densenet121,adadelta,base,20,20,train_execution_records,artifact,20,2026-10-02T20:15:10.508186+00:00,34a8cdf0-fbd7-49f0-b1bb-f9cae23e2bfb,/Users/julio/Desktop/Archivo/Magister UAI/Capstone MIA 2025 2/Desarrollo/SW/capstone/malaria_dl_local_project/outputs/campaign_runs/c6fc8261-375b-41bf-9c15-a1e6885184ef/epoch_20.keras,29694475,5c8590298f11c05011792812c744395fc9152222210eb35efff066e915b14afb,False,,,,"{""path"":""/Users/julio/Desktop/Archivo/Magister UAI/Capstone MIA 2025 2/Desarrollo/SW/capstone/malaria_dl_local_project/outputs/campaign_runs/c6fc8261-375b-41bf-9c15-a1e6885184ef/epoch_20.keras"",""bytes"":29694475,""epoch"":20,""phase"":""base"",""run_id"":""c6fc8261-375b-41bf-9c15-a1e6885184ef"",""sha256"":""5c8590298f11c05011792812c744395fc9152222210eb35efff066e915b14afb"",""version_id"":""34a8cdf0-fbd7-49f0-b1bb-f9cae23e2bfb"",""phase_epoch"":20}"
c6fc8261-375b-41bf-9c15-a1e6885184ef,densenet121,adadelta,base,21,21,train_execution_records,artifact,21,2026-10-02T20:18:18.025983+00:00,db32f38a-bc73-41df-b16e-594c1079b992,/Users/julio/Desktop/Archivo/Magister UAI/Capstone MIA 2025 2/Desarrollo/SW/capstone/malaria_dl_local_project/outputs/campaign_runs/c6fc8261-375b-41bf-9c15-a1e6885184ef/epoch_21.keras,29694475,c04cba54593f016d8ab42466d78742f09df2969a3efb9add90201999f52996b1,False,,,,"{""path"":""/Users/julio/Desktop/Archivo/Magister UAI/Capstone MIA 2025 2/Desarrollo/SW/capstone/malaria_dl_local_project/outputs/campaign_runs/c6fc8261-375b-41bf-9c15-a1e6885184ef/epoch_21.keras"",""bytes"":29694475,""epoch"":21,""phase"":""base"",""run_id"":""c6fc8261-375b-41bf-9c15-a1e6885184ef"",""sha256"":""c04cba54593f016d8ab42466d78742f09df2969a3efb9add90201999f52996b1"",""version_id"":""db32f38a-bc73-41df-b16e-594c1079b992"",""phase_epoch"":21}"
c6fc8261-375b-41bf-9c15-a1e6885184ef,densenet121,adadelta,fine_tuning,22,1,train_execution_records,artifact,1,2026-10-02T20:21:30.61982+00:00,097af643-876a-4d3d-ae26-8bb337646871,/Users/julio/Desktop/Archivo/Magister UAI/Capstone MIA 2025 2/Desarrollo/SW/capstone/malaria_dl_local_project/outputs/campaign_runs/c6fc8261-375b-41bf-9c15-a1e6885184ef/epoch_22.keras,30007905,8c1fb5d13e0af0cfd662212ad2b7f11ed694e94547242dd0b0ca72cf6a0dbf2d,False,,,,"{""path"":""/Users/julio/Desktop/Archivo/Magister UAI/Capstone MIA 2025 2/Desarrollo/SW/capstone/malaria_dl_local_project/outputs/campaign_runs/c6fc8261-375b-41bf-9c15-a1e6885184ef/epoch_22.keras"",""bytes"":30007905,""epoch"":22,""phase"":""fine_tuning"",""run_id"":""c6fc8261-375b-41bf-9c15-a1e6885184ef"",""sha256"":""8c1fb5d13e0af0cfd662212ad2b7f11ed694e94547242dd0b0ca72cf6a0dbf2d"",""version_id"":""097af643-876a-4d3d-ae26-8bb337646871"",""phase_epoch"":1}"
c6fc8261-375b-41bf-9c15-a1e6885184ef,densenet121,adadelta,fine_tuning,23,2,train_execution_records,artifact,2,2026-10-02T20:24:42.856858+00:00,530646f4-892c-4ce6-9144-754132b255b3,/Users/julio/Desktop/Archivo/Magister UAI/Capstone MIA 2025 2/Desarrollo/SW/capstone/malaria_dl_local_project/outputs/campaign_runs/c6fc8261-375b-41bf-9c15-a1e6885184ef/epoch_23.keras,30007905,7a2ce90354fc7250285141588a5345cd989d7f5a42ff770708546daa6191d4ce,False,,,,"{""path"":""/Users/julio/Desktop/Archivo/Magister UAI/Capstone MIA 2025 2/Desarrollo/SW/capstone/malaria_dl_local_project/outputs/campaign_runs/c6fc8261-375b-41bf-9c15-a1e6885184ef/epoch_23.keras"",""bytes"":30007905,""epoch"":23,""phase"":""fine_tuning"",""run_id"":""c6fc8261-375b-41bf-9c15-a1e6885184ef"",""sha256"":""7a2ce90354fc7250285141588a5345cd989d7f5a42ff770708546daa6191d4ce"",""version_id"":""530646f4-892c-4ce6-9144-754132b255b3"",""phase_epoch"":2}"
c6fc8261-375b-41bf-9c15-a1e6885184ef,densenet121,adadelta,fine_tuning,24,3,train_execution_records,artifact,3,2026-10-02T20:27:55.485832+00:00,eec1113c-d783-44ec-a045-b0942d73ded5,/Users/julio/Desktop/Archivo/Magister UAI/Capstone MIA 2025 2/Desarrollo/SW/capstone/malaria_dl_local_project/outputs/campaign_runs/c6fc8261-375b-41bf-9c15-a1e6885184ef/epoch_24.keras,30007905,e69b72758dd3ddf0472ca253e3d192145cc4a3502d5473ab44915c10852c0e13,False,,,,"{""path"":""/Users/julio/Desktop/Archivo/Magister UAI/Capstone MIA 2025 2/Desarrollo/SW/capstone/malaria_dl_local_project/outputs/campaign_runs/c6fc8261-375b-41bf-9c15-a1e6885184ef/epoch_24.keras"",""bytes"":30007905,""epoch"":24,""phase"":""fine_tuning"",""run_id"":""c6fc8261-375b-41bf-9c15-a1e6885184ef"",""sha256"":""e69b72758dd3ddf0472ca253e3d192145cc4a3502d5473ab44915c10852c0e13"",""version_id"":""eec1113c-d783-44ec-a045-b0942d73ded5"",""phase_epoch"":3}"
c6fc8261-375b-41bf-9c15-a1e6885184ef,densenet121,adadelta,fine_tuning,25,4,train_execution_records,artifact,4,2026-10-02T20:31:10.600825+00:00,4ffb1e27-06bb-464d-89c3-be813aabc3c2,/Users/julio/Desktop/Archivo/Magister UAI/Capstone MIA 2025 2/Desarrollo/SW/capstone/malaria_dl_local_project/outputs/campaign_runs/c6fc8261-375b-41bf-9c15-a1e6885184ef/epoch_25.keras,30007905,9514909b0b5fd8c4f16f161a7e0b97db079d25b402b7ed70d49bba3263f37026,False,,,,"{""path"":""/Users/julio/Desktop/Archivo/Magister UAI/Capstone MIA 2025 2/Desarrollo/SW/capstone/malaria_dl_local_project/outputs/campaign_runs/c6fc8261-375b-41bf-9c15-a1e6885184ef/epoch_25.keras"",""bytes"":30007905,""epoch"":25,""phase"":""fine_tuning"",""run_id"":""c6fc8261-375b-41bf-9c15-a1e6885184ef"",""sha256"":""9514909b0b5fd8c4f16f161a7e0b97db079d25b402b7ed70d49bba3263f37026"",""version_id"":""4ffb1e27-06bb-464d-89c3-be813aabc3c2"",""phase_epoch"":4}"
c6fc8261-375b-41bf-9c15-a1e6885184ef,densenet121,adadelta,fine_tuning,26,5,train_execution_records,artifact,5,2026-10-02T20:34:29.745848+00:00,cda91301-4205-4271-8e00-8bf6f25d9fb0,/Users/julio/Desktop/Archivo/Magister UAI/Capstone MIA 2025 2/Desarrollo/SW/capstone/malaria_dl_local_project/outputs/campaign_runs/c6fc8261-375b-41bf-9c15-a1e6885184ef/epoch_26.keras,30007905,5a8a806056b628cd210cee43d7c3a3a7bcc212a8b0cfd045d5cb1bd20faacafa,False,,,,"{""path"":""/Users/julio/Desktop/Archivo/Magister UAI/Capstone MIA 2025 2/Desarrollo/SW/capstone/malaria_dl_local_project/outputs/campaign_runs/c6fc8261-375b-41bf-9c15-a1e6885184ef/epoch_26.keras"",""bytes"":30007905,""epoch"":26,""phase"":""fine_tuning"",""run_id"":""c6fc8261-375b-41bf-9c15-a1e6885184ef"",""sha256"":""5a8a806056b628cd210cee43d7c3a3a7bcc212a8b0cfd045d5cb1bd20faacafa"",""version_id"":""cda91301-4205-4271-8e00-8bf6f25d9fb0"",""phase_epoch"":5}"
c6fc8261-375b-41bf-9c15-a1e6885184ef,densenet121,adadelta,fine_tuning,27,6,train_execution_records,artifact,6,2026-10-02T20:37:41.710791+00:00,747d012a-0354-40b7-88cd-8a6bfa78ea36,/Users/julio/Desktop/Archivo/Magister UAI/Capstone MIA 2025 2/Desarrollo/SW/capstone/malaria_dl_local_project/outputs/campaign_runs/c6fc8261-375b-41bf-9c15-a1e6885184ef/epoch_27.keras,30007905,052279d9e779c00615e2314b822a87261c3ac373548744aed3a6802ebcdf18b6,False,,,,"{""path"":""/Users/julio/Desktop/Archivo/Magister UAI/Capstone MIA 2025 2/Desarrollo/SW/capstone/malaria_dl_local_project/outputs/campaign_runs/c6fc8261-375b-41bf-9c15-a1e6885184ef/epoch_27.keras"",""bytes"":30007905,""epoch"":27,""phase"":""fine_tuning"",""run_id"":""c6fc8261-375b-41bf-9c15-a1e6885184ef"",""sha256"":""052279d9e779c00615e2314b822a87261c3ac373548744aed3a6802ebcdf18b6"",""version_id"":""747d012a-0354-40b7-88cd-8a6bfa78ea36"",""phase_epoch"":6}"
c6fc8261-375b-41bf-9c15-a1e6885184ef,densenet121,adadelta,fine_tuning,28,7,train_execution_records,artifact,7,2026-10-02T20:40:53.75848+00:00,248b5b73-e405-4776-ac9c-123ba6abfa51,/Users/julio/Desktop/Archivo/Magister UAI/Capstone MIA 2025 2/Desarrollo/SW/capstone/malaria_dl_local_project/outputs/campaign_runs/c6fc8261-375b-41bf-9c15-a1e6885184ef/epoch_28.keras,30007905,c8a7c6515f2f27524ebc9090c3490f75c9b6dbeae4978575e37ab1c601113bba,True,b8a76987-58ad-53d9-93e1-3eb2b2b5a69c,available,"{""id"":""b8a76987-58ad-53d9-93e1-3eb2b2b5a69c"",""run_id"":""c6fc8261-375b-41bf-9c15-a1e6885184ef"",""artifact_type"":""model_checkpoint"",""name"":""epoch_28.keras"",""path"":""/Users/julio/Desktop/Archivo/Magister UAI/Capstone MIA 2025 2/Desarrollo/SW/capstone/malaria_dl_local_project/outputs/campaign_runs/c6fc8261-375b-41bf-9c15-a1e6885184ef/epoch_28.keras"",""mime_type"":""application/octet-stream"",""file_size_bytes"":30007905,""checksum"":""c8a7c6515f2f27524ebc9090c3490f75c9b6dbeae4978575e37ab1c601113bba"",""created_at"":""2026-10-02T21:19:42.538819+00:00"",""metadata"":{""role"":""selected_checkpoint"",""epoch"":28,""phase"":""fine_tuning"",""source"":""e10_train"",""version_id"":""248b5b73-e405-4776-ac9c-123ba6abfa51""},""artifact_uri"":null,""artifact_status"":""available"",""archived_at"":null}","{""path"":""/Users/julio/Desktop/Archivo/Magister UAI/Capstone MIA 2025 2/Desarrollo/SW/capstone/malaria_dl_local_project/outputs/campaign_runs/c6fc8261-375b-41bf-9c15-a1e6885184ef/epoch_28.keras"",""bytes"":30007905,""epoch"":28,""phase"":""fine_tuning"",""run_id"":""c6fc8261-375b-41bf-9c15-a1e6885184ef"",""sha256"":""c8a7c6515f2f27524ebc9090c3490f75c9b6dbeae4978575e37ab1c601113bba"",""version_id"":""248b5b73-e405-4776-ac9c-123ba6abfa51"",""phase_epoch"":7}"
c6fc8261-375b-41bf-9c15-a1e6885184ef,densenet121,adadelta,fine_tuning,29,8,train_execution_records,artifact,8,2026-10-02T20:44:07.57673+00:00,c76d047b-f638-4d01-8353-a486acfab3d9,/Users/julio/Desktop/Archivo/Magister UAI/Capstone MIA 2025 2/Desarrollo/SW/capstone/malaria_dl_local_project/outputs/campaign_runs/c6fc8261-375b-41bf-9c15-a1e6885184ef/epoch_29.keras,30007905,fb4327750d075c40014252a75e48632b34aae268ef20a3af6428d13c420a9a8d,False,,,,"{""path"":""/Users/julio/Desktop/Archivo/Magister UAI/Capstone MIA 2025 2/Desarrollo/SW/capstone/malaria_dl_local_project/outputs/campaign_runs/c6fc8261-375b-41bf-9c15-a1e6885184ef/epoch_29.keras"",""bytes"":30007905,""epoch"":29,""phase"":""fine_tuning"",""run_id"":""c6fc8261-375b-41bf-9c15-a1e6885184ef"",""sha256"":""fb4327750d075c40014252a75e48632b34aae268ef20a3af6428d13c420a9a8d"",""version_id"":""c76d047b-f638-4d01-8353-a486acfab3d9"",""phase_epoch"":8}"
c6fc8261-375b-41bf-9c15-a1e6885184ef,densenet121,adadelta,fine_tuning,30,9,train_execution_records,artifact,9,2026-10-02T20:47:21.77485+00:00,49b99746-ffda-455d-9981-bd98d9bea884,/Users/julio/Desktop/Archivo/Magister UAI/Capstone MIA 2025 2/Desarrollo/SW/capstone/malaria_dl_local_project/outputs/campaign_runs/c6fc8261-375b-41bf-9c15-a1e6885184ef/epoch_30.keras,30007905,ebf2517f7e35ba2d1502ffd9d7a813084dd2a59f67f5c93e1518c8c9ef7e07b1,False,,,,"{""path"":""/Users/julio/Desktop/Archivo/Magister UAI/Capstone MIA 2025 2/Desarrollo/SW/capstone/malaria_dl_local_project/outputs/campaign_runs/c6fc8261-375b-41bf-9c15-a1e6885184ef/epoch_30.keras"",""bytes"":30007905,""epoch"":30,""phase"":""fine_tuning"",""run_id"":""c6fc8261-375b-41bf-9c15-a1e6885184ef"",""sha256"":""ebf2517f7e35ba2d1502ffd9d7a813084dd2a59f67f5c93e1518c8c9ef7e07b1"",""version_id"":""49b99746-ffda-455d-9981-bd98d9bea884"",""phase_epoch"":9}"
c6fc8261-375b-41bf-9c15-a1e6885184ef,densenet121,adadelta,fine_tuning,31,10,train_execution_records,artifact,10,2026-10-02T20:50:34.927547+00:00,8a6a9aa4-a5c0-4927-a06e-1ac725f8c322,/Users/julio/Desktop/Archivo/Magister UAI/Capstone MIA 2025 2/Desarrollo/SW/capstone/malaria_dl_local_project/outputs/campaign_runs/c6fc8261-375b-41bf-9c15-a1e6885184ef/epoch_31.keras,30007905,43b5a1a28c6eb0b0930fc0c351e7c7949f52b320fa180ddd915e624910643888,False,,,,"{""path"":""/Users/julio/Desktop/Archivo/Magister UAI/Capstone MIA 2025 2/Desarrollo/SW/capstone/malaria_dl_local_project/outputs/campaign_runs/c6fc8261-375b-41bf-9c15-a1e6885184ef/epoch_31.keras"",""bytes"":30007905,""epoch"":31,""phase"":""fine_tuning"",""run_id"":""c6fc8261-375b-41bf-9c15-a1e6885184ef"",""sha256"":""43b5a1a28c6eb0b0930fc0c351e7c7949f52b320fa180ddd915e624910643888"",""version_id"":""8a6a9aa4-a5c0-4927-a06e-1ac725f8c322"",""phase_epoch"":10}"
c6fc8261-375b-41bf-9c15-a1e6885184ef,densenet121,adadelta,fine_tuning,32,11,train_execution_records,artifact,11,2026-10-02T20:53:45.354361+00:00,1eb4923e-6faf-4af3-aeec-7194d077dc30,/Users/julio/Desktop/Archivo/Magister UAI/Capstone MIA 2025 2/Desarrollo/SW/capstone/malaria_dl_local_project/outputs/campaign_runs/c6fc8261-375b-41bf-9c15-a1e6885184ef/epoch_32.keras,30007905,f671c673fe1ac92df937dc0add9c186fc640f3cec8cee966bad92daf69ade7bd,False,,,,"{""path"":""/Users/julio/Desktop/Archivo/Magister UAI/Capstone MIA 2025 2/Desarrollo/SW/capstone/malaria_dl_local_project/outputs/campaign_runs/c6fc8261-375b-41bf-9c15-a1e6885184ef/epoch_32.keras"",""bytes"":30007905,""epoch"":32,""phase"":""fine_tuning"",""run_id"":""c6fc8261-375b-41bf-9c15-a1e6885184ef"",""sha256"":""f671c673fe1ac92df937dc0add9c186fc640f3cec8cee966bad92daf69ade7bd"",""version_id"":""1eb4923e-6faf-4af3-aeec-7194d077dc30"",""phase_epoch"":11}"
c6fc8261-375b-41bf-9c15-a1e6885184ef,densenet121,adadelta,fine_tuning,33,12,train_execution_records,artifact,12,2026-10-02T20:56:56.581015+00:00,6480cfea-bc80-48cd-9b96-fb994d3a03af,/Users/julio/Desktop/Archivo/Magister UAI/Capstone MIA 2025 2/Desarrollo/SW/capstone/malaria_dl_local_project/outputs/campaign_runs/c6fc8261-375b-41bf-9c15-a1e6885184ef/epoch_33.keras,30007905,ddc7b353b06ba75629b673b65ccc6a78352bf248e9f04cfa9f4f982c16ffce77,False,,,,"{""path"":""/Users/julio/Desktop/Archivo/Magister UAI/Capstone MIA 2025 2/Desarrollo/SW/capstone/malaria_dl_local_project/outputs/campaign_runs/c6fc8261-375b-41bf-9c15-a1e6885184ef/epoch_33.keras"",""bytes"":30007905,""epoch"":33,""phase"":""fine_tuning"",""run_id"":""c6fc8261-375b-41bf-9c15-a1e6885184ef"",""sha256"":""ddc7b353b06ba75629b673b65ccc6a78352bf248e9f04cfa9f4f982c16ffce77"",""version_id"":""6480cfea-bc80-48cd-9b96-fb994d3a03af"",""phase_epoch"":12}"
c6fc8261-375b-41bf-9c15-a1e6885184ef,densenet121,adadelta,fine_tuning,34,13,train_execution_records,artifact,13,2026-10-02T21:00:07.690991+00:00,8ac0f348-7d2d-4cb5-99a9-3fed2f753c54,/Users/julio/Desktop/Archivo/Magister UAI/Capstone MIA 2025 2/Desarrollo/SW/capstone/malaria_dl_local_project/outputs/campaign_runs/c6fc8261-375b-41bf-9c15-a1e6885184ef/epoch_34.keras,30007905,078bfca413ef40d5d1cf0c6e6615ff3f97dd3de718959c655ae394aa1ad4c94b,False,,,,"{""path"":""/Users/julio/Desktop/Archivo/Magister UAI/Capstone MIA 2025 2/Desarrollo/SW/capstone/malaria_dl_local_project/outputs/campaign_runs/c6fc8261-375b-41bf-9c15-a1e6885184ef/epoch_34.keras"",""bytes"":30007905,""epoch"":34,""phase"":""fine_tuning"",""run_id"":""c6fc8261-375b-41bf-9c15-a1e6885184ef"",""sha256"":""078bfca413ef40d5d1cf0c6e6615ff3f97dd3de718959c655ae394aa1ad4c94b"",""version_id"":""8ac0f348-7d2d-4cb5-99a9-3fed2f753c54"",""phase_epoch"":13}"
c6fc8261-375b-41bf-9c15-a1e6885184ef,densenet121,adadelta,fine_tuning,35,14,train_execution_records,artifact,14,2026-10-02T21:03:17.9962+00:00,bc48f8a8-ac35-4310-9ae0-421b07e189b0,/Users/julio/Desktop/Archivo/Magister UAI/Capstone MIA 2025 2/Desarrollo/SW/capstone/malaria_dl_local_project/outputs/campaign_runs/c6fc8261-375b-41bf-9c15-a1e6885184ef/epoch_35.keras,30007905,ca79d82cf8c490273d7167f99d71a27842df7b2a51e95af60ee7aaf0ed2104ed,False,,,,"{""path"":""/Users/julio/Desktop/Archivo/Magister UAI/Capstone MIA 2025 2/Desarrollo/SW/capstone/malaria_dl_local_project/outputs/campaign_runs/c6fc8261-375b-41bf-9c15-a1e6885184ef/epoch_35.keras"",""bytes"":30007905,""epoch"":35,""phase"":""fine_tuning"",""run_id"":""c6fc8261-375b-41bf-9c15-a1e6885184ef"",""sha256"":""ca79d82cf8c490273d7167f99d71a27842df7b2a51e95af60ee7aaf0ed2104ed"",""version_id"":""bc48f8a8-ac35-4310-9ae0-421b07e189b0"",""phase_epoch"":14}"
c6fc8261-375b-41bf-9c15-a1e6885184ef,densenet121,adadelta,fine_tuning,36,15,train_execution_records,artifact,15,2026-10-02T21:06:30.081033+00:00,3232dad0-9429-48ea-ab5a-da9c9574fd5c,/Users/julio/Desktop/Archivo/Magister UAI/Capstone MIA 2025 2/Desarrollo/SW/capstone/malaria_dl_local_project/outputs/campaign_runs/c6fc8261-375b-41bf-9c15-a1e6885184ef/epoch_36.keras,30007905,4b4ee37494f1a9c7ef3076a965c459b25b4e9b8e3f9154340df39d0a13ccaf5e,False,,,,"{""path"":""/Users/julio/Desktop/Archivo/Magister UAI/Capstone MIA 2025 2/Desarrollo/SW/capstone/malaria_dl_local_project/outputs/campaign_runs/c6fc8261-375b-41bf-9c15-a1e6885184ef/epoch_36.keras"",""bytes"":30007905,""epoch"":36,""phase"":""fine_tuning"",""run_id"":""c6fc8261-375b-41bf-9c15-a1e6885184ef"",""sha256"":""4b4ee37494f1a9c7ef3076a965c459b25b4e9b8e3f9154340df39d0a13ccaf5e"",""version_id"":""3232dad0-9429-48ea-ab5a-da9c9574fd5c"",""phase_epoch"":15}"
c6fc8261-375b-41bf-9c15-a1e6885184ef,densenet121,adadelta,fine_tuning,37,16,train_execution_records,artifact,16,2026-10-02T21:09:43.244049+00:00,6fe77a11-d22c-4700-810c-89f11fc2481b,/Users/julio/Desktop/Archivo/Magister UAI/Capstone MIA 2025 2/Desarrollo/SW/capstone/malaria_dl_local_project/outputs/campaign_runs/c6fc8261-375b-41bf-9c15-a1e6885184ef/epoch_37.keras,30007905,2397ca1f8f64c6f98057975e4c5168c455734399099b5ee5136c83cdf3d32b4a,False,,,,"{""path"":""/Users/julio/Desktop/Archivo/Magister UAI/Capstone MIA 2025 2/Desarrollo/SW/capstone/malaria_dl_local_project/outputs/campaign_runs/c6fc8261-375b-41bf-9c15-a1e6885184ef/epoch_37.keras"",""bytes"":30007905,""epoch"":37,""phase"":""fine_tuning"",""run_id"":""c6fc8261-375b-41bf-9c15-a1e6885184ef"",""sha256"":""2397ca1f8f64c6f98057975e4c5168c455734399099b5ee5136c83cdf3d32b4a"",""version_id"":""6fe77a11-d22c-4700-810c-89f11fc2481b"",""phase_epoch"":16}"
c6fc8261-375b-41bf-9c15-a1e6885184ef,densenet121,adadelta,fine_tuning,38,17,train_execution_records,artifact,17,2026-10-02T21:12:56.54953+00:00,e66fef93-9ddd-4214-a7ca-649d6a1b8753,/Users/julio/Desktop/Archivo/Magister UAI/Capstone MIA 2025 2/Desarrollo/SW/capstone/malaria_dl_local_project/outputs/campaign_runs/c6fc8261-375b-41bf-9c15-a1e6885184ef/epoch_38.keras,30007905,59af86731013908ebcc8b802cd390f7b15ac8c775f5121453e2bf13e8d87b25b,False,,,,"{""path"":""/Users/julio/Desktop/Archivo/Magister UAI/Capstone MIA 2025 2/Desarrollo/SW/capstone/malaria_dl_local_project/outputs/campaign_runs/c6fc8261-375b-41bf-9c15-a1e6885184ef/epoch_38.keras"",""bytes"":30007905,""epoch"":38,""phase"":""fine_tuning"",""run_id"":""c6fc8261-375b-41bf-9c15-a1e6885184ef"",""sha256"":""59af86731013908ebcc8b802cd390f7b15ac8c775f5121453e2bf13e8d87b25b"",""version_id"":""e66fef93-9ddd-4214-a7ca-649d6a1b8753"",""phase_epoch"":17}"
c6fc8261-375b-41bf-9c15-a1e6885184ef,densenet121,adadelta,fine_tuning,39,18,train_execution_records,artifact,18,2026-10-02T21:16:11.274964+00:00,b1b87c36-3264-41cf-b09e-d6bf2733ad84,/Users/julio/Desktop/Archivo/Magister UAI/Capstone MIA 2025 2/Desarrollo/SW/capstone/malaria_dl_local_project/outputs/campaign_runs/c6fc8261-375b-41bf-9c15-a1e6885184ef/epoch_39.keras,30007905,e4badf659b8048aa86d703cd8b3347a7a3d8ebbbc920d15af0f039bb70b7b984,False,,,,"{""path"":""/Users/julio/Desktop/Archivo/Magister UAI/Capstone MIA 2025 2/Desarrollo/SW/capstone/malaria_dl_local_project/outputs/campaign_runs/c6fc8261-375b-41bf-9c15-a1e6885184ef/epoch_39.keras"",""bytes"":30007905,""epoch"":39,""phase"":""fine_tuning"",""run_id"":""c6fc8261-375b-41bf-9c15-a1e6885184ef"",""sha256"":""e4badf659b8048aa86d703cd8b3347a7a3d8ebbbc920d15af0f039bb70b7b984"",""version_id"":""b1b87c36-3264-41cf-b09e-d6bf2733ad84"",""phase_epoch"":18}"
c6fc8261-375b-41bf-9c15-a1e6885184ef,densenet121,adadelta,fine_tuning,40,19,train_execution_records,artifact,19,2026-10-02T21:19:24.245841+00:00,9f4fc2e1-b15b-4a5b-96a6-4af2304432bc,/Users/julio/Desktop/Archivo/Magister UAI/Capstone MIA 2025 2/Desarrollo/SW/capstone/malaria_dl_local_project/outputs/campaign_runs/c6fc8261-375b-41bf-9c15-a1e6885184ef/epoch_40.keras,30007906,2725d8135527db048f40d183530d5b8ee6d461161acf541c603d1e073be35e00,False,,,,"{""path"":""/Users/julio/Desktop/Archivo/Magister UAI/Capstone MIA 2025 2/Desarrollo/SW/capstone/malaria_dl_local_project/outputs/campaign_runs/c6fc8261-375b-41bf-9c15-a1e6885184ef/epoch_40.keras"",""bytes"":30007906,""epoch"":40,""phase"":""fine_tuning"",""run_id"":""c6fc8261-375b-41bf-9c15-a1e6885184ef"",""sha256"":""2725d8135527db048f40d183530d5b8ee6d461161acf541c603d1e073be35e00"",""version_id"":""9f4fc2e1-b15b-4a5b-96a6-4af2304432bc"",""phase_epoch"":19}"
c96bb5c1-1edb-4ef3-9854-fd715c4025f4,custom_cnn,adamw,base,1,1,train_execution_records,artifact,1,2026-10-02T16:55:25.956061+00:00,03e6985e-addf-49ba-9547-93b7bc00d1a1,/Users/julio/Desktop/Archivo/Magister UAI/Capstone MIA 2025 2/Desarrollo/SW/capstone/malaria_dl_local_project/outputs/campaign_runs/c96bb5c1-1edb-4ef3-9854-fd715c4025f4/epoch_1.keras,5150168,34e5ae946cdac36279f78701fe72f027642f234b0993e766e759d809749f0f19,False,,,,"{""path"":""/Users/julio/Desktop/Archivo/Magister UAI/Capstone MIA 2025 2/Desarrollo/SW/capstone/malaria_dl_local_project/outputs/campaign_runs/c96bb5c1-1edb-4ef3-9854-fd715c4025f4/epoch_1.keras"",""bytes"":5150168,""epoch"":1,""phase"":""base"",""run_id"":""c96bb5c1-1edb-4ef3-9854-fd715c4025f4"",""sha256"":""34e5ae946cdac36279f78701fe72f027642f234b0993e766e759d809749f0f19"",""version_id"":""03e6985e-addf-49ba-9547-93b7bc00d1a1"",""phase_epoch"":1}"
c96bb5c1-1edb-4ef3-9854-fd715c4025f4,custom_cnn,adamw,base,2,2,train_execution_records,artifact,2,2026-10-02T16:58:39.698615+00:00,c35074ae-5313-46c3-ad03-2f700794dd8e,/Users/julio/Desktop/Archivo/Magister UAI/Capstone MIA 2025 2/Desarrollo/SW/capstone/malaria_dl_local_project/outputs/campaign_runs/c96bb5c1-1edb-4ef3-9854-fd715c4025f4/epoch_2.keras,5150168,c91784bf15f9e7df648eca5ad98bd8acf24563c0628ed7ef427b9bb963ed0339,True,8116bf72-dd6a-5b33-90ce-f0cef4e81549,available,"{""id"":""8116bf72-dd6a-5b33-90ce-f0cef4e81549"",""run_id"":""c96bb5c1-1edb-4ef3-9854-fd715c4025f4"",""artifact_type"":""model_checkpoint"",""name"":""epoch_2.keras"",""path"":""/Users/julio/Desktop/Archivo/Magister UAI/Capstone MIA 2025 2/Desarrollo/SW/capstone/malaria_dl_local_project/outputs/campaign_runs/c96bb5c1-1edb-4ef3-9854-fd715c4025f4/epoch_2.keras"",""mime_type"":""application/octet-stream"",""file_size_bytes"":5150168,""checksum"":""c91784bf15f9e7df648eca5ad98bd8acf24563c0628ed7ef427b9bb963ed0339"",""created_at"":""2026-10-02T17:36:04.448377+00:00"",""metadata"":{""role"":""selected_checkpoint"",""epoch"":2,""phase"":""base"",""source"":""e10_train"",""version_id"":""c35074ae-5313-46c3-ad03-2f700794dd8e""},""artifact_uri"":null,""artifact_status"":""available"",""archived_at"":null}","{""path"":""/Users/julio/Desktop/Archivo/Magister UAI/Capstone MIA 2025 2/Desarrollo/SW/capstone/malaria_dl_local_project/outputs/campaign_runs/c96bb5c1-1edb-4ef3-9854-fd715c4025f4/epoch_2.keras"",""bytes"":5150168,""epoch"":2,""phase"":""base"",""run_id"":""c96bb5c1-1edb-4ef3-9854-fd715c4025f4"",""sha256"":""c91784bf15f9e7df648eca5ad98bd8acf24563c0628ed7ef427b9bb963ed0339"",""version_id"":""c35074ae-5313-46c3-ad03-2f700794dd8e"",""phase_epoch"":2}"
c96bb5c1-1edb-4ef3-9854-fd715c4025f4,custom_cnn,adamw,base,3,3,train_execution_records,artifact,3,2026-10-02T17:01:47.474956+00:00,df9985ff-b69b-494a-9337-d4de87eed1d2,/Users/julio/Desktop/Archivo/Magister UAI/Capstone MIA 2025 2/Desarrollo/SW/capstone/malaria_dl_local_project/outputs/campaign_runs/c96bb5c1-1edb-4ef3-9854-fd715c4025f4/epoch_3.keras,5150168,ca61969e3fae3cbb309c6e6b54790c32683ec2d2c3e951b35e0200146bb5cf95,False,,,,"{""path"":""/Users/julio/Desktop/Archivo/Magister UAI/Capstone MIA 2025 2/Desarrollo/SW/capstone/malaria_dl_local_project/outputs/campaign_runs/c96bb5c1-1edb-4ef3-9854-fd715c4025f4/epoch_3.keras"",""bytes"":5150168,""epoch"":3,""phase"":""base"",""run_id"":""c96bb5c1-1edb-4ef3-9854-fd715c4025f4"",""sha256"":""ca61969e3fae3cbb309c6e6b54790c32683ec2d2c3e951b35e0200146bb5cf95"",""version_id"":""df9985ff-b69b-494a-9337-d4de87eed1d2"",""phase_epoch"":3}"
c96bb5c1-1edb-4ef3-9854-fd715c4025f4,custom_cnn,adamw,base,4,4,train_execution_records,artifact,4,2026-10-02T17:04:58.095719+00:00,a0a3f99b-cbd0-4787-8481-dc609592af16,/Users/julio/Desktop/Archivo/Magister UAI/Capstone MIA 2025 2/Desarrollo/SW/capstone/malaria_dl_local_project/outputs/campaign_runs/c96bb5c1-1edb-4ef3-9854-fd715c4025f4/epoch_4.keras,5150168,4bcbd172e36e4adaaec260153860ca2b63c12851427a6411323f5633d5456517,False,,,,"{""path"":""/Users/julio/Desktop/Archivo/Magister UAI/Capstone MIA 2025 2/Desarrollo/SW/capstone/malaria_dl_local_project/outputs/campaign_runs/c96bb5c1-1edb-4ef3-9854-fd715c4025f4/epoch_4.keras"",""bytes"":5150168,""epoch"":4,""phase"":""base"",""run_id"":""c96bb5c1-1edb-4ef3-9854-fd715c4025f4"",""sha256"":""4bcbd172e36e4adaaec260153860ca2b63c12851427a6411323f5633d5456517"",""version_id"":""a0a3f99b-cbd0-4787-8481-dc609592af16"",""phase_epoch"":4}"
c96bb5c1-1edb-4ef3-9854-fd715c4025f4,custom_cnn,adamw,base,5,5,train_execution_records,artifact,5,2026-10-02T17:08:14.346447+00:00,a5475082-3e5d-4e78-a976-ad67a4c9408d,/Users/julio/Desktop/Archivo/Magister UAI/Capstone MIA 2025 2/Desarrollo/SW/capstone/malaria_dl_local_project/outputs/campaign_runs/c96bb5c1-1edb-4ef3-9854-fd715c4025f4/epoch_5.keras,5150168,f647d7683783a205429222c0268c19e84429e54ff0019d3e870d0b9759bfb578,False,,,,"{""path"":""/Users/julio/Desktop/Archivo/Magister UAI/Capstone MIA 2025 2/Desarrollo/SW/capstone/malaria_dl_local_project/outputs/campaign_runs/c96bb5c1-1edb-4ef3-9854-fd715c4025f4/epoch_5.keras"",""bytes"":5150168,""epoch"":5,""phase"":""base"",""run_id"":""c96bb5c1-1edb-4ef3-9854-fd715c4025f4"",""sha256"":""f647d7683783a205429222c0268c19e84429e54ff0019d3e870d0b9759bfb578"",""version_id"":""a5475082-3e5d-4e78-a976-ad67a4c9408d"",""phase_epoch"":5}"
c96bb5c1-1edb-4ef3-9854-fd715c4025f4,custom_cnn,adamw,base,6,6,train_execution_records,artifact,6,2026-10-02T17:11:23.597456+00:00,a4fc29ae-2e89-4d1a-bd20-5c2d8b2329eb,/Users/julio/Desktop/Archivo/Magister UAI/Capstone MIA 2025 2/Desarrollo/SW/capstone/malaria_dl_local_project/outputs/campaign_runs/c96bb5c1-1edb-4ef3-9854-fd715c4025f4/epoch_6.keras,5150168,50d1715073689f8778b99e1315d65b77c403f9e9f22d8588607e1bdedb06edb4,False,,,,"{""path"":""/Users/julio/Desktop/Archivo/Magister UAI/Capstone MIA 2025 2/Desarrollo/SW/capstone/malaria_dl_local_project/outputs/campaign_runs/c96bb5c1-1edb-4ef3-9854-fd715c4025f4/epoch_6.keras"",""bytes"":5150168,""epoch"":6,""phase"":""base"",""run_id"":""c96bb5c1-1edb-4ef3-9854-fd715c4025f4"",""sha256"":""50d1715073689f8778b99e1315d65b77c403f9e9f22d8588607e1bdedb06edb4"",""version_id"":""a4fc29ae-2e89-4d1a-bd20-5c2d8b2329eb"",""phase_epoch"":6}"
c96bb5c1-1edb-4ef3-9854-fd715c4025f4,custom_cnn,adamw,base,7,7,train_execution_records,artifact,7,2026-10-02T17:14:28.801248+00:00,ae0cbb54-b044-446a-b8cb-7aa88795de87,/Users/julio/Desktop/Archivo/Magister UAI/Capstone MIA 2025 2/Desarrollo/SW/capstone/malaria_dl_local_project/outputs/campaign_runs/c96bb5c1-1edb-4ef3-9854-fd715c4025f4/epoch_7.keras,5150168,9df82a72b2caad78a092f71d4930c4040362a243772ff71fa159e1ffb5422f7b,False,,,,"{""path"":""/Users/julio/Desktop/Archivo/Magister UAI/Capstone MIA 2025 2/Desarrollo/SW/capstone/malaria_dl_local_project/outputs/campaign_runs/c96bb5c1-1edb-4ef3-9854-fd715c4025f4/epoch_7.keras"",""bytes"":5150168,""epoch"":7,""phase"":""base"",""run_id"":""c96bb5c1-1edb-4ef3-9854-fd715c4025f4"",""sha256"":""9df82a72b2caad78a092f71d4930c4040362a243772ff71fa159e1ffb5422f7b"",""version_id"":""ae0cbb54-b044-446a-b8cb-7aa88795de87"",""phase_epoch"":7}"
c96bb5c1-1edb-4ef3-9854-fd715c4025f4,custom_cnn,adamw,base,8,8,train_execution_records,artifact,8,2026-10-02T17:17:30.438531+00:00,c17a262d-5f7d-4177-9d3b-dbd47a4b0af0,/Users/julio/Desktop/Archivo/Magister UAI/Capstone MIA 2025 2/Desarrollo/SW/capstone/malaria_dl_local_project/outputs/campaign_runs/c96bb5c1-1edb-4ef3-9854-fd715c4025f4/epoch_8.keras,5150168,169e7e1685d7c6e0d7cbc9fdf6ed940f8049af2abaed290b17c75fbb751fe3f9,False,,,,"{""path"":""/Users/julio/Desktop/Archivo/Magister UAI/Capstone MIA 2025 2/Desarrollo/SW/capstone/malaria_dl_local_project/outputs/campaign_runs/c96bb5c1-1edb-4ef3-9854-fd715c4025f4/epoch_8.keras"",""bytes"":5150168,""epoch"":8,""phase"":""base"",""run_id"":""c96bb5c1-1edb-4ef3-9854-fd715c4025f4"",""sha256"":""169e7e1685d7c6e0d7cbc9fdf6ed940f8049af2abaed290b17c75fbb751fe3f9"",""version_id"":""c17a262d-5f7d-4177-9d3b-dbd47a4b0af0"",""phase_epoch"":8}"
c96bb5c1-1edb-4ef3-9854-fd715c4025f4,custom_cnn,adamw,base,9,9,train_execution_records,artifact,9,2026-10-02T17:20:35.62874+00:00,41eed0cf-c98f-4119-9df9-4e5c5b0d24a8,/Users/julio/Desktop/Archivo/Magister UAI/Capstone MIA 2025 2/Desarrollo/SW/capstone/malaria_dl_local_project/outputs/campaign_runs/c96bb5c1-1edb-4ef3-9854-fd715c4025f4/epoch_9.keras,5150168,56e8ebab109af3c0a8f42ba82879c0b2fcfb2baf0fffca4c71bf6eca43aa4742,False,,,,"{""path"":""/Users/julio/Desktop/Archivo/Magister UAI/Capstone MIA 2025 2/Desarrollo/SW/capstone/malaria_dl_local_project/outputs/campaign_runs/c96bb5c1-1edb-4ef3-9854-fd715c4025f4/epoch_9.keras"",""bytes"":5150168,""epoch"":9,""phase"":""base"",""run_id"":""c96bb5c1-1edb-4ef3-9854-fd715c4025f4"",""sha256"":""56e8ebab109af3c0a8f42ba82879c0b2fcfb2baf0fffca4c71bf6eca43aa4742"",""version_id"":""41eed0cf-c98f-4119-9df9-4e5c5b0d24a8"",""phase_epoch"":9}"
c96bb5c1-1edb-4ef3-9854-fd715c4025f4,custom_cnn,adamw,base,10,10,train_execution_records,artifact,10,2026-10-02T17:23:40.279693+00:00,63337b35-ebe6-43d5-8e1d-3339bb244e7a,/Users/julio/Desktop/Archivo/Magister UAI/Capstone MIA 2025 2/Desarrollo/SW/capstone/malaria_dl_local_project/outputs/campaign_runs/c96bb5c1-1edb-4ef3-9854-fd715c4025f4/epoch_10.keras,5150168,fa5b51f409ff8bb150df2c6072a9ba0a82068d88a6cb5b15f0b43386ef173109,False,,,,"{""path"":""/Users/julio/Desktop/Archivo/Magister UAI/Capstone MIA 2025 2/Desarrollo/SW/capstone/malaria_dl_local_project/outputs/campaign_runs/c96bb5c1-1edb-4ef3-9854-fd715c4025f4/epoch_10.keras"",""bytes"":5150168,""epoch"":10,""phase"":""base"",""run_id"":""c96bb5c1-1edb-4ef3-9854-fd715c4025f4"",""sha256"":""fa5b51f409ff8bb150df2c6072a9ba0a82068d88a6cb5b15f0b43386ef173109"",""version_id"":""63337b35-ebe6-43d5-8e1d-3339bb244e7a"",""phase_epoch"":10}"
c96bb5c1-1edb-4ef3-9854-fd715c4025f4,custom_cnn,adamw,base,11,11,train_execution_records,artifact,11,2026-10-02T17:26:45.692115+00:00,646dbab5-4a52-4437-9569-b6edb56f6192,/Users/julio/Desktop/Archivo/Magister UAI/Capstone MIA 2025 2/Desarrollo/SW/capstone/malaria_dl_local_project/outputs/campaign_runs/c96bb5c1-1edb-4ef3-9854-fd715c4025f4/epoch_11.keras,5150168,9ff36f31e3a5a913e684d294a6534ab0700b2a377f53a2ced7afda83e404557b,False,,,,"{""path"":""/Users/julio/Desktop/Archivo/Magister UAI/Capstone MIA 2025 2/Desarrollo/SW/capstone/malaria_dl_local_project/outputs/campaign_runs/c96bb5c1-1edb-4ef3-9854-fd715c4025f4/epoch_11.keras"",""bytes"":5150168,""epoch"":11,""phase"":""base"",""run_id"":""c96bb5c1-1edb-4ef3-9854-fd715c4025f4"",""sha256"":""9ff36f31e3a5a913e684d294a6534ab0700b2a377f53a2ced7afda83e404557b"",""version_id"":""646dbab5-4a52-4437-9569-b6edb56f6192"",""phase_epoch"":11}"
c96bb5c1-1edb-4ef3-9854-fd715c4025f4,custom_cnn,adamw,base,12,12,train_execution_records,artifact,12,2026-10-02T17:29:50.34368+00:00,c514bc5e-c770-48f9-b549-26441d040f99,/Users/julio/Desktop/Archivo/Magister UAI/Capstone MIA 2025 2/Desarrollo/SW/capstone/malaria_dl_local_project/outputs/campaign_runs/c96bb5c1-1edb-4ef3-9854-fd715c4025f4/epoch_12.keras,5150168,801705c5fce78a68446d1255e055f20ae6b2b9494e5e5a9209a19db82b59b5fc,False,,,,"{""path"":""/Users/julio/Desktop/Archivo/Magister UAI/Capstone MIA 2025 2/Desarrollo/SW/capstone/malaria_dl_local_project/outputs/campaign_runs/c96bb5c1-1edb-4ef3-9854-fd715c4025f4/epoch_12.keras"",""bytes"":5150168,""epoch"":12,""phase"":""base"",""run_id"":""c96bb5c1-1edb-4ef3-9854-fd715c4025f4"",""sha256"":""801705c5fce78a68446d1255e055f20ae6b2b9494e5e5a9209a19db82b59b5fc"",""version_id"":""c514bc5e-c770-48f9-b549-26441d040f99"",""phase_epoch"":12}"
c96bb5c1-1edb-4ef3-9854-fd715c4025f4,custom_cnn,adamw,base,13,13,train_execution_records,artifact,13,2026-10-02T17:32:55.053448+00:00,f904e617-a185-441b-89c2-55ba43230e18,/Users/julio/Desktop/Archivo/Magister UAI/Capstone MIA 2025 2/Desarrollo/SW/capstone/malaria_dl_local_project/outputs/campaign_runs/c96bb5c1-1edb-4ef3-9854-fd715c4025f4/epoch_13.keras,5150168,ee422c6a3efc37ffff75c8d9445cddc2e4a4869980c46bcf38856c641e4ceb67,False,,,,"{""path"":""/Users/julio/Desktop/Archivo/Magister UAI/Capstone MIA 2025 2/Desarrollo/SW/capstone/malaria_dl_local_project/outputs/campaign_runs/c96bb5c1-1edb-4ef3-9854-fd715c4025f4/epoch_13.keras"",""bytes"":5150168,""epoch"":13,""phase"":""base"",""run_id"":""c96bb5c1-1edb-4ef3-9854-fd715c4025f4"",""sha256"":""ee422c6a3efc37ffff75c8d9445cddc2e4a4869980c46bcf38856c641e4ceb67"",""version_id"":""f904e617-a185-441b-89c2-55ba43230e18"",""phase_epoch"":13}"
c96bb5c1-1edb-4ef3-9854-fd715c4025f4,custom_cnn,adamw,base,14,14,train_execution_records,artifact,14,2026-10-02T17:35:59.217059+00:00,653faa86-c1c7-4996-b43b-8bb5e8a2df50,/Users/julio/Desktop/Archivo/Magister UAI/Capstone MIA 2025 2/Desarrollo/SW/capstone/malaria_dl_local_project/outputs/campaign_runs/c96bb5c1-1edb-4ef3-9854-fd715c4025f4/epoch_14.keras,5150168,a2be00a84666d1d1717b87638df3cda1f2f5189963d872406200a4ee0486b518,False,,,,"{""path"":""/Users/julio/Desktop/Archivo/Magister UAI/Capstone MIA 2025 2/Desarrollo/SW/capstone/malaria_dl_local_project/outputs/campaign_runs/c96bb5c1-1edb-4ef3-9854-fd715c4025f4/epoch_14.keras"",""bytes"":5150168,""epoch"":14,""phase"":""base"",""run_id"":""c96bb5c1-1edb-4ef3-9854-fd715c4025f4"",""sha256"":""a2be00a84666d1d1717b87638df3cda1f2f5189963d872406200a4ee0486b518"",""version_id"":""653faa86-c1c7-4996-b43b-8bb5e8a2df50"",""phase_epoch"":14}"
cc925f74-3535-40e0-9060-23a06cea8024,custom_cnn,sgd,base,1,1,train_execution_records,artifact,1,2026-10-02T17:39:26.111101+00:00,b37284b6-3fe7-4b86-850f-680d2e2918b9,/Users/julio/Desktop/Archivo/Magister UAI/Capstone MIA 2025 2/Desarrollo/SW/capstone/malaria_dl_local_project/outputs/campaign_runs/cc925f74-3535-40e0-9060-23a06cea8024/epoch_1.keras,3456430,8b6b0dc445fb73cfae4cf31e6b8d89086cf1820b5074661a5b83282a3eeb0ec3,False,,,,"{""path"":""/Users/julio/Desktop/Archivo/Magister UAI/Capstone MIA 2025 2/Desarrollo/SW/capstone/malaria_dl_local_project/outputs/campaign_runs/cc925f74-3535-40e0-9060-23a06cea8024/epoch_1.keras"",""bytes"":3456430,""epoch"":1,""phase"":""base"",""run_id"":""cc925f74-3535-40e0-9060-23a06cea8024"",""sha256"":""8b6b0dc445fb73cfae4cf31e6b8d89086cf1820b5074661a5b83282a3eeb0ec3"",""version_id"":""b37284b6-3fe7-4b86-850f-680d2e2918b9"",""phase_epoch"":1}"
cc925f74-3535-40e0-9060-23a06cea8024,custom_cnn,sgd,base,2,2,train_execution_records,artifact,2,2026-10-02T17:42:29.485124+00:00,7464a317-1cbd-44ad-836e-6026a6777631,/Users/julio/Desktop/Archivo/Magister UAI/Capstone MIA 2025 2/Desarrollo/SW/capstone/malaria_dl_local_project/outputs/campaign_runs/cc925f74-3535-40e0-9060-23a06cea8024/epoch_2.keras,3456430,d9123a2a3047e27b9a97cae442c3d580db792a0dbf824938458f65a85cf1e21f,False,,,,"{""path"":""/Users/julio/Desktop/Archivo/Magister UAI/Capstone MIA 2025 2/Desarrollo/SW/capstone/malaria_dl_local_project/outputs/campaign_runs/cc925f74-3535-40e0-9060-23a06cea8024/epoch_2.keras"",""bytes"":3456430,""epoch"":2,""phase"":""base"",""run_id"":""cc925f74-3535-40e0-9060-23a06cea8024"",""sha256"":""d9123a2a3047e27b9a97cae442c3d580db792a0dbf824938458f65a85cf1e21f"",""version_id"":""7464a317-1cbd-44ad-836e-6026a6777631"",""phase_epoch"":2}"
cc925f74-3535-40e0-9060-23a06cea8024,custom_cnn,sgd,base,3,3,train_execution_records,artifact,3,2026-10-02T17:45:35.897441+00:00,92c1de4d-dc7d-47a9-829d-c7138f071631,/Users/julio/Desktop/Archivo/Magister UAI/Capstone MIA 2025 2/Desarrollo/SW/capstone/malaria_dl_local_project/outputs/campaign_runs/cc925f74-3535-40e0-9060-23a06cea8024/epoch_3.keras,3456430,e64d51aff35d83ea9f5c860aa895aa2cddfa15941b1aa96b60e0eaaa1078a43f,False,,,,"{""path"":""/Users/julio/Desktop/Archivo/Magister UAI/Capstone MIA 2025 2/Desarrollo/SW/capstone/malaria_dl_local_project/outputs/campaign_runs/cc925f74-3535-40e0-9060-23a06cea8024/epoch_3.keras"",""bytes"":3456430,""epoch"":3,""phase"":""base"",""run_id"":""cc925f74-3535-40e0-9060-23a06cea8024"",""sha256"":""e64d51aff35d83ea9f5c860aa895aa2cddfa15941b1aa96b60e0eaaa1078a43f"",""version_id"":""92c1de4d-dc7d-47a9-829d-c7138f071631"",""phase_epoch"":3}"
cc925f74-3535-40e0-9060-23a06cea8024,custom_cnn,sgd,base,4,4,train_execution_records,artifact,4,2026-10-02T17:48:40.764262+00:00,0ffa51a6-b8ed-4b32-a019-ace1206686ce,/Users/julio/Desktop/Archivo/Magister UAI/Capstone MIA 2025 2/Desarrollo/SW/capstone/malaria_dl_local_project/outputs/campaign_runs/cc925f74-3535-40e0-9060-23a06cea8024/epoch_4.keras,3456430,cb1cb5d5a3082ae6f0beebb2cf1cbf72dbe6231950eadc6db9318f8295368fdf,False,,,,"{""path"":""/Users/julio/Desktop/Archivo/Magister UAI/Capstone MIA 2025 2/Desarrollo/SW/capstone/malaria_dl_local_project/outputs/campaign_runs/cc925f74-3535-40e0-9060-23a06cea8024/epoch_4.keras"",""bytes"":3456430,""epoch"":4,""phase"":""base"",""run_id"":""cc925f74-3535-40e0-9060-23a06cea8024"",""sha256"":""cb1cb5d5a3082ae6f0beebb2cf1cbf72dbe6231950eadc6db9318f8295368fdf"",""version_id"":""0ffa51a6-b8ed-4b32-a019-ace1206686ce"",""phase_epoch"":4}"
cc925f74-3535-40e0-9060-23a06cea8024,custom_cnn,sgd,base,5,5,train_execution_records,artifact,5,2026-10-02T17:51:44.956337+00:00,bbb3a582-c30e-41d9-9044-2cce05461977,/Users/julio/Desktop/Archivo/Magister UAI/Capstone MIA 2025 2/Desarrollo/SW/capstone/malaria_dl_local_project/outputs/campaign_runs/cc925f74-3535-40e0-9060-23a06cea8024/epoch_5.keras,3456430,61bc5bb0b01c0e204cb9d2db8be527db1b437b6235985bafc4ba08778d80d9b0,False,,,,"{""path"":""/Users/julio/Desktop/Archivo/Magister UAI/Capstone MIA 2025 2/Desarrollo/SW/capstone/malaria_dl_local_project/outputs/campaign_runs/cc925f74-3535-40e0-9060-23a06cea8024/epoch_5.keras"",""bytes"":3456430,""epoch"":5,""phase"":""base"",""run_id"":""cc925f74-3535-40e0-9060-23a06cea8024"",""sha256"":""61bc5bb0b01c0e204cb9d2db8be527db1b437b6235985bafc4ba08778d80d9b0"",""version_id"":""bbb3a582-c30e-41d9-9044-2cce05461977"",""phase_epoch"":5}"
cc925f74-3535-40e0-9060-23a06cea8024,custom_cnn,sgd,base,6,6,train_execution_records,artifact,6,2026-10-02T17:54:51.85581+00:00,d3e7fb82-fe56-4c12-a1f2-248611c4e6e7,/Users/julio/Desktop/Archivo/Magister UAI/Capstone MIA 2025 2/Desarrollo/SW/capstone/malaria_dl_local_project/outputs/campaign_runs/cc925f74-3535-40e0-9060-23a06cea8024/epoch_6.keras,3456430,5f070a2b14dcdec81131aa02acc04a552ac7a44c5efc6dcc99f7e1d4c39dec13,False,,,,"{""path"":""/Users/julio/Desktop/Archivo/Magister UAI/Capstone MIA 2025 2/Desarrollo/SW/capstone/malaria_dl_local_project/outputs/campaign_runs/cc925f74-3535-40e0-9060-23a06cea8024/epoch_6.keras"",""bytes"":3456430,""epoch"":6,""phase"":""base"",""run_id"":""cc925f74-3535-40e0-9060-23a06cea8024"",""sha256"":""5f070a2b14dcdec81131aa02acc04a552ac7a44c5efc6dcc99f7e1d4c39dec13"",""version_id"":""d3e7fb82-fe56-4c12-a1f2-248611c4e6e7"",""phase_epoch"":6}"
cc925f74-3535-40e0-9060-23a06cea8024,custom_cnn,sgd,base,7,7,train_execution_records,artifact,7,2026-10-02T17:57:56.180129+00:00,850cd951-1d54-4a05-afac-d450cfb79831,/Users/julio/Desktop/Archivo/Magister UAI/Capstone MIA 2025 2/Desarrollo/SW/capstone/malaria_dl_local_project/outputs/campaign_runs/cc925f74-3535-40e0-9060-23a06cea8024/epoch_7.keras,3456430,977b4a9c4a0523f5051d39c9fabe4d4b9bb5c15ee1d1768ef992ae6073303457,False,,,,"{""path"":""/Users/julio/Desktop/Archivo/Magister UAI/Capstone MIA 2025 2/Desarrollo/SW/capstone/malaria_dl_local_project/outputs/campaign_runs/cc925f74-3535-40e0-9060-23a06cea8024/epoch_7.keras"",""bytes"":3456430,""epoch"":7,""phase"":""base"",""run_id"":""cc925f74-3535-40e0-9060-23a06cea8024"",""sha256"":""977b4a9c4a0523f5051d39c9fabe4d4b9bb5c15ee1d1768ef992ae6073303457"",""version_id"":""850cd951-1d54-4a05-afac-d450cfb79831"",""phase_epoch"":7}"
cc925f74-3535-40e0-9060-23a06cea8024,custom_cnn,sgd,base,8,8,train_execution_records,artifact,8,2026-10-02T18:00:59.709421+00:00,7da2f36c-111e-4b9e-bb3f-65d53c00d60e,/Users/julio/Desktop/Archivo/Magister UAI/Capstone MIA 2025 2/Desarrollo/SW/capstone/malaria_dl_local_project/outputs/campaign_runs/cc925f74-3535-40e0-9060-23a06cea8024/epoch_8.keras,3456430,b1f39561292257c0d0735a6988e1346c1040c625eb19c81affba6af465fef2ee,False,,,,"{""path"":""/Users/julio/Desktop/Archivo/Magister UAI/Capstone MIA 2025 2/Desarrollo/SW/capstone/malaria_dl_local_project/outputs/campaign_runs/cc925f74-3535-40e0-9060-23a06cea8024/epoch_8.keras"",""bytes"":3456430,""epoch"":8,""phase"":""base"",""run_id"":""cc925f74-3535-40e0-9060-23a06cea8024"",""sha256"":""b1f39561292257c0d0735a6988e1346c1040c625eb19c81affba6af465fef2ee"",""version_id"":""7da2f36c-111e-4b9e-bb3f-65d53c00d60e"",""phase_epoch"":8}"
cc925f74-3535-40e0-9060-23a06cea8024,custom_cnn,sgd,base,9,9,train_execution_records,artifact,9,2026-10-02T18:04:04.498929+00:00,41889070-7d9c-42f5-a761-ab87aebfe26c,/Users/julio/Desktop/Archivo/Magister UAI/Capstone MIA 2025 2/Desarrollo/SW/capstone/malaria_dl_local_project/outputs/campaign_runs/cc925f74-3535-40e0-9060-23a06cea8024/epoch_9.keras,3456430,86a77050e28d8346f4998a476d7ce17d276e6579b4de178c715bb26f8d9ed216,False,,,,"{""path"":""/Users/julio/Desktop/Archivo/Magister UAI/Capstone MIA 2025 2/Desarrollo/SW/capstone/malaria_dl_local_project/outputs/campaign_runs/cc925f74-3535-40e0-9060-23a06cea8024/epoch_9.keras"",""bytes"":3456430,""epoch"":9,""phase"":""base"",""run_id"":""cc925f74-3535-40e0-9060-23a06cea8024"",""sha256"":""86a77050e28d8346f4998a476d7ce17d276e6579b4de178c715bb26f8d9ed216"",""version_id"":""41889070-7d9c-42f5-a761-ab87aebfe26c"",""phase_epoch"":9}"
cc925f74-3535-40e0-9060-23a06cea8024,custom_cnn,sgd,base,10,10,train_execution_records,artifact,10,2026-10-02T18:07:08.583043+00:00,07ed92d5-c9c6-4394-bdb0-c9a0460695fe,/Users/julio/Desktop/Archivo/Magister UAI/Capstone MIA 2025 2/Desarrollo/SW/capstone/malaria_dl_local_project/outputs/campaign_runs/cc925f74-3535-40e0-9060-23a06cea8024/epoch_10.keras,3456430,6a8f3b72d6204f67905b5a189a6218726677d8a5c6a6bcf88bc1886a017adb01,False,,,,"{""path"":""/Users/julio/Desktop/Archivo/Magister UAI/Capstone MIA 2025 2/Desarrollo/SW/capstone/malaria_dl_local_project/outputs/campaign_runs/cc925f74-3535-40e0-9060-23a06cea8024/epoch_10.keras"",""bytes"":3456430,""epoch"":10,""phase"":""base"",""run_id"":""cc925f74-3535-40e0-9060-23a06cea8024"",""sha256"":""6a8f3b72d6204f67905b5a189a6218726677d8a5c6a6bcf88bc1886a017adb01"",""version_id"":""07ed92d5-c9c6-4394-bdb0-c9a0460695fe"",""phase_epoch"":10}"
cc925f74-3535-40e0-9060-23a06cea8024,custom_cnn,sgd,base,11,11,train_execution_records,artifact,11,2026-10-02T18:10:12.68524+00:00,1b119205-018c-476f-b470-52b3703ed1a2,/Users/julio/Desktop/Archivo/Magister UAI/Capstone MIA 2025 2/Desarrollo/SW/capstone/malaria_dl_local_project/outputs/campaign_runs/cc925f74-3535-40e0-9060-23a06cea8024/epoch_11.keras,3456430,380d4ba9edec51a5930ff4f73368a20e8838d16c824d965437859255ddaf0ac3,False,,,,"{""path"":""/Users/julio/Desktop/Archivo/Magister UAI/Capstone MIA 2025 2/Desarrollo/SW/capstone/malaria_dl_local_project/outputs/campaign_runs/cc925f74-3535-40e0-9060-23a06cea8024/epoch_11.keras"",""bytes"":3456430,""epoch"":11,""phase"":""base"",""run_id"":""cc925f74-3535-40e0-9060-23a06cea8024"",""sha256"":""380d4ba9edec51a5930ff4f73368a20e8838d16c824d965437859255ddaf0ac3"",""version_id"":""1b119205-018c-476f-b470-52b3703ed1a2"",""phase_epoch"":11}"
cc925f74-3535-40e0-9060-23a06cea8024,custom_cnn,sgd,base,12,12,train_execution_records,artifact,12,2026-10-02T18:13:17.079496+00:00,a591267a-2631-454f-95f9-d2c622568105,/Users/julio/Desktop/Archivo/Magister UAI/Capstone MIA 2025 2/Desarrollo/SW/capstone/malaria_dl_local_project/outputs/campaign_runs/cc925f74-3535-40e0-9060-23a06cea8024/epoch_12.keras,3456430,56c5238d67056b4f9d5535d991415bc8a47eb9068271aab55fb72121e80d06d3,False,,,,"{""path"":""/Users/julio/Desktop/Archivo/Magister UAI/Capstone MIA 2025 2/Desarrollo/SW/capstone/malaria_dl_local_project/outputs/campaign_runs/cc925f74-3535-40e0-9060-23a06cea8024/epoch_12.keras"",""bytes"":3456430,""epoch"":12,""phase"":""base"",""run_id"":""cc925f74-3535-40e0-9060-23a06cea8024"",""sha256"":""56c5238d67056b4f9d5535d991415bc8a47eb9068271aab55fb72121e80d06d3"",""version_id"":""a591267a-2631-454f-95f9-d2c622568105"",""phase_epoch"":12}"
cc925f74-3535-40e0-9060-23a06cea8024,custom_cnn,sgd,base,13,13,train_execution_records,artifact,13,2026-10-02T18:16:21.215739+00:00,dd08b6b5-6194-4528-a228-4bc965c96fc7,/Users/julio/Desktop/Archivo/Magister UAI/Capstone MIA 2025 2/Desarrollo/SW/capstone/malaria_dl_local_project/outputs/campaign_runs/cc925f74-3535-40e0-9060-23a06cea8024/epoch_13.keras,3456430,2c542cb2a0c51337168b56ac3ff79544ff82f4f5c581908485036a72bc674f25,False,,,,"{""path"":""/Users/julio/Desktop/Archivo/Magister UAI/Capstone MIA 2025 2/Desarrollo/SW/capstone/malaria_dl_local_project/outputs/campaign_runs/cc925f74-3535-40e0-9060-23a06cea8024/epoch_13.keras"",""bytes"":3456430,""epoch"":13,""phase"":""base"",""run_id"":""cc925f74-3535-40e0-9060-23a06cea8024"",""sha256"":""2c542cb2a0c51337168b56ac3ff79544ff82f4f5c581908485036a72bc674f25"",""version_id"":""dd08b6b5-6194-4528-a228-4bc965c96fc7"",""phase_epoch"":13}"
cc925f74-3535-40e0-9060-23a06cea8024,custom_cnn,sgd,base,14,14,train_execution_records,artifact,14,2026-10-02T18:19:25.015186+00:00,aa310c7a-1e2e-49c3-9373-7b7b876d1190,/Users/julio/Desktop/Archivo/Magister UAI/Capstone MIA 2025 2/Desarrollo/SW/capstone/malaria_dl_local_project/outputs/campaign_runs/cc925f74-3535-40e0-9060-23a06cea8024/epoch_14.keras,3456430,690bb13199bff1acf32ef2095996f33c36266fd40ce081f3d5640a3d0bdf0ae5,False,,,,"{""path"":""/Users/julio/Desktop/Archivo/Magister UAI/Capstone MIA 2025 2/Desarrollo/SW/capstone/malaria_dl_local_project/outputs/campaign_runs/cc925f74-3535-40e0-9060-23a06cea8024/epoch_14.keras"",""bytes"":3456430,""epoch"":14,""phase"":""base"",""run_id"":""cc925f74-3535-40e0-9060-23a06cea8024"",""sha256"":""690bb13199bff1acf32ef2095996f33c36266fd40ce081f3d5640a3d0bdf0ae5"",""version_id"":""aa310c7a-1e2e-49c3-9373-7b7b876d1190"",""phase_epoch"":14}"
cc925f74-3535-40e0-9060-23a06cea8024,custom_cnn,sgd,base,15,15,train_execution_records,artifact,15,2026-10-02T18:22:28.677682+00:00,40504df9-73a1-4ce8-a9e8-4bb976198d1e,/Users/julio/Desktop/Archivo/Magister UAI/Capstone MIA 2025 2/Desarrollo/SW/capstone/malaria_dl_local_project/outputs/campaign_runs/cc925f74-3535-40e0-9060-23a06cea8024/epoch_15.keras,3456430,29aea13ac365411013c225f21e45dee1f8ac329cdb1612e4cec8668503d8824c,False,,,,"{""path"":""/Users/julio/Desktop/Archivo/Magister UAI/Capstone MIA 2025 2/Desarrollo/SW/capstone/malaria_dl_local_project/outputs/campaign_runs/cc925f74-3535-40e0-9060-23a06cea8024/epoch_15.keras"",""bytes"":3456430,""epoch"":15,""phase"":""base"",""run_id"":""cc925f74-3535-40e0-9060-23a06cea8024"",""sha256"":""29aea13ac365411013c225f21e45dee1f8ac329cdb1612e4cec8668503d8824c"",""version_id"":""40504df9-73a1-4ce8-a9e8-4bb976198d1e"",""phase_epoch"":15}"
cc925f74-3535-40e0-9060-23a06cea8024,custom_cnn,sgd,base,16,16,train_execution_records,artifact,16,2026-10-02T18:25:31.992308+00:00,15599e46-6d2d-40fa-8f43-d7a644f9b92c,/Users/julio/Desktop/Archivo/Magister UAI/Capstone MIA 2025 2/Desarrollo/SW/capstone/malaria_dl_local_project/outputs/campaign_runs/cc925f74-3535-40e0-9060-23a06cea8024/epoch_16.keras,3456430,81de4e384674805621ccc104ada575a5620bd37f4f9d12fa3040292fa7754af2,False,,,,"{""path"":""/Users/julio/Desktop/Archivo/Magister UAI/Capstone MIA 2025 2/Desarrollo/SW/capstone/malaria_dl_local_project/outputs/campaign_runs/cc925f74-3535-40e0-9060-23a06cea8024/epoch_16.keras"",""bytes"":3456430,""epoch"":16,""phase"":""base"",""run_id"":""cc925f74-3535-40e0-9060-23a06cea8024"",""sha256"":""81de4e384674805621ccc104ada575a5620bd37f4f9d12fa3040292fa7754af2"",""version_id"":""15599e46-6d2d-40fa-8f43-d7a644f9b92c"",""phase_epoch"":16}"
cc925f74-3535-40e0-9060-23a06cea8024,custom_cnn,sgd,base,17,17,train_execution_records,artifact,17,2026-10-02T18:28:37.786481+00:00,9cc237ff-d92b-4b96-bee3-641f30ec3ad8,/Users/julio/Desktop/Archivo/Magister UAI/Capstone MIA 2025 2/Desarrollo/SW/capstone/malaria_dl_local_project/outputs/campaign_runs/cc925f74-3535-40e0-9060-23a06cea8024/epoch_17.keras,3456430,606ab946945ec84705fd657ea0eead05a296b674a8ad423549348283cb3b6b9e,False,,,,"{""path"":""/Users/julio/Desktop/Archivo/Magister UAI/Capstone MIA 2025 2/Desarrollo/SW/capstone/malaria_dl_local_project/outputs/campaign_runs/cc925f74-3535-40e0-9060-23a06cea8024/epoch_17.keras"",""bytes"":3456430,""epoch"":17,""phase"":""base"",""run_id"":""cc925f74-3535-40e0-9060-23a06cea8024"",""sha256"":""606ab946945ec84705fd657ea0eead05a296b674a8ad423549348283cb3b6b9e"",""version_id"":""9cc237ff-d92b-4b96-bee3-641f30ec3ad8"",""phase_epoch"":17}"
cc925f74-3535-40e0-9060-23a06cea8024,custom_cnn,sgd,base,18,18,train_execution_records,artifact,18,2026-10-02T18:31:45.391485+00:00,43234157-8241-44bb-beb6-18a1c3f29f03,/Users/julio/Desktop/Archivo/Magister UAI/Capstone MIA 2025 2/Desarrollo/SW/capstone/malaria_dl_local_project/outputs/campaign_runs/cc925f74-3535-40e0-9060-23a06cea8024/epoch_18.keras,3456430,bb93d400769d26c224e99bb95b88802ac37c6965940984cca77db17eb188f365,False,,,,"{""path"":""/Users/julio/Desktop/Archivo/Magister UAI/Capstone MIA 2025 2/Desarrollo/SW/capstone/malaria_dl_local_project/outputs/campaign_runs/cc925f74-3535-40e0-9060-23a06cea8024/epoch_18.keras"",""bytes"":3456430,""epoch"":18,""phase"":""base"",""run_id"":""cc925f74-3535-40e0-9060-23a06cea8024"",""sha256"":""bb93d400769d26c224e99bb95b88802ac37c6965940984cca77db17eb188f365"",""version_id"":""43234157-8241-44bb-beb6-18a1c3f29f03"",""phase_epoch"":18}"
cc925f74-3535-40e0-9060-23a06cea8024,custom_cnn,sgd,base,19,19,train_execution_records,artifact,19,2026-10-02T18:34:42.587334+00:00,cb97e177-3436-4878-a5da-e7c2a1e91150,/Users/julio/Desktop/Archivo/Magister UAI/Capstone MIA 2025 2/Desarrollo/SW/capstone/malaria_dl_local_project/outputs/campaign_runs/cc925f74-3535-40e0-9060-23a06cea8024/epoch_19.keras,3456430,f4d187c66e075cceca0d9a7933c6265036c20401719a72909b8b177678e6cad0,True,cb697916-f3b4-5dd5-885d-bf3ae5901322,available,"{""id"":""cb697916-f3b4-5dd5-885d-bf3ae5901322"",""run_id"":""cc925f74-3535-40e0-9060-23a06cea8024"",""artifact_type"":""model_checkpoint"",""name"":""epoch_19.keras"",""path"":""/Users/julio/Desktop/Archivo/Magister UAI/Capstone MIA 2025 2/Desarrollo/SW/capstone/malaria_dl_local_project/outputs/campaign_runs/cc925f74-3535-40e0-9060-23a06cea8024/epoch_19.keras"",""mime_type"":""application/octet-stream"",""file_size_bytes"":3456430,""checksum"":""f4d187c66e075cceca0d9a7933c6265036c20401719a72909b8b177678e6cad0"",""created_at"":""2026-10-02T19:09:44.501263+00:00"",""metadata"":{""role"":""selected_checkpoint"",""epoch"":19,""phase"":""base"",""source"":""e10_train"",""version_id"":""cb97e177-3436-4878-a5da-e7c2a1e91150""},""artifact_uri"":null,""artifact_status"":""available"",""archived_at"":null}","{""path"":""/Users/julio/Desktop/Archivo/Magister UAI/Capstone MIA 2025 2/Desarrollo/SW/capstone/malaria_dl_local_project/outputs/campaign_runs/cc925f74-3535-40e0-9060-23a06cea8024/epoch_19.keras"",""bytes"":3456430,""epoch"":19,""phase"":""base"",""run_id"":""cc925f74-3535-40e0-9060-23a06cea8024"",""sha256"":""f4d187c66e075cceca0d9a7933c6265036c20401719a72909b8b177678e6cad0"",""version_id"":""cb97e177-3436-4878-a5da-e7c2a1e91150"",""phase_epoch"":19}"
cc925f74-3535-40e0-9060-23a06cea8024,custom_cnn,sgd,base,20,20,train_execution_records,artifact,20,2026-10-02T18:37:41.403711+00:00,0cac4d84-61bb-40d8-9a5a-dd88cd2f407c,/Users/julio/Desktop/Archivo/Magister UAI/Capstone MIA 2025 2/Desarrollo/SW/capstone/malaria_dl_local_project/outputs/campaign_runs/cc925f74-3535-40e0-9060-23a06cea8024/epoch_20.keras,3456430,2dd3cb522881083f1302c2f0334a883f4a8a994f5288a5e456a55a31f796183b,False,,,,"{""path"":""/Users/julio/Desktop/Archivo/Magister UAI/Capstone MIA 2025 2/Desarrollo/SW/capstone/malaria_dl_local_project/outputs/campaign_runs/cc925f74-3535-40e0-9060-23a06cea8024/epoch_20.keras"",""bytes"":3456430,""epoch"":20,""phase"":""base"",""run_id"":""cc925f74-3535-40e0-9060-23a06cea8024"",""sha256"":""2dd3cb522881083f1302c2f0334a883f4a8a994f5288a5e456a55a31f796183b"",""version_id"":""0cac4d84-61bb-40d8-9a5a-dd88cd2f407c"",""phase_epoch"":20}"
cc925f74-3535-40e0-9060-23a06cea8024,custom_cnn,sgd,base,21,21,train_execution_records,artifact,21,2026-10-02T18:40:38.729772+00:00,edf7bc82-b6eb-4433-a375-1f281e423219,/Users/julio/Desktop/Archivo/Magister UAI/Capstone MIA 2025 2/Desarrollo/SW/capstone/malaria_dl_local_project/outputs/campaign_runs/cc925f74-3535-40e0-9060-23a06cea8024/epoch_21.keras,3456430,e1460a707c2b3bfc1f3e5bf65442ad29cadfb652ad14660d4f992ced1eea5216,False,,,,"{""path"":""/Users/julio/Desktop/Archivo/Magister UAI/Capstone MIA 2025 2/Desarrollo/SW/capstone/malaria_dl_local_project/outputs/campaign_runs/cc925f74-3535-40e0-9060-23a06cea8024/epoch_21.keras"",""bytes"":3456430,""epoch"":21,""phase"":""base"",""run_id"":""cc925f74-3535-40e0-9060-23a06cea8024"",""sha256"":""e1460a707c2b3bfc1f3e5bf65442ad29cadfb652ad14660d4f992ced1eea5216"",""version_id"":""edf7bc82-b6eb-4433-a375-1f281e423219"",""phase_epoch"":21}"
cc925f74-3535-40e0-9060-23a06cea8024,custom_cnn,sgd,base,22,22,train_execution_records,artifact,22,2026-10-02T18:43:41.358488+00:00,a9b4c979-39b0-4095-b075-d2e8e36961b1,/Users/julio/Desktop/Archivo/Magister UAI/Capstone MIA 2025 2/Desarrollo/SW/capstone/malaria_dl_local_project/outputs/campaign_runs/cc925f74-3535-40e0-9060-23a06cea8024/epoch_22.keras,3456430,344cd74d4c536f965273b7e2622a8eb3ad8b748708ae45942ac8c422b606808d,False,,,,"{""path"":""/Users/julio/Desktop/Archivo/Magister UAI/Capstone MIA 2025 2/Desarrollo/SW/capstone/malaria_dl_local_project/outputs/campaign_runs/cc925f74-3535-40e0-9060-23a06cea8024/epoch_22.keras"",""bytes"":3456430,""epoch"":22,""phase"":""base"",""run_id"":""cc925f74-3535-40e0-9060-23a06cea8024"",""sha256"":""344cd74d4c536f965273b7e2622a8eb3ad8b748708ae45942ac8c422b606808d"",""version_id"":""a9b4c979-39b0-4095-b075-d2e8e36961b1"",""phase_epoch"":22}"
cc925f74-3535-40e0-9060-23a06cea8024,custom_cnn,sgd,base,23,23,train_execution_records,artifact,23,2026-10-02T18:46:33.873229+00:00,1fd6988c-da9d-4fe8-bdba-310aa2fca868,/Users/julio/Desktop/Archivo/Magister UAI/Capstone MIA 2025 2/Desarrollo/SW/capstone/malaria_dl_local_project/outputs/campaign_runs/cc925f74-3535-40e0-9060-23a06cea8024/epoch_23.keras,3456430,6d28b4134abde5edba885efec7709c13155a476a5b755b138b0ff460729b2812,False,,,,"{""path"":""/Users/julio/Desktop/Archivo/Magister UAI/Capstone MIA 2025 2/Desarrollo/SW/capstone/malaria_dl_local_project/outputs/campaign_runs/cc925f74-3535-40e0-9060-23a06cea8024/epoch_23.keras"",""bytes"":3456430,""epoch"":23,""phase"":""base"",""run_id"":""cc925f74-3535-40e0-9060-23a06cea8024"",""sha256"":""6d28b4134abde5edba885efec7709c13155a476a5b755b138b0ff460729b2812"",""version_id"":""1fd6988c-da9d-4fe8-bdba-310aa2fca868"",""phase_epoch"":23}"
cc925f74-3535-40e0-9060-23a06cea8024,custom_cnn,sgd,base,24,24,train_execution_records,artifact,24,2026-10-02T18:49:24.290702+00:00,1283c03e-42d0-4f3c-8033-a7e595fd6f16,/Users/julio/Desktop/Archivo/Magister UAI/Capstone MIA 2025 2/Desarrollo/SW/capstone/malaria_dl_local_project/outputs/campaign_runs/cc925f74-3535-40e0-9060-23a06cea8024/epoch_24.keras,3456430,af30fd380e49bd2e3be4662846afac0fa8936bf38c766d1d1b96bc226df6caee,False,,,,"{""path"":""/Users/julio/Desktop/Archivo/Magister UAI/Capstone MIA 2025 2/Desarrollo/SW/capstone/malaria_dl_local_project/outputs/campaign_runs/cc925f74-3535-40e0-9060-23a06cea8024/epoch_24.keras"",""bytes"":3456430,""epoch"":24,""phase"":""base"",""run_id"":""cc925f74-3535-40e0-9060-23a06cea8024"",""sha256"":""af30fd380e49bd2e3be4662846afac0fa8936bf38c766d1d1b96bc226df6caee"",""version_id"":""1283c03e-42d0-4f3c-8033-a7e595fd6f16"",""phase_epoch"":24}"
cc925f74-3535-40e0-9060-23a06cea8024,custom_cnn,sgd,base,25,25,train_execution_records,artifact,25,2026-10-02T18:52:15.544387+00:00,bb29cb13-8d90-4557-9c0c-4b1277d68365,/Users/julio/Desktop/Archivo/Magister UAI/Capstone MIA 2025 2/Desarrollo/SW/capstone/malaria_dl_local_project/outputs/campaign_runs/cc925f74-3535-40e0-9060-23a06cea8024/epoch_25.keras,3456430,3c0d84c42b6ca151fc5379a74370d12206e46953d9fc358f49d3c49d22200374,False,,,,"{""path"":""/Users/julio/Desktop/Archivo/Magister UAI/Capstone MIA 2025 2/Desarrollo/SW/capstone/malaria_dl_local_project/outputs/campaign_runs/cc925f74-3535-40e0-9060-23a06cea8024/epoch_25.keras"",""bytes"":3456430,""epoch"":25,""phase"":""base"",""run_id"":""cc925f74-3535-40e0-9060-23a06cea8024"",""sha256"":""3c0d84c42b6ca151fc5379a74370d12206e46953d9fc358f49d3c49d22200374"",""version_id"":""bb29cb13-8d90-4557-9c0c-4b1277d68365"",""phase_epoch"":25}"
cc925f74-3535-40e0-9060-23a06cea8024,custom_cnn,sgd,base,26,26,train_execution_records,artifact,26,2026-10-02T18:55:08.66733+00:00,429e79be-4f8e-41a5-9792-168aa963c24a,/Users/julio/Desktop/Archivo/Magister UAI/Capstone MIA 2025 2/Desarrollo/SW/capstone/malaria_dl_local_project/outputs/campaign_runs/cc925f74-3535-40e0-9060-23a06cea8024/epoch_26.keras,3456430,deda3318678eebea9e945055d10c5e8d064b97f9ed6b52becef0a3e70e165305,False,,,,"{""path"":""/Users/julio/Desktop/Archivo/Magister UAI/Capstone MIA 2025 2/Desarrollo/SW/capstone/malaria_dl_local_project/outputs/campaign_runs/cc925f74-3535-40e0-9060-23a06cea8024/epoch_26.keras"",""bytes"":3456430,""epoch"":26,""phase"":""base"",""run_id"":""cc925f74-3535-40e0-9060-23a06cea8024"",""sha256"":""deda3318678eebea9e945055d10c5e8d064b97f9ed6b52becef0a3e70e165305"",""version_id"":""429e79be-4f8e-41a5-9792-168aa963c24a"",""phase_epoch"":26}"
cc925f74-3535-40e0-9060-23a06cea8024,custom_cnn,sgd,base,27,27,train_execution_records,artifact,27,2026-10-02T18:58:02.931385+00:00,b92d34a2-bd32-47e4-9dec-514c01f0f861,/Users/julio/Desktop/Archivo/Magister UAI/Capstone MIA 2025 2/Desarrollo/SW/capstone/malaria_dl_local_project/outputs/campaign_runs/cc925f74-3535-40e0-9060-23a06cea8024/epoch_27.keras,3456429,25ea0c95a79d9fc8e1ac0ee50dac226f6560883086319c70e58781a1fd9a64a0,False,,,,"{""path"":""/Users/julio/Desktop/Archivo/Magister UAI/Capstone MIA 2025 2/Desarrollo/SW/capstone/malaria_dl_local_project/outputs/campaign_runs/cc925f74-3535-40e0-9060-23a06cea8024/epoch_27.keras"",""bytes"":3456429,""epoch"":27,""phase"":""base"",""run_id"":""cc925f74-3535-40e0-9060-23a06cea8024"",""sha256"":""25ea0c95a79d9fc8e1ac0ee50dac226f6560883086319c70e58781a1fd9a64a0"",""version_id"":""b92d34a2-bd32-47e4-9dec-514c01f0f861"",""phase_epoch"":27}"
cc925f74-3535-40e0-9060-23a06cea8024,custom_cnn,sgd,base,28,28,train_execution_records,artifact,28,2026-10-02T19:00:58.765886+00:00,743ec3b9-77f3-4b4d-9d6c-317ad65185b3,/Users/julio/Desktop/Archivo/Magister UAI/Capstone MIA 2025 2/Desarrollo/SW/capstone/malaria_dl_local_project/outputs/campaign_runs/cc925f74-3535-40e0-9060-23a06cea8024/epoch_28.keras,3456429,338e18a4647d31dcc4cfde962bc73689f7e7251ea1542743110980a80ab5c793,False,,,,"{""path"":""/Users/julio/Desktop/Archivo/Magister UAI/Capstone MIA 2025 2/Desarrollo/SW/capstone/malaria_dl_local_project/outputs/campaign_runs/cc925f74-3535-40e0-9060-23a06cea8024/epoch_28.keras"",""bytes"":3456429,""epoch"":28,""phase"":""base"",""run_id"":""cc925f74-3535-40e0-9060-23a06cea8024"",""sha256"":""338e18a4647d31dcc4cfde962bc73689f7e7251ea1542743110980a80ab5c793"",""version_id"":""743ec3b9-77f3-4b4d-9d6c-317ad65185b3"",""phase_epoch"":28}"
cc925f74-3535-40e0-9060-23a06cea8024,custom_cnn,sgd,base,29,29,train_execution_records,artifact,29,2026-10-02T19:03:52.921267+00:00,ff14dfad-112f-4850-bbbd-d6f29503dcca,/Users/julio/Desktop/Archivo/Magister UAI/Capstone MIA 2025 2/Desarrollo/SW/capstone/malaria_dl_local_project/outputs/campaign_runs/cc925f74-3535-40e0-9060-23a06cea8024/epoch_29.keras,3456429,b65ca2f74d1bf7996ba53682cc4a0699acb4d8ba82a967b118b7a7b5cdc6504c,False,,,,"{""path"":""/Users/julio/Desktop/Archivo/Magister UAI/Capstone MIA 2025 2/Desarrollo/SW/capstone/malaria_dl_local_project/outputs/campaign_runs/cc925f74-3535-40e0-9060-23a06cea8024/epoch_29.keras"",""bytes"":3456429,""epoch"":29,""phase"":""base"",""run_id"":""cc925f74-3535-40e0-9060-23a06cea8024"",""sha256"":""b65ca2f74d1bf7996ba53682cc4a0699acb4d8ba82a967b118b7a7b5cdc6504c"",""version_id"":""ff14dfad-112f-4850-bbbd-d6f29503dcca"",""phase_epoch"":29}"
cc925f74-3535-40e0-9060-23a06cea8024,custom_cnn,sgd,base,30,30,train_execution_records,artifact,30,2026-10-02T19:06:44.467555+00:00,43f4d178-0838-4459-a70a-fcec7768cac8,/Users/julio/Desktop/Archivo/Magister UAI/Capstone MIA 2025 2/Desarrollo/SW/capstone/malaria_dl_local_project/outputs/campaign_runs/cc925f74-3535-40e0-9060-23a06cea8024/epoch_30.keras,3456429,ed81deccd224b66d8154ae657d07c58c0bc46c20fa7e3236d973c84e7dbc5ace,False,,,,"{""path"":""/Users/julio/Desktop/Archivo/Magister UAI/Capstone MIA 2025 2/Desarrollo/SW/capstone/malaria_dl_local_project/outputs/campaign_runs/cc925f74-3535-40e0-9060-23a06cea8024/epoch_30.keras"",""bytes"":3456429,""epoch"":30,""phase"":""base"",""run_id"":""cc925f74-3535-40e0-9060-23a06cea8024"",""sha256"":""ed81deccd224b66d8154ae657d07c58c0bc46c20fa7e3236d973c84e7dbc5ace"",""version_id"":""43f4d178-0838-4459-a70a-fcec7768cac8"",""phase_epoch"":30}"
cc925f74-3535-40e0-9060-23a06cea8024,custom_cnn,sgd,base,31,31,train_execution_records,artifact,31,2026-10-02T19:09:39.692183+00:00,789fdfa8-8a7a-4761-8f9d-faa3b2637ee5,/Users/julio/Desktop/Archivo/Magister UAI/Capstone MIA 2025 2/Desarrollo/SW/capstone/malaria_dl_local_project/outputs/campaign_runs/cc925f74-3535-40e0-9060-23a06cea8024/epoch_31.keras,3456430,90a78e81647b76ad848e496c14beeca75600c24a0e7a0b246ad8f78dbed540d3,False,,,,"{""path"":""/Users/julio/Desktop/Archivo/Magister UAI/Capstone MIA 2025 2/Desarrollo/SW/capstone/malaria_dl_local_project/outputs/campaign_runs/cc925f74-3535-40e0-9060-23a06cea8024/epoch_31.keras"",""bytes"":3456430,""epoch"":31,""phase"":""base"",""run_id"":""cc925f74-3535-40e0-9060-23a06cea8024"",""sha256"":""90a78e81647b76ad848e496c14beeca75600c24a0e7a0b246ad8f78dbed540d3"",""version_id"":""789fdfa8-8a7a-4761-8f9d-faa3b2637ee5"",""phase_epoch"":31}"
