run_id,architecture,optimizer,source_query,source_table,source_kind,source_phase,source_record_key,source_created_at,source_event_id,source_event_sequence,epoch_event_at,previous_boundary_at,event_interval_seconds,artifact_prepared_event_at,artifact_created_event_at,checkpoint_event_interval_seconds,selection_event_at,predictions_event_at,postselection_prediction_interval_seconds,epoch_payload,auc,loss,epoch,phase,pr_auc,recall,val_auc,accuracy,val_loss,precision,val_pr_auc,val_recall,phase_epoch,specificity,val_accuracy,learning_rate,val_precision,val_specificity,balanced_accuracy,recall_parasitized,val_f2_parasitized,val_balanced_accuracy,val_n_pred_uninfected,val_n_pred_parasitized,val_pr_auc_parasitized,val_recall_parasitized,val_prediction_collapse,val_roc_auc_parasitized,val_early_stopping_score,val_checkpoint_policy_score,val_percent_pred_uninfected,val_sensitivity_parasitized,val_percent_pred_parasitized,val_prediction_collapse_detected
0bbdd732-1a7a-4360-8f05-5bb9f0d50773,vgg16,sgd,Q06/Q11,train_execution_records,epoch,base,1,2026-10-03T23:34:40.896804+00:00,c57be5b5-2b71-4593-87cd-134f574b722b,2,2026-10-03T23:34:40.900651+00:00,2026-10-03T23:23:47.936024+00:00,652.964627,2026-10-03T23:34:40.938120+00:00,2026-10-03T23:34:41.031201+00:00,0.093081,2026-10-03T23:34:41.063431+00:00,2026-10-03T23:35:45.118805+00:00,64.055374,"{""auc"":0.9285948276519775,""loss"":0.3684503138065338,""epoch"":1,""phase"":""base"",""pr_auc"":0.9339979290962219,""recall"":0.8539103865623474,""val_auc"":0.9793388247489929,""accuracy"":0.8645626902580261,""val_loss"":0.20301149785518646,""precision"":0.8735188841819763,""val_pr_auc"":0.9781004190444946,""val_recall"":0.9486792683601379,""phase_epoch"":1,""specificity"":0.8753056526184082,""val_accuracy"":0.9309320449829102,""learning_rate"":0.0010000000474974513,""val_precision"":0.9141818284988403,""val_specificity"":0.9137426900584795,""balanced_accuracy"":0.8646080493927002,""recall_parasitized"":0.8539103865623474,""val_f2_parasitized"":0.9415730337078652,""val_balanced_accuracy"":0.9312109676707492,""val_n_pred_uninfected"":1318,""val_n_pred_parasitized"":1375,""val_pr_auc_parasitized"":0.9793486821094197,""val_recall_parasitized"":0.9486792452830188,""val_prediction_collapse"":0,""val_roc_auc_parasitized"":0.9795332671300894,""val_early_stopping_score"":0.9415730337075869,""val_checkpoint_policy_score"":0.9486792452830188,""val_percent_pred_uninfected"":0.48941700705532865,""val_sensitivity_parasitized"":0.9486792452830188,""val_percent_pred_parasitized"":0.5105829929446714,""val_prediction_collapse_detected"":0}",0.9285948276519775,0.3684503138065338,1,base,0.9339979290962219,0.8539103865623474,0.9793388247489929,0.8645626902580261,0.20301149785518646,0.8735188841819763,0.9781004190444946,0.9486792683601379,1,0.8753056526184082,0.9309320449829102,0.0010000000474974513,0.9141818284988403,0.9137426900584795,0.8646080493927002,0.8539103865623474,0.9415730337078652,0.9312109676707492,1318,1375,0.9793486821094197,0.9486792452830188,0,0.9795332671300894,0.9415730337075869,0.9486792452830188,0.48941700705532865,0.9486792452830188,0.5105829929446714,0
0bbdd732-1a7a-4360-8f05-5bb9f0d50773,vgg16,sgd,Q06/Q11,train_execution_records,epoch,base,2,2026-10-03T23:46:39.660009+00:00,fc283c4b-cdd4-4024-ab57-078857399759,7,2026-10-03T23:46:39.664184+00:00,2026-10-03T23:34:40.900651+00:00,718.763533,2026-10-03T23:46:39.701885+00:00,2026-10-03T23:46:39.790838+00:00,0.088953,2026-10-03T23:46:39.821919+00:00,2026-10-03T23:47:43.807816+00:00,63.985897,"{""auc"":0.9552403092384338,""loss"":0.2655167579650879,""epoch"":2,""phase"":""base"",""pr_auc"":0.9598605632781982,""recall"":0.8773458003997803,""val_auc"":0.9823667407035828,""accuracy"":0.8955365419387817,""val_loss"":0.19338972866535187,""precision"":0.9113038778305054,""val_pr_auc"":0.9827346205711365,""val_recall"":0.8792452812194824,""phase_epoch"":2,""specificity"":0.9138820767402649,""val_accuracy"":0.9279614090919495,""learning_rate"":0.0010000000474974513,""val_precision"":0.9716430306434631,""val_specificity"":0.9751461988304093,""balanced_accuracy"":0.8956139087677002,""recall_parasitized"":0.8773458003997803,""val_f2_parasitized"":0.896291737190337,""val_balanced_accuracy"":0.9271957409246386,""val_n_pred_uninfected"":1494,""val_n_pred_parasitized"":1199,""val_pr_auc_parasitized"":0.9827253186584605,""val_recall_parasitized"":0.879245283018868,""val_prediction_collapse"":0,""val_roc_auc_parasitized"":0.9823910404943176,""val_early_stopping_score"":0.8962917371900969,""val_checkpoint_policy_score"":0.879245283018868,""val_percent_pred_uninfected"":0.5547716301522466,""val_sensitivity_parasitized"":0.879245283018868,""val_percent_pred_parasitized"":0.44522836984775344,""val_prediction_collapse_detected"":0}",0.9552403092384338,0.2655167579650879,2,base,0.9598605632781982,0.8773458003997803,0.9823667407035828,0.8955365419387817,0.19338972866535187,0.9113038778305054,0.9827346205711365,0.8792452812194824,2,0.9138820767402649,0.9279614090919495,0.0010000000474974513,0.9716430306434631,0.9751461988304093,0.8956139087677002,0.8773458003997803,0.896291737190337,0.9271957409246386,1494,1199,0.9827253186584605,0.879245283018868,0,0.9823910404943176,0.8962917371900969,0.879245283018868,0.5547716301522466,0.879245283018868,0.44522836984775344,0
0bbdd732-1a7a-4360-8f05-5bb9f0d50773,vgg16,sgd,Q06/Q11,train_execution_records,epoch,base,3,2026-10-03T23:58:46.060757+00:00,976e4b29-6530-4c07-a9fe-fd12a325b6f8,12,2026-10-03T23:58:46.065252+00:00,2026-10-03T23:46:39.664184+00:00,726.401068,2026-10-03T23:58:46.105219+00:00,2026-10-03T23:58:46.195965+00:00,0.090746,2026-10-03T23:58:46.227197+00:00,2026-10-03T23:59:51.312669+00:00,65.085472,"{""auc"":0.9590083956718445,""loss"":0.25233909487724304,""epoch"":3,""phase"":""base"",""pr_auc"":0.9641067981719971,""recall"":0.88416987657547,""val_auc"":0.9820947647094727,""accuracy"":0.9027051329612732,""val_loss"":0.17883573472499847,""precision"":0.9189920425415039,""val_pr_auc"":0.9819903373718262,""val_recall"":0.9003773331642151,""phase_epoch"":3,""specificity"":0.9213981628417969,""val_accuracy"":0.9365020394325256,""learning_rate"":0.0010000000474974513,""val_precision"":0.9683441519737244,""val_specificity"":0.9714912280701754,""balanced_accuracy"":0.902783989906311,""recall_parasitized"":0.88416987657547,""val_f2_parasitized"":0.9131965707287202,""val_balanced_accuracy"":0.9359342932803707,""val_n_pred_uninfected"":1461,""val_n_pred_parasitized"":1232,""val_pr_auc_parasitized"":0.9820263486404788,""val_recall_parasitized"":0.900377358490566,""val_prediction_collapse"":0,""val_roc_auc_parasitized"":0.9821957409246387,""val_early_stopping_score"":0.9131965707284663,""val_checkpoint_policy_score"":0.900377358490566,""val_percent_pred_uninfected"":0.5425176383215744,""val_sensitivity_parasitized"":0.900377358490566,""val_percent_pred_parasitized"":0.45748236167842554,""val_prediction_collapse_detected"":0}",0.9590083956718445,0.25233909487724304,3,base,0.9641067981719971,0.88416987657547,0.9820947647094727,0.9027051329612732,0.17883573472499847,0.9189920425415039,0.9819903373718262,0.9003773331642151,3,0.9213981628417969,0.9365020394325256,0.0010000000474974513,0.9683441519737244,0.9714912280701754,0.902783989906311,0.88416987657547,0.9131965707287202,0.9359342932803707,1461,1232,0.9820263486404788,0.900377358490566,0,0.9821957409246387,0.9131965707284663,0.900377358490566,0.5425176383215744,0.900377358490566,0.45748236167842554,0
0bbdd732-1a7a-4360-8f05-5bb9f0d50773,vgg16,sgd,Q06/Q11,train_execution_records,epoch,base,4,2026-10-04T00:10:56.399099+00:00,737f7d52-c697-4953-ba0d-d5a2ed586f4c,17,2026-10-04T00:10:56.403460+00:00,2026-10-03T23:58:46.065252+00:00,730.338208,2026-10-04T00:10:56.439588+00:00,2026-10-04T00:10:56.534121+00:00,0.094533,2026-10-04T00:10:56.568672+00:00,2026-10-04T00:12:01.537269+00:00,64.968597,"{""auc"":0.9610655903816223,""loss"":0.24596914649009705,""epoch"":4,""phase"":""base"",""pr_auc"":0.9659956097602844,""recall"":0.8834515810012817,""val_auc"":0.9830859303474426,""accuracy"":0.9033814072608948,""val_loss"":0.18361742794513702,""precision"":0.9209097623825073,""val_pr_auc"":0.9824472665786743,""val_recall"":0.8867924809455872,""phase_epoch"":4,""specificity"":0.9234809279441833,""val_accuracy"":0.9309320449829102,""learning_rate"":0.0010000000474974513,""val_precision"":0.9702724814414978,""val_specificity"":0.9736842105263158,""balanced_accuracy"":0.9034662246704102,""recall_parasitized"":0.8834515810012817,""val_f2_parasitized"":0.9023191522039625,""val_balanced_accuracy"":0.9302383316782523,""val_n_pred_uninfected"":1482,""val_n_pred_parasitized"":1211,""val_pr_auc_parasitized"":0.9823705102810971,""val_recall_parasitized"":0.8867924528301887,""val_prediction_collapse"":0,""val_roc_auc_parasitized"":0.9830933465739822,""val_early_stopping_score"":0.9023191522037177,""val_checkpoint_policy_score"":0.8867924528301887,""val_percent_pred_uninfected"":0.5503156331229112,""val_sensitivity_parasitized"":0.8867924528301887,""val_percent_pred_parasitized"":0.44968436687708874,""val_prediction_collapse_detected"":0}",0.9610655903816223,0.24596914649009705,4,base,0.9659956097602844,0.8834515810012817,0.9830859303474426,0.9033814072608948,0.18361742794513702,0.9209097623825073,0.9824472665786743,0.8867924809455872,4,0.9234809279441833,0.9309320449829102,0.0010000000474974513,0.9702724814414978,0.9736842105263158,0.9034662246704102,0.8834515810012817,0.9023191522039625,0.9302383316782523,1482,1211,0.9823705102810971,0.8867924528301887,0,0.9830933465739822,0.9023191522037177,0.8867924528301887,0.5503156331229112,0.8867924528301887,0.44968436687708874,0
0bbdd732-1a7a-4360-8f05-5bb9f0d50773,vgg16,sgd,Q06/Q11,train_execution_records,epoch,base,5,2026-10-04T00:23:12.415732+00:00,75dc4cb5-3167-44a6-9a64-a3af9c1c15e0,22,2026-10-04T00:23:12.419855+00:00,2026-10-04T00:10:56.403460+00:00,736.016395,2026-10-04T00:23:12.456858+00:00,2026-10-04T00:23:12.548778+00:00,0.09192,2026-10-04T00:23:12.582029+00:00,2026-10-04T00:24:18.679695+00:00,66.097666,"{""auc"":0.9628987312316895,""loss"":0.23866981267929077,""epoch"":5,""phase"":""base"",""pr_auc"":0.9676223993301392,""recall"":0.8902756571769714,""val_auc"":0.9820961952209473,""accuracy"":0.9096032381057739,""val_loss"":0.22446991503238678,""precision"":0.926808774471283,""val_pr_auc"":0.9822930097579956,""val_recall"":0.8430188894271851,""phase_epoch"":5,""specificity"":0.9290953278541565,""val_accuracy"":0.913850724697113,""learning_rate"":0.0010000000474974513,""val_precision"":0.9789658188819885,""val_specificity"":0.9824561403508771,""balanced_accuracy"":0.909685492515564,""recall_parasitized"":0.8902756571769714,""val_f2_parasitized"":0.8671013817730167,""val_balanced_accuracy"":0.9127375041377027,""val_n_pred_uninfected"":1552,""val_n_pred_parasitized"":1141,""val_pr_auc_parasitized"":0.9823180460412613,""val_recall_parasitized"":0.8430188679245283,""val_prediction_collapse"":0,""val_roc_auc_parasitized"":0.9821565706719628,""val_early_stopping_score"":0.8671013817727994,""val_checkpoint_policy_score"":0.8430188679245283,""val_percent_pred_uninfected"":0.5763089491273673,""val_sensitivity_parasitized"":0.8430188679245283,""val_percent_pred_parasitized"":0.42369105087263276,""val_prediction_collapse_detected"":0}",0.9628987312316895,0.23866981267929077,5,base,0.9676223993301392,0.8902756571769714,0.9820961952209473,0.9096032381057739,0.22446991503238678,0.926808774471283,0.9822930097579956,0.8430188894271851,5,0.9290953278541565,0.913850724697113,0.0010000000474974513,0.9789658188819885,0.9824561403508771,0.909685492515564,0.8902756571769714,0.8671013817730167,0.9127375041377027,1552,1141,0.9823180460412613,0.8430188679245283,0,0.9821565706719628,0.8671013817727994,0.8430188679245283,0.5763089491273673,0.8430188679245283,0.42369105087263276,0
0bbdd732-1a7a-4360-8f05-5bb9f0d50773,vgg16,sgd,Q06/Q11,train_execution_records,epoch,base,6,2026-10-04T00:35:23.150131+00:00,2dc5210d-0439-46f4-9d5d-61a1ec01e85d,27,2026-10-04T00:35:23.160774+00:00,2026-10-04T00:23:12.419855+00:00,730.740919,2026-10-04T00:35:23.197330+00:00,2026-10-04T00:35:23.288330+00:00,0.091,2026-10-04T00:35:23.321567+00:00,2026-10-04T00:36:28.326390+00:00,65.004823,"{""auc"":0.9648166298866272,""loss"":0.23346559703350067,""epoch"":6,""phase"":""base"",""pr_auc"":0.9689871668815613,""recall"":0.8882104754447937,""val_auc"":0.982903003692627,""accuracy"":0.9085662961006165,""val_loss"":0.23251330852508545,""precision"":0.9266510605812073,""val_pr_auc"":0.982883095741272,""val_recall"":0.8316981196403503,""phase_epoch"":6,""specificity"":0.9290953278541565,""val_accuracy"":0.9090234041213989,""learning_rate"":0.0010000000474974513,""val_precision"":0.9804270267486572,""val_specificity"":0.9839181286549707,""balanced_accuracy"":0.9086529016494751,""recall_parasitized"":0.8882104754447937,""val_f2_parasitized"":0.8577210460772104,""val_balanced_accuracy"":0.907808120931259,""val_n_pred_uninfected"":1569,""val_n_pred_parasitized"":1124,""val_pr_auc_parasitized"":0.9829138158052952,""val_recall_parasitized"":0.8316981132075472,""val_prediction_collapse"":0,""val_roc_auc_parasitized"":0.9829995586450403,""val_early_stopping_score"":0.8577210460770001,""val_checkpoint_policy_score"":0.8316981132075472,""val_percent_pred_uninfected"":0.5826216115855922,""val_sensitivity_parasitized"":0.8316981132075472,""val_percent_pred_parasitized"":0.4173783884144077,""val_prediction_collapse_detected"":0}",0.9648166298866272,0.23346559703350067,6,base,0.9689871668815613,0.8882104754447937,0.982903003692627,0.9085662961006165,0.23251330852508545,0.9266510605812073,0.982883095741272,0.8316981196403503,6,0.9290953278541565,0.9090234041213989,0.0010000000474974513,0.9804270267486572,0.9839181286549707,0.9086529016494751,0.8882104754447937,0.8577210460772104,0.907808120931259,1569,1124,0.9829138158052952,0.8316981132075472,0,0.9829995586450403,0.8577210460770001,0.8316981132075472,0.5826216115855922,0.8316981132075472,0.4173783884144077,0
0bbdd732-1a7a-4360-8f05-5bb9f0d50773,vgg16,sgd,Q06/Q11,train_execution_records,epoch,base,7,2026-10-04T00:47:30.532902+00:00,6ee57391-c205-4fd5-ad35-b05f76eb1424,32,2026-10-04T00:47:30.537759+00:00,2026-10-04T00:35:23.160774+00:00,727.376985,2026-10-04T00:47:30.573808+00:00,2026-10-04T00:47:30.660871+00:00,0.087063,2026-10-04T00:47:30.692863+00:00,2026-10-04T00:48:35.062798+00:00,64.369935,"{""auc"":0.9652900695800781,""loss"":0.23110570013523102,""epoch"":7,""phase"":""base"",""pr_auc"":0.9692025780677795,""recall"":0.8909041881561279,""val_auc"":0.982036828994751,""accuracy"":0.9112713932991028,""val_loss"":0.21526415646076202,""precision"":0.9294613599777222,""val_pr_auc"":0.9819650650024414,""val_recall"":0.853584885597229,""phase_epoch"":7,""specificity"":0.9318119883537292,""val_accuracy"":0.9183067083358765,""learning_rate"":0.0005000000237487257,""val_precision"":0.9775280952453613,""val_specificity"":0.9809941520467836,""balanced_accuracy"":0.911358118057251,""recall_parasitized"":0.8909041881561279,""val_f2_parasitized"":0.875793712250271,""val_balanced_accuracy"":0.9172895288535805,""val_n_pred_uninfected"":1536,""val_n_pred_parasitized"":1157,""val_pr_auc_parasitized"":0.9820731423350147,""val_recall_parasitized"":0.8535849056603774,""val_prediction_collapse"":0,""val_roc_auc_parasitized"":0.9821047114641951,""val_early_stopping_score"":0.8757937122500471,""val_checkpoint_policy_score"":0.8535849056603774,""val_percent_pred_uninfected"":0.5703676197549201,""val_sensitivity_parasitized"":0.8535849056603774,""val_percent_pred_parasitized"":0.4296323802450798,""val_prediction_collapse_detected"":0}",0.9652900695800781,0.23110570013523102,7,base,0.9692025780677795,0.8909041881561279,0.982036828994751,0.9112713932991028,0.21526415646076202,0.9294613599777222,0.9819650650024414,0.853584885597229,7,0.9318119883537292,0.9183067083358765,0.0005000000237487257,0.9775280952453613,0.9809941520467836,0.911358118057251,0.8909041881561279,0.875793712250271,0.9172895288535805,1536,1157,0.9820731423350147,0.8535849056603774,0,0.9821047114641951,0.8757937122500471,0.8535849056603774,0.5703676197549201,0.8535849056603774,0.4296323802450798,0
0bbdd732-1a7a-4360-8f05-5bb9f0d50773,vgg16,sgd,Q06/Q11,train_execution_records,epoch,base,8,2026-10-04T00:59:42.914491+00:00,ea4dd5d7-05cc-40b5-9940-b61088e643df,37,2026-10-04T00:59:42.919814+00:00,2026-10-04T00:47:30.537759+00:00,732.382055,2026-10-04T00:59:42.957795+00:00,2026-10-04T00:59:43.049798+00:00,0.092003,2026-10-04T00:59:43.085344+00:00,2026-10-04T01:00:48.864258+00:00,65.778914,"{""auc"":0.9664087295532227,""loss"":0.2265695482492447,""epoch"":8,""phase"":""base"",""pr_auc"":0.9699527621269226,""recall"":0.8942264318466187,""val_auc"":0.9831128716468811,""accuracy"":0.9147881269454956,""val_loss"":0.1888953596353531,""precision"":0.9332771301269531,""val_pr_auc"":0.9827193021774292,""val_recall"":0.8815094232559204,""phase_epoch"":8,""specificity"":0.9355247616767883,""val_accuracy"":0.9309320449829102,""learning_rate"":0.0005000000237487257,""val_precision"":0.9757727384567261,""val_specificity"":0.9788011695906432,""balanced_accuracy"":0.9148756265640259,""recall_parasitized"":0.8942264318466187,""val_f2_parasitized"":0.898876404494382,""val_balanced_accuracy"":0.9301553017764537,""val_n_pred_uninfected"":1496,""val_n_pred_parasitized"":1197,""val_pr_auc_parasitized"":0.9828507405946273,""val_recall_parasitized"":0.8815094339622641,""val_prediction_collapse"":0,""val_roc_auc_parasitized"":0.983183824340726,""val_early_stopping_score"":0.8988764044941399,""val_checkpoint_policy_score"":0.8815094339622641,""val_percent_pred_uninfected"":0.5555142963238024,""val_sensitivity_parasitized"":0.8815094339622641,""val_percent_pred_parasitized"":0.44448570367619755,""val_prediction_collapse_detected"":0}",0.9664087295532227,0.2265695482492447,8,base,0.9699527621269226,0.8942264318466187,0.9831128716468811,0.9147881269454956,0.1888953596353531,0.9332771301269531,0.9827193021774292,0.8815094232559204,8,0.9355247616767883,0.9309320449829102,0.0005000000237487257,0.9757727384567261,0.9788011695906432,0.9148756265640259,0.8942264318466187,0.898876404494382,0.9301553017764537,1496,1197,0.9828507405946273,0.8815094339622641,0,0.983183824340726,0.8988764044941399,0.8815094339622641,0.5555142963238024,0.8815094339622641,0.44448570367619755,0
0bbdd732-1a7a-4360-8f05-5bb9f0d50773,vgg16,sgd,Q06/Q11,train_execution_records,epoch,base,9,2026-10-04T01:11:49.874694+00:00,826c10b8-df35-4f97-a1e8-f01939bd0350,42,2026-10-04T01:11:49.880889+00:00,2026-10-04T00:59:42.919814+00:00,726.961075,2026-10-04T01:11:49.916961+00:00,2026-10-04T01:11:50.004850+00:00,0.087889,2026-10-04T01:11:50.036347+00:00,2026-10-04T01:12:53.008113+00:00,62.971766,"{""auc"":0.9666962623596191,""loss"":0.22439293563365936,""epoch"":9,""phase"":""base"",""pr_auc"":0.971103310585022,""recall"":0.8931489586830139,""val_auc"":0.9838447570800781,""accuracy"":0.9129846692085266,""val_loss"":0.2057354599237442,""precision"":0.9307569861412048,""val_pr_auc"":0.9834316968917847,""val_recall"":0.8603773713111877,""phase_epoch"":9,""specificity"":0.932989239692688,""val_accuracy"":0.9227626919746399,""learning_rate"":0.0005000000237487257,""val_precision"":0.980223536491394,""val_specificity"":0.9831871345029239,""balanced_accuracy"":0.9130691289901733,""recall_parasitized"":0.8931489586830139,""val_f2_parasitized"":0.8819433699520347,""val_balanced_accuracy"":0.921782246496745,""val_n_pred_uninfected"":1530,""val_n_pred_parasitized"":1163,""val_pr_auc_parasitized"":0.9833868189757551,""val_recall_parasitized"":0.8603773584905661,""val_prediction_collapse"":0,""val_roc_auc_parasitized"":0.9837608959505684,""val_early_stopping_score"":0.8819433699518061,""val_checkpoint_policy_score"":0.8603773584905661,""val_percent_pred_uninfected"":0.5681396212402525,""val_sensitivity_parasitized"":0.8603773584905661,""val_percent_pred_parasitized"":0.4318603787597475,""val_prediction_collapse_detected"":0}",0.9666962623596191,0.22439293563365936,9,base,0.971103310585022,0.8931489586830139,0.9838447570800781,0.9129846692085266,0.2057354599237442,0.9307569861412048,0.9834316968917847,0.8603773713111877,9,0.932989239692688,0.9227626919746399,0.0005000000237487257,0.980223536491394,0.9831871345029239,0.9130691289901733,0.8931489586830139,0.8819433699520347,0.921782246496745,1530,1163,0.9833868189757551,0.8603773584905661,0,0.9837608959505684,0.8819433699518061,0.8603773584905661,0.5681396212402525,0.8603773584905661,0.4318603787597475,0
0bbdd732-1a7a-4360-8f05-5bb9f0d50773,vgg16,sgd,Q06/Q11,train_execution_records,epoch,base,10,2026-10-04T01:23:38.623549+00:00,43620ba1-f43d-43f6-8d6f-49a62e0342ad,47,2026-10-04T01:23:38.626864+00:00,2026-10-04T01:11:49.880889+00:00,708.745975,2026-10-04T01:23:38.660931+00:00,2026-10-04T01:23:38.751911+00:00,0.09098,2026-10-04T01:23:38.783223+00:00,2026-10-04T01:24:41.652920+00:00,62.869697,"{""auc"":0.9676499366760254,""loss"":0.22231672704219818,""epoch"":10,""phase"":""base"",""pr_auc"":0.9716938734054565,""recall"":0.8965610265731812,""val_auc"":0.983802855014801,""accuracy"":0.9155094623565674,""val_loss"":0.211422860622406,""precision"":0.9325674772262573,""val_pr_auc"":0.9833071231842041,""val_recall"":0.852075457572937,""phase_epoch"":10,""specificity"":0.9346191883087158,""val_accuracy"":0.9183067083358765,""learning_rate"":0.0005000000237487257,""val_precision"":0.9791847467422485,""val_specificity"":0.9824561403508771,""balanced_accuracy"":0.9155901074409485,""recall_parasitized"":0.8965610265731812,""val_f2_parasitized"":0.8747869208120254,""val_balanced_accuracy"":0.9172658060244951,""val_n_pred_uninfected"":1540,""val_n_pred_parasitized"":1153,""val_pr_auc_parasitized"":0.9832997528726571,""val_recall_parasitized"":0.8520754716981133,""val_prediction_collapse"":0,""val_roc_auc_parasitized"":0.9838166170142337,""val_early_stopping_score"":0.8747869208118022,""val_checkpoint_policy_score"":0.8520754716981133,""val_percent_pred_uninfected"":0.5718529520980319,""val_sensitivity_parasitized"":0.8520754716981133,""val_percent_pred_parasitized"":0.42814704790196806,""val_prediction_collapse_detected"":0}",0.9676499366760254,0.22231672704219818,10,base,0.9716938734054565,0.8965610265731812,0.983802855014801,0.9155094623565674,0.211422860622406,0.9325674772262573,0.9833071231842041,0.852075457572937,10,0.9346191883087158,0.9183067083358765,0.0005000000237487257,0.9791847467422485,0.9824561403508771,0.9155901074409485,0.8965610265731812,0.8747869208120254,0.9172658060244951,1540,1153,0.9832997528726571,0.8520754716981133,0,0.9838166170142337,0.8747869208118022,0.8520754716981133,0.5718529520980319,0.8520754716981133,0.42814704790196806,0
0bbdd732-1a7a-4360-8f05-5bb9f0d50773,vgg16,sgd,Q06/Q11,train_execution_records,epoch,base,11,2026-10-04T01:35:31.066076+00:00,82f1d4c7-76ab-407b-a0ee-ff19463520bd,52,2026-10-04T01:35:31.070011+00:00,2026-10-04T01:23:38.626864+00:00,712.443147,2026-10-04T01:35:31.107027+00:00,2026-10-04T01:35:31.198172+00:00,0.091145,2026-10-04T01:35:31.229998+00:00,2026-10-04T01:36:34.827817+00:00,63.597819,"{""auc"":0.9672035574913025,""loss"":0.2228723168373108,""epoch"":11,""phase"":""base"",""pr_auc"":0.9720383882522583,""recall"":0.8949447870254517,""val_auc"":0.9827716946601868,""accuracy"":0.9136609435081482,""val_loss"":0.2001653015613556,""precision"":0.9304518103599548,""val_pr_auc"":0.9823561906814575,""val_recall"":0.8649056553840637,""phase_epoch"":11,""specificity"":0.9325364232063293,""val_accuracy"":0.9235053658485413,""learning_rate"":0.0002500000118743628,""val_precision"":0.9769821166992188,""val_specificity"":0.9802631578947368,""balanced_accuracy"":0.9137406349182129,""recall_parasitized"":0.8949447870254517,""val_f2_parasitized"":0.8852155105824193,""val_balanced_accuracy"":0.9225844091360477,""val_n_pred_uninfected"":1520,""val_n_pred_parasitized"":1173,""val_pr_auc_parasitized"":0.9825188256086949,""val_recall_parasitized"":0.8649056603773585,""val_prediction_collapse"":0,""val_roc_auc_parasitized"":0.9828136378682556,""val_early_stopping_score"":0.8852155105821881,""val_checkpoint_policy_score"":0.8649056603773585,""val_percent_pred_uninfected"":0.564426290382473,""val_sensitivity_parasitized"":0.8649056603773585,""val_percent_pred_parasitized"":0.4355737096175269,""val_prediction_collapse_detected"":0}",0.9672035574913025,0.2228723168373108,11,base,0.9720383882522583,0.8949447870254517,0.9827716946601868,0.9136609435081482,0.2001653015613556,0.9304518103599548,0.9823561906814575,0.8649056553840637,11,0.9325364232063293,0.9235053658485413,0.0002500000118743628,0.9769821166992188,0.9802631578947368,0.9137406349182129,0.8949447870254517,0.8852155105824193,0.9225844091360477,1520,1173,0.9825188256086949,0.8649056603773585,0,0.9828136378682556,0.8852155105821881,0.8649056603773585,0.564426290382473,0.8649056603773585,0.4355737096175269,0
0bbdd732-1a7a-4360-8f05-5bb9f0d50773,vgg16,sgd,Q06/Q11,train_execution_records,epoch,base,12,2026-10-04T01:47:22.605711+00:00,50900754-9380-442a-947c-2f313a245aec,57,2026-10-04T01:47:22.608143+00:00,2026-10-04T01:35:31.070011+00:00,711.538132,2026-10-04T01:47:22.644412+00:00,2026-10-04T01:47:22.730526+00:00,0.086114,2026-10-04T01:47:22.761479+00:00,2026-10-04T01:48:26.057205+00:00,63.295726,"{""auc"":0.9698667526245117,""loss"":0.21414223313331604,""epoch"":12,""phase"":""base"",""pr_auc"":0.9740286469459534,""recall"":0.8981772661209106,""val_auc"":0.9838014245033264,""accuracy"":0.917989194393158,""val_loss"":0.20393507182598114,""precision"":0.9359094500541687,""val_pr_auc"":0.983386754989624,""val_recall"":0.8626415133476257,""phase_epoch"":12,""specificity"":0.9379697442054749,""val_accuracy"":0.9235053658485413,""learning_rate"":0.0002500000118743628,""val_precision"":0.9794344305992126,""val_specificity"":0.9824561403508771,""balanced_accuracy"":0.9180735349655151,""recall_parasitized"":0.8981772661209106,""val_f2_parasitized"":0.8837173341580331,""val_balanced_accuracy"":0.9225488248924196,""val_n_pred_uninfected"":1526,""val_n_pred_parasitized"":1167,""val_pr_auc_parasitized"":0.9833836034694236,""val_recall_parasitized"":0.8626415094339622,""val_prediction_collapse"":0,""val_roc_auc_parasitized"":0.9837730332119607,""val_early_stopping_score"":0.8837173341578031,""val_checkpoint_policy_score"":0.8626415094339622,""val_percent_pred_uninfected"":0.5666542888971408,""val_sensitivity_parasitized"":0.8626415094339622,""val_percent_pred_parasitized"":0.43334571110285924,""val_prediction_collapse_detected"":0}",0.9698667526245117,0.21414223313331604,12,base,0.9740286469459534,0.8981772661209106,0.9838014245033264,0.917989194393158,0.20393507182598114,0.9359094500541687,0.983386754989624,0.8626415133476257,12,0.9379697442054749,0.9235053658485413,0.0002500000118743628,0.9794344305992126,0.9824561403508771,0.9180735349655151,0.8981772661209106,0.8837173341580331,0.9225488248924196,1526,1167,0.9833836034694236,0.8626415094339622,0,0.9837730332119607,0.8837173341578031,0.8626415094339622,0.5666542888971408,0.8626415094339622,0.43334571110285924,0
0bbdd732-1a7a-4360-8f05-5bb9f0d50773,vgg16,sgd,Q06/Q11,train_execution_records,epoch,base,13,2026-10-04T01:59:09.554756+00:00,7657f4ad-a9f2-4d96-a476-eab1bf672ced,62,2026-10-04T01:59:09.557225+00:00,2026-10-04T01:47:22.608143+00:00,706.949082,2026-10-04T01:59:09.592538+00:00,2026-10-04T01:59:09.680810+00:00,0.088272,2026-10-04T01:59:09.714611+00:00,2026-10-04T02:00:12.351871+00:00,62.63726,"{""auc"":0.9692390561103821,""loss"":0.21557119488716125,""epoch"":13,""phase"":""base"",""pr_auc"":0.9733935594558716,""recall"":0.8979976773262024,""val_auc"":0.9835501909255981,""accuracy"":0.9170874953269958,""val_loss"":0.2011934220790863,""precision"":0.9343236088752747,""val_pr_auc"":0.9831520318984985,""val_recall"":0.8641509413719177,""phase_epoch"":13,""specificity"":0.9363397359848022,""val_accuracy"":0.9238767027854919,""learning_rate"":0.0002500000118743628,""val_precision"":0.9786324501037598,""val_specificity"":0.9817251461988304,""balanced_accuracy"":0.9171687364578247,""recall_parasitized"":0.8979976773262024,""val_f2_parasitized"":0.884853168469861,""val_balanced_accuracy"":0.9229380447975284,""val_n_pred_uninfected"":1523,""val_n_pred_parasitized"":1170,""val_pr_auc_parasitized"":0.983263445512208,""val_recall_parasitized"":0.8641509433962264,""val_prediction_collapse"":0,""val_roc_auc_parasitized"":0.9837360697340837,""val_early_stopping_score"":0.88485316846963,""val_checkpoint_policy_score"":0.8641509433962264,""val_percent_pred_uninfected"":0.565540289639807,""val_sensitivity_parasitized"":0.8641509433962264,""val_percent_pred_parasitized"":0.4344597103601931,""val_prediction_collapse_detected"":0}",0.9692390561103821,0.21557119488716125,13,base,0.9733935594558716,0.8979976773262024,0.9835501909255981,0.9170874953269958,0.2011934220790863,0.9343236088752747,0.9831520318984985,0.8641509413719177,13,0.9363397359848022,0.9238767027854919,0.0002500000118743628,0.9786324501037598,0.9817251461988304,0.9171687364578247,0.8979976773262024,0.884853168469861,0.9229380447975284,1523,1170,0.983263445512208,0.8641509433962264,0,0.9837360697340837,0.88485316846963,0.8641509433962264,0.565540289639807,0.8641509433962264,0.4344597103601931,0
0bbdd732-1a7a-4360-8f05-5bb9f0d50773,vgg16,sgd,Q06/Q11,train_execution_records,epoch,fine_tuning,1,2026-10-04T02:12:24.564182+00:00,a39ae981-a6da-498c-a210-5f40eae6b42c,69,2026-10-04T02:12:24.566743+00:00,2026-10-04T02:00:12.442628+00:00,732.124115,2026-10-04T02:12:24.600931+00:00,2026-10-04T02:12:24.704660+00:00,0.103729,2026-10-04T02:12:24.737090+00:00,2026-10-04T02:13:28.447471+00:00,63.710381,"{""auc"":0.9666059613227844,""loss"":0.2227942794561386,""epoch"":14,""phase"":""fine_tuning"",""pr_auc"":0.9710513949394226,""recall"":0.8900960683822632,""val_auc"":0.9872592091560364,""accuracy"":0.9159603118896484,""val_loss"":0.14404581487178802,""precision"":0.9393537640571594,""val_pr_auc"":0.9867991209030151,""val_recall"":0.9245283007621765,""phase_epoch"":1,""specificity"":0.942044734954834,""val_accuracy"":0.9491273760795593,""learning_rate"":0.00009999999747378752,""val_precision"":0.9706814289093018,""val_specificity"":0.972953216374269,""balanced_accuracy"":0.9160704016685486,""recall_parasitized"":0.8900960683822632,""val_f2_parasitized"":0.9334044498628467,""val_balanced_accuracy"":0.9487407591305308,""val_n_pred_uninfected"":1431,""val_n_pred_parasitized"":1262,""val_pr_auc_parasitized"":0.9873834299781327,""val_recall_parasitized"":0.9245283018867925,""val_prediction_collapse"":0,""val_roc_auc_parasitized"":0.9873380778991504,""val_early_stopping_score"":0.9334044498625755,""val_checkpoint_policy_score"":0.9245283018867925,""val_percent_pred_uninfected"":0.5313776457482362,""val_sensitivity_parasitized"":0.9245283018867925,""val_percent_pred_parasitized"":0.46862235425176385,""val_prediction_collapse_detected"":0}",0.9666059613227844,0.2227942794561386,14,fine_tuning,0.9710513949394226,0.8900960683822632,0.9872592091560364,0.9159603118896484,0.14404581487178802,0.9393537640571594,0.9867991209030151,0.9245283007621765,1,0.942044734954834,0.9491273760795593,0.00009999999747378752,0.9706814289093018,0.972953216374269,0.9160704016685486,0.8900960683822632,0.9334044498628467,0.9487407591305308,1431,1262,0.9873834299781327,0.9245283018867925,0,0.9873380778991504,0.9334044498625755,0.9245283018867925,0.5313776457482362,0.9245283018867925,0.46862235425176385,0
0bbdd732-1a7a-4360-8f05-5bb9f0d50773,vgg16,sgd,Q06/Q11,train_execution_records,epoch,fine_tuning,2,2026-10-04T02:25:41.206247+00:00,3d0b8e1c-daa7-4aea-84aa-b55a8de332aa,74,2026-10-04T02:25:41.208742+00:00,2026-10-04T02:12:24.566743+00:00,796.641999,2026-10-04T02:25:41.244888+00:00,2026-10-04T02:25:41.349252+00:00,0.104364,2026-10-04T02:25:41.380830+00:00,2026-10-04T02:26:44.922991+00:00,63.542161,"{""auc"":0.9757574200630188,""loss"":0.19045591354370117,""epoch"":15,""phase"":""fine_tuning"",""pr_auc"":0.9779995083808899,""recall"":0.9037442803382874,""val_auc"":0.9881752133369446,""accuracy"":0.9310640096664429,""val_loss"":0.13527162373065948,""precision"":0.9565671682357788,""val_pr_auc"":0.9878045320510864,""val_recall"":0.9343396425247192,""phase_epoch"":2,""specificity"":0.958616316318512,""val_accuracy"":0.9539546966552734,""learning_rate"":0.00009999999747378752,""val_precision"":0.9709804058074951,""val_specificity"":0.972953216374269,""balanced_accuracy"":0.9311802983283997,""recall_parasitized"":0.9037442803382874,""val_f2_parasitized"":0.9414448669201521,""val_balanced_accuracy"":0.9536464195078892,""val_n_pred_uninfected"":1418,""val_n_pred_parasitized"":1275,""val_pr_auc_parasitized"":0.9883142095087025,""val_recall_parasitized"":0.9343396226415094,""val_prediction_collapse"":0,""val_roc_auc_parasitized"":0.9881948582147191,""val_early_stopping_score"":0.9414448669198738,""val_checkpoint_policy_score"":0.9343396226415094,""val_percent_pred_uninfected"":0.5265503156331229,""val_sensitivity_parasitized"":0.9343396226415094,""val_percent_pred_parasitized"":0.47344968436687707,""val_prediction_collapse_detected"":0}",0.9757574200630188,0.19045591354370117,15,fine_tuning,0.9779995083808899,0.9037442803382874,0.9881752133369446,0.9310640096664429,0.13527162373065948,0.9565671682357788,0.9878045320510864,0.9343396425247192,2,0.958616316318512,0.9539546966552734,0.00009999999747378752,0.9709804058074951,0.972953216374269,0.9311802983283997,0.9037442803382874,0.9414448669201521,0.9536464195078892,1418,1275,0.9883142095087025,0.9343396226415094,0,0.9881948582147191,0.9414448669198738,0.9343396226415094,0.5265503156331229,0.9343396226415094,0.47344968436687707,0
0bbdd732-1a7a-4360-8f05-5bb9f0d50773,vgg16,sgd,Q06/Q11,train_execution_records,epoch,fine_tuning,3,2026-10-04T02:38:57.404845+00:00,033519fb-2590-4e02-aa9a-685f0e48a58a,79,2026-10-04T02:38:57.408069+00:00,2026-10-04T02:25:41.208742+00:00,796.199327,2026-10-04T02:38:57.446432+00:00,2026-10-04T02:38:57.551012+00:00,0.10458,2026-10-04T02:38:57.584721+00:00,2026-10-04T02:40:01.150847+00:00,63.566126,"{""auc"":0.9763721227645874,""loss"":0.18627497553825378,""epoch"":16,""phase"":""fine_tuning"",""pr_auc"":0.9790562987327576,""recall"":0.9056298732757568,""val_auc"":0.9875057935714722,""accuracy"":0.9315148591995239,""val_loss"":0.14042067527770996,""precision"":0.9556566476821899,""val_pr_auc"":0.9871794581413269,""val_recall"":0.9313207268714905,""phase_epoch"":3,""specificity"":0.9576202034950256,""val_accuracy"":0.9543260335922241,""learning_rate"":0.00009999999747378752,""val_precision"":0.9747235178947449,""val_specificity"":0.9766081871345029,""balanced_accuracy"":0.9316250085830688,""recall_parasitized"":0.9056298732757568,""val_f2_parasitized"":0.9396893085592446,""val_balanced_accuracy"":0.953964470925742,""val_n_pred_uninfected"":1427,""val_n_pred_parasitized"":1266,""val_pr_auc_parasitized"":0.9877201206710484,""val_recall_parasitized"":0.9313207547169812,""val_prediction_collapse"":0,""val_roc_auc_parasitized"":0.9874798631799625,""val_early_stopping_score"":0.939689308558968,""val_checkpoint_policy_score"":0.9313207547169812,""val_percent_pred_uninfected"":0.5298923134051244,""val_sensitivity_parasitized"":0.9313207547169812,""val_percent_pred_parasitized"":0.4701076865948756,""val_prediction_collapse_detected"":0}",0.9763721227645874,0.18627497553825378,16,fine_tuning,0.9790562987327576,0.9056298732757568,0.9875057935714722,0.9315148591995239,0.14042067527770996,0.9556566476821899,0.9871794581413269,0.9313207268714905,3,0.9576202034950256,0.9543260335922241,0.00009999999747378752,0.9747235178947449,0.9766081871345029,0.9316250085830688,0.9056298732757568,0.9396893085592446,0.953964470925742,1427,1266,0.9877201206710484,0.9313207547169812,0,0.9874798631799625,0.939689308558968,0.9313207547169812,0.5298923134051244,0.9313207547169812,0.4701076865948756,0
0bbdd732-1a7a-4360-8f05-5bb9f0d50773,vgg16,sgd,Q06/Q11,train_execution_records,epoch,fine_tuning,4,2026-10-04T02:52:13.444457+00:00,8d167fa6-3be9-4903-9a3b-a09036aa9c86,84,2026-10-04T02:52:13.450187+00:00,2026-10-04T02:38:57.408069+00:00,796.042118,2026-10-04T02:52:13.485282+00:00,2026-10-04T02:52:13.589740+00:00,0.104458,2026-10-04T02:52:13.621791+00:00,2026-10-04T02:53:17.270153+00:00,63.648362,"{""auc"":0.978827714920044,""loss"":0.17612065374851227,""epoch"":17,""phase"":""fine_tuning"",""pr_auc"":0.9811196327209473,""recall"":0.912813127040863,""val_auc"":0.9859924912452698,""accuracy"":0.9362037777900696,""val_loss"":0.15293516218662262,""precision"":0.958152711391449,""val_pr_auc"":0.9866435527801514,""val_recall"":0.9101886749267578,""phase_epoch"":4,""specificity"":0.9597935080528259,""val_accuracy"":0.9457853436470032,""learning_rate"":0.00009999999747378752,""val_precision"":0.9781022071838379,""val_specificity"":0.9802631578947368,""balanced_accuracy"":0.9363033175468445,""recall_parasitized"":0.912813127040863,""val_f2_parasitized"":0.9230062758303995,""val_balanced_accuracy"":0.9452259185700099,""val_n_pred_uninfected"":1460,""val_n_pred_parasitized"":1233,""val_pr_auc_parasitized"":0.9866731922223932,""val_recall_parasitized"":0.910188679245283,""val_prediction_collapse"":0,""val_roc_auc_parasitized"":0.9860024274522785,""val_early_stopping_score"":0.9230062758301374,""val_checkpoint_policy_score"":0.910188679245283,""val_percent_pred_uninfected"":0.5421463052357965,""val_sensitivity_parasitized"":0.910188679245283,""val_percent_pred_parasitized"":0.4578536947642035,""val_prediction_collapse_detected"":0}",0.978827714920044,0.17612065374851227,17,fine_tuning,0.9811196327209473,0.912813127040863,0.9859924912452698,0.9362037777900696,0.15293516218662262,0.958152711391449,0.9866435527801514,0.9101886749267578,4,0.9597935080528259,0.9457853436470032,0.00009999999747378752,0.9781022071838379,0.9802631578947368,0.9363033175468445,0.912813127040863,0.9230062758303995,0.9452259185700099,1460,1233,0.9866731922223932,0.910188679245283,0,0.9860024274522785,0.9230062758301374,0.910188679245283,0.5421463052357965,0.910188679245283,0.4578536947642035,0
0bbdd732-1a7a-4360-8f05-5bb9f0d50773,vgg16,sgd,Q06/Q11,train_execution_records,epoch,fine_tuning,5,2026-10-04T03:05:29.346587+00:00,a0f55673-784c-4c9f-9a24-44e29f63fcf5,89,2026-10-04T03:05:29.349911+00:00,2026-10-04T02:52:13.450187+00:00,795.899724,2026-10-04T03:05:29.388362+00:00,2026-10-04T03:05:29.498975+00:00,0.110613,2026-10-04T03:05:29.531678+00:00,2026-10-04T03:06:33.025219+00:00,63.493541,"{""auc"":0.9800612330436707,""loss"":0.17151015996932983,""epoch"":18,""phase"":""fine_tuning"",""pr_auc"":0.9819449782371521,""recall"":0.9121845960617065,""val_auc"":0.9862150549888611,""accuracy"":0.9370604157447815,""val_loss"":0.16125039756298065,""precision"":0.960480272769928,""val_pr_auc"":0.9867080450057983,""val_recall"":0.8913207650184631,""phase_epoch"":5,""specificity"":0.9621479511260986,""val_accuracy"":0.9391013979911804,""learning_rate"":0.00009999999747378752,""val_precision"":0.9833472371101379,""val_specificity"":0.9853801169590644,""balanced_accuracy"":0.9371662735939026,""recall_parasitized"":0.9121845960617065,""val_f2_parasitized"":0.9083217966466698,""val_balanced_accuracy"":0.9383504358380228,""val_n_pred_uninfected"":1492,""val_n_pred_parasitized"":1201,""val_pr_auc_parasitized"":0.9870216367891802,""val_recall_parasitized"":0.8913207547169811,""val_prediction_collapse"":0,""val_roc_auc_parasitized"":0.9863108242303872,""val_early_stopping_score"":0.90832179664642,""val_checkpoint_policy_score"":0.8913207547169811,""val_percent_pred_uninfected"":0.5540289639806907,""val_sensitivity_parasitized"":0.8913207547169811,""val_percent_pred_parasitized"":0.4459710360193093,""val_prediction_collapse_detected"":0}",0.9800612330436707,0.17151015996932983,18,fine_tuning,0.9819449782371521,0.9121845960617065,0.9862150549888611,0.9370604157447815,0.16125039756298065,0.960480272769928,0.9867080450057983,0.8913207650184631,5,0.9621479511260986,0.9391013979911804,0.00009999999747378752,0.9833472371101379,0.9853801169590644,0.9371662735939026,0.9121845960617065,0.9083217966466698,0.9383504358380228,1492,1201,0.9870216367891802,0.8913207547169811,0,0.9863108242303872,0.90832179664642,0.8913207547169811,0.5540289639806907,0.8913207547169811,0.4459710360193093,0
0bbdd732-1a7a-4360-8f05-5bb9f0d50773,vgg16,sgd,Q06/Q11,train_execution_records,epoch,fine_tuning,6,2026-10-04T03:18:45.168304+00:00,ac6631ca-973d-4a25-aa34-799f6526c565,94,2026-10-04T03:18:45.171396+00:00,2026-10-04T03:05:29.349911+00:00,795.821485,2026-10-04T03:18:45.206885+00:00,2026-10-04T03:18:45.313068+00:00,0.106183,2026-10-04T03:18:45.345722+00:00,2026-10-04T03:19:48.890454+00:00,63.544732,"{""auc"":0.9802483916282654,""loss"":0.1691386103630066,""epoch"":19,""phase"":""fine_tuning"",""pr_auc"":0.9829469919204712,""recall"":0.9146987795829773,""val_auc"":0.9867110848426819,""accuracy"":0.9385482668876648,""val_loss"":0.16641509532928467,""precision"":0.9610377550125122,""val_pr_auc"":0.9871000051498413,""val_recall"":0.8830188512802124,""phase_epoch"":6,""specificity"":0.9626007676124573,""val_accuracy"":0.9350166916847229,""learning_rate"":0.00004999999873689376,""val_precision"":0.9831932783126831,""val_specificity"":0.9853801169590644,""balanced_accuracy"":0.9386497735977173,""recall_parasitized"":0.9146987795829773,""val_f2_parasitized"":0.901386748844376,""val_balanced_accuracy"":0.9341994924417963,""val_n_pred_uninfected"":1503,""val_n_pred_parasitized"":1190,""val_pr_auc_parasitized"":0.9875369727935182,""val_recall_parasitized"":0.8830188679245283,""val_prediction_collapse"":0,""val_roc_auc_parasitized"":0.9867041818382434,""val_early_stopping_score"":0.901386748844132,""val_checkpoint_policy_score"":0.8830188679245283,""val_percent_pred_uninfected"":0.558113627924248,""val_sensitivity_parasitized"":0.8830188679245283,""val_percent_pred_parasitized"":0.44188637207575193,""val_prediction_collapse_detected"":0}",0.9802483916282654,0.1691386103630066,19,fine_tuning,0.9829469919204712,0.9146987795829773,0.9867110848426819,0.9385482668876648,0.16641509532928467,0.9610377550125122,0.9871000051498413,0.8830188512802124,6,0.9626007676124573,0.9350166916847229,0.00004999999873689376,0.9831932783126831,0.9853801169590644,0.9386497735977173,0.9146987795829773,0.901386748844376,0.9341994924417963,1503,1190,0.9875369727935182,0.8830188679245283,0,0.9867041818382434,0.901386748844132,0.8830188679245283,0.558113627924248,0.8830188679245283,0.44188637207575193,0
0bbdd732-1a7a-4360-8f05-5bb9f0d50773,vgg16,sgd,Q06/Q11,train_execution_records,epoch,fine_tuning,7,2026-10-04T03:32:00.815091+00:00,2564ef11-f365-4d1a-97bd-f8e11000f8b0,99,2026-10-04T03:32:00.822844+00:00,2026-10-04T03:18:45.171396+00:00,795.651448,2026-10-04T03:32:00.858312+00:00,2026-10-04T03:32:00.964854+00:00,0.106542,2026-10-04T03:32:00.997956+00:00,2026-10-04T03:33:04.535721+00:00,63.537765,"{""auc"":0.9824419617652893,""loss"":0.16078296303749084,""epoch"":20,""phase"":""fine_tuning"",""pr_auc"":0.9844335317611694,""recall"":0.9172129034996033,""val_auc"":0.9874823093414307,""accuracy"":0.9408025145530701,""val_loss"":0.14254282414913177,""precision"":0.9631340503692627,""val_pr_auc"":0.9879756569862366,""val_recall"":0.9207547307014465,""phase_epoch"":7,""specificity"":0.9645929336547852,""val_accuracy"":0.9502413868904114,""learning_rate"":0.00004999999873689376,""val_precision"":0.97678142786026,""val_specificity"":0.9788011695906432,""balanced_accuracy"":0.9409029483795166,""recall_parasitized"":0.9172129034996033,""val_f2_parasitized"":0.9314399144907619,""val_balanced_accuracy"":0.9497779432858877,""val_n_pred_uninfected"":1444,""val_n_pred_parasitized"":1249,""val_pr_auc_parasitized"":0.9880680981227876,""val_recall_parasitized"":0.9207547169811321,""val_prediction_collapse"":0,""val_roc_auc_parasitized"":0.9874346242965906,""val_early_stopping_score"":0.9314399144904926,""val_checkpoint_policy_score"":0.9207547169811321,""val_percent_pred_uninfected"":0.5362049758633495,""val_sensitivity_parasitized"":0.9207547169811321,""val_percent_pred_parasitized"":0.4637950241366506,""val_prediction_collapse_detected"":0}",0.9824419617652893,0.16078296303749084,20,fine_tuning,0.9844335317611694,0.9172129034996033,0.9874823093414307,0.9408025145530701,0.14254282414913177,0.9631340503692627,0.9879756569862366,0.9207547307014465,7,0.9645929336547852,0.9502413868904114,0.00004999999873689376,0.97678142786026,0.9788011695906432,0.9409029483795166,0.9172129034996033,0.9314399144907619,0.9497779432858877,1444,1249,0.9880680981227876,0.9207547169811321,0,0.9874346242965906,0.9314399144904926,0.9207547169811321,0.5362049758633495,0.9207547169811321,0.4637950241366506,0
0bbdd732-1a7a-4360-8f05-5bb9f0d50773,vgg16,sgd,Q06/Q11,train_execution_records,epoch,fine_tuning,8,2026-10-04T03:45:16.392624+00:00,54e36167-3f64-41f4-848e-bbeea8247e0b,104,2026-10-04T03:45:16.395755+00:00,2026-10-04T03:32:00.822844+00:00,795.572911,2026-10-04T03:45:16.430670+00:00,2026-10-04T03:45:16.538781+00:00,0.108111,2026-10-04T03:45:16.570720+00:00,2026-10-04T03:46:20.047694+00:00,63.476974,"{""auc"":0.9825295805931091,""loss"":0.1598731428384781,""epoch"":21,""phase"":""fine_tuning"",""pr_auc"":0.9843074083328247,""recall"":0.9206249713897705,""val_auc"":0.986932098865509,""accuracy"":0.9415239095687866,""val_loss"":0.15888357162475586,""precision"":0.9612788558006287,""val_pr_auc"":0.9873639941215515,""val_recall"":0.8943396210670471,""phase_epoch"":8,""specificity"":0.9626007676124573,""val_accuracy"":0.9402153491973877,""learning_rate"":0.00004999999873689376,""val_precision"":0.9825870394706726,""val_specificity"":0.9846491228070176,""balanced_accuracy"":0.9416128396987915,""recall_parasitized"":0.9206249713897705,""val_f2_parasitized"":0.9106978173993237,""val_balanced_accuracy"":0.9394943727242635,""val_n_pred_uninfected"":1487,""val_n_pred_parasitized"":1206,""val_pr_auc_parasitized"":0.9876405496077393,""val_recall_parasitized"":0.8943396226415095,""val_prediction_collapse"":0,""val_roc_auc_parasitized"":0.9869392033542977,""val_early_stopping_score"":0.9106978173990719,""val_checkpoint_policy_score"":0.8943396226415095,""val_percent_pred_uninfected"":0.5521722985518009,""val_sensitivity_parasitized"":0.8943396226415095,""val_percent_pred_parasitized"":0.44782770144819906,""val_prediction_collapse_detected"":0}",0.9825295805931091,0.1598731428384781,21,fine_tuning,0.9843074083328247,0.9206249713897705,0.986932098865509,0.9415239095687866,0.15888357162475586,0.9612788558006287,0.9873639941215515,0.8943396210670471,8,0.9626007676124573,0.9402153491973877,0.00004999999873689376,0.9825870394706726,0.9846491228070176,0.9416128396987915,0.9206249713897705,0.9106978173993237,0.9394943727242635,1487,1206,0.9876405496077393,0.8943396226415095,0,0.9869392033542977,0.9106978173990719,0.8943396226415095,0.5521722985518009,0.8943396226415095,0.44782770144819906,0
0bbdd732-1a7a-4360-8f05-5bb9f0d50773,vgg16,sgd,Q06/Q11,train_execution_records,epoch,fine_tuning,9,2026-10-04T03:58:31.716299+00:00,db67e8c6-3a98-47ec-bdc6-0c3a1e32f8a9,109,2026-10-04T03:58:31.722005+00:00,2026-10-04T03:45:16.395755+00:00,795.32625,2026-10-04T03:58:31.761185+00:00,2026-10-04T03:58:31.866324+00:00,0.105139,2026-10-04T03:58:31.898319+00:00,2026-10-04T03:59:35.468024+00:00,63.569705,"{""auc"":0.982406497001648,""loss"":0.159200981259346,""epoch"":22,""phase"":""fine_tuning"",""pr_auc"":0.9843763113021851,""recall"":0.9204453825950623,""val_auc"":0.9871644973754883,""accuracy"":0.9418395161628723,""val_loss"":0.1572808027267456,""precision"":0.9620835185050964,""val_pr_auc"":0.9875410795211792,""val_recall"":0.8973584771156311,""phase_epoch"":9,""specificity"":0.9634157419204712,""val_accuracy"":0.9413293600082397,""learning_rate"":0.00004999999873689376,""val_precision"":0.9818332195281982,""val_specificity"":0.9839181286549707,""balanced_accuracy"":0.9419305324554443,""recall_parasitized"":0.9204453825950623,""val_f2_parasitized"":0.9130701889110736,""val_balanced_accuracy"":0.9406383096105042,""val_n_pred_uninfected"":1482,""val_n_pred_parasitized"":1211,""val_pr_auc_parasitized"":0.9878586630738189,""val_recall_parasitized"":0.8973584905660378,""val_prediction_collapse"":0,""val_roc_auc_parasitized"":0.9871907756813418,""val_early_stopping_score"":0.9130701889108199,""val_checkpoint_policy_score"":0.8973584905660378,""val_percent_pred_uninfected"":0.5503156331229112,""val_sensitivity_parasitized"":0.8973584905660378,""val_percent_pred_parasitized"":0.44968436687708874,""val_prediction_collapse_detected"":0}",0.982406497001648,0.159200981259346,22,fine_tuning,0.9843763113021851,0.9204453825950623,0.9871644973754883,0.9418395161628723,0.1572808027267456,0.9620835185050964,0.9875410795211792,0.8973584771156311,9,0.9634157419204712,0.9413293600082397,0.00004999999873689376,0.9818332195281982,0.9839181286549707,0.9419305324554443,0.9204453825950623,0.9130701889110736,0.9406383096105042,1482,1211,0.9878586630738189,0.8973584905660378,0,0.9871907756813418,0.9130701889108199,0.8973584905660378,0.5503156331229112,0.8973584905660378,0.44968436687708874,0
0bbdd732-1a7a-4360-8f05-5bb9f0d50773,vgg16,sgd,Q06/Q11,train_execution_records,epoch,fine_tuning,10,2026-10-04T04:11:46.756046+00:00,0637024a-b938-4596-ad9c-0f3582c7ab66,114,2026-10-04T04:11:46.759531+00:00,2026-10-04T03:58:31.722005+00:00,795.037526,2026-10-04T04:11:46.794747+00:00,2026-10-04T04:11:46.899802+00:00,0.105055,2026-10-04T04:11:46.934089+00:00,2026-10-04T04:12:50.451709+00:00,63.51762,"{""auc"":0.9820817708969116,""loss"":0.16085296869277954,""epoch"":23,""phase"":""fine_tuning"",""pr_auc"":0.9838854074478149,""recall"":0.920265793800354,""val_auc"":0.987074613571167,""accuracy"":0.942110002040863,""val_loss"":0.1473463773727417,""precision"":0.9627994298934937,""val_pr_auc"":0.987697958946228,""val_recall"":0.9086792469024658,""phase_epoch"":10,""specificity"":0.9641401767730713,""val_accuracy"":0.9461566805839539,""learning_rate"":0.00002499999936844688,""val_precision"":0.9804560542106628,""val_specificity"":0.9824561403508771,""balanced_accuracy"":0.9422029852867126,""recall_parasitized"":0.920265793800354,""val_f2_parasitized"":0.9221813725490197,""val_balanced_accuracy"":0.9455676928169481,""val_n_pred_uninfected"":1465,""val_n_pred_parasitized"":1228,""val_pr_auc_parasitized"":0.9879442031717142,""val_recall_parasitized"":0.9086792452830189,""val_prediction_collapse"":0,""val_roc_auc_parasitized"":0.9870710581485159,""val_early_stopping_score"":0.9221813725487582,""val_checkpoint_policy_score"":0.9086792452830189,""val_percent_pred_uninfected"":0.5440029706646862,""val_sensitivity_parasitized"":0.9086792452830189,""val_percent_pred_parasitized"":0.4559970293353138,""val_prediction_collapse_detected"":0}",0.9820817708969116,0.16085296869277954,23,fine_tuning,0.9838854074478149,0.920265793800354,0.987074613571167,0.942110002040863,0.1473463773727417,0.9627994298934937,0.987697958946228,0.9086792469024658,10,0.9641401767730713,0.9461566805839539,0.00002499999936844688,0.9804560542106628,0.9824561403508771,0.9422029852867126,0.920265793800354,0.9221813725490197,0.9455676928169481,1465,1228,0.9879442031717142,0.9086792452830189,0,0.9870710581485159,0.9221813725487582,0.9086792452830189,0.5440029706646862,0.9086792452830189,0.4559970293353138,0
0bbdd732-1a7a-4360-8f05-5bb9f0d50773,vgg16,sgd,Q06/Q11,train_execution_records,epoch,fine_tuning,11,2026-10-04T04:25:01.434178+00:00,e903545d-9b40-4ede-98b4-bd82e40d3443,119,2026-10-04T04:25:01.440103+00:00,2026-10-04T04:11:46.759531+00:00,794.680572,2026-10-04T04:25:01.475406+00:00,2026-10-04T04:25:01.582314+00:00,0.106908,2026-10-04T04:25:01.614583+00:00,2026-10-04T04:26:05.011149+00:00,63.396566,"{""auc"":0.9827114939689636,""loss"":0.15811364352703094,""epoch"":24,""phase"":""fine_tuning"",""pr_auc"":0.9846850037574768,""recall"":0.9197270274162292,""val_auc"":0.9872004389762878,""accuracy"":0.9417493343353271,""val_loss"":0.14890627562999725,""precision"":0.9625974893569946,""val_pr_auc"":0.9877408742904663,""val_recall"":0.9086792469024658,""phase_epoch"":11,""specificity"":0.9639590978622437,""val_accuracy"":0.9461566805839539,""learning_rate"":0.00002499999936844688,""val_precision"":0.9804560542106628,""val_specificity"":0.9824561403508771,""balanced_accuracy"":0.9418430328369141,""recall_parasitized"":0.9197270274162292,""val_f2_parasitized"":0.9221813725490197,""val_balanced_accuracy"":0.9455676928169481,""val_n_pred_uninfected"":1465,""val_n_pred_parasitized"":1228,""val_pr_auc_parasitized"":0.9879612160338991,""val_recall_parasitized"":0.9086792452830189,""val_prediction_collapse"":0,""val_roc_auc_parasitized"":0.9871836036632462,""val_early_stopping_score"":0.9221813725487582,""val_checkpoint_policy_score"":0.9086792452830189,""val_percent_pred_uninfected"":0.5440029706646862,""val_sensitivity_parasitized"":0.9086792452830189,""val_percent_pred_parasitized"":0.4559970293353138,""val_prediction_collapse_detected"":0}",0.9827114939689636,0.15811364352703094,24,fine_tuning,0.9846850037574768,0.9197270274162292,0.9872004389762878,0.9417493343353271,0.14890627562999725,0.9625974893569946,0.9877408742904663,0.9086792469024658,11,0.9639590978622437,0.9461566805839539,0.00002499999936844688,0.9804560542106628,0.9824561403508771,0.9418430328369141,0.9197270274162292,0.9221813725490197,0.9455676928169481,1465,1228,0.9879612160338991,0.9086792452830189,0,0.9871836036632462,0.9221813725487582,0.9086792452830189,0.5440029706646862,0.9086792452830189,0.4559970293353138,0
0bbdd732-1a7a-4360-8f05-5bb9f0d50773,vgg16,sgd,Q06/Q11,train_execution_records,epoch,fine_tuning,12,2026-10-04T04:38:15.807132+00:00,482f44ba-2657-48cf-97ea-cd9fb7845f8b,124,2026-10-04T04:38:15.810261+00:00,2026-10-04T04:25:01.440103+00:00,794.370158,2026-10-04T04:38:15.846805+00:00,2026-10-04T04:38:15.955735+00:00,0.10893,2026-10-04T04:38:15.986834+00:00,2026-10-04T04:39:19.450510+00:00,63.463676,"{""auc"":0.9829970598220825,""loss"":0.15824471414089203,""epoch"":25,""phase"":""fine_tuning"",""pr_auc"":0.9850199222564697,""recall"":0.919008731842041,""val_auc"":0.9871427416801453,""accuracy"":0.940351665019989,""val_loss"":0.15211600065231323,""precision"":0.9604917168617249,""val_pr_auc"":0.9877043962478638,""val_recall"":0.9041509628295898,""phase_epoch"":12,""specificity"":0.9618762731552124,""val_accuracy"":0.9446713924407959,""learning_rate"":0.00002499999936844688,""val_precision"":0.9819672107696533,""val_specificity"":0.9839181286549707,""balanced_accuracy"":0.9404425024986267,""recall_parasitized"":0.919008731842041,""val_f2_parasitized"":0.9187116564417178,""val_balanced_accuracy"":0.9440345360255986,""val_n_pred_uninfected"":1473,""val_n_pred_parasitized"":1220,""val_pr_auc_parasitized"":0.9879433748361859,""val_recall_parasitized"":0.9041509433962264,""val_prediction_collapse"":0,""val_roc_auc_parasitized"":0.9870986428334988,""val_early_stopping_score"":0.9187116564414594,""val_checkpoint_policy_score"":0.9041509433962264,""val_percent_pred_uninfected"":0.5469736353509098,""val_sensitivity_parasitized"":0.9041509433962264,""val_percent_pred_parasitized"":0.45302636464909024,""val_prediction_collapse_detected"":0}",0.9829970598220825,0.15824471414089203,25,fine_tuning,0.9850199222564697,0.919008731842041,0.9871427416801453,0.940351665019989,0.15211600065231323,0.9604917168617249,0.9877043962478638,0.9041509628295898,12,0.9618762731552124,0.9446713924407959,0.00002499999936844688,0.9819672107696533,0.9839181286549707,0.9404425024986267,0.919008731842041,0.9187116564417178,0.9440345360255986,1473,1220,0.9879433748361859,0.9041509433962264,0,0.9870986428334988,0.9187116564414594,0.9041509433962264,0.5469736353509098,0.9041509433962264,0.45302636464909024,0
0bbdd732-1a7a-4360-8f05-5bb9f0d50773,vgg16,sgd,Q06/Q11,train_execution_records,epoch,fine_tuning,13,2026-10-04T04:51:21.450165+00:00,1a39e61b-47bd-45d6-a59f-268926203275,129,2026-10-04T04:51:21.453149+00:00,2026-10-04T04:38:15.810261+00:00,785.642888,2026-10-04T04:51:21.491185+00:00,2026-10-04T04:51:21.597443+00:00,0.106258,2026-10-04T04:51:21.629412+00:00,2026-10-04T04:52:23.937517+00:00,62.308105,"{""auc"":0.9834516048431396,""loss"":0.15423236787319183,""epoch"":26,""phase"":""fine_tuning"",""pr_auc"":0.9852250218391418,""recall"":0.9194576740264893,""val_auc"":0.9874941110610962,""accuracy"":0.9413886666297913,""val_loss"":0.15205644071102142,""precision"":0.9621347188949585,""val_pr_auc"":0.9879757165908813,""val_recall"":0.9026415348052979,""phase_epoch"":13,""specificity"":0.963506281375885,""val_accuracy"":0.9443000555038452,""learning_rate"":0.00002499999936844688,""val_precision"":0.9827444553375244,""val_specificity"":0.9846491228070176,""balanced_accuracy"":0.9414819478988647,""recall_parasitized"":0.9194576740264893,""val_f2_parasitized"":0.9176001227558692,""val_balanced_accuracy"":0.9436453161204899,""val_n_pred_uninfected"":1476,""val_n_pred_parasitized"":1217,""val_pr_auc_parasitized"":0.9881939196539711,""val_recall_parasitized"":0.9026415094339623,""val_prediction_collapse"":0,""val_roc_auc_parasitized"":0.9874776564051638,""val_early_stopping_score"":0.9176001227556118,""val_checkpoint_policy_score"":0.9026415094339623,""val_percent_pred_uninfected"":0.5480876346082436,""val_sensitivity_parasitized"":0.9026415094339623,""val_percent_pred_parasitized"":0.4519123653917564,""val_prediction_collapse_detected"":0}",0.9834516048431396,0.15423236787319183,26,fine_tuning,0.9852250218391418,0.9194576740264893,0.9874941110610962,0.9413886666297913,0.15205644071102142,0.9621347188949585,0.9879757165908813,0.9026415348052979,13,0.963506281375885,0.9443000555038452,0.00002499999936844688,0.9827444553375244,0.9846491228070176,0.9414819478988647,0.9194576740264893,0.9176001227558692,0.9436453161204899,1476,1217,0.9881939196539711,0.9026415094339623,0,0.9874776564051638,0.9176001227556118,0.9026415094339623,0.5480876346082436,0.9026415094339623,0.4519123653917564,0
0bbdd732-1a7a-4360-8f05-5bb9f0d50773,vgg16,sgd,Q06/Q11,train_execution_records,epoch,fine_tuning,14,2026-10-04T05:04:22.609552+00:00,4c211a3b-31a9-4c13-a460-71c969eea817,134,2026-10-04T05:04:22.612817+00:00,2026-10-04T04:51:21.453149+00:00,781.159668,2026-10-04T05:04:22.647284+00:00,2026-10-04T05:04:22.755034+00:00,0.10775,2026-10-04T05:04:22.787366+00:00,2026-10-04T05:05:24.936630+00:00,62.149264,"{""auc"":0.9827242493629456,""loss"":0.1551782637834549,""epoch"":27,""phase"":""fine_tuning"",""pr_auc"":0.9849599599838257,""recall"":0.921792209148407,""val_auc"":0.9873995780944824,""accuracy"":0.9435076713562012,""val_loss"":0.1472862958908081,""precision"":0.9641247391700745,""val_pr_auc"":0.987940788269043,""val_recall"":0.9086792469024658,""phase_epoch"":14,""specificity"":0.9654079675674438,""val_accuracy"":0.9465280175209045,""learning_rate"":0.00001249999968422344,""val_precision"":0.9812551140785217,""val_specificity"":0.9831871345029239,""balanced_accuracy"":0.943600058555603,""recall_parasitized"":0.921792209148407,""val_f2_parasitized"":0.9223226597211582,""val_balanced_accuracy"":0.9459331898929715,""val_n_pred_uninfected"":1466,""val_n_pred_parasitized"":1227,""val_pr_auc_parasitized"":0.9881505556063871,""val_recall_parasitized"":0.9086792452830189,""val_prediction_collapse"":0,""val_roc_auc_parasitized"":0.9873744896833279,""val_early_stopping_score"":0.9223226597208967,""val_checkpoint_policy_score"":0.9086792452830189,""val_percent_pred_uninfected"":0.5443743037504641,""val_sensitivity_parasitized"":0.9086792452830189,""val_percent_pred_parasitized"":0.45562569624953586,""val_prediction_collapse_detected"":0}",0.9827242493629456,0.1551782637834549,27,fine_tuning,0.9849599599838257,0.921792209148407,0.9873995780944824,0.9435076713562012,0.1472862958908081,0.9641247391700745,0.987940788269043,0.9086792469024658,14,0.9654079675674438,0.9465280175209045,0.00001249999968422344,0.9812551140785217,0.9831871345029239,0.943600058555603,0.921792209148407,0.9223226597211582,0.9459331898929715,1466,1227,0.9881505556063871,0.9086792452830189,0,0.9873744896833279,0.9223226597208967,0.9086792452830189,0.5443743037504641,0.9086792452830189,0.45562569624953586,0
1cc25957-2804-47fa-b84e-4888264147c3,vgg16,adam,Q06/Q11,train_execution_records,epoch,base,1,2026-10-03T12:12:11.690436+00:00,762dc046-6766-4448-87d8-1a5a399a280a,2,2026-10-03T12:12:11.696410+00:00,2026-10-03T12:01:23.095803+00:00,648.600607,2026-10-03T12:12:11.731756+00:00,2026-10-03T12:12:11.821647+00:00,0.089891,2026-10-03T12:12:11.852372+00:00,2026-10-03T12:13:15.393657+00:00,63.541285,"{""auc"":0.9075797200202942,""loss"":0.46028098464012146,""epoch"":1,""phase"":""base"",""pr_auc"":0.9135458469390869,""recall"":0.8299362659454346,""val_auc"":0.9797459244728088,""accuracy"":0.8342651128768921,""val_loss"":0.18736523389816284,""precision"":0.8383673429489136,""val_pr_auc"":0.9765371680259705,""val_recall"":0.8943396210670471,""phase_epoch"":1,""specificity"":0.8386307954788208,""val_accuracy"":0.9309320449829102,""learning_rate"":0.00009999999747378752,""val_precision"":0.9626320004463196,""val_specificity"":0.966374269005848,""balanced_accuracy"":0.8342835307121277,""recall_parasitized"":0.8299362659454346,""val_f2_parasitized"":0.9072117593017914,""val_balanced_accuracy"":0.9303569458236787,""val_n_pred_uninfected"":1462,""val_n_pred_parasitized"":1231,""val_pr_auc_parasitized"":0.9789856074199983,""val_recall_parasitized"":0.8943396226415095,""val_prediction_collapse"":0,""val_roc_auc_parasitized"":0.9801031667218361,""val_early_stopping_score"":0.9072117593015425,""val_checkpoint_policy_score"":0.8943396226415095,""val_percent_pred_uninfected"":0.5428889714073524,""val_sensitivity_parasitized"":0.8943396226415095,""val_percent_pred_parasitized"":0.45711102859264763,""val_prediction_collapse_detected"":0}",0.9075797200202942,0.46028098464012146,1,base,0.9135458469390869,0.8299362659454346,0.9797459244728088,0.8342651128768921,0.18736523389816284,0.8383673429489136,0.9765371680259705,0.8943396210670471,1,0.8386307954788208,0.9309320449829102,0.00009999999747378752,0.9626320004463196,0.966374269005848,0.8342835307121277,0.8299362659454346,0.9072117593017914,0.9303569458236787,1462,1231,0.9789856074199983,0.8943396226415095,0,0.9801031667218361,0.9072117593015425,0.8943396226415095,0.5428889714073524,0.8943396226415095,0.45711102859264763,0
1cc25957-2804-47fa-b84e-4888264147c3,vgg16,adam,Q06/Q11,train_execution_records,epoch,base,2,2026-10-03T12:24:13.638961+00:00,1035b083-da6b-4bc4-b5ac-0814b2cfef57,7,2026-10-03T12:24:13.644262+00:00,2026-10-03T12:12:11.696410+00:00,721.947852,2026-10-03T12:24:13.682757+00:00,2026-10-03T12:24:13.778642+00:00,0.095885,2026-10-03T12:24:13.812102+00:00,2026-10-03T12:25:21.765213+00:00,67.953111,"{""auc"":0.9535748958587646,""loss"":0.27977052330970764,""epoch"":2,""phase"":""base"",""pr_auc"":0.956853985786438,""recall"":0.8777947425842285,""val_auc"":0.9816250205039978,""accuracy"":0.8935527205467224,""val_loss"":0.2543693780899048,""precision"":0.9072011709213257,""val_pr_auc"":0.9815599918365479,""val_recall"":0.8060377240180969,""phase_epoch"":2,""specificity"":0.9094448685646057,""val_accuracy"":0.8956553936004639,""learning_rate"":0.00009999999747378752,""val_precision"":0.9780219793319702,""val_specificity"":0.9824561403508771,""balanced_accuracy"":0.8936197757720947,""recall_parasitized"":0.8777947425842285,""val_f2_parasitized"":0.8354192740926157,""val_balanced_accuracy"":0.8942469380999669,""val_n_pred_uninfected"":1601,""val_n_pred_parasitized"":1092,""val_pr_auc_parasitized"":0.9815827179722603,""val_recall_parasitized"":0.8060377358490566,""val_prediction_collapse"":0,""val_roc_auc_parasitized"":0.9818299680017654,""val_early_stopping_score"":0.8354192740924214,""val_checkpoint_policy_score"":0.8060377358490566,""val_percent_pred_uninfected"":0.5945042703304865,""val_sensitivity_parasitized"":0.8060377358490566,""val_percent_pred_parasitized"":0.4054957296695135,""val_prediction_collapse_detected"":0}",0.9535748958587646,0.27977052330970764,2,base,0.956853985786438,0.8777947425842285,0.9816250205039978,0.8935527205467224,0.2543693780899048,0.9072011709213257,0.9815599918365479,0.8060377240180969,2,0.9094448685646057,0.8956553936004639,0.00009999999747378752,0.9780219793319702,0.9824561403508771,0.8936197757720947,0.8777947425842285,0.8354192740926157,0.8942469380999669,1601,1092,0.9815827179722603,0.8060377358490566,0,0.9818299680017654,0.8354192740924214,0.8060377358490566,0.5945042703304865,0.8060377358490566,0.4054957296695135,0
1cc25957-2804-47fa-b84e-4888264147c3,vgg16,adam,Q06/Q11,train_execution_records,epoch,base,3,2026-10-03T12:36:15.931477+00:00,8530bf17-f79c-4559-9628-1d94795f4dc2,12,2026-10-03T12:36:15.934972+00:00,2026-10-03T12:24:13.644262+00:00,722.29071,2026-10-03T12:36:15.969785+00:00,2026-10-03T12:36:16.064216+00:00,0.094431,2026-10-03T12:36:16.096282+00:00,2026-10-03T12:37:19.667233+00:00,63.570951,"{""auc"":0.9598143696784973,""loss"":0.2519936263561249,""epoch"":3,""phase"":""base"",""pr_auc"":0.964562177658081,""recall"":0.8855167627334595,""val_auc"":0.981499433517456,""accuracy"":0.9033363461494446,""val_loss"":0.21584483981132507,""precision"":0.9190196394920349,""val_pr_auc"":0.981045663356781,""val_recall"":0.850566029548645,""phase_epoch"":3,""specificity"":0.9213076233863831,""val_accuracy"":0.9168213605880737,""learning_rate"":0.00009999999747378752,""val_precision"":0.9774501323699951,""val_specificity"":0.9809941520467836,""balanced_accuracy"":0.9034122228622437,""recall_parasitized"":0.8855167627334595,""val_f2_parasitized"":0.8732372539903921,""val_balanced_accuracy"":0.9157800948913164,""val_n_pred_uninfected"":1540,""val_n_pred_parasitized"":1153,""val_pr_auc_parasitized"":0.9817239506075942,""val_recall_parasitized"":0.850566037735849,""val_prediction_collapse"":0,""val_roc_auc_parasitized"":0.981779212181397,""val_early_stopping_score"":0.8732372539901702,""val_checkpoint_policy_score"":0.850566037735849,""val_percent_pred_uninfected"":0.5718529520980319,""val_sensitivity_parasitized"":0.850566037735849,""val_percent_pred_parasitized"":0.42814704790196806,""val_prediction_collapse_detected"":0}",0.9598143696784973,0.2519936263561249,3,base,0.964562177658081,0.8855167627334595,0.981499433517456,0.9033363461494446,0.21584483981132507,0.9190196394920349,0.981045663356781,0.850566029548645,3,0.9213076233863831,0.9168213605880737,0.00009999999747378752,0.9774501323699951,0.9809941520467836,0.9034122228622437,0.8855167627334595,0.8732372539903921,0.9157800948913164,1540,1153,0.9817239506075942,0.850566037735849,0,0.981779212181397,0.8732372539901702,0.850566037735849,0.5718529520980319,0.850566037735849,0.42814704790196806,0
1cc25957-2804-47fa-b84e-4888264147c3,vgg16,adam,Q06/Q11,train_execution_records,epoch,base,4,2026-10-03T12:48:16.990223+00:00,bf5757bb-e106-4bbc-8668-d0b1a5ee103c,17,2026-10-03T12:48:16.993457+00:00,2026-10-03T12:36:15.934972+00:00,721.058485,2026-10-03T12:48:17.029576+00:00,2026-10-03T12:48:17.120812+00:00,0.091236,2026-10-03T12:48:17.154151+00:00,2026-10-03T12:49:21.781007+00:00,64.626856,"{""auc"":0.9635423421859741,""loss"":0.23798033595085144,""epoch"":4,""phase"":""base"",""pr_auc"":0.9682348370552063,""recall"":0.887402355670929,""val_auc"":0.9818592667579651,""accuracy"":0.9080703258514404,""val_loss"":0.21749235689640045,""precision"":0.9264154434204102,""val_pr_auc"":0.9812444448471069,""val_recall"":0.849056601524353,""phase_epoch"":4,""specificity"":0.9289142489433289,""val_accuracy"":0.9168213605880737,""learning_rate"":0.00009999999747378752,""val_precision"":0.9791122674942017,""val_specificity"":0.9824561403508771,""balanced_accuracy"":0.9081583023071289,""recall_parasitized"":0.887402355670929,""val_f2_parasitized"":0.8722282524422391,""val_balanced_accuracy"":0.915756372062231,""val_n_pred_uninfected"":1544,""val_n_pred_parasitized"":1149,""val_pr_auc_parasitized"":0.9818967741106348,""val_recall_parasitized"":0.8490566037735849,""val_prediction_collapse"":0,""val_roc_auc_parasitized"":0.9820070616793557,""val_early_stopping_score"":0.872228252442018,""val_checkpoint_policy_score"":0.8490566037735849,""val_percent_pred_uninfected"":0.5733382844411437,""val_sensitivity_parasitized"":0.8490566037735849,""val_percent_pred_parasitized"":0.4266617155588563,""val_prediction_collapse_detected"":0}",0.9635423421859741,0.23798033595085144,4,base,0.9682348370552063,0.887402355670929,0.9818592667579651,0.9080703258514404,0.21749235689640045,0.9264154434204102,0.9812444448471069,0.849056601524353,4,0.9289142489433289,0.9168213605880737,0.00009999999747378752,0.9791122674942017,0.9824561403508771,0.9081583023071289,0.887402355670929,0.8722282524422391,0.915756372062231,1544,1149,0.9818967741106348,0.8490566037735849,0,0.9820070616793557,0.872228252442018,0.8490566037735849,0.5733382844411437,0.8490566037735849,0.4266617155588563,0
1cc25957-2804-47fa-b84e-4888264147c3,vgg16,adam,Q06/Q11,train_execution_records,epoch,base,5,2026-10-03T13:00:20.072344+00:00,168ceaaa-f604-47a2-b47b-cd37acb0c53f,22,2026-10-03T13:00:20.078198+00:00,2026-10-03T12:48:16.993457+00:00,723.084741,2026-10-03T13:00:20.113200+00:00,2026-10-03T13:00:20.204993+00:00,0.091793,2026-10-03T13:00:20.238015+00:00,2026-10-03T13:01:23.689038+00:00,63.451023,"{""auc"":0.9651355147361755,""loss"":0.23050245642662048,""epoch"":5,""phase"":""base"",""pr_auc"":0.9692134261131287,""recall"":0.8918020725250244,""val_auc"":0.9824619293212891,""accuracy"":0.9126690626144409,""val_loss"":0.22625893354415894,""precision"":0.9313578605651855,""val_pr_auc"":0.9818907380104065,""val_recall"":0.8354716897010803,""phase_epoch"":5,""specificity"":0.9337136745452881,""val_accuracy"":0.9108800888061523,""learning_rate"":0.00004999999873689376,""val_precision"":0.9805137515068054,""val_specificity"":0.9839181286549707,""balanced_accuracy"":0.9127578735351562,""recall_parasitized"":0.8918020725250244,""val_f2_parasitized"":0.8609426038264115,""val_balanced_accuracy"":0.9096949133840891,""val_n_pred_uninfected"":1564,""val_n_pred_parasitized"":1129,""val_pr_auc_parasitized"":0.9825494247243446,""val_recall_parasitized"":0.8354716981132075,""val_prediction_collapse"":0,""val_roc_auc_parasitized"":0.9828434293280371,""val_early_stopping_score"":0.8609426038261988,""val_checkpoint_policy_score"":0.8354716981132075,""val_percent_pred_uninfected"":0.5807649461567026,""val_sensitivity_parasitized"":0.8354716981132075,""val_percent_pred_parasitized"":0.41923505384329746,""val_prediction_collapse_detected"":0}",0.9651355147361755,0.23050245642662048,5,base,0.9692134261131287,0.8918020725250244,0.9824619293212891,0.9126690626144409,0.22625893354415894,0.9313578605651855,0.9818907380104065,0.8354716897010803,5,0.9337136745452881,0.9108800888061523,0.00004999999873689376,0.9805137515068054,0.9839181286549707,0.9127578735351562,0.8918020725250244,0.8609426038264115,0.9096949133840891,1564,1129,0.9825494247243446,0.8354716981132075,0,0.9828434293280371,0.8609426038261988,0.8354716981132075,0.5807649461567026,0.8354716981132075,0.41923505384329746,0
1cc25957-2804-47fa-b84e-4888264147c3,vgg16,adam,Q06/Q11,train_execution_records,epoch,base,6,2026-10-03T13:12:35.424513+00:00,4253ccee-990d-4c67-85a7-aca196979e92,27,2026-10-03T13:12:35.429326+00:00,2026-10-03T13:00:20.078198+00:00,735.351128,2026-10-03T13:12:35.467889+00:00,2026-10-03T13:12:35.562701+00:00,0.094812,2026-10-03T13:12:35.597315+00:00,2026-10-03T13:13:43.524984+00:00,67.927669,"{""auc"":0.9664579033851624,""loss"":0.22482594847679138,""epoch"":6,""phase"":""base"",""pr_auc"":0.9707967638969421,""recall"":0.8933285474777222,""val_auc"":0.9830586314201355,""accuracy"":0.9142921566963196,""val_loss"":0.22236564755439758,""precision"":0.9331269860267639,""val_pr_auc"":0.9822185039520264,""val_recall"":0.8407546877861023,""phase_epoch"":6,""specificity"":0.9354342222213745,""val_accuracy"":0.912736713886261,""learning_rate"":0.00004999999873689376,""val_precision"":0.9789103865623474,""val_specificity"":0.9824561403508771,""balanced_accuracy"":0.9143813848495483,""recall_parasitized"":0.8933285474777222,""val_f2_parasitized"":0.8651755203479341,""val_balanced_accuracy"":0.9116054286660046,""val_n_pred_uninfected"":1555,""val_n_pred_parasitized"":1138,""val_pr_auc_parasitized"":0.9828455288173943,""val_recall_parasitized"":0.840754716981132,""val_prediction_collapse"":0,""val_roc_auc_parasitized"":0.9832472691161867,""val_early_stopping_score"":0.8651755203477183,""val_checkpoint_policy_score"":0.840754716981132,""val_percent_pred_uninfected"":0.5774229483847011,""val_sensitivity_parasitized"":0.840754716981132,""val_percent_pred_parasitized"":0.4225770516152989,""val_prediction_collapse_detected"":0}",0.9664579033851624,0.22482594847679138,6,base,0.9707967638969421,0.8933285474777222,0.9830586314201355,0.9142921566963196,0.22236564755439758,0.9331269860267639,0.9822185039520264,0.8407546877861023,6,0.9354342222213745,0.912736713886261,0.00004999999873689376,0.9789103865623474,0.9824561403508771,0.9143813848495483,0.8933285474777222,0.8651755203479341,0.9116054286660046,1555,1138,0.9828455288173943,0.840754716981132,0,0.9832472691161867,0.8651755203477183,0.840754716981132,0.5774229483847011,0.840754716981132,0.4225770516152989,0
1cc25957-2804-47fa-b84e-4888264147c3,vgg16,adam,Q06/Q11,train_execution_records,epoch,base,7,2026-10-03T13:25:09.077679+00:00,dab262da-46ed-45f8-8bd0-01106716a619,32,2026-10-03T13:25:09.086489+00:00,2026-10-03T13:12:35.429326+00:00,753.657163,2026-10-03T13:25:09.123868+00:00,2026-10-03T13:25:09.215950+00:00,0.092082,2026-10-03T13:25:09.247410+00:00,2026-10-03T13:26:14.031863+00:00,64.784453,"{""auc"":0.9685505628585815,""loss"":0.21865615248680115,""epoch"":7,""phase"":""base"",""pr_auc"":0.9718567132949829,""recall"":0.8959324955940247,""val_auc"":0.9825800061225891,""accuracy"":0.9168620109558105,""val_loss"":0.20436301827430725,""precision"":0.9357591867446899,""val_pr_auc"":0.9821605682373047,""val_recall"":0.8611320853233337,""phase_epoch"":7,""specificity"":0.9379697442054749,""val_accuracy"":0.9216487407684326,""learning_rate"":0.00004999999873689376,""val_precision"":0.976883590221405,""val_specificity"":0.9802631578947368,""balanced_accuracy"":0.9169511198997498,""recall_parasitized"":0.8959324955940247,""val_f2_parasitized"":0.8820346320346321,""val_balanced_accuracy"":0.9206976166832175,""val_n_pred_uninfected"":1525,""val_n_pred_parasitized"":1168,""val_pr_auc_parasitized"":0.9826658039860003,""val_recall_parasitized"":0.8611320754716981,""val_prediction_collapse"":0,""val_roc_auc_parasitized"":0.9827639854352864,""val_early_stopping_score"":0.8820346320344032,""val_checkpoint_policy_score"":0.8611320754716981,""val_percent_pred_uninfected"":0.5662829558113628,""val_sensitivity_parasitized"":0.8611320754716981,""val_percent_pred_parasitized"":0.4337170441886372,""val_prediction_collapse_detected"":0}",0.9685505628585815,0.21865615248680115,7,base,0.9718567132949829,0.8959324955940247,0.9825800061225891,0.9168620109558105,0.20436301827430725,0.9357591867446899,0.9821605682373047,0.8611320853233337,7,0.9379697442054749,0.9216487407684326,0.00004999999873689376,0.976883590221405,0.9802631578947368,0.9169511198997498,0.8959324955940247,0.8820346320346321,0.9206976166832175,1525,1168,0.9826658039860003,0.8611320754716981,0,0.9827639854352864,0.8820346320344032,0.8611320754716981,0.5662829558113628,0.8611320754716981,0.4337170441886372,0
1cc25957-2804-47fa-b84e-4888264147c3,vgg16,adam,Q06/Q11,train_execution_records,epoch,base,8,2026-10-03T13:37:20.874556+00:00,82df40c5-ca38-4522-a035-296de4cf1c9d,37,2026-10-03T13:37:20.878069+00:00,2026-10-03T13:25:09.086489+00:00,731.79158,2026-10-03T13:37:20.914038+00:00,2026-10-03T13:37:21.007456+00:00,0.093418,2026-10-03T13:37:21.039727+00:00,2026-10-03T13:38:25.765530+00:00,64.725803,"{""auc"":0.9677139520645142,""loss"":0.22071604430675507,""epoch"":8,""phase"":""base"",""pr_auc"":0.9713730216026306,""recall"":0.8953937292098999,""val_auc"":0.9819262623786926,""accuracy"":0.9164562821388245,""val_loss"":0.20787790417671204,""precision"":0.9354596734046936,""val_pr_auc"":0.981435239315033,""val_recall"":0.8626415133476257,""phase_epoch"":8,""specificity"":0.9376980662345886,""val_accuracy"":0.922391414642334,""learning_rate"":0.00004999999873689376,""val_precision"":0.9769230484962463,""val_specificity"":0.9802631578947368,""balanced_accuracy"":0.9165458679199219,""recall_parasitized"":0.8953937292098999,""val_f2_parasitized"":0.883307573415765,""val_balanced_accuracy"":0.9214523336643495,""val_n_pred_uninfected"":1523,""val_n_pred_parasitized"":1170,""val_pr_auc_parasitized"":0.9820060094958469,""val_recall_parasitized"":0.8626415094339622,""val_prediction_collapse"":0,""val_roc_auc_parasitized"":0.9819932693368641,""val_early_stopping_score"":0.8833075734155353,""val_checkpoint_policy_score"":0.8626415094339622,""val_percent_pred_uninfected"":0.565540289639807,""val_sensitivity_parasitized"":0.8626415094339622,""val_percent_pred_parasitized"":0.4344597103601931,""val_prediction_collapse_detected"":0}",0.9677139520645142,0.22071604430675507,8,base,0.9713730216026306,0.8953937292098999,0.9819262623786926,0.9164562821388245,0.20787790417671204,0.9354596734046936,0.981435239315033,0.8626415133476257,8,0.9376980662345886,0.922391414642334,0.00004999999873689376,0.9769230484962463,0.9802631578947368,0.9165458679199219,0.8953937292098999,0.883307573415765,0.9214523336643495,1523,1170,0.9820060094958469,0.8626415094339622,0,0.9819932693368641,0.8833075734155353,0.8626415094339622,0.565540289639807,0.8626415094339622,0.4344597103601931,0
1cc25957-2804-47fa-b84e-4888264147c3,vgg16,adam,Q06/Q11,train_execution_records,epoch,base,9,2026-10-03T13:49:32.364549+00:00,5115acc1-fbc5-4599-bdd6-72ae16d5cf88,42,2026-10-03T13:49:32.368844+00:00,2026-10-03T13:37:20.878069+00:00,731.490775,2026-10-03T13:49:32.406005+00:00,2026-10-03T13:49:32.499409+00:00,0.093404,2026-10-03T13:49:32.533480+00:00,2026-10-03T13:50:38.938922+00:00,66.405442,"{""auc"":0.9695761799812317,""loss"":0.21470867097377777,""epoch"":9,""phase"":""base"",""pr_auc"":0.9731932282447815,""recall"":0.8989853858947754,""val_auc"":0.9823408126831055,""accuracy"":0.9185302257537842,""val_loss"":0.2138429880142212,""precision"":0.936225950717926,""val_pr_auc"":0.9820248484611511,""val_recall"":0.855849027633667,""phase_epoch"":9,""specificity"":0.9382414221763611,""val_accuracy"":0.9201633930206299,""learning_rate"":0.00002499999936844688,""val_precision"":0.9792746305465698,""val_specificity"":0.9824561403508771,""balanced_accuracy"":0.9186134338378906,""recall_parasitized"":0.8989853858947754,""val_f2_parasitized"":0.8779807990089811,""val_balanced_accuracy"":0.9191525984773254,""val_n_pred_uninfected"":1535,""val_n_pred_parasitized"":1158,""val_pr_auc_parasitized"":0.9825959888470105,""val_recall_parasitized"":0.8558490566037736,""val_prediction_collapse"":0,""val_roc_auc_parasitized"":0.9825598587664128,""val_early_stopping_score"":0.8779807990087556,""val_checkpoint_policy_score"":0.8558490566037736,""val_percent_pred_uninfected"":0.5699962866691423,""val_sensitivity_parasitized"":0.8558490566037736,""val_percent_pred_parasitized"":0.4300037133308578,""val_prediction_collapse_detected"":0}",0.9695761799812317,0.21470867097377777,9,base,0.9731932282447815,0.8989853858947754,0.9823408126831055,0.9185302257537842,0.2138429880142212,0.936225950717926,0.9820248484611511,0.855849027633667,9,0.9382414221763611,0.9201633930206299,0.00002499999936844688,0.9792746305465698,0.9824561403508771,0.9186134338378906,0.8989853858947754,0.8779807990089811,0.9191525984773254,1535,1158,0.9825959888470105,0.8558490566037736,0,0.9825598587664128,0.8779807990087556,0.8558490566037736,0.5699962866691423,0.8558490566037736,0.4300037133308578,0
1cc25957-2804-47fa-b84e-4888264147c3,vgg16,adam,Q06/Q11,train_execution_records,epoch,base,10,2026-10-03T14:02:10.706795+00:00,9fcf8875-85ca-47c3-a8f8-28886980f6e4,47,2026-10-03T14:02:10.715636+00:00,2026-10-03T13:49:32.368844+00:00,758.346792,2026-10-03T14:02:10.753967+00:00,2026-10-03T14:02:10.847428+00:00,0.093461,2026-10-03T14:02:10.881098+00:00,2026-10-03T14:03:17.267366+00:00,66.386268,"{""auc"":0.9698977470397949,""loss"":0.21405142545700073,""epoch"":10,""phase"":""base"",""pr_auc"":0.9730047583580017,""recall"":0.8945856094360352,""val_auc"":0.9831697940826416,""accuracy"":0.9168620109558105,""val_loss"":0.19768168032169342,""precision"":0.9369885921478271,""val_pr_auc"":0.9827632904052734,""val_recall"":0.8716981410980225,""phase_epoch"":10,""specificity"":0.9393280744552612,""val_accuracy"":0.9264760613441467,""learning_rate"":0.00002499999936844688,""val_precision"":0.976331353187561,""val_specificity"":0.97953216374269,""balanced_accuracy"":0.9169568419456482,""recall_parasitized"":0.8945856094360352,""val_f2_parasitized"":0.8907913003239241,""val_balanced_accuracy"":0.9256151384751186,""val_n_pred_uninfected"":1510,""val_n_pred_parasitized"":1183,""val_pr_auc_parasitized"":0.9831740490145051,""val_recall_parasitized"":0.8716981132075472,""val_prediction_collapse"":0,""val_roc_auc_parasitized"":0.9832698885578727,""val_early_stopping_score"":0.8907913003236885,""val_checkpoint_policy_score"":0.8716981132075472,""val_percent_pred_uninfected"":0.5607129595246937,""val_sensitivity_parasitized"":0.8716981132075472,""val_percent_pred_parasitized"":0.43928704047530637,""val_prediction_collapse_detected"":0}",0.9698977470397949,0.21405142545700073,10,base,0.9730047583580017,0.8945856094360352,0.9831697940826416,0.9168620109558105,0.19768168032169342,0.9369885921478271,0.9827632904052734,0.8716981410980225,10,0.9393280744552612,0.9264760613441467,0.00002499999936844688,0.976331353187561,0.97953216374269,0.9169568419456482,0.8945856094360352,0.8907913003239241,0.9256151384751186,1510,1183,0.9831740490145051,0.8716981132075472,0,0.9832698885578727,0.8907913003236885,0.8716981132075472,0.5607129595246937,0.8716981132075472,0.43928704047530637,0
1cc25957-2804-47fa-b84e-4888264147c3,vgg16,adam,Q06/Q11,train_execution_records,epoch,base,11,2026-10-03T14:14:19.511983+00:00,71c6cc0b-704e-448d-b73c-029e557dd918,52,2026-10-03T14:14:19.514559+00:00,2026-10-03T14:02:10.715636+00:00,728.798923,2026-10-03T14:14:19.552633+00:00,2026-10-03T14:14:19.644472+00:00,0.091839,2026-10-03T14:14:19.676710+00:00,2026-10-03T14:15:23.972573+00:00,64.295863,"{""auc"":0.9702749252319336,""loss"":0.21254174411296844,""epoch"":11,""phase"":""base"",""pr_auc"":0.9741101264953613,""recall"":0.8999730348587036,""val_auc"":0.9824942350387573,""accuracy"":0.9180342555046082,""val_loss"":0.22553634643554688,""precision"":0.9343712329864502,""val_pr_auc"":0.981970489025116,""val_recall"":0.8415094614028931,""phase_epoch"":11,""specificity"":0.9362491965293884,""val_accuracy"":0.9142220616340637,""learning_rate"":0.00002499999936844688,""val_precision"":0.9815140962600708,""val_specificity"":0.9846491228070176,""balanced_accuracy"":0.9181110858917236,""recall_parasitized"":0.8999730348587036,""val_f2_parasitized"":0.8662212554381603,""val_balanced_accuracy"":0.9130792783846409,""val_n_pred_uninfected"":1557,""val_n_pred_parasitized"":1136,""val_pr_auc_parasitized"":0.982701351751184,""val_recall_parasitized"":0.8415094339622642,""val_prediction_collapse"":0,""val_roc_auc_parasitized"":0.9828158446430542,""val_early_stopping_score"":0.8662212554379437,""val_checkpoint_policy_score"":0.8415094339622642,""val_percent_pred_uninfected"":0.5781656145562569,""val_sensitivity_parasitized"":0.8415094339622642,""val_percent_pred_parasitized"":0.421834385443743,""val_prediction_collapse_detected"":0}",0.9702749252319336,0.21254174411296844,11,base,0.9741101264953613,0.8999730348587036,0.9824942350387573,0.9180342555046082,0.22553634643554688,0.9343712329864502,0.981970489025116,0.8415094614028931,11,0.9362491965293884,0.9142220616340637,0.00002499999936844688,0.9815140962600708,0.9846491228070176,0.9181110858917236,0.8999730348587036,0.8662212554381603,0.9130792783846409,1557,1136,0.982701351751184,0.8415094339622642,0,0.9828158446430542,0.8662212554379437,0.8415094339622642,0.5781656145562569,0.8415094339622642,0.421834385443743,0
1cc25957-2804-47fa-b84e-4888264147c3,vgg16,adam,Q06/Q11,train_execution_records,epoch,base,12,2026-10-03T14:26:18.889651+00:00,6d69f9b2-d654-426d-a02d-c368afb3db45,57,2026-10-03T14:26:18.892579+00:00,2026-10-03T14:14:19.514559+00:00,719.37802,2026-10-03T14:26:18.928274+00:00,2026-10-03T14:26:19.019679+00:00,0.091405,2026-10-03T14:26:19.052588+00:00,2026-10-03T14:27:22.920061+00:00,63.867473,"{""auc"":0.9697240591049194,""loss"":0.21422287821769714,""epoch"":12,""phase"":""base"",""pr_auc"":0.9733707904815674,""recall"":0.8996139168739319,""val_auc"":0.9823188781738281,""accuracy"":0.9184851050376892,""val_loss"":0.2264031022787094,""precision"":0.9355682134628296,""val_pr_auc"":0.9819930791854858,""val_recall"":0.8399999737739563,""phase_epoch"":12,""specificity"":0.937516987323761,""val_accuracy"":0.9134793877601624,""learning_rate"":0.00002499999936844688,""val_precision"":0.9814814925193787,""val_specificity"":0.9846491228070176,""balanced_accuracy"":0.9185654520988464,""recall_parasitized"":0.8996139168739319,""val_f2_parasitized"":0.8649362760335717,""val_balanced_accuracy"":0.9123245614035087,""val_n_pred_uninfected"":1559,""val_n_pred_parasitized"":1134,""val_pr_auc_parasitized"":0.9827164110574087,""val_recall_parasitized"":0.84,""val_prediction_collapse"":0,""val_roc_auc_parasitized"":0.9828362573099414,""val_early_stopping_score"":0.864936276033356,""val_checkpoint_policy_score"":0.84,""val_percent_pred_uninfected"":0.5789082807278129,""val_sensitivity_parasitized"":0.84,""val_percent_pred_parasitized"":0.42109171927218714,""val_prediction_collapse_detected"":0}",0.9697240591049194,0.21422287821769714,12,base,0.9733707904815674,0.8996139168739319,0.9823188781738281,0.9184851050376892,0.2264031022787094,0.9355682134628296,0.9819930791854858,0.8399999737739563,12,0.937516987323761,0.9134793877601624,0.00002499999936844688,0.9814814925193787,0.9846491228070176,0.9185654520988464,0.8996139168739319,0.8649362760335717,0.9123245614035087,1559,1134,0.9827164110574087,0.84,0,0.9828362573099414,0.864936276033356,0.84,0.5789082807278129,0.84,0.42109171927218714,0
1cc25957-2804-47fa-b84e-4888264147c3,vgg16,adam,Q06/Q11,train_execution_records,epoch,base,13,2026-10-03T14:38:18.493006+00:00,6f270f61-7db7-44a8-b0c7-a8cee9442995,62,2026-10-03T14:38:18.496072+00:00,2026-10-03T14:26:18.892579+00:00,719.603493,2026-10-03T14:38:18.532676+00:00,2026-10-03T14:38:18.624208+00:00,0.091532,2026-10-03T14:38:18.656361+00:00,2026-10-03T14:39:22.768863+00:00,64.112502,"{""auc"":0.9716368317604065,""loss"":0.20789001882076263,""epoch"":13,""phase"":""base"",""pr_auc"":0.9751193523406982,""recall"":0.8995240926742554,""val_auc"":0.982727587223053,""accuracy"":0.9208295941352844,""val_loss"":0.19920727610588074,""precision"":0.9402158856391907,""val_pr_auc"":0.9824173450469971,""val_recall"":0.8716981410980225,""phase_epoch"":13,""specificity"":0.9423164129257202,""val_accuracy"":0.9268473982810974,""learning_rate"":0.00001249999968422344,""val_precision"":0.9771573543548584,""val_specificity"":0.9802631578947368,""balanced_accuracy"":0.9209202527999878,""recall_parasitized"":0.8995240926742554,""val_f2_parasitized"":0.8909287257019438,""val_balanced_accuracy"":0.925980635551142,""val_n_pred_uninfected"":1511,""val_n_pred_parasitized"":1182,""val_pr_auc_parasitized"":0.9829366155728446,""val_recall_parasitized"":0.8716981132075472,""val_prediction_collapse"":0,""val_roc_auc_parasitized"":0.9830116959064328,""val_early_stopping_score"":0.8909287257017082,""val_checkpoint_policy_score"":0.8716981132075472,""val_percent_pred_uninfected"":0.5610842926104715,""val_sensitivity_parasitized"":0.8716981132075472,""val_percent_pred_parasitized"":0.4389157073895284,""val_prediction_collapse_detected"":0}",0.9716368317604065,0.20789001882076263,13,base,0.9751193523406982,0.8995240926742554,0.982727587223053,0.9208295941352844,0.19920727610588074,0.9402158856391907,0.9824173450469971,0.8716981410980225,13,0.9423164129257202,0.9268473982810974,0.00001249999968422344,0.9771573543548584,0.9802631578947368,0.9209202527999878,0.8995240926742554,0.8909287257019438,0.925980635551142,1511,1182,0.9829366155728446,0.8716981132075472,0,0.9830116959064328,0.8909287257017082,0.8716981132075472,0.5610842926104715,0.8716981132075472,0.4389157073895284,0
1cc25957-2804-47fa-b84e-4888264147c3,vgg16,adam,Q06/Q11,train_execution_records,epoch,fine_tuning,1,2026-10-03T14:51:40.054083+00:00,9787aefb-c3ac-4589-83a1-25f948e4ec3f,69,2026-10-03T14:51:40.057425+00:00,2026-10-03T14:39:22.866620+00:00,737.190805,2026-10-03T14:51:40.093487+00:00,2026-10-03T14:51:40.219334+00:00,0.125847,2026-10-03T14:51:40.251945+00:00,2026-10-03T14:52:44.378878+00:00,64.126933,"{""auc"":0.9682866930961609,""loss"":0.21523688733577728,""epoch"":14,""phase"":""fine_tuning"",""pr_auc"":0.9724099636077881,""recall"":0.8958426713943481,""val_auc"":0.9871436357498169,""accuracy"":0.9215960502624512,""val_loss"":0.14399364590644836,""precision"":0.9451496601104736,""val_pr_auc"":0.9870028495788574,""val_recall"":0.9335849285125732,""phase_epoch"":1,""specificity"":0.9475685954093933,""val_accuracy"":0.95209801197052,""learning_rate"":0.000009999999747378752,""val_precision"":0.9679186344146729,""val_specificity"":0.9700292397660819,""balanced_accuracy"":0.9217056035995483,""recall_parasitized"":0.8958426713943481,""val_f2_parasitized"":0.9402553967771359,""val_balanced_accuracy"":0.9518070727132296,""val_n_pred_uninfected"":1415,""val_n_pred_parasitized"":1278,""val_pr_auc_parasitized"":0.9877848755462063,""val_recall_parasitized"":0.9335849056603773,""val_prediction_collapse"":0,""val_roc_auc_parasitized"":0.9872390488800618,""val_early_stopping_score"":0.9402553967768588,""val_checkpoint_policy_score"":0.9335849056603773,""val_percent_pred_uninfected"":0.5254363163757891,""val_sensitivity_parasitized"":0.9335849056603773,""val_percent_pred_parasitized"":0.4745636836242109,""val_prediction_collapse_detected"":0}",0.9682866930961609,0.21523688733577728,14,fine_tuning,0.9724099636077881,0.8958426713943481,0.9871436357498169,0.9215960502624512,0.14399364590644836,0.9451496601104736,0.9870028495788574,0.9335849285125732,1,0.9475685954093933,0.95209801197052,0.000009999999747378752,0.9679186344146729,0.9700292397660819,0.9217056035995483,0.8958426713943481,0.9402553967771359,0.9518070727132296,1415,1278,0.9877848755462063,0.9335849056603773,0,0.9872390488800618,0.9402553967768588,0.9335849056603773,0.5254363163757891,0.9335849056603773,0.4745636836242109,0
1cc25957-2804-47fa-b84e-4888264147c3,vgg16,adam,Q06/Q11,train_execution_records,epoch,fine_tuning,2,2026-10-03T15:05:02.112834+00:00,22320995-804f-4966-a552-2a15cbee0b6e,74,2026-10-03T15:05:02.116100+00:00,2026-10-03T14:51:40.057425+00:00,802.058675,2026-10-03T15:05:02.154165+00:00,2026-10-03T15:05:02.282427+00:00,0.128262,2026-10-03T15:05:02.316486+00:00,2026-10-03T15:06:06.263063+00:00,63.946577,"{""auc"":0.9779910445213318,""loss"":0.17794226109981537,""epoch"":15,""phase"":""fine_tuning"",""pr_auc"":0.9800163507461548,""recall"":0.9120948314666748,""val_auc"":0.9879680275917053,""accuracy"":0.9367899298667908,""val_loss"":0.1451338827610016,""precision"":0.9600226879119873,""val_pr_auc"":0.9875403046607971,""val_recall"":0.9116981029510498,""phase_epoch"":2,""specificity"":0.9616951942443848,""val_accuracy"":0.9465280175209045,""learning_rate"":0.000009999999747378752,""val_precision"":0.9781376719474792,""val_specificity"":0.9802631578947368,""balanced_accuracy"":0.9368950128555298,""recall_parasitized"":0.9120948314666748,""val_f2_parasitized"":0.9242540168324407,""val_balanced_accuracy"":0.945980635551142,""val_n_pred_uninfected"":1458,""val_n_pred_parasitized"":1235,""val_pr_auc_parasitized"":0.9887853290332752,""val_recall_parasitized"":0.9116981132075471,""val_prediction_collapse"":0,""val_roc_auc_parasitized"":0.9882880944499615,""val_early_stopping_score"":0.9242540168321776,""val_checkpoint_policy_score"":0.9116981132075471,""val_percent_pred_uninfected"":0.5414036390642406,""val_sensitivity_parasitized"":0.9116981132075471,""val_percent_pred_parasitized"":0.4585963609357594,""val_prediction_collapse_detected"":0}",0.9779910445213318,0.17794226109981537,15,fine_tuning,0.9800163507461548,0.9120948314666748,0.9879680275917053,0.9367899298667908,0.1451338827610016,0.9600226879119873,0.9875403046607971,0.9116981029510498,2,0.9616951942443848,0.9465280175209045,0.000009999999747378752,0.9781376719474792,0.9802631578947368,0.9368950128555298,0.9120948314666748,0.9242540168324407,0.945980635551142,1458,1235,0.9887853290332752,0.9116981132075471,0,0.9882880944499615,0.9242540168321776,0.9116981132075471,0.5414036390642406,0.9116981132075471,0.4585963609357594,0
1cc25957-2804-47fa-b84e-4888264147c3,vgg16,adam,Q06/Q11,train_execution_records,epoch,fine_tuning,3,2026-10-03T15:18:23.458897+00:00,82e8ecf3-1a37-4495-92b4-cf9513139ccb,79,2026-10-03T15:18:23.464671+00:00,2026-10-03T15:05:02.116100+00:00,801.348571,2026-10-03T15:18:23.500486+00:00,2026-10-03T15:18:23.623867+00:00,0.123381,2026-10-03T15:18:23.656932+00:00,2026-10-03T15:19:27.618672+00:00,63.96174,"{""auc"":0.980247437953949,""loss"":0.16889476776123047,""epoch"":16,""phase"":""fine_tuning"",""pr_auc"":0.9825294017791748,""recall"":0.9152374863624573,""val_auc"":0.9861725568771362,""accuracy"":0.9391794204711914,""val_loss"":0.14531069993972778,""precision"":0.9617852568626404,""val_pr_auc"":0.9863672256469727,""val_recall"":0.9230188727378845,""phase_epoch"":3,""specificity"":0.9633252024650574,""val_accuracy"":0.9502413868904114,""learning_rate"":0.000009999999747378752,""val_precision"":0.9745019674301147,""val_specificity"":0.9766081871345029,""balanced_accuracy"":0.9392813444137573,""recall_parasitized"":0.9152374863624573,""val_f2_parasitized"":0.9328756674294432,""val_balanced_accuracy"":0.9498135275295156,""val_n_pred_uninfected"":1438,""val_n_pred_parasitized"":1255,""val_pr_auc_parasitized"":0.9873990630254785,""val_recall_parasitized"":0.9230188679245283,""val_prediction_collapse"":0,""val_roc_auc_parasitized"":0.9863687520688512,""val_early_stopping_score"":0.9328756674291726,""val_checkpoint_policy_score"":0.9230188679245283,""val_percent_pred_uninfected"":0.5339769773486818,""val_sensitivity_parasitized"":0.9230188679245283,""val_percent_pred_parasitized"":0.46602302265131823,""val_prediction_collapse_detected"":0}",0.980247437953949,0.16889476776123047,16,fine_tuning,0.9825294017791748,0.9152374863624573,0.9861725568771362,0.9391794204711914,0.14531069993972778,0.9617852568626404,0.9863672256469727,0.9230188727378845,3,0.9633252024650574,0.9502413868904114,0.000009999999747378752,0.9745019674301147,0.9766081871345029,0.9392813444137573,0.9152374863624573,0.9328756674294432,0.9498135275295156,1438,1255,0.9873990630254785,0.9230188679245283,0,0.9863687520688512,0.9328756674291726,0.9230188679245283,0.5339769773486818,0.9230188679245283,0.46602302265131823,0
1cc25957-2804-47fa-b84e-4888264147c3,vgg16,adam,Q06/Q11,train_execution_records,epoch,fine_tuning,4,2026-10-03T15:31:45.12095+00:00,1e456509-b2ab-41f7-be2c-c94a925eb08a,84,2026-10-03T15:31:45.125992+00:00,2026-10-03T15:18:23.464671+00:00,801.661321,2026-10-03T15:31:45.163333+00:00,2026-10-03T15:31:45.292633+00:00,0.1293,2026-10-03T15:31:45.327011+00:00,2026-10-03T15:32:49.280443+00:00,63.953432,"{""auc"":0.9823974370956421,""loss"":0.15799519419670105,""epoch"":17,""phase"":""fine_tuning"",""pr_auc"":0.9846782088279724,""recall"":0.9187393188476562,""val_auc"":0.9844863414764404,""accuracy"":0.9413886666297913,""val_loss"":0.1874210685491562,""precision"":0.9628305435180664,""val_pr_auc"":0.9865371584892273,""val_recall"":0.8671697974205017,""phase_epoch"":4,""specificity"":0.9642307162284851,""val_accuracy"":0.9279614090919495,""learning_rate"":0.000009999999747378752,""val_precision"":0.9845758080482483,""val_specificity"":0.9868421052631579,""balanced_accuracy"":0.9414850473403931,""recall_parasitized"":0.9187393188476562,""val_f2_parasitized"":0.8883562702953456,""val_balanced_accuracy"":0.9270059582919563,""val_n_pred_uninfected"":1526,""val_n_pred_parasitized"":1167,""val_pr_auc_parasitized"":0.9865954187450189,""val_recall_parasitized"":0.8671698113207548,""val_prediction_collapse"":0,""val_roc_auc_parasitized"":0.9846364338519255,""val_early_stopping_score"":0.8883562702951119,""val_checkpoint_policy_score"":0.8671698113207548,""val_percent_pred_uninfected"":0.5666542888971408,""val_sensitivity_parasitized"":0.8671698113207548,""val_percent_pred_parasitized"":0.43334571110285924,""val_prediction_collapse_detected"":0}",0.9823974370956421,0.15799519419670105,17,fine_tuning,0.9846782088279724,0.9187393188476562,0.9844863414764404,0.9413886666297913,0.1874210685491562,0.9628305435180664,0.9865371584892273,0.8671697974205017,4,0.9642307162284851,0.9279614090919495,0.000009999999747378752,0.9845758080482483,0.9868421052631579,0.9414850473403931,0.9187393188476562,0.8883562702953456,0.9270059582919563,1526,1167,0.9865954187450189,0.8671698113207548,0,0.9846364338519255,0.8883562702951119,0.8671698113207548,0.5666542888971408,0.8671698113207548,0.43334571110285924,0
1cc25957-2804-47fa-b84e-4888264147c3,vgg16,adam,Q06/Q11,train_execution_records,epoch,fine_tuning,5,2026-10-03T15:45:07.193541+00:00,206d59a2-eaaf-4d98-a928-75e2d47b5bc7,89,2026-10-03T15:45:07.197884+00:00,2026-10-03T15:31:45.125992+00:00,802.071892,2026-10-03T15:45:07.234056+00:00,2026-10-03T15:45:07.357863+00:00,0.123807,2026-10-03T15:45:07.391206+00:00,2026-10-03T15:46:11.338326+00:00,63.94712,"{""auc"":0.9833189845085144,""loss"":0.15313100814819336,""epoch"":18,""phase"":""fine_tuning"",""pr_auc"":0.9852134585380554,""recall"":0.9239472150802612,""val_auc"":0.9879777431488037,""accuracy"":0.9457619190216064,""val_loss"":0.14313717186450958,""precision"":0.9665601849555969,""val_pr_auc"":0.98936527967453,""val_recall"":0.9056603908538818,""phase_epoch"":5,""specificity"":0.9677624106407166,""val_accuracy"":0.9431860446929932,""learning_rate"":0.000009999999747378752,""val_precision"":0.9771987199783325,""val_specificity"":0.97953216374269,""balanced_accuracy"":0.9458547830581665,""recall_parasitized"":0.9239472150802612,""val_f2_parasitized"":0.9191176470588235,""val_balanced_accuracy"":0.9425962705505904,""val_n_pred_uninfected"":1465,""val_n_pred_parasitized"":1228,""val_pr_auc_parasitized"":0.9893676918685383,""val_recall_parasitized"":0.9056603773584906,""val_prediction_collapse"":0,""val_roc_auc_parasitized"":0.987980801059252,""val_early_stopping_score"":0.9191176470585647,""val_checkpoint_policy_score"":0.9056603773584906,""val_percent_pred_uninfected"":0.5440029706646862,""val_sensitivity_parasitized"":0.9056603773584906,""val_percent_pred_parasitized"":0.4559970293353138,""val_prediction_collapse_detected"":0}",0.9833189845085144,0.15313100814819336,18,fine_tuning,0.9852134585380554,0.9239472150802612,0.9879777431488037,0.9457619190216064,0.14313717186450958,0.9665601849555969,0.98936527967453,0.9056603908538818,5,0.9677624106407166,0.9431860446929932,0.000009999999747378752,0.9771987199783325,0.97953216374269,0.9458547830581665,0.9239472150802612,0.9191176470588235,0.9425962705505904,1465,1228,0.9893676918685383,0.9056603773584906,0,0.987980801059252,0.9191176470585647,0.9056603773584906,0.5440029706646862,0.9056603773584906,0.4559970293353138,0
1cc25957-2804-47fa-b84e-4888264147c3,vgg16,adam,Q06/Q11,train_execution_records,epoch,fine_tuning,6,2026-10-03T15:58:28.160045+00:00,aa0085ba-5ae4-4a00-b6e8-48fa7544ccde,94,2026-10-03T15:58:28.164411+00:00,2026-10-03T15:45:07.197884+00:00,800.966527,2026-10-03T15:58:28.199779+00:00,2026-10-03T15:58:28.321636+00:00,0.121857,2026-10-03T15:58:28.354686+00:00,2026-10-03T15:59:32.362556+00:00,64.00787,"{""auc"":0.9850413799285889,""loss"":0.14525406062602997,""epoch"":19,""phase"":""fine_tuning"",""pr_auc"":0.9867009520530701,""recall"":0.9275388121604919,""val_auc"":0.9876425862312317,""accuracy"":0.9470694065093994,""val_loss"":0.17414848506450653,""precision"":0.965691328048706,""val_pr_auc"":0.9892807602882385,""val_recall"":0.8724528551101685,""phase_epoch"":6,""specificity"":0.9667662978172302,""val_accuracy"":0.9316747188568115,""learning_rate"":0.000009999999747378752,""val_precision"":0.9871904253959656,""val_specificity"":0.9890350877192983,""balanced_accuracy"":0.9471525549888611,""recall_parasitized"":0.9275388121604919,""val_f2_parasitized"":0.8932158862617834,""val_balanced_accuracy"":0.9307439589539888,""val_n_pred_uninfected"":1522,""val_n_pred_parasitized"":1171,""val_pr_auc_parasitized"":0.9893636665253449,""val_recall_parasitized"":0.8724528301886793,""val_prediction_collapse"":0,""val_roc_auc_parasitized"":0.9878323954540439,""val_early_stopping_score"":0.8932158862615459,""val_checkpoint_policy_score"":0.8724528301886793,""val_percent_pred_uninfected"":0.565168956554029,""val_sensitivity_parasitized"":0.8724528301886793,""val_percent_pred_parasitized"":0.434831043445971,""val_prediction_collapse_detected"":0}",0.9850413799285889,0.14525406062602997,19,fine_tuning,0.9867009520530701,0.9275388121604919,0.9876425862312317,0.9470694065093994,0.17414848506450653,0.965691328048706,0.9892807602882385,0.8724528551101685,6,0.9667662978172302,0.9316747188568115,0.000009999999747378752,0.9871904253959656,0.9890350877192983,0.9471525549888611,0.9275388121604919,0.8932158862617834,0.9307439589539888,1522,1171,0.9893636665253449,0.8724528301886793,0,0.9878323954540439,0.8932158862615459,0.8724528301886793,0.565168956554029,0.8724528301886793,0.434831043445971,0
1cc25957-2804-47fa-b84e-4888264147c3,vgg16,adam,Q06/Q11,train_execution_records,epoch,fine_tuning,7,2026-10-03T16:11:49.478371+00:00,7d0a4d31-ce3c-4794-ae37-276c64aa5f16,99,2026-10-03T16:11:49.482993+00:00,2026-10-03T15:58:28.164411+00:00,801.318582,2026-10-03T16:11:49.519055+00:00,2026-10-03T16:11:49.646715+00:00,0.12766,2026-10-03T16:11:49.679230+00:00,2026-10-03T16:12:53.680083+00:00,64.000853,"{""auc"":0.9853131175041199,""loss"":0.14193914830684662,""epoch"":20,""phase"":""fine_tuning"",""pr_auc"":0.9873493909835815,""recall"":0.9296938180923462,""val_auc"":0.9896060824394226,""accuracy"":0.9479711651802063,""val_loss"":0.14226679503917694,""precision"":0.9654079079627991,""val_pr_auc"":0.990723729133606,""val_recall"":0.8981131911277771,""phase_epoch"":7,""specificity"":0.9664040803909302,""val_accuracy"":0.9431860446929932,""learning_rate"":0.000009999999747378752,""val_precision"":0.9850993156433105,""val_specificity"":0.9868421052631579,""balanced_accuracy"":0.9480489492416382,""recall_parasitized"":0.9296938180923462,""val_f2_parasitized"":0.9142593730792871,""val_balanced_accuracy"":0.9424776564051638,""val_n_pred_uninfected"":1485,""val_n_pred_parasitized"":1208,""val_pr_auc_parasitized"":0.9908174054128993,""val_recall_parasitized"":0.8981132075471698,""val_prediction_collapse"":0,""val_roc_auc_parasitized"":0.9898201478539115,""val_early_stopping_score"":0.9142593730790323,""val_checkpoint_policy_score"":0.8981132075471698,""val_percent_pred_uninfected"":0.5514296323802451,""val_sensitivity_parasitized"":0.8981132075471698,""val_percent_pred_parasitized"":0.44857036761975494,""val_prediction_collapse_detected"":0}",0.9853131175041199,0.14193914830684662,20,fine_tuning,0.9873493909835815,0.9296938180923462,0.9896060824394226,0.9479711651802063,0.14226679503917694,0.9654079079627991,0.990723729133606,0.8981131911277771,7,0.9664040803909302,0.9431860446929932,0.000009999999747378752,0.9850993156433105,0.9868421052631579,0.9480489492416382,0.9296938180923462,0.9142593730792871,0.9424776564051638,1485,1208,0.9908174054128993,0.8981132075471698,0,0.9898201478539115,0.9142593730790323,0.8981132075471698,0.5514296323802451,0.8981132075471698,0.44857036761975494,0
1cc25957-2804-47fa-b84e-4888264147c3,vgg16,adam,Q06/Q11,train_execution_records,epoch,fine_tuning,8,2026-10-03T16:25:11.10246+00:00,cae5fc0d-3628-422b-96b9-7648bd7a4146,104,2026-10-03T16:25:11.106383+00:00,2026-10-03T16:11:49.482993+00:00,801.62339,2026-10-03T16:25:11.143074+00:00,2026-10-03T16:25:11.269521+00:00,0.126447,2026-10-03T16:25:11.302566+00:00,2026-10-03T16:26:15.229167+00:00,63.926601,"{""auc"":0.9851640462875366,""loss"":0.14293093979358673,""epoch"":21,""phase"":""fine_tuning"",""pr_auc"":0.987040638923645,""recall"":0.9261021614074707,""val_auc"":0.9873234629631042,""accuracy"":0.9468439817428589,""val_loss"":0.16422054171562195,""precision"":0.9666354060173035,""val_pr_auc"":0.9891076683998108,""val_recall"":0.8837735652923584,""phase_epoch"":8,""specificity"":0.9677624106407166,""val_accuracy"":0.938358724117279,""learning_rate"":0.000009999999747378752,""val_precision"":0.9898563027381897,""val_specificity"":0.9912280701754386,""balanced_accuracy"":0.946932315826416,""recall_parasitized"":0.9261021614074707,""val_f2_parasitized"":0.9031312663890174,""val_balanced_accuracy"":0.9375008275405494,""val_n_pred_uninfected"":1510,""val_n_pred_parasitized"":1183,""val_pr_auc_parasitized"":0.9891168966589338,""val_recall_parasitized"":0.8837735849056604,""val_prediction_collapse"":0,""val_roc_auc_parasitized"":0.9873529736290412,""val_early_stopping_score"":0.903131266388772,""val_checkpoint_policy_score"":0.8837735849056604,""val_percent_pred_uninfected"":0.5607129595246937,""val_sensitivity_parasitized"":0.8837735849056604,""val_percent_pred_parasitized"":0.43928704047530637,""val_prediction_collapse_detected"":0}",0.9851640462875366,0.14293093979358673,21,fine_tuning,0.987040638923645,0.9261021614074707,0.9873234629631042,0.9468439817428589,0.16422054171562195,0.9666354060173035,0.9891076683998108,0.8837735652923584,8,0.9677624106407166,0.938358724117279,0.000009999999747378752,0.9898563027381897,0.9912280701754386,0.946932315826416,0.9261021614074707,0.9031312663890174,0.9375008275405494,1510,1183,0.9891168966589338,0.8837735849056604,0,0.9873529736290412,0.903131266388772,0.8837735849056604,0.5607129595246937,0.8837735849056604,0.43928704047530637,0
1cc25957-2804-47fa-b84e-4888264147c3,vgg16,adam,Q06/Q11,train_execution_records,epoch,fine_tuning,9,2026-10-03T16:38:32.554271+00:00,397ba29f-bf91-40b7-b167-5f0aee5f6a30,109,2026-10-03T16:38:32.558786+00:00,2026-10-03T16:25:11.106383+00:00,801.452403,2026-10-03T16:38:32.594309+00:00,2026-10-03T16:38:32.717826+00:00,0.123517,2026-10-03T16:38:32.750395+00:00,2026-10-03T16:39:36.818788+00:00,64.068393,"{""auc"":0.9869799613952637,""loss"":0.13473838567733765,""epoch"":22,""phase"":""fine_tuning"",""pr_auc"":0.9883075952529907,""recall"":0.9334650039672852,""val_auc"":0.9885098934173584,""accuracy"":0.9504959583282471,""val_loss"":0.16705285012722015,""precision"":0.9667999744415283,""val_pr_auc"":0.9898940920829773,""val_recall"":0.8830188512802124,""phase_epoch"":9,""specificity"":0.967671811580658,""val_accuracy"":0.937244713306427,""learning_rate"":0.000009999999747378752,""val_precision"":0.9881756901741028,""val_specificity"":0.9897660818713451,""balanced_accuracy"":0.950568437576294,""recall_parasitized"":0.9334650039672852,""val_f2_parasitized"":0.9022208513263418,""val_balanced_accuracy"":0.9363924748979366,""val_n_pred_uninfected"":1509,""val_n_pred_parasitized"":1184,""val_pr_auc_parasitized"":0.9899079958865344,""val_recall_parasitized"":0.8830188679245283,""val_prediction_collapse"":0,""val_roc_auc_parasitized"":0.9885374600022067,""val_early_stopping_score"":0.902220851326097,""val_checkpoint_policy_score"":0.8830188679245283,""val_percent_pred_uninfected"":0.5603416264389157,""val_sensitivity_parasitized"":0.8830188679245283,""val_percent_pred_parasitized"":0.4396583735610843,""val_prediction_collapse_detected"":0}",0.9869799613952637,0.13473838567733765,22,fine_tuning,0.9883075952529907,0.9334650039672852,0.9885098934173584,0.9504959583282471,0.16705285012722015,0.9667999744415283,0.9898940920829773,0.8830188512802124,9,0.967671811580658,0.937244713306427,0.000009999999747378752,0.9881756901741028,0.9897660818713451,0.950568437576294,0.9334650039672852,0.9022208513263418,0.9363924748979366,1509,1184,0.9899079958865344,0.8830188679245283,0,0.9885374600022067,0.902220851326097,0.8830188679245283,0.5603416264389157,0.8830188679245283,0.4396583735610843,0
1cc25957-2804-47fa-b84e-4888264147c3,vgg16,adam,Q06/Q11,train_execution_records,epoch,fine_tuning,10,2026-10-03T16:51:53.980815+00:00,49a75e3d-6445-473a-b71b-c0be72ebb029,114,2026-10-03T16:51:53.990870+00:00,2026-10-03T16:38:32.558786+00:00,801.432084,2026-10-03T16:51:54.026856+00:00,2026-10-03T16:51:54.153087+00:00,0.126231,2026-10-03T16:51:54.185858+00:00,2026-10-03T16:52:58.184460+00:00,63.998602,"{""auc"":0.9874768853187561,""loss"":0.13258042931556702,""epoch"":23,""phase"":""fine_tuning"",""pr_auc"":0.98869788646698,""recall"":0.9366077184677124,""val_auc"":0.98897385597229,""accuracy"":0.9522993564605713,""val_loss"":0.13580848276615143,""precision"":0.9673560261726379,""val_pr_auc"":0.9904555082321167,""val_recall"":0.9116981029510498,""phase_epoch"":10,""specificity"":0.9681246280670166,""val_accuracy"":0.948384702205658,""learning_rate"":0.000009999999747378752,""val_precision"":0.9821138381958008,""val_specificity"":0.9839181286549707,""balanced_accuracy"":0.9523661732673645,""recall_parasitized"":0.9366077184677124,""val_f2_parasitized"":0.9249617151607963,""val_balanced_accuracy"":0.947808120931259,""val_n_pred_uninfected"":1463,""val_n_pred_parasitized"":1230,""val_pr_auc_parasitized"":0.990470876831943,""val_recall_parasitized"":0.9116981132075471,""val_prediction_collapse"":0,""val_roc_auc_parasitized"":0.9889904005296261,""val_early_stopping_score"":0.9249617151605324,""val_checkpoint_policy_score"":0.9116981132075471,""val_percent_pred_uninfected"":0.5432603044931303,""val_sensitivity_parasitized"":0.9116981132075471,""val_percent_pred_parasitized"":0.45673969550686966,""val_prediction_collapse_detected"":0}",0.9874768853187561,0.13258042931556702,23,fine_tuning,0.98869788646698,0.9366077184677124,0.98897385597229,0.9522993564605713,0.13580848276615143,0.9673560261726379,0.9904555082321167,0.9116981029510498,10,0.9681246280670166,0.948384702205658,0.000009999999747378752,0.9821138381958008,0.9839181286549707,0.9523661732673645,0.9366077184677124,0.9249617151607963,0.947808120931259,1463,1230,0.990470876831943,0.9116981132075471,0,0.9889904005296261,0.9249617151605324,0.9116981132075471,0.5432603044931303,0.9116981132075471,0.45673969550686966,0
1cc25957-2804-47fa-b84e-4888264147c3,vgg16,adam,Q06/Q11,train_execution_records,epoch,fine_tuning,11,2026-10-03T17:05:15.530721+00:00,516ffda2-c77c-4c7f-8ae2-49f1b1ee3f7f,119,2026-10-03T17:05:15.537713+00:00,2026-10-03T16:51:53.990870+00:00,801.546843,2026-10-03T17:05:15.575265+00:00,2026-10-03T17:05:15.702707+00:00,0.127442,2026-10-03T17:05:15.736109+00:00,2026-10-03T17:06:19.741740+00:00,64.005631,"{""auc"":0.9885253310203552,""loss"":0.1261671781539917,""epoch"":24,""phase"":""fine_tuning"",""pr_auc"":0.9897435903549194,""recall"":0.9385830760002136,""val_auc"":0.9900278449058533,""accuracy"":0.9538322687149048,""val_loss"":0.15816143155097961,""precision"":0.9684981107711792,""val_pr_auc"":0.991244912147522,""val_recall"":0.8966037631034851,""phase_epoch"":11,""specificity"":0.9692112803459167,""val_accuracy"":0.9431860446929932,""learning_rate"":0.000009999999747378752,""val_precision"":0.9867109656333923,""val_specificity"":0.9883040935672515,""balanced_accuracy"":0.9538971781730652,""recall_parasitized"":0.9385830760002136,""val_f2_parasitized"":0.9132841328413284,""val_balanced_accuracy"":0.9424539335760785,""val_n_pred_uninfected"":1489,""val_n_pred_parasitized"":1204,""val_pr_auc_parasitized"":0.9913510545060505,""val_recall_parasitized"":0.8966037735849056,""val_prediction_collapse"":0,""val_roc_auc_parasitized"":0.9903001213726139,""val_early_stopping_score"":0.9132841328410745,""val_checkpoint_policy_score"":0.8966037735849056,""val_percent_pred_uninfected"":0.5529149647233569,""val_sensitivity_parasitized"":0.8966037735849056,""val_percent_pred_parasitized"":0.4470850352766432,""val_prediction_collapse_detected"":0}",0.9885253310203552,0.1261671781539917,24,fine_tuning,0.9897435903549194,0.9385830760002136,0.9900278449058533,0.9538322687149048,0.15816143155097961,0.9684981107711792,0.991244912147522,0.8966037631034851,11,0.9692112803459167,0.9431860446929932,0.000009999999747378752,0.9867109656333923,0.9883040935672515,0.9538971781730652,0.9385830760002136,0.9132841328413284,0.9424539335760785,1489,1204,0.9913510545060505,0.8966037735849056,0,0.9903001213726139,0.9132841328410745,0.8966037735849056,0.5529149647233569,0.8966037735849056,0.4470850352766432,0
1cc25957-2804-47fa-b84e-4888264147c3,vgg16,adam,Q06/Q11,train_execution_records,epoch,fine_tuning,12,2026-10-03T17:18:29.285303+00:00,5d465c8d-9510-4417-9ca0-7dfa3b9cacd2,124,2026-10-03T17:18:29.288078+00:00,2026-10-03T17:05:15.537713+00:00,793.750365,2026-10-03T17:18:29.322981+00:00,2026-10-03T17:18:29.445444+00:00,0.122463,2026-10-03T17:18:29.478866+00:00,2026-10-03T17:19:32.159433+00:00,62.680567,"{""auc"":0.9883619546890259,""loss"":0.1276295930147171,""epoch"":25,""phase"":""fine_tuning"",""pr_auc"":0.9898871183395386,""recall"":0.9376851916313171,""val_auc"":0.9892769455909729,""accuracy"":0.9536068439483643,""val_loss"":0.14067120850086212,""precision"":0.9689181447029114,""val_pr_auc"":0.9907828569412231,""val_recall"":0.9041509628295898,""phase_epoch"":12,""specificity"":0.9696640372276306,""val_accuracy"":0.9450427293777466,""learning_rate"":0.000009999999747378752,""val_precision"":0.9827727675437927,""val_specificity"":0.9846491228070176,""balanced_accuracy"":0.9536746144294739,""recall_parasitized"":0.9376851916313171,""val_f2_parasitized"":0.9188525847522626,""val_balanced_accuracy"":0.944400033101622,""val_n_pred_uninfected"":1474,""val_n_pred_parasitized"":1219,""val_pr_auc_parasitized"":0.9907738857515208,""val_recall_parasitized"":0.9041509433962264,""val_prediction_collapse"":0,""val_roc_auc_parasitized"":0.9892844532715437,""val_early_stopping_score"":0.918852584752004,""val_checkpoint_policy_score"":0.9041509433962264,""val_percent_pred_uninfected"":0.5473449684366877,""val_sensitivity_parasitized"":0.9041509433962264,""val_percent_pred_parasitized"":0.45265503156331227,""val_prediction_collapse_detected"":0}",0.9883619546890259,0.1276295930147171,25,fine_tuning,0.9898871183395386,0.9376851916313171,0.9892769455909729,0.9536068439483643,0.14067120850086212,0.9689181447029114,0.9907828569412231,0.9041509628295898,12,0.9696640372276306,0.9450427293777466,0.000009999999747378752,0.9827727675437927,0.9846491228070176,0.9536746144294739,0.9376851916313171,0.9188525847522626,0.944400033101622,1474,1219,0.9907738857515208,0.9041509433962264,0,0.9892844532715437,0.918852584752004,0.9041509433962264,0.5473449684366877,0.9041509433962264,0.45265503156331227,0
1cc25957-2804-47fa-b84e-4888264147c3,vgg16,adam,Q06/Q11,train_execution_records,epoch,fine_tuning,13,2026-10-03T17:31:35.246543+00:00,a41c6470-ce71-4bd2-898c-469708a6a076,129,2026-10-03T17:31:35.252249+00:00,2026-10-03T17:18:29.288078+00:00,785.964171,2026-10-03T17:31:35.287554+00:00,2026-10-03T17:31:35.413749+00:00,0.126195,2026-10-03T17:31:35.445681+00:00,2026-10-03T17:32:37.990494+00:00,62.544813,"{""auc"":0.9882276058197021,""loss"":0.12647131085395813,""epoch"":26,""phase"":""fine_tuning"",""pr_auc"":0.9900496006011963,""recall"":0.9372362494468689,""val_auc"":0.988142192363739,""accuracy"":0.9542380571365356,""val_loss"":0.16209354996681213,""precision"":0.970615565776825,""val_pr_auc"":0.9896965026855469,""val_recall"":0.8852829933166504,""phase_epoch"":13,""specificity"":0.971384584903717,""val_accuracy"":0.937244713306427,""learning_rate"":0.000009999999747378752,""val_precision"":0.9857142567634583,""val_specificity"":0.9875730994152047,""balanced_accuracy"":0.954310417175293,""recall_parasitized"":0.9372362494468689,""val_f2_parasitized"":0.9036979969183359,""val_balanced_accuracy"":0.9364280591415646,""val_n_pred_uninfected"":1503,""val_n_pred_parasitized"":1190,""val_pr_auc_parasitized"":0.9897764712967314,""val_recall_parasitized"":0.8852830188679245,""val_prediction_collapse"":0,""val_roc_auc_parasitized"":0.9883542976939204,""val_early_stopping_score"":0.9036979969180897,""val_checkpoint_policy_score"":0.8852830188679245,""val_percent_pred_uninfected"":0.558113627924248,""val_sensitivity_parasitized"":0.8852830188679245,""val_percent_pred_parasitized"":0.44188637207575193,""val_prediction_collapse_detected"":0}",0.9882276058197021,0.12647131085395813,26,fine_tuning,0.9900496006011963,0.9372362494468689,0.988142192363739,0.9542380571365356,0.16209354996681213,0.970615565776825,0.9896965026855469,0.8852829933166504,13,0.971384584903717,0.937244713306427,0.000009999999747378752,0.9857142567634583,0.9875730994152047,0.954310417175293,0.9372362494468689,0.9036979969183359,0.9364280591415646,1503,1190,0.9897764712967314,0.8852830188679245,0,0.9883542976939204,0.9036979969180897,0.8852830188679245,0.558113627924248,0.8852830188679245,0.44188637207575193,0
3b914540-b13f-46d1-8047-38755ffd10f6,densenet121,sgd,Q06/Q11,train_execution_records,epoch,base,1,2026-10-03T03:35:42.157582+00:00,70fc6db0-8abc-457b-9d77-a338e06311ce,2,2026-10-03T03:35:42.161208+00:00,2026-10-03T03:32:53.128029+00:00,169.033179,2026-10-03T03:35:42.199384+00:00,2026-10-03T03:35:42.455900+00:00,0.256516,2026-10-03T03:35:42.496411+00:00,2026-10-03T03:36:00.212589+00:00,17.716178,"{""auc"":0.8364531397819519,""loss"":0.5039215087890625,""epoch"":1,""phase"":""base"",""pr_auc"":0.8405951261520386,""recall"":0.7514591217041016,""val_auc"":0.9508129358291626,""accuracy"":0.758701503276825,""val_loss"":0.3394695520401001,""precision"":0.7640829086303711,""val_pr_auc"":0.9491001963615417,""val_recall"":0.8052830100059509,""phase_epoch"":1,""specificity"":0.7660056352615356,""val_accuracy"":0.8715187311172485,""learning_rate"":0.0010000000474974513,""val_precision"":0.9238095283508301,""val_specificity"":0.935672514619883,""balanced_accuracy"":0.7587323784828186,""recall_parasitized"":0.7514591217041016,""val_f2_parasitized"":0.8264910921766073,""val_balanced_accuracy"":0.8704777667439038,""val_n_pred_uninfected"":1538,""val_n_pred_parasitized"":1155,""val_pr_auc_parasitized"":0.949113317124458,""val_recall_parasitized"":0.8052830188679245,""val_prediction_collapse"":0,""val_roc_auc_parasitized"":0.9508104380447975,""val_early_stopping_score"":0.8264910921764193,""val_checkpoint_policy_score"":0.8052830188679245,""val_percent_pred_uninfected"":0.5711102859264761,""val_sensitivity_parasitized"":0.8052830188679245,""val_percent_pred_parasitized"":0.42888971407352394,""val_prediction_collapse_detected"":0}",0.8364531397819519,0.5039215087890625,1,base,0.8405951261520386,0.7514591217041016,0.9508129358291626,0.758701503276825,0.3394695520401001,0.7640829086303711,0.9491001963615417,0.8052830100059509,1,0.7660056352615356,0.8715187311172485,0.0010000000474974513,0.9238095283508301,0.935672514619883,0.7587323784828186,0.7514591217041016,0.8264910921766073,0.8704777667439038,1538,1155,0.949113317124458,0.8052830188679245,0,0.9508104380447975,0.8264910921764193,0.8052830188679245,0.5711102859264761,0.8052830188679245,0.42888971407352394,0
3b914540-b13f-46d1-8047-38755ffd10f6,densenet121,sgd,Q06/Q11,train_execution_records,epoch,base,2,2026-10-03T03:38:50.808636+00:00,463aae6d-3ecb-4437-808a-a46ed03f2e41,7,2026-10-03T03:38:50.812368+00:00,2026-10-03T03:35:42.161208+00:00,188.65116,2026-10-03T03:38:50.851767+00:00,2026-10-03T03:38:51.110437+00:00,0.25867,2026-10-03T03:38:51.147977+00:00,2026-10-03T03:39:08.965923+00:00,17.817946,"{""auc"":0.890531063079834,""loss"":0.41723254323005676,""epoch"":2,""phase"":""base"",""pr_auc"":0.8956364989280701,""recall"":0.8010236024856567,""val_auc"":0.9511387348175049,""accuracy"":0.8128494024276733,""val_loss"":0.3281126320362091,""precision"":0.8217575550079346,""val_pr_auc"":0.9490771889686584,""val_recall"":0.8045282959938049,""phase_epoch"":2,""specificity"":0.8247758746147156,""val_accuracy"":0.8722614049911499,""learning_rate"":0.0010000000474974513,""val_precision"":0.9261511564254761,""val_specificity"":0.9378654970760234,""balanced_accuracy"":0.8128997087478638,""recall_parasitized"":0.8010236024856567,""val_f2_parasitized"":0.8262284917067121,""val_balanced_accuracy"":0.8711968994814079,""val_n_pred_uninfected"":1542,""val_n_pred_parasitized"":1151,""val_pr_auc_parasitized"":0.9492896578666071,""val_recall_parasitized"":0.8045283018867925,""val_prediction_collapse"":0,""val_roc_auc_parasitized"":0.951186968994814,""val_early_stopping_score"":0.8262284917065241,""val_checkpoint_policy_score"":0.8045283018867925,""val_percent_pred_uninfected"":0.5725956182695878,""val_sensitivity_parasitized"":0.8045283018867925,""val_percent_pred_parasitized"":0.4274043817304122,""val_prediction_collapse_detected"":0}",0.890531063079834,0.41723254323005676,2,base,0.8956364989280701,0.8010236024856567,0.9511387348175049,0.8128494024276733,0.3281126320362091,0.8217575550079346,0.9490771889686584,0.8045282959938049,2,0.8247758746147156,0.8722614049911499,0.0010000000474974513,0.9261511564254761,0.9378654970760234,0.8128997087478638,0.8010236024856567,0.8262284917067121,0.8711968994814079,1542,1151,0.9492896578666071,0.8045283018867925,0,0.951186968994814,0.8262284917065241,0.8045283018867925,0.5725956182695878,0.8045283018867925,0.4274043817304122,0
3b914540-b13f-46d1-8047-38755ffd10f6,densenet121,sgd,Q06/Q11,train_execution_records,epoch,base,3,2026-10-03T03:41:58.669781+00:00,d42f902d-0c38-46a5-b1d9-dadb40d1e02d,12,2026-10-03T03:41:58.673765+00:00,2026-10-03T03:38:50.812368+00:00,187.861397,2026-10-03T03:41:58.714617+00:00,2026-10-03T03:41:58.974579+00:00,0.259962,2026-10-03T03:41:59.009668+00:00,2026-10-03T03:42:16.898819+00:00,17.889151,"{""auc"":0.8943352699279785,""loss"":0.4100826382637024,""epoch"":3,""phase"":""base"",""pr_auc"":0.8996516466140747,""recall"":0.804166316986084,""val_auc"":0.951075553894043,""accuracy"":0.8178989887237549,""val_loss"":0.32599976658821106,""precision"":0.8281856775283813,""val_pr_auc"":0.9497534036636353,""val_recall"":0.8271698355674744,""phase_epoch"":3,""specificity"":0.8317486047744751,""val_accuracy"":0.8789454102516174,""learning_rate"":0.0010000000474974513,""val_precision"":0.9186923503875732,""val_specificity"":0.929093567251462,""balanced_accuracy"":0.8179574608802795,""recall_parasitized"":0.804166316986084,""val_f2_parasitized"":0.8439858308948098,""val_balanced_accuracy"":0.8781316892861084,""val_n_pred_uninfected"":1500,""val_n_pred_parasitized"":1193,""val_pr_auc_parasitized"":0.9498998321981079,""val_recall_parasitized"":0.8271698113207547,""val_prediction_collapse"":0,""val_roc_auc_parasitized"":0.9510978704623195,""val_early_stopping_score"":0.8439858308946093,""val_checkpoint_policy_score"":0.8271698113207547,""val_percent_pred_uninfected"":0.5569996286669142,""val_sensitivity_parasitized"":0.8271698113207547,""val_percent_pred_parasitized"":0.4430003713330858,""val_prediction_collapse_detected"":0}",0.8943352699279785,0.4100826382637024,3,base,0.8996516466140747,0.804166316986084,0.951075553894043,0.8178989887237549,0.32599976658821106,0.8281856775283813,0.9497534036636353,0.8271698355674744,3,0.8317486047744751,0.8789454102516174,0.0010000000474974513,0.9186923503875732,0.929093567251462,0.8179574608802795,0.804166316986084,0.8439858308948098,0.8781316892861084,1500,1193,0.9498998321981079,0.8271698113207547,0,0.9510978704623195,0.8439858308946093,0.8271698113207547,0.5569996286669142,0.8271698113207547,0.4430003713330858,0
3b914540-b13f-46d1-8047-38755ffd10f6,densenet121,sgd,Q06/Q11,train_execution_records,epoch,base,4,2026-10-03T03:45:06.589922+00:00,d774e3fb-e670-4fc0-9100-43088a87084a,17,2026-10-03T03:45:06.592919+00:00,2026-10-03T03:41:58.673765+00:00,187.919154,2026-10-03T03:45:06.635650+00:00,2026-10-03T03:45:06.894057+00:00,0.258407,2026-10-03T03:45:06.932306+00:00,2026-10-03T03:45:24.821621+00:00,17.889315,"{""auc"":0.9002858996391296,""loss"":0.3989153504371643,""epoch"":4,""phase"":""base"",""pr_auc"":0.9052928686141968,""recall"":0.8091048002243042,""val_auc"":0.9533882141113281,""accuracy"":0.8233093023300171,""val_loss"":0.3230086863040924,""precision"":0.8340429663658142,""val_pr_auc"":0.9521152973175049,""val_recall"":0.798490583896637,""phase_epoch"":4,""specificity"":0.8376346826553345,""val_accuracy"":0.8741180896759033,""learning_rate"":0.0010000000474974513,""val_precision"":0.9362831711769104,""val_specificity"":0.9473684210526315,""balanced_accuracy"":0.8233697414398193,""recall_parasitized"":0.8091048002243042,""val_f2_parasitized"":0.8227060653188181,""val_balanced_accuracy"":0.8729294935451837,""val_n_pred_uninfected"":1563,""val_n_pred_parasitized"":1130,""val_pr_auc_parasitized"":0.9522564438028529,""val_recall_parasitized"":0.7984905660377358,""val_prediction_collapse"":0,""val_roc_auc_parasitized"":0.9533283680900363,""val_early_stopping_score"":0.8227060653186324,""val_checkpoint_policy_score"":0.7984905660377358,""val_percent_pred_uninfected"":0.5803936130709246,""val_sensitivity_parasitized"":0.7984905660377358,""val_percent_pred_parasitized"":0.41960638692907537,""val_prediction_collapse_detected"":0}",0.9002858996391296,0.3989153504371643,4,base,0.9052928686141968,0.8091048002243042,0.9533882141113281,0.8233093023300171,0.3230086863040924,0.8340429663658142,0.9521152973175049,0.798490583896637,4,0.8376346826553345,0.8741180896759033,0.0010000000474974513,0.9362831711769104,0.9473684210526315,0.8233697414398193,0.8091048002243042,0.8227060653188181,0.8729294935451837,1563,1130,0.9522564438028529,0.7984905660377358,0,0.9533283680900363,0.8227060653186324,0.7984905660377358,0.5803936130709246,0.7984905660377358,0.41960638692907537,0
3b914540-b13f-46d1-8047-38755ffd10f6,densenet121,sgd,Q06/Q11,train_execution_records,epoch,base,5,2026-10-03T03:48:14.48864+00:00,dea405d6-bdfe-4073-86d1-afc47d95f271,22,2026-10-03T03:48:14.492011+00:00,2026-10-03T03:45:06.592919+00:00,187.899092,2026-10-03T03:48:14.532195+00:00,2026-10-03T03:48:14.788289+00:00,0.256094,2026-10-03T03:48:14.823544+00:00,2026-10-03T03:48:32.660733+00:00,17.837189,"{""auc"":0.905719518661499,""loss"":0.3886682093143463,""epoch"":5,""phase"":""base"",""pr_auc"":0.9106574654579163,""recall"":0.8168268203735352,""val_auc"":0.956476628780365,""accuracy"":0.8297565579414368,""val_loss"":0.31632643938064575,""precision"":0.8397489190101624,""val_pr_auc"":0.9550103545188904,""val_recall"":0.795471727848053,""phase_epoch"":5,""specificity"":0.8427963256835938,""val_accuracy"":0.8748607635498047,""learning_rate"":0.0010000000474974513,""val_precision"":0.9410714507102966,""val_specificity"":0.9517543859649122,""balanced_accuracy"":0.8298115730285645,""recall_parasitized"":0.8168268203735352,""val_f2_parasitized"":0.8208722741433022,""val_balanced_accuracy"":0.8736130420390599,""val_n_pred_uninfected"":1573,""val_n_pred_parasitized"":1120,""val_pr_auc_parasitized"":0.9549732374352256,""val_recall_parasitized"":0.7954716981132075,""val_prediction_collapse"":0,""val_roc_auc_parasitized"":0.9564349553128104,""val_early_stopping_score"":0.8208722741431179,""val_checkpoint_policy_score"":0.7954716981132075,""val_percent_pred_uninfected"":0.584106943928704,""val_sensitivity_parasitized"":0.7954716981132075,""val_percent_pred_parasitized"":0.41589305607129595,""val_prediction_collapse_detected"":0}",0.905719518661499,0.3886682093143463,5,base,0.9106574654579163,0.8168268203735352,0.956476628780365,0.8297565579414368,0.31632643938064575,0.8397489190101624,0.9550103545188904,0.795471727848053,5,0.8427963256835938,0.8748607635498047,0.0010000000474974513,0.9410714507102966,0.9517543859649122,0.8298115730285645,0.8168268203735352,0.8208722741433022,0.8736130420390599,1573,1120,0.9549732374352256,0.7954716981132075,0,0.9564349553128104,0.8208722741431179,0.7954716981132075,0.584106943928704,0.7954716981132075,0.41589305607129595,0
3b914540-b13f-46d1-8047-38755ffd10f6,densenet121,sgd,Q06/Q11,train_execution_records,epoch,base,6,2026-10-03T03:51:22.085997+00:00,19dfe906-b7c5-485f-a863-58654a36afc0,27,2026-10-03T03:51:22.089322+00:00,2026-10-03T03:48:14.492011+00:00,187.597311,2026-10-03T03:51:22.129481+00:00,2026-10-03T03:51:22.502128+00:00,0.372647,2026-10-03T03:51:22.543387+00:00,2026-10-03T03:51:40.357586+00:00,17.814199,"{""auc"":0.9043806791305542,""loss"":0.39183664321899414,""epoch"":6,""phase"":""base"",""pr_auc"":0.9086928963661194,""recall"":0.809912919998169,""val_auc"":0.9541741609573364,""accuracy"":0.823669970035553,""val_loss"":0.3371824026107788,""precision"":0.8341039419174194,""val_pr_auc"":0.9533184766769409,""val_recall"":0.7441509366035461,""phase_epoch"":6,""specificity"":0.8375441431999207,""val_accuracy"":0.8559227585792542,""learning_rate"":0.0010000000474974513,""val_precision"":0.9526569843292236,""val_specificity"":0.9641812865497076,""balanced_accuracy"":0.8237285614013672,""recall_parasitized"":0.809912919998169,""val_f2_parasitized"":0.7782162588792423,""val_balanced_accuracy"":0.854166114972967,""val_n_pred_uninfected"":1658,""val_n_pred_parasitized"":1035,""val_pr_auc_parasitized"":0.953303805876336,""val_recall_parasitized"":0.7441509433962264,""val_prediction_collapse"":0,""val_roc_auc_parasitized"":0.9542116297031887,""val_early_stopping_score"":0.7782162588790851,""val_checkpoint_policy_score"":0.7441509433962264,""val_percent_pred_uninfected"":0.6156702562198292,""val_sensitivity_parasitized"":0.7441509433962264,""val_percent_pred_parasitized"":0.3843297437801708,""val_prediction_collapse_detected"":0}",0.9043806791305542,0.39183664321899414,6,base,0.9086928963661194,0.809912919998169,0.9541741609573364,0.823669970035553,0.3371824026107788,0.8341039419174194,0.9533184766769409,0.7441509366035461,6,0.8375441431999207,0.8559227585792542,0.0010000000474974513,0.9526569843292236,0.9641812865497076,0.8237285614013672,0.809912919998169,0.7782162588792423,0.854166114972967,1658,1035,0.953303805876336,0.7441509433962264,0,0.9542116297031887,0.7782162588790851,0.7441509433962264,0.6156702562198292,0.7441509433962264,0.3843297437801708,0
3b914540-b13f-46d1-8047-38755ffd10f6,densenet121,sgd,Q06/Q11,train_execution_records,epoch,base,7,2026-10-03T03:54:29.918251+00:00,4e156324-6bae-4084-ac3c-9a2d322cbc76,32,2026-10-03T03:54:29.922140+00:00,2026-10-03T03:51:22.089322+00:00,187.832818,2026-10-03T03:54:29.964341+00:00,2026-10-03T03:54:30.227538+00:00,0.263197,2026-10-03T03:54:30.269547+00:00,2026-10-03T03:54:48.128877+00:00,17.85933,"{""auc"":0.9072290062904358,""loss"":0.38470160961151123,""epoch"":7,""phase"":""base"",""pr_auc"":0.9134699106216431,""recall"":0.8152105808258057,""val_auc"":0.956092357635498,""accuracy"":0.8302074074745178,""val_loss"":0.31150662899017334,""precision"":0.841661274433136,""val_pr_auc"":0.9545472264289856,""val_recall"":0.8067924380302429,""phase_epoch"":7,""specificity"":0.8453319072723389,""val_accuracy"":0.8782027363777161,""learning_rate"":0.0010000000474974513,""val_precision"":0.9368974566459656,""val_specificity"":0.9473684210526315,""balanced_accuracy"":0.8302712440490723,""recall_parasitized"":0.8152105808258057,""val_f2_parasitized"":0.8298400869430212,""val_balanced_accuracy"":0.87708043694141,""val_n_pred_uninfected"":1552,""val_n_pred_parasitized"":1141,""val_pr_auc_parasitized"":0.9545343280582748,""val_recall_parasitized"":0.8067924528301886,""val_prediction_collapse"":0,""val_roc_auc_parasitized"":0.9560978704623193,""val_early_stopping_score"":0.8298400869428308,""val_checkpoint_policy_score"":0.8067924528301886,""val_percent_pred_uninfected"":0.5763089491273673,""val_sensitivity_parasitized"":0.8067924528301886,""val_percent_pred_parasitized"":0.42369105087263276,""val_prediction_collapse_detected"":0}",0.9072290062904358,0.38470160961151123,7,base,0.9134699106216431,0.8152105808258057,0.956092357635498,0.8302074074745178,0.31150662899017334,0.841661274433136,0.9545472264289856,0.8067924380302429,7,0.8453319072723389,0.8782027363777161,0.0010000000474974513,0.9368974566459656,0.9473684210526315,0.8302712440490723,0.8152105808258057,0.8298400869430212,0.87708043694141,1552,1141,0.9545343280582748,0.8067924528301886,0,0.9560978704623193,0.8298400869428308,0.8067924528301886,0.5763089491273673,0.8067924528301886,0.42369105087263276,0
3b914540-b13f-46d1-8047-38755ffd10f6,densenet121,sgd,Q06/Q11,train_execution_records,epoch,base,8,2026-10-03T03:57:37.692936+00:00,ad0a8d20-b298-4c2c-b5ed-933154242ccb,37,2026-10-03T03:57:37.695973+00:00,2026-10-03T03:54:29.922140+00:00,187.773833,2026-10-03T03:57:37.738492+00:00,2026-10-03T03:57:37.998562+00:00,0.26007,2026-10-03T03:57:38.042820+00:00,2026-10-03T03:57:55.893941+00:00,17.851121,"{""auc"":0.907576322555542,""loss"":0.3857620060443878,""epoch"":8,""phase"":""base"",""pr_auc"":0.911151111125946,""recall"":0.8160187005996704,""val_auc"":0.9564428925514221,""accuracy"":0.8318755626678467,""val_loss"":0.305976927280426,""precision"":0.8439821600914001,""val_pr_auc"":0.9551960229873657,""val_recall"":0.852075457572937,""phase_epoch"":8,""specificity"":0.8478674292564392,""val_accuracy"":0.8889713883399963,""learning_rate"":0.0010000000474974513,""val_precision"":0.9163960814476013,""val_specificity"":0.9247076023391813,""balanced_accuracy"":0.8319430351257324,""recall_parasitized"":0.8160187005996704,""val_f2_parasitized"":0.864206981016534,""val_balanced_accuracy"":0.8883915370186473,""val_n_pred_uninfected"":1461,""val_n_pred_parasitized"":1232,""val_pr_auc_parasitized"":0.9551686167874192,""val_recall_parasitized"":0.8520754716981133,""val_prediction_collapse"":0,""val_roc_auc_parasitized"":0.9564735738717863,""val_early_stopping_score"":0.8642069810163189,""val_checkpoint_policy_score"":0.8520754716981133,""val_percent_pred_uninfected"":0.5425176383215744,""val_sensitivity_parasitized"":0.8520754716981133,""val_percent_pred_parasitized"":0.45748236167842554,""val_prediction_collapse_detected"":0}",0.907576322555542,0.3857620060443878,8,base,0.911151111125946,0.8160187005996704,0.9564428925514221,0.8318755626678467,0.305976927280426,0.8439821600914001,0.9551960229873657,0.852075457572937,8,0.8478674292564392,0.8889713883399963,0.0010000000474974513,0.9163960814476013,0.9247076023391813,0.8319430351257324,0.8160187005996704,0.864206981016534,0.8883915370186473,1461,1232,0.9551686167874192,0.8520754716981133,0,0.9564735738717863,0.8642069810163189,0.8520754716981133,0.5425176383215744,0.8520754716981133,0.45748236167842554,0
3b914540-b13f-46d1-8047-38755ffd10f6,densenet121,sgd,Q06/Q11,train_execution_records,epoch,base,9,2026-10-03T04:00:45.3701+00:00,843eb454-bf1f-42d1-a41c-80ff241a9e3f,42,2026-10-03T04:00:45.374575+00:00,2026-10-03T03:57:37.695973+00:00,187.678602,2026-10-03T04:00:45.417406+00:00,2026-10-03T04:00:45.678129+00:00,0.260723,2026-10-03T04:00:45.717500+00:00,2026-10-03T04:01:03.614994+00:00,17.897494,"{""auc"":0.9080554842948914,""loss"":0.38320326805114746,""epoch"":9,""phase"":""base"",""pr_auc"":0.91448974609375,""recall"":0.8192511200904846,""val_auc"":0.9564173221588135,""accuracy"":0.8332732319831848,""val_loss"":0.3208567202091217,""precision"":0.8441113829612732,""val_pr_auc"":0.9555879831314087,""val_recall"":0.7713207602500916,""phase_epoch"":9,""specificity"":0.8474146723747253,""val_accuracy"":0.8700334429740906,""learning_rate"":0.0010000000474974513,""val_precision"":0.9560336470603943,""val_specificity"":0.9656432748538012,""balanced_accuracy"":0.833332896232605,""recall_parasitized"":0.8192511200904846,""val_f2_parasitized"":0.8023237556916314,""val_balanced_accuracy"":0.8684820147853911,""val_n_pred_uninfected"":1624,""val_n_pred_parasitized"":1069,""val_pr_auc_parasitized"":0.9556052259391263,""val_recall_parasitized"":0.7713207547169811,""val_prediction_collapse"":0,""val_roc_auc_parasitized"":0.9564928831512743,""val_early_stopping_score"":0.8023237556914593,""val_checkpoint_policy_score"":0.7713207547169811,""val_percent_pred_uninfected"":0.6030449313033791,""val_sensitivity_parasitized"":0.7713207547169811,""val_percent_pred_parasitized"":0.3969550686966209,""val_prediction_collapse_detected"":0}",0.9080554842948914,0.38320326805114746,9,base,0.91448974609375,0.8192511200904846,0.9564173221588135,0.8332732319831848,0.3208567202091217,0.8441113829612732,0.9555879831314087,0.7713207602500916,9,0.8474146723747253,0.8700334429740906,0.0010000000474974513,0.9560336470603943,0.9656432748538012,0.833332896232605,0.8192511200904846,0.8023237556916314,0.8684820147853911,1624,1069,0.9556052259391263,0.7713207547169811,0,0.9564928831512743,0.8023237556914593,0.7713207547169811,0.6030449313033791,0.7713207547169811,0.3969550686966209,0
3b914540-b13f-46d1-8047-38755ffd10f6,densenet121,sgd,Q06/Q11,train_execution_records,epoch,base,10,2026-10-03T04:03:53.133221+00:00,f4725777-49fd-4c01-9af1-40ad669a8604,47,2026-10-03T04:03:53.137617+00:00,2026-10-03T04:00:45.374575+00:00,187.763042,2026-10-03T04:03:53.180743+00:00,2026-10-03T04:03:53.440184+00:00,0.259441,2026-10-03T04:03:53.479033+00:00,2026-10-03T04:04:11.318474+00:00,17.839441,"{""auc"":0.9087381958961487,""loss"":0.3832719027996063,""epoch"":10,""phase"":""base"",""pr_auc"":0.912827730178833,""recall"":0.8208673596382141,""val_auc"":0.9586389660835266,""accuracy"":0.8350315690040588,""val_loss"":0.30295684933662415,""precision"":0.8460114598274231,""val_pr_auc"":0.9574750661849976,""val_recall"":0.9049056768417358,""phase_epoch"":10,""specificity"":0.8493162989616394,""val_accuracy"":0.9049387574195862,""learning_rate"":0.0010000000474974513,""val_precision"":0.9021821022033691,""val_specificity"":0.9049707602339181,""balanced_accuracy"":0.8350918292999268,""recall_parasitized"":0.8208673596382141,""val_f2_parasitized"":0.90435963192035,""val_balanced_accuracy"":0.9049382103056383,""val_n_pred_uninfected"":1364,""val_n_pred_parasitized"":1329,""val_pr_auc_parasitized"":0.957563252926504,""val_recall_parasitized"":0.9049056603773585,""val_prediction_collapse"":0,""val_roc_auc_parasitized"":0.9585975946154695,""val_early_stopping_score"":0.9043596319201034,""val_checkpoint_policy_score"":0.9049056603773585,""val_percent_pred_uninfected"":0.506498329001114,""val_sensitivity_parasitized"":0.9049056603773585,""val_percent_pred_parasitized"":0.493501670998886,""val_prediction_collapse_detected"":0}",0.9087381958961487,0.3832719027996063,10,base,0.912827730178833,0.8208673596382141,0.9586389660835266,0.8350315690040588,0.30295684933662415,0.8460114598274231,0.9574750661849976,0.9049056768417358,10,0.8493162989616394,0.9049387574195862,0.0010000000474974513,0.9021821022033691,0.9049707602339181,0.8350918292999268,0.8208673596382141,0.90435963192035,0.9049382103056383,1364,1329,0.957563252926504,0.9049056603773585,0,0.9585975946154695,0.9043596319201034,0.9049056603773585,0.506498329001114,0.9049056603773585,0.493501670998886,0
3b914540-b13f-46d1-8047-38755ffd10f6,densenet121,sgd,Q06/Q11,train_execution_records,epoch,base,11,2026-10-03T04:07:00.761522+00:00,89e3fd58-0d7f-41b6-a1cf-bdc2924b4076,52,2026-10-03T04:07:00.771011+00:00,2026-10-03T04:03:53.137617+00:00,187.633394,2026-10-03T04:07:00.815414+00:00,2026-10-03T04:07:01.077178+00:00,0.261764,2026-10-03T04:07:01.117467+00:00,2026-10-03T04:07:18.901392+00:00,17.783925,"{""auc"":0.9117157459259033,""loss"":0.3758748173713684,""epoch"":11,""phase"":""base"",""pr_auc"":0.917753279209137,""recall"":0.8218550682067871,""val_auc"":0.9565147161483765,""accuracy"":0.8375563621520996,""val_loss"":0.30096155405044556,""precision"":0.8497029542922974,""val_pr_auc"":0.9549856781959534,""val_recall"":0.8671697974205017,""phase_epoch"":11,""specificity"":0.8533912897109985,""val_accuracy"":0.8941700458526611,""learning_rate"":0.0010000000474974513,""val_precision"":0.9133545160293579,""val_specificity"":0.9203216374269005,""balanced_accuracy"":0.8376231789588928,""recall_parasitized"":0.8218550682067871,""val_f2_parasitized"":0.8760292772186642,""val_balanced_accuracy"":0.8937457243738276,""val_n_pred_uninfected"":1435,""val_n_pred_parasitized"":1258,""val_pr_auc_parasitized"":0.9551737433722782,""val_recall_parasitized"":0.8671698113207548,""val_prediction_collapse"":0,""val_roc_auc_parasitized"":0.9565188127551584,""val_early_stopping_score"":0.8760292772184401,""val_checkpoint_policy_score"":0.8671698113207548,""val_percent_pred_uninfected"":0.532862978091348,""val_sensitivity_parasitized"":0.8671698113207548,""val_percent_pred_parasitized"":0.4671370219086521,""val_prediction_collapse_detected"":0}",0.9117157459259033,0.3758748173713684,11,base,0.917753279209137,0.8218550682067871,0.9565147161483765,0.8375563621520996,0.30096155405044556,0.8497029542922974,0.9549856781959534,0.8671697974205017,11,0.8533912897109985,0.8941700458526611,0.0010000000474974513,0.9133545160293579,0.9203216374269005,0.8376231789588928,0.8218550682067871,0.8760292772186642,0.8937457243738276,1435,1258,0.9551737433722782,0.8671698113207548,0,0.9565188127551584,0.8760292772184401,0.8671698113207548,0.532862978091348,0.8671698113207548,0.4671370219086521,0
3b914540-b13f-46d1-8047-38755ffd10f6,densenet121,sgd,Q06/Q11,train_execution_records,epoch,base,12,2026-10-03T04:10:08.568221+00:00,a412fe34-d6b6-4b5f-ac9d-eb35dd39958c,57,2026-10-03T04:10:08.572060+00:00,2026-10-03T04:07:00.771011+00:00,187.801049,2026-10-03T04:10:08.615729+00:00,2026-10-03T04:10:08.968796+00:00,0.353067,2026-10-03T04:10:09.005256+00:00,2026-10-03T04:10:26.881038+00:00,17.875782,"{""auc"":0.9089159369468689,""loss"":0.382259726524353,""epoch"":12,""phase"":""base"",""pr_auc"":0.9135599136352539,""recall"":0.8188021779060364,""val_auc"":0.9596723318099976,""accuracy"":0.8325518369674683,""val_loss"":0.29541516304016113,""precision"":0.843180775642395,""val_pr_auc"":0.95756995677948,""val_recall"":0.8377358317375183,""phase_epoch"":12,""specificity"":0.846418559551239,""val_accuracy"":0.8863720893859863,""learning_rate"":0.0010000000474974513,""val_precision"":0.9242298007011414,""val_specificity"":0.9334795321637427,""balanced_accuracy"":0.8326103687286377,""recall_parasitized"":0.8188021779060364,""val_f2_parasitized"":0.8537148131056761,""val_balanced_accuracy"":0.8856076906101733,""val_n_pred_uninfected"":1492,""val_n_pred_parasitized"":1201,""val_pr_auc_parasitized"":0.9576665547652164,""val_recall_parasitized"":0.8377358490566038,""val_prediction_collapse"":0,""val_roc_auc_parasitized"":0.9596546397440143,""val_early_stopping_score"":0.8537148131054687,""val_checkpoint_policy_score"":0.8377358490566038,""val_percent_pred_uninfected"":0.5540289639806907,""val_sensitivity_parasitized"":0.8377358490566038,""val_percent_pred_parasitized"":0.4459710360193093,""val_prediction_collapse_detected"":0}",0.9089159369468689,0.382259726524353,12,base,0.9135599136352539,0.8188021779060364,0.9596723318099976,0.8325518369674683,0.29541516304016113,0.843180775642395,0.95756995677948,0.8377358317375183,12,0.846418559551239,0.8863720893859863,0.0010000000474974513,0.9242298007011414,0.9334795321637427,0.8326103687286377,0.8188021779060364,0.8537148131056761,0.8856076906101733,1492,1201,0.9576665547652164,0.8377358490566038,0,0.9596546397440143,0.8537148131054687,0.8377358490566038,0.5540289639806907,0.8377358490566038,0.4459710360193093,0
3b914540-b13f-46d1-8047-38755ffd10f6,densenet121,sgd,Q06/Q11,train_execution_records,epoch,base,13,2026-10-03T04:13:16.267587+00:00,ad03ab5f-78a2-4d2a-8180-215ef604189c,62,2026-10-03T04:13:16.271203+00:00,2026-10-03T04:10:08.572060+00:00,187.699143,2026-10-03T04:13:16.311384+00:00,2026-10-03T04:13:16.571988+00:00,0.260604,2026-10-03T04:13:16.608810+00:00,2026-10-03T04:13:34.482668+00:00,17.873858,"{""auc"":0.9080277681350708,""loss"":0.3838120400905609,""epoch"":13,""phase"":""base"",""pr_auc"":0.9137856960296631,""recall"":0.8134147524833679,""val_auc"":0.9577400088310242,""accuracy"":0.8287646770477295,""val_loss"":0.30630263686180115,""precision"":0.8404304385185242,""val_pr_auc"":0.956330418586731,""val_recall"":0.7932075262069702,""phase_epoch"":13,""specificity"":0.844245195388794,""val_accuracy"":0.874489426612854,""learning_rate"":0.0010000000474974513,""val_precision"":0.9426009058952332,""val_specificity"":0.9532163742690059,""balanced_accuracy"":0.8288300037384033,""recall_parasitized"":0.8134147524833679,""val_f2_parasitized"":0.8191738113795791,""val_balanced_accuracy"":0.8732119607194087,""val_n_pred_uninfected"":1578,""val_n_pred_parasitized"":1115,""val_pr_auc_parasitized"":0.9564244538611973,""val_recall_parasitized"":0.7932075471698113,""val_prediction_collapse"":0,""val_roc_auc_parasitized"":0.957756261723491,""val_early_stopping_score"":0.8191738113793958,""val_checkpoint_policy_score"":0.7932075471698113,""val_percent_pred_uninfected"":0.5859636093575937,""val_sensitivity_parasitized"":0.7932075471698113,""val_percent_pred_parasitized"":0.4140363906424062,""val_prediction_collapse_detected"":0}",0.9080277681350708,0.3838120400905609,13,base,0.9137856960296631,0.8134147524833679,0.9577400088310242,0.8287646770477295,0.30630263686180115,0.8404304385185242,0.956330418586731,0.7932075262069702,13,0.844245195388794,0.874489426612854,0.0010000000474974513,0.9426009058952332,0.9532163742690059,0.8288300037384033,0.8134147524833679,0.8191738113795791,0.8732119607194087,1578,1115,0.9564244538611973,0.7932075471698113,0,0.957756261723491,0.8191738113793958,0.7932075471698113,0.5859636093575937,0.7932075471698113,0.4140363906424062,0
3b914540-b13f-46d1-8047-38755ffd10f6,densenet121,sgd,Q06/Q11,train_execution_records,epoch,base,14,2026-10-03T04:16:24.020117+00:00,76f9a360-b339-4ca9-9d70-1e24e16e64a2,67,2026-10-03T04:16:24.023840+00:00,2026-10-03T04:13:16.271203+00:00,187.752637,2026-10-03T04:16:24.065205+00:00,2026-10-03T04:16:24.330159+00:00,0.264954,2026-10-03T04:16:24.365989+00:00,2026-10-03T04:16:42.280517+00:00,17.914528,"{""auc"":0.9108368158340454,""loss"":0.3781195282936096,""epoch"":14,""phase"":""base"",""pr_auc"":0.9162490367889404,""recall"":0.8215857148170471,""val_auc"":0.9569348096847534,""accuracy"":0.8349413871765137,""val_loss"":0.3210907578468323,""precision"":0.8453437089920044,""val_pr_auc"":0.9558863639831543,""val_recall"":0.7622641324996948,""phase_epoch"":14,""specificity"":0.8484107851982117,""val_accuracy"":0.8640921115875244,""learning_rate"":0.0010000000474974513,""val_precision"":0.9519321322441101,""val_specificity"":0.9627192982456141,""balanced_accuracy"":0.8349982500076294,""recall_parasitized"":0.8215857148170471,""val_f2_parasitized"":0.793900330136771,""val_balanced_accuracy"":0.8624917245945052,""val_n_pred_uninfected"":1632,""val_n_pred_parasitized"":1061,""val_pr_auc_parasitized"":0.9560387185674442,""val_recall_parasitized"":0.7622641509433963,""val_prediction_collapse"":0,""val_roc_auc_parasitized"":0.9570429217698334,""val_early_stopping_score"":0.7939003301366042,""val_checkpoint_policy_score"":0.7622641509433963,""val_percent_pred_uninfected"":0.6060155959896026,""val_sensitivity_parasitized"":0.7622641509433963,""val_percent_pred_parasitized"":0.3939844040103973,""val_prediction_collapse_detected"":0}",0.9108368158340454,0.3781195282936096,14,base,0.9162490367889404,0.8215857148170471,0.9569348096847534,0.8349413871765137,0.3210907578468323,0.8453437089920044,0.9558863639831543,0.7622641324996948,14,0.8484107851982117,0.8640921115875244,0.0010000000474974513,0.9519321322441101,0.9627192982456141,0.8349982500076294,0.8215857148170471,0.793900330136771,0.8624917245945052,1632,1061,0.9560387185674442,0.7622641509433963,0,0.9570429217698334,0.7939003301366042,0.7622641509433963,0.6060155959896026,0.7622641509433963,0.3939844040103973,0
3b914540-b13f-46d1-8047-38755ffd10f6,densenet121,sgd,Q06/Q11,train_execution_records,epoch,base,15,2026-10-03T04:19:31.84919+00:00,2038d440-a756-4166-82db-2cc4dbb622cb,72,2026-10-03T04:19:31.851719+00:00,2026-10-03T04:16:24.023840+00:00,187.827879,2026-10-03T04:19:31.889100+00:00,2026-10-03T04:19:32.212473+00:00,0.323373,2026-10-03T04:19:32.251858+00:00,2026-10-03T04:19:50.097393+00:00,17.845535,"{""auc"":0.9131600260734558,""loss"":0.3737073242664337,""epoch"":15,""phase"":""base"",""pr_auc"":0.9182685613632202,""recall"":0.8228427767753601,""val_auc"":0.9586961269378662,""accuracy"":0.8374661803245544,""val_loss"":0.3034932613372803,""precision"":0.848832905292511,""val_pr_auc"":0.9570261240005493,""val_recall"":0.7947169542312622,""phase_epoch"":15,""specificity"":0.8522140979766846,""val_accuracy"":0.8752321004867554,""learning_rate"":0.0010000000474974513,""val_precision"":0.9427036643028259,""val_specificity"":0.9532163742690059,""balanced_accuracy"":0.8375284671783447,""recall_parasitized"":0.8228427767753601,""val_f2_parasitized"":0.820476858345021,""val_balanced_accuracy"":0.8739666777005406,""val_n_pred_uninfected"":1576,""val_n_pred_parasitized"":1117,""val_pr_auc_parasitized"":0.9571336033849932,""val_recall_parasitized"":0.7947169811320755,""val_prediction_collapse"":0,""val_roc_auc_parasitized"":0.958735518040384,""val_early_stopping_score"":0.8204768583448369,""val_checkpoint_policy_score"":0.7947169811320755,""val_percent_pred_uninfected"":0.5852209431860379,""val_sensitivity_parasitized"":0.7947169811320755,""val_percent_pred_parasitized"":0.4147790568139621,""val_prediction_collapse_detected"":0}",0.9131600260734558,0.3737073242664337,15,base,0.9182685613632202,0.8228427767753601,0.9586961269378662,0.8374661803245544,0.3034932613372803,0.848832905292511,0.9570261240005493,0.7947169542312622,15,0.8522140979766846,0.8752321004867554,0.0010000000474974513,0.9427036643028259,0.9532163742690059,0.8375284671783447,0.8228427767753601,0.820476858345021,0.8739666777005406,1576,1117,0.9571336033849932,0.7947169811320755,0,0.958735518040384,0.8204768583448369,0.7947169811320755,0.5852209431860379,0.7947169811320755,0.4147790568139621,0
3b914540-b13f-46d1-8047-38755ffd10f6,densenet121,sgd,Q06/Q11,train_execution_records,epoch,base,16,2026-10-03T04:22:39.502177+00:00,29197175-ae68-4fde-92df-0348192c66c7,77,2026-10-03T04:22:39.504982+00:00,2026-10-03T04:19:31.851719+00:00,187.653263,2026-10-03T04:22:39.545129+00:00,2026-10-03T04:22:39.801584+00:00,0.256455,2026-10-03T04:22:39.838308+00:00,2026-10-03T04:22:57.648086+00:00,17.809778,"{""auc"":0.9085533618927002,""loss"":0.3841635584831238,""epoch"":16,""phase"":""base"",""pr_auc"":0.9125483632087708,""recall"":0.8184430003166199,""val_auc"":0.956233024597168,""accuracy"":0.8327772617340088,""val_loss"":0.34984371066093445,""precision"":0.8438252210617065,""val_pr_auc"":0.9549384117126465,""val_recall"":0.7071698307991028,""phase_epoch"":16,""specificity"":0.8472335338592529,""val_accuracy"":0.8414407968521118,""learning_rate"":0.0005000000237487257,""val_precision"":0.9600409865379333,""val_specificity"":0.9714912280701754,""balanced_accuracy"":0.8328382968902588,""recall_parasitized"":0.8184430003166199,""val_f2_parasitized"":0.7464945825366476,""val_balanced_accuracy"":0.839330519695465,""val_n_pred_uninfected"":1717,""val_n_pred_parasitized"":976,""val_pr_auc_parasitized"":0.9548774624652092,""val_recall_parasitized"":0.7071698113207547,""val_prediction_collapse"":0,""val_roc_auc_parasitized"":0.9562396557431314,""val_early_stopping_score"":0.7464945825365089,""val_checkpoint_policy_score"":0.7071698113207547,""val_percent_pred_uninfected"":0.6375789082807278,""val_sensitivity_parasitized"":0.7071698113207547,""val_percent_pred_parasitized"":0.36242109171927217,""val_prediction_collapse_detected"":0}",0.9085533618927002,0.3841635584831238,16,base,0.9125483632087708,0.8184430003166199,0.956233024597168,0.8327772617340088,0.34984371066093445,0.8438252210617065,0.9549384117126465,0.7071698307991028,16,0.8472335338592529,0.8414407968521118,0.0005000000237487257,0.9600409865379333,0.9714912280701754,0.8328382968902588,0.8184430003166199,0.7464945825366476,0.839330519695465,1717,976,0.9548774624652092,0.7071698113207547,0,0.9562396557431314,0.7464945825365089,0.7071698113207547,0.6375789082807278,0.7071698113207547,0.36242109171927217,0
3b914540-b13f-46d1-8047-38755ffd10f6,densenet121,sgd,Q06/Q11,train_execution_records,epoch,base,17,2026-10-03T04:25:47.111246+00:00,edf82480-13c8-41df-824f-c388eb044f73,82,2026-10-03T04:25:47.115906+00:00,2026-10-03T04:22:39.504982+00:00,187.610924,2026-10-03T04:25:47.156378+00:00,2026-10-03T04:25:47.412233+00:00,0.255855,2026-10-03T04:25:47.448645+00:00,2026-10-03T04:26:05.258419+00:00,17.809774,"{""auc"":0.9108502268791199,""loss"":0.37849941849708557,""epoch"":17,""phase"":""base"",""pr_auc"":0.9164903163909912,""recall"":0.8185328245162964,""val_auc"":0.9576914310455322,""accuracy"":0.8354824185371399,""val_loss"":0.3119617998600006,""precision"":0.8484735488891602,""val_pr_auc"":0.9566441774368286,""val_recall"":0.7818868160247803,""phase_epoch"":17,""specificity"":0.8525763154029846,""val_accuracy"":0.8718900680541992,""learning_rate"":0.0005000000237487257,""val_precision"":0.9487179517745972,""val_specificity"":0.9590643274853801,""balanced_accuracy"":0.8355545997619629,""recall_parasitized"":0.8185328245162964,""val_f2_parasitized"":0.8103879849812266,""val_balanced_accuracy"":0.8704755599691052,""val_n_pred_uninfected"":1601,""val_n_pred_parasitized"":1092,""val_pr_auc_parasitized"":0.9566537056592461,""val_recall_parasitized"":0.7818867924528302,""val_prediction_collapse"":0,""val_roc_auc_parasitized"":0.9576652322630475,""val_early_stopping_score"":0.810387984981049,""val_checkpoint_policy_score"":0.7818867924528302,""val_percent_pred_uninfected"":0.5945042703304865,""val_sensitivity_parasitized"":0.7818867924528302,""val_percent_pred_parasitized"":0.4054957296695135,""val_prediction_collapse_detected"":0}",0.9108502268791199,0.37849941849708557,17,base,0.9164903163909912,0.8185328245162964,0.9576914310455322,0.8354824185371399,0.3119617998600006,0.8484735488891602,0.9566441774368286,0.7818868160247803,17,0.8525763154029846,0.8718900680541992,0.0005000000237487257,0.9487179517745972,0.9590643274853801,0.8355545997619629,0.8185328245162964,0.8103879849812266,0.8704755599691052,1601,1092,0.9566537056592461,0.7818867924528302,0,0.9576652322630475,0.810387984981049,0.7818867924528302,0.5945042703304865,0.7818867924528302,0.4054957296695135,0
3b914540-b13f-46d1-8047-38755ffd10f6,densenet121,sgd,Q06/Q11,train_execution_records,epoch,base,18,2026-10-03T04:28:54.596317+00:00,b0969ef1-57a7-4146-b756-796cf8c83056,87,2026-10-03T04:28:54.603219+00:00,2026-10-03T04:25:47.115906+00:00,187.487313,2026-10-03T04:28:54.646175+00:00,2026-10-03T04:28:55.004959+00:00,0.358784,2026-10-03T04:28:55.045166+00:00,2026-10-03T04:29:12.897145+00:00,17.851979,"{""auc"":0.912272572517395,""loss"":0.375205934047699,""epoch"":18,""phase"":""base"",""pr_auc"":0.9178354740142822,""recall"":0.8175451159477234,""val_auc"":0.9570620059967041,""accuracy"":0.8342651128768921,""val_loss"":0.29961150884628296,""precision"":0.8470555543899536,""val_pr_auc"":0.9562844038009644,""val_recall"":0.8332075476646423,""phase_epoch"":18,""specificity"":0.8511273860931396,""val_accuracy"":0.8863720893859863,""learning_rate"":0.0005000000237487257,""val_precision"":0.928511381149292,""val_specificity"":0.9378654970760234,""balanced_accuracy"":0.8343362808227539,""recall_parasitized"":0.8175451159477234,""val_f2_parasitized"":0.8506703652334721,""val_balanced_accuracy"":0.8855365221229173,""val_n_pred_uninfected"":1504,""val_n_pred_parasitized"":1189,""val_pr_auc_parasitized"":0.9564665564182507,""val_recall_parasitized"":0.8332075471698113,""val_prediction_collapse"":0,""val_roc_auc_parasitized"":0.957114641950789,""val_early_stopping_score"":0.8506703652332669,""val_checkpoint_policy_score"":0.8332075471698113,""val_percent_pred_uninfected"":0.558484961010026,""val_sensitivity_parasitized"":0.8332075471698113,""val_percent_pred_parasitized"":0.441515038989974,""val_prediction_collapse_detected"":0}",0.912272572517395,0.375205934047699,18,base,0.9178354740142822,0.8175451159477234,0.9570620059967041,0.8342651128768921,0.29961150884628296,0.8470555543899536,0.9562844038009644,0.8332075476646423,18,0.8511273860931396,0.8863720893859863,0.0005000000237487257,0.928511381149292,0.9378654970760234,0.8343362808227539,0.8175451159477234,0.8506703652334721,0.8855365221229173,1504,1189,0.9564665564182507,0.8332075471698113,0,0.957114641950789,0.8506703652332669,0.8332075471698113,0.558484961010026,0.8332075471698113,0.441515038989974,0
3b914540-b13f-46d1-8047-38755ffd10f6,densenet121,sgd,Q06/Q11,train_execution_records,epoch,base,19,2026-10-03T04:32:02.495839+00:00,206fcf05-79f8-4ae9-af44-a0761113aa68,92,2026-10-03T04:32:02.499179+00:00,2026-10-03T04:28:54.603219+00:00,187.89596,2026-10-03T04:32:02.541025+00:00,2026-10-03T04:32:02.797413+00:00,0.256388,2026-10-03T04:32:02.833864+00:00,2026-10-03T04:32:20.652298+00:00,17.818434,"{""auc"":0.9161830544471741,""loss"":0.36774080991744995,""epoch"":19,""phase"":""base"",""pr_auc"":0.9212312698364258,""recall"":0.8258058428764343,""val_auc"":0.9582812190055847,""accuracy"":0.8403065800666809,""val_loss"":0.3026411831378937,""precision"":0.8516529202461243,""val_pr_auc"":0.9572024941444397,""val_recall"":0.800000011920929,""phase_epoch"":19,""specificity"":0.8549306988716125,""val_accuracy"":0.8782027363777161,""learning_rate"":0.0005000000237487257,""val_precision"":0.9439002871513367,""val_specificity"":0.9539473684210527,""balanced_accuracy"":0.8403682708740234,""recall_parasitized"":0.8258058428764343,""val_f2_parasitized"":0.825159582749494,""val_balanced_accuracy"":0.8769736842105263,""val_n_pred_uninfected"":1570,""val_n_pred_parasitized"":1123,""val_pr_auc_parasitized"":0.9574053025577831,""val_recall_parasitized"":0.8,""val_prediction_collapse"":0,""val_roc_auc_parasitized"":0.9583625730994151,""val_early_stopping_score"":0.8251595827493067,""val_checkpoint_policy_score"":0.8,""val_percent_pred_uninfected"":0.5829929446713702,""val_sensitivity_parasitized"":0.8,""val_percent_pred_parasitized"":0.4170070553286298,""val_prediction_collapse_detected"":0}",0.9161830544471741,0.36774080991744995,19,base,0.9212312698364258,0.8258058428764343,0.9582812190055847,0.8403065800666809,0.3026411831378937,0.8516529202461243,0.9572024941444397,0.800000011920929,19,0.8549306988716125,0.8782027363777161,0.0005000000237487257,0.9439002871513367,0.9539473684210527,0.8403682708740234,0.8258058428764343,0.825159582749494,0.8769736842105263,1570,1123,0.9574053025577831,0.8,0,0.9583625730994151,0.8251595827493067,0.8,0.5829929446713702,0.8,0.4170070553286298,0
3b914540-b13f-46d1-8047-38755ffd10f6,densenet121,sgd,Q06/Q11,train_execution_records,epoch,base,20,2026-10-03T04:35:10.152226+00:00,a14ab5f1-e988-4bec-b791-c4ba3d14c7b3,97,2026-10-03T04:35:10.155454+00:00,2026-10-03T04:32:02.499179+00:00,187.656275,2026-10-03T04:35:10.197622+00:00,2026-10-03T04:35:10.455127+00:00,0.257505,2026-10-03T04:35:10.492585+00:00,2026-10-03T04:35:28.326623+00:00,17.834038,"{""auc"":0.9139701724052429,""loss"":0.3728484511375427,""epoch"":20,""phase"":""base"",""pr_auc"":0.9181983470916748,""recall"":0.8234713077545166,""val_auc"":0.9574370384216309,""accuracy"":0.839449942111969,""val_loss"":0.3004530966281891,""precision"":0.8518484234809875,""val_pr_auc"":0.9566465020179749,""val_recall"":0.8090565800666809,""phase_epoch"":20,""specificity"":0.8555645942687988,""val_accuracy"":0.8782027363777161,""learning_rate"":0.0002500000118743628,""val_precision"":0.9346120357513428,""val_specificity"":0.9451754385964912,""balanced_accuracy"":0.8395179510116577,""recall_parasitized"":0.8234713077545166,""val_f2_parasitized"":0.8313944470296262,""val_balanced_accuracy"":0.8771160211850381,""val_n_pred_uninfected"":1546,""val_n_pred_parasitized"":1147,""val_pr_auc_parasitized"":0.9566305844374099,""val_recall_parasitized"":0.8090566037735849,""val_prediction_collapse"":0,""val_roc_auc_parasitized"":0.9574969656846518,""val_early_stopping_score"":0.8313944470294347,""val_checkpoint_policy_score"":0.8090566037735849,""val_percent_pred_uninfected"":0.5740809506126996,""val_sensitivity_parasitized"":0.8090566037735849,""val_percent_pred_parasitized"":0.4259190493873004,""val_prediction_collapse_detected"":0}",0.9139701724052429,0.3728484511375427,20,base,0.9181983470916748,0.8234713077545166,0.9574370384216309,0.839449942111969,0.3004530966281891,0.8518484234809875,0.9566465020179749,0.8090565800666809,20,0.8555645942687988,0.8782027363777161,0.0002500000118743628,0.9346120357513428,0.9451754385964912,0.8395179510116577,0.8234713077545166,0.8313944470296262,0.8771160211850381,1546,1147,0.9566305844374099,0.8090566037735849,0,0.9574969656846518,0.8313944470294347,0.8090566037735849,0.5740809506126996,0.8090566037735849,0.4259190493873004,0
3b914540-b13f-46d1-8047-38755ffd10f6,densenet121,sgd,Q06/Q11,train_execution_records,epoch,base,21,2026-10-03T04:38:17.672431+00:00,5746bb40-80cf-4d7d-91b8-684af1419113,102,2026-10-03T04:38:17.676390+00:00,2026-10-03T04:35:10.155454+00:00,187.520936,2026-10-03T04:38:17.718799+00:00,2026-10-03T04:38:17.971900+00:00,0.253101,2026-10-03T04:38:18.008190+00:00,2026-10-03T04:38:35.863872+00:00,17.855682,"{""auc"":0.9144676327705383,""loss"":0.3708532154560089,""epoch"":21,""phase"":""base"",""pr_auc"":0.91963791847229,""recall"":0.8256263136863708,""val_auc"":0.957811713218689,""accuracy"":0.8402163982391357,""val_loss"":0.3127051293849945,""precision"":0.8516254425048828,""val_pr_auc"":0.9567313194274902,""val_recall"":0.7758490443229675,""phase_epoch"":21,""specificity"":0.8549306988716125,""val_accuracy"":0.8704047799110413,""learning_rate"":0.0002500000118743628,""val_precision"":0.9518518447875977,""val_specificity"":0.9619883040935673,""balanced_accuracy"":0.8402785062789917,""recall_parasitized"":0.8256263136863708,""val_f2_parasitized"":0.8056426332288401,""val_balanced_accuracy"":0.8689186803486704,""val_n_pred_uninfected"":1613,""val_n_pred_parasitized"":1080,""val_pr_auc_parasitized"":0.9568080090901709,""val_recall_parasitized"":0.7758490566037736,""val_prediction_collapse"":0,""val_roc_auc_parasitized"":0.9578875648240096,""val_early_stopping_score"":0.8056426332286658,""val_checkpoint_policy_score"":0.7758490566037736,""val_percent_pred_uninfected"":0.5989602673598218,""val_sensitivity_parasitized"":0.7758490566037736,""val_percent_pred_parasitized"":0.4010397326401782,""val_prediction_collapse_detected"":0}",0.9144676327705383,0.3708532154560089,21,base,0.91963791847229,0.8256263136863708,0.957811713218689,0.8402163982391357,0.3127051293849945,0.8516254425048828,0.9567313194274902,0.7758490443229675,21,0.8549306988716125,0.8704047799110413,0.0002500000118743628,0.9518518447875977,0.9619883040935673,0.8402785062789917,0.8256263136863708,0.8056426332288401,0.8689186803486704,1613,1080,0.9568080090901709,0.7758490566037736,0,0.9578875648240096,0.8056426332286658,0.7758490566037736,0.5989602673598218,0.7758490566037736,0.4010397326401782,0
3b914540-b13f-46d1-8047-38755ffd10f6,densenet121,sgd,Q06/Q11,train_execution_records,epoch,base,22,2026-10-03T04:41:25.392941+00:00,11a3ccd6-d6c6-4c4a-9cc3-99c472e0c901,107,2026-10-03T04:41:25.422286+00:00,2026-10-03T04:38:17.676390+00:00,187.745896,2026-10-03T04:41:25.464205+00:00,2026-10-03T04:41:25.723451+00:00,0.259246,2026-10-03T04:41:25.760637+00:00,2026-10-03T04:41:43.627001+00:00,17.866364,"{""auc"":0.9163675904273987,""loss"":0.36682024598121643,""epoch"":22,""phase"":""base"",""pr_auc"":0.9213978052139282,""recall"":0.8248181939125061,""val_auc"":0.9572094678878784,""accuracy"":0.8397655487060547,""val_loss"":0.3143766522407532,""precision"":0.8514227271080017,""val_pr_auc"":0.9564056396484375,""val_recall"":0.7773584723472595,""phase_epoch"":22,""specificity"":0.8548401594161987,""val_accuracy"":0.8704047799110413,""learning_rate"":0.0002500000118743628,""val_precision"":0.9501845240592957,""val_specificity"":0.9605263157894737,""balanced_accuracy"":0.8398292064666748,""recall_parasitized"":0.8248181939125061,""val_f2_parasitized"":0.806704260651629,""val_balanced_accuracy"":0.8689424031777557,""val_n_pred_uninfected"":1609,""val_n_pred_parasitized"":1084,""val_pr_auc_parasitized"":0.9564826125305353,""val_recall_parasitized"":0.7773584905660378,""val_prediction_collapse"":0,""val_roc_auc_parasitized"":0.9572498069072052,""val_early_stopping_score"":0.8067042606514541,""val_checkpoint_policy_score"":0.7773584905660378,""val_percent_pred_uninfected"":0.59747493501671,""val_sensitivity_parasitized"":0.7773584905660378,""val_percent_pred_parasitized"":0.40252506498329,""val_prediction_collapse_detected"":0}",0.9163675904273987,0.36682024598121643,22,base,0.9213978052139282,0.8248181939125061,0.9572094678878784,0.8397655487060547,0.3143766522407532,0.8514227271080017,0.9564056396484375,0.7773584723472595,22,0.8548401594161987,0.8704047799110413,0.0002500000118743628,0.9501845240592957,0.9605263157894737,0.8398292064666748,0.8248181939125061,0.806704260651629,0.8689424031777557,1609,1084,0.9564826125305353,0.7773584905660378,0,0.9572498069072052,0.8067042606514541,0.7773584905660378,0.59747493501671,0.7773584905660378,0.40252506498329,0
3b914540-b13f-46d1-8047-38755ffd10f6,densenet121,sgd,Q06/Q11,train_execution_records,epoch,fine_tuning,1,2026-10-03T04:44:38.387327+00:00,38584f5f-88d0-4dae-882e-dfe77068f53e,114,2026-10-03T04:44:38.391241+00:00,2026-10-03T04:41:43.799547+00:00,174.591694,2026-10-03T04:44:38.429758+00:00,2026-10-03T04:44:38.689119+00:00,0.259361,2026-10-03T04:44:38.725175+00:00,2026-10-03T04:44:56.510191+00:00,17.785016,"{""auc"":0.9001112580299377,""loss"":0.4151372015476227,""epoch"":23,""phase"":""fine_tuning"",""pr_auc"":0.9059315919876099,""recall"":0.8186225891113281,""val_auc"":0.9487667083740234,""accuracy"":0.8227231502532959,""val_loss"":0.34395548701286316,""precision"":0.8266388773918152,""val_pr_auc"":0.9502973556518555,""val_recall"":0.7320754528045654,""phase_epoch"":1,""specificity"":0.826858639717102,""val_accuracy"":0.849981427192688,""learning_rate"":0.00009999999747378752,""val_precision"":0.9519136548042297,""val_specificity"":0.9641812865497076,""balanced_accuracy"":0.8227406144142151,""recall_parasitized"":0.8186225891113281,""val_f2_parasitized"":0.7675265073587593,""val_balanced_accuracy"":0.8481283791239104,""val_n_pred_uninfected"":1674,""val_n_pred_parasitized"":1019,""val_pr_auc_parasitized"":0.9503442565118382,""val_recall_parasitized"":0.7320754716981132,""val_prediction_collapse"":0,""val_roc_auc_parasitized"":0.9487697230497627,""val_early_stopping_score"":0.7675265073586085,""val_checkpoint_policy_score"":0.7320754716981132,""val_percent_pred_uninfected"":0.6216115855922763,""val_sensitivity_parasitized"":0.7320754716981132,""val_percent_pred_parasitized"":0.37838841440772375,""val_prediction_collapse_detected"":0}",0.9001112580299377,0.4151372015476227,23,fine_tuning,0.9059315919876099,0.8186225891113281,0.9487667083740234,0.8227231502532959,0.34395548701286316,0.8266388773918152,0.9502973556518555,0.7320754528045654,1,0.826858639717102,0.849981427192688,0.00009999999747378752,0.9519136548042297,0.9641812865497076,0.8227406144142151,0.8186225891113281,0.7675265073587593,0.8481283791239104,1674,1019,0.9503442565118382,0.7320754716981132,0,0.9487697230497627,0.7675265073586085,0.7320754716981132,0.6216115855922763,0.7320754716981132,0.37838841440772375,0
3b914540-b13f-46d1-8047-38755ffd10f6,densenet121,sgd,Q06/Q11,train_execution_records,epoch,fine_tuning,2,2026-10-03T04:47:46.374368+00:00,fb751483-bafb-4481-b536-cf5452079c82,119,2026-10-03T04:47:46.379706+00:00,2026-10-03T04:44:38.391241+00:00,187.988465,2026-10-03T04:47:46.421120+00:00,2026-10-03T04:47:46.683055+00:00,0.261935,2026-10-03T04:47:46.722329+00:00,2026-10-03T04:48:04.559686+00:00,17.837357,"{""auc"":0.9018413424491882,""loss"":0.40761083364486694,""epoch"":24,""phase"":""fine_tuning"",""pr_auc"":0.9073095321655273,""recall"":0.8161084651947021,""val_auc"":0.9497870802879333,""accuracy"":0.8258340954780579,""val_loss"":0.3427375257015228,""precision"":0.8335472941398621,""val_pr_auc"":0.951238751411438,""val_recall"":0.7320754528045654,""phase_epoch"":2,""specificity"":0.8356425166130066,""val_accuracy"":0.8507241010665894,""learning_rate"":0.00009999999747378752,""val_precision"":0.9537856578826904,""val_specificity"":0.9656432748538012,""balanced_accuracy"":0.8258755207061768,""recall_parasitized"":0.8161084651947021,""val_f2_parasitized"":0.767769510843755,""val_balanced_accuracy"":0.8488593732759572,""val_n_pred_uninfected"":1676,""val_n_pred_parasitized"":1017,""val_pr_auc_parasitized"":0.951233498181293,""val_recall_parasitized"":0.7320754716981132,""val_prediction_collapse"":0,""val_roc_auc_parasitized"":0.9498797307734745,""val_early_stopping_score"":0.7677695108436041,""val_checkpoint_policy_score"":0.7320754716981132,""val_percent_pred_uninfected"":0.6223542517638322,""val_sensitivity_parasitized"":0.7320754716981132,""val_percent_pred_parasitized"":0.37764574823616787,""val_prediction_collapse_detected"":0}",0.9018413424491882,0.40761083364486694,24,fine_tuning,0.9073095321655273,0.8161084651947021,0.9497870802879333,0.8258340954780579,0.3427375257015228,0.8335472941398621,0.951238751411438,0.7320754528045654,2,0.8356425166130066,0.8507241010665894,0.00009999999747378752,0.9537856578826904,0.9656432748538012,0.8258755207061768,0.8161084651947021,0.767769510843755,0.8488593732759572,1676,1017,0.951233498181293,0.7320754716981132,0,0.9498797307734745,0.7677695108436041,0.7320754716981132,0.6223542517638322,0.7320754716981132,0.37764574823616787,0
3b914540-b13f-46d1-8047-38755ffd10f6,densenet121,sgd,Q06/Q11,train_execution_records,epoch,fine_tuning,3,2026-10-03T04:50:54.92499+00:00,9b952115-f386-4c12-bba1-2a4f2972dcb8,124,2026-10-03T04:50:54.936418+00:00,2026-10-03T04:47:46.379706+00:00,188.556712,2026-10-03T04:50:54.978900+00:00,2026-10-03T04:50:55.238931+00:00,0.260031,2026-10-03T04:50:55.279340+00:00,2026-10-03T04:51:13.102195+00:00,17.822855,"{""auc"":0.9042603373527527,""loss"":0.4002933204174042,""epoch"":25,""phase"":""fine_tuning"",""pr_auc"":0.9119120240211487,""recall"":0.8161084651947021,""val_auc"":0.9514119625091553,""accuracy"":0.824977457523346,""val_loss"":0.32405707240104675,""precision"":0.8320974111557007,""val_pr_auc"":0.9522566199302673,""val_recall"":0.7577358484268188,""phase_epoch"":3,""specificity"":0.8339219689369202,""val_accuracy"":0.861121416091919,""learning_rate"":0.00009999999747378752,""val_precision"":0.9498580694198608,""val_specificity"":0.9612573099415205,""balanced_accuracy"":0.8250151872634888,""recall_parasitized"":0.8161084651947021,""val_f2_parasitized"":0.7896806669812805,""val_balanced_accuracy"":0.8594965794990621,""val_n_pred_uninfected"":1636,""val_n_pred_parasitized"":1057,""val_pr_auc_parasitized"":0.95241850915218,""val_recall_parasitized"":0.7577358490566037,""val_prediction_collapse"":0,""val_roc_auc_parasitized"":0.9513808893302438,""val_early_stopping_score"":0.7896806669811164,""val_checkpoint_policy_score"":0.7577358490566037,""val_percent_pred_uninfected"":0.6075009283327144,""val_sensitivity_parasitized"":0.7577358490566037,""val_percent_pred_parasitized"":0.39249907166728554,""val_prediction_collapse_detected"":0}",0.9042603373527527,0.4002933204174042,25,fine_tuning,0.9119120240211487,0.8161084651947021,0.9514119625091553,0.824977457523346,0.32405707240104675,0.8320974111557007,0.9522566199302673,0.7577358484268188,3,0.8339219689369202,0.861121416091919,0.00009999999747378752,0.9498580694198608,0.9612573099415205,0.8250151872634888,0.8161084651947021,0.7896806669812805,0.8594965794990621,1636,1057,0.95241850915218,0.7577358490566037,0,0.9513808893302438,0.7896806669811164,0.7577358490566037,0.6075009283327144,0.7577358490566037,0.39249907166728554,0
3b914540-b13f-46d1-8047-38755ffd10f6,densenet121,sgd,Q06/Q11,train_execution_records,epoch,fine_tuning,4,2026-10-03T04:54:03.390509+00:00,2a4c3399-020d-4cda-97dc-669f93f196d3,129,2026-10-03T04:54:03.393941+00:00,2026-10-03T04:50:54.936418+00:00,188.457523,2026-10-03T04:54:03.436923+00:00,2026-10-03T04:54:03.696186+00:00,0.259263,2026-10-03T04:54:03.735700+00:00,2026-10-03T04:54:21.601936+00:00,17.866236,"{""auc"":0.9055072665214539,""loss"":0.3984987735748291,""epoch"":26,""phase"":""fine_tuning"",""pr_auc"":0.9110485911369324,""recall"":0.8176349401473999,""val_auc"":0.9529752731323242,""accuracy"":0.8270514011383057,""val_loss"":0.32308027148246765,""precision"":0.8345706462860107,""val_pr_auc"":0.9538376927375793,""val_recall"":0.7539622783660889,""phase_epoch"":4,""specificity"":0.8365480303764343,""val_accuracy"":0.8607500791549683,""learning_rate"":0.00009999999747378752,""val_precision"":0.9532442688941956,""val_specificity"":0.9641812865497076,""balanced_accuracy"":0.8270914554595947,""recall_parasitized"":0.8176349401473999,""val_f2_parasitized"":0.7868620037807184,""val_balanced_accuracy"":0.8590717753503254,""val_n_pred_uninfected"":1645,""val_n_pred_parasitized"":1048,""val_pr_auc_parasitized"":0.9538534035670104,""val_recall_parasitized"":0.7539622641509434,""val_prediction_collapse"":0,""val_roc_auc_parasitized"":0.9530977601235794,""val_early_stopping_score"":0.7868620037805559,""val_checkpoint_policy_score"":0.7539622641509434,""val_percent_pred_uninfected"":0.6108429261047159,""val_sensitivity_parasitized"":0.7539622641509434,""val_percent_pred_parasitized"":0.3891570738952841,""val_prediction_collapse_detected"":0}",0.9055072665214539,0.3984987735748291,26,fine_tuning,0.9110485911369324,0.8176349401473999,0.9529752731323242,0.8270514011383057,0.32308027148246765,0.8345706462860107,0.9538376927375793,0.7539622783660889,4,0.8365480303764343,0.8607500791549683,0.00009999999747378752,0.9532442688941956,0.9641812865497076,0.8270914554595947,0.8176349401473999,0.7868620037807184,0.8590717753503254,1645,1048,0.9538534035670104,0.7539622641509434,0,0.9530977601235794,0.7868620037805559,0.7539622641509434,0.6108429261047159,0.7539622641509434,0.3891570738952841,0
3b914540-b13f-46d1-8047-38755ffd10f6,densenet121,sgd,Q06/Q11,train_execution_records,epoch,fine_tuning,5,2026-10-03T04:57:11.93826+00:00,9d30ca87-3934-47d6-bb66-79f09b72286d,134,2026-10-03T04:57:11.942142+00:00,2026-10-03T04:54:03.393941+00:00,188.548201,2026-10-03T04:57:11.983523+00:00,2026-10-03T04:57:12.234602+00:00,0.251079,2026-10-03T04:57:12.269602+00:00,2026-10-03T04:57:30.091724+00:00,17.822122,"{""auc"":0.9097518920898438,""loss"":0.3861548602581024,""epoch"":27,""phase"":""fine_tuning"",""pr_auc"":0.9162902235984802,""recall"":0.8222142457962036,""val_auc"":0.9542709589004517,""accuracy"":0.8339945673942566,""val_loss"":0.3145729601383209,""precision"":0.8432636260986328,""val_pr_auc"":0.9545935988426208,""val_recall"":0.7645282745361328,""phase_epoch"":5,""specificity"":0.8458752036094666,""val_accuracy"":0.8644634485244751,""learning_rate"":0.00009999999747378752,""val_precision"":0.9502814412117004,""val_specificity"":0.9612573099415205,""balanced_accuracy"":0.8340446949005127,""recall_parasitized"":0.8222142457962036,""val_f2_parasitized"":0.7956330505812127,""val_balanced_accuracy"":0.8628928059141565,""val_n_pred_uninfected"":1627,""val_n_pred_parasitized"":1066,""val_pr_auc_parasitized"":0.9547768811039687,""val_recall_parasitized"":0.7645283018867924,""val_prediction_collapse"":0,""val_roc_auc_parasitized"":0.9542590753613592,""val_early_stopping_score"":0.7956330505810448,""val_checkpoint_policy_score"":0.7645283018867924,""val_percent_pred_uninfected"":0.604158930560713,""val_sensitivity_parasitized"":0.7645283018867924,""val_percent_pred_parasitized"":0.39584106943928704,""val_prediction_collapse_detected"":0}",0.9097518920898438,0.3861548602581024,27,fine_tuning,0.9162902235984802,0.8222142457962036,0.9542709589004517,0.8339945673942566,0.3145729601383209,0.8432636260986328,0.9545935988426208,0.7645282745361328,5,0.8458752036094666,0.8644634485244751,0.00009999999747378752,0.9502814412117004,0.9612573099415205,0.8340446949005127,0.8222142457962036,0.7956330505812127,0.8628928059141565,1627,1066,0.9547768811039687,0.7645283018867924,0,0.9542590753613592,0.7956330505810448,0.7645283018867924,0.604158930560713,0.7645283018867924,0.39584106943928704,0
3b914540-b13f-46d1-8047-38755ffd10f6,densenet121,sgd,Q06/Q11,train_execution_records,epoch,fine_tuning,6,2026-10-03T05:00:20.279234+00:00,4601c996-815a-494a-b5df-99f09d26f9d7,139,2026-10-03T05:00:20.282175+00:00,2026-10-03T04:57:11.942142+00:00,188.340033,2026-10-03T05:00:20.323679+00:00,2026-10-03T05:00:20.697407+00:00,0.373728,2026-10-03T05:00:20.735875+00:00,2026-10-03T05:00:38.610454+00:00,17.874579,"{""auc"":0.9050865173339844,""loss"":0.3985672891139984,""epoch"":28,""phase"":""fine_tuning"",""pr_auc"":0.9103481769561768,""recall"":0.8161982297897339,""val_auc"":0.9556198120117188,""accuracy"":0.8270514011383057,""val_loss"":0.3108541667461395,""precision"":0.8355547189712524,""val_pr_auc"":0.9559283256530762,""val_recall"":0.7683019042015076,""phase_epoch"":6,""specificity"":0.8379969000816345,""val_accuracy"":0.8666914105415344,""learning_rate"":0.00009999999747378752,""val_precision"":0.9514018893241882,""val_specificity"":0.9619883040935673,""balanced_accuracy"":0.8270975351333618,""recall_parasitized"":0.8161982297897339,""val_f2_parasitized"":0.7990580847723705,""val_balanced_accuracy"":0.86514509544301,""val_n_pred_uninfected"":1623,""val_n_pred_parasitized"":1070,""val_pr_auc_parasitized"":0.95589377388823,""val_recall_parasitized"":0.7683018867924528,""val_prediction_collapse"":0,""val_roc_auc_parasitized"":0.9556454816285997,""val_early_stopping_score"":0.7990580847722004,""val_checkpoint_policy_score"":0.7683018867924528,""val_percent_pred_uninfected"":0.6026735982176011,""val_sensitivity_parasitized"":0.7683018867924528,""val_percent_pred_parasitized"":0.3973264017823988,""val_prediction_collapse_detected"":0}",0.9050865173339844,0.3985672891139984,28,fine_tuning,0.9103481769561768,0.8161982297897339,0.9556198120117188,0.8270514011383057,0.3108541667461395,0.8355547189712524,0.9559283256530762,0.7683019042015076,6,0.8379969000816345,0.8666914105415344,0.00009999999747378752,0.9514018893241882,0.9619883040935673,0.8270975351333618,0.8161982297897339,0.7990580847723705,0.86514509544301,1623,1070,0.95589377388823,0.7683018867924528,0,0.9556454816285997,0.7990580847722004,0.7683018867924528,0.6026735982176011,0.7683018867924528,0.3973264017823988,0
3b914540-b13f-46d1-8047-38755ffd10f6,densenet121,sgd,Q06/Q11,train_execution_records,epoch,fine_tuning,7,2026-10-03T05:03:28.885481+00:00,593ae865-0da1-411c-b2b2-852e6a25d330,144,2026-10-03T05:03:28.888140+00:00,2026-10-03T05:00:20.282175+00:00,188.605965,2026-10-03T05:03:28.924700+00:00,2026-10-03T05:03:29.181543+00:00,0.256843,2026-10-03T05:03:29.219202+00:00,2026-10-03T05:03:47.042547+00:00,17.823345,"{""auc"":0.9112334847450256,""loss"":0.3831668496131897,""epoch"":29,""phase"":""fine_tuning"",""pr_auc"":0.9165331125259399,""recall"":0.8232019543647766,""val_auc"":0.9567124843597412,""accuracy"":0.8352118730545044,""val_loss"":0.3055861294269562,""precision"":0.8446655869483948,""val_pr_auc"":0.9567980766296387,""val_recall"":0.7758490443229675,""phase_epoch"":7,""specificity"":0.8473240733146667,""val_accuracy"":0.8700334429740906,""learning_rate"":0.00009999999747378752,""val_precision"":0.9509713053703308,""val_specificity"":0.9612573099415205,""balanced_accuracy"":0.8352630138397217,""recall_parasitized"":0.8232019543647766,""val_f2_parasitized"":0.8055163767434571,""val_balanced_accuracy"":0.868553183272647,""val_n_pred_uninfected"":1612,""val_n_pred_parasitized"":1081,""val_pr_auc_parasitized"":0.9567184236951267,""val_recall_parasitized"":0.7758490566037736,""val_prediction_collapse"":0,""val_roc_auc_parasitized"":0.9566815623965574,""val_early_stopping_score"":0.8055163767432829,""val_checkpoint_policy_score"":0.7758490566037736,""val_percent_pred_uninfected"":0.5985889342740438,""val_sensitivity_parasitized"":0.7758490566037736,""val_percent_pred_parasitized"":0.4014110657259562,""val_prediction_collapse_detected"":0}",0.9112334847450256,0.3831668496131897,29,fine_tuning,0.9165331125259399,0.8232019543647766,0.9567124843597412,0.8352118730545044,0.3055861294269562,0.8446655869483948,0.9567980766296387,0.7758490443229675,7,0.8473240733146667,0.8700334429740906,0.00009999999747378752,0.9509713053703308,0.9612573099415205,0.8352630138397217,0.8232019543647766,0.8055163767434571,0.868553183272647,1612,1081,0.9567184236951267,0.7758490566037736,0,0.9566815623965574,0.8055163767432829,0.7758490566037736,0.5985889342740438,0.7758490566037736,0.4014110657259562,0
3b914540-b13f-46d1-8047-38755ffd10f6,densenet121,sgd,Q06/Q11,train_execution_records,epoch,fine_tuning,8,2026-10-03T05:06:37.26081+00:00,de1d6da6-6671-489a-9b9c-1a122043c8af,149,2026-10-03T05:06:37.263996+00:00,2026-10-03T05:03:28.888140+00:00,188.375856,2026-10-03T05:06:37.302612+00:00,2026-10-03T05:06:37.560479+00:00,0.257867,2026-10-03T05:06:37.600272+00:00,2026-10-03T05:06:55.438692+00:00,17.83842,"{""auc"":0.911727786064148,""loss"":0.3797129988670349,""epoch"":30,""phase"":""fine_tuning"",""pr_auc"":0.9179053902626038,""recall"":0.8249079585075378,""val_auc"":0.9572632908821106,""accuracy"":0.8355726003646851,""val_loss"":0.30375006794929504,""precision"":0.8440830707550049,""val_pr_auc"":0.9571940898895264,""val_recall"":0.7773584723472595,""phase_epoch"":8,""specificity"":0.8463280200958252,""val_accuracy"":0.8707760572433472,""learning_rate"":0.00009999999747378752,""val_precision"":0.9510618448257446,""val_specificity"":0.9612573099415205,""balanced_accuracy"":0.8356180191040039,""recall_parasitized"":0.8249079585075378,""val_f2_parasitized"":0.8068306438978536,""val_balanced_accuracy"":0.8693079002537791,""val_n_pred_uninfected"":1610,""val_n_pred_parasitized"":1083,""val_pr_auc_parasitized"":0.9571683750084554,""val_recall_parasitized"":0.7773584905660378,""val_prediction_collapse"":0,""val_roc_auc_parasitized"":0.9572647026370958,""val_early_stopping_score"":0.8068306438976787,""val_checkpoint_policy_score"":0.7773584905660378,""val_percent_pred_uninfected"":0.597846268102488,""val_sensitivity_parasitized"":0.7773584905660378,""val_percent_pred_parasitized"":0.4021537318975121,""val_prediction_collapse_detected"":0}",0.911727786064148,0.3797129988670349,30,fine_tuning,0.9179053902626038,0.8249079585075378,0.9572632908821106,0.8355726003646851,0.30375006794929504,0.8440830707550049,0.9571940898895264,0.7773584723472595,8,0.8463280200958252,0.8707760572433472,0.00009999999747378752,0.9510618448257446,0.9612573099415205,0.8356180191040039,0.8249079585075378,0.8068306438978536,0.8693079002537791,1610,1083,0.9571683750084554,0.7773584905660378,0,0.9572647026370958,0.8068306438976787,0.7773584905660378,0.597846268102488,0.7773584905660378,0.4021537318975121,0
3b914540-b13f-46d1-8047-38755ffd10f6,densenet121,sgd,Q06/Q11,train_execution_records,epoch,fine_tuning,9,2026-10-03T05:09:45.631581+00:00,8e691e5b-b9fa-43b3-8471-5e96db642a8e,154,2026-10-03T05:09:45.635837+00:00,2026-10-03T05:06:37.263996+00:00,188.371841,2026-10-03T05:09:45.678270+00:00,2026-10-03T05:09:45.931238+00:00,0.252968,2026-10-03T05:09:45.969593+00:00,2026-10-03T05:10:03.823241+00:00,17.853648,"{""auc"":0.9126319885253906,""loss"":0.3773629367351532,""epoch"":31,""phase"":""fine_tuning"",""pr_auc"":0.9190987944602966,""recall"":0.8232917189598083,""val_auc"":0.9574787616729736,""accuracy"":0.8345807194709778,""val_loss"":0.3038213849067688,""precision"":0.8435142636299133,""val_pr_auc"":0.9573533535003662,""val_recall"":0.7750943303108215,""phase_epoch"":9,""specificity"":0.8459657430648804,""val_accuracy"":0.8692907691001892,""learning_rate"":0.00009999999747378752,""val_precision"":0.9500462412834167,""val_specificity"":0.9605263157894737,""balanced_accuracy"":0.834628701210022,""recall_parasitized"":0.8232917189598083,""val_f2_parasitized"":0.8047328005014888,""val_balanced_accuracy"":0.8678103277060576,""val_n_pred_uninfected"":1612,""val_n_pred_parasitized"":1081,""val_pr_auc_parasitized"":0.9573480895180092,""val_recall_parasitized"":0.7750943396226415,""val_prediction_collapse"":0,""val_roc_auc_parasitized"":0.9574765530177646,""val_early_stopping_score"":0.8047328005013151,""val_checkpoint_policy_score"":0.7750943396226415,""val_percent_pred_uninfected"":0.5985889342740438,""val_sensitivity_parasitized"":0.7750943396226415,""val_percent_pred_parasitized"":0.4014110657259562,""val_prediction_collapse_detected"":0}",0.9126319885253906,0.3773629367351532,31,fine_tuning,0.9190987944602966,0.8232917189598083,0.9574787616729736,0.8345807194709778,0.3038213849067688,0.8435142636299133,0.9573533535003662,0.7750943303108215,9,0.8459657430648804,0.8692907691001892,0.00009999999747378752,0.9500462412834167,0.9605263157894737,0.834628701210022,0.8232917189598083,0.8047328005014888,0.8678103277060576,1612,1081,0.9573480895180092,0.7750943396226415,0,0.9574765530177646,0.8047328005013151,0.7750943396226415,0.5985889342740438,0.7750943396226415,0.4014110657259562,0
3b914540-b13f-46d1-8047-38755ffd10f6,densenet121,sgd,Q06/Q11,train_execution_records,epoch,fine_tuning,10,2026-10-03T05:12:53.975681+00:00,08c4fef9-a541-489b-b525-c3ffd1e6e00c,159,2026-10-03T05:12:53.979093+00:00,2026-10-03T05:09:45.635837+00:00,188.343256,2026-10-03T05:12:54.021683+00:00,2026-10-03T05:12:54.281570+00:00,0.259887,2026-10-03T05:12:54.321667+00:00,2026-10-03T05:13:12.182207+00:00,17.86054,"{""auc"":0.9103421568870544,""loss"":0.3834960162639618,""epoch"":32,""phase"":""fine_tuning"",""pr_auc"":0.916189968585968,""recall"":0.8232917189598083,""val_auc"":0.9583545923233032,""accuracy"":0.8355726003646851,""val_loss"":0.3002939522266388,""precision"":0.845224916934967,""val_pr_auc"":0.9580765962600708,""val_recall"":0.7856603860855103,""phase_epoch"":10,""specificity"":0.847957968711853,""val_accuracy"":0.8741180896759033,""learning_rate"":0.00009999999747378752,""val_precision"":0.9498175382614136,""val_specificity"":0.9597953216374269,""balanced_accuracy"":0.8356248140335083,""recall_parasitized"":0.8232917189598083,""val_f2_parasitized"":0.8137898686679175,""val_balanced_accuracy"":0.8727278494979587,""val_n_pred_uninfected"":1597,""val_n_pred_parasitized"":1096,""val_pr_auc_parasitized"":0.958048971055116,""val_recall_parasitized"":0.7856603773584906,""val_prediction_collapse"":0,""val_roc_auc_parasitized"":0.9583382985766302,""val_early_stopping_score"":0.813789868667738,""val_checkpoint_policy_score"":0.7856603773584906,""val_percent_pred_uninfected"":0.5930189379873747,""val_sensitivity_parasitized"":0.7856603773584906,""val_percent_pred_parasitized"":0.40698106201262535,""val_prediction_collapse_detected"":0}",0.9103421568870544,0.3834960162639618,32,fine_tuning,0.916189968585968,0.8232917189598083,0.9583545923233032,0.8355726003646851,0.3002939522266388,0.845224916934967,0.9580765962600708,0.7856603860855103,10,0.847957968711853,0.8741180896759033,0.00009999999747378752,0.9498175382614136,0.9597953216374269,0.8356248140335083,0.8232917189598083,0.8137898686679175,0.8727278494979587,1597,1096,0.958048971055116,0.7856603773584906,0,0.9583382985766302,0.813789868667738,0.7856603773584906,0.5930189379873747,0.7856603773584906,0.40698106201262535,0
3b914540-b13f-46d1-8047-38755ffd10f6,densenet121,sgd,Q06/Q11,train_execution_records,epoch,fine_tuning,11,2026-10-03T05:16:02.428278+00:00,27585a55-145c-4f72-80bd-981932deb83e,164,2026-10-03T05:16:02.432835+00:00,2026-10-03T05:12:53.979093+00:00,188.453742,2026-10-03T05:16:02.476349+00:00,2026-10-03T05:16:02.733659+00:00,0.25731,2026-10-03T05:16:02.772745+00:00,2026-10-03T05:16:20.628781+00:00,17.856036,"{""auc"":0.9134767055511475,""loss"":0.3758557438850403,""epoch"":33,""phase"":""fine_tuning"",""pr_auc"":0.9189026355743408,""recall"":0.8267037868499756,""val_auc"":0.9586994051933289,""accuracy"":0.8378719687461853,""val_loss"":0.3046182692050934,""precision"":0.8467764258384705,""val_pr_auc"":0.958234429359436,""val_recall"":0.7683019042015076,""phase_epoch"":11,""specificity"":0.8491352200508118,""val_accuracy"":0.8666914105415344,""learning_rate"":0.00009999999747378752,""val_precision"":0.9514018893241882,""val_specificity"":0.9619883040935673,""balanced_accuracy"":0.8379194736480713,""recall_parasitized"":0.8267037868499756,""val_f2_parasitized"":0.7990580847723705,""val_balanced_accuracy"":0.86514509544301,""val_n_pred_uninfected"":1623,""val_n_pred_parasitized"":1070,""val_pr_auc_parasitized"":0.9583122546121956,""val_recall_parasitized"":0.7683018867924528,""val_prediction_collapse"":0,""val_roc_auc_parasitized"":0.9587421383647797,""val_early_stopping_score"":0.7990580847722004,""val_checkpoint_policy_score"":0.7683018867924528,""val_percent_pred_uninfected"":0.6026735982176011,""val_sensitivity_parasitized"":0.7683018867924528,""val_percent_pred_parasitized"":0.3973264017823988,""val_prediction_collapse_detected"":0}",0.9134767055511475,0.3758557438850403,33,fine_tuning,0.9189026355743408,0.8267037868499756,0.9586994051933289,0.8378719687461853,0.3046182692050934,0.8467764258384705,0.958234429359436,0.7683019042015076,11,0.8491352200508118,0.8666914105415344,0.00009999999747378752,0.9514018893241882,0.9619883040935673,0.8379194736480713,0.8267037868499756,0.7990580847723705,0.86514509544301,1623,1070,0.9583122546121956,0.7683018867924528,0,0.9587421383647797,0.7990580847722004,0.7683018867924528,0.6026735982176011,0.7683018867924528,0.3973264017823988,0
3b914540-b13f-46d1-8047-38755ffd10f6,densenet121,sgd,Q06/Q11,train_execution_records,epoch,fine_tuning,12,2026-10-03T05:19:10.844867+00:00,4d672220-f254-4376-b250-dfb5d3d44569,169,2026-10-03T05:19:10.847889+00:00,2026-10-03T05:16:02.432835+00:00,188.415054,2026-10-03T05:19:10.890807+00:00,2026-10-03T05:19:11.151771+00:00,0.260964,2026-10-03T05:19:11.193169+00:00,2026-10-03T05:19:29.089572+00:00,17.896403,"{""auc"":0.9105954170227051,""loss"":0.38250020146369934,""epoch"":34,""phase"":""fine_tuning"",""pr_auc"":0.9164843559265137,""recall"":0.8226631879806519,""val_auc"":0.959208607673645,""accuracy"":0.8339945673942566,""val_loss"":0.3031502664089203,""precision"":0.8429478406906128,""val_pr_auc"":0.9586098790168762,""val_recall"":0.7713207602500916,""phase_epoch"":12,""specificity"":0.8454224467277527,""val_accuracy"":0.8681767582893372,""learning_rate"":0.00009999999747378752,""val_precision"":0.9515828490257263,""val_specificity"":0.9619883040935673,""balanced_accuracy"":0.8340427875518799,""recall_parasitized"":0.8226631879806519,""val_f2_parasitized"":0.8016943834326953,""val_balanced_accuracy"":0.8666545294052742,""val_n_pred_uninfected"":1619,""val_n_pred_parasitized"":1074,""val_pr_auc_parasitized"":0.9586966760693366,""val_recall_parasitized"":0.7713207547169811,""val_prediction_collapse"":0,""val_roc_auc_parasitized"":0.9591812865497076,""val_early_stopping_score"":0.8016943834325235,""val_checkpoint_policy_score"":0.7713207547169811,""val_percent_pred_uninfected"":0.6011882658744894,""val_sensitivity_parasitized"":0.7713207547169811,""val_percent_pred_parasitized"":0.3988117341255106,""val_prediction_collapse_detected"":0}",0.9105954170227051,0.38250020146369934,34,fine_tuning,0.9164843559265137,0.8226631879806519,0.959208607673645,0.8339945673942566,0.3031502664089203,0.8429478406906128,0.9586098790168762,0.7713207602500916,12,0.8454224467277527,0.8681767582893372,0.00009999999747378752,0.9515828490257263,0.9619883040935673,0.8340427875518799,0.8226631879806519,0.8016943834326953,0.8666545294052742,1619,1074,0.9586966760693366,0.7713207547169811,0,0.9591812865497076,0.8016943834325235,0.7713207547169811,0.6011882658744894,0.7713207547169811,0.3988117341255106,0
3b914540-b13f-46d1-8047-38755ffd10f6,densenet121,sgd,Q06/Q11,train_execution_records,epoch,fine_tuning,13,2026-10-03T05:22:19.295742+00:00,31f596d4-7474-40ed-8ba4-03c03bd63abd,174,2026-10-03T05:22:19.301587+00:00,2026-10-03T05:19:10.847889+00:00,188.453698,2026-10-03T05:22:19.338802+00:00,2026-10-03T05:22:19.714784+00:00,0.375982,2026-10-03T05:22:19.755419+00:00,2026-10-03T05:22:37.575167+00:00,17.819748,"{""auc"":0.9121671915054321,""loss"":0.378602534532547,""epoch"":35,""phase"":""fine_tuning"",""pr_auc"":0.9171392321586609,""recall"":0.8232917189598083,""val_auc"":0.9597929120063782,""accuracy"":0.8361136317253113,""val_loss"":0.29657116532325745,""precision"":0.8461609482765198,""val_pr_auc"":0.9592382907867432,""val_recall"":0.7871698141098022,""phase_epoch"":13,""specificity"":0.8490446209907532,""val_accuracy"":0.8748607635498047,""learning_rate"":0.00009999999747378752,""val_precision"":0.9499089121818542,""val_specificity"":0.9597953216374269,""balanced_accuracy"":0.8361681699752808,""recall_parasitized"":0.8232917189598083,""val_f2_parasitized"":0.8150984682713348,""val_balanced_accuracy"":0.8734825664790908,""val_n_pred_uninfected"":1595,""val_n_pred_parasitized"":1098,""val_pr_auc_parasitized"":0.9592343343417489,""val_recall_parasitized"":0.7871698113207547,""val_prediction_collapse"":0,""val_roc_auc_parasitized"":0.9598157343043143,""val_early_stopping_score"":0.8150984682711543,""val_checkpoint_policy_score"":0.7871698113207547,""val_percent_pred_uninfected"":0.5922762718158188,""val_sensitivity_parasitized"":0.7871698113207547,""val_percent_pred_parasitized"":0.40772372818418123,""val_prediction_collapse_detected"":0}",0.9121671915054321,0.378602534532547,35,fine_tuning,0.9171392321586609,0.8232917189598083,0.9597929120063782,0.8361136317253113,0.29657116532325745,0.8461609482765198,0.9592382907867432,0.7871698141098022,13,0.8490446209907532,0.8748607635498047,0.00009999999747378752,0.9499089121818542,0.9597953216374269,0.8361681699752808,0.8232917189598083,0.8150984682713348,0.8734825664790908,1595,1098,0.9592343343417489,0.7871698113207547,0,0.9598157343043143,0.8150984682711543,0.7871698113207547,0.5922762718158188,0.7871698113207547,0.40772372818418123,0
3b914540-b13f-46d1-8047-38755ffd10f6,densenet121,sgd,Q06/Q11,train_execution_records,epoch,fine_tuning,14,2026-10-03T05:25:27.669487+00:00,8be1fd7e-858f-4c28-a158-f35fb265dff5,179,2026-10-03T05:25:27.673576+00:00,2026-10-03T05:22:19.301587+00:00,188.371989,2026-10-03T05:25:27.715323+00:00,2026-10-03T05:25:27.973005+00:00,0.257682,2026-10-03T05:25:28.014026+00:00,2026-10-03T05:25:45.833065+00:00,17.819039,"{""auc"":0.9144096970558167,""loss"":0.37223514914512634,""epoch"":36,""phase"":""fine_tuning"",""pr_auc"":0.9201449751853943,""recall"":0.8245487809181213,""val_auc"":0.959923267364502,""accuracy"":0.8372858166694641,""val_loss"":0.29990217089653015,""precision"":0.8472965359687805,""val_pr_auc"":0.9592523574829102,""val_recall"":0.7788679003715515,""phase_epoch"":14,""specificity"":0.8501313328742981,""val_accuracy"":0.8718900680541992,""learning_rate"":0.00009999999747378752,""val_precision"":0.9520295262336731,""val_specificity"":0.9619883040935673,""balanced_accuracy"":0.8373400568962097,""recall_parasitized"":0.8245487809181213,""val_f2_parasitized"":0.8082706766917294,""val_balanced_accuracy"":0.8704281143109346,""val_n_pred_uninfected"":1609,""val_n_pred_parasitized"":1084,""val_pr_auc_parasitized"":0.9593829711693361,""val_recall_parasitized"":0.7788679245283019,""val_prediction_collapse"":0,""val_roc_auc_parasitized"":0.9599089705395564,""val_early_stopping_score"":0.8082706766915534,""val_checkpoint_policy_score"":0.7788679245283019,""val_percent_pred_uninfected"":0.59747493501671,""val_sensitivity_parasitized"":0.7788679245283019,""val_percent_pred_parasitized"":0.40252506498329,""val_prediction_collapse_detected"":0}",0.9144096970558167,0.37223514914512634,36,fine_tuning,0.9201449751853943,0.8245487809181213,0.959923267364502,0.8372858166694641,0.29990217089653015,0.8472965359687805,0.9592523574829102,0.7788679003715515,14,0.8501313328742981,0.8718900680541992,0.00009999999747378752,0.9520295262336731,0.9619883040935673,0.8373400568962097,0.8245487809181213,0.8082706766917294,0.8704281143109346,1609,1084,0.9593829711693361,0.7788679245283019,0,0.9599089705395564,0.8082706766915534,0.7788679245283019,0.59747493501671,0.7788679245283019,0.40252506498329,0
3b914540-b13f-46d1-8047-38755ffd10f6,densenet121,sgd,Q06/Q11,train_execution_records,epoch,fine_tuning,15,2026-10-03T05:28:36.12998+00:00,dd90663b-4b6f-4bb2-b432-78322caaedaf,184,2026-10-03T05:28:36.133154+00:00,2026-10-03T05:25:27.673576+00:00,188.459578,2026-10-03T05:28:36.175506+00:00,2026-10-03T05:28:36.434561+00:00,0.259055,2026-10-03T05:28:36.475252+00:00,2026-10-03T05:28:54.308953+00:00,17.833701,"{""auc"":0.9166569709777832,""loss"":0.36732280254364014,""epoch"":37,""phase"":""fine_tuning"",""pr_auc"":0.9229959845542908,""recall"":0.8297566771507263,""val_auc"":0.9594971537590027,""accuracy"":0.8413886427879333,""val_loss"":0.29998475313186646,""precision"":0.8506858348846436,""val_pr_auc"":0.9589314460754395,""val_recall"":0.7818868160247803,""phase_epoch"":15,""specificity"":0.8531196117401123,""val_accuracy"":0.8726327419281006,""learning_rate"":0.00009999999747378752,""val_precision"":0.9504587054252625,""val_specificity"":0.9605263157894737,""balanced_accuracy"":0.8414381742477417,""recall_parasitized"":0.8297566771507263,""val_f2_parasitized"":0.810641627543036,""val_balanced_accuracy"":0.871206554121152,""val_n_pred_uninfected"":1603,""val_n_pred_parasitized"":1090,""val_pr_auc_parasitized"":0.959036766476738,""val_recall_parasitized"":0.7818867924528302,""val_prediction_collapse"":0,""val_roc_auc_parasitized"":0.959540439148185,""val_early_stopping_score"":0.8106416275428585,""val_checkpoint_policy_score"":0.7818867924528302,""val_percent_pred_uninfected"":0.5952469365020423,""val_sensitivity_parasitized"":0.7818867924528302,""val_percent_pred_parasitized"":0.40475306349795764,""val_prediction_collapse_detected"":0}",0.9166569709777832,0.36732280254364014,37,fine_tuning,0.9229959845542908,0.8297566771507263,0.9594971537590027,0.8413886427879333,0.29998475313186646,0.8506858348846436,0.9589314460754395,0.7818868160247803,15,0.8531196117401123,0.8726327419281006,0.00009999999747378752,0.9504587054252625,0.9605263157894737,0.8414381742477417,0.8297566771507263,0.810641627543036,0.871206554121152,1603,1090,0.959036766476738,0.7818867924528302,0,0.959540439148185,0.8106416275428585,0.7818867924528302,0.5952469365020423,0.7818867924528302,0.40475306349795764,0
3b914540-b13f-46d1-8047-38755ffd10f6,densenet121,sgd,Q06/Q11,train_execution_records,epoch,fine_tuning,16,2026-10-03T05:31:44.823917+00:00,b403ccb5-ebaa-4b4c-8c0d-3858d81e186c,189,2026-10-03T05:31:44.826908+00:00,2026-10-03T05:28:36.133154+00:00,188.693754,2026-10-03T05:31:44.870453+00:00,2026-10-03T05:31:45.131069+00:00,0.260616,2026-10-03T05:31:45.169068+00:00,2026-10-03T05:32:02.979774+00:00,17.810706,"{""auc"":0.9140418767929077,""loss"":0.3726384937763214,""epoch"":38,""phase"":""fine_tuning"",""pr_auc"":0.9193798303604126,""recall"":0.8233815431594849,""val_auc"":0.9595293998718262,""accuracy"":0.8384130001068115,""val_loss"":0.29516905546188354,""precision"":0.8500973582267761,""val_pr_auc"":0.9589687585830688,""val_recall"":0.7909433841705322,""phase_epoch"":16,""specificity"":0.853572428226471,""val_accuracy"":0.8748607635498047,""learning_rate"":0.00009999999747378752,""val_precision"":0.9458483457565308,""val_specificity"":0.956140350877193,""balanced_accuracy"":0.8384770154953003,""recall_parasitized"":0.8233815431594849,""val_f2_parasitized"":0.8177278401997503,""val_balanced_accuracy"":0.873541873551804,""val_n_pred_uninfected"":1585,""val_n_pred_parasitized"":1108,""val_pr_auc_parasitized"":0.9590318245691627,""val_recall_parasitized"":0.7909433962264151,""val_prediction_collapse"":0,""val_roc_auc_parasitized"":0.959579057707161,""val_early_stopping_score"":0.8177278401995679,""val_checkpoint_policy_score"":0.7909433962264151,""val_percent_pred_uninfected"":0.5885629409580394,""val_sensitivity_parasitized"":0.7909433962264151,""val_percent_pred_parasitized"":0.41143705904196065,""val_prediction_collapse_detected"":0}",0.9140418767929077,0.3726384937763214,38,fine_tuning,0.9193798303604126,0.8233815431594849,0.9595293998718262,0.8384130001068115,0.29516905546188354,0.8500973582267761,0.9589687585830688,0.7909433841705322,16,0.853572428226471,0.8748607635498047,0.00009999999747378752,0.9458483457565308,0.956140350877193,0.8384770154953003,0.8233815431594849,0.8177278401997503,0.873541873551804,1585,1108,0.9590318245691627,0.7909433962264151,0,0.959579057707161,0.8177278401995679,0.7909433962264151,0.5885629409580394,0.7909433962264151,0.41143705904196065,0
3b914540-b13f-46d1-8047-38755ffd10f6,densenet121,sgd,Q06/Q11,train_execution_records,epoch,fine_tuning,17,2026-10-03T05:34:53.260727+00:00,ea61d7d5-6756-482c-89e1-af342ce36af8,194,2026-10-03T05:34:53.265774+00:00,2026-10-03T05:31:44.826908+00:00,188.438866,2026-10-03T05:34:53.308303+00:00,2026-10-03T05:34:53.580117+00:00,0.271814,2026-10-03T05:34:53.619156+00:00,2026-10-03T05:35:11.452930+00:00,17.833774,"{""auc"":0.915901780128479,""loss"":0.3684937357902527,""epoch"":39,""phase"":""fine_tuning"",""pr_auc"":0.9220787286758423,""recall"":0.8274220824241638,""val_auc"":0.9599160552024841,""accuracy"":0.8414337038993835,""val_loss"":0.2969774603843689,""precision"":0.8524514436721802,""val_pr_auc"":0.9592061042785645,""val_recall"":0.7864151000976562,""phase_epoch"":17,""specificity"":0.8555645942687988,""val_accuracy"":0.8730040788650513,""learning_rate"":0.00009999999747378752,""val_precision"":0.9464123249053955,""val_specificity"":0.9568713450292398,""balanced_accuracy"":0.8414933681488037,""recall_parasitized"":0.8274220824241638,""val_f2_parasitized"":0.8139353226058429,""val_balanced_accuracy"":0.8716432196844313,""val_n_pred_uninfected"":1592,""val_n_pred_parasitized"":1101,""val_pr_auc_parasitized"":0.9592851995324911,""val_recall_parasitized"":0.7864150943396226,""val_prediction_collapse"":0,""val_roc_auc_parasitized"":0.9599376586119387,""val_early_stopping_score"":0.8139353226056631,""val_checkpoint_policy_score"":0.7864150943396226,""val_percent_pred_uninfected"":0.591162272558485,""val_sensitivity_parasitized"":0.7864150943396226,""val_percent_pred_parasitized"":0.40883772744151503,""val_prediction_collapse_detected"":0}",0.915901780128479,0.3684937357902527,39,fine_tuning,0.9220787286758423,0.8274220824241638,0.9599160552024841,0.8414337038993835,0.2969774603843689,0.8524514436721802,0.9592061042785645,0.7864151000976562,17,0.8555645942687988,0.8730040788650513,0.00009999999747378752,0.9464123249053955,0.9568713450292398,0.8414933681488037,0.8274220824241638,0.8139353226058429,0.8716432196844313,1592,1101,0.9592851995324911,0.7864150943396226,0,0.9599376586119387,0.8139353226056631,0.7864150943396226,0.591162272558485,0.7864150943396226,0.40883772744151503,0
3b914540-b13f-46d1-8047-38755ffd10f6,densenet121,sgd,Q06/Q11,train_execution_records,epoch,fine_tuning,18,2026-10-03T05:38:01.471359+00:00,1fc2c14b-7dab-4c15-83f4-4ea1e718f585,199,2026-10-03T05:38:01.476742+00:00,2026-10-03T05:34:53.265774+00:00,188.210968,2026-10-03T05:38:01.518801+00:00,2026-10-03T05:38:01.779114+00:00,0.260313,2026-10-03T05:38:01.819783+00:00,2026-10-03T05:38:19.639080+00:00,17.819297,"{""auc"":0.9159311652183533,""loss"":0.36871078610420227,""epoch"":40,""phase"":""fine_tuning"",""pr_auc"":0.9218425154685974,""recall"":0.8297566771507263,""val_auc"":0.9602739214897156,""accuracy"":0.8422001600265503,""val_loss"":0.2946072220802307,""precision"":0.852097749710083,""val_pr_auc"":0.9595280289649963,""val_recall"":0.7924528121948242,""phase_epoch"":18,""specificity"":0.8547496199607849,""val_accuracy"":0.875603437423706,""learning_rate"":0.00009999999747378752,""val_precision"":0.9459459185600281,""val_specificity"":0.956140350877193,""balanced_accuracy"":0.8422531485557556,""recall_parasitized"":0.8297566771507263,""val_f2_parasitized"":0.8190327613104524,""val_balanced_accuracy"":0.8742965905329361,""val_n_pred_uninfected"":1583,""val_n_pred_parasitized"":1110,""val_pr_auc_parasitized"":0.9596684725508435,""val_recall_parasitized"":0.7924528301886793,""val_prediction_collapse"":0,""val_roc_auc_parasitized"":0.9603166721836035,""val_early_stopping_score"":0.8190327613102693,""val_checkpoint_policy_score"":0.7924528301886793,""val_percent_pred_uninfected"":0.5878202747864835,""val_sensitivity_parasitized"":0.7924528301886793,""val_percent_pred_parasitized"":0.41217972521351653,""val_prediction_collapse_detected"":0}",0.9159311652183533,0.36871078610420227,40,fine_tuning,0.9218425154685974,0.8297566771507263,0.9602739214897156,0.8422001600265503,0.2946072220802307,0.852097749710083,0.9595280289649963,0.7924528121948242,18,0.8547496199607849,0.875603437423706,0.00009999999747378752,0.9459459185600281,0.956140350877193,0.8422531485557556,0.8297566771507263,0.8190327613104524,0.8742965905329361,1583,1110,0.9596684725508435,0.7924528301886793,0,0.9603166721836035,0.8190327613102693,0.7924528301886793,0.5878202747864835,0.7924528301886793,0.41217972521351653,0
3b914540-b13f-46d1-8047-38755ffd10f6,densenet121,sgd,Q06/Q11,train_execution_records,epoch,fine_tuning,19,2026-10-03T05:41:09.84867+00:00,6ccb872e-7aba-49f6-92c9-01d279e6e5cb,204,2026-10-03T05:41:09.851976+00:00,2026-10-03T05:38:01.476742+00:00,188.375234,2026-10-03T05:41:09.892100+00:00,2026-10-03T05:41:10.149911+00:00,0.257811,2026-10-03T05:41:10.188478+00:00,2026-10-03T05:41:27.815731+00:00,17.627253,"{""auc"":0.9167141318321228,""loss"":0.3666122257709503,""epoch"":41,""phase"":""fine_tuning"",""pr_auc"":0.9225419759750366,""recall"":0.8284996151924133,""val_auc"":0.9606653451919556,""accuracy"":0.8440036177635193,""val_loss"":0.2940784692764282,""precision"":0.8561751842498779,""val_pr_auc"":0.9598103165626526,""val_recall"":0.7909433841705322,""phase_epoch"":19,""specificity"":0.859639585018158,""val_accuracy"":0.8752321004867554,""learning_rate"":0.00009999999747378752,""val_precision"":0.946702778339386,""val_specificity"":0.9568713450292398,""balanced_accuracy"":0.8440696001052856,""recall_parasitized"":0.8284996151924133,""val_f2_parasitized"":0.8178554705790542,""val_balanced_accuracy"":0.8739073706278274,""val_n_pred_uninfected"":1586,""val_n_pred_parasitized"":1107,""val_pr_auc_parasitized"":0.9599373309920357,""val_recall_parasitized"":0.7909433962264151,""val_prediction_collapse"":0,""val_roc_auc_parasitized"":0.9606885137371732,""val_early_stopping_score"":0.8178554705788719,""val_checkpoint_policy_score"":0.7909433962264151,""val_percent_pred_uninfected"":0.5889342740438173,""val_sensitivity_parasitized"":0.7909433962264151,""val_percent_pred_parasitized"":0.4110657259561827,""val_prediction_collapse_detected"":0}",0.9167141318321228,0.3666122257709503,41,fine_tuning,0.9225419759750366,0.8284996151924133,0.9606653451919556,0.8440036177635193,0.2940784692764282,0.8561751842498779,0.9598103165626526,0.7909433841705322,19,0.859639585018158,0.8752321004867554,0.00009999999747378752,0.946702778339386,0.9568713450292398,0.8440696001052856,0.8284996151924133,0.8178554705790542,0.8739073706278274,1586,1107,0.9599373309920357,0.7909433962264151,0,0.9606885137371732,0.8178554705788719,0.7909433962264151,0.5889342740438173,0.7909433962264151,0.4110657259561827,0
3b914540-b13f-46d1-8047-38755ffd10f6,densenet121,sgd,Q06/Q11,train_execution_records,epoch,fine_tuning,20,2026-10-03T05:44:15.401737+00:00,336e0e65-741d-4a5f-b5bf-da7d8795f368,209,2026-10-03T05:44:15.404565+00:00,2026-10-03T05:41:09.851976+00:00,185.552589,2026-10-03T05:44:15.446288+00:00,2026-10-03T05:44:15.815470+00:00,0.369182,2026-10-03T05:44:15.853094+00:00,2026-10-03T05:44:33.491870+00:00,17.638776,"{""auc"":0.9194856882095337,""loss"":0.3600928485393524,""epoch"":42,""phase"":""fine_tuning"",""pr_auc"":0.9247229099273682,""recall"":0.8309239745140076,""val_auc"":0.960725724697113,""accuracy"":0.8466185927391052,""val_loss"":0.29186296463012695,""precision"":0.8589993715286255,""val_pr_auc"":0.9598899483680725,""val_recall"":0.796226441860199,""phase_epoch"":20,""specificity"":0.8624467849731445,""val_accuracy"":0.8774600625038147,""learning_rate"":0.00009999999747378752,""val_precision"":0.9461883306503296,""val_specificity"":0.956140350877193,""balanced_accuracy"":0.8466854095458984,""recall_parasitized"":0.8309239745140076,""val_f2_parasitized"":0.8222915042868277,""val_balanced_accuracy"":0.8761833829857664,""val_n_pred_uninfected"":1578,""val_n_pred_parasitized"":1115,""val_pr_auc_parasitized"":0.9599481291698369,""val_recall_parasitized"":0.7962264150943397,""val_prediction_collapse"":0,""val_roc_auc_parasitized"":0.9607332009268454,""val_early_stopping_score"":0.8222915042866424,""val_checkpoint_policy_score"":0.7962264150943397,""val_percent_pred_uninfected"":0.5859636093575937,""val_sensitivity_parasitized"":0.7962264150943397,""val_percent_pred_parasitized"":0.4140363906424062,""val_prediction_collapse_detected"":0}",0.9194856882095337,0.3600928485393524,42,fine_tuning,0.9247229099273682,0.8309239745140076,0.960725724697113,0.8466185927391052,0.29186296463012695,0.8589993715286255,0.9598899483680725,0.796226441860199,20,0.8624467849731445,0.8774600625038147,0.00009999999747378752,0.9461883306503296,0.956140350877193,0.8466854095458984,0.8309239745140076,0.8222915042868277,0.8761833829857664,1578,1115,0.9599481291698369,0.7962264150943397,0,0.9607332009268454,0.8222915042866424,0.7962264150943397,0.5859636093575937,0.7962264150943397,0.4140363906424062,0
565a1dac-9c51-411b-a76c-efeb1d38722c,custom_cnn,adadelta,Q06/Q11,train_execution_records,epoch,base,1,2026-10-02T14:42:14.174124+00:00,20448040-7741-4cec-901d-c309d9f98613,2,2026-10-02T14:42:14.177974+00:00,2026-10-02T14:39:17.994631+00:00,176.183343,2026-10-02T14:42:14.215342+00:00,2026-10-02T14:42:14.273267+00:00,0.057925,2026-10-02T14:42:14.307995+00:00,2026-10-02T14:42:19.286655+00:00,4.97866,"{""auc"":0.9120404720306396,""loss"":0.42336252331733704,""epoch"":1,""phase"":""base"",""pr_auc"":0.918249249458313,""recall"":0.8048846125602722,""val_auc"":0.9691741466522217,""accuracy"":0.8435076475143433,""val_loss"":0.5109806656837463,""precision"":0.87351393699646,""val_pr_auc"":0.967093825340271,""val_recall"":0.5539622902870178,""phase_epoch"":1,""specificity"":0.8824594616889954,""val_accuracy"":0.7779428362846375,""learning_rate"":1,""val_precision"":0.9905533194541931,""val_specificity"":0.9948830409356725,""balanced_accuracy"":0.8436720371246338,""recall_parasitized"":0.8048846125602722,""val_f2_parasitized"":0.6075153120344314,""val_balanced_accuracy"":0.774422652543308,""val_n_pred_uninfected"":1952,""val_n_pred_parasitized"":741,""val_pr_auc_parasitized"":0.9672753754171028,""val_recall_parasitized"":0.5539622641509434,""val_prediction_collapse"":0,""val_roc_auc_parasitized"":0.9691812865497076,""val_early_stopping_score"":0.6075153120343567,""val_checkpoint_policy_score"":0.5539622641509434,""val_percent_pred_uninfected"":0.7248421834385443,""val_sensitivity_parasitized"":0.5539622641509434,""val_percent_pred_parasitized"":0.2751578165614556,""val_prediction_collapse_detected"":0}",0.9120404720306396,0.42336252331733704,1,base,0.918249249458313,0.8048846125602722,0.9691741466522217,0.8435076475143433,0.5109806656837463,0.87351393699646,0.967093825340271,0.5539622902870178,1,0.8824594616889954,0.7779428362846375,1,0.9905533194541931,0.9948830409356725,0.8436720371246338,0.8048846125602722,0.6075153120344314,0.774422652543308,1952,741,0.9672753754171028,0.5539622641509434,0,0.9691812865497076,0.6075153120343567,0.5539622641509434,0.7248421834385443,0.5539622641509434,0.2751578165614556,0
565a1dac-9c51-411b-a76c-efeb1d38722c,custom_cnn,adadelta,Q06/Q11,train_execution_records,epoch,base,2,2026-10-02T14:45:20.484995+00:00,a4292e90-d79f-4eb2-a7ac-47ce94efecbb,7,2026-10-02T14:45:20.487742+00:00,2026-10-02T14:42:14.177974+00:00,186.309768,2026-10-02T14:45:20.525501+00:00,2026-10-02T14:45:20.583558+00:00,0.058057,2026-10-02T14:45:20.620933+00:00,2026-10-02T14:45:25.887223+00:00,5.26629,"{""auc"":0.9542893767356873,""loss"":0.3003678023815155,""epoch"":2,""phase"":""base"",""pr_auc"":0.9585157632827759,""recall"":0.886684000492096,""val_auc"":0.9876367449760437,""accuracy"":0.9138413071632385,""val_loss"":0.21260353922843933,""precision"":0.9383314251899719,""val_pr_auc"":0.9824004173278809,""val_recall"":0.9207547307014465,""phase_epoch"":2,""specificity"":0.9412297606468201,""val_accuracy"":0.9491273760795593,""learning_rate"":1,""val_precision"":0.97444087266922,""val_specificity"":0.9766081871345029,""balanced_accuracy"":0.913956880569458,""recall_parasitized"":0.886684000492096,""val_f2_parasitized"":0.931013431013431,""val_balanced_accuracy"":0.9486814520578175,""val_n_pred_uninfected"":1441,""val_n_pred_parasitized"":1252,""val_pr_auc_parasitized"":0.9818088584332217,""val_recall_parasitized"":0.9207547169811321,""val_prediction_collapse"":0,""val_roc_auc_parasitized"":0.9875427562617235,""val_early_stopping_score"":0.9310134310131621,""val_checkpoint_policy_score"":0.9207547169811321,""val_percent_pred_uninfected"":0.5350909766060156,""val_sensitivity_parasitized"":0.9207547169811321,""val_percent_pred_parasitized"":0.4649090233939844,""val_prediction_collapse_detected"":0}",0.9542893767356873,0.3003678023815155,2,base,0.9585157632827759,0.886684000492096,0.9876367449760437,0.9138413071632385,0.21260353922843933,0.9383314251899719,0.9824004173278809,0.9207547307014465,2,0.9412297606468201,0.9491273760795593,1,0.97444087266922,0.9766081871345029,0.913956880569458,0.886684000492096,0.931013431013431,0.9486814520578175,1441,1252,0.9818088584332217,0.9207547169811321,0,0.9875427562617235,0.9310134310131621,0.9207547169811321,0.5350909766060156,0.9207547169811321,0.4649090233939844,0
565a1dac-9c51-411b-a76c-efeb1d38722c,custom_cnn,adadelta,Q06/Q11,train_execution_records,epoch,base,3,2026-10-02T14:48:30.010575+00:00,c37a0859-f437-49d0-9ee7-bf27f7514d29,12,2026-10-02T14:48:30.014336+00:00,2026-10-02T14:45:20.487742+00:00,189.526594,2026-10-02T14:48:30.054630+00:00,2026-10-02T14:48:30.111942+00:00,0.057312,2026-10-02T14:48:30.148039+00:00,2026-10-02T14:48:35.391940+00:00,5.243901,"{""auc"":0.9588324427604675,""loss"":0.28128930926322937,""epoch"":3,""phase"":""base"",""pr_auc"":0.9634894728660583,""recall"":0.8934183120727539,""val_auc"":0.9841134548187256,""accuracy"":0.918440043926239,""val_loss"":0.23138192296028137,""precision"":0.9411653280258179,""val_pr_auc"":0.9793733954429626,""val_recall"":0.8807547092437744,""phase_epoch"":3,""specificity"":0.9436747431755066,""val_accuracy"":0.9298180341720581,""learning_rate"":1,""val_precision"":0.9741235375404358,""val_specificity"":0.9773391812865497,""balanced_accuracy"":0.9185465574264526,""recall_parasitized"":0.8934183120727539,""val_f2_parasitized"":0.8979686057248384,""val_balanced_accuracy"":0.9290469491338409,""val_n_pred_uninfected"":1495,""val_n_pred_parasitized"":1198,""val_pr_auc_parasitized"":0.9798617184320193,""val_recall_parasitized"":0.8807547169811321,""val_prediction_collapse"":0,""val_roc_auc_parasitized"":0.9841023943506565,""val_early_stopping_score"":0.8979686057245969,""val_checkpoint_policy_score"":0.8807547169811321,""val_percent_pred_uninfected"":0.5551429632380245,""val_sensitivity_parasitized"":0.8807547169811321,""val_percent_pred_parasitized"":0.44485703676197547,""val_prediction_collapse_detected"":0}",0.9588324427604675,0.28128930926322937,3,base,0.9634894728660583,0.8934183120727539,0.9841134548187256,0.918440043926239,0.23138192296028137,0.9411653280258179,0.9793733954429626,0.8807547092437744,3,0.9436747431755066,0.9298180341720581,1,0.9741235375404358,0.9773391812865497,0.9185465574264526,0.8934183120727539,0.8979686057248384,0.9290469491338409,1495,1198,0.9798617184320193,0.8807547169811321,0,0.9841023943506565,0.8979686057245969,0.8807547169811321,0.5551429632380245,0.8807547169811321,0.44485703676197547,0
565a1dac-9c51-411b-a76c-efeb1d38722c,custom_cnn,adadelta,Q06/Q11,train_execution_records,epoch,base,4,2026-10-02T14:51:38.236485+00:00,28b7d839-e326-4274-b4f7-dcabd19a77d7,17,2026-10-02T14:51:38.239664+00:00,2026-10-02T14:48:30.014336+00:00,188.225328,2026-10-02T14:51:38.281068+00:00,2026-10-02T14:51:38.339069+00:00,0.058001,2026-10-02T14:51:38.376776+00:00,2026-10-02T14:51:43.591389+00:00,5.214613,"{""auc"":0.96484375,""loss"":0.25884532928466797,""epoch"":4,""phase"":""base"",""pr_auc"":0.9695950746536255,""recall"":0.9009607434272766,""val_auc"":0.9440957903862,""accuracy"":0.9256086349487305,""val_loss"":0.8262324333190918,""precision"":0.9483035802841187,""val_pr_auc"":0.9561728835105896,""val_recall"":0.5343396067619324,""phase_epoch"":4,""specificity"":0.9504663348197937,""val_accuracy"":0.7690308094024658,""learning_rate"":1,""val_precision"":0.9929873943328857,""val_specificity"":0.9963450292397661,""balanced_accuracy"":0.9257135391235352,""recall_parasitized"":0.9009607434272766,""val_f2_parasitized"":0.5887244304007982,""val_balanced_accuracy"":0.7653423259406378,""val_n_pred_uninfected"":1980,""val_n_pred_parasitized"":713,""val_pr_auc_parasitized"":0.9661499048885378,""val_recall_parasitized"":0.5343396226415095,""val_prediction_collapse"":0,""val_roc_auc_parasitized"":0.9634011916583913,""val_early_stopping_score"":0.5887244304007302,""val_checkpoint_policy_score"":0.5343396226415095,""val_percent_pred_uninfected"":0.7352395098403268,""val_sensitivity_parasitized"":0.5343396226415095,""val_percent_pred_parasitized"":0.26476049015967323,""val_prediction_collapse_detected"":0}",0.96484375,0.25884532928466797,4,base,0.9695950746536255,0.9009607434272766,0.9440957903862,0.9256086349487305,0.8262324333190918,0.9483035802841187,0.9561728835105896,0.5343396067619324,4,0.9504663348197937,0.7690308094024658,1,0.9929873943328857,0.9963450292397661,0.9257135391235352,0.9009607434272766,0.5887244304007982,0.7653423259406378,1980,713,0.9661499048885378,0.5343396226415095,0,0.9634011916583913,0.5887244304007302,0.5343396226415095,0.7352395098403268,0.5343396226415095,0.26476049015967323,0
565a1dac-9c51-411b-a76c-efeb1d38722c,custom_cnn,adadelta,Q06/Q11,train_execution_records,epoch,base,5,2026-10-02T14:54:47.369044+00:00,62b34b73-d723-4dda-b3aa-3e4bd651e618,22,2026-10-02T14:54:47.372120+00:00,2026-10-02T14:51:38.239664+00:00,189.132456,2026-10-02T14:54:47.417064+00:00,2026-10-02T14:54:47.477447+00:00,0.060383,2026-10-02T14:54:47.515945+00:00,2026-10-02T14:54:52.718706+00:00,5.202761,"{""auc"":0.9638059735298157,""loss"":0.2594011127948761,""epoch"":5,""phase"":""base"",""pr_auc"":0.9678069353103638,""recall"":0.9051809310913086,""val_auc"":0.9854615330696106,""accuracy"":0.9255635738372803,""val_loss"":0.19456659257411957,""precision"":0.9442675113677979,""val_pr_auc"":0.9816082715988159,""val_recall"":0.9267924427986145,""phase_epoch"":5,""specificity"":0.9461197257041931,""val_accuracy"":0.9506127238273621,""learning_rate"":1,""val_precision"":0.9715189933776855,""val_specificity"":0.9736842105263158,""balanced_accuracy"":0.9256503582000732,""recall_parasitized"":0.9051809310913086,""val_f2_parasitized"":0.935405240706886,""val_balanced_accuracy"":0.9502383316782522,""val_n_pred_uninfected"":1429,""val_n_pred_parasitized"":1264,""val_pr_auc_parasitized"":0.9810203900150295,""val_recall_parasitized"":0.9267924528301886,""val_prediction_collapse"":0,""val_roc_auc_parasitized"":0.9856344477546066,""val_early_stopping_score"":0.9354052407066131,""val_checkpoint_policy_score"":0.9267924528301886,""val_percent_pred_uninfected"":0.5306349795766803,""val_sensitivity_parasitized"":0.9267924528301886,""val_percent_pred_parasitized"":0.46936502042331973,""val_prediction_collapse_detected"":0}",0.9638059735298157,0.2594011127948761,5,base,0.9678069353103638,0.9051809310913086,0.9854615330696106,0.9255635738372803,0.19456659257411957,0.9442675113677979,0.9816082715988159,0.9267924427986145,5,0.9461197257041931,0.9506127238273621,1,0.9715189933776855,0.9736842105263158,0.9256503582000732,0.9051809310913086,0.935405240706886,0.9502383316782522,1429,1264,0.9810203900150295,0.9267924528301886,0,0.9856344477546066,0.9354052407066131,0.9267924528301886,0.5306349795766803,0.9267924528301886,0.46936502042331973,0
565a1dac-9c51-411b-a76c-efeb1d38722c,custom_cnn,adadelta,Q06/Q11,train_execution_records,epoch,base,6,2026-10-02T14:57:56.60817+00:00,67fdb7c3-70ce-4b9c-a8c7-0270b3a8ffdc,27,2026-10-02T14:57:56.611499+00:00,2026-10-02T14:54:47.372120+00:00,189.239379,2026-10-02T14:57:56.653706+00:00,2026-10-02T14:57:56.714676+00:00,0.06097,2026-10-02T14:57:56.752121+00:00,2026-10-02T14:58:02.031048+00:00,5.278927,"{""auc"":0.9679442644119263,""loss"":0.24454161524772644,""epoch"":6,""phase"":""base"",""pr_auc"":0.9714329242706299,""recall"":0.9122744202613831,""val_auc"":0.9865551590919495,""accuracy"":0.9301623106002808,""val_loss"":0.2420027107000351,""precision"":0.9467014670372009,""val_pr_auc"":0.9835007190704346,""val_recall"":0.8754717111587524,""phase_epoch"":6,""specificity"":0.9482024908065796,""val_accuracy"":0.9309320449829102,""learning_rate"":1,""val_precision"":0.9822184443473816,""val_specificity"":0.9846491228070176,""balanced_accuracy"":0.9302384853363037,""recall_parasitized"":0.9122744202613831,""val_f2_parasitized"":0.894923622897701,""val_balanced_accuracy"":0.9300604104601126,""val_n_pred_uninfected"":1512,""val_n_pred_parasitized"":1181,""val_pr_auc_parasitized"":0.9836950848248811,""val_recall_parasitized"":0.8754716981132076,""val_prediction_collapse"":0,""val_roc_auc_parasitized"":0.9873606973408364,""val_early_stopping_score"":0.8949236228974621,""val_checkpoint_policy_score"":0.8754716981132076,""val_percent_pred_uninfected"":0.5614556256962495,""val_sensitivity_parasitized"":0.8754716981132076,""val_percent_pred_parasitized"":0.4385443743037505,""val_prediction_collapse_detected"":0}",0.9679442644119263,0.24454161524772644,6,base,0.9714329242706299,0.9122744202613831,0.9865551590919495,0.9301623106002808,0.2420027107000351,0.9467014670372009,0.9835007190704346,0.8754717111587524,6,0.9482024908065796,0.9309320449829102,1,0.9822184443473816,0.9846491228070176,0.9302384853363037,0.9122744202613831,0.894923622897701,0.9300604104601126,1512,1181,0.9836950848248811,0.8754716981132076,0,0.9873606973408364,0.8949236228974621,0.8754716981132076,0.5614556256962495,0.8754716981132076,0.4385443743037505,0
565a1dac-9c51-411b-a76c-efeb1d38722c,custom_cnn,adadelta,Q06/Q11,train_execution_records,epoch,base,7,2026-10-02T15:01:07.184663+00:00,ec85a3fd-9c79-4347-b196-7c8ee1ae71dd,32,2026-10-02T15:01:07.188582+00:00,2026-10-02T14:57:56.611499+00:00,190.577083,2026-10-02T15:01:07.230933+00:00,2026-10-02T15:01:07.293006+00:00,0.062073,2026-10-02T15:01:07.331660+00:00,2026-10-02T15:01:12.605955+00:00,5.274295,"{""auc"":0.96867835521698,""loss"":0.2409607172012329,""epoch"":7,""phase"":""base"",""pr_auc"":0.9723709225654602,""recall"":0.9077848792076111,""val_auc"":0.9855698943138123,""accuracy"":0.9298917651176453,""val_loss"":0.21497038006782532,""precision"":0.9503666162490845,""val_pr_auc"":0.9845985174179077,""val_recall"":0.9003773331642151,""phase_epoch"":7,""specificity"":0.9521868824958801,""val_accuracy"":0.939844012260437,""learning_rate"":1,""val_precision"":0.9754701256752014,""val_specificity"":0.9780701754385965,""balanced_accuracy"":0.9299858808517456,""recall_parasitized"":0.9077848792076111,""val_f2_parasitized"":0.9144565384025755,""val_balanced_accuracy"":0.9392237669645813,""val_n_pred_uninfected"":1470,""val_n_pred_parasitized"":1223,""val_pr_auc_parasitized"":0.9852464345539209,""val_recall_parasitized"":0.900377358490566,""val_prediction_collapse"":0,""val_roc_auc_parasitized"":0.9856521019529957,""val_early_stopping_score"":0.9144565384023206,""val_checkpoint_policy_score"":0.900377358490566,""val_percent_pred_uninfected"":0.5458596360935759,""val_sensitivity_parasitized"":0.900377358490566,""val_percent_pred_parasitized"":0.45414036390642404,""val_prediction_collapse_detected"":0}",0.96867835521698,0.2409607172012329,7,base,0.9723709225654602,0.9077848792076111,0.9855698943138123,0.9298917651176453,0.21497038006782532,0.9503666162490845,0.9845985174179077,0.9003773331642151,7,0.9521868824958801,0.939844012260437,1,0.9754701256752014,0.9780701754385965,0.9299858808517456,0.9077848792076111,0.9144565384025755,0.9392237669645813,1470,1223,0.9852464345539209,0.900377358490566,0,0.9856521019529957,0.9144565384023206,0.900377358490566,0.5458596360935759,0.900377358490566,0.45414036390642404,0
565a1dac-9c51-411b-a76c-efeb1d38722c,custom_cnn,adadelta,Q06/Q11,train_execution_records,epoch,base,8,2026-10-02T15:04:19.45966+00:00,d5b701ea-2d19-4ace-b1ac-38d79ec327c7,37,2026-10-02T15:04:19.463444+00:00,2026-10-02T15:01:07.188582+00:00,192.274862,2026-10-02T15:04:19.507504+00:00,2026-10-02T15:04:19.568029+00:00,0.060525,2026-10-02T15:04:19.605459+00:00,2026-10-02T15:04:24.961750+00:00,5.356291,"{""auc"":0.9701159000396729,""loss"":0.23738519847393036,""epoch"":8,""phase"":""base"",""pr_auc"":0.9730756282806396,""recall"":0.91155606508255,""val_auc"":0.9860357642173767,""accuracy"":0.9298917651176453,""val_loss"":0.22918105125427246,""precision"":0.9468382596969604,""val_pr_auc"":0.9847466945648193,""val_recall"":0.8784905672073364,""phase_epoch"":8,""specificity"":0.9483835697174072,""val_accuracy"":0.9301893711090088,""learning_rate"":1,""val_precision"":0.9773299694061279,""val_specificity"":0.9802631578947368,""balanced_accuracy"":0.9299697875976562,""recall_parasitized"":0.91155606508255,""val_f2_parasitized"":0.896626097673702,""val_balanced_accuracy"":0.9293768619662364,""val_n_pred_uninfected"":1502,""val_n_pred_parasitized"":1191,""val_pr_auc_parasitized"":0.9853376967475487,""val_recall_parasitized"":0.8784905660377359,""val_prediction_collapse"":0,""val_roc_auc_parasitized"":0.98643550700651,""val_early_stopping_score"":0.8966260976734617,""val_checkpoint_policy_score"":0.8784905660377359,""val_percent_pred_uninfected"":0.5577422948384702,""val_sensitivity_parasitized"":0.8784905660377359,""val_percent_pred_parasitized"":0.4422577051615299,""val_prediction_collapse_detected"":0}",0.9701159000396729,0.23738519847393036,8,base,0.9730756282806396,0.91155606508255,0.9860357642173767,0.9298917651176453,0.22918105125427246,0.9468382596969604,0.9847466945648193,0.8784905672073364,8,0.9483835697174072,0.9301893711090088,1,0.9773299694061279,0.9802631578947368,0.9299697875976562,0.91155606508255,0.896626097673702,0.9293768619662364,1502,1191,0.9853376967475487,0.8784905660377359,0,0.98643550700651,0.8966260976734617,0.8784905660377359,0.5577422948384702,0.8784905660377359,0.4422577051615299,0
565a1dac-9c51-411b-a76c-efeb1d38722c,custom_cnn,adadelta,Q06/Q11,train_execution_records,epoch,base,9,2026-10-02T15:07:30.540239+00:00,77a31176-01c0-4cbc-99e2-6cd2c7ea61f0,42,2026-10-02T15:07:30.543874+00:00,2026-10-02T15:04:19.463444+00:00,191.08043,2026-10-02T15:07:30.587890+00:00,2026-10-02T15:07:30.646887+00:00,0.058997,2026-10-02T15:07:30.682578+00:00,2026-10-02T15:07:35.920939+00:00,5.238361,"{""auc"":0.9707066416740417,""loss"":0.23201467096805573,""epoch"":9,""phase"":""base"",""pr_auc"":0.9752298593521118,""recall"":0.9102092385292053,""val_auc"":0.9861636757850647,""accuracy"":0.9303877353668213,""val_loss"":0.27857840061187744,""precision"":0.9490684270858765,""val_pr_auc"":0.984481692314148,""val_recall"":0.8181132078170776,""phase_epoch"":9,""specificity"":0.9507380127906799,""val_accuracy"":0.9053100347518921,""learning_rate"":0.5,""val_precision"":0.9872495532035828,""val_specificity"":0.9897660818713451,""balanced_accuracy"":0.9304736256599426,""recall_parasitized"":0.9102092385292053,""val_f2_parasitized"":0.8471397311659894,""val_balanced_accuracy"":0.9039396447092574,""val_n_pred_uninfected"":1595,""val_n_pred_parasitized"":1098,""val_pr_auc_parasitized"":0.9851982948199615,""val_recall_parasitized"":0.8181132075471698,""val_prediction_collapse"":0,""val_roc_auc_parasitized"":0.9862181396888448,""val_early_stopping_score"":0.8471397311657867,""val_checkpoint_policy_score"":0.8181132075471698,""val_percent_pred_uninfected"":0.5922762718158188,""val_sensitivity_parasitized"":0.8181132075471698,""val_percent_pred_parasitized"":0.40772372818418123,""val_prediction_collapse_detected"":0}",0.9707066416740417,0.23201467096805573,9,base,0.9752298593521118,0.9102092385292053,0.9861636757850647,0.9303877353668213,0.27857840061187744,0.9490684270858765,0.984481692314148,0.8181132078170776,9,0.9507380127906799,0.9053100347518921,0.5,0.9872495532035828,0.9897660818713451,0.9304736256599426,0.9102092385292053,0.8471397311659894,0.9039396447092574,1595,1098,0.9851982948199615,0.8181132075471698,0,0.9862181396888448,0.8471397311657867,0.8181132075471698,0.5922762718158188,0.8181132075471698,0.40772372818418123,0
565a1dac-9c51-411b-a76c-efeb1d38722c,custom_cnn,adadelta,Q06/Q11,train_execution_records,epoch,base,10,2026-10-02T15:10:40.252771+00:00,ca5cc25f-5dd8-4f73-9a58-76bfe6625371,47,2026-10-02T15:10:40.256515+00:00,2026-10-02T15:07:30.543874+00:00,189.712641,2026-10-02T15:10:40.298063+00:00,2026-10-02T15:10:40.354757+00:00,0.056694,2026-10-02T15:10:40.391131+00:00,2026-10-02T15:10:45.623568+00:00,5.232437,"{""auc"":0.9753662943840027,""loss"":0.21416838467121124,""epoch"":10,""phase"":""base"",""pr_auc"":0.9789574146270752,""recall"":0.9183802008628845,""val_auc"":0.989253044128418,""accuracy"":0.9364292025566101,""val_loss"":0.214015394449234,""precision"":0.95330411195755,""val_pr_auc"":0.9897974729537964,""val_recall"":0.8852829933166504,""phase_epoch"":10,""specificity"":0.9546318650245667,""val_accuracy"":0.9365020394325256,""learning_rate"":0.5,""val_precision"":0.9840604066848755,""val_specificity"":0.9861111111111112,""balanced_accuracy"":0.9365060329437256,""recall_parasitized"":0.9183802008628845,""val_f2_parasitized"":0.9034195933456562,""val_balanced_accuracy"":0.9356970649895178,""val_n_pred_uninfected"":1501,""val_n_pred_parasitized"":1192,""val_pr_auc_parasitized"":0.989768058502332,""val_recall_parasitized"":0.8852830188679245,""val_prediction_collapse"":0,""val_roc_auc_parasitized"":0.9892684541542536,""val_early_stopping_score"":0.9034195933454106,""val_checkpoint_policy_score"":0.8852830188679245,""val_percent_pred_uninfected"":0.5573709617526922,""val_sensitivity_parasitized"":0.8852830188679245,""val_percent_pred_parasitized"":0.4426290382473078,""val_prediction_collapse_detected"":0}",0.9753662943840027,0.21416838467121124,10,base,0.9789574146270752,0.9183802008628845,0.989253044128418,0.9364292025566101,0.214015394449234,0.95330411195755,0.9897974729537964,0.8852829933166504,10,0.9546318650245667,0.9365020394325256,0.5,0.9840604066848755,0.9861111111111112,0.9365060329437256,0.9183802008628845,0.9034195933456562,0.9356970649895178,1501,1192,0.989768058502332,0.8852830188679245,0,0.9892684541542536,0.9034195933454106,0.8852830188679245,0.5573709617526922,0.8852830188679245,0.4426290382473078,0
565a1dac-9c51-411b-a76c-efeb1d38722c,custom_cnn,adadelta,Q06/Q11,train_execution_records,epoch,base,11,2026-10-02T15:13:49.566373+00:00,fe4f0545-7934-4985-a365-b1ad0554618c,52,2026-10-02T15:13:49.569753+00:00,2026-10-02T15:10:40.256515+00:00,189.313238,2026-10-02T15:13:49.614423+00:00,2026-10-02T15:13:49.677754+00:00,0.063331,2026-10-02T15:13:49.716601+00:00,2026-10-02T15:13:55.364288+00:00,5.647687,"{""auc"":0.9759821891784668,""loss"":0.20922145247459412,""epoch"":11,""phase"":""base"",""pr_auc"":0.9795353412628174,""recall"":0.919547438621521,""val_auc"":0.9883877038955688,""accuracy"":0.9370153546333313,""val_loss"":0.17517851293087006,""precision"":0.9533606171607971,""val_pr_auc"":0.9882450699806213,""val_recall"":0.9139622449874878,""phase_epoch"":11,""specificity"":0.9546318650245667,""val_accuracy"":0.9476420283317566,""learning_rate"":0.5,""val_precision"":0.9781906008720398,""val_specificity"":0.9802631578947368,""balanced_accuracy"":0.9370896816253662,""recall_parasitized"":0.919547438621521,""val_f2_parasitized"":0.9261241970021413,""val_balanced_accuracy"":0.9471127110228401,""val_n_pred_uninfected"":1455,""val_n_pred_parasitized"":1238,""val_pr_auc_parasitized"":0.9885081381949795,""val_recall_parasitized"":0.9139622641509434,""val_prediction_collapse"":0,""val_roc_auc_parasitized"":0.9885909742910736,""val_early_stopping_score"":0.9261241970018765,""val_checkpoint_policy_score"":0.9139622641509434,""val_percent_pred_uninfected"":0.5402896398069068,""val_sensitivity_parasitized"":0.9139622641509434,""val_percent_pred_parasitized"":0.4597103601930932,""val_prediction_collapse_detected"":0}",0.9759821891784668,0.20922145247459412,11,base,0.9795353412628174,0.919547438621521,0.9883877038955688,0.9370153546333313,0.17517851293087006,0.9533606171607971,0.9882450699806213,0.9139622449874878,11,0.9546318650245667,0.9476420283317566,0.5,0.9781906008720398,0.9802631578947368,0.9370896816253662,0.919547438621521,0.9261241970021413,0.9471127110228401,1455,1238,0.9885081381949795,0.9139622641509434,0,0.9885909742910736,0.9261241970018765,0.9139622641509434,0.5402896398069068,0.9139622641509434,0.4597103601930932,0
565a1dac-9c51-411b-a76c-efeb1d38722c,custom_cnn,adadelta,Q06/Q11,train_execution_records,epoch,base,12,2026-10-02T15:17:00.229212+00:00,a5fc7674-91fc-41d5-8ad1-553ec3454f77,57,2026-10-02T15:17:00.232523+00:00,2026-10-02T15:13:49.569753+00:00,190.66277,2026-10-02T15:17:00.278440+00:00,2026-10-02T15:17:00.343249+00:00,0.064809,2026-10-02T15:17:00.382984+00:00,2026-10-02T15:17:05.850149+00:00,5.467165,"{""auc"":0.9750572443008423,""loss"":0.2119230180978775,""epoch"":12,""phase"":""base"",""pr_auc"":0.9783118367195129,""recall"":0.9181107878684998,""val_auc"":0.9894664883613586,""accuracy"":0.9355725646018982,""val_loss"":0.3059244453907013,""precision"":0.9518711566925049,""val_pr_auc"":0.9895315766334534,""val_recall"":0.7924528121948242,""phase_epoch"":12,""specificity"":0.9531829953193665,""val_accuracy"":0.8934274315834045,""learning_rate"":0.5,""val_precision"":0.9887005686759949,""val_specificity"":0.9912280701754386,""balanced_accuracy"":0.9356468915939331,""recall_parasitized"":0.9181107878684998,""val_f2_parasitized"":0.8252121974221943,""val_balanced_accuracy"":0.8918404501820589,""val_n_pred_uninfected"":1631,""val_n_pred_parasitized"":1062,""val_pr_auc_parasitized"":0.9895740162674195,""val_recall_parasitized"":0.7924528301886793,""val_prediction_collapse"":0,""val_roc_auc_parasitized"":0.9893798962815845,""val_early_stopping_score"":0.8252121974220069,""val_checkpoint_policy_score"":0.7924528301886793,""val_percent_pred_uninfected"":0.6056442629038248,""val_sensitivity_parasitized"":0.7924528301886793,""val_percent_pred_parasitized"":0.3943557370961753,""val_prediction_collapse_detected"":0}",0.9750572443008423,0.2119230180978775,12,base,0.9783118367195129,0.9181107878684998,0.9894664883613586,0.9355725646018982,0.3059244453907013,0.9518711566925049,0.9895315766334534,0.7924528121948242,12,0.9531829953193665,0.8934274315834045,0.5,0.9887005686759949,0.9912280701754386,0.9356468915939331,0.9181107878684998,0.8252121974221943,0.8918404501820589,1631,1062,0.9895740162674195,0.7924528301886793,0,0.9893798962815845,0.8252121974220069,0.7924528301886793,0.6056442629038248,0.7924528301886793,0.3943557370961753,0
565a1dac-9c51-411b-a76c-efeb1d38722c,custom_cnn,adadelta,Q06/Q11,train_execution_records,epoch,base,13,2026-10-02T15:20:10.651843+00:00,3b04a893-26de-48e8-bc10-67362a1cfd12,62,2026-10-02T15:20:10.655596+00:00,2026-10-02T15:17:00.232523+00:00,190.423073,2026-10-02T15:20:10.702536+00:00,2026-10-02T15:20:10.767719+00:00,0.065183,2026-10-02T15:20:10.807804+00:00,2026-10-02T15:20:16.341900+00:00,5.534096,"{""auc"":0.9768630266189575,""loss"":0.206205353140831,""epoch"":13,""phase"":""base"",""pr_auc"":0.980238676071167,""recall"":0.921253502368927,""val_auc"":0.9877246022224426,""accuracy"":0.9378268718719482,""val_loss"":0.1812785118818283,""precision"":0.9533544182777405,""val_pr_auc"":0.9869937300682068,""val_recall"":0.9184905886650085,""phase_epoch"":13,""specificity"":0.9545413255691528,""val_accuracy"":0.94949871301651,""learning_rate"":0.5,""val_precision"":0.9775100350379944,""val_specificity"":0.97953216374269,""balanced_accuracy"":0.9378974437713623,""recall_parasitized"":0.921253502368927,""val_f2_parasitized"":0.9297173414820473,""val_balanced_accuracy"":0.949011364890213,""val_n_pred_uninfected"":1448,""val_n_pred_parasitized"":1245,""val_pr_auc_parasitized"":0.9877802591106365,""val_recall_parasitized"":0.9184905660377358,""val_prediction_collapse"":0,""val_roc_auc_parasitized"":0.9876326823347678,""val_early_stopping_score"":0.9297173414817794,""val_checkpoint_policy_score"":0.9184905660377358,""val_percent_pred_uninfected"":0.5376903082064612,""val_sensitivity_parasitized"":0.9184905660377358,""val_percent_pred_parasitized"":0.4623096917935388,""val_prediction_collapse_detected"":0}",0.9768630266189575,0.206205353140831,13,base,0.980238676071167,0.921253502368927,0.9877246022224426,0.9378268718719482,0.1812785118818283,0.9533544182777405,0.9869937300682068,0.9184905886650085,13,0.9545413255691528,0.94949871301651,0.5,0.9775100350379944,0.97953216374269,0.9378974437713623,0.921253502368927,0.9297173414820473,0.949011364890213,1448,1245,0.9877802591106365,0.9184905660377358,0,0.9876326823347678,0.9297173414817794,0.9184905660377358,0.5376903082064612,0.9184905660377358,0.4623096917935388,0
565a1dac-9c51-411b-a76c-efeb1d38722c,custom_cnn,adadelta,Q06/Q11,train_execution_records,epoch,base,14,2026-10-02T15:23:24.982223+00:00,d68984a5-ca1d-4c7c-aac9-a46e5f6dcdca,67,2026-10-02T15:23:24.985460+00:00,2026-10-02T15:20:10.655596+00:00,194.329864,2026-10-02T15:23:25.030587+00:00,2026-10-02T15:23:25.091411+00:00,0.060824,2026-10-02T15:23:25.129317+00:00,2026-10-02T15:23:30.544917+00:00,5.4156,"{""auc"":0.9777753949165344,""loss"":0.20140790939331055,""epoch"":14,""phase"":""base"",""pr_auc"":0.9811681509017944,""recall"":0.921522855758667,""val_auc"":0.9896430373191833,""accuracy"":0.9382326602935791,""val_loss"":0.17191119492053986,""precision"":0.953899085521698,""val_pr_auc"":0.989421546459198,""val_recall"":0.9290565848350525,""phase_epoch"":14,""specificity"":0.9550846815109253,""val_accuracy"":0.9546973705291748,""learning_rate"":0.5,""val_precision"":0.9777601361274719,""val_specificity"":0.97953216374269,""balanced_accuracy"":0.9383037686347961,""recall_parasitized"":0.921522855758667,""val_f2_parasitized"":0.9384052447019363,""val_balanced_accuracy"":0.9542943837581375,""val_n_pred_uninfected"":1434,""val_n_pred_parasitized"":1259,""val_pr_auc_parasitized"":0.9902024799455933,""val_recall_parasitized"":0.9290566037735849,""val_prediction_collapse"":0,""val_roc_auc_parasitized"":0.99020964360587,""val_early_stopping_score"":0.9384052447016609,""val_checkpoint_policy_score"":0.9290566037735849,""val_percent_pred_uninfected"":0.53249164500557,""val_sensitivity_parasitized"":0.9290566037735849,""val_percent_pred_parasitized"":0.46750835499443,""val_prediction_collapse_detected"":0}",0.9777753949165344,0.20140790939331055,14,base,0.9811681509017944,0.921522855758667,0.9896430373191833,0.9382326602935791,0.17191119492053986,0.953899085521698,0.989421546459198,0.9290565848350525,14,0.9550846815109253,0.9546973705291748,0.5,0.9777601361274719,0.97953216374269,0.9383037686347961,0.921522855758667,0.9384052447019363,0.9542943837581375,1434,1259,0.9902024799455933,0.9290566037735849,0,0.99020964360587,0.9384052447016609,0.9290566037735849,0.53249164500557,0.9290566037735849,0.46750835499443,0
565a1dac-9c51-411b-a76c-efeb1d38722c,custom_cnn,adadelta,Q06/Q11,train_execution_records,epoch,base,15,2026-10-02T15:26:37.529415+00:00,12b55492-dba6-4927-a330-b9b3160de6ff,72,2026-10-02T15:26:37.534122+00:00,2026-10-02T15:23:24.985460+00:00,192.548662,2026-10-02T15:26:37.581460+00:00,2026-10-02T15:26:37.641815+00:00,0.060355,2026-10-02T15:26:37.681076+00:00,2026-10-02T15:26:43.109702+00:00,5.428626,"{""auc"":0.9776167273521423,""loss"":0.20061847567558289,""epoch"":15,""phase"":""base"",""pr_auc"":0.9808340072631836,""recall"":0.9226901531219482,""val_auc"":0.9865858554840088,""accuracy"":0.9395401477813721,""val_loss"":0.22671058773994446,""precision"":0.9553737640380859,""val_pr_auc"":0.9871582984924316,""val_recall"":0.8588679432868958,""phase_epoch"":15,""specificity"":0.9565335512161255,""val_accuracy"":0.924990713596344,""learning_rate"":0.5,""val_precision"":0.9869904518127441,""val_specificity"":0.9890350877192983,""balanced_accuracy"":0.9396118521690369,""recall_parasitized"":0.9226901531219482,""val_f2_parasitized"":0.8817604215093755,""val_balanced_accuracy"":0.9239515061238001,""val_n_pred_uninfected"":1540,""val_n_pred_parasitized"":1153,""val_pr_auc_parasitized"":0.9871126308369867,""val_recall_parasitized"":0.8588679245283019,""val_prediction_collapse"":0,""val_roc_auc_parasitized"":0.9865221229173563,""val_early_stopping_score"":0.881760421509147,""val_checkpoint_policy_score"":0.8588679245283019,""val_percent_pred_uninfected"":0.5718529520980319,""val_sensitivity_parasitized"":0.8588679245283019,""val_percent_pred_parasitized"":0.42814704790196806,""val_prediction_collapse_detected"":0}",0.9776167273521423,0.20061847567558289,15,base,0.9808340072631836,0.9226901531219482,0.9865858554840088,0.9395401477813721,0.22671058773994446,0.9553737640380859,0.9871582984924316,0.8588679432868958,15,0.9565335512161255,0.924990713596344,0.5,0.9869904518127441,0.9890350877192983,0.9396118521690369,0.9226901531219482,0.8817604215093755,0.9239515061238001,1540,1153,0.9871126308369867,0.8588679245283019,0,0.9865221229173563,0.881760421509147,0.8588679245283019,0.5718529520980319,0.8588679245283019,0.42814704790196806,0
565a1dac-9c51-411b-a76c-efeb1d38722c,custom_cnn,adadelta,Q06/Q11,train_execution_records,epoch,base,16,2026-10-02T15:29:51.431404+00:00,eb498341-7e3d-48a1-ac95-d6468465ec3b,77,2026-10-02T15:29:51.434206+00:00,2026-10-02T15:26:37.534122+00:00,193.900084,2026-10-02T15:29:51.482433+00:00,2026-10-02T15:29:51.545825+00:00,0.063392,2026-10-02T15:29:51.586838+00:00,2026-10-02T15:29:57.052898+00:00,5.46606,"{""auc"":0.9781650304794312,""loss"":0.20037737488746643,""epoch"":16,""phase"":""base"",""pr_auc"":0.9813017845153809,""recall"":0.9208943247795105,""val_auc"":0.9900838136672974,""accuracy"":0.9375112652778625,""val_loss"":0.18772147595882416,""precision"":0.9530712962150574,""val_pr_auc"":0.9886360168457031,""val_recall"":0.9011320471763611,""phase_epoch"":16,""specificity"":0.9542696475982666,""val_accuracy"":0.9424433708190918,""learning_rate"":0.5,""val_precision"":0.9802955389022827,""val_specificity"":0.9824561403508771,""balanced_accuracy"":0.9375820159912109,""recall_parasitized"":0.9208943247795105,""val_f2_parasitized"":0.9159251304081006,""val_balanced_accuracy"":0.9417941079112877,""val_n_pred_uninfected"":1475,""val_n_pred_parasitized"":1218,""val_pr_auc_parasitized"":0.9889900711718862,""val_recall_parasitized"":0.9011320754716982,""val_prediction_collapse"":0,""val_roc_auc_parasitized"":0.9901980580381772,""val_early_stopping_score"":0.9159251304078445,""val_checkpoint_policy_score"":0.9011320754716982,""val_percent_pred_uninfected"":0.5477163015224656,""val_sensitivity_parasitized"":0.9011320754716982,""val_percent_pred_parasitized"":0.45228369847753436,""val_prediction_collapse_detected"":0}",0.9781650304794312,0.20037737488746643,16,base,0.9813017845153809,0.9208943247795105,0.9900838136672974,0.9375112652778625,0.18772147595882416,0.9530712962150574,0.9886360168457031,0.9011320471763611,16,0.9542696475982666,0.9424433708190918,0.5,0.9802955389022827,0.9824561403508771,0.9375820159912109,0.9208943247795105,0.9159251304081006,0.9417941079112877,1475,1218,0.9889900711718862,0.9011320754716982,0,0.9901980580381772,0.9159251304078445,0.9011320754716982,0.5477163015224656,0.9011320754716982,0.45228369847753436,0
565a1dac-9c51-411b-a76c-efeb1d38722c,custom_cnn,adadelta,Q06/Q11,train_execution_records,epoch,base,17,2026-10-02T15:33:03.922932+00:00,736dce6d-8528-4a8a-ae0e-b3b947de5ee4,82,2026-10-02T15:33:03.926422+00:00,2026-10-02T15:29:51.434206+00:00,192.492216,2026-10-02T15:33:03.973748+00:00,2026-10-02T15:33:04.033350+00:00,0.059602,2026-10-02T15:33:04.069946+00:00,2026-10-02T15:33:09.504486+00:00,5.43454,"{""auc"":0.9780898094177246,""loss"":0.1987728476524353,""epoch"":17,""phase"":""base"",""pr_auc"":0.9809619784355164,""recall"":0.9222411513328552,""val_auc"":0.991565465927124,""accuracy"":0.9378719329833984,""val_loss"":0.193944051861763,""precision"":0.9525178670883179,""val_pr_auc"":0.9914431571960449,""val_recall"":0.8905660510063171,""phase_epoch"":17,""specificity"":0.9536358118057251,""val_accuracy"":0.9394727349281311,""learning_rate"":0.5,""val_precision"":0.9849749803543091,""val_specificity"":0.9868421052631579,""balanced_accuracy"":0.9379384517669678,""recall_parasitized"":0.9222411513328552,""val_f2_parasitized"":0.9079716835949523,""val_balanced_accuracy"":0.9387040714995034,""val_n_pred_uninfected"":1495,""val_n_pred_parasitized"":1198,""val_pr_auc_parasitized"":0.9914919346288349,""val_recall_parasitized"":0.8905660377358491,""val_prediction_collapse"":0,""val_roc_auc_parasitized"":0.9915392254220456,""val_early_stopping_score"":0.9079716835947028,""val_checkpoint_policy_score"":0.8905660377358491,""val_percent_pred_uninfected"":0.5551429632380245,""val_sensitivity_parasitized"":0.8905660377358491,""val_percent_pred_parasitized"":0.44485703676197547,""val_prediction_collapse_detected"":0}",0.9780898094177246,0.1987728476524353,17,base,0.9809619784355164,0.9222411513328552,0.991565465927124,0.9378719329833984,0.193944051861763,0.9525178670883179,0.9914431571960449,0.8905660510063171,17,0.9536358118057251,0.9394727349281311,0.5,0.9849749803543091,0.9868421052631579,0.9379384517669678,0.9222411513328552,0.9079716835949523,0.9387040714995034,1495,1198,0.9914919346288349,0.8905660377358491,0,0.9915392254220456,0.9079716835947028,0.8905660377358491,0.5551429632380245,0.8905660377358491,0.44485703676197547,0
565a1dac-9c51-411b-a76c-efeb1d38722c,custom_cnn,adadelta,Q06/Q11,train_execution_records,epoch,base,18,2026-10-02T15:36:17.112591+00:00,1b35f4f8-d939-44f1-978a-d6f46209df0e,87,2026-10-02T15:36:17.115847+00:00,2026-10-02T15:33:03.926422+00:00,193.189425,2026-10-02T15:36:17.163493+00:00,2026-10-02T15:36:17.225368+00:00,0.061875,2026-10-02T15:36:17.261634+00:00,2026-10-02T15:36:22.630879+00:00,5.369245,"{""auc"":0.9775848388671875,""loss"":0.20101667940616608,""epoch"":18,""phase"":""base"",""pr_auc"":0.9804498553276062,""recall"":0.9226003289222717,""val_auc"":0.9908038377761841,""accuracy"":0.9375112652778625,""val_loss"":0.30922970175743103,""precision"":0.9514769911766052,""val_pr_auc"":0.9900283217430115,""val_recall"":0.7630188465118408,""phase_epoch"":18,""specificity"":0.9525490999221802,""val_accuracy"":0.8815447688102722,""learning_rate"":0.25,""val_precision"":0.9950787425041199,""val_specificity"":0.9963450292397661,""balanced_accuracy"":0.9375747442245483,""recall_parasitized"":0.9226003289222717,""val_f2_parasitized"":0.8003483217226093,""val_balanced_accuracy"":0.8796819485821472,""val_n_pred_uninfected"":1677,""val_n_pred_parasitized"":1016,""val_pr_auc_parasitized"":0.9901309993961785,""val_recall_parasitized"":0.7630188679245283,""val_prediction_collapse"":0,""val_roc_auc_parasitized"":0.9909544301004082,""val_early_stopping_score"":0.8003483217224383,""val_checkpoint_policy_score"":0.7630188679245283,""val_percent_pred_uninfected"":0.62272558484961,""val_sensitivity_parasitized"":0.7630188679245283,""val_percent_pred_parasitized"":0.3772744151503899,""val_prediction_collapse_detected"":0}",0.9775848388671875,0.20101667940616608,18,base,0.9804498553276062,0.9226003289222717,0.9908038377761841,0.9375112652778625,0.30922970175743103,0.9514769911766052,0.9900283217430115,0.7630188465118408,18,0.9525490999221802,0.8815447688102722,0.25,0.9950787425041199,0.9963450292397661,0.9375747442245483,0.9226003289222717,0.8003483217226093,0.8796819485821472,1677,1016,0.9901309993961785,0.7630188679245283,0,0.9909544301004082,0.8003483217224383,0.7630188679245283,0.62272558484961,0.7630188679245283,0.3772744151503899,0
565a1dac-9c51-411b-a76c-efeb1d38722c,custom_cnn,adadelta,Q06/Q11,train_execution_records,epoch,base,19,2026-10-02T15:39:31.763706+00:00,eb72d18b-ddb9-45e5-9b65-9cc219232406,92,2026-10-02T15:39:31.767104+00:00,2026-10-02T15:36:17.115847+00:00,194.651257,2026-10-02T15:39:31.813722+00:00,2026-10-02T15:39:31.877575+00:00,0.063853,2026-10-02T15:39:31.921247+00:00,2026-10-02T15:39:37.495186+00:00,5.573939,"{""auc"":0.980335533618927,""loss"":0.18820802867412567,""epoch"":19,""phase"":""base"",""pr_auc"":0.9830331802368164,""recall"":0.9281673431396484,""val_auc"":0.9916083812713623,""accuracy"":0.9430568218231201,""val_loss"":0.15927258133888245,""precision"":0.9571296572685242,""val_pr_auc"":0.9907359480857849,""val_recall"":0.9252830147743225,""phase_epoch"":19,""specificity"":0.9580729603767395,""val_accuracy"":0.9532120227813721,""learning_rate"":0.25,""val_precision"":0.9784517288208008,""val_specificity"":0.9802631578947368,""balanced_accuracy"":0.9431201219558716,""recall_parasitized"":0.9281673431396484,""val_f2_parasitized"":0.9354494124828323,""val_balanced_accuracy"":0.9527730883813307,""val_n_pred_uninfected"":1440,""val_n_pred_parasitized"":1253,""val_pr_auc_parasitized"":0.9915111838572066,""val_recall_parasitized"":0.9252830188679245,""val_prediction_collapse"":0,""val_roc_auc_parasitized"":0.991828864614366,""val_early_stopping_score"":0.9354494124825595,""val_checkpoint_policy_score"":0.9252830188679245,""val_percent_pred_uninfected"":0.5347196435202377,""val_sensitivity_parasitized"":0.9252830188679245,""val_percent_pred_parasitized"":0.46528035647976235,""val_prediction_collapse_detected"":0}",0.980335533618927,0.18820802867412567,19,base,0.9830331802368164,0.9281673431396484,0.9916083812713623,0.9430568218231201,0.15927258133888245,0.9571296572685242,0.9907359480857849,0.9252830147743225,19,0.9580729603767395,0.9532120227813721,0.25,0.9784517288208008,0.9802631578947368,0.9431201219558716,0.9281673431396484,0.9354494124828323,0.9527730883813307,1440,1253,0.9915111838572066,0.9252830188679245,0,0.991828864614366,0.9354494124825595,0.9252830188679245,0.5347196435202377,0.9252830188679245,0.46528035647976235,0
565a1dac-9c51-411b-a76c-efeb1d38722c,custom_cnn,adadelta,Q06/Q11,train_execution_records,epoch,base,20,2026-10-02T15:42:45.591702+00:00,ae296005-6c7d-4e53-89bc-621092313b51,97,2026-10-02T15:42:45.594448+00:00,2026-10-02T15:39:31.767104+00:00,193.827344,2026-10-02T15:42:45.642664+00:00,2026-10-02T15:42:45.706889+00:00,0.064225,2026-10-02T15:42:45.748901+00:00,2026-10-02T15:42:51.141727+00:00,5.392826,"{""auc"":0.9804580211639404,""loss"":0.18755832314491272,""epoch"":20,""phase"":""base"",""pr_auc"":0.9833481907844543,""recall"":0.9271796941757202,""val_auc"":0.9922680258750916,""accuracy"":0.942110002040863,""val_loss"":0.16323499381542206,""precision"":0.9561996459960938,""val_pr_auc"":0.9926885366439819,""val_recall"":0.9207547307014465,""phase_epoch"":20,""specificity"":0.9571674466133118,""val_accuracy"":0.9513553380966187,""learning_rate"":0.25,""val_precision"":0.9791332483291626,""val_specificity"":0.9809941520467836,""balanced_accuracy"":0.9421736001968384,""recall_parasitized"":0.9271796941757202,""val_f2_parasitized"":0.9318667888787046,""val_balanced_accuracy"":0.9508744345139579,""val_n_pred_uninfected"":1447,""val_n_pred_parasitized"":1246,""val_pr_auc_parasitized"":0.9926989824388647,""val_recall_parasitized"":0.9207547169811321,""val_prediction_collapse"":0,""val_roc_auc_parasitized"":0.9923044245834712,""val_early_stopping_score"":0.9318667888784349,""val_checkpoint_policy_score"":0.9207547169811321,""val_percent_pred_uninfected"":0.5373189751206833,""val_sensitivity_parasitized"":0.9207547169811321,""val_percent_pred_parasitized"":0.4626810248793167,""val_prediction_collapse_detected"":0}",0.9804580211639404,0.18755832314491272,20,base,0.9833481907844543,0.9271796941757202,0.9922680258750916,0.942110002040863,0.16323499381542206,0.9561996459960938,0.9926885366439819,0.9207547307014465,20,0.9571674466133118,0.9513553380966187,0.25,0.9791332483291626,0.9809941520467836,0.9421736001968384,0.9271796941757202,0.9318667888787046,0.9508744345139579,1447,1246,0.9926989824388647,0.9207547169811321,0,0.9923044245834712,0.9318667888784349,0.9207547169811321,0.5373189751206833,0.9207547169811321,0.4626810248793167,0
565a1dac-9c51-411b-a76c-efeb1d38722c,custom_cnn,adadelta,Q06/Q11,train_execution_records,epoch,base,21,2026-10-02T15:46:00.565838+00:00,b7753efc-07d9-4abe-9282-5793298a18ee,102,2026-10-02T15:46:00.569485+00:00,2026-10-02T15:42:45.594448+00:00,194.975037,2026-10-02T15:46:00.615851+00:00,2026-10-02T15:46:00.677775+00:00,0.061924,2026-10-02T15:46:00.717176+00:00,2026-10-02T15:46:06.178598+00:00,5.461422,"{""auc"":0.9804349541664124,""loss"":0.18770523369312286,""epoch"":21,""phase"":""base"",""pr_auc"":0.9830731153488159,""recall"":0.928257167339325,""val_auc"":0.989182710647583,""accuracy"":0.9425157904624939,""val_loss"":0.18100868165493011,""precision"":0.9559829831123352,""val_pr_auc"":0.9906083345413208,""val_recall"":0.9071698188781738,""phase_epoch"":21,""specificity"":0.9568957686424255,""val_accuracy"":0.9472706913948059,""learning_rate"":0.25,""val_precision"":0.984438955783844,""val_specificity"":0.9861111111111112,""balanced_accuracy"":0.9425764679908752,""recall_parasitized"":0.928257167339325,""val_f2_parasitized"":0.9216377856157031,""val_balanced_accuracy"":0.9466404612159329,""val_n_pred_uninfected"":1472,""val_n_pred_parasitized"":1221,""val_pr_auc_parasitized"":0.9907211734014164,""val_recall_parasitized"":0.9071698113207547,""val_prediction_collapse"":0,""val_roc_auc_parasitized"":0.9894841663908198,""val_early_stopping_score"":0.9216377856154422,""val_checkpoint_policy_score"":0.9071698113207547,""val_percent_pred_uninfected"":0.5466023022651318,""val_sensitivity_parasitized"":0.9071698113207547,""val_percent_pred_parasitized"":0.45339769773486815,""val_prediction_collapse_detected"":0}",0.9804349541664124,0.18770523369312286,21,base,0.9830731153488159,0.928257167339325,0.989182710647583,0.9425157904624939,0.18100868165493011,0.9559829831123352,0.9906083345413208,0.9071698188781738,21,0.9568957686424255,0.9472706913948059,0.25,0.984438955783844,0.9861111111111112,0.9425764679908752,0.928257167339325,0.9216377856157031,0.9466404612159329,1472,1221,0.9907211734014164,0.9071698113207547,0,0.9894841663908198,0.9216377856154422,0.9071698113207547,0.5466023022651318,0.9071698113207547,0.45339769773486815,0
565a1dac-9c51-411b-a76c-efeb1d38722c,custom_cnn,adadelta,Q06/Q11,train_execution_records,epoch,base,22,2026-10-02T15:49:16.716994+00:00,01edbb23-cfb1-4354-b7a8-e60cd49a3170,107,2026-10-02T15:49:16.720057+00:00,2026-10-02T15:46:00.569485+00:00,196.150572,2026-10-02T15:49:16.767616+00:00,2026-10-02T15:49:16.828013+00:00,0.060397,2026-10-02T15:49:16.866187+00:00,2026-10-02T15:49:22.293082+00:00,5.426895,"{""auc"":0.9808043837547302,""loss"":0.18526031076908112,""epoch"":22,""phase"":""base"",""pr_auc"":0.9834643602371216,""recall"":0.9280775785446167,""val_auc"":0.9902987480163574,""accuracy"":0.9425608515739441,""val_loss"":0.1938275694847107,""precision"":0.956240177154541,""val_pr_auc"":0.9911069869995117,""val_recall"":0.8883019089698792,""phase_epoch"":22,""specificity"":0.9571674466133118,""val_accuracy"":0.9402153491973877,""learning_rate"":0.25,""val_precision"":0.9890756011009216,""val_specificity"":0.9904970760233918,""balanced_accuracy"":0.9426225423812866,""recall_parasitized"":0.9280775785446167,""val_f2_parasitized"":0.9067796610169492,""val_balanced_accuracy"":0.9393994814079223,""val_n_pred_uninfected"":1503,""val_n_pred_parasitized"":1190,""val_pr_auc_parasitized"":0.9911827673909843,""val_recall_parasitized"":0.8883018867924528,""val_prediction_collapse"":0,""val_roc_auc_parasitized"":0.9904716981132075,""val_early_stopping_score"":0.9067796610167006,""val_checkpoint_policy_score"":0.8883018867924528,""val_percent_pred_uninfected"":0.558113627924248,""val_sensitivity_parasitized"":0.8883018867924528,""val_percent_pred_parasitized"":0.44188637207575193,""val_prediction_collapse_detected"":0}",0.9808043837547302,0.18526031076908112,22,base,0.9834643602371216,0.9280775785446167,0.9902987480163574,0.9425608515739441,0.1938275694847107,0.956240177154541,0.9911069869995117,0.8883019089698792,22,0.9571674466133118,0.9402153491973877,0.25,0.9890756011009216,0.9904970760233918,0.9426225423812866,0.9280775785446167,0.9067796610169492,0.9393994814079223,1503,1190,0.9911827673909843,0.8883018867924528,0,0.9904716981132075,0.9067796610167006,0.8883018867924528,0.558113627924248,0.8883018867924528,0.44188637207575193,0
565a1dac-9c51-411b-a76c-efeb1d38722c,custom_cnn,adadelta,Q06/Q11,train_execution_records,epoch,base,23,2026-10-02T15:52:32.912491+00:00,249b1f4f-b358-461f-bd9c-2b3a5635610f,112,2026-10-02T15:52:32.915705+00:00,2026-10-02T15:49:16.720057+00:00,196.195648,2026-10-02T15:52:32.965581+00:00,2026-10-02T15:52:33.028241+00:00,0.06266,2026-10-02T15:52:33.068845+00:00,2026-10-02T15:52:38.519307+00:00,5.450462,"{""auc"":0.9809715151786804,""loss"":0.1846926063299179,""epoch"":23,""phase"":""base"",""pr_auc"":0.9835536479949951,""recall"":0.9281673431396484,""val_auc"":0.9884175062179565,""accuracy"":0.9418845772743225,""val_loss"":0.2220897376537323,""precision"":0.9548309445381165,""val_pr_auc"":0.9893937706947327,""val_recall"":0.8633962273597717,""phase_epoch"":23,""specificity"":0.9557185769081116,""val_accuracy"":0.9283326864242554,""learning_rate"":0.125,""val_precision"":0.9896193742752075,""val_specificity"":0.9912280701754386,""balanced_accuracy"":0.9419429302215576,""recall_parasitized"":0.9281673431396484,""val_f2_parasitized"":0.885997521685254,""val_balanced_accuracy"":0.9273121482952664,""val_n_pred_uninfected"":1537,""val_n_pred_parasitized"":1156,""val_pr_auc_parasitized"":0.9897913611629654,""val_recall_parasitized"":0.8633962264150944,""val_prediction_collapse"":0,""val_roc_auc_parasitized"":0.9892397660818713,""val_early_stopping_score"":0.8859975216850222,""val_checkpoint_policy_score"":0.8633962264150944,""val_percent_pred_uninfected"":0.5707389528406981,""val_sensitivity_parasitized"":0.8633962264150944,""val_percent_pred_parasitized"":0.4292610471593019,""val_prediction_collapse_detected"":0}",0.9809715151786804,0.1846926063299179,23,base,0.9835536479949951,0.9281673431396484,0.9884175062179565,0.9418845772743225,0.2220897376537323,0.9548309445381165,0.9893937706947327,0.8633962273597717,23,0.9557185769081116,0.9283326864242554,0.125,0.9896193742752075,0.9912280701754386,0.9419429302215576,0.9281673431396484,0.885997521685254,0.9273121482952664,1537,1156,0.9897913611629654,0.8633962264150944,0,0.9892397660818713,0.8859975216850222,0.8633962264150944,0.5707389528406981,0.8633962264150944,0.4292610471593019,0
565a1dac-9c51-411b-a76c-efeb1d38722c,custom_cnn,adadelta,Q06/Q11,train_execution_records,epoch,base,24,2026-10-02T15:55:48.837929+00:00,49b870a0-794f-4dd9-9e1c-ed8e341036d4,117,2026-10-02T15:55:48.843145+00:00,2026-10-02T15:52:32.915705+00:00,195.92744,2026-10-02T15:55:48.888682+00:00,2026-10-02T15:55:48.949276+00:00,0.060594,2026-10-02T15:55:48.986817+00:00,2026-10-02T15:55:54.408590+00:00,5.421773,"{""auc"":0.9825350642204285,""loss"":0.17804591357707977,""epoch"":24,""phase"":""base"",""pr_auc"":0.9850636720657349,""recall"":0.9305917024612427,""val_auc"":0.9907953143119812,""accuracy"":0.9439585208892822,""val_loss"":0.20838306844234467,""precision"":0.956618070602417,""val_pr_auc"":0.9915837645530701,""val_recall"":0.8807547092437744,""phase_epoch"":24,""specificity"":0.957439124584198,""val_accuracy"":0.9368733763694763,""learning_rate"":0.125,""val_precision"":0.9898219108581543,""val_specificity"":0.9912280701754386,""balanced_accuracy"":0.944015383720398,""recall_parasitized"":0.9305917024612427,""val_f2_parasitized"":0.9006019447445593,""val_balanced_accuracy"":0.9359913935782853,""val_n_pred_uninfected"":1514,""val_n_pred_parasitized"":1179,""val_pr_auc_parasitized"":0.9917279184337648,""val_recall_parasitized"":0.8807547169811321,""val_prediction_collapse"":0,""val_roc_auc_parasitized"":0.991100077237118,""val_early_stopping_score"":0.900601944744316,""val_checkpoint_policy_score"":0.8807547169811321,""val_percent_pred_uninfected"":0.5621982918678055,""val_sensitivity_parasitized"":0.8807547169811321,""val_percent_pred_parasitized"":0.4378017081321946,""val_prediction_collapse_detected"":0}",0.9825350642204285,0.17804591357707977,24,base,0.9850636720657349,0.9305917024612427,0.9907953143119812,0.9439585208892822,0.20838306844234467,0.956618070602417,0.9915837645530701,0.8807547092437744,24,0.957439124584198,0.9368733763694763,0.125,0.9898219108581543,0.9912280701754386,0.944015383720398,0.9305917024612427,0.9006019447445593,0.9359913935782853,1514,1179,0.9917279184337648,0.8807547169811321,0,0.991100077237118,0.900601944744316,0.8807547169811321,0.5621982918678055,0.8807547169811321,0.4378017081321946,0
565a1dac-9c51-411b-a76c-efeb1d38722c,custom_cnn,adadelta,Q06/Q11,train_execution_records,epoch,base,25,2026-10-02T15:59:04.359946+00:00,23f4969b-f3e2-4052-9409-72532ff9c9af,122,2026-10-02T15:59:04.362868+00:00,2026-10-02T15:55:48.843145+00:00,195.519723,2026-10-02T15:59:04.406424+00:00,2026-10-02T15:59:04.466776+00:00,0.060352,2026-10-02T15:59:04.506394+00:00,2026-10-02T15:59:09.958874+00:00,5.45248,"{""auc"":0.9826598763465881,""loss"":0.17844133079051971,""epoch"":25,""phase"":""base"",""pr_auc"":0.9850205779075623,""recall"":0.9289754629135132,""val_auc"":0.9913944602012634,""accuracy"":0.9427412152290344,""val_loss"":0.17447559535503387,""precision"":0.955750584602356,""val_pr_auc"":0.9920359253883362,""val_recall"":0.9071698188781738,""phase_epoch"":25,""specificity"":0.9566240906715393,""val_accuracy"":0.9468993544578552,""learning_rate"":0.125,""val_precision"":0.9836333990097046,""val_specificity"":0.9853801169590644,""balanced_accuracy"":0.9427998065948486,""recall_parasitized"":0.9289754629135132,""val_f2_parasitized"":0.9214964734743943,""val_balanced_accuracy"":0.9462749641399095,""val_n_pred_uninfected"":1471,""val_n_pred_parasitized"":1222,""val_pr_auc_parasitized"":0.9921738385557095,""val_recall_parasitized"":0.9071698113207547,""val_prediction_collapse"":0,""val_roc_auc_parasitized"":0.9917383868476222,""val_early_stopping_score"":0.9214964734741334,""val_checkpoint_policy_score"":0.9071698113207547,""val_percent_pred_uninfected"":0.5462309691793539,""val_sensitivity_parasitized"":0.9071698113207547,""val_percent_pred_parasitized"":0.4537690308206461,""val_prediction_collapse_detected"":0}",0.9826598763465881,0.17844133079051971,25,base,0.9850205779075623,0.9289754629135132,0.9913944602012634,0.9427412152290344,0.17447559535503387,0.955750584602356,0.9920359253883362,0.9071698188781738,25,0.9566240906715393,0.9468993544578552,0.125,0.9836333990097046,0.9853801169590644,0.9427998065948486,0.9289754629135132,0.9214964734743943,0.9462749641399095,1471,1222,0.9921738385557095,0.9071698113207547,0,0.9917383868476222,0.9214964734741334,0.9071698113207547,0.5462309691793539,0.9071698113207547,0.4537690308206461,0
565a1dac-9c51-411b-a76c-efeb1d38722c,custom_cnn,adadelta,Q06/Q11,train_execution_records,epoch,base,26,2026-10-02T16:02:18.15093+00:00,f3d8fa15-f1f4-4348-9aac-165e899c50fe,127,2026-10-02T16:02:18.154345+00:00,2026-10-02T15:59:04.362868+00:00,193.791477,2026-10-02T16:02:18.202561+00:00,2026-10-02T16:02:18.262776+00:00,0.060215,2026-10-02T16:02:18.300834+00:00,2026-10-02T16:02:23.589715+00:00,5.288881,"{""auc"":0.9838125705718994,""loss"":0.17224785685539246,""epoch"":26,""phase"":""base"",""pr_auc"":0.9859746694564819,""recall"":0.9336445927619934,""val_auc"":0.9914672374725342,""accuracy"":0.9457619190216064,""val_loss"":0.15918920934200287,""precision"":0.9572822451591492,""val_pr_auc"":0.9922369122505188,""val_recall"":0.9200000166893005,""phase_epoch"":26,""specificity"":0.9579824209213257,""val_accuracy"":0.9517266750335693,""learning_rate"":0.125,""val_precision"":0.9806918501853943,""val_specificity"":0.9824561403508771,""balanced_accuracy"":0.9458135366439819,""recall_parasitized"":0.9336445927619934,""val_f2_parasitized"":0.9315298792602782,""val_balanced_accuracy"":0.9512280701754385,""val_n_pred_uninfected"":1450,""val_n_pred_parasitized"":1243,""val_pr_auc_parasitized"":0.9925970027890152,""val_recall_parasitized"":0.92,""val_prediction_collapse"":0,""val_roc_auc_parasitized"":0.9923551804038399,""val_early_stopping_score"":0.9315298792600087,""val_checkpoint_policy_score"":0.92,""val_percent_pred_uninfected"":0.5384329743780171,""val_sensitivity_parasitized"":0.92,""val_percent_pred_parasitized"":0.46156702562198293,""val_prediction_collapse_detected"":0}",0.9838125705718994,0.17224785685539246,26,base,0.9859746694564819,0.9336445927619934,0.9914672374725342,0.9457619190216064,0.15918920934200287,0.9572822451591492,0.9922369122505188,0.9200000166893005,26,0.9579824209213257,0.9517266750335693,0.125,0.9806918501853943,0.9824561403508771,0.9458135366439819,0.9336445927619934,0.9315298792602782,0.9512280701754385,1450,1243,0.9925970027890152,0.92,0,0.9923551804038399,0.9315298792600087,0.92,0.5384329743780171,0.92,0.46156702562198293,0
6021d446-25d3-4347-8b28-20b02c5fccd2,vgg16,adadelta,Q06/Q11,train_execution_records,epoch,base,1,2026-10-03T05:55:57.172811+00:00,fe9a7ee1-ef6a-4b88-a9d5-5992ddcbc1ae,2,2026-10-03T05:55:57.176167+00:00,2026-10-03T05:45:18.479522+00:00,638.696645,2026-10-03T05:55:57.218823+00:00,2026-10-03T05:55:57.314888+00:00,0.096065,2026-10-03T05:55:57.346391+00:00,2026-10-03T05:56:59.673676+00:00,62.327285,"{""auc"":0.9171788096427917,""loss"":0.4631609618663788,""epoch"":1,""phase"":""base"",""pr_auc"":0.9169458150863647,""recall"":0.8469964861869812,""val_auc"":0.9809290170669556,""accuracy"":0.859603226184845,""val_loss"":0.20382215082645416,""precision"":0.869962215423584,""val_pr_auc"":0.9794976711273193,""val_recall"":0.8792452812194824,""phase_epoch"":1,""specificity"":0.8723173141479492,""val_accuracy"":0.9272187352180481,""learning_rate"":1,""val_precision"":0.9700250029563904,""val_specificity"":0.9736842105263158,""balanced_accuracy"":0.8596569299697876,""recall_parasitized"":0.8469964861869812,""val_f2_parasitized"":0.8960159975388402,""val_balanced_accuracy"":0.9264647467725919,""val_n_pred_uninfected"":1492,""val_n_pred_parasitized"":1201,""val_pr_auc_parasitized"":0.9800306575197795,""val_recall_parasitized"":0.879245283018868,""val_prediction_collapse"":0,""val_roc_auc_parasitized"":0.9810658722277391,""val_early_stopping_score"":0.8960159975386005,""val_checkpoint_policy_score"":0.879245283018868,""val_percent_pred_uninfected"":0.5540289639806907,""val_sensitivity_parasitized"":0.879245283018868,""val_percent_pred_parasitized"":0.4459710360193093,""val_prediction_collapse_detected"":0}",0.9171788096427917,0.4631609618663788,1,base,0.9169458150863647,0.8469964861869812,0.9809290170669556,0.859603226184845,0.20382215082645416,0.869962215423584,0.9794976711273193,0.8792452812194824,1,0.8723173141479492,0.9272187352180481,1,0.9700250029563904,0.9736842105263158,0.8596569299697876,0.8469964861869812,0.8960159975388402,0.9264647467725919,1492,1201,0.9800306575197795,0.879245283018868,0,0.9810658722277391,0.8960159975386005,0.879245283018868,0.5540289639806907,0.879245283018868,0.4459710360193093,0
6021d446-25d3-4347-8b28-20b02c5fccd2,vgg16,adadelta,Q06/Q11,train_execution_records,epoch,base,2,2026-10-03T06:07:38.202573+00:00,801f6102-4f55-46bf-be0e-2794c65e3fc4,7,2026-10-03T06:07:38.212143+00:00,2026-10-03T05:55:57.176167+00:00,701.035976,2026-10-03T06:07:38.247362+00:00,2026-10-03T06:07:38.338951+00:00,0.091589,2026-10-03T06:07:38.371195+00:00,2026-10-03T06:08:40.654525+00:00,62.28333,"{""auc"":0.955238938331604,""loss"":0.26592376828193665,""epoch"":2,""phase"":""base"",""pr_auc"":0.9615867733955383,""recall"":0.8775253891944885,""val_auc"":0.9841595888137817,""accuracy"":0.8969341516494751,""val_loss"":0.20046080648899078,""precision"":0.9137914776802063,""val_pr_auc"":0.9826930165290833,""val_recall"":0.8641509413719177,""phase_epoch"":2,""specificity"":0.9165081977844238,""val_accuracy"":0.922391414642334,""learning_rate"":1,""val_precision"":0.9752981066703796,""val_specificity"":0.9788011695906432,""balanced_accuracy"":0.8970167636871338,""recall_parasitized"":0.8775253891944885,""val_f2_parasitized"":0.8843064565956132,""val_balanced_accuracy"":0.9214760564934348,""val_n_pred_uninfected"":1519,""val_n_pred_parasitized"":1174,""val_pr_auc_parasitized"":0.9831611117243242,""val_recall_parasitized"":0.8641509433962264,""val_prediction_collapse"":0,""val_roc_auc_parasitized"":0.9842634889109566,""val_early_stopping_score"":0.8843064565953827,""val_checkpoint_policy_score"":0.8641509433962264,""val_percent_pred_uninfected"":0.5640549572966951,""val_sensitivity_parasitized"":0.8641509433962264,""val_percent_pred_parasitized"":0.43594504270330486,""val_prediction_collapse_detected"":0}",0.955238938331604,0.26592376828193665,2,base,0.9615867733955383,0.8775253891944885,0.9841595888137817,0.8969341516494751,0.20046080648899078,0.9137914776802063,0.9826930165290833,0.8641509413719177,2,0.9165081977844238,0.922391414642334,1,0.9752981066703796,0.9788011695906432,0.8970167636871338,0.8775253891944885,0.8843064565956132,0.9214760564934348,1519,1174,0.9831611117243242,0.8641509433962264,0,0.9842634889109566,0.8843064565953827,0.8641509433962264,0.5640549572966951,0.8641509433962264,0.43594504270330486,0
6021d446-25d3-4347-8b28-20b02c5fccd2,vgg16,adadelta,Q06/Q11,train_execution_records,epoch,base,3,2026-10-03T06:19:18.979122+00:00,11f6e8d8-c75d-495c-9346-f987929772d0,12,2026-10-03T06:19:18.986591+00:00,2026-10-03T06:07:38.212143+00:00,700.774448,2026-10-03T06:19:19.019465+00:00,2026-10-03T06:19:19.108473+00:00,0.089008,2026-10-03T06:19:19.139397+00:00,2026-10-03T06:20:21.385460+00:00,62.246063,"{""auc"":0.9610684514045715,""loss"":0.24779100716114044,""epoch"":3,""phase"":""base"",""pr_auc"":0.9662306308746338,""recall"":0.8858758807182312,""val_auc"":0.9825606942176819,""accuracy"":0.9040576815605164,""val_loss"":0.29602181911468506,""precision"":0.9200783371925354,""val_pr_auc"":0.9827963709831238,""val_recall"":0.7690566182136536,""phase_epoch"":3,""specificity"":0.9223942756652832,""val_accuracy"":0.8804307579994202,""learning_rate"":1,""val_precision"":0.9845410585403442,""val_specificity"":0.9883040935672515,""balanced_accuracy"":0.9041351079940796,""recall_parasitized"":0.8858758807182312,""val_f2_parasitized"":0.8042620363062352,""val_balanced_accuracy"":0.8786803486704182,""val_n_pred_uninfected"":1658,""val_n_pred_parasitized"":1035,""val_pr_auc_parasitized"":0.9833451191727325,""val_recall_parasitized"":0.7690566037735849,""val_prediction_collapse"":0,""val_roc_auc_parasitized"":0.9840521902239876,""val_early_stopping_score"":0.8042620363060617,""val_checkpoint_policy_score"":0.7690566037735849,""val_percent_pred_uninfected"":0.6156702562198292,""val_sensitivity_parasitized"":0.7690566037735849,""val_percent_pred_parasitized"":0.3843297437801708,""val_prediction_collapse_detected"":0}",0.9610684514045715,0.24779100716114044,3,base,0.9662306308746338,0.8858758807182312,0.9825606942176819,0.9040576815605164,0.29602181911468506,0.9200783371925354,0.9827963709831238,0.7690566182136536,3,0.9223942756652832,0.8804307579994202,1,0.9845410585403442,0.9883040935672515,0.9041351079940796,0.8858758807182312,0.8042620363062352,0.8786803486704182,1658,1035,0.9833451191727325,0.7690566037735849,0,0.9840521902239876,0.8042620363060617,0.7690566037735849,0.6156702562198292,0.7690566037735849,0.3843297437801708,0
6021d446-25d3-4347-8b28-20b02c5fccd2,vgg16,adadelta,Q06/Q11,train_execution_records,epoch,base,4,2026-10-03T06:30:59.389277+00:00,0517aa78-5080-4a59-9447-5926d132a3d2,17,2026-10-03T06:30:59.393098+00:00,2026-10-03T06:19:18.986591+00:00,700.406507,2026-10-03T06:30:59.427456+00:00,2026-10-03T06:30:59.515598+00:00,0.088142,2026-10-03T06:30:59.546975+00:00,2026-10-03T06:32:01.850289+00:00,62.303314,"{""auc"":0.965041995048523,""loss"":0.2339525669813156,""epoch"":4,""phase"":""base"",""pr_auc"":0.9691948294639587,""recall"":0.8909940123558044,""val_auc"":0.9813456535339355,""accuracy"":0.9083408713340759,""val_loss"":0.28206056356430054,""precision"":0.9237571954727173,""val_pr_auc"":0.981319785118103,""val_recall"":0.7886792421340942,""phase_epoch"":4,""specificity"":0.925835371017456,""val_accuracy"":0.8878574371337891,""learning_rate"":1,""val_precision"":0.9793814420700073,""val_specificity"":0.9839181286549707,""balanced_accuracy"":0.9084147214889526,""recall_parasitized"":0.8909940123558044,""val_f2_parasitized"":0.8206376629495838,""val_balanced_accuracy"":0.8862986869689948,""val_n_pred_uninfected"":1626,""val_n_pred_parasitized"":1067,""val_pr_auc_parasitized"":0.9828020491803127,""val_recall_parasitized"":0.7886792452830189,""val_prediction_collapse"":0,""val_roc_auc_parasitized"":0.9832853359814631,""val_early_stopping_score"":0.8206376629493995,""val_checkpoint_policy_score"":0.7886792452830189,""val_percent_pred_uninfected"":0.603787597474935,""val_sensitivity_parasitized"":0.7886792452830189,""val_percent_pred_parasitized"":0.396212402525065,""val_prediction_collapse_detected"":0}",0.965041995048523,0.2339525669813156,4,base,0.9691948294639587,0.8909940123558044,0.9813456535339355,0.9083408713340759,0.28206056356430054,0.9237571954727173,0.981319785118103,0.7886792421340942,4,0.925835371017456,0.8878574371337891,1,0.9793814420700073,0.9839181286549707,0.9084147214889526,0.8909940123558044,0.8206376629495838,0.8862986869689948,1626,1067,0.9828020491803127,0.7886792452830189,0,0.9832853359814631,0.8206376629493995,0.7886792452830189,0.603787597474935,0.7886792452830189,0.396212402525065,0
6021d446-25d3-4347-8b28-20b02c5fccd2,vgg16,adadelta,Q06/Q11,train_execution_records,epoch,base,5,2026-10-03T06:42:39.974972+00:00,ef73bc88-0e2d-4535-bf42-91ff19439284,22,2026-10-03T06:42:39.978547+00:00,2026-10-03T06:30:59.393098+00:00,700.585449,2026-10-03T06:42:40.015040+00:00,2026-10-03T06:42:40.112485+00:00,0.097445,2026-10-03T06:42:40.149659+00:00,2026-10-03T06:43:42.484266+00:00,62.334607,"{""auc"":0.9647148251533508,""loss"":0.23428337275981903,""epoch"":5,""phase"":""base"",""pr_auc"":0.9695305228233337,""recall"":0.8900063037872314,""val_auc"":0.9790030717849731,""accuracy"":0.9098286628723145,""val_loss"":0.18396508693695068,""precision"":0.927482008934021,""val_pr_auc"":0.9767084121704102,""val_recall"":0.9464150667190552,""phase_epoch"":5,""specificity"":0.9298198223114014,""val_accuracy"":0.9402153491973877,""learning_rate"":1,""val_precision"":0.9330357313156128,""val_specificity"":0.9342105263157895,""balanced_accuracy"":0.9099130630493164,""recall_parasitized"":0.8900063037872314,""val_f2_parasitized"":0.9437086092715232,""val_balanced_accuracy"":0.9403128103277061,""val_n_pred_uninfected"":1349,""val_n_pred_parasitized"":1344,""val_pr_auc_parasitized"":0.9786388104338695,""val_recall_parasitized"":0.9464150943396227,""val_prediction_collapse"":0,""val_roc_auc_parasitized"":0.9792441796314686,""val_early_stopping_score"":0.9437086092712431,""val_checkpoint_policy_score"":0.9464150943396227,""val_percent_pred_uninfected"":0.5009283327144448,""val_sensitivity_parasitized"":0.9464150943396227,""val_percent_pred_parasitized"":0.49907166728555513,""val_prediction_collapse_detected"":0}",0.9647148251533508,0.23428337275981903,5,base,0.9695305228233337,0.8900063037872314,0.9790030717849731,0.9098286628723145,0.18396508693695068,0.927482008934021,0.9767084121704102,0.9464150667190552,5,0.9298198223114014,0.9402153491973877,1,0.9330357313156128,0.9342105263157895,0.9099130630493164,0.8900063037872314,0.9437086092715232,0.9403128103277061,1349,1344,0.9786388104338695,0.9464150943396227,0,0.9792441796314686,0.9437086092712431,0.9464150943396227,0.5009283327144448,0.9464150943396227,0.49907166728555513,0
6021d446-25d3-4347-8b28-20b02c5fccd2,vgg16,adadelta,Q06/Q11,train_execution_records,epoch,base,6,2026-10-03T06:54:20.572549+00:00,4264199a-4451-4abf-a773-f7c53b25a162,27,2026-10-03T06:54:20.576824+00:00,2026-10-03T06:42:39.978547+00:00,700.598277,2026-10-03T06:54:20.610576+00:00,2026-10-03T06:54:20.700115+00:00,0.089539,2026-10-03T06:54:20.732539+00:00,2026-10-03T06:55:23.051853+00:00,62.319314,"{""auc"":0.9666281342506409,""loss"":0.22728192806243896,""epoch"":6,""phase"":""base"",""pr_auc"":0.9704928994178772,""recall"":0.8965610265731812,""val_auc"":0.9800990223884583,""accuracy"":0.9133904576301575,""val_loss"":0.4316391348838806,""precision"":0.9284917116165161,""val_pr_auc"":0.9816575050354004,""val_recall"":0.6392452716827393,""phase_epoch"":6,""specificity"":0.930363118648529,""val_accuracy"":0.8202747702598572,""learning_rate"":1,""val_precision"":0.9929659962654114,""val_specificity"":0.9956140350877193,""balanced_accuracy"":0.9134620428085327,""recall_parasitized"":0.8965610265731812,""val_f2_parasitized"":0.6882821387940842,""val_balanced_accuracy"":0.8174296590532937,""val_n_pred_uninfected"":1840,""val_n_pred_parasitized"":853,""val_pr_auc_parasitized"":0.9832337113566543,""val_recall_parasitized"":0.639245283018868,""val_prediction_collapse"":0,""val_roc_auc_parasitized"":0.9835341498400089,""val_early_stopping_score"":0.6882821387939756,""val_checkpoint_policy_score"":0.639245283018868,""val_percent_pred_uninfected"":0.6832528778314148,""val_sensitivity_parasitized"":0.639245283018868,""val_percent_pred_parasitized"":0.3167471221685852,""val_prediction_collapse_detected"":0}",0.9666281342506409,0.22728192806243896,6,base,0.9704928994178772,0.8965610265731812,0.9800990223884583,0.9133904576301575,0.4316391348838806,0.9284917116165161,0.9816575050354004,0.6392452716827393,6,0.930363118648529,0.8202747702598572,1,0.9929659962654114,0.9956140350877193,0.9134620428085327,0.8965610265731812,0.6882821387940842,0.8174296590532937,1840,853,0.9832337113566543,0.639245283018868,0,0.9835341498400089,0.6882821387939756,0.639245283018868,0.6832528778314148,0.639245283018868,0.3167471221685852,0
6021d446-25d3-4347-8b28-20b02c5fccd2,vgg16,adadelta,Q06/Q11,train_execution_records,epoch,base,7,2026-10-03T07:06:01.007918+00:00,9f543c78-a186-4971-8a69-1c3e050bad9d,32,2026-10-03T07:06:01.011781+00:00,2026-10-03T06:54:20.576824+00:00,700.434957,2026-10-03T07:06:01.046737+00:00,2026-10-03T07:06:01.136042+00:00,0.089305,2026-10-03T07:06:01.167797+00:00,2026-10-03T07:07:03.485977+00:00,62.31818,"{""auc"":0.9680089354515076,""loss"":0.22286488115787506,""epoch"":7,""phase"":""base"",""pr_auc"":0.9714937210083008,""recall"":0.8987159729003906,""val_auc"":0.983879566192627,""accuracy"":0.916681706905365,""val_loss"":0.20531560480594635,""precision"":0.9328921437263489,""val_pr_auc"":0.9829700589179993,""val_recall"":0.8611320853233337,""phase_epoch"":7,""specificity"":0.9348003268241882,""val_accuracy"":0.9231340289115906,""learning_rate"":1,""val_precision"":0.980240523815155,""val_specificity"":0.9831871345029239,""balanced_accuracy"":0.9167581796646118,""recall_parasitized"":0.8987159729003906,""val_f2_parasitized"":0.8825804455445545,""val_balanced_accuracy"":0.9221596049873111,""val_n_pred_uninfected"":1529,""val_n_pred_parasitized"":1164,""val_pr_auc_parasitized"":0.983803712425124,""val_recall_parasitized"":0.8611320754716981,""val_prediction_collapse"":0,""val_roc_auc_parasitized"":0.9842574202802603,""val_early_stopping_score"":0.8825804455443254,""val_checkpoint_policy_score"":0.8611320754716981,""val_percent_pred_uninfected"":0.5677682881544746,""val_sensitivity_parasitized"":0.8611320754716981,""val_percent_pred_parasitized"":0.43223171184552545,""val_prediction_collapse_detected"":0}",0.9680089354515076,0.22286488115787506,7,base,0.9714937210083008,0.8987159729003906,0.983879566192627,0.916681706905365,0.20531560480594635,0.9328921437263489,0.9829700589179993,0.8611320853233337,7,0.9348003268241882,0.9231340289115906,1,0.980240523815155,0.9831871345029239,0.9167581796646118,0.8987159729003906,0.8825804455445545,0.9221596049873111,1529,1164,0.983803712425124,0.8611320754716981,0,0.9842574202802603,0.8825804455443254,0.8611320754716981,0.5677682881544746,0.8611320754716981,0.43223171184552545,0
6021d446-25d3-4347-8b28-20b02c5fccd2,vgg16,adadelta,Q06/Q11,train_execution_records,epoch,base,8,2026-10-03T07:17:41.025927+00:00,8e2bdd23-aa0b-4bd0-992c-c296b7c86914,37,2026-10-03T07:17:41.030026+00:00,2026-10-03T07:06:01.011781+00:00,700.018245,2026-10-03T07:17:41.063221+00:00,2026-10-03T07:17:41.150610+00:00,0.087389,2026-10-03T07:17:41.181522+00:00,2026-10-03T07:18:43.465163+00:00,62.283641,"{""auc"":0.9695446491241455,""loss"":0.21745939552783966,""epoch"":8,""phase"":""base"",""pr_auc"":0.9730938673019409,""recall"":0.9016790986061096,""val_auc"":0.9825300574302673,""accuracy"":0.9176284670829773,""val_loss"":0.18083228170871735,""precision"":0.9320586323738098,""val_pr_auc"":0.9812873601913452,""val_recall"":0.8981131911277771,""phase_epoch"":8,""specificity"":0.9337136745452881,""val_accuracy"":0.936130702495575,""learning_rate"":1,""val_precision"":0.969845175743103,""val_specificity"":0.972953216374269,""balanced_accuracy"":0.9176963567733765,""recall_parasitized"":0.9016790986061096,""val_f2_parasitized"":0.9115979776313774,""val_balanced_accuracy"":0.9355332119607194,""val_n_pred_uninfected"":1466,""val_n_pred_parasitized"":1227,""val_pr_auc_parasitized"":0.9821867040419531,""val_recall_parasitized"":0.8981132075471698,""val_prediction_collapse"":0,""val_roc_auc_parasitized"":0.982798466291515,""val_early_stopping_score"":0.9115979776311248,""val_checkpoint_policy_score"":0.8981132075471698,""val_percent_pred_uninfected"":0.5443743037504641,""val_sensitivity_parasitized"":0.8981132075471698,""val_percent_pred_parasitized"":0.45562569624953586,""val_prediction_collapse_detected"":0}",0.9695446491241455,0.21745939552783966,8,base,0.9730938673019409,0.9016790986061096,0.9825300574302673,0.9176284670829773,0.18083228170871735,0.9320586323738098,0.9812873601913452,0.8981131911277771,8,0.9337136745452881,0.936130702495575,1,0.969845175743103,0.972953216374269,0.9176963567733765,0.9016790986061096,0.9115979776313774,0.9355332119607194,1466,1227,0.9821867040419531,0.8981132075471698,0,0.982798466291515,0.9115979776311248,0.8981132075471698,0.5443743037504641,0.8981132075471698,0.45562569624953586,0
6021d446-25d3-4347-8b28-20b02c5fccd2,vgg16,adadelta,Q06/Q11,train_execution_records,epoch,base,9,2026-10-03T07:29:21.045609+00:00,f594f4a5-118d-4578-86d4-925e1da859d6,42,2026-10-03T07:29:21.048580+00:00,2026-10-03T07:17:41.030026+00:00,700.018554,2026-10-03T07:29:21.082138+00:00,2026-10-03T07:29:21.168564+00:00,0.086426,2026-10-03T07:29:21.200090+00:00,2026-10-03T07:30:23.471099+00:00,62.271009,"{""auc"":0.9682721495628357,""loss"":0.22210733592510223,""epoch"":9,""phase"":""base"",""pr_auc"":0.9719840288162231,""recall"":0.9004220366477966,""val_auc"":0.9829452037811279,""accuracy"":0.9159603118896484,""val_loss"":0.1982913464307785,""precision"":0.9299823641777039,""val_pr_auc"":0.9825708270072937,""val_recall"":0.8762264251708984,""phase_epoch"":9,""specificity"":0.9316309094429016,""val_accuracy"":0.9275900721549988,""learning_rate"":1,""val_precision"":0.9739933013916016,""val_specificity"":0.9773391812865497,""balanced_accuracy"":0.9160264730453491,""recall_parasitized"":0.9004220366477966,""val_f2_parasitized"":0.8941774491682071,""val_balanced_accuracy"":0.9267827981904446,""val_n_pred_uninfected"":1501,""val_n_pred_parasitized"":1192,""val_pr_auc_parasitized"":0.9830375335266747,""val_recall_parasitized"":0.8762264150943396,""val_prediction_collapse"":0,""val_roc_auc_parasitized"":0.9835678031556879,""val_early_stopping_score"":0.8941774491679687,""val_checkpoint_policy_score"":0.8762264150943396,""val_percent_pred_uninfected"":0.5573709617526922,""val_sensitivity_parasitized"":0.8762264150943396,""val_percent_pred_parasitized"":0.4426290382473078,""val_prediction_collapse_detected"":0}",0.9682721495628357,0.22210733592510223,9,base,0.9719840288162231,0.9004220366477966,0.9829452037811279,0.9159603118896484,0.1982913464307785,0.9299823641777039,0.9825708270072937,0.8762264251708984,9,0.9316309094429016,0.9275900721549988,1,0.9739933013916016,0.9773391812865497,0.9160264730453491,0.9004220366477966,0.8941774491682071,0.9267827981904446,1501,1192,0.9830375335266747,0.8762264150943396,0,0.9835678031556879,0.8941774491679687,0.8762264150943396,0.5573709617526922,0.8762264150943396,0.4426290382473078,0
6021d446-25d3-4347-8b28-20b02c5fccd2,vgg16,adadelta,Q06/Q11,train_execution_records,epoch,base,10,2026-10-03T07:41:01.333142+00:00,2117475e-f89e-41da-8deb-e3b3cd96ab9a,47,2026-10-03T07:41:01.342197+00:00,2026-10-03T07:29:21.048580+00:00,700.293617,2026-10-03T07:41:01.377641+00:00,2026-10-03T07:41:01.467301+00:00,0.08966,2026-10-03T07:41:01.499235+00:00,2026-10-03T07:42:03.782825+00:00,62.28359,"{""auc"":0.9689527750015259,""loss"":0.2187444120645523,""epoch"":10,""phase"":""base"",""pr_auc"":0.9724368453025818,""recall"":0.9020382761955261,""val_auc"":0.9830417633056641,""accuracy"":0.9188007116317749,""val_loss"":0.19056393206119537,""precision"":0.9339903593063354,""val_pr_auc"":0.9820441007614136,""val_recall"":0.8852829933166504,""phase_epoch"":10,""specificity"":0.9357059001922607,""val_accuracy"":0.9316747188568115,""learning_rate"":1,""val_precision"":0.9734439849853516,""val_specificity"":0.9766081871345029,""balanced_accuracy"":0.9188721179962158,""recall_parasitized"":0.9020382761955261,""val_f2_parasitized"":0.9016141429669485,""val_balanced_accuracy"":0.9309456030012138,""val_n_pred_uninfected"":1488,""val_n_pred_parasitized"":1205,""val_pr_auc_parasitized"":0.9830667316395721,""val_recall_parasitized"":0.8852830188679245,""val_prediction_collapse"":0,""val_roc_auc_parasitized"":0.9837123469049984,""val_early_stopping_score"":0.9016141429667042,""val_checkpoint_policy_score"":0.8852830188679245,""val_percent_pred_uninfected"":0.5525436316375789,""val_sensitivity_parasitized"":0.8852830188679245,""val_percent_pred_parasitized"":0.4474563683624211,""val_prediction_collapse_detected"":0}",0.9689527750015259,0.2187444120645523,10,base,0.9724368453025818,0.9020382761955261,0.9830417633056641,0.9188007116317749,0.19056393206119537,0.9339903593063354,0.9820441007614136,0.8852829933166504,10,0.9357059001922607,0.9316747188568115,1,0.9734439849853516,0.9766081871345029,0.9188721179962158,0.9020382761955261,0.9016141429669485,0.9309456030012138,1488,1205,0.9830667316395721,0.8852830188679245,0,0.9837123469049984,0.9016141429667042,0.8852830188679245,0.5525436316375789,0.8852830188679245,0.4474563683624211,0
6021d446-25d3-4347-8b28-20b02c5fccd2,vgg16,adadelta,Q06/Q11,train_execution_records,epoch,base,11,2026-10-03T07:52:41.470611+00:00,3b615de2-5a77-41a1-aaab-e56a43bd5c1f,52,2026-10-03T07:52:41.473824+00:00,2026-10-03T07:41:01.342197+00:00,700.131627,2026-10-03T07:52:41.509721+00:00,2026-10-03T07:52:41.597531+00:00,0.08781,2026-10-03T07:52:41.628996+00:00,2026-10-03T07:53:43.924316+00:00,62.29532,"{""auc"":0.9692922830581665,""loss"":0.21873755753040314,""epoch"":11,""phase"":""base"",""pr_auc"":0.9728105068206787,""recall"":0.9004220366477966,""val_auc"":0.9844334721565247,""accuracy"":0.9174030423164368,""val_loss"":0.1711462140083313,""precision"":0.9327504634857178,""val_pr_auc"":0.9826334714889526,""val_recall"":0.9056603908538818,""phase_epoch"":11,""specificity"":0.934528648853302,""val_accuracy"":0.9402153491973877,""learning_rate"":1,""val_precision"":0.9708737730979919,""val_specificity"":0.9736842105263158,""balanced_accuracy"":0.9174753427505493,""recall_parasitized"":0.9004220366477966,""val_f2_parasitized"":0.9179926560587516,""val_balanced_accuracy"":0.9396722939424031,""val_n_pred_uninfected"":1457,""val_n_pred_parasitized"":1236,""val_pr_auc_parasitized"":0.9839316379251835,""val_recall_parasitized"":0.9056603773584906,""val_prediction_collapse"":0,""val_roc_auc_parasitized"":0.9850237228290852,""val_early_stopping_score"":0.9179926560584938,""val_checkpoint_policy_score"":0.9056603773584906,""val_percent_pred_uninfected"":0.5410323059784626,""val_sensitivity_parasitized"":0.9056603773584906,""val_percent_pred_parasitized"":0.4589676940215373,""val_prediction_collapse_detected"":0}",0.9692922830581665,0.21873755753040314,11,base,0.9728105068206787,0.9004220366477966,0.9844334721565247,0.9174030423164368,0.1711462140083313,0.9327504634857178,0.9826334714889526,0.9056603908538818,11,0.934528648853302,0.9402153491973877,1,0.9708737730979919,0.9736842105263158,0.9174753427505493,0.9004220366477966,0.9179926560587516,0.9396722939424031,1457,1236,0.9839316379251835,0.9056603773584906,0,0.9850237228290852,0.9179926560584938,0.9056603773584906,0.5410323059784626,0.9056603773584906,0.4589676940215373,0
6021d446-25d3-4347-8b28-20b02c5fccd2,vgg16,adadelta,Q06/Q11,train_execution_records,epoch,base,12,2026-10-03T08:04:21.668379+00:00,0edaa409-8a16-4a0d-97c4-4ec362aa06cd,57,2026-10-03T08:04:21.673243+00:00,2026-10-03T07:52:41.473824+00:00,700.199419,2026-10-03T08:04:21.709142+00:00,2026-10-03T08:04:21.799079+00:00,0.089937,2026-10-03T08:04:21.830452+00:00,2026-10-03T08:05:24.075326+00:00,62.244874,"{""auc"":0.9705034494400024,""loss"":0.21357785165309906,""epoch"":12,""phase"":""base"",""pr_auc"":0.9739094972610474,""recall"":0.9024872183799744,""val_auc"":0.9828535914421082,""accuracy"":0.9206041693687439,""val_loss"":0.1886473000049591,""precision"":0.9370688199996948,""val_pr_auc"":0.9818457365036011,""val_recall"":0.8875471949577332,""phase_epoch"":12,""specificity"":0.9388753175735474,""val_accuracy"":0.9327887296676636,""learning_rate"":1,""val_precision"":0.9735099077224731,""val_specificity"":0.9766081871345029,""balanced_accuracy"":0.9206812381744385,""recall_parasitized"":0.9024872183799744,""val_f2_parasitized"":0.9035033804548248,""val_balanced_accuracy"":0.9320776784729119,""val_n_pred_uninfected"":1485,""val_n_pred_parasitized"":1208,""val_pr_auc_parasitized"":0.9833116430544386,""val_recall_parasitized"":0.8875471698113208,""val_prediction_collapse"":0,""val_roc_auc_parasitized"":0.9838944058258854,""val_early_stopping_score"":0.903503380454579,""val_checkpoint_policy_score"":0.8875471698113208,""val_percent_pred_uninfected"":0.5514296323802451,""val_sensitivity_parasitized"":0.8875471698113208,""val_percent_pred_parasitized"":0.44857036761975494,""val_prediction_collapse_detected"":0}",0.9705034494400024,0.21357785165309906,12,base,0.9739094972610474,0.9024872183799744,0.9828535914421082,0.9206041693687439,0.1886473000049591,0.9370688199996948,0.9818457365036011,0.8875471949577332,12,0.9388753175735474,0.9327887296676636,1,0.9735099077224731,0.9766081871345029,0.9206812381744385,0.9024872183799744,0.9035033804548248,0.9320776784729119,1485,1208,0.9833116430544386,0.8875471698113208,0,0.9838944058258854,0.903503380454579,0.8875471698113208,0.5514296323802451,0.8875471698113208,0.44857036761975494,0
6021d446-25d3-4347-8b28-20b02c5fccd2,vgg16,adadelta,Q06/Q11,train_execution_records,epoch,base,13,2026-10-03T08:16:01.706836+00:00,d834b917-5e63-4da9-b477-f398f64375ea,62,2026-10-03T08:16:01.715779+00:00,2026-10-03T08:04:21.673243+00:00,700.042536,2026-10-03T08:16:01.751481+00:00,2026-10-03T08:16:01.841384+00:00,0.089903,2026-10-03T08:16:01.872946+00:00,2026-10-03T08:17:04.145827+00:00,62.272881,"{""auc"":0.970732569694519,""loss"":0.21303685009479523,""epoch"":13,""phase"":""base"",""pr_auc"":0.9744886159896851,""recall"":0.9014995098114014,""val_auc"":0.9828832745552063,""accuracy"":0.9189810752868652,""val_loss"":0.2504027783870697,""precision"":0.9348230957984924,""val_pr_auc"":0.9829303026199341,""val_recall"":0.8249056339263916,""phase_epoch"":13,""specificity"":0.9366114139556885,""val_accuracy"":0.9060527086257935,""learning_rate"":1,""val_precision"":0.9811490178108215,""val_specificity"":0.9846491228070176,""balanced_accuracy"":0.9190554618835449,""recall_parasitized"":0.9014995098114014,""val_f2_parasitized"":0.8520424072341752,""val_balanced_accuracy"":0.904777391592188,""val_n_pred_uninfected"":1579,""val_n_pred_parasitized"":1114,""val_pr_auc_parasitized"":0.9841502492180718,""val_recall_parasitized"":0.8249056603773585,""val_prediction_collapse"":0,""val_roc_auc_parasitized"":0.9846579499062121,""val_early_stopping_score"":0.852042407233969,""val_checkpoint_policy_score"":0.8249056603773585,""val_percent_pred_uninfected"":0.5863349424433717,""val_sensitivity_parasitized"":0.8249056603773585,""val_percent_pred_parasitized"":0.4136650575566283,""val_prediction_collapse_detected"":0}",0.970732569694519,0.21303685009479523,13,base,0.9744886159896851,0.9014995098114014,0.9828832745552063,0.9189810752868652,0.2504027783870697,0.9348230957984924,0.9829303026199341,0.8249056339263916,13,0.9366114139556885,0.9060527086257935,1,0.9811490178108215,0.9846491228070176,0.9190554618835449,0.9014995098114014,0.8520424072341752,0.904777391592188,1579,1114,0.9841502492180718,0.8249056603773585,0,0.9846579499062121,0.852042407233969,0.8249056603773585,0.5863349424433717,0.8249056603773585,0.4136650575566283,0
6021d446-25d3-4347-8b28-20b02c5fccd2,vgg16,adadelta,Q06/Q11,train_execution_records,epoch,base,14,2026-10-03T08:27:41.424621+00:00,67f75d46-67f7-4840-92f3-9655c5ba3b11,67,2026-10-03T08:27:41.437269+00:00,2026-10-03T08:16:01.715779+00:00,699.72149,2026-10-03T08:27:41.470628+00:00,2026-10-03T08:27:41.560212+00:00,0.089584,2026-10-03T08:27:41.591384+00:00,2026-10-03T08:28:43.860724+00:00,62.26934,"{""auc"":0.9689955711364746,""loss"":0.2187872678041458,""epoch"":14,""phase"":""base"",""pr_auc"":0.9726831912994385,""recall"":0.8968303799629211,""val_auc"":0.982947051525116,""accuracy"":0.9173579812049866,""val_loss"":0.21199515461921692,""precision"":0.9359070658683777,""val_pr_auc"":0.9826580286026001,""val_recall"":0.8701886534690857,""phase_epoch"":14,""specificity"":0.9380602836608887,""val_accuracy"":0.9257333874702454,""learning_rate"":1,""val_precision"":0.976291298866272,""val_specificity"":0.97953216374269,""balanced_accuracy"":0.9174453020095825,""recall_parasitized"":0.8968303799629211,""val_f2_parasitized"":0.8895232217250424,""val_balanced_accuracy"":0.9248604214939865,""val_n_pred_uninfected"":1512,""val_n_pred_parasitized"":1181,""val_pr_auc_parasitized"":0.9839943983437117,""val_recall_parasitized"":0.870188679245283,""val_prediction_collapse"":0,""val_roc_auc_parasitized"":0.9849216594946485,""val_early_stopping_score"":0.8895232217248078,""val_checkpoint_policy_score"":0.870188679245283,""val_percent_pred_uninfected"":0.5614556256962495,""val_sensitivity_parasitized"":0.870188679245283,""val_percent_pred_parasitized"":0.4385443743037505,""val_prediction_collapse_detected"":0}",0.9689955711364746,0.2187872678041458,14,base,0.9726831912994385,0.8968303799629211,0.982947051525116,0.9173579812049866,0.21199515461921692,0.9359070658683777,0.9826580286026001,0.8701886534690857,14,0.9380602836608887,0.9257333874702454,1,0.976291298866272,0.97953216374269,0.9174453020095825,0.8968303799629211,0.8895232217250424,0.9248604214939865,1512,1181,0.9839943983437117,0.870188679245283,0,0.9849216594946485,0.8895232217248078,0.870188679245283,0.5614556256962495,0.870188679245283,0.4385443743037505,0
6021d446-25d3-4347-8b28-20b02c5fccd2,vgg16,adadelta,Q06/Q11,train_execution_records,epoch,base,15,2026-10-03T08:39:21.17589+00:00,6d86a2ee-2cad-4915-ac83-04d1bc1a19ed,72,2026-10-03T08:39:21.183585+00:00,2026-10-03T08:27:41.437269+00:00,699.746316,2026-10-03T08:39:21.217505+00:00,2026-10-03T08:39:21.305067+00:00,0.087562,2026-10-03T08:39:21.336763+00:00,2026-10-03T08:40:23.543762+00:00,62.206999,"{""auc"":0.9722996354103088,""loss"":0.20669770240783691,""epoch"":15,""phase"":""base"",""pr_auc"":0.9752188920974731,""recall"":0.9091317057609558,""val_auc"":0.9820181131362915,""accuracy"":0.9235798120498657,""val_loss"":0.233059361577034,""precision"":0.9368060827255249,""val_pr_auc"":0.9819462895393372,""val_recall"":0.8301886916160583,""phase_epoch"":15,""specificity"":0.9381508827209473,""val_accuracy"":0.9097660779953003,""learning_rate"":0.5,""val_precision"":0.9838998317718506,""val_specificity"":0.9868421052631579,""balanced_accuracy"":0.9236413240432739,""recall_parasitized"":0.9091317057609558,""val_f2_parasitized"":0.8569647865378622,""val_balanced_accuracy"":0.9085153922542204,""val_n_pred_uninfected"":1575,""val_n_pred_parasitized"":1118,""val_pr_auc_parasitized"":0.9825164013781666,""val_recall_parasitized"":0.8301886792452831,""val_prediction_collapse"":0,""val_roc_auc_parasitized"":0.9825262054507338,""val_early_stopping_score"":0.8569647865376525,""val_checkpoint_policy_score"":0.8301886792452831,""val_percent_pred_uninfected"":0.5848496101002599,""val_sensitivity_parasitized"":0.8301886792452831,""val_percent_pred_parasitized"":0.41515038989974007,""val_prediction_collapse_detected"":0}",0.9722996354103088,0.20669770240783691,15,base,0.9752188920974731,0.9091317057609558,0.9820181131362915,0.9235798120498657,0.233059361577034,0.9368060827255249,0.9819462895393372,0.8301886916160583,15,0.9381508827209473,0.9097660779953003,0.5,0.9838998317718506,0.9868421052631579,0.9236413240432739,0.9091317057609558,0.8569647865378622,0.9085153922542204,1575,1118,0.9825164013781666,0.8301886792452831,0,0.9825262054507338,0.8569647865376525,0.8301886792452831,0.5848496101002599,0.8301886792452831,0.41515038989974007,0
6021d446-25d3-4347-8b28-20b02c5fccd2,vgg16,adadelta,Q06/Q11,train_execution_records,epoch,base,16,2026-10-03T08:51:00.886528+00:00,7c7f328a-a641-4b61-9974-eb0862586aac,77,2026-10-03T08:51:00.899185+00:00,2026-10-03T08:39:21.183585+00:00,699.7156,2026-10-03T08:51:00.935532+00:00,2026-10-03T08:51:01.026400+00:00,0.090868,2026-10-03T08:51:01.058105+00:00,2026-10-03T08:52:03.332860+00:00,62.274755,"{""auc"":0.9736343622207642,""loss"":0.20172113180160522,""epoch"":16,""phase"":""base"",""pr_auc"":0.9766959547996521,""recall"":0.9062584042549133,""val_auc"":0.9837340712547302,""accuracy"":0.9239404797554016,""val_loss"":0.19139538705348969,""precision"":0.940108060836792,""val_pr_auc"":0.9838305711746216,""val_recall"":0.8837735652923584,""phase_epoch"":16,""specificity"":0.9417730569839478,""val_accuracy"":0.9331600666046143,""learning_rate"":0.5,""val_precision"":0.9782790541648865,""val_specificity"":0.9809941520467836,""balanced_accuracy"":0.9240157604217529,""recall_parasitized"":0.9062584042549133,""val_f2_parasitized"":0.9011851623826381,""val_balanced_accuracy"":0.932383868476222,""val_n_pred_uninfected"":1496,""val_n_pred_parasitized"":1197,""val_pr_auc_parasitized"":0.9843690405451938,""val_recall_parasitized"":0.8837735849056604,""val_prediction_collapse"":0,""val_roc_auc_parasitized"":0.9846954650777887,""val_early_stopping_score"":0.9011851623823942,""val_checkpoint_policy_score"":0.8837735849056604,""val_percent_pred_uninfected"":0.5555142963238024,""val_sensitivity_parasitized"":0.8837735849056604,""val_percent_pred_parasitized"":0.44448570367619755,""val_prediction_collapse_detected"":0}",0.9736343622207642,0.20172113180160522,16,base,0.9766959547996521,0.9062584042549133,0.9837340712547302,0.9239404797554016,0.19139538705348969,0.940108060836792,0.9838305711746216,0.8837735652923584,16,0.9417730569839478,0.9331600666046143,0.5,0.9782790541648865,0.9809941520467836,0.9240157604217529,0.9062584042549133,0.9011851623826381,0.932383868476222,1496,1197,0.9843690405451938,0.8837735849056604,0,0.9846954650777887,0.9011851623823942,0.8837735849056604,0.5555142963238024,0.8837735849056604,0.44448570367619755,0
6021d446-25d3-4347-8b28-20b02c5fccd2,vgg16,adadelta,Q06/Q11,train_execution_records,epoch,base,17,2026-10-03T09:02:40.728165+00:00,53411eaf-03a7-4d54-93e5-93754e0614d1,82,2026-10-03T09:02:40.731884+00:00,2026-10-03T08:51:00.899185+00:00,699.832699,2026-10-03T09:02:40.771507+00:00,2026-10-03T09:02:40.862005+00:00,0.090498,2026-10-03T09:02:40.892994+00:00,2026-10-03T09:03:43.058792+00:00,62.165798,"{""auc"":0.9731420874595642,""loss"":0.20306789875030518,""epoch"":17,""phase"":""base"",""pr_auc"":0.9759598970413208,""recall"":0.9050013422966003,""val_auc"":0.982887864112854,""accuracy"":0.9233092665672302,""val_loss"":0.1956864893436432,""precision"":0.9400298595428467,""val_pr_auc"":0.9825805425643921,""val_recall"":0.8845282793045044,""phase_epoch"":17,""specificity"":0.9417730569839478,""val_accuracy"":0.9320460557937622,""learning_rate"":0.5,""val_precision"":0.9750415682792664,""val_specificity"":0.9780701754385965,""balanced_accuracy"":0.9233871698379517,""recall_parasitized"":0.9050013422966003,""val_f2_parasitized"":0.9012611504152569,""val_balanced_accuracy"":0.9312992386626945,""val_n_pred_uninfected"":1491,""val_n_pred_parasitized"":1202,""val_pr_auc_parasitized"":0.9836926771269549,""val_recall_parasitized"":0.8845283018867924,""val_prediction_collapse"":0,""val_roc_auc_parasitized"":0.9841702526757145,""val_early_stopping_score"":0.9012611504150129,""val_checkpoint_policy_score"":0.8845283018867924,""val_percent_pred_uninfected"":0.5536576308949127,""val_sensitivity_parasitized"":0.8845283018867924,""val_percent_pred_parasitized"":0.4463423691050873,""val_prediction_collapse_detected"":0}",0.9731420874595642,0.20306789875030518,17,base,0.9759598970413208,0.9050013422966003,0.982887864112854,0.9233092665672302,0.1956864893436432,0.9400298595428467,0.9825805425643921,0.8845282793045044,17,0.9417730569839478,0.9320460557937622,0.5,0.9750415682792664,0.9780701754385965,0.9233871698379517,0.9050013422966003,0.9012611504152569,0.9312992386626945,1491,1202,0.9836926771269549,0.8845283018867924,0,0.9841702526757145,0.9012611504150129,0.8845283018867924,0.5536576308949127,0.8845283018867924,0.4463423691050873,0
6021d446-25d3-4347-8b28-20b02c5fccd2,vgg16,adadelta,Q06/Q11,train_execution_records,epoch,fine_tuning,1,2026-10-03T09:15:50.480282+00:00,4ba25f9d-c673-4565-ab5d-c214b1c626b3,89,2026-10-03T09:15:50.484709+00:00,2026-10-03T09:03:43.143918+00:00,727.340791,2026-10-03T09:15:50.523712+00:00,2026-10-03T09:15:50.651065+00:00,0.127353,2026-10-03T09:15:50.683900+00:00,2026-10-03T09:16:55.282995+00:00,64.599095,"{""auc"":0.5148986577987671,""loss"":1.5902425050735474,""epoch"":18,""phase"":""fine_tuning"",""pr_auc"":0.5128546953201294,""recall"":0.689323902130127,""val_auc"":0.5,""accuracy"":0.5146077275276184,""val_loss"":0.6934724450111389,""precision"":0.5123807191848755,""val_pr_auc"":0.4920163154602051,""val_recall"":1,""phase_epoch"":1,""specificity"":0.33840441703796387,""val_accuracy"":0.49201634526252747,""learning_rate"":1,""val_precision"":0.49201634526252747,""val_specificity"":0,""balanced_accuracy"":0.5138641595840454,""recall_parasitized"":0.689323902130127,""val_f2_parasitized"":0.8288502439634681,""val_balanced_accuracy"":0.5,""val_n_pred_uninfected"":0,""val_n_pred_parasitized"":2693,""val_pr_auc_parasitized"":0.4920163386557742,""val_recall_parasitized"":1,""val_prediction_collapse"":1,""val_roc_auc_parasitized"":0.5,""val_early_stopping_score"":-2999999.171149756,""val_checkpoint_policy_score"":2.5,""val_percent_pred_uninfected"":0,""val_sensitivity_parasitized"":1,""val_percent_pred_parasitized"":1,""val_prediction_collapse_detected"":1}",0.5148986577987671,1.5902425050735474,18,fine_tuning,0.5128546953201294,0.689323902130127,0.5,0.5146077275276184,0.6934724450111389,0.5123807191848755,0.4920163154602051,1,1,0.33840441703796387,0.49201634526252747,1,0.49201634526252747,0,0.5138641595840454,0.689323902130127,0.8288502439634681,0.5,0,2693,0.4920163386557742,1,1,0.5,-2999999.171149756,2.5,0,1,1,1
6021d446-25d3-4347-8b28-20b02c5fccd2,vgg16,adadelta,Q06/Q11,train_execution_records,epoch,fine_tuning,2,2026-10-03T09:29:18.512057+00:00,3a0cd673-62a4-4c01-88b4-c5efb93d358e,94,2026-10-03T09:29:18.516683+00:00,2026-10-03T09:15:50.484709+00:00,808.031974,2026-10-03T09:29:18.552561+00:00,2026-10-03T09:29:18.683284+00:00,0.130723,2026-10-03T09:29:18.716310+00:00,2026-10-03T09:30:22.788776+00:00,64.072466,"{""auc"":0.4931930899620056,""loss"":0.6932123303413391,""epoch"":19,""phase"":""fine_tuning"",""pr_auc"":0.4966665804386139,""recall"":0.8626201152801514,""val_auc"":0.5,""accuracy"":0.498241662979126,""val_loss"":0.6933877468109131,""precision"":0.5002082586288452,""val_pr_auc"":0.4920163154602051,""val_recall"":1,""phase_epoch"":2,""specificity"":0.13076156377792358,""val_accuracy"":0.49201634526252747,""learning_rate"":1,""val_precision"":0.49201634526252747,""val_specificity"":0,""balanced_accuracy"":0.4966908395290375,""recall_parasitized"":0.8626201152801514,""val_f2_parasitized"":0.8288502439634681,""val_balanced_accuracy"":0.5,""val_n_pred_uninfected"":0,""val_n_pred_parasitized"":2693,""val_pr_auc_parasitized"":0.4920163386557742,""val_recall_parasitized"":1,""val_prediction_collapse"":1,""val_roc_auc_parasitized"":0.5,""val_early_stopping_score"":-2999999.171149756,""val_checkpoint_policy_score"":2.5,""val_percent_pred_uninfected"":0,""val_sensitivity_parasitized"":1,""val_percent_pred_parasitized"":1,""val_prediction_collapse_detected"":1}",0.4931930899620056,0.6932123303413391,19,fine_tuning,0.4966665804386139,0.8626201152801514,0.5,0.498241662979126,0.6933877468109131,0.5002082586288452,0.4920163154602051,1,2,0.13076156377792358,0.49201634526252747,1,0.49201634526252747,0,0.4966908395290375,0.8626201152801514,0.8288502439634681,0.5,0,2693,0.4920163386557742,1,1,0.5,-2999999.171149756,2.5,0,1,1,1
6021d446-25d3-4347-8b28-20b02c5fccd2,vgg16,adadelta,Q06/Q11,train_execution_records,epoch,fine_tuning,3,2026-10-03T09:42:51.939088+00:00,8d725617-38b1-44af-9de5-18d3d2b79335,99,2026-10-03T09:42:51.945329+00:00,2026-10-03T09:29:18.516683+00:00,813.428646,2026-10-03T09:42:51.982850+00:00,2026-10-03T09:42:52.107898+00:00,0.125048,2026-10-03T09:42:52.142305+00:00,2026-10-03T09:43:56.820941+00:00,64.678636,"{""auc"":0.4924697279930115,""loss"":0.6931990385055542,""epoch"":20,""phase"":""fine_tuning"",""pr_auc"":0.4964183568954468,""recall"":0.9239472150802612,""val_auc"":0.5,""accuracy"":0.49986475706100464,""val_loss"":0.693345844745636,""precision"":0.5010712742805481,""val_pr_auc"":0.4920163154602051,""val_recall"":1,""phase_epoch"":3,""specificity"":0.07208186388015747,""val_accuracy"":0.49201634526252747,""learning_rate"":1,""val_precision"":0.49201634526252747,""val_specificity"":0,""balanced_accuracy"":0.49801453948020935,""recall_parasitized"":0.9239472150802612,""val_f2_parasitized"":0.8288502439634681,""val_balanced_accuracy"":0.5,""val_n_pred_uninfected"":0,""val_n_pred_parasitized"":2693,""val_pr_auc_parasitized"":0.4920163386557742,""val_recall_parasitized"":1,""val_prediction_collapse"":1,""val_roc_auc_parasitized"":0.5,""val_early_stopping_score"":-2999999.171149756,""val_checkpoint_policy_score"":2.5,""val_percent_pred_uninfected"":0,""val_sensitivity_parasitized"":1,""val_percent_pred_parasitized"":1,""val_prediction_collapse_detected"":1}",0.4924697279930115,0.6931990385055542,20,fine_tuning,0.4964183568954468,0.9239472150802612,0.5,0.49986475706100464,0.693345844745636,0.5010712742805481,0.4920163154602051,1,3,0.07208186388015747,0.49201634526252747,1,0.49201634526252747,0,0.49801453948020935,0.9239472150802612,0.8288502439634681,0.5,0,2693,0.4920163386557742,1,1,0.5,-2999999.171149756,2.5,0,1,1,1
6021d446-25d3-4347-8b28-20b02c5fccd2,vgg16,adadelta,Q06/Q11,train_execution_records,epoch,fine_tuning,4,2026-10-03T09:56:20.313934+00:00,a0d226f6-8a71-48ca-b1a1-452bf5d4a80f,104,2026-10-03T09:56:20.316785+00:00,2026-10-03T09:42:51.945329+00:00,808.371456,2026-10-03T09:56:20.355235+00:00,2026-10-03T09:56:20.485827+00:00,0.130592,2026-10-03T09:56:20.523391+00:00,2026-10-03T09:57:27.203822+00:00,66.680431,"{""auc"":0.49876734614372253,""loss"":0.6931746602058411,""epoch"":21,""phase"":""fine_tuning"",""pr_auc"":0.5010995864868164,""recall"":0.8970099687576294,""val_auc"":0.5,""accuracy"":0.49837690591812134,""val_loss"":0.6934043169021606,""precision"":0.5002754330635071,""val_pr_auc"":0.4920163154602051,""val_recall"":1,""phase_epoch"":4,""specificity"":0.09635063260793686,""val_accuracy"":0.49201634526252747,""learning_rate"":1,""val_precision"":0.49201634526252747,""val_specificity"":0,""balanced_accuracy"":0.49668028950691223,""recall_parasitized"":0.8970099687576294,""val_f2_parasitized"":0.8288502439634681,""val_balanced_accuracy"":0.5,""val_n_pred_uninfected"":0,""val_n_pred_parasitized"":2693,""val_pr_auc_parasitized"":0.4920163386557742,""val_recall_parasitized"":1,""val_prediction_collapse"":1,""val_roc_auc_parasitized"":0.5,""val_early_stopping_score"":-2999999.171149756,""val_checkpoint_policy_score"":2.5,""val_percent_pred_uninfected"":0,""val_sensitivity_parasitized"":1,""val_percent_pred_parasitized"":1,""val_prediction_collapse_detected"":1}",0.49876734614372253,0.6931746602058411,21,fine_tuning,0.5010995864868164,0.8970099687576294,0.5,0.49837690591812134,0.6934043169021606,0.5002754330635071,0.4920163154602051,1,4,0.09635063260793686,0.49201634526252747,1,0.49201634526252747,0,0.49668028950691223,0.8970099687576294,0.8288502439634681,0.5,0,2693,0.4920163386557742,1,1,0.5,-2999999.171149756,2.5,0,1,1,1
6021d446-25d3-4347-8b28-20b02c5fccd2,vgg16,adadelta,Q06/Q11,train_execution_records,epoch,fine_tuning,5,2026-10-03T10:10:25.249482+00:00,9a418a7a-fed4-470c-8260-ebbfdf3872cc,109,2026-10-03T10:10:25.253857+00:00,2026-10-03T09:56:20.316785+00:00,844.937072,2026-10-03T10:10:25.296347+00:00,2026-10-03T10:10:25.423031+00:00,0.126684,2026-10-03T10:10:25.455565+00:00,2026-10-03T10:11:32.123251+00:00,66.667686,"{""auc"":0.5009914636611938,""loss"":0.6931730508804321,""epoch"":22,""phase"":""fine_tuning"",""pr_auc"":0.5023576617240906,""recall"":0.8822842836380005,""val_auc"":0.5,""accuracy"":0.50225430727005,""val_loss"":0.6933626532554626,""precision"":0.5024802088737488,""val_pr_auc"":0.4920163154602051,""val_recall"":1,""phase_epoch"":5,""specificity"":0.11898940801620483,""val_accuracy"":0.49201634526252747,""learning_rate"":1,""val_precision"":0.49201634526252747,""val_specificity"":0,""balanced_accuracy"":0.5006368160247803,""recall_parasitized"":0.8822842836380005,""val_f2_parasitized"":0.8288502439634681,""val_balanced_accuracy"":0.5,""val_n_pred_uninfected"":0,""val_n_pred_parasitized"":2693,""val_pr_auc_parasitized"":0.4920163386557742,""val_recall_parasitized"":1,""val_prediction_collapse"":1,""val_roc_auc_parasitized"":0.5,""val_early_stopping_score"":-2999999.171149756,""val_checkpoint_policy_score"":2.5,""val_percent_pred_uninfected"":0,""val_sensitivity_parasitized"":1,""val_percent_pred_parasitized"":1,""val_prediction_collapse_detected"":1}",0.5009914636611938,0.6931730508804321,22,fine_tuning,0.5023576617240906,0.8822842836380005,0.5,0.50225430727005,0.6933626532554626,0.5024802088737488,0.4920163154602051,1,5,0.11898940801620483,0.49201634526252747,1,0.49201634526252747,0,0.5006368160247803,0.8822842836380005,0.8288502439634681,0.5,0,2693,0.4920163386557742,1,1,0.5,-2999999.171149756,2.5,0,1,1,1
6021d446-25d3-4347-8b28-20b02c5fccd2,vgg16,adadelta,Q06/Q11,train_execution_records,epoch,fine_tuning,6,2026-10-03T10:24:06.014312+00:00,95140da4-b9de-4882-8950-b3e64dc2ea76,114,2026-10-03T10:24:06.018936+00:00,2026-10-03T10:10:25.253857+00:00,820.765079,2026-10-03T10:24:06.058341+00:00,2026-10-03T10:24:06.189099+00:00,0.130758,2026-10-03T10:24:06.221616+00:00,2026-10-03T10:25:11.167245+00:00,64.945629,"{""auc"":0.4985237121582031,""loss"":0.693187415599823,""epoch"":23,""phase"":""fine_tuning"",""pr_auc"":0.4994577169418335,""recall"":0.8303852081298828,""val_auc"":0.5,""accuracy"":0.500450849533081,""val_loss"":0.6933488845825195,""precision"":0.5015456080436707,""val_pr_auc"":0.4920163154602051,""val_recall"":1,""phase_epoch"":6,""specificity"":0.16770805418491364,""val_accuracy"":0.49201634526252747,""learning_rate"":1,""val_precision"":0.49201634526252747,""val_specificity"":0,""balanced_accuracy"":0.4990466237068176,""recall_parasitized"":0.8303852081298828,""val_f2_parasitized"":0.8288502439634681,""val_balanced_accuracy"":0.5,""val_n_pred_uninfected"":0,""val_n_pred_parasitized"":2693,""val_pr_auc_parasitized"":0.4920163386557742,""val_recall_parasitized"":1,""val_prediction_collapse"":1,""val_roc_auc_parasitized"":0.5,""val_early_stopping_score"":-2999999.171149756,""val_checkpoint_policy_score"":2.5,""val_percent_pred_uninfected"":0,""val_sensitivity_parasitized"":1,""val_percent_pred_parasitized"":1,""val_prediction_collapse_detected"":1}",0.4985237121582031,0.693187415599823,23,fine_tuning,0.4994577169418335,0.8303852081298828,0.5,0.500450849533081,0.6933488845825195,0.5015456080436707,0.4920163154602051,1,6,0.16770805418491364,0.49201634526252747,1,0.49201634526252747,0,0.4990466237068176,0.8303852081298828,0.8288502439634681,0.5,0,2693,0.4920163386557742,1,1,0.5,-2999999.171149756,2.5,0,1,1,1
6021d446-25d3-4347-8b28-20b02c5fccd2,vgg16,adadelta,Q06/Q11,train_execution_records,epoch,fine_tuning,7,2026-10-03T10:37:34.109624+00:00,ec4fa8fc-b4c5-4ae2-a7f9-f0bd8a4cb564,119,2026-10-03T10:37:34.112564+00:00,2026-10-03T10:24:06.018936+00:00,808.093628,2026-10-03T10:37:34.154297+00:00,2026-10-03T10:37:34.292250+00:00,0.137953,2026-10-03T10:37:34.337389+00:00,2026-10-03T10:38:39.391357+00:00,65.053968,"{""auc"":0.49699026346206665,""loss"":0.6931792497634888,""epoch"":24,""phase"":""fine_tuning"",""pr_auc"":0.5016564130783081,""recall"":0.8105414509773254,""val_auc"":0.5,""accuracy"":0.496934175491333,""val_loss"":0.6933326721191406,""precision"":0.49941909313201904,""val_pr_auc"":0.4920163154602051,""val_recall"":1,""phase_epoch"":7,""specificity"":0.18065743148326874,""val_accuracy"":0.49201634526252747,""learning_rate"":0.5,""val_precision"":0.49201634526252747,""val_specificity"":0,""balanced_accuracy"":0.4955994486808777,""recall_parasitized"":0.8105414509773254,""val_f2_parasitized"":0.8288502439634681,""val_balanced_accuracy"":0.5,""val_n_pred_uninfected"":0,""val_n_pred_parasitized"":2693,""val_pr_auc_parasitized"":0.49239972255112835,""val_recall_parasitized"":1,""val_prediction_collapse"":1,""val_roc_auc_parasitized"":0.5003773584905661,""val_early_stopping_score"":-2999999.171149756,""val_checkpoint_policy_score"":2.5,""val_percent_pred_uninfected"":0,""val_sensitivity_parasitized"":1,""val_percent_pred_parasitized"":1,""val_prediction_collapse_detected"":1}",0.49699026346206665,0.6931792497634888,24,fine_tuning,0.5016564130783081,0.8105414509773254,0.5,0.496934175491333,0.6933326721191406,0.49941909313201904,0.4920163154602051,1,7,0.18065743148326874,0.49201634526252747,0.5,0.49201634526252747,0,0.4955994486808777,0.8105414509773254,0.8288502439634681,0.5,0,2693,0.49239972255112835,1,1,0.5003773584905661,-2999999.171149756,2.5,0,1,1,1
6021d446-25d3-4347-8b28-20b02c5fccd2,vgg16,adadelta,Q06/Q11,train_execution_records,epoch,fine_tuning,8,2026-10-03T10:51:01.118566+00:00,f7641cfc-2035-487f-9d33-84d9e8568c1f,124,2026-10-03T10:51:01.125261+00:00,2026-10-03T10:37:34.112564+00:00,807.012697,2026-10-03T10:51:01.159963+00:00,2026-10-03T10:51:01.286670+00:00,0.126707,2026-10-03T10:51:01.322288+00:00,2026-10-03T10:52:05.835228+00:00,64.51294,"{""auc"":0.49398189783096313,""loss"":0.6931890249252319,""epoch"":25,""phase"":""fine_tuning"",""pr_auc"":0.49772655963897705,""recall"":0.8937774896621704,""val_auc"":0.5,""accuracy"":0.5008115172386169,""val_loss"":0.6932875514030457,""precision"":0.501637876033783,""val_pr_auc"":0.4920163154602051,""val_recall"":1,""phase_epoch"":8,""specificity"":0.10441002994775772,""val_accuracy"":0.49201634526252747,""learning_rate"":0.5,""val_precision"":0.49201634526252747,""val_specificity"":0,""balanced_accuracy"":0.49909377098083496,""recall_parasitized"":0.8937774896621704,""val_f2_parasitized"":0.8288502439634681,""val_balanced_accuracy"":0.5,""val_n_pred_uninfected"":0,""val_n_pred_parasitized"":2693,""val_pr_auc_parasitized"":0.4920163386557742,""val_recall_parasitized"":1,""val_prediction_collapse"":1,""val_roc_auc_parasitized"":0.5,""val_early_stopping_score"":-2999999.171149756,""val_checkpoint_policy_score"":2.5,""val_percent_pred_uninfected"":0,""val_sensitivity_parasitized"":1,""val_percent_pred_parasitized"":1,""val_prediction_collapse_detected"":1}",0.49398189783096313,0.6931890249252319,25,fine_tuning,0.49772655963897705,0.8937774896621704,0.5,0.5008115172386169,0.6932875514030457,0.501637876033783,0.4920163154602051,1,8,0.10441002994775772,0.49201634526252747,0.5,0.49201634526252747,0,0.49909377098083496,0.8937774896621704,0.8288502439634681,0.5,0,2693,0.4920163386557742,1,1,0.5,-2999999.171149756,2.5,0,1,1,1
6021d446-25d3-4347-8b28-20b02c5fccd2,vgg16,adadelta,Q06/Q11,train_execution_records,epoch,fine_tuning,9,2026-10-03T11:04:27.695437+00:00,2128273d-b7c8-45c8-9985-8e6dd9da71fb,129,2026-10-03T11:04:27.698924+00:00,2026-10-03T10:51:01.125261+00:00,806.573663,2026-10-03T11:04:27.735849+00:00,2026-10-03T11:04:27.860286+00:00,0.124437,2026-10-03T11:04:27.893033+00:00,2026-10-03T11:05:32.297065+00:00,64.404032,"{""auc"":0.496979296207428,""loss"":0.6931856274604797,""epoch"":26,""phase"":""fine_tuning"",""pr_auc"":0.4998551607131958,""recall"":0.9084134101867676,""val_auc"":0.5,""accuracy"":0.5,""val_loss"":0.6932691335678101,""precision"":0.5011641383171082,""val_pr_auc"":0.4920163154602051,""val_recall"":1,""phase_epoch"":9,""specificity"":0.08811011165380478,""val_accuracy"":0.49201634526252747,""learning_rate"":0.5,""val_precision"":0.49201634526252747,""val_specificity"":0,""balanced_accuracy"":0.4982617497444153,""recall_parasitized"":0.9084134101867676,""val_f2_parasitized"":0.8288502439634681,""val_balanced_accuracy"":0.5,""val_n_pred_uninfected"":0,""val_n_pred_parasitized"":2693,""val_pr_auc_parasitized"":0.4920163386557742,""val_recall_parasitized"":1,""val_prediction_collapse"":1,""val_roc_auc_parasitized"":0.5,""val_early_stopping_score"":-2999999.171149756,""val_checkpoint_policy_score"":2.5,""val_percent_pred_uninfected"":0,""val_sensitivity_parasitized"":1,""val_percent_pred_parasitized"":1,""val_prediction_collapse_detected"":1}",0.496979296207428,0.6931856274604797,26,fine_tuning,0.4998551607131958,0.9084134101867676,0.5,0.5,0.6932691335678101,0.5011641383171082,0.4920163154602051,1,9,0.08811011165380478,0.49201634526252747,0.5,0.49201634526252747,0,0.4982617497444153,0.9084134101867676,0.8288502439634681,0.5,0,2693,0.4920163386557742,1,1,0.5,-2999999.171149756,2.5,0,1,1,1
6021d446-25d3-4347-8b28-20b02c5fccd2,vgg16,adadelta,Q06/Q11,train_execution_records,epoch,fine_tuning,10,2026-10-03T11:17:56.894309+00:00,f99d6e77-d32c-43a5-bc05-80f9b497bf1f,134,2026-10-03T11:17:56.897889+00:00,2026-10-03T11:04:27.698924+00:00,809.198965,2026-10-03T11:17:56.934439+00:00,2026-10-03T11:17:57.058234+00:00,0.123795,2026-10-03T11:17:57.092849+00:00,2026-10-03T11:19:02.379027+00:00,65.286178,"{""auc"":0.49681732058525085,""loss"":0.6931765079498291,""epoch"":27,""phase"":""fine_tuning"",""pr_auc"":0.499610960483551,""recall"":0.9028463959693909,""val_auc"":0.5,""accuracy"":0.5002254247665405,""val_loss"":0.6932564377784729,""precision"":0.5012962222099304,""val_pr_auc"":0.4920163154602051,""val_recall"":1,""phase_epoch"":10,""specificity"":0.09417730569839478,""val_accuracy"":0.49201634526252747,""learning_rate"":0.5,""val_precision"":0.49201634526252747,""val_specificity"":0,""balanced_accuracy"":0.4985118508338928,""recall_parasitized"":0.9028463959693909,""val_f2_parasitized"":0.8288502439634681,""val_balanced_accuracy"":0.5,""val_n_pred_uninfected"":0,""val_n_pred_parasitized"":2693,""val_pr_auc_parasitized"":0.4920163386557742,""val_recall_parasitized"":1,""val_prediction_collapse"":1,""val_roc_auc_parasitized"":0.5,""val_early_stopping_score"":-2999999.171149756,""val_checkpoint_policy_score"":2.5,""val_percent_pred_uninfected"":0,""val_sensitivity_parasitized"":1,""val_percent_pred_parasitized"":1,""val_prediction_collapse_detected"":1}",0.49681732058525085,0.6931765079498291,27,fine_tuning,0.499610960483551,0.9028463959693909,0.5,0.5002254247665405,0.6932564377784729,0.5012962222099304,0.4920163154602051,1,10,0.09417730569839478,0.49201634526252747,0.5,0.49201634526252747,0,0.4985118508338928,0.9028463959693909,0.8288502439634681,0.5,0,2693,0.4920163386557742,1,1,0.5,-2999999.171149756,2.5,0,1,1,1
6021d446-25d3-4347-8b28-20b02c5fccd2,vgg16,adadelta,Q06/Q11,train_execution_records,epoch,fine_tuning,11,2026-10-03T11:31:27.850623+00:00,ddfd582a-0d46-46c8-b56d-5121a914457c,139,2026-10-03T11:31:27.844965+00:00,2026-10-03T11:17:56.897889+00:00,810.947076,2026-10-03T11:31:27.885982+00:00,2026-10-03T11:31:28.025250+00:00,0.139268,2026-10-03T11:31:28.061104+00:00,2026-10-03T11:32:34.240991+00:00,66.179887,"{""auc"":0.4931867718696594,""loss"":0.693191647529602,""epoch"":28,""phase"":""fine_tuning"",""pr_auc"":0.49604493379592896,""recall"":0.9054502844810486,""val_auc"":0.5,""accuracy"":0.49869251251220703,""val_loss"":0.6932464838027954,""precision"":0.5004466772079468,""val_pr_auc"":0.4920163154602051,""val_recall"":1,""phase_epoch"":11,""specificity"":0.08847233653068542,""val_accuracy"":0.49201634526252747,""learning_rate"":0.25,""val_precision"":0.49201634526252747,""val_specificity"":0,""balanced_accuracy"":0.4969612956047058,""recall_parasitized"":0.9054502844810486,""val_f2_parasitized"":0.8288502439634681,""val_balanced_accuracy"":0.5,""val_n_pred_uninfected"":0,""val_n_pred_parasitized"":2693,""val_pr_auc_parasitized"":0.4920163386557742,""val_recall_parasitized"":1,""val_prediction_collapse"":1,""val_roc_auc_parasitized"":0.5,""val_early_stopping_score"":-2999999.171149756,""val_checkpoint_policy_score"":2.5,""val_percent_pred_uninfected"":0,""val_sensitivity_parasitized"":1,""val_percent_pred_parasitized"":1,""val_prediction_collapse_detected"":1}",0.4931867718696594,0.693191647529602,28,fine_tuning,0.49604493379592896,0.9054502844810486,0.5,0.49869251251220703,0.6932464838027954,0.5004466772079468,0.4920163154602051,1,11,0.08847233653068542,0.49201634526252747,0.25,0.49201634526252747,0,0.4969612956047058,0.9054502844810486,0.8288502439634681,0.5,0,2693,0.4920163386557742,1,1,0.5,-2999999.171149756,2.5,0,1,1,1
6021d446-25d3-4347-8b28-20b02c5fccd2,vgg16,adadelta,Q06/Q11,train_execution_records,epoch,fine_tuning,12,2026-10-03T11:45:19.680008+00:00,83a05a34-5a7a-4eda-9529-cb7127892175,144,2026-10-03T11:45:19.684553+00:00,2026-10-03T11:31:27.844965+00:00,831.839588,2026-10-03T11:45:19.719502+00:00,2026-10-03T11:45:19.844836+00:00,0.125334,2026-10-03T11:45:19.882005+00:00,2026-10-03T11:46:27.340569+00:00,67.458564,"{""auc"":0.4993375539779663,""loss"":0.6931543946266174,""epoch"":29,""phase"":""fine_tuning"",""pr_auc"":0.5015690326690674,""recall"":0.9929065108299255,""val_auc"":0.5,""accuracy"":0.5016681551933289,""val_loss"":0.6932398080825806,""precision"":0.5019063353538513,""val_pr_auc"":0.4920163154602051,""val_recall"":1,""phase_epoch"":12,""specificity"":0.0062483022920787334,""val_accuracy"":0.49201634526252747,""learning_rate"":0.25,""val_precision"":0.49201634526252747,""val_specificity"":0,""balanced_accuracy"":0.4995774030685425,""recall_parasitized"":0.9929065108299255,""val_f2_parasitized"":0.8288502439634681,""val_balanced_accuracy"":0.5,""val_n_pred_uninfected"":0,""val_n_pred_parasitized"":2693,""val_pr_auc_parasitized"":0.4920163386557742,""val_recall_parasitized"":1,""val_prediction_collapse"":1,""val_roc_auc_parasitized"":0.5,""val_early_stopping_score"":-2999999.171149756,""val_checkpoint_policy_score"":2.5,""val_percent_pred_uninfected"":0,""val_sensitivity_parasitized"":1,""val_percent_pred_parasitized"":1,""val_prediction_collapse_detected"":1}",0.4993375539779663,0.6931543946266174,29,fine_tuning,0.5015690326690674,0.9929065108299255,0.5,0.5016681551933289,0.6932398080825806,0.5019063353538513,0.4920163154602051,1,12,0.0062483022920787334,0.49201634526252747,0.25,0.49201634526252747,0,0.4995774030685425,0.9929065108299255,0.8288502439634681,0.5,0,2693,0.4920163386557742,1,1,0.5,-2999999.171149756,2.5,0,1,1,1
6021d446-25d3-4347-8b28-20b02c5fccd2,vgg16,adadelta,Q06/Q11,train_execution_records,epoch,fine_tuning,13,2026-10-03T11:58:55.318528+00:00,75031d8c-3945-453a-ab24-f9621a8ed201,149,2026-10-03T11:58:55.324833+00:00,2026-10-03T11:45:19.684553+00:00,815.64028,2026-10-03T11:58:55.359132+00:00,2026-10-03T11:58:55.484316+00:00,0.125184,2026-10-03T11:58:55.516850+00:00,2026-10-03T11:59:59.199674+00:00,63.682824,"{""auc"":0.49881795048713684,""loss"":0.6931530833244324,""epoch"":30,""phase"":""fine_tuning"",""pr_auc"":0.5011043548583984,""recall"":0.9926371574401855,""val_auc"":0.5,""accuracy"":0.5017132759094238,""val_loss"":0.6932395696640015,""precision"":0.5019296407699585,""val_pr_auc"":0.4920163154602051,""val_recall"":1,""phase_epoch"":13,""specificity"":0.006610522512346506,""val_accuracy"":0.49201634526252747,""learning_rate"":0.25,""val_precision"":0.49201634526252747,""val_specificity"":0,""balanced_accuracy"":0.4996238350868225,""recall_parasitized"":0.9926371574401855,""val_f2_parasitized"":0.8288502439634681,""val_balanced_accuracy"":0.5,""val_n_pred_uninfected"":0,""val_n_pred_parasitized"":2693,""val_pr_auc_parasitized"":0.4920163386557742,""val_recall_parasitized"":1,""val_prediction_collapse"":1,""val_roc_auc_parasitized"":0.5,""val_early_stopping_score"":-2999999.171149756,""val_checkpoint_policy_score"":2.5,""val_percent_pred_uninfected"":0,""val_sensitivity_parasitized"":1,""val_percent_pred_parasitized"":1,""val_prediction_collapse_detected"":1}",0.49881795048713684,0.6931530833244324,30,fine_tuning,0.5011043548583984,0.9926371574401855,0.5,0.5017132759094238,0.6932395696640015,0.5019296407699585,0.4920163154602051,1,13,0.006610522512346506,0.49201634526252747,0.25,0.49201634526252747,0,0.4996238350868225,0.9926371574401855,0.8288502439634681,0.5,0,2693,0.4920163386557742,1,1,0.5,-2999999.171149756,2.5,0,1,1,1
85870857-925b-4b9f-9533-a2855d254d77,densenet121,adamw,Q06/Q11,train_execution_records,epoch,base,1,2026-10-03T00:56:09.112998+00:00,99492490-afac-42d3-8e6d-0e40816aa144,2,2026-10-03T00:56:09.116247+00:00,2026-10-03T00:53:02.675176+00:00,186.441071,2026-10-03T00:56:09.156922+00:00,2026-10-03T00:56:09.527695+00:00,0.370773,2026-10-03T00:56:09.570315+00:00,2026-10-03T00:56:29.084856+00:00,19.514541,"{""auc"":0.6061738729476929,""loss"":0.8149570822715759,""epoch"":1,""phase"":""base"",""pr_auc"":0.5958149433135986,""recall"":0.5866032242774963,""val_auc"":0.8627033233642578,""accuracy"":0.5760143995285034,""val_loss"":0.5313926339149475,""precision"":0.5764581561088562,""val_pr_auc"":0.8454731106758118,""val_recall"":0.5449056625366211,""phase_epoch"":1,""specificity"":0.5653355121612549,""val_accuracy"":0.7304121851921082,""learning_rate"":0.00009999999747378752,""val_precision"":0.8544378876686096,""val_specificity"":0.9100877192982456,""balanced_accuracy"":0.5759693384170532,""recall_parasitized"":0.5866032242774963,""val_f2_parasitized"":0.5874694873881204,""val_balanced_accuracy"":0.727496689837802,""val_n_pred_uninfected"":1848,""val_n_pred_parasitized"":845,""val_pr_auc_parasitized"":0.8454919961781744,""val_recall_parasitized"":0.5449056603773584,""val_prediction_collapse"":0,""val_roc_auc_parasitized"":0.8626188899922763,""val_early_stopping_score"":0.5874694873880528,""val_checkpoint_policy_score"":0.5449056603773584,""val_percent_pred_uninfected"":0.6862235425176383,""val_sensitivity_parasitized"":0.5449056603773584,""val_percent_pred_parasitized"":0.31377645748236166,""val_prediction_collapse_detected"":0}",0.6061738729476929,0.8149570822715759,1,base,0.5958149433135986,0.5866032242774963,0.8627033233642578,0.5760143995285034,0.5313926339149475,0.5764581561088562,0.8454731106758118,0.5449056625366211,1,0.5653355121612549,0.7304121851921082,0.00009999999747378752,0.8544378876686096,0.9100877192982456,0.5759693384170532,0.5866032242774963,0.5874694873881204,0.727496689837802,1848,845,0.8454919961781744,0.5449056603773584,0,0.8626188899922763,0.5874694873880528,0.5449056603773584,0.6862235425176383,0.5449056603773584,0.31377645748236166,0
85870857-925b-4b9f-9533-a2855d254d77,densenet121,adamw,Q06/Q11,train_execution_records,epoch,base,2,2026-10-03T00:59:37.798618+00:00,98419768-d525-4203-955a-5d90f299528d,7,2026-10-03T00:59:37.801000+00:00,2026-10-03T00:56:09.116247+00:00,208.684753,2026-10-03T00:59:37.836915+00:00,2026-10-03T00:59:38.094033+00:00,0.257118,2026-10-03T00:59:38.135704+00:00,2026-10-03T00:59:55.987654+00:00,17.85195,"{""auc"":0.7273284196853638,""loss"":0.6428318023681641,""epoch"":2,""phase"":""base"",""pr_auc"":0.7260227799415588,""recall"":0.6613989472389221,""val_auc"":0.9210575819015503,""accuracy"":0.6627592444419861,""val_loss"":0.46540120244026184,""precision"":0.6651015877723694,""val_pr_auc"":0.9158867597579956,""val_recall"":0.6158490777015686,""phase_epoch"":2,""specificity"":0.6641311049461365,""val_accuracy"":0.7835128307342529,""learning_rate"":0.00009999999747378752,""val_precision"":0.9168539047241211,""val_specificity"":0.945906432748538,""balanced_accuracy"":0.6627650260925293,""recall_parasitized"":0.6613989472389221,""val_f2_parasitized"":0.6591276252019386,""val_balanced_accuracy"":0.7808777446761558,""val_n_pred_uninfected"":1803,""val_n_pred_parasitized"":890,""val_pr_auc_parasitized"":0.9160126012466917,""val_recall_parasitized"":0.6158490566037735,""val_prediction_collapse"":0,""val_roc_auc_parasitized"":0.9211304203905991,""val_early_stopping_score"":0.6591276252018432,""val_checkpoint_policy_score"":0.6158490566037735,""val_percent_pred_uninfected"":0.6695135536576309,""val_sensitivity_parasitized"":0.6158490566037735,""val_percent_pred_parasitized"":0.3304864463423691,""val_prediction_collapse_detected"":0}",0.7273284196853638,0.6428318023681641,2,base,0.7260227799415588,0.6613989472389221,0.9210575819015503,0.6627592444419861,0.46540120244026184,0.6651015877723694,0.9158867597579956,0.6158490777015686,2,0.6641311049461365,0.7835128307342529,0.00009999999747378752,0.9168539047241211,0.945906432748538,0.6627650260925293,0.6613989472389221,0.6591276252019386,0.7808777446761558,1803,890,0.9160126012466917,0.6158490566037735,0,0.9211304203905991,0.6591276252018432,0.6158490566037735,0.6695135536576309,0.6158490566037735,0.3304864463423691,0
85870857-925b-4b9f-9533-a2855d254d77,densenet121,adamw,Q06/Q11,train_execution_records,epoch,base,3,2026-10-03T01:02:45.524644+00:00,a2675d8b-a68d-43d0-8bb1-1ad13d05b1ec,12,2026-10-03T01:02:45.527846+00:00,2026-10-03T00:59:37.801000+00:00,187.726846,2026-10-03T01:02:45.566761+00:00,2026-10-03T01:02:45.828804+00:00,0.262043,2026-10-03T01:02:45.869247+00:00,2026-10-03T01:03:03.713211+00:00,17.843964,"{""auc"":0.7956029772758484,""loss"":0.5541132092475891,""epoch"":3,""phase"":""base"",""pr_auc"":0.7992492318153381,""recall"":0.7175182104110718,""val_auc"":0.9356622695922852,""accuracy"":0.7198827862739563,""val_loss"":0.43818551301956177,""precision"":0.7226442098617554,""val_pr_auc"":0.9328936338424683,""val_recall"":0.6249056458473206,""phase_epoch"":3,""specificity"":0.7222675085067749,""val_accuracy"":0.7965094447135925,""learning_rate"":0.00009999999747378752,""val_precision"":0.9419795274734497,""val_specificity"":0.9627192982456141,""balanced_accuracy"":0.7198928594589233,""recall_parasitized"":0.7175182104110718,""val_f2_parasitized"":0.6700113286939634,""val_balanced_accuracy"":0.7938124793114862,""val_n_pred_uninfected"":1814,""val_n_pred_parasitized"":879,""val_pr_auc_parasitized"":0.9328869398149642,""val_recall_parasitized"":0.6249056603773585,""val_prediction_collapse"":0,""val_roc_auc_parasitized"":0.9356063113759243,""val_early_stopping_score"":0.6700113286938632,""val_checkpoint_policy_score"":0.6249056603773585,""val_percent_pred_uninfected"":0.6735982176011883,""val_sensitivity_parasitized"":0.6249056603773585,""val_percent_pred_parasitized"":0.32640178239881174,""val_prediction_collapse_detected"":0}",0.7956029772758484,0.5541132092475891,3,base,0.7992492318153381,0.7175182104110718,0.9356622695922852,0.7198827862739563,0.43818551301956177,0.7226442098617554,0.9328936338424683,0.6249056458473206,3,0.7222675085067749,0.7965094447135925,0.00009999999747378752,0.9419795274734497,0.9627192982456141,0.7198928594589233,0.7175182104110718,0.6700113286939634,0.7938124793114862,1814,879,0.9328869398149642,0.6249056603773585,0,0.9356063113759243,0.6700113286938632,0.6249056603773585,0.6735982176011883,0.6249056603773585,0.32640178239881174,0
85870857-925b-4b9f-9533-a2855d254d77,densenet121,adamw,Q06/Q11,train_execution_records,epoch,base,4,2026-10-03T01:05:52.876919+00:00,a65a1697-12f2-49a4-84ab-c09e437f1bd2,17,2026-10-03T01:05:52.881751+00:00,2026-10-03T01:02:45.527846+00:00,187.353905,2026-10-03T01:05:52.923546+00:00,2026-10-03T01:05:53.184603+00:00,0.261057,2026-10-03T01:05:53.222369+00:00,2026-10-03T01:06:11.018876+00:00,17.796507,"{""auc"":0.8398171663284302,""loss"":0.4964757561683655,""epoch"":4,""phase"":""base"",""pr_auc"":0.8438853025436401,""recall"":0.754601776599884,""val_auc"":0.9416650533676147,""accuracy"":0.7603245973587036,""val_loss"":0.4103259742259979,""precision"":0.7649039626121521,""val_pr_auc"":0.939486026763916,""val_recall"":0.6603773832321167,""phase_epoch"":4,""specificity"":0.7660961747169495,""val_accuracy"":0.8135907649993896,""learning_rate"":0.00009999999747378752,""val_precision"":0.9439050555229187,""val_specificity"":0.9619883040935673,""balanced_accuracy"":0.7603489756584167,""recall_parasitized"":0.754601776599884,""val_f2_parasitized"":0.7025855146940742,""val_balanced_accuracy"":0.8111828312920666,""val_n_pred_uninfected"":1766,""val_n_pred_parasitized"":927,""val_pr_auc_parasitized"":0.9395995112406389,""val_recall_parasitized"":0.660377358490566,""val_prediction_collapse"":0,""val_roc_auc_parasitized"":0.9417190775681342,""val_early_stopping_score"":0.7025855146939586,""val_checkpoint_policy_score"":0.660377358490566,""val_percent_pred_uninfected"":0.655774229483847,""val_sensitivity_parasitized"":0.660377358490566,""val_percent_pred_parasitized"":0.344225770516153,""val_prediction_collapse_detected"":0}",0.8398171663284302,0.4964757561683655,4,base,0.8438853025436401,0.754601776599884,0.9416650533676147,0.7603245973587036,0.4103259742259979,0.7649039626121521,0.939486026763916,0.6603773832321167,4,0.7660961747169495,0.8135907649993896,0.00009999999747378752,0.9439050555229187,0.9619883040935673,0.7603489756584167,0.754601776599884,0.7025855146940742,0.8111828312920666,1766,927,0.9395995112406389,0.660377358490566,0,0.9417190775681342,0.7025855146939586,0.660377358490566,0.655774229483847,0.660377358490566,0.344225770516153,0
85870857-925b-4b9f-9533-a2855d254d77,densenet121,adamw,Q06/Q11,train_execution_records,epoch,base,5,2026-10-03T01:09:00.25801+00:00,65b111c3-1c56-4df9-a889-b102add93e22,22,2026-10-03T01:09:00.260594+00:00,2026-10-03T01:05:52.881751+00:00,187.378843,2026-10-03T01:09:00.300249+00:00,2026-10-03T01:09:00.555685+00:00,0.255436,2026-10-03T01:09:00.589359+00:00,2026-10-03T01:09:18.410756+00:00,17.821397,"{""auc"":0.8615697026252747,""loss"":0.46357280015945435,""epoch"":5,""phase"":""base"",""pr_auc"":0.8660455942153931,""recall"":0.7722905874252319,""val_auc"":0.9444822072982788,""accuracy"":0.7802073955535889,""val_loss"":0.3969646692276001,""precision"":0.7861974239349365,""val_pr_auc"":0.942579984664917,""val_recall"":0.6792452931404114,""phase_epoch"":5,""specificity"":0.7881916165351868,""val_accuracy"":0.8225027918815613,""learning_rate"":0.00009999999747378752,""val_precision"":0.9443861246109009,""val_specificity"":0.9612573099415205,""balanced_accuracy"":0.7802411317825317,""recall_parasitized"":0.7722905874252319,""val_f2_parasitized"":0.7196545658084119,""val_balanced_accuracy"":0.8202512964801942,""val_n_pred_uninfected"":1740,""val_n_pred_parasitized"":953,""val_pr_auc_parasitized"":0.9426283010806535,""val_recall_parasitized"":0.6792452830188679,""val_prediction_collapse"":0,""val_roc_auc_parasitized"":0.9445542314906764,""val_early_stopping_score"":0.7196545658082878,""val_checkpoint_policy_score"":0.6792452830188679,""val_percent_pred_uninfected"":0.6461195692536205,""val_sensitivity_parasitized"":0.6792452830188679,""val_percent_pred_parasitized"":0.3538804307463795,""val_prediction_collapse_detected"":0}",0.8615697026252747,0.46357280015945435,5,base,0.8660455942153931,0.7722905874252319,0.9444822072982788,0.7802073955535889,0.3969646692276001,0.7861974239349365,0.942579984664917,0.6792452931404114,5,0.7881916165351868,0.8225027918815613,0.00009999999747378752,0.9443861246109009,0.9612573099415205,0.7802411317825317,0.7722905874252319,0.7196545658084119,0.8202512964801942,1740,953,0.9426283010806535,0.6792452830188679,0,0.9445542314906764,0.7196545658082878,0.6792452830188679,0.6461195692536205,0.6792452830188679,0.3538804307463795,0
85870857-925b-4b9f-9533-a2855d254d77,densenet121,adamw,Q06/Q11,train_execution_records,epoch,base,6,2026-10-03T01:12:08.487507+00:00,74a48a31-f6f9-491e-97f1-0fae1b929fa7,27,2026-10-03T01:12:08.490587+00:00,2026-10-03T01:09:00.260594+00:00,188.229993,2026-10-03T01:12:08.529985+00:00,2026-10-03T01:12:08.787475+00:00,0.25749,2026-10-03T01:12:08.827042+00:00,2026-10-03T01:12:26.765647+00:00,17.938605,"{""auc"":0.8727730512619019,""loss"":0.44726046919822693,""epoch"":6,""phase"":""base"",""pr_auc"":0.875634491443634,""recall"":0.7827063202857971,""val_auc"":0.9460291862487793,""accuracy"":0.7939134240150452,""val_loss"":0.38830193877220154,""precision"":0.8020794987678528,""val_pr_auc"":0.9443011283874512,""val_recall"":0.6815094351768494,""phase_epoch"":6,""specificity"":0.8052159547805786,""val_accuracy"":0.8236168026924133,""learning_rate"":0.00009999999747378752,""val_precision"":0.9445606470108032,""val_specificity"":0.9612573099415205,""balanced_accuracy"":0.7939611673355103,""recall_parasitized"":0.7827063202857971,""val_f2_parasitized"":0.7217071611253197,""val_balanced_accuracy"":0.8213833719518924,""val_n_pred_uninfected"":1737,""val_n_pred_parasitized"":956,""val_pr_auc_parasitized"":0.9443530471096687,""val_recall_parasitized"":0.6815094339622642,""val_prediction_collapse"":0,""val_roc_auc_parasitized"":0.946017874875869,""val_early_stopping_score"":0.7217071611251944,""val_checkpoint_policy_score"":0.6815094339622642,""val_percent_pred_uninfected"":0.6450055699962867,""val_sensitivity_parasitized"":0.6815094339622642,""val_percent_pred_parasitized"":0.35499443000371333,""val_prediction_collapse_detected"":0}",0.8727730512619019,0.44726046919822693,6,base,0.875634491443634,0.7827063202857971,0.9460291862487793,0.7939134240150452,0.38830193877220154,0.8020794987678528,0.9443011283874512,0.6815094351768494,6,0.8052159547805786,0.8236168026924133,0.00009999999747378752,0.9445606470108032,0.9612573099415205,0.7939611673355103,0.7827063202857971,0.7217071611253197,0.8213833719518924,1737,956,0.9443530471096687,0.6815094339622642,0,0.946017874875869,0.7217071611251944,0.6815094339622642,0.6450055699962867,0.6815094339622642,0.35499443000371333,0
85870857-925b-4b9f-9533-a2855d254d77,densenet121,adamw,Q06/Q11,train_execution_records,epoch,base,7,2026-10-03T01:15:16.6208+00:00,f0b2faa3-e73f-4c0c-b887-43df98780960,32,2026-10-03T01:15:16.624947+00:00,2026-10-03T01:12:08.490587+00:00,188.13436,2026-10-03T01:15:16.665410+00:00,2026-10-03T01:15:17.036937+00:00,0.371527,2026-10-03T01:15:17.077364+00:00,2026-10-03T01:15:34.944222+00:00,17.866858,"{""auc"":0.885870635509491,""loss"":0.4251503050327301,""epoch"":7,""phase"":""base"",""pr_auc"":0.8909181952476501,""recall"":0.7956361770629883,""val_auc"":0.9473562836647034,""accuracy"":0.807844877243042,""val_loss"":0.3797791600227356,""precision"":0.8169078826904297,""val_pr_auc"":0.9455850124359131,""val_recall"":0.6913207769393921,""phase_epoch"":7,""specificity"":0.8201575875282288,""val_accuracy"":0.8284441232681274,""learning_rate"":0.00009999999747378752,""val_precision"":0.9453044533729553,""val_specificity"":0.9612573099415205,""balanced_accuracy"":0.8078968524932861,""recall_parasitized"":0.7956361770629883,""val_f2_parasitized"":0.7305790397192534,""val_balanced_accuracy"":0.8262890323292509,""val_n_pred_uninfected"":1724,""val_n_pred_parasitized"":969,""val_pr_auc_parasitized"":0.9456675532330168,""val_recall_parasitized"":0.6913207547169812,""val_prediction_collapse"":0,""val_roc_auc_parasitized"":0.9473717312148295,""val_early_stopping_score"":0.7305790397191234,""val_checkpoint_policy_score"":0.6913207547169812,""val_percent_pred_uninfected"":0.6401782398811734,""val_sensitivity_parasitized"":0.6913207547169812,""val_percent_pred_parasitized"":0.3598217601188266,""val_prediction_collapse_detected"":0}",0.885870635509491,0.4251503050327301,7,base,0.8909181952476501,0.7956361770629883,0.9473562836647034,0.807844877243042,0.3797791600227356,0.8169078826904297,0.9455850124359131,0.6913207769393921,7,0.8201575875282288,0.8284441232681274,0.00009999999747378752,0.9453044533729553,0.9612573099415205,0.8078968524932861,0.7956361770629883,0.7305790397192534,0.8262890323292509,1724,969,0.9456675532330168,0.6913207547169812,0,0.9473717312148295,0.7305790397191234,0.6913207547169812,0.6401782398811734,0.6913207547169812,0.3598217601188266,0
85870857-925b-4b9f-9533-a2855d254d77,densenet121,adamw,Q06/Q11,train_execution_records,epoch,base,8,2026-10-03T01:18:31.221034+00:00,5b82cc3d-e43c-4b85-88ad-708eb64d0533,37,2026-10-03T01:18:31.225339+00:00,2026-10-03T01:15:16.624947+00:00,194.600392,2026-10-03T01:18:31.270260+00:00,2026-10-03T01:18:31.540287+00:00,0.270027,2026-10-03T01:18:31.581027+00:00,2026-10-03T01:18:49.659318+00:00,18.078291,"{""auc"":0.8894907236099243,""loss"":0.4201304018497467,""epoch"":8,""phase"":""base"",""pr_auc"":0.891444742679596,""recall"":0.7960851192474365,""val_auc"":0.948106586933136,""accuracy"":0.8091073036193848,""val_loss"":0.376127153635025,""precision"":0.8187274932861328,""val_pr_auc"":0.9465036392211914,""val_recall"":0.698113203048706,""phase_epoch"":8,""specificity"":0.8222403526306152,""val_accuracy"":0.8329001069068909,""learning_rate"":0.00009999999747378752,""val_precision"":0.9487179517745972,""val_specificity"":0.9634502923976608,""balanced_accuracy"":0.8091627359390259,""recall_parasitized"":0.7960851192474365,""val_f2_parasitized"":0.7370517928286853,""val_balanced_accuracy"":0.8307817499724153,""val_n_pred_uninfected"":1718,""val_n_pred_parasitized"":975,""val_pr_auc_parasitized"":0.9465892900094103,""val_recall_parasitized"":0.6981132075471698,""val_prediction_collapse"":0,""val_roc_auc_parasitized"":0.9481700319982347,""val_early_stopping_score"":0.7370517928285518,""val_checkpoint_policy_score"":0.6981132075471698,""val_percent_pred_uninfected"":0.6379502413665058,""val_sensitivity_parasitized"":0.6981132075471698,""val_percent_pred_parasitized"":0.36204975863349426,""val_prediction_collapse_detected"":0}",0.8894907236099243,0.4201304018497467,8,base,0.891444742679596,0.7960851192474365,0.948106586933136,0.8091073036193848,0.376127153635025,0.8187274932861328,0.9465036392211914,0.698113203048706,8,0.8222403526306152,0.8329001069068909,0.00009999999747378752,0.9487179517745972,0.9634502923976608,0.8091627359390259,0.7960851192474365,0.7370517928286853,0.8307817499724153,1718,975,0.9465892900094103,0.6981132075471698,0,0.9481700319982347,0.7370517928285518,0.6981132075471698,0.6379502413665058,0.6981132075471698,0.36204975863349426,0
85870857-925b-4b9f-9533-a2855d254d77,densenet121,adamw,Q06/Q11,train_execution_records,epoch,base,9,2026-10-03T01:21:41.641996+00:00,099f3db3-4891-48c0-a74c-203edd8cb9f6,42,2026-10-03T01:21:41.646616+00:00,2026-10-03T01:18:31.225339+00:00,190.421277,2026-10-03T01:21:41.691025+00:00,2026-10-03T01:21:41.952430+00:00,0.261405,2026-10-03T01:21:41.994919+00:00,2026-10-03T01:21:59.962817+00:00,17.967898,"{""auc"":0.8968760967254639,""loss"":0.4063654839992523,""epoch"":9,""phase"":""base"",""pr_auc"":0.9020417332649231,""recall"":0.8075783252716064,""val_auc"":0.9498546123504639,""accuracy"":0.819341778755188,""val_loss"":0.36102449893951416,""precision"":0.82832932472229,""val_pr_auc"":0.9481949210166931,""val_recall"":0.7267924547195435,""phase_epoch"":9,""specificity"":0.8312053084373474,""val_accuracy"":0.8447827696800232,""learning_rate"":0.00009999999747378752,""val_precision"":0.9450441598892212,""val_specificity"":0.9590643274853801,""balanced_accuracy"":0.8193918466567993,""recall_parasitized"":0.8075783252716064,""val_f2_parasitized"":0.761987656274727,""val_balanced_accuracy"":0.8429283901577844,""val_n_pred_uninfected"":1674,""val_n_pred_parasitized"":1019,""val_pr_auc_parasitized"":0.9482540470110153,""val_recall_parasitized"":0.7267924528301887,""val_prediction_collapse"":0,""val_roc_auc_parasitized"":0.9498471808451948,""val_early_stopping_score"":0.7619876562745794,""val_checkpoint_policy_score"":0.7267924528301887,""val_percent_pred_uninfected"":0.6216115855922763,""val_sensitivity_parasitized"":0.7267924528301887,""val_percent_pred_parasitized"":0.37838841440772375,""val_prediction_collapse_detected"":0}",0.8968760967254639,0.4063654839992523,9,base,0.9020417332649231,0.8075783252716064,0.9498546123504639,0.819341778755188,0.36102449893951416,0.82832932472229,0.9481949210166931,0.7267924547195435,9,0.8312053084373474,0.8447827696800232,0.00009999999747378752,0.9450441598892212,0.9590643274853801,0.8193918466567993,0.8075783252716064,0.761987656274727,0.8429283901577844,1674,1019,0.9482540470110153,0.7267924528301887,0,0.9498471808451948,0.7619876562745794,0.7267924528301887,0.6216115855922763,0.7267924528301887,0.37838841440772375,0
85870857-925b-4b9f-9533-a2855d254d77,densenet121,adamw,Q06/Q11,train_execution_records,epoch,base,10,2026-10-03T01:24:51.524171+00:00,42bdcdc8-c126-4d36-b27a-b2abfc8ceb15,47,2026-10-03T01:24:51.528468+00:00,2026-10-03T01:21:41.646616+00:00,189.881852,2026-10-03T01:24:51.568628+00:00,2026-10-03T01:24:51.825716+00:00,0.257088,2026-10-03T01:24:51.865033+00:00,2026-10-03T01:25:09.956351+00:00,18.091318,"{""auc"":0.8997722864151001,""loss"":0.40163981914520264,""epoch"":10,""phase"":""base"",""pr_auc"":0.9032456874847412,""recall"":0.8065906167030334,""val_auc"":0.950588583946228,""accuracy"":0.8201983571052551,""val_loss"":0.3571116030216217,""precision"":0.8304520845413208,""val_pr_auc"":0.9489247798919678,""val_recall"":0.7305660247802734,""phase_epoch"":10,""specificity"":0.8339219689369202,""val_accuracy"":0.8466394543647766,""learning_rate"":0.00009999999747378752,""val_precision"":0.9453125,""val_specificity"":0.9590643274853801,""balanced_accuracy"":0.8202562928199768,""recall_parasitized"":0.8065906167030334,""val_f2_parasitized"":0.7653383934218849,""val_balanced_accuracy"":0.8448151826106145,""val_n_pred_uninfected"":1669,""val_n_pred_parasitized"":1024,""val_pr_auc_parasitized"":0.9489895049753452,""val_recall_parasitized"":0.730566037735849,""val_prediction_collapse"":0,""val_roc_auc_parasitized"":0.950562727573651,""val_early_stopping_score"":0.7653383934217354,""val_checkpoint_policy_score"":0.730566037735849,""val_percent_pred_uninfected"":0.6197549201633865,""val_sensitivity_parasitized"":0.730566037735849,""val_percent_pred_parasitized"":0.38024507983661343,""val_prediction_collapse_detected"":0}",0.8997722864151001,0.40163981914520264,10,base,0.9032456874847412,0.8065906167030334,0.950588583946228,0.8201983571052551,0.3571116030216217,0.8304520845413208,0.9489247798919678,0.7305660247802734,10,0.8339219689369202,0.8466394543647766,0.00009999999747378752,0.9453125,0.9590643274853801,0.8202562928199768,0.8065906167030334,0.7653383934218849,0.8448151826106145,1669,1024,0.9489895049753452,0.730566037735849,0,0.950562727573651,0.7653383934217354,0.730566037735849,0.6197549201633865,0.730566037735849,0.38024507983661343,0
85870857-925b-4b9f-9533-a2855d254d77,densenet121,adamw,Q06/Q11,train_execution_records,epoch,base,11,2026-10-03T01:28:02.381175+00:00,85041083-f5d5-4b2c-ab11-250b090a379e,52,2026-10-03T01:28:02.384722+00:00,2026-10-03T01:24:51.528468+00:00,190.856254,2026-10-03T01:28:02.426302+00:00,2026-10-03T01:28:02.690566+00:00,0.264264,2026-10-03T01:28:02.731734+00:00,2026-10-03T01:28:20.707073+00:00,17.975339,"{""auc"":0.9064852595329285,""loss"":0.38863030076026917,""epoch"":11,""phase"":""base"",""pr_auc"":0.9107421040534973,""recall"":0.8174553513526917,""val_auc"":0.951474130153656,""accuracy"":0.8301172256469727,""val_loss"":0.34569811820983887,""precision"":0.8399298787117004,""val_pr_auc"":0.9497581124305725,""val_recall"":0.7554717063903809,""phase_epoch"":11,""specificity"":0.8428869247436523,""val_accuracy"":0.8574081063270569,""learning_rate"":0.00009999999747378752,""val_precision"":0.9434495568275452,""val_specificity"":0.956140350877193,""balanced_accuracy"":0.8301711082458496,""recall_parasitized"":0.8174553513526917,""val_f2_parasitized"":0.7868259707593146,""val_balanced_accuracy"":0.8558060244952003,""val_n_pred_uninfected"":1632,""val_n_pred_parasitized"":1061,""val_pr_auc_parasitized"":0.9499050039847683,""val_recall_parasitized"":0.7554716981132076,""val_prediction_collapse"":0,""val_roc_auc_parasitized"":0.9515475008275405,""val_early_stopping_score"":0.7868259707591522,""val_checkpoint_policy_score"":0.7554716981132076,""val_percent_pred_uninfected"":0.6060155959896026,""val_sensitivity_parasitized"":0.7554716981132076,""val_percent_pred_parasitized"":0.3939844040103973,""val_prediction_collapse_detected"":0}",0.9064852595329285,0.38863030076026917,11,base,0.9107421040534973,0.8174553513526917,0.951474130153656,0.8301172256469727,0.34569811820983887,0.8399298787117004,0.9497581124305725,0.7554717063903809,11,0.8428869247436523,0.8574081063270569,0.00009999999747378752,0.9434495568275452,0.956140350877193,0.8301711082458496,0.8174553513526917,0.7868259707593146,0.8558060244952003,1632,1061,0.9499050039847683,0.7554716981132076,0,0.9515475008275405,0.7868259707591522,0.7554716981132076,0.6060155959896026,0.7554716981132076,0.3939844040103973,0
85870857-925b-4b9f-9533-a2855d254d77,densenet121,adamw,Q06/Q11,train_execution_records,epoch,base,12,2026-10-03T01:31:12.272823+00:00,5cf2beb9-f6f7-44fc-a27c-44d07c9ae76d,57,2026-10-03T01:31:12.276785+00:00,2026-10-03T01:28:02.384722+00:00,189.892063,2026-10-03T01:31:12.318416+00:00,2026-10-03T01:31:12.578167+00:00,0.259751,2026-10-03T01:31:12.617070+00:00,2026-10-03T01:31:30.546880+00:00,17.92981,"{""auc"":0.90426105260849,""loss"":0.393001914024353,""epoch"":12,""phase"":""base"",""pr_auc"":0.9075775146484375,""recall"":0.8135045170783997,""val_auc"":0.9528931379318237,""accuracy"":0.8267808556556702,""val_loss"":0.3432595431804657,""precision"":0.836951494216919,""val_pr_auc"":0.9511242508888245,""val_recall"":0.7547169923782349,""phase_epoch"":12,""specificity"":0.8401702642440796,""val_accuracy"":0.8596360683441162,""learning_rate"":0.00009999999747378752,""val_precision"":0.9496676325798035,""val_specificity"":0.9612573099415205,""balanced_accuracy"":0.826837420463562,""recall_parasitized"":0.8135045170783997,""val_f2_parasitized"":0.7870297497245395,""val_balanced_accuracy"":0.857987145536798,""val_n_pred_uninfected"":1640,""val_n_pred_parasitized"":1053,""val_pr_auc_parasitized"":0.9511201330813641,""val_recall_parasitized"":0.7547169811320755,""val_prediction_collapse"":0,""val_roc_auc_parasitized"":0.9529090808782964,""val_early_stopping_score"":0.787029749724377,""val_checkpoint_policy_score"":0.7547169811320755,""val_percent_pred_uninfected"":0.6089862606758262,""val_sensitivity_parasitized"":0.7547169811320755,""val_percent_pred_parasitized"":0.39101373932417377,""val_prediction_collapse_detected"":0}",0.90426105260849,0.393001914024353,12,base,0.9075775146484375,0.8135045170783997,0.9528931379318237,0.8267808556556702,0.3432595431804657,0.836951494216919,0.9511242508888245,0.7547169923782349,12,0.8401702642440796,0.8596360683441162,0.00009999999747378752,0.9496676325798035,0.9612573099415205,0.826837420463562,0.8135045170783997,0.7870297497245395,0.857987145536798,1640,1053,0.9511201330813641,0.7547169811320755,0,0.9529090808782964,0.787029749724377,0.7547169811320755,0.6089862606758262,0.7547169811320755,0.39101373932417377,0
85870857-925b-4b9f-9533-a2855d254d77,densenet121,adamw,Q06/Q11,train_execution_records,epoch,base,13,2026-10-03T01:34:25.676037+00:00,30482fba-570b-4660-be69-390d49b7f92e,62,2026-10-03T01:34:25.679780+00:00,2026-10-03T01:31:12.276785+00:00,193.402995,2026-10-03T01:34:25.723824+00:00,2026-10-03T01:34:25.996632+00:00,0.272808,2026-10-03T01:34:26.036806+00:00,2026-10-03T01:34:44.177715+00:00,18.140909,"{""auc"":0.9050870537757874,""loss"":0.3904302716255188,""epoch"":13,""phase"":""base"",""pr_auc"":0.9098930954933167,""recall"":0.8116189241409302,""val_auc"":0.952851414680481,""accuracy"":0.8247069716453552,""val_loss"":0.3454837501049042,""precision"":0.8347030878067017,""val_pr_auc"":0.9510974287986755,""val_recall"":0.7486792206764221,""phase_epoch"":13,""specificity"":0.8379063606262207,""val_accuracy"":0.8577794432640076,""learning_rate"":0.00009999999747378752,""val_precision"":0.9520153403282166,""val_specificity"":0.9634502923976608,""balanced_accuracy"":0.8247626423835754,""recall_parasitized"":0.8116189241409302,""val_f2_parasitized"":0.7820876695048881,""val_balanced_accuracy"":0.8560647688403398,""val_n_pred_uninfected"":1651,""val_n_pred_parasitized"":1042,""val_pr_auc_parasitized"":0.951169955402253,""val_recall_parasitized"":0.7486792452830189,""val_prediction_collapse"":0,""val_roc_auc_parasitized"":0.9529107359593953,""val_early_stopping_score"":0.7820876695047285,""val_checkpoint_policy_score"":0.7486792452830189,""val_percent_pred_uninfected"":0.6130709246193836,""val_sensitivity_parasitized"":0.7486792452830189,""val_percent_pred_parasitized"":0.38692907538061644,""val_prediction_collapse_detected"":0}",0.9050870537757874,0.3904302716255188,13,base,0.9098930954933167,0.8116189241409302,0.952851414680481,0.8247069716453552,0.3454837501049042,0.8347030878067017,0.9510974287986755,0.7486792206764221,13,0.8379063606262207,0.8577794432640076,0.00009999999747378752,0.9520153403282166,0.9634502923976608,0.8247626423835754,0.8116189241409302,0.7820876695048881,0.8560647688403398,1651,1042,0.951169955402253,0.7486792452830189,0,0.9529107359593953,0.7820876695047285,0.7486792452830189,0.6130709246193836,0.7486792452830189,0.38692907538061644,0
85870857-925b-4b9f-9533-a2855d254d77,densenet121,adamw,Q06/Q11,train_execution_records,epoch,base,14,2026-10-03T01:37:35.566692+00:00,748b792f-e770-4d4c-bb70-e664004d43af,67,2026-10-03T01:37:35.569662+00:00,2026-10-03T01:34:25.679780+00:00,189.889882,2026-10-03T01:37:35.614481+00:00,2026-10-03T01:37:35.897888+00:00,0.283407,2026-10-03T01:37:35.940990+00:00,2026-10-03T01:37:53.966228+00:00,18.025238,"{""auc"":0.9081746935844421,""loss"":0.38507694005966187,""epoch"":14,""phase"":""base"",""pr_auc"":0.9121459722518921,""recall"":0.8164676427841187,""val_auc"":0.953298807144165,""accuracy"":0.8303426504135132,""val_loss"":0.340671569108963,""precision"":0.8410099744796753,""val_pr_auc"":0.9517247080802917,""val_recall"":0.7554717063903809,""phase_epoch"":14,""specificity"":0.8443357944488525,""val_accuracy"":0.8603787422180176,""learning_rate"":0.00009999999747378752,""val_precision"":0.9506173133850098,""val_specificity"":0.9619883040935673,""balanced_accuracy"":0.8304017186164856,""recall_parasitized"":0.8164676427841187,""val_f2_parasitized"":0.7878167794742641,""val_balanced_accuracy"":0.8587300011033874,""val_n_pred_uninfected"":1640,""val_n_pred_parasitized"":1053,""val_pr_auc_parasitized"":0.9517197592318672,""val_recall_parasitized"":0.7554716981132076,""val_prediction_collapse"":0,""val_roc_auc_parasitized"":0.9533896060906986,""val_early_stopping_score"":0.7878167794741011,""val_checkpoint_policy_score"":0.7554716981132076,""val_percent_pred_uninfected"":0.6089862606758262,""val_sensitivity_parasitized"":0.7554716981132076,""val_percent_pred_parasitized"":0.39101373932417377,""val_prediction_collapse_detected"":0}",0.9081746935844421,0.38507694005966187,14,base,0.9121459722518921,0.8164676427841187,0.953298807144165,0.8303426504135132,0.340671569108963,0.8410099744796753,0.9517247080802917,0.7554717063903809,14,0.8443357944488525,0.8603787422180176,0.00009999999747378752,0.9506173133850098,0.9619883040935673,0.8304017186164856,0.8164676427841187,0.7878167794742641,0.8587300011033874,1640,1053,0.9517197592318672,0.7554716981132076,0,0.9533896060906986,0.7878167794741011,0.7554716981132076,0.6089862606758262,0.7554716981132076,0.39101373932417377,0
85870857-925b-4b9f-9533-a2855d254d77,densenet121,adamw,Q06/Q11,train_execution_records,epoch,base,15,2026-10-03T01:40:45.693213+00:00,fe1fe3c5-ba53-4ad6-b507-9aafa5bca14a,72,2026-10-03T01:40:45.697098+00:00,2026-10-03T01:37:35.569662+00:00,190.127436,2026-10-03T01:40:45.738466+00:00,2026-10-03T01:40:45.996934+00:00,0.258468,2026-10-03T01:40:46.037645+00:00,2026-10-03T01:41:04.044117+00:00,18.006472,"{""auc"":0.9119231700897217,""loss"":0.3777870833873749,""epoch"":15,""phase"":""base"",""pr_auc"":0.9164897203445435,""recall"":0.8205082416534424,""val_auc"":0.9540116190910339,""accuracy"":0.8357529044151306,""val_loss"":0.346333771944046,""precision"":0.8475236296653748,""val_pr_auc"":0.952305257320404,""val_recall"":0.7366037964820862,""phase_epoch"":15,""specificity"":0.8511273860931396,""val_accuracy"":0.8533234596252441,""learning_rate"":0.00009999999747378752,""val_precision"":0.9549902081489563,""val_specificity"":0.966374269005848,""balanced_accuracy"":0.835817813873291,""recall_parasitized"":0.8205082416534424,""val_f2_parasitized"":0.7719076241695666,""val_balanced_accuracy"":0.8514890212953768,""val_n_pred_uninfected"":1671,""val_n_pred_parasitized"":1022,""val_pr_auc_parasitized"":0.9522850764259114,""val_recall_parasitized"":0.7366037735849057,""val_prediction_collapse"":0,""val_roc_auc_parasitized"":0.954077568134172,""val_early_stopping_score"":0.7719076241694133,""val_checkpoint_policy_score"":0.7366037735849057,""val_percent_pred_uninfected"":0.6204975863349425,""val_sensitivity_parasitized"":0.7366037735849057,""val_percent_pred_parasitized"":0.37950241366505755,""val_prediction_collapse_detected"":0}",0.9119231700897217,0.3777870833873749,15,base,0.9164897203445435,0.8205082416534424,0.9540116190910339,0.8357529044151306,0.346333771944046,0.8475236296653748,0.952305257320404,0.7366037964820862,15,0.8511273860931396,0.8533234596252441,0.00009999999747378752,0.9549902081489563,0.966374269005848,0.835817813873291,0.8205082416534424,0.7719076241695666,0.8514890212953768,1671,1022,0.9522850764259114,0.7366037735849057,0,0.954077568134172,0.7719076241694133,0.7366037735849057,0.6204975863349425,0.7366037735849057,0.37950241366505755,0
85870857-925b-4b9f-9533-a2855d254d77,densenet121,adamw,Q06/Q11,train_execution_records,epoch,base,16,2026-10-03T01:43:56.510393+00:00,56e4ed0b-3a06-44f1-a4d1-168b81187ee5,77,2026-10-03T01:43:56.513619+00:00,2026-10-03T01:40:45.697098+00:00,190.816521,2026-10-03T01:43:56.556181+00:00,2026-10-03T01:43:56.814568+00:00,0.258387,2026-10-03T01:43:56.855543+00:00,2026-10-03T01:44:14.868579+00:00,18.013036,"{""auc"":0.9079305529594421,""loss"":0.3862956464290619,""epoch"":16,""phase"":""base"",""pr_auc"":0.9106327891349792,""recall"":0.8167369961738586,""val_auc"":0.9548375010490417,""accuracy"":0.8312443494796753,""val_loss"":0.33797669410705566,""precision"":0.8423781991004944,""val_pr_auc"":0.9530544877052307,""val_recall"":0.7532075643539429,""phase_epoch"":16,""specificity"":0.8458752036094666,""val_accuracy"":0.8607500791549683,""learning_rate"":0.00009999999747378752,""val_precision"":0.9541109204292297,""val_specificity"":0.9649122807017544,""balanced_accuracy"":0.8313060998916626,""recall_parasitized"":0.8167369961738586,""val_f2_parasitized"":0.7863220926567916,""val_balanced_accuracy"":0.8590599139357828,""val_n_pred_uninfected"":1647,""val_n_pred_parasitized"":1046,""val_pr_auc_parasitized"":0.9530343446335873,""val_recall_parasitized"":0.7532075471698113,""val_prediction_collapse"":0,""val_roc_auc_parasitized"":0.9548085622862186,""val_early_stopping_score"":0.7863220926566297,""val_checkpoint_policy_score"":0.7532075471698113,""val_percent_pred_uninfected"":0.6115855922762718,""val_sensitivity_parasitized"":0.7532075471698113,""val_percent_pred_parasitized"":0.3884144077237282,""val_prediction_collapse_detected"":0}",0.9079305529594421,0.3862956464290619,16,base,0.9106327891349792,0.8167369961738586,0.9548375010490417,0.8312443494796753,0.33797669410705566,0.8423781991004944,0.9530544877052307,0.7532075643539429,16,0.8458752036094666,0.8607500791549683,0.00009999999747378752,0.9541109204292297,0.9649122807017544,0.8313060998916626,0.8167369961738586,0.7863220926567916,0.8590599139357828,1647,1046,0.9530343446335873,0.7532075471698113,0,0.9548085622862186,0.7863220926566297,0.7532075471698113,0.6115855922762718,0.7532075471698113,0.3884144077237282,0
85870857-925b-4b9f-9533-a2855d254d77,densenet121,adamw,Q06/Q11,train_execution_records,epoch,base,17,2026-10-03T01:47:08.915572+00:00,be0bf419-f389-4e51-9d1b-927aab4b68e2,82,2026-10-03T01:47:08.919845+00:00,2026-10-03T01:43:56.513619+00:00,192.406226,2026-10-03T01:47:08.960960+00:00,2026-10-03T01:47:09.235951+00:00,0.274991,2026-10-03T01:47:09.277886+00:00,2026-10-03T01:47:27.542190+00:00,18.264304,"{""auc"":0.9101852178573608,""loss"":0.38135504722595215,""epoch"":17,""phase"":""base"",""pr_auc"":0.9142694473266602,""recall"":0.8205980062484741,""val_auc"":0.9548149108886719,""accuracy"":0.8358882069587708,""val_loss"":0.33451196551322937,""precision"":0.847694993019104,""val_pr_auc"":0.9531134366989136,""val_recall"":0.7577358484268188,""phase_epoch"":17,""specificity"":0.8513085246086121,""val_accuracy"":0.8626067638397217,""learning_rate"":0.00009999999747378752,""val_precision"":0.9534662961959839,""val_specificity"":0.9641812865497076,""balanced_accuracy"":0.8359532356262207,""recall_parasitized"":0.8205980062484741,""val_f2_parasitized"":0.7901778687234378,""val_balanced_accuracy"":0.8609585678031557,""val_n_pred_uninfected"":1640,""val_n_pred_parasitized"":1053,""val_pr_auc_parasitized"":0.9530802488121108,""val_recall_parasitized"":0.7577358490566037,""val_prediction_collapse"":0,""val_roc_auc_parasitized"":0.95479035639413,""val_early_stopping_score"":0.7901778687232732,""val_checkpoint_policy_score"":0.7577358490566037,""val_percent_pred_uninfected"":0.6089862606758262,""val_sensitivity_parasitized"":0.7577358490566037,""val_percent_pred_parasitized"":0.39101373932417377,""val_prediction_collapse_detected"":0}",0.9101852178573608,0.38135504722595215,17,base,0.9142694473266602,0.8205980062484741,0.9548149108886719,0.8358882069587708,0.33451196551322937,0.847694993019104,0.9531134366989136,0.7577358484268188,17,0.8513085246086121,0.8626067638397217,0.00009999999747378752,0.9534662961959839,0.9641812865497076,0.8359532356262207,0.8205980062484741,0.7901778687234378,0.8609585678031557,1640,1053,0.9530802488121108,0.7577358490566037,0,0.95479035639413,0.7901778687232732,0.7577358490566037,0.6089862606758262,0.7577358490566037,0.39101373932417377,0
85870857-925b-4b9f-9533-a2855d254d77,densenet121,adamw,Q06/Q11,train_execution_records,epoch,base,18,2026-10-03T01:50:20.624098+00:00,ebc35aee-a629-40c3-b29c-3a09e52b3c53,87,2026-10-03T01:50:20.629436+00:00,2026-10-03T01:47:08.919845+00:00,191.709591,2026-10-03T01:50:20.671945+00:00,2026-10-03T01:50:20.933349+00:00,0.261404,2026-10-03T01:50:20.974682+00:00,2026-10-03T01:50:39.092106+00:00,18.117424,"{""auc"":0.9107668399810791,""loss"":0.3798340857028961,""epoch"":18,""phase"":""base"",""pr_auc"":0.9152522683143616,""recall"":0.8185328245162964,""val_auc"":0.9551936388015747,""accuracy"":0.8336338996887207,""val_loss"":0.32358697056770325,""precision"":0.8452480435371399,""val_pr_auc"":0.9535945057868958,""val_recall"":0.7849056720733643,""phase_epoch"":18,""specificity"":0.8488635420799255,""val_accuracy"":0.8700334429740906,""learning_rate"":0.00009999999747378752,""val_precision"":0.9411764740943909,""val_specificity"":0.952485380116959,""balanced_accuracy"":0.8336981534957886,""recall_parasitized"":0.8185328245162964,""val_f2_parasitized"":0.8118657298985168,""val_balanced_accuracy"":0.8686955202471588,""val_n_pred_uninfected"":1588,""val_n_pred_parasitized"":1105,""val_pr_auc_parasitized"":0.9535791670893886,""val_recall_parasitized"":0.7849056603773585,""val_prediction_collapse"":0,""val_roc_auc_parasitized"":0.9551743352090918,""val_early_stopping_score"":0.8118657298983384,""val_checkpoint_policy_score"":0.7849056603773585,""val_percent_pred_uninfected"":0.5896769402153732,""val_sensitivity_parasitized"":0.7849056603773585,""val_percent_pred_parasitized"":0.4103230597846268,""val_prediction_collapse_detected"":0}",0.9107668399810791,0.3798340857028961,18,base,0.9152522683143616,0.8185328245162964,0.9551936388015747,0.8336338996887207,0.32358697056770325,0.8452480435371399,0.9535945057868958,0.7849056720733643,18,0.8488635420799255,0.8700334429740906,0.00009999999747378752,0.9411764740943909,0.952485380116959,0.8336981534957886,0.8185328245162964,0.8118657298985168,0.8686955202471588,1588,1105,0.9535791670893886,0.7849056603773585,0,0.9551743352090918,0.8118657298983384,0.7849056603773585,0.5896769402153732,0.7849056603773585,0.4103230597846268,0
85870857-925b-4b9f-9533-a2855d254d77,densenet121,adamw,Q06/Q11,train_execution_records,epoch,base,19,2026-10-03T01:53:31.207326+00:00,84ae9f5a-ce8c-4a4b-9751-c4df4a9659f8,92,2026-10-03T01:53:31.210644+00:00,2026-10-03T01:50:20.629436+00:00,190.581208,2026-10-03T01:53:31.251385+00:00,2026-10-03T01:53:31.617442+00:00,0.366057,2026-10-03T01:53:31.658190+00:00,2026-10-03T01:53:49.641496+00:00,17.983306,"{""auc"":0.9149584174156189,""loss"":0.37193405628204346,""epoch"":19,""phase"":""base"",""pr_auc"":0.9195119142532349,""recall"":0.8248181939125061,""val_auc"":0.9552711248397827,""accuracy"":0.8384580612182617,""val_loss"":0.32861438393592834,""precision"":0.8491403460502625,""val_pr_auc"":0.9537374377250671,""val_recall"":0.7645282745361328,""phase_epoch"":19,""specificity"":0.8522140979766846,""val_accuracy"":0.8655773997306824,""learning_rate"":0.00009999999747378752,""val_precision"":0.9529632925987244,""val_specificity"":0.9634502923976608,""balanced_accuracy"":0.838516116142273,""recall_parasitized"":0.8248181939125061,""val_f2_parasitized"":0.796008172245796,""val_balanced_accuracy"":0.8639892971422266,""val_n_pred_uninfected"":1630,""val_n_pred_parasitized"":1063,""val_pr_auc_parasitized"":0.9537572762216896,""val_recall_parasitized"":0.7645283018867924,""val_prediction_collapse"":0,""val_roc_auc_parasitized"":0.9552521240207437,""val_early_stopping_score"":0.7960081722456279,""val_checkpoint_policy_score"":0.7645283018867924,""val_percent_pred_uninfected"":0.6052729298180468,""val_sensitivity_parasitized"":0.7645283018867924,""val_percent_pred_parasitized"":0.3947270701819532,""val_prediction_collapse_detected"":0}",0.9149584174156189,0.37193405628204346,19,base,0.9195119142532349,0.8248181939125061,0.9552711248397827,0.8384580612182617,0.32861438393592834,0.8491403460502625,0.9537374377250671,0.7645282745361328,19,0.8522140979766846,0.8655773997306824,0.00009999999747378752,0.9529632925987244,0.9634502923976608,0.838516116142273,0.8248181939125061,0.796008172245796,0.8639892971422266,1630,1063,0.9537572762216896,0.7645283018867924,0,0.9552521240207437,0.7960081722456279,0.7645283018867924,0.6052729298180468,0.7645283018867924,0.3947270701819532,0
85870857-925b-4b9f-9533-a2855d254d77,densenet121,adamw,Q06/Q11,train_execution_records,epoch,base,20,2026-10-03T01:56:41.065092+00:00,bedf287b-d0ff-40d0-9576-b84f551fcdd7,97,2026-10-03T01:56:41.068029+00:00,2026-10-03T01:53:31.210644+00:00,189.857385,2026-10-03T01:56:41.110265+00:00,2026-10-03T01:56:41.368504+00:00,0.258239,2026-10-03T01:56:41.406499+00:00,2026-10-03T01:56:59.319816+00:00,17.913317,"{""auc"":0.9133700728416443,""loss"":0.3755488693714142,""epoch"":20,""phase"":""base"",""pr_auc"":0.9164636731147766,""recall"":0.8250875473022461,""val_auc"":0.955295979976654,""accuracy"":0.8402615189552307,""val_loss"":0.32924914360046387,""precision"":0.8520957231521606,""val_pr_auc"":0.9536789059638977,""val_recall"":0.7622641324996948,""phase_epoch"":20,""specificity"":0.8555645942687988,""val_accuracy"":0.8648347854614258,""learning_rate"":0.00009999999747378752,""val_precision"":0.9537299275398254,""val_specificity"":0.9641812865497076,""balanced_accuracy"":0.8403260707855225,""recall_parasitized"":0.8250875473022461,""val_f2_parasitized"":0.7941500235886145,""val_balanced_accuracy"":0.863222718746552,""val_n_pred_uninfected"":1634,""val_n_pred_parasitized"":1059,""val_pr_auc_parasitized"":0.9538401675604387,""val_recall_parasitized"":0.7622641509433963,""val_prediction_collapse"":0,""val_roc_auc_parasitized"":0.955275846849829,""val_early_stopping_score"":0.7941500235884476,""val_checkpoint_policy_score"":0.7622641509433963,""val_percent_pred_uninfected"":0.6067582621611586,""val_sensitivity_parasitized"":0.7622641509433963,""val_percent_pred_parasitized"":0.3932417378388414,""val_prediction_collapse_detected"":0}",0.9133700728416443,0.3755488693714142,20,base,0.9164636731147766,0.8250875473022461,0.955295979976654,0.8402615189552307,0.32924914360046387,0.8520957231521606,0.9536789059638977,0.7622641324996948,20,0.8555645942687988,0.8648347854614258,0.00009999999747378752,0.9537299275398254,0.9641812865497076,0.8403260707855225,0.8250875473022461,0.7941500235886145,0.863222718746552,1634,1059,0.9538401675604387,0.7622641509433963,0,0.955275846849829,0.7941500235884476,0.7622641509433963,0.6067582621611586,0.7622641509433963,0.3932417378388414,0
85870857-925b-4b9f-9533-a2855d254d77,densenet121,adamw,Q06/Q11,train_execution_records,epoch,base,21,2026-10-03T01:59:52.230208+00:00,fe62d150-8a36-4698-81b0-f6abef7da690,102,2026-10-03T01:59:52.232687+00:00,2026-10-03T01:56:41.068029+00:00,191.164658,2026-10-03T01:59:52.273836+00:00,2026-10-03T01:59:52.529014+00:00,0.255178,2026-10-03T01:59:52.565867+00:00,2026-10-03T02:00:10.630695+00:00,18.064828,"{""auc"":0.9144089221954346,""loss"":0.3719865381717682,""epoch"":21,""phase"":""base"",""pr_auc"":0.9190282821655273,""recall"":0.8243691921234131,""val_auc"":0.9557993412017822,""accuracy"":0.8400360941886902,""val_loss"":0.32593753933906555,""precision"":0.8522231578826904,""val_pr_auc"":0.9541609287261963,""val_recall"":0.7660377621650696,""phase_epoch"":21,""specificity"":0.8558362722396851,""val_accuracy"":0.8652060627937317,""learning_rate"":0.00009999999747378752,""val_precision"":0.9503745436668396,""val_specificity"":0.9612573099415205,""balanced_accuracy"":0.8401027321815491,""recall_parasitized"":0.8243691921234131,""val_f2_parasitized"":0.7969535175879398,""val_balanced_accuracy"":0.8636475228952886,""val_n_pred_uninfected"":1625,""val_n_pred_parasitized"":1068,""val_pr_auc_parasitized"":0.9542376446865457,""val_recall_parasitized"":0.7660377358490567,""val_prediction_collapse"":0,""val_roc_auc_parasitized"":0.9557629923866269,""val_early_stopping_score"":0.796953517587771,""val_checkpoint_policy_score"":0.7660377358490567,""val_percent_pred_uninfected"":0.6034162643891571,""val_sensitivity_parasitized"":0.7660377358490567,""val_percent_pred_parasitized"":0.3965837356108429,""val_prediction_collapse_detected"":0}",0.9144089221954346,0.3719865381717682,21,base,0.9190282821655273,0.8243691921234131,0.9557993412017822,0.8400360941886902,0.32593753933906555,0.8522231578826904,0.9541609287261963,0.7660377621650696,21,0.8558362722396851,0.8652060627937317,0.00009999999747378752,0.9503745436668396,0.9612573099415205,0.8401027321815491,0.8243691921234131,0.7969535175879398,0.8636475228952886,1625,1068,0.9542376446865457,0.7660377358490567,0,0.9557629923866269,0.796953517587771,0.7660377358490567,0.6034162643891571,0.7660377358490567,0.3965837356108429,0
85870857-925b-4b9f-9533-a2855d254d77,densenet121,adamw,Q06/Q11,train_execution_records,epoch,base,22,2026-10-03T02:03:02.161023+00:00,51b92d28-e8bc-4a91-8539-31aab097f4f3,107,2026-10-03T02:03:02.165821+00:00,2026-10-03T01:59:52.232687+00:00,189.933134,2026-10-03T02:03:02.214177+00:00,2026-10-03T02:03:02.493014+00:00,0.278837,2026-10-03T02:03:02.534916+00:00,2026-10-03T02:03:20.779580+00:00,18.244664,"{""auc"":0.9154351949691772,""loss"":0.370013952255249,""epoch"":22,""phase"":""base"",""pr_auc"":0.9198119044303894,""recall"":0.8266139626502991,""val_auc"":0.9557136297225952,""accuracy"":0.8397204875946045,""val_loss"":0.3284667730331421,""precision"":0.8500461578369141,""val_pr_auc"":0.9542927742004395,""val_recall"":0.7630188465118408,""phase_epoch"":22,""specificity"":0.8529385328292847,""val_accuracy"":0.8652060627937317,""learning_rate"":0.00004999999873689376,""val_precision"":0.953773558139801,""val_specificity"":0.9641812865497076,""balanced_accuracy"":0.8397762775421143,""recall_parasitized"":0.8266139626502991,""val_f2_parasitized"":0.7948113207547169,""val_balanced_accuracy"":0.863600077237118,""val_n_pred_uninfected"":1633,""val_n_pred_parasitized"":1060,""val_pr_auc_parasitized"":0.9543302847583942,""val_recall_parasitized"":0.7630188679245283,""val_prediction_collapse"":0,""val_roc_auc_parasitized"":0.9557497517378352,""val_early_stopping_score"":0.7948113207545495,""val_checkpoint_policy_score"":0.7630188679245283,""val_percent_pred_uninfected"":0.6063869290753806,""val_sensitivity_parasitized"":0.7630188679245283,""val_percent_pred_parasitized"":0.3936130709246194,""val_prediction_collapse_detected"":0}",0.9154351949691772,0.370013952255249,22,base,0.9198119044303894,0.8266139626502991,0.9557136297225952,0.8397204875946045,0.3284667730331421,0.8500461578369141,0.9542927742004395,0.7630188465118408,22,0.8529385328292847,0.8652060627937317,0.00004999999873689376,0.953773558139801,0.9641812865497076,0.8397762775421143,0.8266139626502991,0.7948113207547169,0.863600077237118,1633,1060,0.9543302847583942,0.7630188679245283,0,0.9557497517378352,0.7948113207545495,0.7630188679245283,0.6063869290753806,0.7630188679245283,0.3936130709246194,0
85870857-925b-4b9f-9533-a2855d254d77,densenet121,adamw,Q06/Q11,train_execution_records,epoch,base,23,2026-10-03T02:06:12.911292+00:00,73c73538-eba8-400e-b18c-8d295fb2de5f,112,2026-10-03T02:06:12.914903+00:00,2026-10-03T02:03:02.165821+00:00,190.749082,2026-10-03T02:06:12.958163+00:00,2026-10-03T02:06:13.218411+00:00,0.260248,2026-10-03T02:06:13.257288+00:00,2026-10-03T02:06:31.404706+00:00,18.147418,"{""auc"":0.9162337183952332,""loss"":0.3678831160068512,""epoch"":23,""phase"":""base"",""pr_auc"":0.9219333529472351,""recall"":0.8245487809181213,""val_auc"":0.9558658599853516,""accuracy"":0.8416140675544739,""val_loss"":0.3234540820121765,""precision"":0.8548687100410461,""val_pr_auc"":0.9543284773826599,""val_recall"":0.7743396162986755,""phase_epoch"":23,""specificity"":0.858824610710144,""val_accuracy"":0.8681767582893372,""learning_rate"":0.00004999999873689376,""val_precision"":0.9482439756393433,""val_specificity"":0.9590643274853801,""balanced_accuracy"":0.8416867256164551,""recall_parasitized"":0.8245487809181213,""val_f2_parasitized"":0.8038232528987778,""val_balanced_accuracy"":0.8667019750634448,""val_n_pred_uninfected"":1611,""val_n_pred_parasitized"":1082,""val_pr_auc_parasitized"":0.9544240626342185,""val_recall_parasitized"":0.7743396226415095,""val_prediction_collapse"":0,""val_roc_auc_parasitized"":0.9558551252344698,""val_early_stopping_score"":0.8038232528986047,""val_checkpoint_policy_score"":0.7743396226415095,""val_percent_pred_uninfected"":0.5982176011882658,""val_sensitivity_parasitized"":0.7743396226415095,""val_percent_pred_parasitized"":0.4017823988117341,""val_prediction_collapse_detected"":0}",0.9162337183952332,0.3678831160068512,23,base,0.9219333529472351,0.8245487809181213,0.9558658599853516,0.8416140675544739,0.3234540820121765,0.8548687100410461,0.9543284773826599,0.7743396162986755,23,0.858824610710144,0.8681767582893372,0.00004999999873689376,0.9482439756393433,0.9590643274853801,0.8416867256164551,0.8245487809181213,0.8038232528987778,0.8667019750634448,1611,1082,0.9544240626342185,0.7743396226415095,0,0.9558551252344698,0.8038232528986047,0.7743396226415095,0.5982176011882658,0.7743396226415095,0.4017823988117341,0
85870857-925b-4b9f-9533-a2855d254d77,densenet121,adamw,Q06/Q11,train_execution_records,epoch,base,24,2026-10-03T02:09:24.456487+00:00,ccab3aaf-4c2a-4a00-bc9b-5e647ff2ca00,117,2026-10-03T02:09:24.464052+00:00,2026-10-03T02:06:12.914903+00:00,191.549149,2026-10-03T02:09:24.508165+00:00,2026-10-03T02:09:24.784245+00:00,0.27608,2026-10-03T02:09:24.826946+00:00,2026-10-03T02:09:42.812537+00:00,17.985591,"{""auc"":0.9148708581924438,""loss"":0.3706861734390259,""epoch"":24,""phase"":""base"",""pr_auc"":0.9193480610847473,""recall"":0.8254467248916626,""val_auc"":0.9559282064437866,""accuracy"":0.8390442132949829,""val_loss"":0.3272427022457123,""precision"":0.8497088551521301,""val_pr_auc"":0.9545486569404602,""val_recall"":0.7607547044754028,""phase_epoch"":24,""specificity"":0.8527573943138123,""val_accuracy"":0.8640921115875244,""learning_rate"":0.00004999999873689376,""val_precision"":0.9536423683166504,""val_specificity"":0.9641812865497076,""balanced_accuracy"":0.839102029800415,""recall_parasitized"":0.8254467248916626,""val_f2_parasitized"":0.7928268050967437,""val_balanced_accuracy"":0.8624680017654198,""val_n_pred_uninfected"":1636,""val_n_pred_parasitized"":1057,""val_pr_auc_parasitized"":0.9545107887166036,""val_recall_parasitized"":0.7607547169811321,""val_prediction_collapse"":0,""val_roc_auc_parasitized"":0.9559240869469271,""val_early_stopping_score"":0.7928268050965777,""val_checkpoint_policy_score"":0.7607547169811321,""val_percent_pred_uninfected"":0.6075009283327144,""val_sensitivity_parasitized"":0.7607547169811321,""val_percent_pred_parasitized"":0.39249907166728554,""val_prediction_collapse_detected"":0}",0.9148708581924438,0.3706861734390259,24,base,0.9193480610847473,0.8254467248916626,0.9559282064437866,0.8390442132949829,0.3272427022457123,0.8497088551521301,0.9545486569404602,0.7607547044754028,24,0.8527573943138123,0.8640921115875244,0.00004999999873689376,0.9536423683166504,0.9641812865497076,0.839102029800415,0.8254467248916626,0.7928268050967437,0.8624680017654198,1636,1057,0.9545107887166036,0.7607547169811321,0,0.9559240869469271,0.7928268050965777,0.7607547169811321,0.6075009283327144,0.7607547169811321,0.39249907166728554,0
85870857-925b-4b9f-9533-a2855d254d77,densenet121,adamw,Q06/Q11,train_execution_records,epoch,base,25,2026-10-03T02:12:34.526309+00:00,e7667a3d-c496-4914-a31e-571651092c4f,122,2026-10-03T02:12:34.529353+00:00,2026-10-03T02:09:24.464052+00:00,190.065301,2026-10-03T02:12:34.570047+00:00,2026-10-03T02:12:34.930451+00:00,0.360404,2026-10-03T02:12:34.971850+00:00,2026-10-03T02:12:53.063937+00:00,18.092087,"{""auc"":0.9154219627380371,""loss"":0.3695277273654938,""epoch"":25,""phase"":""base"",""pr_auc"":0.9214809536933899,""recall"":0.8231121301651001,""val_auc"":0.9559442400932312,""accuracy"":0.8400811553001404,""val_loss"":0.3211161494255066,""precision"":0.8532204031944275,""val_pr_auc"":0.9545443654060364,""val_recall"":0.7766037583351135,""phase_epoch"":25,""specificity"":0.8571946024894714,""val_accuracy"":0.8685480952262878,""learning_rate"":0.00004999999873689376,""val_precision"":0.9466421604156494,""val_specificity"":0.9576023391812866,""balanced_accuracy"":0.8401533365249634,""recall_parasitized"":0.8231121301651001,""val_f2_parasitized"":0.8055425082198215,""val_balanced_accuracy"":0.8671030563830961,""val_n_pred_uninfected"":1606,""val_n_pred_parasitized"":1087,""val_pr_auc_parasitized"":0.9545631424343605,""val_recall_parasitized"":0.7766037735849056,""val_prediction_collapse"":0,""val_roc_auc_parasitized"":0.9559505682445107,""val_early_stopping_score"":0.8055425082196473,""val_checkpoint_policy_score"":0.7766037735849056,""val_percent_pred_uninfected"":0.5963609357593762,""val_sensitivity_parasitized"":0.7766037735849056,""val_percent_pred_parasitized"":0.40363906424062385,""val_prediction_collapse_detected"":0}",0.9154219627380371,0.3695277273654938,25,base,0.9214809536933899,0.8231121301651001,0.9559442400932312,0.8400811553001404,0.3211161494255066,0.8532204031944275,0.9545443654060364,0.7766037583351135,25,0.8571946024894714,0.8685480952262878,0.00004999999873689376,0.9466421604156494,0.9576023391812866,0.8401533365249634,0.8231121301651001,0.8055425082198215,0.8671030563830961,1606,1087,0.9545631424343605,0.7766037735849056,0,0.9559505682445107,0.8055425082196473,0.7766037735849056,0.5963609357593762,0.7766037735849056,0.40363906424062385,0
85870857-925b-4b9f-9533-a2855d254d77,densenet121,adamw,Q06/Q11,train_execution_records,epoch,base,26,2026-10-03T02:15:45.770452+00:00,3a232690-1939-49de-bbf6-44a095aa7cd3,127,2026-10-03T02:15:45.774117+00:00,2026-10-03T02:12:34.529353+00:00,191.244764,2026-10-03T02:15:45.811042+00:00,2026-10-03T02:15:46.067144+00:00,0.256102,2026-10-03T02:15:46.103573+00:00,2026-10-03T02:16:04.289061+00:00,18.185488,"{""auc"":0.9152752757072449,""loss"":0.37033307552337646,""epoch"":26,""phase"":""base"",""pr_auc"":0.9201009273529053,""recall"":0.8274220824241638,""val_auc"":0.9562920928001404,""accuracy"":0.8417944312095642,""val_loss"":0.32302218675613403,""precision"":0.8530827760696411,""val_pr_auc"":0.9548384547233582,""val_recall"":0.7705660462379456,""phase_epoch"":26,""specificity"":0.8562890291213989,""val_accuracy"":0.8678054213523865,""learning_rate"":0.00004999999873689376,""val_precision"":0.9515377283096313,""val_specificity"":0.9619883040935673,""balanced_accuracy"":0.841855525970459,""recall_parasitized"":0.8274220824241638,""val_f2_parasitized"":0.801035619017731,""val_balanced_accuracy"":0.8662771709147081,""val_n_pred_uninfected"":1620,""val_n_pred_parasitized"":1073,""val_pr_auc_parasitized"":0.9549070129838317,""val_recall_parasitized"":0.7705660377358491,""val_prediction_collapse"":0,""val_roc_auc_parasitized"":0.9562959285004964,""val_early_stopping_score"":0.8010356190175596,""val_checkpoint_policy_score"":0.7705660377358491,""val_percent_pred_uninfected"":0.6015595989602673,""val_sensitivity_parasitized"":0.7705660377358491,""val_percent_pred_parasitized"":0.39844040103973266,""val_prediction_collapse_detected"":0}",0.9152752757072449,0.37033307552337646,26,base,0.9201009273529053,0.8274220824241638,0.9562920928001404,0.8417944312095642,0.32302218675613403,0.8530827760696411,0.9548384547233582,0.7705660462379456,26,0.8562890291213989,0.8678054213523865,0.00004999999873689376,0.9515377283096313,0.9619883040935673,0.841855525970459,0.8274220824241638,0.801035619017731,0.8662771709147081,1620,1073,0.9549070129838317,0.7705660377358491,0,0.9562959285004964,0.8010356190175596,0.7705660377358491,0.6015595989602673,0.7705660377358491,0.39844040103973266,0
85870857-925b-4b9f-9533-a2855d254d77,densenet121,adamw,Q06/Q11,train_execution_records,epoch,base,27,2026-10-03T02:18:55.753816+00:00,f8cb4c46-7111-401a-9487-6e63b9a0c413,132,2026-10-03T02:18:55.756986+00:00,2026-10-03T02:15:45.774117+00:00,189.982869,2026-10-03T02:18:55.799311+00:00,2026-10-03T02:18:56.058494+00:00,0.259183,2026-10-03T02:18:56.099247+00:00,2026-10-03T02:19:14.164780+00:00,18.065533,"{""auc"":0.9170392155647278,""loss"":0.3662503957748413,""epoch"":27,""phase"":""base"",""pr_auc"":0.9220157861709595,""recall"":0.8261650204658508,""val_auc"":0.956644594669342,""accuracy"":0.8432371616363525,""val_loss"":0.31979385018348694,""precision"":0.8565443754196167,""val_pr_auc"":0.9552059769630432,""val_recall"":0.7766037583351135,""phase_epoch"":27,""specificity"":0.8604545593261719,""val_accuracy"":0.8685480952262878,""learning_rate"":0.00004999999873689376,""val_precision"":0.9466421604156494,""val_specificity"":0.9576023391812866,""balanced_accuracy"":0.843309760093689,""recall_parasitized"":0.8261650204658508,""val_f2_parasitized"":0.8055425082198215,""val_balanced_accuracy"":0.8671030563830961,""val_n_pred_uninfected"":1606,""val_n_pred_parasitized"":1087,""val_pr_auc_parasitized"":0.9551907689691306,""val_recall_parasitized"":0.7766037735849056,""val_prediction_collapse"":0,""val_roc_auc_parasitized"":0.9566330133509875,""val_early_stopping_score"":0.8055425082196473,""val_checkpoint_policy_score"":0.7766037735849056,""val_percent_pred_uninfected"":0.5963609357593762,""val_sensitivity_parasitized"":0.7766037735849056,""val_percent_pred_parasitized"":0.40363906424062385,""val_prediction_collapse_detected"":0}",0.9170392155647278,0.3662503957748413,27,base,0.9220157861709595,0.8261650204658508,0.956644594669342,0.8432371616363525,0.31979385018348694,0.8565443754196167,0.9552059769630432,0.7766037583351135,27,0.8604545593261719,0.8685480952262878,0.00004999999873689376,0.9466421604156494,0.9576023391812866,0.843309760093689,0.8261650204658508,0.8055425082198215,0.8671030563830961,1606,1087,0.9551907689691306,0.7766037735849056,0,0.9566330133509875,0.8055425082196473,0.7766037735849056,0.5963609357593762,0.7766037735849056,0.40363906424062385,0
85870857-925b-4b9f-9533-a2855d254d77,densenet121,adamw,Q06/Q11,train_execution_records,epoch,base,28,2026-10-03T02:22:06.433664+00:00,d651b763-7f4c-49cd-a7b4-bee1dbc6b866,137,2026-10-03T02:22:06.436995+00:00,2026-10-03T02:18:55.756986+00:00,190.680009,2026-10-03T02:22:06.479837+00:00,2026-10-03T02:22:06.746821+00:00,0.266984,2026-10-03T02:22:06.786959+00:00,2026-10-03T02:22:24.738446+00:00,17.951487,"{""auc"":0.9134606719017029,""loss"":0.3739979863166809,""epoch"":28,""phase"":""base"",""pr_auc"":0.9177297353744507,""recall"":0.8211367726325989,""val_auc"":0.957042932510376,""accuracy"":0.8375563621520996,""val_loss"":0.32174569368362427,""precision"":0.8502231240272522,""val_pr_auc"":0.9554610848426819,""val_recall"":0.7705660462379456,""phase_epoch"":28,""specificity"":0.8541157245635986,""val_accuracy"":0.8685480952262878,""learning_rate"":0.00004999999873689376,""val_precision"":0.9533146619796753,""val_specificity"":0.9634502923976608,""balanced_accuracy"":0.8376262187957764,""recall_parasitized"":0.8211367726325989,""val_f2_parasitized"":0.8012870820907236,""val_balanced_accuracy"":0.8670081650667549,""val_n_pred_uninfected"":1622,""val_n_pred_parasitized"":1071,""val_pr_auc_parasitized"":0.9555428288898652,""val_recall_parasitized"":0.7705660377358491,""val_prediction_collapse"":0,""val_roc_auc_parasitized"":0.9570357497517378,""val_early_stopping_score"":0.8012870820905522,""val_checkpoint_policy_score"":0.7705660377358491,""val_percent_pred_uninfected"":0.6023022651318233,""val_sensitivity_parasitized"":0.7705660377358491,""val_percent_pred_parasitized"":0.3976977348681768,""val_prediction_collapse_detected"":0}",0.9134606719017029,0.3739979863166809,28,base,0.9177297353744507,0.8211367726325989,0.957042932510376,0.8375563621520996,0.32174569368362427,0.8502231240272522,0.9554610848426819,0.7705660462379456,28,0.8541157245635986,0.8685480952262878,0.00004999999873689376,0.9533146619796753,0.9634502923976608,0.8376262187957764,0.8211367726325989,0.8012870820907236,0.8670081650667549,1622,1071,0.9555428288898652,0.7705660377358491,0,0.9570357497517378,0.8012870820905522,0.7705660377358491,0.6023022651318233,0.7705660377358491,0.3976977348681768,0
85870857-925b-4b9f-9533-a2855d254d77,densenet121,adamw,Q06/Q11,train_execution_records,epoch,base,29,2026-10-03T02:25:18.147389+00:00,19d37287-d205-4630-a080-946053524af9,142,2026-10-03T02:25:18.151442+00:00,2026-10-03T02:22:06.436995+00:00,191.714447,2026-10-03T02:25:18.204242+00:00,2026-10-03T02:25:18.460641+00:00,0.256399,2026-10-03T02:25:18.499411+00:00,2026-10-03T02:25:36.513325+00:00,18.013914,"{""auc"":0.9158365726470947,""loss"":0.3684978485107422,""epoch"":29,""phase"":""base"",""pr_auc"":0.9213075637817383,""recall"":0.8240998387336731,""val_auc"":0.9570890069007874,""accuracy"":0.841208279132843,""val_loss"":0.31877651810646057,""precision"":0.8544828295707703,""val_pr_auc"":0.9553835391998291,""val_recall"":0.7758490443229675,""phase_epoch"":29,""specificity"":0.858462393283844,""val_accuracy"":0.8692907691001892,""learning_rate"":0.00004999999873689376,""val_precision"":0.9492151141166687,""val_specificity"":0.9597953216374269,""balanced_accuracy"":0.8412811160087585,""recall_parasitized"":0.8240998387336731,""val_f2_parasitized"":0.8052639824533918,""val_balanced_accuracy"":0.8678221891206002,""val_n_pred_uninfected"":1610,""val_n_pred_parasitized"":1083,""val_pr_auc_parasitized"":0.9556311595110417,""val_recall_parasitized"":0.7758490566037736,""val_prediction_collapse"":0,""val_roc_auc_parasitized"":0.95714526095112,""val_early_stopping_score"":0.8052639824532177,""val_checkpoint_policy_score"":0.7758490566037736,""val_percent_pred_uninfected"":0.597846268102488,""val_sensitivity_parasitized"":0.7758490566037736,""val_percent_pred_parasitized"":0.4021537318975121,""val_prediction_collapse_detected"":0}",0.9158365726470947,0.3684978485107422,29,base,0.9213075637817383,0.8240998387336731,0.9570890069007874,0.841208279132843,0.31877651810646057,0.8544828295707703,0.9553835391998291,0.7758490443229675,29,0.858462393283844,0.8692907691001892,0.00004999999873689376,0.9492151141166687,0.9597953216374269,0.8412811160087585,0.8240998387336731,0.8052639824533918,0.8678221891206002,1610,1083,0.9556311595110417,0.7758490566037736,0,0.95714526095112,0.8052639824532177,0.7758490566037736,0.597846268102488,0.7758490566037736,0.4021537318975121,0
85870857-925b-4b9f-9533-a2855d254d77,densenet121,adamw,Q06/Q11,train_execution_records,epoch,base,30,2026-10-03T02:28:27.994207+00:00,ca503dee-b3bd-4d05-94b6-95fc13050567,147,2026-10-03T02:28:27.997485+00:00,2026-10-03T02:25:18.151442+00:00,189.846043,2026-10-03T02:28:28.039160+00:00,2026-10-03T02:28:28.307393+00:00,0.268233,2026-10-03T02:28:28.345256+00:00,2026-10-03T02:28:46.388030+00:00,18.042774,"{""auc"":0.9171216487884521,""loss"":0.3656122386455536,""epoch"":30,""phase"":""base"",""pr_auc"":0.9230437278747559,""recall"":0.8247283697128296,""val_auc"":0.9572476148605347,""accuracy"":0.8404418230056763,""val_loss"":0.3185587525367737,""precision"":0.8526735901832581,""val_pr_auc"":0.9555480480194092,""val_recall"":0.7743396162986755,""phase_epoch"":30,""specificity"":0.8562890291213989,""val_accuracy"":0.8692907691001892,""learning_rate"":0.00004999999873689376,""val_precision"":0.9508804678916931,""val_specificity"":0.9612573099415205,""balanced_accuracy"":0.8405086994171143,""recall_parasitized"":0.8247283697128296,""val_f2_parasitized"":0.8042012854679417,""val_balanced_accuracy"":0.867798466291515,""val_n_pred_uninfected"":1614,""val_n_pred_parasitized"":1079,""val_pr_auc_parasitized"":0.9558089003719109,""val_recall_parasitized"":0.7743396226415095,""val_prediction_collapse"":0,""val_roc_auc_parasitized"":0.9573099415204678,""val_early_stopping_score"":0.8042012854677681,""val_checkpoint_policy_score"":0.7743396226415095,""val_percent_pred_uninfected"":0.5993316004455997,""val_sensitivity_parasitized"":0.7743396226415095,""val_percent_pred_parasitized"":0.4006683995544003,""val_prediction_collapse_detected"":0}",0.9171216487884521,0.3656122386455536,30,base,0.9230437278747559,0.8247283697128296,0.9572476148605347,0.8404418230056763,0.3185587525367737,0.8526735901832581,0.9555480480194092,0.7743396162986755,30,0.8562890291213989,0.8692907691001892,0.00004999999873689376,0.9508804678916931,0.9612573099415205,0.8405086994171143,0.8247283697128296,0.8042012854679417,0.867798466291515,1614,1079,0.9558089003719109,0.7743396226415095,0,0.9573099415204678,0.8042012854677681,0.7743396226415095,0.5993316004455997,0.7743396226415095,0.4006683995544003,0
85870857-925b-4b9f-9533-a2855d254d77,densenet121,adamw,Q06/Q11,train_execution_records,epoch,fine_tuning,1,2026-10-03T02:31:43.323285+00:00,cefa4fb4-3d70-45b9-8496-d3ca42e82c2b,154,2026-10-03T02:31:43.326634+00:00,2026-10-03T02:28:46.568204+00:00,176.75843,2026-10-03T02:31:43.369317+00:00,2026-10-03T02:31:43.628928+00:00,0.259611,2026-10-03T02:31:43.669604+00:00,2026-10-03T02:32:01.770599+00:00,18.100995,"{""auc"":0.9015671014785767,""loss"":0.4114750921726227,""epoch"":31,""phase"":""fine_tuning"",""pr_auc"":0.9077154397964478,""recall"":0.8483433723449707,""val_auc"":0.9431631565093994,""accuracy"":0.8173128962516785,""val_loss"":0.3636440932750702,""precision"":0.7999322414398193,""val_pr_auc"":0.9448583126068115,""val_recall"":0.7154716849327087,""phase_epoch"":1,""specificity"":0.7860183119773865,""val_accuracy"":0.8418121337890625,""learning_rate"":0.000009999999747378752,""val_precision"":0.9508525729179382,""val_specificity"":0.9641812865497076,""balanced_accuracy"":0.817180871963501,""recall_parasitized"":0.8483433723449707,""val_f2_parasitized"":0.7527393997141496,""val_balanced_accuracy"":0.8398264923314576,""val_n_pred_uninfected"":1696,""val_n_pred_parasitized"":997,""val_pr_auc_parasitized"":0.9447669506496502,""val_recall_parasitized"":0.7154716981132075,""val_prediction_collapse"":0,""val_roc_auc_parasitized"":0.9431794107911289,""val_early_stopping_score"":0.7527393997140074,""val_checkpoint_policy_score"":0.7154716981132075,""val_percent_pred_uninfected"":0.629780913479391,""val_sensitivity_parasitized"":0.7154716981132075,""val_percent_pred_parasitized"":0.370219086520609,""val_prediction_collapse_detected"":0}",0.9015671014785767,0.4114750921726227,31,fine_tuning,0.9077154397964478,0.8483433723449707,0.9431631565093994,0.8173128962516785,0.3636440932750702,0.7999322414398193,0.9448583126068115,0.7154716849327087,1,0.7860183119773865,0.8418121337890625,0.000009999999747378752,0.9508525729179382,0.9641812865497076,0.817180871963501,0.8483433723449707,0.7527393997141496,0.8398264923314576,1696,997,0.9447669506496502,0.7154716981132075,0,0.9431794107911289,0.7527393997140074,0.7154716981132075,0.629780913479391,0.7154716981132075,0.370219086520609,0
85870857-925b-4b9f-9533-a2855d254d77,densenet121,adamw,Q06/Q11,train_execution_records,epoch,fine_tuning,2,2026-10-03T02:34:54.173997+00:00,1bd214cf-5e7c-4be6-b4eb-7f1d9e9b4ae9,159,2026-10-03T02:34:54.177912+00:00,2026-10-03T02:31:43.326634+00:00,190.851278,2026-10-03T02:34:54.218637+00:00,2026-10-03T02:34:54.486933+00:00,0.268296,2026-10-03T02:34:54.526252+00:00,2026-10-03T02:35:12.684075+00:00,18.157823,"{""auc"":0.8999576568603516,""loss"":0.4113055467605591,""epoch"":32,""phase"":""fine_tuning"",""pr_auc"":0.9048659801483154,""recall"":0.8222142457962036,""val_auc"":0.9433416128158569,""accuracy"":0.8240306377410889,""val_loss"":0.37462127208709717,""precision"":0.8264440298080444,""val_pr_auc"":0.945099413394928,""val_recall"":0.6973584890365601,""phase_epoch"":2,""specificity"":0.8258625268936157,""val_accuracy"":0.8332714438438416,""learning_rate"":0.000009999999747378752,""val_precision"":0.9506173133850098,""val_specificity"":0.9649122807017544,""balanced_accuracy"":0.8240383863449097,""recall_parasitized"":0.8222142457962036,""val_f2_parasitized"":0.7366071428571429,""val_balanced_accuracy"":0.8311353856338961,""val_n_pred_uninfected"":1721,""val_n_pred_parasitized"":972,""val_pr_auc_parasitized"":0.9451320555218178,""val_recall_parasitized"":0.6973584905660377,""val_prediction_collapse"":0,""val_roc_auc_parasitized"":0.9434133289197837,""val_early_stopping_score"":0.7366071428570097,""val_checkpoint_policy_score"":0.6973584905660377,""val_percent_pred_uninfected"":0.6390642406238396,""val_sensitivity_parasitized"":0.6973584905660377,""val_percent_pred_parasitized"":0.3609357593761604,""val_prediction_collapse_detected"":0}",0.8999576568603516,0.4113055467605591,32,fine_tuning,0.9048659801483154,0.8222142457962036,0.9433416128158569,0.8240306377410889,0.37462127208709717,0.8264440298080444,0.945099413394928,0.6973584890365601,2,0.8258625268936157,0.8332714438438416,0.000009999999747378752,0.9506173133850098,0.9649122807017544,0.8240383863449097,0.8222142457962036,0.7366071428571429,0.8311353856338961,1721,972,0.9451320555218178,0.6973584905660377,0,0.9434133289197837,0.7366071428570097,0.6973584905660377,0.6390642406238396,0.6973584905660377,0.3609357593761604,0
85870857-925b-4b9f-9533-a2855d254d77,densenet121,adamw,Q06/Q11,train_execution_records,epoch,fine_tuning,3,2026-10-03T02:38:05.86604+00:00,226c2352-d1c3-4822-a7ce-287442905e7f,164,2026-10-03T02:38:05.868854+00:00,2026-10-03T02:34:54.177912+00:00,191.690942,2026-10-03T02:38:05.913534+00:00,2026-10-03T02:38:06.183755+00:00,0.270221,2026-10-03T02:38:06.222924+00:00,2026-10-03T02:38:24.320757+00:00,18.097833,"{""auc"":0.9038221836090088,""loss"":0.40111199021339417,""epoch"":33,""phase"":""fine_tuning"",""pr_auc"":0.9085665345191956,""recall"":0.8187124133110046,""val_auc"":0.9443076252937317,""accuracy"":0.8276374936103821,""val_loss"":0.3741784989833832,""precision"":0.834828794002533,""val_pr_auc"":0.9456526041030884,""val_recall"":0.6958490610122681,""phase_epoch"":3,""specificity"":0.8366385698318481,""val_accuracy"":0.8325287699699402,""learning_rate"":0.000009999999747378752,""val_precision"":0.9505154490470886,""val_specificity"":0.9649122807017544,""balanced_accuracy"":0.827675461769104,""recall_parasitized"":0.8187124133110046,""val_f2_parasitized"":0.7352472089314195,""val_balanced_accuracy"":0.8303806686527639,""val_n_pred_uninfected"":1723,""val_n_pred_parasitized"":970,""val_pr_auc_parasitized"":0.9459290619641516,""val_recall_parasitized"":0.6958490566037736,""val_prediction_collapse"":0,""val_roc_auc_parasitized"":0.9444124462098643,""val_early_stopping_score"":0.735247208931287,""val_checkpoint_policy_score"":0.6958490566037736,""val_percent_pred_uninfected"":0.6398069067953954,""val_sensitivity_parasitized"":0.6958490566037736,""val_percent_pred_parasitized"":0.3601930932046045,""val_prediction_collapse_detected"":0}",0.9038221836090088,0.40111199021339417,33,fine_tuning,0.9085665345191956,0.8187124133110046,0.9443076252937317,0.8276374936103821,0.3741784989833832,0.834828794002533,0.9456526041030884,0.6958490610122681,3,0.8366385698318481,0.8325287699699402,0.000009999999747378752,0.9505154490470886,0.9649122807017544,0.827675461769104,0.8187124133110046,0.7352472089314195,0.8303806686527639,1723,970,0.9459290619641516,0.6958490566037736,0,0.9444124462098643,0.735247208931287,0.6958490566037736,0.6398069067953954,0.6958490566037736,0.3601930932046045,0
85870857-925b-4b9f-9533-a2855d254d77,densenet121,adamw,Q06/Q11,train_execution_records,epoch,fine_tuning,4,2026-10-03T02:41:16.768137+00:00,5c82faf0-6a39-4adb-8eb9-a99a28777d0a,169,2026-10-03T02:41:16.772273+00:00,2026-10-03T02:38:05.868854+00:00,190.903419,2026-10-03T02:41:16.816764+00:00,2026-10-03T02:41:17.080928+00:00,0.264164,2026-10-03T02:41:17.122495+00:00,2026-10-03T02:41:34.933941+00:00,17.811446,"{""auc"":0.900505542755127,""loss"":0.41059234738349915,""epoch"":34,""phase"":""fine_tuning"",""pr_auc"":0.9053701162338257,""recall"":0.8147615790367126,""val_auc"":0.9456896185874939,""accuracy"":0.8232191205024719,""val_loss"":0.3696425259113312,""precision"":0.8300402760505676,""val_pr_auc"":0.946782112121582,""val_recall"":0.70113205909729,""phase_epoch"":4,""specificity"":0.8317486047744751,""val_accuracy"":0.835128128528595,""learning_rate"":0.000009999999747378752,""val_precision"":0.9508700370788574,""val_specificity"":0.9649122807017544,""balanced_accuracy"":0.8232550621032715,""recall_parasitized"":0.8147615790367126,""val_f2_parasitized"":0.7400031862354628,""val_balanced_accuracy"":0.8330221780867262,""val_n_pred_uninfected"":1716,""val_n_pred_parasitized"":977,""val_pr_auc_parasitized"":0.9470035103909523,""val_recall_parasitized"":0.7011320754716981,""val_prediction_collapse"":0,""val_roc_auc_parasitized"":0.9456487917907976,""val_early_stopping_score"":0.7400031862353277,""val_checkpoint_policy_score"":0.7011320754716981,""val_percent_pred_uninfected"":0.6372075751949499,""val_sensitivity_parasitized"":0.7011320754716981,""val_percent_pred_parasitized"":0.36279242480505014,""val_prediction_collapse_detected"":0}",0.900505542755127,0.41059234738349915,34,fine_tuning,0.9053701162338257,0.8147615790367126,0.9456896185874939,0.8232191205024719,0.3696425259113312,0.8300402760505676,0.946782112121582,0.70113205909729,4,0.8317486047744751,0.835128128528595,0.000009999999747378752,0.9508700370788574,0.9649122807017544,0.8232550621032715,0.8147615790367126,0.7400031862354628,0.8330221780867262,1716,977,0.9470035103909523,0.7011320754716981,0,0.9456487917907976,0.7400031862353277,0.7011320754716981,0.6372075751949499,0.7011320754716981,0.36279242480505014,0
85870857-925b-4b9f-9533-a2855d254d77,densenet121,adamw,Q06/Q11,train_execution_records,epoch,fine_tuning,5,2026-10-03T02:44:27.788376+00:00,ff75f7a0-0ac9-4c0b-ba6a-34c1fb3095a0,174,2026-10-03T02:44:27.802263+00:00,2026-10-03T02:41:16.772273+00:00,191.02999,2026-10-03T02:44:27.869701+00:00,2026-10-03T02:44:28.139997+00:00,0.270296,2026-10-03T02:44:28.178441+00:00,2026-10-03T02:44:48.776142+00:00,20.597701,"{""auc"":0.9028574228286743,""loss"":0.4050627648830414,""epoch"":35,""phase"":""fine_tuning"",""pr_auc"":0.9075594544410706,""recall"":0.8138636946678162,""val_auc"":0.9466539621353149,""accuracy"":0.8244364261627197,""val_loss"":0.36544671654701233,""precision"":0.832705557346344,""val_pr_auc"":0.9478614926338196,""val_recall"":0.7049056887626648,""phase_epoch"":5,""specificity"":0.8350991606712341,""val_accuracy"":0.8369847536087036,""learning_rate"":0.000004999999873689376,""val_precision"":0.951120138168335,""val_specificity"":0.9649122807017544,""balanced_accuracy"":0.8244814276695251,""recall_parasitized"":0.8138636946678162,""val_f2_parasitized"":0.74339382362305,""val_balanced_accuracy"":0.8349089705395565,""val_n_pred_uninfected"":1711,""val_n_pred_parasitized"":982,""val_pr_auc_parasitized"":0.9479576008240288,""val_recall_parasitized"":0.7049056603773585,""val_prediction_collapse"":0,""val_roc_auc_parasitized"":0.9467759020191989,""val_early_stopping_score"":0.7433938236229131,""val_checkpoint_policy_score"":0.7049056603773585,""val_percent_pred_uninfected"":0.6353509097660601,""val_sensitivity_parasitized"":0.7049056603773585,""val_percent_pred_parasitized"":0.3646490902339398,""val_prediction_collapse_detected"":0}",0.9028574228286743,0.4050627648830414,35,fine_tuning,0.9075594544410706,0.8138636946678162,0.9466539621353149,0.8244364261627197,0.36544671654701233,0.832705557346344,0.9478614926338196,0.7049056887626648,5,0.8350991606712341,0.8369847536087036,0.000004999999873689376,0.951120138168335,0.9649122807017544,0.8244814276695251,0.8138636946678162,0.74339382362305,0.8349089705395565,1711,982,0.9479576008240288,0.7049056603773585,0,0.9467759020191989,0.7433938236229131,0.7049056603773585,0.6353509097660601,0.7049056603773585,0.3646490902339398,0
85870857-925b-4b9f-9533-a2855d254d77,densenet121,adamw,Q06/Q11,train_execution_records,epoch,fine_tuning,6,2026-10-03T02:47:43.507956+00:00,8c6af390-e8b6-476b-a82b-5b6c14ae8cae,179,2026-10-03T02:47:43.511326+00:00,2026-10-03T02:44:27.802263+00:00,195.709063,2026-10-03T02:47:43.553275+00:00,2026-10-03T02:47:43.817020+00:00,0.263745,2026-10-03T02:47:43.856281+00:00,2026-10-03T02:48:01.668220+00:00,17.811939,"{""auc"":0.9061930775642395,""loss"":0.3971002995967865,""epoch"":36,""phase"":""fine_tuning"",""pr_auc"":0.9108899831771851,""recall"":0.8205082416534424,""val_auc"":0.9472016096115112,""accuracy"":0.828494131565094,""val_loss"":0.3639870285987854,""precision"":0.8350543975830078,""val_pr_auc"":0.9483177661895752,""val_recall"":0.7071698307991028,""phase_epoch"":6,""specificity"":0.8365480303764343,""val_accuracy"":0.8380987644195557,""learning_rate"":0.000004999999873689376,""val_precision"":0.9512690305709839,""val_specificity"":0.9649122807017544,""balanced_accuracy"":0.8285281658172607,""recall_parasitized"":0.8205082416534424,""val_f2_parasitized"":0.745425616547335,""val_balanced_accuracy"":0.8360410460112546,""val_n_pred_uninfected"":1708,""val_n_pred_parasitized"":985,""val_pr_auc_parasitized"":0.9483815658993374,""val_recall_parasitized"":0.7071698113207547,""val_prediction_collapse"":0,""val_roc_auc_parasitized"":0.9472321527088161,""val_early_stopping_score"":0.7454256165471969,""val_checkpoint_policy_score"":0.7071698113207547,""val_percent_pred_uninfected"":0.6342369105087263,""val_sensitivity_parasitized"":0.7071698113207547,""val_percent_pred_parasitized"":0.3657630894912737,""val_prediction_collapse_detected"":0}",0.9061930775642395,0.3971002995967865,36,fine_tuning,0.9108899831771851,0.8205082416534424,0.9472016096115112,0.828494131565094,0.3639870285987854,0.8350543975830078,0.9483177661895752,0.7071698307991028,6,0.8365480303764343,0.8380987644195557,0.000004999999873689376,0.9512690305709839,0.9649122807017544,0.8285281658172607,0.8205082416534424,0.745425616547335,0.8360410460112546,1708,985,0.9483815658993374,0.7071698113207547,0,0.9472321527088161,0.7454256165471969,0.7071698113207547,0.6342369105087263,0.7071698113207547,0.3657630894912737,0
85870857-925b-4b9f-9533-a2855d254d77,densenet121,adamw,Q06/Q11,train_execution_records,epoch,fine_tuning,7,2026-10-03T02:50:53.201731+00:00,208a5398-7c3d-47d3-853d-92eff8c7894b,184,2026-10-03T02:50:53.205689+00:00,2026-10-03T02:47:43.511326+00:00,189.694363,2026-10-03T02:50:53.248377+00:00,2026-10-03T02:50:53.507099+00:00,0.258722,2026-10-03T02:50:53.547759+00:00,2026-10-03T02:51:11.420031+00:00,17.872272,"{""auc"":0.9084802269935608,""loss"":0.39172276854515076,""epoch"":37,""phase"":""fine_tuning"",""pr_auc"":0.914055347442627,""recall"":0.8227530121803284,""val_auc"":0.9475411176681519,""accuracy"":0.8326420187950134,""val_loss"":0.36183175444602966,""precision"":0.8405650854110718,""val_pr_auc"":0.9486316442489624,""val_recall"":0.7116981148719788,""phase_epoch"":7,""specificity"":0.8426152467727661,""val_accuracy"":0.8403267860412598,""learning_rate"":0.000004999999873689376,""val_precision"":0.9515640735626221,""val_specificity"":0.9649122807017544,""balanced_accuracy"":0.8326841592788696,""recall_parasitized"":0.8227530121803284,""val_f2_parasitized"":0.7494833889683675,""val_balanced_accuracy"":0.8383051969546508,""val_n_pred_uninfected"":1702,""val_n_pred_parasitized"":991,""val_pr_auc_parasitized"":0.9486622306088363,""val_recall_parasitized"":0.7116981132075472,""val_prediction_collapse"":0,""val_roc_auc_parasitized"":0.9475747544963037,""val_early_stopping_score"":0.7494833889682271,""val_checkpoint_policy_score"":0.7116981132075472,""val_percent_pred_uninfected"":0.6320089119940586,""val_sensitivity_parasitized"":0.7116981132075472,""val_percent_pred_parasitized"":0.3679910880059413,""val_prediction_collapse_detected"":0}",0.9084802269935608,0.39172276854515076,37,fine_tuning,0.914055347442627,0.8227530121803284,0.9475411176681519,0.8326420187950134,0.36183175444602966,0.8405650854110718,0.9486316442489624,0.7116981148719788,7,0.8426152467727661,0.8403267860412598,0.000004999999873689376,0.9515640735626221,0.9649122807017544,0.8326841592788696,0.8227530121803284,0.7494833889683675,0.8383051969546508,1702,991,0.9486622306088363,0.7116981132075472,0,0.9475747544963037,0.7494833889682271,0.7116981132075472,0.6320089119940586,0.7116981132075472,0.3679910880059413,0
85870857-925b-4b9f-9533-a2855d254d77,densenet121,adamw,Q06/Q11,train_execution_records,epoch,fine_tuning,8,2026-10-03T02:54:06.249417+00:00,cb270d89-e7e1-41f4-ae9a-64bcab2283f7,189,2026-10-03T02:54:06.251411+00:00,2026-10-03T02:50:53.205689+00:00,193.045722,2026-10-03T02:54:06.291011+00:00,2026-10-03T02:54:06.553809+00:00,0.262798,2026-10-03T02:54:06.590134+00:00,2026-10-03T02:54:24.546976+00:00,17.956842,"{""auc"":0.906206488609314,""loss"":0.39700639247894287,""epoch"":38,""phase"":""fine_tuning"",""pr_auc"":0.9117293357849121,""recall"":0.8179940581321716,""val_auc"":0.9478108286857605,""accuracy"":0.8286744952201843,""val_loss"":0.3599933981895447,""precision"":0.8370853662490845,""val_pr_auc"":0.9488746523857117,""val_recall"":0.7124528288841248,""phase_epoch"":8,""specificity"":0.8394458293914795,""val_accuracy"":0.8406981229782104,""learning_rate"":0.000004999999873689376,""val_precision"":0.9516128897666931,""val_specificity"":0.9649122807017544,""balanced_accuracy"":0.828719973564148,""recall_parasitized"":0.8179940581321716,""val_f2_parasitized"":0.7501589319771138,""val_balanced_accuracy"":0.8386825554452169,""val_n_pred_uninfected"":1701,""val_n_pred_parasitized"":992,""val_pr_auc_parasitized"":0.9489166994515046,""val_recall_parasitized"":0.7124528301886792,""val_prediction_collapse"":0,""val_roc_auc_parasitized"":0.9478864614366106,""val_early_stopping_score"":0.7501589319769731,""val_checkpoint_policy_score"":0.7124528301886792,""val_percent_pred_uninfected"":0.6316375789082808,""val_sensitivity_parasitized"":0.7124528301886792,""val_percent_pred_parasitized"":0.3683624210917193,""val_prediction_collapse_detected"":0}",0.906206488609314,0.39700639247894287,38,fine_tuning,0.9117293357849121,0.8179940581321716,0.9478108286857605,0.8286744952201843,0.3599933981895447,0.8370853662490845,0.9488746523857117,0.7124528288841248,8,0.8394458293914795,0.8406981229782104,0.000004999999873689376,0.9516128897666931,0.9649122807017544,0.828719973564148,0.8179940581321716,0.7501589319771138,0.8386825554452169,1701,992,0.9489166994515046,0.7124528301886792,0,0.9478864614366106,0.7501589319769731,0.7124528301886792,0.6316375789082808,0.7124528301886792,0.3683624210917193,0
85870857-925b-4b9f-9533-a2855d254d77,densenet121,adamw,Q06/Q11,train_execution_records,epoch,fine_tuning,9,2026-10-03T02:57:20.074954+00:00,59f556de-3b50-4b3d-a3a2-483af0cf040f,194,2026-10-03T02:57:20.078139+00:00,2026-10-03T02:54:06.251411+00:00,193.826728,2026-10-03T02:57:20.120499+00:00,2026-10-03T02:57:20.379507+00:00,0.259008,2026-10-03T02:57:20.418735+00:00,2026-10-03T02:57:38.211116+00:00,17.792381,"{""auc"":0.908480703830719,""loss"":0.39108413457870483,""epoch"":39,""phase"":""fine_tuning"",""pr_auc"":0.9142410755157471,""recall"":0.8229325413703918,""val_auc"":0.9484939575195312,""accuracy"":0.8321009874343872,""val_loss"":0.3587292432785034,""precision"":0.8395163416862488,""val_pr_auc"":0.9494225978851318,""val_recall"":0.7132075428962708,""phase_epoch"":9,""specificity"":0.8413474559783936,""val_accuracy"":0.8410694599151611,""learning_rate"":0.000004999999873689376,""val_precision"":0.9516616463661194,""val_specificity"":0.9649122807017544,""balanced_accuracy"":0.8321399688720703,""recall_parasitized"":0.8229325413703918,""val_f2_parasitized"":0.7508342602892102,""val_balanced_accuracy"":0.8390599139357828,""val_n_pred_uninfected"":1700,""val_n_pred_parasitized"":993,""val_pr_auc_parasitized"":0.9494254362187255,""val_recall_parasitized"":0.7132075471698113,""val_prediction_collapse"":0,""val_roc_auc_parasitized"":0.9484569127220567,""val_early_stopping_score"":0.750834260289069,""val_checkpoint_policy_score"":0.7132075471698113,""val_percent_pred_uninfected"":0.6312662458225028,""val_sensitivity_parasitized"":0.7132075471698113,""val_percent_pred_parasitized"":0.3687337541774972,""val_prediction_collapse_detected"":0}",0.908480703830719,0.39108413457870483,39,fine_tuning,0.9142410755157471,0.8229325413703918,0.9484939575195312,0.8321009874343872,0.3587292432785034,0.8395163416862488,0.9494225978851318,0.7132075428962708,9,0.8413474559783936,0.8410694599151611,0.000004999999873689376,0.9516616463661194,0.9649122807017544,0.8321399688720703,0.8229325413703918,0.7508342602892102,0.8390599139357828,1700,993,0.9494254362187255,0.7132075471698113,0,0.9484569127220567,0.750834260289069,0.7132075471698113,0.6312662458225028,0.7132075471698113,0.3687337541774972,0
85870857-925b-4b9f-9533-a2855d254d77,densenet121,adamw,Q06/Q11,train_execution_records,epoch,fine_tuning,10,2026-10-03T03:00:27.867715+00:00,09d7a8f4-167d-4dea-abe7-056b7bc032bc,199,2026-10-03T03:00:27.870374+00:00,2026-10-03T02:57:20.078139+00:00,187.792235,2026-10-03T03:00:27.912198+00:00,2026-10-03T03:00:28.169965+00:00,0.257767,2026-10-03T03:00:28.209605+00:00,2026-10-03T03:00:46.002184+00:00,17.792579,"{""auc"":0.9070799350738525,""loss"":0.39508500695228577,""epoch"":40,""phase"":""fine_tuning"",""pr_auc"":0.9123566150665283,""recall"":0.8192511200904846,""val_auc"":0.9487568140029907,""accuracy"":0.8303426504135132,""val_loss"":0.35524097084999084,""precision"":0.839065670967102,""val_pr_auc"":0.9496598243713379,""val_recall"":0.7154716849327087,""phase_epoch"":10,""specificity"":0.841528594493866,""val_accuracy"":0.8421834111213684,""learning_rate"":0.000004999999873689376,""val_precision"":0.9518072009086609,""val_specificity"":0.9649122807017544,""balanced_accuracy"":0.8303898572921753,""recall_parasitized"":0.8192511200904846,""val_f2_parasitized"":0.752858958068615,""val_balanced_accuracy"":0.840191989407481,""val_n_pred_uninfected"":1697,""val_n_pred_parasitized"":996,""val_pr_auc_parasitized"":0.9496596397223147,""val_recall_parasitized"":0.7154716981132075,""val_prediction_collapse"":0,""val_roc_auc_parasitized"":0.948721174004193,""val_early_stopping_score"":0.7528589580684727,""val_checkpoint_policy_score"":0.7154716981132075,""val_percent_pred_uninfected"":0.630152246565169,""val_sensitivity_parasitized"":0.7154716981132075,""val_percent_pred_parasitized"":0.36984775343483106,""val_prediction_collapse_detected"":0}",0.9070799350738525,0.39508500695228577,40,fine_tuning,0.9123566150665283,0.8192511200904846,0.9487568140029907,0.8303426504135132,0.35524097084999084,0.839065670967102,0.9496598243713379,0.7154716849327087,10,0.841528594493866,0.8421834111213684,0.000004999999873689376,0.9518072009086609,0.9649122807017544,0.8303898572921753,0.8192511200904846,0.752858958068615,0.840191989407481,1697,996,0.9496596397223147,0.7154716981132075,0,0.948721174004193,0.7528589580684727,0.7154716981132075,0.630152246565169,0.7154716981132075,0.36984775343483106,0
85870857-925b-4b9f-9533-a2855d254d77,densenet121,adamw,Q06/Q11,train_execution_records,epoch,fine_tuning,11,2026-10-03T03:03:36.6052+00:00,76d34861-66d8-4a91-bc1a-cb59b837da01,204,2026-10-03T03:03:36.609403+00:00,2026-10-03T03:00:27.870374+00:00,188.739029,2026-10-03T03:03:36.655169+00:00,2026-10-03T03:03:36.917340+00:00,0.262171,2026-10-03T03:03:36.960833+00:00,2026-10-03T03:03:54.813734+00:00,17.852901,"{""auc"":0.9075248837471008,""loss"":0.3939632773399353,""epoch"":41,""phase"":""fine_tuning"",""pr_auc"":0.9133406281471252,""recall"":0.8182634711265564,""val_auc"":0.9492810964584351,""accuracy"":0.8307934999465942,""val_loss"":0.3551008403301239,""precision"":0.8405275940895081,""val_pr_auc"":0.9500775933265686,""val_recall"":0.7154716849327087,""phase_epoch"":11,""specificity"":0.84343022108078,""val_accuracy"":0.8421834111213684,""learning_rate"":0.000004999999873689376,""val_precision"":0.9518072009086609,""val_specificity"":0.9649122807017544,""balanced_accuracy"":0.8308468461036682,""recall_parasitized"":0.8182634711265564,""val_f2_parasitized"":0.752858958068615,""val_balanced_accuracy"":0.840191989407481,""val_n_pred_uninfected"":1697,""val_n_pred_parasitized"":996,""val_pr_auc_parasitized"":0.9501029174748333,""val_recall_parasitized"":0.7154716981132075,""val_prediction_collapse"":0,""val_roc_auc_parasitized"":0.9492342491448746,""val_early_stopping_score"":0.7528589580684727,""val_checkpoint_policy_score"":0.7154716981132075,""val_percent_pred_uninfected"":0.630152246565169,""val_sensitivity_parasitized"":0.7154716981132075,""val_percent_pred_parasitized"":0.36984775343483106,""val_prediction_collapse_detected"":0}",0.9075248837471008,0.3939632773399353,41,fine_tuning,0.9133406281471252,0.8182634711265564,0.9492810964584351,0.8307934999465942,0.3551008403301239,0.8405275940895081,0.9500775933265686,0.7154716849327087,11,0.84343022108078,0.8421834111213684,0.000004999999873689376,0.9518072009086609,0.9649122807017544,0.8308468461036682,0.8182634711265564,0.752858958068615,0.840191989407481,1697,996,0.9501029174748333,0.7154716981132075,0,0.9492342491448746,0.7528589580684727,0.7154716981132075,0.630152246565169,0.7154716981132075,0.36984775343483106,0
85870857-925b-4b9f-9533-a2855d254d77,densenet121,adamw,Q06/Q11,train_execution_records,epoch,fine_tuning,12,2026-10-03T03:06:45.115806+00:00,5638dda2-b94f-4815-9f4c-dc329d38116e,209,2026-10-03T03:06:45.119947+00:00,2026-10-03T03:03:36.609403+00:00,188.510544,2026-10-03T03:06:45.159713+00:00,2026-10-03T03:06:45.544524+00:00,0.384811,2026-10-03T03:06:45.584387+00:00,2026-10-03T03:07:03.505482+00:00,17.921095,"{""auc"":0.9091380834579468,""loss"":0.39021676778793335,""epoch"":42,""phase"":""fine_tuning"",""pr_auc"":0.914326548576355,""recall"":0.8233815431594849,""val_auc"":0.9493016004562378,""accuracy"":0.8324165940284729,""val_loss"":0.35112613439559937,""precision"":0.8397436141967773,""val_pr_auc"":0.9500457644462585,""val_recall"":0.7200000286102295,""phase_epoch"":12,""specificity"":0.841528594493866,""val_accuracy"":0.8440400958061218,""learning_rate"":0.000004999999873689376,""val_precision"":0.9511465430259705,""val_specificity"":0.9641812865497076,""balanced_accuracy"":0.832455039024353,""recall_parasitized"":0.8233815431594849,""val_f2_parasitized"":0.7567824845311756,""val_balanced_accuracy"":0.8420906432748538,""val_n_pred_uninfected"":1690,""val_n_pred_parasitized"":1003,""val_pr_auc_parasitized"":0.9502645781609456,""val_recall_parasitized"":0.72,""val_prediction_collapse"":0,""val_roc_auc_parasitized"":0.9494438927507449,""val_early_stopping_score"":0.7567824845310311,""val_checkpoint_policy_score"":0.72,""val_percent_pred_uninfected"":0.6275529149647233,""val_sensitivity_parasitized"":0.72,""val_percent_pred_parasitized"":0.3724470850352766,""val_prediction_collapse_detected"":0}",0.9091380834579468,0.39021676778793335,42,fine_tuning,0.914326548576355,0.8233815431594849,0.9493016004562378,0.8324165940284729,0.35112613439559937,0.8397436141967773,0.9500457644462585,0.7200000286102295,12,0.841528594493866,0.8440400958061218,0.000004999999873689376,0.9511465430259705,0.9641812865497076,0.832455039024353,0.8233815431594849,0.7567824845311756,0.8420906432748538,1690,1003,0.9502645781609456,0.72,0,0.9494438927507449,0.7567824845310311,0.72,0.6275529149647233,0.72,0.3724470850352766,0
85870857-925b-4b9f-9533-a2855d254d77,densenet121,adamw,Q06/Q11,train_execution_records,epoch,fine_tuning,13,2026-10-03T03:09:53.726887+00:00,dbad8553-b477-4047-bdb7-7db7055b696a,214,2026-10-03T03:09:53.730489+00:00,2026-10-03T03:06:45.119947+00:00,188.610542,2026-10-03T03:09:53.770927+00:00,2026-10-03T03:09:54.030304+00:00,0.259377,2026-10-03T03:09:54.066959+00:00,2026-10-03T03:10:11.968679+00:00,17.90172,"{""auc"":0.9116927981376648,""loss"":0.3842877745628357,""epoch"":43,""phase"":""fine_tuning"",""pr_auc"":0.916796088218689,""recall"":0.8284097909927368,""val_auc"":0.9498449563980103,""accuracy"":0.8354373574256897,""val_loss"":0.3519675135612488,""precision"":0.8414044976234436,""val_pr_auc"":0.9506282210350037,""val_recall"":0.7177358269691467,""phase_epoch"":13,""specificity"":0.8425246477127075,""val_accuracy"":0.8432974219322205,""learning_rate"":0.000004999999873689376,""val_precision"":0.9519519805908203,""val_specificity"":0.9649122807017544,""balanced_accuracy"":0.8354672193527222,""recall_parasitized"":0.8284097909927368,""val_f2_parasitized"":0.7548817272582949,""val_balanced_accuracy"":0.8413240648791791,""val_n_pred_uninfected"":1694,""val_n_pred_parasitized"":999,""val_pr_auc_parasitized"":0.9506374364162382,""val_recall_parasitized"":0.7177358490566038,""val_prediction_collapse"":0,""val_roc_auc_parasitized"":0.9498560079443892,""val_early_stopping_score"":0.7548817272581516,""val_checkpoint_policy_score"":0.7177358490566038,""val_percent_pred_uninfected"":0.6290382473078351,""val_sensitivity_parasitized"":0.7177358490566038,""val_percent_pred_parasitized"":0.37096175269216486,""val_prediction_collapse_detected"":0}",0.9116927981376648,0.3842877745628357,43,fine_tuning,0.916796088218689,0.8284097909927368,0.9498449563980103,0.8354373574256897,0.3519675135612488,0.8414044976234436,0.9506282210350037,0.7177358269691467,13,0.8425246477127075,0.8432974219322205,0.000004999999873689376,0.9519519805908203,0.9649122807017544,0.8354672193527222,0.8284097909927368,0.7548817272582949,0.8413240648791791,1694,999,0.9506374364162382,0.7177358490566038,0,0.9498560079443892,0.7548817272581516,0.7177358490566038,0.6290382473078351,0.7177358490566038,0.37096175269216486,0
85870857-925b-4b9f-9533-a2855d254d77,densenet121,adamw,Q06/Q11,train_execution_records,epoch,fine_tuning,14,2026-10-03T03:13:02.100595+00:00,35244528-e04b-482a-9937-a4ea1ac7228f,219,2026-10-03T03:13:02.103839+00:00,2026-10-03T03:09:53.730489+00:00,188.37335,2026-10-03T03:13:02.143504+00:00,2026-10-03T03:13:02.395674+00:00,0.25217,2026-10-03T03:13:02.437747+00:00,2026-10-03T03:13:20.317685+00:00,17.879938,"{""auc"":0.9121553897857666,""loss"":0.3834492862224579,""epoch"":44,""phase"":""fine_tuning"",""pr_auc"":0.9168804287910461,""recall"":0.8249977827072144,""val_auc"":0.9500805735588074,""accuracy"":0.8361586928367615,""val_loss"":0.351395845413208,""precision"":0.8450289964675903,""val_pr_auc"":0.9507895708084106,""val_recall"":0.7184905409812927,""phase_epoch"":14,""specificity"":0.8474146723747253,""val_accuracy"":0.8436687588691711,""learning_rate"":0.000004999999873689376,""val_precision"":0.9520000219345093,""val_specificity"":0.9649122807017544,""balanced_accuracy"":0.8362061977386475,""recall_parasitized"":0.8249977827072144,""val_f2_parasitized"":0.7555555555555555,""val_balanced_accuracy"":0.8417014233697451,""val_n_pred_uninfected"":1693,""val_n_pred_parasitized"":1000,""val_pr_auc_parasitized"":0.9508254862039992,""val_recall_parasitized"":0.7184905660377359,""val_prediction_collapse"":0,""val_roc_auc_parasitized"":0.9501042701092355,""val_early_stopping_score"":0.7555555555554118,""val_checkpoint_policy_score"":0.7184905660377359,""val_percent_pred_uninfected"":0.6286669142220572,""val_sensitivity_parasitized"":0.7184905660377359,""val_percent_pred_parasitized"":0.37133308577794283,""val_prediction_collapse_detected"":0}",0.9121553897857666,0.3834492862224579,44,fine_tuning,0.9168804287910461,0.8249977827072144,0.9500805735588074,0.8361586928367615,0.351395845413208,0.8450289964675903,0.9507895708084106,0.7184905409812927,14,0.8474146723747253,0.8436687588691711,0.000004999999873689376,0.9520000219345093,0.9649122807017544,0.8362061977386475,0.8249977827072144,0.7555555555555555,0.8417014233697451,1693,1000,0.9508254862039992,0.7184905660377359,0,0.9501042701092355,0.7555555555554118,0.7184905660377359,0.6286669142220572,0.7184905660377359,0.37133308577794283,0
85870857-925b-4b9f-9533-a2855d254d77,densenet121,adamw,Q06/Q11,train_execution_records,epoch,fine_tuning,15,2026-10-03T03:16:10.698267+00:00,eaf47f88-107a-4522-892a-cae4e3b4da21,224,2026-10-03T03:16:10.701049+00:00,2026-10-03T03:13:02.103839+00:00,188.59721,2026-10-03T03:16:10.743274+00:00,2026-10-03T03:16:11.003942+00:00,0.260668,2026-10-03T03:16:11.041139+00:00,2026-10-03T03:16:28.864599+00:00,17.82346,"{""auc"":0.9134584665298462,""loss"":0.38084712624549866,""epoch"":45,""phase"":""fine_tuning"",""pr_auc"":0.9161689877510071,""recall"":0.8273323178291321,""val_auc"":0.9504854679107666,""accuracy"":0.8375563621520996,""val_loss"":0.3487887680530548,""precision"":0.8457866907119751,""val_pr_auc"":0.9512280821800232,""val_recall"":0.7207547426223755,""phase_epoch"":15,""specificity"":0.8478674292564392,""val_accuracy"":0.8451541066169739,""learning_rate"":0.000004999999873689376,""val_precision"":0.9530938267707825,""val_specificity"":0.9656432748538012,""balanced_accuracy"":0.8375998735427856,""recall_parasitized"":0.8273323178291321,""val_f2_parasitized"":0.7576959695334814,""val_balanced_accuracy"":0.8431989959174666,""val_n_pred_uninfected"":1691,""val_n_pred_parasitized"":1002,""val_pr_auc_parasitized"":0.9512218481690411,""val_recall_parasitized"":0.720754716981132,""val_prediction_collapse"":0,""val_roc_auc_parasitized"":0.9505572106366545,""val_early_stopping_score"":0.7576959695333364,""val_checkpoint_policy_score"":0.720754716981132,""val_percent_pred_uninfected"":0.6279242480505013,""val_sensitivity_parasitized"":0.720754716981132,""val_percent_pred_parasitized"":0.3720757519494987,""val_prediction_collapse_detected"":0}",0.9134584665298462,0.38084712624549866,45,fine_tuning,0.9161689877510071,0.8273323178291321,0.9504854679107666,0.8375563621520996,0.3487887680530548,0.8457866907119751,0.9512280821800232,0.7207547426223755,15,0.8478674292564392,0.8451541066169739,0.000004999999873689376,0.9530938267707825,0.9656432748538012,0.8375998735427856,0.8273323178291321,0.7576959695334814,0.8431989959174666,1691,1002,0.9512218481690411,0.720754716981132,0,0.9505572106366545,0.7576959695333364,0.720754716981132,0.6279242480505013,0.720754716981132,0.3720757519494987,0
85870857-925b-4b9f-9533-a2855d254d77,densenet121,adamw,Q06/Q11,train_execution_records,epoch,fine_tuning,16,2026-10-03T03:19:19.164031+00:00,a04cb862-6f59-4d9b-83de-42f7c1a65034,229,2026-10-03T03:19:19.166925+00:00,2026-10-03T03:16:10.701049+00:00,188.465876,2026-10-03T03:19:19.210513+00:00,2026-10-03T03:19:19.471093+00:00,0.26058,2026-10-03T03:19:19.511512+00:00,2026-10-03T03:19:37.387438+00:00,17.875926,"{""auc"":0.9119318723678589,""loss"":0.3840096592903137,""epoch"":46,""phase"":""fine_tuning"",""pr_auc"":0.9154661893844604,""recall"":0.8243691921234131,""val_auc"":0.9508510231971741,""accuracy"":0.8355274796485901,""val_loss"":0.3444790840148926,""precision"":0.8443851470947266,""val_pr_auc"":0.9514468908309937,""val_recall"":0.7245283126831055,""phase_epoch"":16,""specificity"":0.8467807769775391,""val_accuracy"":0.8462681174278259,""learning_rate"":0.000004999999873689376,""val_precision"":0.9514370560646057,""val_specificity"":0.9641812865497076,""balanced_accuracy"":0.8355749845504761,""recall_parasitized"":0.8243691921234131,""val_f2_parasitized"":0.7608178792201616,""val_balanced_accuracy"":0.84435479421825,""val_n_pred_uninfected"":1684,""val_n_pred_parasitized"":1009,""val_pr_auc_parasitized"":0.9515379508956827,""val_recall_parasitized"":0.7245283018867924,""val_prediction_collapse"":0,""val_roc_auc_parasitized"":0.9509091912170362,""val_early_stopping_score"":0.7608178792200149,""val_checkpoint_policy_score"":0.7245283018867924,""val_percent_pred_uninfected"":0.6253249164500557,""val_sensitivity_parasitized"":0.7245283018867924,""val_percent_pred_parasitized"":0.3746750835499443,""val_prediction_collapse_detected"":0}",0.9119318723678589,0.3840096592903137,46,fine_tuning,0.9154661893844604,0.8243691921234131,0.9508510231971741,0.8355274796485901,0.3444790840148926,0.8443851470947266,0.9514468908309937,0.7245283126831055,16,0.8467807769775391,0.8462681174278259,0.000004999999873689376,0.9514370560646057,0.9641812865497076,0.8355749845504761,0.8243691921234131,0.7608178792201616,0.84435479421825,1684,1009,0.9515379508956827,0.7245283018867924,0,0.9509091912170362,0.7608178792200149,0.7245283018867924,0.6253249164500557,0.7245283018867924,0.3746750835499443,0
85870857-925b-4b9f-9533-a2855d254d77,densenet121,adamw,Q06/Q11,train_execution_records,epoch,fine_tuning,17,2026-10-03T03:22:27.560422+00:00,3761932d-bf4c-4e6f-86b2-de872f9b49d6,234,2026-10-03T03:22:27.563771+00:00,2026-10-03T03:19:19.166925+00:00,188.396846,2026-10-03T03:22:27.604828+00:00,2026-10-03T03:22:27.862774+00:00,0.257946,2026-10-03T03:22:27.901836+00:00,2026-10-03T03:22:45.756389+00:00,17.854553,"{""auc"":0.9121202826499939,""loss"":0.38313835859298706,""epoch"":47,""phase"":""fine_tuning"",""pr_auc"":0.9180830717086792,""recall"":0.8235611319541931,""val_auc"":0.9510674476623535,""accuracy"":0.8370153307914734,""val_loss"":0.3442893326282501,""precision"":0.8475328087806702,""val_pr_auc"":0.9515982866287231,""val_recall"":0.7237735986709595,""phase_epoch"":17,""specificity"":0.850584089756012,""val_accuracy"":0.8462681174278259,""learning_rate"":0.000004999999873689376,""val_precision"":0.9523336887359619,""val_specificity"":0.9649122807017544,""balanced_accuracy"":0.8370726108551025,""recall_parasitized"":0.8235611319541931,""val_f2_parasitized"":0.7602663706992231,""val_balanced_accuracy"":0.8443429328037073,""val_n_pred_uninfected"":1686,""val_n_pred_parasitized"":1007,""val_pr_auc_parasitized"":0.9517384070373052,""val_recall_parasitized"":0.7237735849056603,""val_prediction_collapse"":0,""val_roc_auc_parasitized"":0.9511193865166061,""val_early_stopping_score"":0.7602663706990767,""val_checkpoint_policy_score"":0.7237735849056603,""val_percent_pred_uninfected"":0.6260675826216116,""val_sensitivity_parasitized"":0.7237735849056603,""val_percent_pred_parasitized"":0.3739324173783884,""val_prediction_collapse_detected"":0}",0.9121202826499939,0.38313835859298706,47,fine_tuning,0.9180830717086792,0.8235611319541931,0.9510674476623535,0.8370153307914734,0.3442893326282501,0.8475328087806702,0.9515982866287231,0.7237735986709595,17,0.850584089756012,0.8462681174278259,0.000004999999873689376,0.9523336887359619,0.9649122807017544,0.8370726108551025,0.8235611319541931,0.7602663706992231,0.8443429328037073,1686,1007,0.9517384070373052,0.7237735849056603,0,0.9511193865166061,0.7602663706990767,0.7237735849056603,0.6260675826216116,0.7237735849056603,0.3739324173783884,0
85870857-925b-4b9f-9533-a2855d254d77,densenet121,adamw,Q06/Q11,train_execution_records,epoch,fine_tuning,18,2026-10-03T03:25:35.992475+00:00,c0aabb5e-68c3-483a-aedc-89a256f5b388,239,2026-10-03T03:25:35.996675+00:00,2026-10-03T03:22:27.563771+00:00,188.432904,2026-10-03T03:25:36.034391+00:00,2026-10-03T03:25:36.291648+00:00,0.257257,2026-10-03T03:25:36.329611+00:00,2026-10-03T03:25:54.195875+00:00,17.866264,"{""auc"":0.9113023281097412,""loss"":0.3855876922607422,""epoch"":48,""phase"":""fine_tuning"",""pr_auc"":0.9166649580001831,""recall"":0.8278710842132568,""val_auc"":0.9512953758239746,""accuracy"":0.8342651128768921,""val_loss"":0.3434585928916931,""precision"":0.8397850394248962,""val_pr_auc"":0.9518094062805176,""val_recall"":0.7237735986709595,""phase_epoch"":18,""specificity"":0.8407135605812073,""val_accuracy"":0.8466394543647766,""learning_rate"":0.000004999999873689376,""val_precision"":0.9532803297042847,""val_specificity"":0.9656432748538012,""balanced_accuracy"":0.8342922925949097,""recall_parasitized"":0.8278710842132568,""val_f2_parasitized"":0.7603869330796067,""val_balanced_accuracy"":0.8447084298797307,""val_n_pred_uninfected"":1687,""val_n_pred_parasitized"":1006,""val_pr_auc_parasitized"":0.951950997560368,""val_recall_parasitized"":0.7237735849056603,""val_prediction_collapse"":0,""val_roc_auc_parasitized"":0.9513737173121483,""val_early_stopping_score"":0.7603869330794601,""val_checkpoint_policy_score"":0.7237735849056603,""val_percent_pred_uninfected"":0.6264389157073895,""val_sensitivity_parasitized"":0.7237735849056603,""val_percent_pred_parasitized"":0.3735610842926105,""val_prediction_collapse_detected"":0}",0.9113023281097412,0.3855876922607422,48,fine_tuning,0.9166649580001831,0.8278710842132568,0.9512953758239746,0.8342651128768921,0.3434585928916931,0.8397850394248962,0.9518094062805176,0.7237735986709595,18,0.8407135605812073,0.8466394543647766,0.000004999999873689376,0.9532803297042847,0.9656432748538012,0.8342922925949097,0.8278710842132568,0.7603869330796067,0.8447084298797307,1687,1006,0.951950997560368,0.7237735849056603,0,0.9513737173121483,0.7603869330794601,0.7237735849056603,0.6264389157073895,0.7237735849056603,0.3735610842926105,0
85870857-925b-4b9f-9533-a2855d254d77,densenet121,adamw,Q06/Q11,train_execution_records,epoch,fine_tuning,19,2026-10-03T03:28:44.370761+00:00,4d1c87c1-2a45-4759-97e2-51fea4f29cbc,244,2026-10-03T03:28:44.374649+00:00,2026-10-03T03:25:35.996675+00:00,188.377974,2026-10-03T03:28:44.415298+00:00,2026-10-03T03:28:44.794845+00:00,0.379547,2026-10-03T03:28:44.832758+00:00,2026-10-03T03:29:02.749278+00:00,17.91652,"{""auc"":0.9115076661109924,""loss"":0.3854061961174011,""epoch"":49,""phase"":""fine_tuning"",""pr_auc"":0.9161368012428284,""recall"":0.8249977827072144,""val_auc"":0.9516741037368774,""accuracy"":0.8368349671363831,""val_loss"":0.34231483936309814,""precision"":0.8461963534355164,""val_pr_auc"":0.9521057605743408,""val_recall"":0.7237735986709595,""phase_epoch"":19,""specificity"":0.8487730026245117,""val_accuracy"":0.8462681174278259,""learning_rate"":0.000004999999873689376,""val_precision"":0.9523336887359619,""val_specificity"":0.9649122807017544,""balanced_accuracy"":0.836885392665863,""recall_parasitized"":0.8249977827072144,""val_f2_parasitized"":0.7602663706992231,""val_balanced_accuracy"":0.8443429328037073,""val_n_pred_uninfected"":1686,""val_n_pred_parasitized"":1007,""val_pr_auc_parasitized"":0.9522239455060116,""val_recall_parasitized"":0.7237735849056603,""val_prediction_collapse"":0,""val_roc_auc_parasitized"":0.9517367317665233,""val_early_stopping_score"":0.7602663706990767,""val_checkpoint_policy_score"":0.7237735849056603,""val_percent_pred_uninfected"":0.6260675826216116,""val_sensitivity_parasitized"":0.7237735849056603,""val_percent_pred_parasitized"":0.3739324173783884,""val_prediction_collapse_detected"":0}",0.9115076661109924,0.3854061961174011,49,fine_tuning,0.9161368012428284,0.8249977827072144,0.9516741037368774,0.8368349671363831,0.34231483936309814,0.8461963534355164,0.9521057605743408,0.7237735986709595,19,0.8487730026245117,0.8462681174278259,0.000004999999873689376,0.9523336887359619,0.9649122807017544,0.836885392665863,0.8249977827072144,0.7602663706992231,0.8443429328037073,1686,1007,0.9522239455060116,0.7237735849056603,0,0.9517367317665233,0.7602663706990767,0.7237735849056603,0.6260675826216116,0.7237735849056603,0.3739324173783884,0
85870857-925b-4b9f-9533-a2855d254d77,densenet121,adamw,Q06/Q11,train_execution_records,epoch,fine_tuning,20,2026-10-03T03:31:52.943692+00:00,6f84cf33-591c-4334-9fbb-772996080c1f,249,2026-10-03T03:31:52.947170+00:00,2026-10-03T03:28:44.374649+00:00,188.572521,2026-10-03T03:31:52.991219+00:00,2026-10-03T03:31:53.252609+00:00,0.26139,2026-10-03T03:31:53.306080+00:00,2026-10-03T03:32:11.167726+00:00,17.861646,"{""auc"":0.9131337404251099,""loss"":0.38016870617866516,""epoch"":50,""phase"":""fine_tuning"",""pr_auc"":0.920508623123169,""recall"":0.8266139626502991,""val_auc"":0.9519049525260925,""accuracy"":0.8388187289237976,""val_loss"":0.3397511839866638,""precision"":0.8484792709350586,""val_pr_auc"":0.9523404836654663,""val_recall"":0.7290565967559814,""phase_epoch"":20,""specificity"":0.8511273860931396,""val_accuracy"":0.8484960794448853,""learning_rate"":0.000004999999873689376,""val_precision"":0.951724112033844,""val_specificity"":0.9641812865497076,""balanced_accuracy"":0.838870644569397,""recall_parasitized"":0.8266139626502991,""val_f2_parasitized"":0.7648456057007126,""val_balanced_accuracy"":0.8466189451616463,""val_n_pred_uninfected"":1678,""val_n_pred_parasitized"":1015,""val_pr_auc_parasitized"":0.9524588072989709,""val_recall_parasitized"":0.7290566037735849,""val_prediction_collapse"":0,""val_roc_auc_parasitized"":0.9520357497517379,""val_early_stopping_score"":0.7648456057005635,""val_checkpoint_policy_score"":0.7290566037735849,""val_percent_pred_uninfected"":0.623096917935388,""val_sensitivity_parasitized"":0.7290566037735849,""val_percent_pred_parasitized"":0.376903082064612,""val_prediction_collapse_detected"":0}",0.9131337404251099,0.38016870617866516,50,fine_tuning,0.920508623123169,0.8266139626502991,0.9519049525260925,0.8388187289237976,0.3397511839866638,0.8484792709350586,0.9523404836654663,0.7290565967559814,20,0.8511273860931396,0.8484960794448853,0.000004999999873689376,0.951724112033844,0.9641812865497076,0.838870644569397,0.8266139626502991,0.7648456057007126,0.8466189451616463,1678,1015,0.9524588072989709,0.7290566037735849,0,0.9520357497517379,0.7648456057005635,0.7290566037735849,0.623096917935388,0.7290566037735849,0.376903082064612,0
8cb547f3-8b32-4149-8992-66bcbf4f4543,densenet121,adam,Q06/Q11,train_execution_records,epoch,base,1,2026-10-02T21:23:17.560361+00:00,59a57878-bd53-464b-ba37-4ac75bd44bb1,2,2026-10-02T21:23:17.562974+00:00,2026-10-02T21:20:25.020226+00:00,172.542748,2026-10-02T21:23:17.602257+00:00,2026-10-02T21:23:17.967373+00:00,0.365116,2026-10-02T21:23:18.006328+00:00,2026-10-02T21:23:36.072037+00:00,18.065709,"{""auc"":0.6061733961105347,""loss"":0.8149797320365906,""epoch"":1,""phase"":""base"",""pr_auc"":0.595812976360321,""recall"":0.5866032242774963,""val_auc"":0.8626894950866699,""accuracy"":0.5760143995285034,""val_loss"":0.5313894152641296,""precision"":0.5764581561088562,""val_pr_auc"":0.8454658389091492,""val_recall"":0.5449056625366211,""phase_epoch"":1,""specificity"":0.5653355121612549,""val_accuracy"":0.7304121851921082,""learning_rate"":0.00009999999747378752,""val_precision"":0.8544378876686096,""val_specificity"":0.9100877192982456,""balanced_accuracy"":0.5759693384170532,""recall_parasitized"":0.5866032242774963,""val_f2_parasitized"":0.5874694873881204,""val_balanced_accuracy"":0.727496689837802,""val_n_pred_uninfected"":1848,""val_n_pred_parasitized"":845,""val_pr_auc_parasitized"":0.8454753071638281,""val_recall_parasitized"":0.5449056603773584,""val_prediction_collapse"":0,""val_roc_auc_parasitized"":0.8626089595056825,""val_early_stopping_score"":0.5874694873880528,""val_checkpoint_policy_score"":0.5449056603773584,""val_percent_pred_uninfected"":0.6862235425176383,""val_sensitivity_parasitized"":0.5449056603773584,""val_percent_pred_parasitized"":0.31377645748236166,""val_prediction_collapse_detected"":0}",0.6061733961105347,0.8149797320365906,1,base,0.595812976360321,0.5866032242774963,0.8626894950866699,0.5760143995285034,0.5313894152641296,0.5764581561088562,0.8454658389091492,0.5449056625366211,1,0.5653355121612549,0.7304121851921082,0.00009999999747378752,0.8544378876686096,0.9100877192982456,0.5759693384170532,0.5866032242774963,0.5874694873881204,0.727496689837802,1848,845,0.8454753071638281,0.5449056603773584,0,0.8626089595056825,0.5874694873880528,0.5449056603773584,0.6862235425176383,0.5449056603773584,0.31377645748236166,0
8cb547f3-8b32-4149-8992-66bcbf4f4543,densenet121,adam,Q06/Q11,train_execution_records,epoch,base,2,2026-10-02T21:26:29.644657+00:00,7ff297fc-d893-4791-9fc2-e8ee396952fd,7,2026-10-02T21:26:29.648610+00:00,2026-10-02T21:23:17.562974+00:00,192.085636,2026-10-02T21:26:29.689591+00:00,2026-10-02T21:26:29.963058+00:00,0.273467,2026-10-02T21:26:30.003433+00:00,2026-10-02T21:26:48.647816+00:00,18.644383,"{""auc"":0.7273159027099609,""loss"":0.6428784728050232,""epoch"":2,""phase"":""base"",""pr_auc"":0.7260217666625977,""recall"":0.6613989472389221,""val_auc"":0.9210377335548401,""accuracy"":0.6627592444419861,""val_loss"":0.46539101004600525,""precision"":0.6651015877723694,""val_pr_auc"":0.9158674478530884,""val_recall"":0.6158490777015686,""phase_epoch"":2,""specificity"":0.6641311049461365,""val_accuracy"":0.7835128307342529,""learning_rate"":0.00009999999747378752,""val_precision"":0.9168539047241211,""val_specificity"":0.945906432748538,""balanced_accuracy"":0.6627650260925293,""recall_parasitized"":0.6613989472389221,""val_f2_parasitized"":0.6591276252019386,""val_balanced_accuracy"":0.7808777446761558,""val_n_pred_uninfected"":1803,""val_n_pred_parasitized"":890,""val_pr_auc_parasitized"":0.9160099421057745,""val_recall_parasitized"":0.6158490566037735,""val_prediction_collapse"":0,""val_roc_auc_parasitized"":0.9211260068410019,""val_early_stopping_score"":0.6591276252018432,""val_checkpoint_policy_score"":0.6158490566037735,""val_percent_pred_uninfected"":0.6695135536576309,""val_sensitivity_parasitized"":0.6158490566037735,""val_percent_pred_parasitized"":0.3304864463423691,""val_prediction_collapse_detected"":0}",0.7273159027099609,0.6428784728050232,2,base,0.7260217666625977,0.6613989472389221,0.9210377335548401,0.6627592444419861,0.46539101004600525,0.6651015877723694,0.9158674478530884,0.6158490777015686,2,0.6641311049461365,0.7835128307342529,0.00009999999747378752,0.9168539047241211,0.945906432748538,0.6627650260925293,0.6613989472389221,0.6591276252019386,0.7808777446761558,1803,890,0.9160099421057745,0.6158490566037735,0,0.9211260068410019,0.6591276252018432,0.6158490566037735,0.6695135536576309,0.6158490566037735,0.3304864463423691,0
8cb547f3-8b32-4149-8992-66bcbf4f4543,densenet121,adam,Q06/Q11,train_execution_records,epoch,base,3,2026-10-02T21:29:41.411797+00:00,17ff52d5-1f5e-4ac4-a72a-15ffd7480488,12,2026-10-02T21:29:41.415486+00:00,2026-10-02T21:26:29.648610+00:00,191.766876,2026-10-02T21:29:41.461184+00:00,2026-10-02T21:29:41.745141+00:00,0.283957,2026-10-02T21:29:41.785942+00:00,2026-10-02T21:30:00.083225+00:00,18.297283,"{""auc"":0.7955767512321472,""loss"":0.5541636943817139,""epoch"":3,""phase"":""base"",""pr_auc"":0.7992128133773804,""recall"":0.7175182104110718,""val_auc"":0.9356300234794617,""accuracy"":0.7198376655578613,""val_loss"":0.4381759464740753,""precision"":0.7225788831710815,""val_pr_auc"":0.9328709840774536,""val_recall"":0.6249056458473206,""phase_epoch"":3,""specificity"":0.7221769690513611,""val_accuracy"":0.7965094447135925,""learning_rate"":0.00009999999747378752,""val_precision"":0.9419795274734497,""val_specificity"":0.9627192982456141,""balanced_accuracy"":0.719847559928894,""recall_parasitized"":0.7175182104110718,""val_f2_parasitized"":0.6700113286939634,""val_balanced_accuracy"":0.7938124793114862,""val_n_pred_uninfected"":1814,""val_n_pred_parasitized"":879,""val_pr_auc_parasitized"":0.9328796430985927,""val_recall_parasitized"":0.6249056603773585,""val_prediction_collapse"":0,""val_roc_auc_parasitized"":0.935600242745228,""val_early_stopping_score"":0.6700113286938632,""val_checkpoint_policy_score"":0.6249056603773585,""val_percent_pred_uninfected"":0.6735982176011883,""val_sensitivity_parasitized"":0.6249056603773585,""val_percent_pred_parasitized"":0.32640178239881174,""val_prediction_collapse_detected"":0}",0.7955767512321472,0.5541636943817139,3,base,0.7992128133773804,0.7175182104110718,0.9356300234794617,0.7198376655578613,0.4381759464740753,0.7225788831710815,0.9328709840774536,0.6249056458473206,3,0.7221769690513611,0.7965094447135925,0.00009999999747378752,0.9419795274734497,0.9627192982456141,0.719847559928894,0.7175182104110718,0.6700113286939634,0.7938124793114862,1814,879,0.9328796430985927,0.6249056603773585,0,0.935600242745228,0.6700113286938632,0.6249056603773585,0.6735982176011883,0.6249056603773585,0.32640178239881174,0
8cb547f3-8b32-4149-8992-66bcbf4f4543,densenet121,adam,Q06/Q11,train_execution_records,epoch,base,4,2026-10-02T21:32:53.326229+00:00,0eb63ec8-dda0-4b0f-ac7f-953fa64dfce0,17,2026-10-02T21:32:53.330376+00:00,2026-10-02T21:29:41.415486+00:00,191.91489,2026-10-02T21:32:53.374311+00:00,2026-10-02T21:32:53.639310+00:00,0.264999,2026-10-02T21:32:53.679494+00:00,2026-10-02T21:33:12.090400+00:00,18.410906,"{""auc"":0.8397992849349976,""loss"":0.4965217113494873,""epoch"":4,""phase"":""base"",""pr_auc"":0.8438766002655029,""recall"":0.754601776599884,""val_auc"":0.9416705369949341,""accuracy"":0.7602795362472534,""val_loss"":0.41030770540237427,""precision"":0.7648343443870544,""val_pr_auc"":0.9394873380661011,""val_recall"":0.6603773832321167,""phase_epoch"":4,""specificity"":0.7660056352615356,""val_accuracy"":0.8135907649993896,""learning_rate"":0.00009999999747378752,""val_precision"":0.9439050555229187,""val_specificity"":0.9619883040935673,""balanced_accuracy"":0.7603037357330322,""recall_parasitized"":0.754601776599884,""val_f2_parasitized"":0.7025855146940742,""val_balanced_accuracy"":0.8111828312920666,""val_n_pred_uninfected"":1766,""val_n_pred_parasitized"":927,""val_pr_auc_parasitized"":0.9395926763616477,""val_recall_parasitized"":0.660377358490566,""val_prediction_collapse"":0,""val_roc_auc_parasitized"":0.9417124572437382,""val_early_stopping_score"":0.7025855146939586,""val_checkpoint_policy_score"":0.660377358490566,""val_percent_pred_uninfected"":0.655774229483847,""val_sensitivity_parasitized"":0.660377358490566,""val_percent_pred_parasitized"":0.344225770516153,""val_prediction_collapse_detected"":0}",0.8397992849349976,0.4965217113494873,4,base,0.8438766002655029,0.754601776599884,0.9416705369949341,0.7602795362472534,0.41030770540237427,0.7648343443870544,0.9394873380661011,0.6603773832321167,4,0.7660056352615356,0.8135907649993896,0.00009999999747378752,0.9439050555229187,0.9619883040935673,0.7603037357330322,0.754601776599884,0.7025855146940742,0.8111828312920666,1766,927,0.9395926763616477,0.660377358490566,0,0.9417124572437382,0.7025855146939586,0.660377358490566,0.655774229483847,0.660377358490566,0.344225770516153,0
8cb547f3-8b32-4149-8992-66bcbf4f4543,densenet121,adam,Q06/Q11,train_execution_records,epoch,base,5,2026-10-02T21:36:05.652586+00:00,a383cf7b-689b-4299-ab13-408c95aeb4a0,22,2026-10-02T21:36:05.654910+00:00,2026-10-02T21:32:53.330376+00:00,192.324534,2026-10-02T21:36:05.692235+00:00,2026-10-02T21:36:05.961138+00:00,0.268903,2026-10-02T21:36:06.006660+00:00,2026-10-02T21:36:23.958670+00:00,17.95201,"{""auc"":0.8615332245826721,""loss"":0.463613897562027,""epoch"":5,""phase"":""base"",""pr_auc"":0.866007387638092,""recall"":0.7722905874252319,""val_auc"":0.9444841742515564,""accuracy"":0.7802073955535889,""val_loss"":0.39694157242774963,""precision"":0.7861974239349365,""val_pr_auc"":0.9425792098045349,""val_recall"":0.6800000071525574,""phase_epoch"":5,""specificity"":0.7881916165351868,""val_accuracy"":0.822874128818512,""learning_rate"":0.00009999999747378752,""val_precision"":0.9444444179534912,""val_specificity"":0.9612573099415205,""balanced_accuracy"":0.7802411317825317,""recall_parasitized"":0.7722905874252319,""val_f2_parasitized"":0.7203389830508474,""val_balanced_accuracy"":0.8206286549707602,""val_n_pred_uninfected"":1739,""val_n_pred_parasitized"":954,""val_pr_auc_parasitized"":0.9426285097768746,""val_recall_parasitized"":0.68,""val_prediction_collapse"":0,""val_roc_auc_parasitized"":0.9445536797969768,""val_early_stopping_score"":0.7203389830507229,""val_checkpoint_policy_score"":0.68,""val_percent_pred_uninfected"":0.6457482361678426,""val_sensitivity_parasitized"":0.68,""val_percent_pred_parasitized"":0.35425176383215745,""val_prediction_collapse_detected"":0}",0.8615332245826721,0.463613897562027,5,base,0.866007387638092,0.7722905874252319,0.9444841742515564,0.7802073955535889,0.39694157242774963,0.7861974239349365,0.9425792098045349,0.6800000071525574,5,0.7881916165351868,0.822874128818512,0.00009999999747378752,0.9444444179534912,0.9612573099415205,0.7802411317825317,0.7722905874252319,0.7203389830508474,0.8206286549707602,1739,954,0.9426285097768746,0.68,0,0.9445536797969768,0.7203389830507229,0.68,0.6457482361678426,0.68,0.35425176383215745,0
8cb547f3-8b32-4149-8992-66bcbf4f4543,densenet121,adam,Q06/Q11,train_execution_records,epoch,base,6,2026-10-02T21:39:17.133685+00:00,fa0735a7-f394-4f2f-92d4-2d628842501f,27,2026-10-02T21:39:17.136751+00:00,2026-10-02T21:36:05.654910+00:00,191.481841,2026-10-02T21:39:17.176952+00:00,2026-10-02T21:39:17.447397+00:00,0.270445,2026-10-02T21:39:17.488538+00:00,2026-10-02T21:39:36.090369+00:00,18.601831,"{""auc"":0.8727412819862366,""loss"":0.44729870557785034,""epoch"":6,""phase"":""base"",""pr_auc"":0.8755899667739868,""recall"":0.7827063202857971,""val_auc"":0.946016252040863,""accuracy"":0.7939134240150452,""val_loss"":0.38828060030937195,""precision"":0.8020794987678528,""val_pr_auc"":0.9442936778068542,""val_recall"":0.6815094351768494,""phase_epoch"":6,""specificity"":0.8052159547805786,""val_accuracy"":0.8236168026924133,""learning_rate"":0.00009999999747378752,""val_precision"":0.9445606470108032,""val_specificity"":0.9612573099415205,""balanced_accuracy"":0.7939611673355103,""recall_parasitized"":0.7827063202857971,""val_f2_parasitized"":0.7217071611253197,""val_balanced_accuracy"":0.8213833719518924,""val_n_pred_uninfected"":1737,""val_n_pred_parasitized"":956,""val_pr_auc_parasitized"":0.9443465839621993,""val_recall_parasitized"":0.6815094339622642,""val_prediction_collapse"":0,""val_roc_auc_parasitized"":0.9460123579388723,""val_early_stopping_score"":0.7217071611251944,""val_checkpoint_policy_score"":0.6815094339622642,""val_percent_pred_uninfected"":0.6450055699962867,""val_sensitivity_parasitized"":0.6815094339622642,""val_percent_pred_parasitized"":0.35499443000371333,""val_prediction_collapse_detected"":0}",0.8727412819862366,0.44729870557785034,6,base,0.8755899667739868,0.7827063202857971,0.946016252040863,0.7939134240150452,0.38828060030937195,0.8020794987678528,0.9442936778068542,0.6815094351768494,6,0.8052159547805786,0.8236168026924133,0.00009999999747378752,0.9445606470108032,0.9612573099415205,0.7939611673355103,0.7827063202857971,0.7217071611253197,0.8213833719518924,1737,956,0.9443465839621993,0.6815094339622642,0,0.9460123579388723,0.7217071611251944,0.6815094339622642,0.6450055699962867,0.6815094339622642,0.35499443000371333,0
8cb547f3-8b32-4149-8992-66bcbf4f4543,densenet121,adam,Q06/Q11,train_execution_records,epoch,base,7,2026-10-02T21:42:27.603726+00:00,5843da68-4a50-4e25-a944-bd030a7319e0,32,2026-10-02T21:42:27.606459+00:00,2026-10-02T21:39:17.136751+00:00,190.469708,2026-10-02T21:42:27.645999+00:00,2026-10-02T21:42:28.054874+00:00,0.408875,2026-10-02T21:42:28.098510+00:00,2026-10-02T21:42:46.246829+00:00,18.148319,"{""auc"":0.8858394026756287,""loss"":0.4251789450645447,""epoch"":7,""phase"":""base"",""pr_auc"":0.8908933401107788,""recall"":0.7956361770629883,""val_auc"":0.9473698139190674,""accuracy"":0.807844877243042,""val_loss"":0.37975719571113586,""precision"":0.8169078826904297,""val_pr_auc"":0.9455940127372742,""val_recall"":0.6913207769393921,""phase_epoch"":7,""specificity"":0.8201575875282288,""val_accuracy"":0.8284441232681274,""learning_rate"":0.00009999999747378752,""val_precision"":0.9453044533729553,""val_specificity"":0.9612573099415205,""balanced_accuracy"":0.8078968524932861,""recall_parasitized"":0.7956361770629883,""val_f2_parasitized"":0.7305790397192534,""val_balanced_accuracy"":0.8262890323292509,""val_n_pred_uninfected"":1724,""val_n_pred_parasitized"":969,""val_pr_auc_parasitized"":0.9456612593885669,""val_recall_parasitized"":0.6913207547169812,""val_prediction_collapse"":0,""val_roc_auc_parasitized"":0.9473667659715327,""val_early_stopping_score"":0.7305790397191234,""val_checkpoint_policy_score"":0.6913207547169812,""val_percent_pred_uninfected"":0.6401782398811734,""val_sensitivity_parasitized"":0.6913207547169812,""val_percent_pred_parasitized"":0.3598217601188266,""val_prediction_collapse_detected"":0}",0.8858394026756287,0.4251789450645447,7,base,0.8908933401107788,0.7956361770629883,0.9473698139190674,0.807844877243042,0.37975719571113586,0.8169078826904297,0.9455940127372742,0.6913207769393921,7,0.8201575875282288,0.8284441232681274,0.00009999999747378752,0.9453044533729553,0.9612573099415205,0.8078968524932861,0.7956361770629883,0.7305790397192534,0.8262890323292509,1724,969,0.9456612593885669,0.6913207547169812,0,0.9473667659715327,0.7305790397191234,0.6913207547169812,0.6401782398811734,0.6913207547169812,0.3598217601188266,0
8cb547f3-8b32-4149-8992-66bcbf4f4543,densenet121,adam,Q06/Q11,train_execution_records,epoch,base,8,2026-10-02T21:45:40.597353+00:00,b10c7e67-2985-4590-bd07-9d565c0bac64,37,2026-10-02T21:45:40.600637+00:00,2026-10-02T21:42:27.606459+00:00,192.994178,2026-10-02T21:45:40.645625+00:00,2026-10-02T21:45:40.920652+00:00,0.275027,2026-10-02T21:45:40.958918+00:00,2026-10-02T21:45:59.415678+00:00,18.45676,"{""auc"":0.889468252658844,""loss"":0.42015597224235535,""epoch"":8,""phase"":""base"",""pr_auc"":0.8914304375648499,""recall"":0.7959953546524048,""val_auc"":0.9481449127197266,""accuracy"":0.8089269399642944,""val_loss"":0.37610185146331787,""precision"":0.8184840083122253,""val_pr_auc"":0.9465339183807373,""val_recall"":0.698113203048706,""phase_epoch"":8,""specificity"":0.821968674659729,""val_accuracy"":0.8329001069068909,""learning_rate"":0.00009999999747378752,""val_precision"":0.9487179517745972,""val_specificity"":0.9634502923976608,""balanced_accuracy"":0.8089820146560669,""recall_parasitized"":0.7959953546524048,""val_f2_parasitized"":0.7370517928286853,""val_balanced_accuracy"":0.8307817499724153,""val_n_pred_uninfected"":1718,""val_n_pred_parasitized"":975,""val_pr_auc_parasitized"":0.9465846796545753,""val_recall_parasitized"":0.6981132075471698,""val_prediction_collapse"":0,""val_roc_auc_parasitized"":0.948167825223436,""val_early_stopping_score"":0.7370517928285518,""val_checkpoint_policy_score"":0.6981132075471698,""val_percent_pred_uninfected"":0.6379502413665058,""val_sensitivity_parasitized"":0.6981132075471698,""val_percent_pred_parasitized"":0.36204975863349426,""val_prediction_collapse_detected"":0}",0.889468252658844,0.42015597224235535,8,base,0.8914304375648499,0.7959953546524048,0.9481449127197266,0.8089269399642944,0.37610185146331787,0.8184840083122253,0.9465339183807373,0.698113203048706,8,0.821968674659729,0.8329001069068909,0.00009999999747378752,0.9487179517745972,0.9634502923976608,0.8089820146560669,0.7959953546524048,0.7370517928286853,0.8307817499724153,1718,975,0.9465846796545753,0.6981132075471698,0,0.948167825223436,0.7370517928285518,0.6981132075471698,0.6379502413665058,0.6981132075471698,0.36204975863349426,0
8cb547f3-8b32-4149-8992-66bcbf4f4543,densenet121,adam,Q06/Q11,train_execution_records,epoch,base,9,2026-10-02T21:48:51.6737+00:00,aa9cab77-68ad-44c4-b406-6fb4730f68ba,42,2026-10-02T21:48:51.676957+00:00,2026-10-02T21:45:40.600637+00:00,191.07632,2026-10-02T21:48:51.718098+00:00,2026-10-02T21:48:51.977953+00:00,0.259855,2026-10-02T21:48:52.015012+00:00,2026-10-02T21:49:10.185362+00:00,18.17035,"{""auc"":0.8968621492385864,""loss"":0.4063831567764282,""epoch"":9,""phase"":""base"",""pr_auc"":0.902033269405365,""recall"":0.8075783252716064,""val_auc"":0.9498659372329712,""accuracy"":0.819341778755188,""val_loss"":0.3609914481639862,""precision"":0.82832932472229,""val_pr_auc"":0.9481999278068542,""val_recall"":0.7267924547195435,""phase_epoch"":9,""specificity"":0.8312053084373474,""val_accuracy"":0.8447827696800232,""learning_rate"":0.00009999999747378752,""val_precision"":0.9450441598892212,""val_specificity"":0.9590643274853801,""balanced_accuracy"":0.8193918466567993,""recall_parasitized"":0.8075783252716064,""val_f2_parasitized"":0.761987656274727,""val_balanced_accuracy"":0.8429283901577844,""val_n_pred_uninfected"":1674,""val_n_pred_parasitized"":1019,""val_pr_auc_parasitized"":0.9482530226397909,""val_recall_parasitized"":0.7267924528301887,""val_prediction_collapse"":0,""val_roc_auc_parasitized"":0.9498469049983449,""val_early_stopping_score"":0.7619876562745794,""val_checkpoint_policy_score"":0.7267924528301887,""val_percent_pred_uninfected"":0.6216115855922763,""val_sensitivity_parasitized"":0.7267924528301887,""val_percent_pred_parasitized"":0.37838841440772375,""val_prediction_collapse_detected"":0}",0.8968621492385864,0.4063831567764282,9,base,0.902033269405365,0.8075783252716064,0.9498659372329712,0.819341778755188,0.3609914481639862,0.82832932472229,0.9481999278068542,0.7267924547195435,9,0.8312053084373474,0.8447827696800232,0.00009999999747378752,0.9450441598892212,0.9590643274853801,0.8193918466567993,0.8075783252716064,0.761987656274727,0.8429283901577844,1674,1019,0.9482530226397909,0.7267924528301887,0,0.9498469049983449,0.7619876562745794,0.7267924528301887,0.6216115855922763,0.7267924528301887,0.37838841440772375,0
8cb547f3-8b32-4149-8992-66bcbf4f4543,densenet121,adam,Q06/Q11,train_execution_records,epoch,base,10,2026-10-02T21:52:03.008612+00:00,94e9f0b1-3c23-4d4c-8a37-540af57c61a9,47,2026-10-02T21:52:03.015534+00:00,2026-10-02T21:48:51.676957+00:00,191.338577,2026-10-02T21:52:03.059148+00:00,2026-10-02T21:52:03.319329+00:00,0.260181,2026-10-02T21:52:03.358500+00:00,2026-10-02T21:52:21.380704+00:00,18.022204,"{""auc"":0.8997579216957092,""loss"":0.4016536474227905,""epoch"":10,""phase"":""base"",""pr_auc"":0.9032355546951294,""recall"":0.8065008521080017,""val_auc"":0.9506253600120544,""accuracy"":0.8200631141662598,""val_loss"":0.35708022117614746,""precision"":0.8302828669548035,""val_pr_auc"":0.9489554762840271,""val_recall"":0.7305660247802734,""phase_epoch"":10,""specificity"":0.8337408304214478,""val_accuracy"":0.8466394543647766,""learning_rate"":0.00009999999747378752,""val_precision"":0.9453125,""val_specificity"":0.9590643274853801,""balanced_accuracy"":0.8201208114624023,""recall_parasitized"":0.8065008521080017,""val_f2_parasitized"":0.7653383934218849,""val_balanced_accuracy"":0.8448151826106145,""val_n_pred_uninfected"":1669,""val_n_pred_parasitized"":1024,""val_pr_auc_parasitized"":0.9489859469066606,""val_recall_parasitized"":0.730566037735849,""val_prediction_collapse"":0,""val_roc_auc_parasitized"":0.9505588657177534,""val_early_stopping_score"":0.7653383934217354,""val_checkpoint_policy_score"":0.730566037735849,""val_percent_pred_uninfected"":0.6197549201633865,""val_sensitivity_parasitized"":0.730566037735849,""val_percent_pred_parasitized"":0.38024507983661343,""val_prediction_collapse_detected"":0}",0.8997579216957092,0.4016536474227905,10,base,0.9032355546951294,0.8065008521080017,0.9506253600120544,0.8200631141662598,0.35708022117614746,0.8302828669548035,0.9489554762840271,0.7305660247802734,10,0.8337408304214478,0.8466394543647766,0.00009999999747378752,0.9453125,0.9590643274853801,0.8201208114624023,0.8065008521080017,0.7653383934218849,0.8448151826106145,1669,1024,0.9489859469066606,0.730566037735849,0,0.9505588657177534,0.7653383934217354,0.730566037735849,0.6197549201633865,0.730566037735849,0.38024507983661343,0
8cb547f3-8b32-4149-8992-66bcbf4f4543,densenet121,adam,Q06/Q11,train_execution_records,epoch,base,11,2026-10-02T21:55:14.865978+00:00,fab02a00-18b5-42e5-a979-cc08e7286697,52,2026-10-02T21:55:14.870052+00:00,2026-10-02T21:52:03.015534+00:00,191.854518,2026-10-02T21:55:14.906471+00:00,2026-10-02T21:55:15.167084+00:00,0.260613,2026-10-02T21:55:15.209902+00:00,2026-10-02T21:55:33.093656+00:00,17.883754,"{""auc"":0.9064698219299316,""loss"":0.3886348605155945,""epoch"":11,""phase"":""base"",""pr_auc"":0.9106830358505249,""recall"":0.8175451159477234,""val_auc"":0.9514660835266113,""accuracy"":0.8301622867584229,""val_loss"":0.34565630555152893,""precision"":0.8399446606636047,""val_pr_auc"":0.9497588276863098,""val_recall"":0.7554717063903809,""phase_epoch"":11,""specificity"":0.8428869247436523,""val_accuracy"":0.8574081063270569,""learning_rate"":0.00009999999747378752,""val_precision"":0.9434495568275452,""val_specificity"":0.956140350877193,""balanced_accuracy"":0.8302160501480103,""recall_parasitized"":0.8175451159477234,""val_f2_parasitized"":0.7868259707593146,""val_balanced_accuracy"":0.8558060244952003,""val_n_pred_uninfected"":1632,""val_n_pred_parasitized"":1061,""val_pr_auc_parasitized"":0.9499033677132105,""val_recall_parasitized"":0.7554716981132076,""val_prediction_collapse"":0,""val_roc_auc_parasitized"":0.9515472249806908,""val_early_stopping_score"":0.7868259707591522,""val_checkpoint_policy_score"":0.7554716981132076,""val_percent_pred_uninfected"":0.6060155959896026,""val_sensitivity_parasitized"":0.7554716981132076,""val_percent_pred_parasitized"":0.3939844040103973,""val_prediction_collapse_detected"":0}",0.9064698219299316,0.3886348605155945,11,base,0.9106830358505249,0.8175451159477234,0.9514660835266113,0.8301622867584229,0.34565630555152893,0.8399446606636047,0.9497588276863098,0.7554717063903809,11,0.8428869247436523,0.8574081063270569,0.00009999999747378752,0.9434495568275452,0.956140350877193,0.8302160501480103,0.8175451159477234,0.7868259707593146,0.8558060244952003,1632,1061,0.9499033677132105,0.7554716981132076,0,0.9515472249806908,0.7868259707591522,0.7554716981132076,0.6060155959896026,0.7554716981132076,0.3939844040103973,0
8cb547f3-8b32-4149-8992-66bcbf4f4543,densenet121,adam,Q06/Q11,train_execution_records,epoch,base,12,2026-10-02T21:58:24.124434+00:00,b662154d-45bd-4fd7-902b-03bc6118882e,57,2026-10-02T21:58:24.127962+00:00,2026-10-02T21:55:14.870052+00:00,189.25791,2026-10-02T21:58:24.166130+00:00,2026-10-02T21:58:24.428746+00:00,0.262616,2026-10-02T21:58:24.467750+00:00,2026-10-02T21:58:43.055072+00:00,18.587322,"{""auc"":0.9042467474937439,""loss"":0.39300912618637085,""epoch"":12,""phase"":""base"",""pr_auc"":0.9075750708580017,""recall"":0.8134147524833679,""val_auc"":0.9528988599777222,""accuracy"":0.82673579454422,""val_loss"":0.3432159721851349,""precision"":0.8369364142417908,""val_pr_auc"":0.9511402249336243,""val_recall"":0.7547169923782349,""phase_epoch"":12,""specificity"":0.8401702642440796,""val_accuracy"":0.8596360683441162,""learning_rate"":0.00009999999747378752,""val_precision"":0.9496676325798035,""val_specificity"":0.9612573099415205,""balanced_accuracy"":0.8267924785614014,""recall_parasitized"":0.8134147524833679,""val_f2_parasitized"":0.7870297497245395,""val_balanced_accuracy"":0.857987145536798,""val_n_pred_uninfected"":1640,""val_n_pred_parasitized"":1053,""val_pr_auc_parasitized"":0.951116594041434,""val_recall_parasitized"":0.7547169811320755,""val_prediction_collapse"":0,""val_roc_auc_parasitized"":0.952904667328699,""val_early_stopping_score"":0.787029749724377,""val_checkpoint_policy_score"":0.7547169811320755,""val_percent_pred_uninfected"":0.6089862606758262,""val_sensitivity_parasitized"":0.7547169811320755,""val_percent_pred_parasitized"":0.39101373932417377,""val_prediction_collapse_detected"":0}",0.9042467474937439,0.39300912618637085,12,base,0.9075750708580017,0.8134147524833679,0.9528988599777222,0.82673579454422,0.3432159721851349,0.8369364142417908,0.9511402249336243,0.7547169923782349,12,0.8401702642440796,0.8596360683441162,0.00009999999747378752,0.9496676325798035,0.9612573099415205,0.8267924785614014,0.8134147524833679,0.7870297497245395,0.857987145536798,1640,1053,0.951116594041434,0.7547169811320755,0,0.952904667328699,0.787029749724377,0.7547169811320755,0.6089862606758262,0.7547169811320755,0.39101373932417377,0
8cb547f3-8b32-4149-8992-66bcbf4f4543,densenet121,adam,Q06/Q11,train_execution_records,epoch,base,13,2026-10-02T22:01:36.229906+00:00,cbd579e8-03a7-40bc-adf5-2cbb6eb13b9a,62,2026-10-02T22:01:36.232813+00:00,2026-10-02T21:58:24.127962+00:00,192.104851,2026-10-02T22:01:36.275856+00:00,2026-10-02T22:01:36.535110+00:00,0.259254,2026-10-02T22:01:36.571062+00:00,2026-10-02T22:01:54.512959+00:00,17.941897,"{""auc"":0.9050732254981995,""loss"":0.39043474197387695,""epoch"":13,""phase"":""base"",""pr_auc"":0.9098575711250305,""recall"":0.8117087483406067,""val_auc"":0.9528812170028687,""accuracy"":0.8247520327568054,""val_loss"":0.34544047713279724,""precision"":0.8347183465957642,""val_pr_auc"":0.9511172771453857,""val_recall"":0.7486792206764221,""phase_epoch"":13,""specificity"":0.8379063606262207,""val_accuracy"":0.8577794432640076,""learning_rate"":0.00009999999747378752,""val_precision"":0.9520153403282166,""val_specificity"":0.9634502923976608,""balanced_accuracy"":0.8248075246810913,""recall_parasitized"":0.8117087483406067,""val_f2_parasitized"":0.7820876695048881,""val_balanced_accuracy"":0.8560647688403398,""val_n_pred_uninfected"":1651,""val_n_pred_parasitized"":1042,""val_pr_auc_parasitized"":0.9511665292195124,""val_recall_parasitized"":0.7486792452830189,""val_prediction_collapse"":0,""val_roc_auc_parasitized"":0.9529068741034978,""val_early_stopping_score"":0.7820876695047285,""val_checkpoint_policy_score"":0.7486792452830189,""val_percent_pred_uninfected"":0.6130709246193836,""val_sensitivity_parasitized"":0.7486792452830189,""val_percent_pred_parasitized"":0.38692907538061644,""val_prediction_collapse_detected"":0}",0.9050732254981995,0.39043474197387695,13,base,0.9098575711250305,0.8117087483406067,0.9528812170028687,0.8247520327568054,0.34544047713279724,0.8347183465957642,0.9511172771453857,0.7486792206764221,13,0.8379063606262207,0.8577794432640076,0.00009999999747378752,0.9520153403282166,0.9634502923976608,0.8248075246810913,0.8117087483406067,0.7820876695048881,0.8560647688403398,1651,1042,0.9511665292195124,0.7486792452830189,0,0.9529068741034978,0.7820876695047285,0.7486792452830189,0.6130709246193836,0.7486792452830189,0.38692907538061644,0
8cb547f3-8b32-4149-8992-66bcbf4f4543,densenet121,adam,Q06/Q11,train_execution_records,epoch,base,14,2026-10-02T22:04:44.534572+00:00,3eecdf9c-2f16-43ae-ab89-b1959d546976,67,2026-10-02T22:04:44.538111+00:00,2026-10-02T22:01:36.232813+00:00,188.305298,2026-10-02T22:04:44.577855+00:00,2026-10-02T22:04:44.836737+00:00,0.258882,2026-10-02T22:04:44.877226+00:00,2026-10-02T22:05:02.759856+00:00,17.88263,"{""auc"":0.908169150352478,""loss"":0.385078489780426,""epoch"":14,""phase"":""base"",""pr_auc"":0.9121493101119995,""recall"":0.8163778185844421,""val_auc"":0.9533247947692871,""accuracy"":0.8303426504135132,""val_loss"":0.34062111377716064,""precision"":0.8410730957984924,""val_pr_auc"":0.9517502188682556,""val_recall"":0.7554717063903809,""phase_epoch"":14,""specificity"":0.8444263339042664,""val_accuracy"":0.8603787422180176,""learning_rate"":0.00009999999747378752,""val_precision"":0.9506173133850098,""val_specificity"":0.9619883040935673,""balanced_accuracy"":0.8304020762443542,""recall_parasitized"":0.8163778185844421,""val_f2_parasitized"":0.7878167794742641,""val_balanced_accuracy"":0.8587300011033874,""val_n_pred_uninfected"":1640,""val_n_pred_parasitized"":1053,""val_pr_auc_parasitized"":0.9517165482855119,""val_recall_parasitized"":0.7554716981132076,""val_prediction_collapse"":0,""val_roc_auc_parasitized"":0.9533862959285005,""val_early_stopping_score"":0.7878167794741011,""val_checkpoint_policy_score"":0.7554716981132076,""val_percent_pred_uninfected"":0.6089862606758262,""val_sensitivity_parasitized"":0.7554716981132076,""val_percent_pred_parasitized"":0.39101373932417377,""val_prediction_collapse_detected"":0}",0.908169150352478,0.385078489780426,14,base,0.9121493101119995,0.8163778185844421,0.9533247947692871,0.8303426504135132,0.34062111377716064,0.8410730957984924,0.9517502188682556,0.7554717063903809,14,0.8444263339042664,0.8603787422180176,0.00009999999747378752,0.9506173133850098,0.9619883040935673,0.8304020762443542,0.8163778185844421,0.7878167794742641,0.8587300011033874,1640,1053,0.9517165482855119,0.7554716981132076,0,0.9533862959285005,0.7878167794741011,0.7554716981132076,0.6089862606758262,0.7554716981132076,0.39101373932417377,0
8cb547f3-8b32-4149-8992-66bcbf4f4543,densenet121,adam,Q06/Q11,train_execution_records,epoch,base,15,2026-10-02T22:07:52.603286+00:00,1f70d61b-b210-4a3d-a65b-9b6a97dc51ef,72,2026-10-02T22:07:52.606463+00:00,2026-10-02T22:04:44.538111+00:00,188.068352,2026-10-02T22:07:52.649436+00:00,2026-10-02T22:07:52.911967+00:00,0.262531,2026-10-02T22:07:52.951708+00:00,2026-10-02T22:08:10.811868+00:00,17.86016,"{""auc"":0.9097638130187988,""loss"":0.3817935287952423,""epoch"":15,""phase"":""base"",""pr_auc"":0.9151434898376465,""recall"":0.8191613554954529,""val_auc"":0.953758955001831,""accuracy"":0.8347610235214233,""val_loss"":0.3473238945007324,""precision"":0.8467607498168945,""val_pr_auc"":0.9520992040634155,""val_recall"":0.7320754528045654,""phase_epoch"":15,""specificity"":0.8504935503005981,""val_accuracy"":0.85109543800354,""learning_rate"":0.00009999999747378752,""val_precision"":0.9547244310379028,""val_specificity"":0.966374269005848,""balanced_accuracy"":0.8348274230957031,""recall_parasitized"":0.8191613554954529,""val_f2_parasitized"":0.7678910702976568,""val_balanced_accuracy"":0.8492248703519806,""val_n_pred_uninfected"":1677,""val_n_pred_parasitized"":1016,""val_pr_auc_parasitized"":0.952105308510529,""val_recall_parasitized"":0.7320754716981132,""val_prediction_collapse"":0,""val_roc_auc_parasitized"":0.9538293059693259,""val_early_stopping_score"":0.7678910702975059,""val_checkpoint_policy_score"":0.7320754716981132,""val_percent_pred_uninfected"":0.62272558484961,""val_sensitivity_parasitized"":0.7320754716981132,""val_percent_pred_parasitized"":0.3772744151503899,""val_prediction_collapse_detected"":0}",0.9097638130187988,0.3817935287952423,15,base,0.9151434898376465,0.8191613554954529,0.953758955001831,0.8347610235214233,0.3473238945007324,0.8467607498168945,0.9520992040634155,0.7320754528045654,15,0.8504935503005981,0.85109543800354,0.00009999999747378752,0.9547244310379028,0.966374269005848,0.8348274230957031,0.8191613554954529,0.7678910702976568,0.8492248703519806,1677,1016,0.952105308510529,0.7320754716981132,0,0.9538293059693259,0.7678910702975059,0.7320754716981132,0.62272558484961,0.7320754716981132,0.3772744151503899,0
8cb547f3-8b32-4149-8992-66bcbf4f4543,densenet121,adam,Q06/Q11,train_execution_records,epoch,base,16,2026-10-02T22:11:00.675068+00:00,a2c0cd42-c25c-4b3b-ada2-d137d5fd9f89,77,2026-10-02T22:11:00.678601+00:00,2026-10-02T22:07:52.606463+00:00,188.072138,2026-10-02T22:11:00.721051+00:00,2026-10-02T22:11:00.987122+00:00,0.266071,2026-10-02T22:11:01.025354+00:00,2026-10-02T22:11:18.832228+00:00,17.806874,"{""auc"":0.9089360237121582,""loss"":0.38402053713798523,""epoch"":16,""phase"":""base"",""pr_auc"":0.9125219583511353,""recall"":0.8177247047424316,""val_auc"":0.9547290802001953,""accuracy"":0.8314697742462158,""val_loss"":0.3356744945049286,""precision"":0.8420711755752563,""val_pr_auc"":0.9529846906661987,""val_recall"":0.7584905624389648,""phase_epoch"":16,""specificity"":0.8453319072723389,""val_accuracy"":0.862235426902771,""learning_rate"":0.00009999999747378752,""val_precision"":0.9517045617103577,""val_specificity"":0.9627192982456141,""balanced_accuracy"":0.8315283060073853,""recall_parasitized"":0.8177247047424316,""val_f2_parasitized"":0.790591567023285,""val_balanced_accuracy"":0.860604932141675,""val_n_pred_uninfected"":1637,""val_n_pred_parasitized"":1056,""val_pr_auc_parasitized"":0.9528895198030378,""val_recall_parasitized"":0.7584905660377359,""val_prediction_collapse"":0,""val_roc_auc_parasitized"":0.9546165728787377,""val_early_stopping_score"":0.7905915670231203,""val_checkpoint_policy_score"":0.7584905660377359,""val_percent_pred_uninfected"":0.6078722614184924,""val_sensitivity_parasitized"":0.7584905660377359,""val_percent_pred_parasitized"":0.3921277385815076,""val_prediction_collapse_detected"":0}",0.9089360237121582,0.38402053713798523,16,base,0.9125219583511353,0.8177247047424316,0.9547290802001953,0.8314697742462158,0.3356744945049286,0.8420711755752563,0.9529846906661987,0.7584905624389648,16,0.8453319072723389,0.862235426902771,0.00009999999747378752,0.9517045617103577,0.9627192982456141,0.8315283060073853,0.8177247047424316,0.790591567023285,0.860604932141675,1637,1056,0.9528895198030378,0.7584905660377359,0,0.9546165728787377,0.7905915670231203,0.7584905660377359,0.6078722614184924,0.7584905660377359,0.3921277385815076,0
8cb547f3-8b32-4149-8992-66bcbf4f4543,densenet121,adam,Q06/Q11,train_execution_records,epoch,base,17,2026-10-02T22:14:08.732352+00:00,440882e2-fee9-4f39-a607-bd7146e791d0,82,2026-10-02T22:14:08.734854+00:00,2026-10-02T22:11:00.678601+00:00,188.056253,2026-10-02T22:14:08.773255+00:00,2026-10-02T22:14:09.031321+00:00,0.258066,2026-10-02T22:14:09.066885+00:00,2026-10-02T22:14:26.824983+00:00,17.758098,"{""auc"":0.9119162559509277,""loss"":0.3777789771556854,""epoch"":17,""phase"":""base"",""pr_auc"":0.915738582611084,""recall"":0.8187124133110046,""val_auc"":0.9547746181488037,""accuracy"":0.8361586928367615,""val_loss"":0.33015891909599304,""precision"":0.849529504776001,""val_pr_auc"":0.9531776905059814,""val_recall"":0.7637735605239868,""phase_epoch"":17,""specificity"":0.8537535071372986,""val_accuracy"":0.8640921115875244,""learning_rate"":0.00009999999747378752,""val_precision"":0.9502347707748413,""val_specificity"":0.9612573099415205,""balanced_accuracy"":0.8362329602241516,""recall_parasitized"":0.8187124133110046,""val_f2_parasitized"":0.7949725058915946,""val_balanced_accuracy"":0.8625154474235904,""val_n_pred_uninfected"":1628,""val_n_pred_parasitized"":1065,""val_pr_auc_parasitized"":0.95312606649846,""val_recall_parasitized"":0.7637735849056604,""val_prediction_collapse"":0,""val_roc_auc_parasitized"":0.9547820809886352,""val_early_stopping_score"":0.7949725058914272,""val_checkpoint_policy_score"":0.7637735849056604,""val_percent_pred_uninfected"":0.6045302636464909,""val_sensitivity_parasitized"":0.7637735849056604,""val_percent_pred_parasitized"":0.39546973635350907,""val_prediction_collapse_detected"":0}",0.9119162559509277,0.3777789771556854,17,base,0.915738582611084,0.8187124133110046,0.9547746181488037,0.8361586928367615,0.33015891909599304,0.849529504776001,0.9531776905059814,0.7637735605239868,17,0.8537535071372986,0.8640921115875244,0.00009999999747378752,0.9502347707748413,0.9612573099415205,0.8362329602241516,0.8187124133110046,0.7949725058915946,0.8625154474235904,1628,1065,0.95312606649846,0.7637735849056604,0,0.9547820809886352,0.7949725058914272,0.7637735849056604,0.6045302636464909,0.7637735849056604,0.39546973635350907,0
8cb547f3-8b32-4149-8992-66bcbf4f4543,densenet121,adam,Q06/Q11,train_execution_records,epoch,base,18,2026-10-02T22:17:17.221+00:00,8e4c94ef-8e28-41e2-ba25-7b636246e26b,87,2026-10-02T22:17:17.224461+00:00,2026-10-02T22:14:08.734854+00:00,188.489607,2026-10-02T22:17:17.268935+00:00,2026-10-02T22:17:17.530934+00:00,0.261999,2026-10-02T22:17:17.567772+00:00,2026-10-02T22:17:35.491767+00:00,17.923995,"{""auc"":0.9111320376396179,""loss"":0.3794472813606262,""epoch"":18,""phase"":""base"",""pr_auc"":0.9151396155357361,""recall"":0.8218550682067871,""val_auc"":0.954856812953949,""accuracy"":0.8357078433036804,""val_loss"":0.32708829641342163,""precision"":0.8464810848236084,""val_pr_auc"":0.9532961249351501,""val_recall"":0.7735849022865295,""phase_epoch"":18,""specificity"":0.8496785163879395,""val_accuracy"":0.8670627474784851,""learning_rate"":0.00009999999747378752,""val_precision"":0.9464450478553772,""val_specificity"":0.9576023391812866,""balanced_accuracy"":0.8357667922973633,""recall_parasitized"":0.8218550682067871,""val_f2_parasitized"":0.8029139902866991,""val_balanced_accuracy"":0.865593622420832,""val_n_pred_uninfected"":1610,""val_n_pred_parasitized"":1083,""val_pr_auc_parasitized"":0.9533590404031735,""val_recall_parasitized"":0.7735849056603774,""val_prediction_collapse"":0,""val_roc_auc_parasitized"":0.9548681452057818,""val_early_stopping_score"":0.8029139902865264,""val_checkpoint_policy_score"":0.7735849056603774,""val_percent_pred_uninfected"":0.597846268102488,""val_sensitivity_parasitized"":0.7735849056603774,""val_percent_pred_parasitized"":0.4021537318975121,""val_prediction_collapse_detected"":0}",0.9111320376396179,0.3794472813606262,18,base,0.9151396155357361,0.8218550682067871,0.954856812953949,0.8357078433036804,0.32708829641342163,0.8464810848236084,0.9532961249351501,0.7735849022865295,18,0.8496785163879395,0.8670627474784851,0.00009999999747378752,0.9464450478553772,0.9576023391812866,0.8357667922973633,0.8218550682067871,0.8029139902866991,0.865593622420832,1610,1083,0.9533590404031735,0.7735849056603774,0,0.9548681452057818,0.8029139902865264,0.7735849056603774,0.597846268102488,0.7735849056603774,0.4021537318975121,0
8cb547f3-8b32-4149-8992-66bcbf4f4543,densenet121,adam,Q06/Q11,train_execution_records,epoch,base,19,2026-10-02T22:20:25.948885+00:00,de7f0583-623b-43ce-8f2e-ccbaf134ac2b,92,2026-10-02T22:20:25.955023+00:00,2026-10-02T22:17:17.224461+00:00,188.730562,2026-10-02T22:20:25.996958+00:00,2026-10-02T22:20:26.362506+00:00,0.365548,2026-10-02T22:20:26.401053+00:00,2026-10-02T22:20:44.239217+00:00,17.838164,"{""auc"":0.9122357964515686,""loss"":0.37681323289871216,""epoch"":19,""phase"":""base"",""pr_auc"":0.9168418049812317,""recall"":0.8206877708435059,""val_auc"":0.9548736810684204,""accuracy"":0.8334084749221802,""val_loss"":0.332234650850296,""precision"":0.8433290123939514,""val_pr_auc"":0.9533562660217285,""val_recall"":0.7599999904632568,""phase_epoch"":19,""specificity"":0.8462374210357666,""val_accuracy"":0.8637207746505737,""learning_rate"":0.00009999999747378752,""val_precision"":0.9535984992980957,""val_specificity"":0.9641812865497076,""balanced_accuracy"":0.8334625959396362,""recall_parasitized"":0.8206877708435059,""val_f2_parasitized"":0.7921648835745752,""val_balanced_accuracy"":0.8620906432748539,""val_n_pred_uninfected"":1637,""val_n_pred_parasitized"":1056,""val_pr_auc_parasitized"":0.9535068055369711,""val_recall_parasitized"":0.76,""val_prediction_collapse"":0,""val_roc_auc_parasitized"":0.9550055169369965,""val_early_stopping_score"":0.7921648835744095,""val_checkpoint_policy_score"":0.76,""val_percent_pred_uninfected"":0.6078722614184924,""val_sensitivity_parasitized"":0.76,""val_percent_pred_parasitized"":0.3921277385815076,""val_prediction_collapse_detected"":0}",0.9122357964515686,0.37681323289871216,19,base,0.9168418049812317,0.8206877708435059,0.9548736810684204,0.8334084749221802,0.332234650850296,0.8433290123939514,0.9533562660217285,0.7599999904632568,19,0.8462374210357666,0.8637207746505737,0.00009999999747378752,0.9535984992980957,0.9641812865497076,0.8334625959396362,0.8206877708435059,0.7921648835745752,0.8620906432748539,1637,1056,0.9535068055369711,0.76,0,0.9550055169369965,0.7921648835744095,0.76,0.6078722614184924,0.76,0.3921277385815076,0
8cb547f3-8b32-4149-8992-66bcbf4f4543,densenet121,adam,Q06/Q11,train_execution_records,epoch,base,20,2026-10-02T22:23:34.385592+00:00,f3657d22-8ce3-4ea1-bc00-b9d8e21f65e9,97,2026-10-02T22:23:34.391260+00:00,2026-10-02T22:20:25.955023+00:00,188.436237,2026-10-02T22:23:34.431373+00:00,2026-10-02T22:23:34.689695+00:00,0.258322,2026-10-02T22:23:34.729823+00:00,2026-10-02T22:23:52.643442+00:00,17.913619,"{""auc"":0.914004385471344,""loss"":0.37329035997390747,""epoch"":20,""phase"":""base"",""pr_auc"":0.9185140132904053,""recall"":0.8208673596382141,""val_auc"":0.9549776315689087,""accuracy"":0.8380072116851807,""val_loss"":0.32594969868659973,""precision"":0.8512104153633118,""val_pr_auc"":0.9534580111503601,""val_recall"":0.7698113322257996,""phase_epoch"":20,""specificity"":0.8552929162979126,""val_accuracy"":0.8652060627937317,""learning_rate"":0.00009999999747378752,""val_precision"":0.9461966753005981,""val_specificity"":0.9576023391812866,""balanced_accuracy"":0.8380801677703857,""recall_parasitized"":0.8208673596382141,""val_f2_parasitized"":0.7996237064910631,""val_balanced_accuracy"":0.8637068299680017,""val_n_pred_uninfected"":1615,""val_n_pred_parasitized"":1078,""val_pr_auc_parasitized"":0.9535767141848314,""val_recall_parasitized"":0.769811320754717,""val_prediction_collapse"":0,""val_roc_auc_parasitized"":0.954998344918901,""val_early_stopping_score"":0.7996237064908926,""val_checkpoint_policy_score"":0.769811320754717,""val_percent_pred_uninfected"":0.5997029335313776,""val_sensitivity_parasitized"":0.769811320754717,""val_percent_pred_parasitized"":0.40029706646862234,""val_prediction_collapse_detected"":0}",0.914004385471344,0.37329035997390747,20,base,0.9185140132904053,0.8208673596382141,0.9549776315689087,0.8380072116851807,0.32594969868659973,0.8512104153633118,0.9534580111503601,0.7698113322257996,20,0.8552929162979126,0.8652060627937317,0.00009999999747378752,0.9461966753005981,0.9576023391812866,0.8380801677703857,0.8208673596382141,0.7996237064910631,0.8637068299680017,1615,1078,0.9535767141848314,0.769811320754717,0,0.954998344918901,0.7996237064908926,0.769811320754717,0.5997029335313776,0.769811320754717,0.40029706646862234,0
8cb547f3-8b32-4149-8992-66bcbf4f4543,densenet121,adam,Q06/Q11,train_execution_records,epoch,base,21,2026-10-02T22:26:42.936211+00:00,49633d2b-ea2f-4b77-9e80-610b30f00e27,102,2026-10-02T22:26:42.939413+00:00,2026-10-02T22:23:34.391260+00:00,188.548153,2026-10-02T22:26:42.983839+00:00,2026-10-02T22:26:43.248934+00:00,0.265095,2026-10-02T22:26:43.285571+00:00,2026-10-02T22:27:01.263171+00:00,17.9776,"{""auc"":0.9140926003456116,""loss"":0.3723105788230896,""epoch"":21,""phase"":""base"",""pr_auc"":0.9185550808906555,""recall"":0.8258058428764343,""val_auc"":0.9551646709442139,""accuracy"":0.8393597602844238,""val_loss"":0.32500365376472473,""precision"":0.8500000238418579,""val_pr_auc"":0.9536799788475037,""val_recall"":0.7698113322257996,""phase_epoch"":21,""specificity"":0.8530290722846985,""val_accuracy"":0.8663200736045837,""learning_rate"":0.00009999999747378752,""val_precision"":0.9488372206687927,""val_specificity"":0.9597953216374269,""balanced_accuracy"":0.8394174575805664,""recall_parasitized"":0.8258058428764343,""val_f2_parasitized"":0.8,""val_balanced_accuracy"":0.864803321196072,""val_n_pred_uninfected"":1618,""val_n_pred_parasitized"":1075,""val_pr_auc_parasitized"":0.9536448483217413,""val_recall_parasitized"":0.769811320754717,""val_prediction_collapse"":0,""val_roc_auc_parasitized"":0.9551737835153924,""val_early_stopping_score"":0.7999999999998294,""val_checkpoint_policy_score"":0.769811320754717,""val_percent_pred_uninfected"":0.6008169327887115,""val_sensitivity_parasitized"":0.769811320754717,""val_percent_pred_parasitized"":0.39918306721128854,""val_prediction_collapse_detected"":0}",0.9140926003456116,0.3723105788230896,21,base,0.9185550808906555,0.8258058428764343,0.9551646709442139,0.8393597602844238,0.32500365376472473,0.8500000238418579,0.9536799788475037,0.7698113322257996,21,0.8530290722846985,0.8663200736045837,0.00009999999747378752,0.9488372206687927,0.9597953216374269,0.8394174575805664,0.8258058428764343,0.8,0.864803321196072,1618,1075,0.9536448483217413,0.769811320754717,0,0.9551737835153924,0.7999999999998294,0.769811320754717,0.6008169327887115,0.769811320754717,0.39918306721128854,0
8cb547f3-8b32-4149-8992-66bcbf4f4543,densenet121,adam,Q06/Q11,train_execution_records,epoch,base,22,2026-10-02T22:29:51.543761+00:00,4b74019e-e084-4991-8bd3-e2547042f4cc,107,2026-10-02T22:29:51.546778+00:00,2026-10-02T22:26:42.939413+00:00,188.607365,2026-10-02T22:29:51.593593+00:00,2026-10-02T22:29:51.858484+00:00,0.264891,2026-10-02T22:29:51.898482+00:00,2026-10-02T22:30:09.806856+00:00,17.908374,"{""auc"":0.9142929911613464,""loss"":0.3719555735588074,""epoch"":22,""phase"":""base"",""pr_auc"":0.919191300868988,""recall"":0.8225734233856201,""val_auc"":0.9553290605545044,""accuracy"":0.8392696380615234,""val_loss"":0.3268178701400757,""precision"":0.8521860241889954,""val_pr_auc"":0.9539812207221985,""val_recall"":0.7652830481529236,""phase_epoch"":22,""specificity"":0.8561079502105713,""val_accuracy"":0.8655773997306824,""learning_rate"":0.00009999999747378752,""val_precision"":0.9521126747131348,""val_specificity"":0.9627192982456141,""balanced_accuracy"":0.8393406867980957,""recall_parasitized"":0.8225734233856201,""val_f2_parasitized"":0.7965435978004713,""val_balanced_accuracy"":0.8640011585567693,""val_n_pred_uninfected"":1628,""val_n_pred_parasitized"":1065,""val_pr_auc_parasitized"":0.9539375388575009,""val_recall_parasitized"":0.7652830188679245,""val_prediction_collapse"":0,""val_roc_auc_parasitized"":0.9553459119496855,""val_early_stopping_score"":0.7965435978003028,""val_checkpoint_policy_score"":0.7652830188679245,""val_percent_pred_uninfected"":0.6045302636464909,""val_sensitivity_parasitized"":0.7652830188679245,""val_percent_pred_parasitized"":0.39546973635350907,""val_prediction_collapse_detected"":0}",0.9142929911613464,0.3719555735588074,22,base,0.919191300868988,0.8225734233856201,0.9553290605545044,0.8392696380615234,0.3268178701400757,0.8521860241889954,0.9539812207221985,0.7652830481529236,22,0.8561079502105713,0.8655773997306824,0.00009999999747378752,0.9521126747131348,0.9627192982456141,0.8393406867980957,0.8225734233856201,0.7965435978004713,0.8640011585567693,1628,1065,0.9539375388575009,0.7652830188679245,0,0.9553459119496855,0.7965435978003028,0.7652830188679245,0.6045302636464909,0.7652830188679245,0.39546973635350907,0
8cb547f3-8b32-4149-8992-66bcbf4f4543,densenet121,adam,Q06/Q11,train_execution_records,epoch,base,23,2026-10-02T22:33:00.033099+00:00,baa0cf62-0caa-46e0-a9cc-b56281cd6bee,112,2026-10-02T22:33:00.036165+00:00,2026-10-02T22:29:51.546778+00:00,188.489387,2026-10-02T22:33:00.080821+00:00,2026-10-02T22:33:00.345955+00:00,0.265134,2026-10-02T22:33:00.386680+00:00,2026-10-02T22:33:18.230630+00:00,17.84395,"{""auc"":0.9159525632858276,""loss"":0.3685685992240906,""epoch"":23,""phase"":""base"",""pr_auc"":0.9206153154373169,""recall"":0.8226631879806519,""val_auc"":0.9560388326644897,""accuracy"":0.8389540314674377,""val_loss"":0.3219850957393646,""precision"":0.8515661358833313,""val_pr_auc"":0.9546281099319458,""val_recall"":0.7743396162986755,""phase_epoch"":23,""specificity"":0.8553835153579712,""val_accuracy"":0.8689194321632385,""learning_rate"":0.00009999999747378752,""val_precision"":0.949999988079071,""val_specificity"":0.9605263157894737,""balanced_accuracy"":0.8390233516693115,""recall_parasitized"":0.8226631879806519,""val_f2_parasitized"":0.8040752351097179,""val_balanced_accuracy"":0.8674329692154916,""val_n_pred_uninfected"":1613,""val_n_pred_parasitized"":1080,""val_pr_auc_parasitized"":0.9546614796257564,""val_recall_parasitized"":0.7743396226415095,""val_prediction_collapse"":0,""val_roc_auc_parasitized"":0.9560906984442239,""val_early_stopping_score"":0.8040752351095446,""val_checkpoint_policy_score"":0.7743396226415095,""val_percent_pred_uninfected"":0.5989602673598218,""val_sensitivity_parasitized"":0.7743396226415095,""val_percent_pred_parasitized"":0.4010397326401782,""val_prediction_collapse_detected"":0}",0.9159525632858276,0.3685685992240906,23,base,0.9206153154373169,0.8226631879806519,0.9560388326644897,0.8389540314674377,0.3219850957393646,0.8515661358833313,0.9546281099319458,0.7743396162986755,23,0.8553835153579712,0.8689194321632385,0.00009999999747378752,0.949999988079071,0.9605263157894737,0.8390233516693115,0.8226631879806519,0.8040752351097179,0.8674329692154916,1613,1080,0.9546614796257564,0.7743396226415095,0,0.9560906984442239,0.8040752351095446,0.7743396226415095,0.5989602673598218,0.7743396226415095,0.4010397326401782,0
8cb547f3-8b32-4149-8992-66bcbf4f4543,densenet121,adam,Q06/Q11,train_execution_records,epoch,base,24,2026-10-02T22:36:08.302891+00:00,3c333793-e661-4746-8a22-9c5f9f15c47a,117,2026-10-02T22:36:08.305238+00:00,2026-10-02T22:33:00.036165+00:00,188.269073,2026-10-02T22:36:08.346239+00:00,2026-10-02T22:36:08.603530+00:00,0.257291,2026-10-02T22:36:08.654022+00:00,2026-10-02T22:36:26.530197+00:00,17.876175,"{""auc"":0.916223406791687,""loss"":0.36807748675346375,""epoch"":24,""phase"":""base"",""pr_auc"":0.9213708639144897,""recall"":0.8258058428764343,""val_auc"":0.9558300375938416,""accuracy"":0.8420198559761047,""val_loss"":0.3232932984828949,""precision"":0.8546603322029114,""val_pr_auc"":0.9545050263404846,""val_recall"":0.7728301882743835,""phase_epoch"":24,""specificity"":0.8583717942237854,""val_accuracy"":0.8689194321632385,""learning_rate"":0.00009999999747378752,""val_precision"":0.9516728520393372,""val_specificity"":0.9619883040935673,""balanced_accuracy"":0.8420888185501099,""recall_parasitized"":0.8258058428764343,""val_f2_parasitized"":0.8030112923462986,""val_balanced_accuracy"":0.8674092463864063,""val_n_pred_uninfected"":1617,""val_n_pred_parasitized"":1076,""val_pr_auc_parasitized"":0.9545007962053752,""val_recall_parasitized"":0.7728301886792452,""val_prediction_collapse"":0,""val_roc_auc_parasitized"":0.9558901577843982,""val_early_stopping_score"":0.8030112923461261,""val_checkpoint_policy_score"":0.7728301886792452,""val_percent_pred_uninfected"":0.6004455997029335,""val_sensitivity_parasitized"":0.7728301886792452,""val_percent_pred_parasitized"":0.39955440029706646,""val_prediction_collapse_detected"":0}",0.916223406791687,0.36807748675346375,24,base,0.9213708639144897,0.8258058428764343,0.9558300375938416,0.8420198559761047,0.3232932984828949,0.8546603322029114,0.9545050263404846,0.7728301882743835,24,0.8583717942237854,0.8689194321632385,0.00009999999747378752,0.9516728520393372,0.9619883040935673,0.8420888185501099,0.8258058428764343,0.8030112923462986,0.8674092463864063,1617,1076,0.9545007962053752,0.7728301886792452,0,0.9558901577843982,0.8030112923461261,0.7728301886792452,0.6004455997029335,0.7728301886792452,0.39955440029706646,0
8cb547f3-8b32-4149-8992-66bcbf4f4543,densenet121,adam,Q06/Q11,train_execution_records,epoch,base,25,2026-10-02T22:39:16.682588+00:00,3606c531-4cf6-431c-b687-872b55a0ea4a,122,2026-10-02T22:39:16.686101+00:00,2026-10-02T22:36:08.305238+00:00,188.380863,2026-10-02T22:39:16.730191+00:00,2026-10-02T22:39:17.096676+00:00,0.366485,2026-10-02T22:39:17.138372+00:00,2026-10-02T22:39:35.002211+00:00,17.863839,"{""auc"":0.9153205752372742,""loss"":0.3694058954715729,""epoch"":25,""phase"":""base"",""pr_auc"":0.9204328656196594,""recall"":0.8238304853439331,""val_auc"":0.9562118053436279,""accuracy"":0.8374661803245544,""val_loss"":0.32267314195632935,""precision"":0.8481234908103943,""val_pr_auc"":0.9548155069351196,""val_recall"":0.7713207602500916,""phase_epoch"":25,""specificity"":0.8512179851531982,""val_accuracy"":0.8685480952262878,""learning_rate"":0.00009999999747378752,""val_precision"":0.9524697065353394,""val_specificity"":0.9627192982456141,""balanced_accuracy"":0.8375242352485657,""recall_parasitized"":0.8238304853439331,""val_f2_parasitized"":0.8018201788796485,""val_balanced_accuracy"":0.8670200264812976,""val_n_pred_uninfected"":1620,""val_n_pred_parasitized"":1073,""val_pr_auc_parasitized"":0.9548134045950853,""val_recall_parasitized"":0.7713207547169811,""val_prediction_collapse"":0,""val_roc_auc_parasitized"":0.9562429659053294,""val_early_stopping_score"":0.8018201788794767,""val_checkpoint_policy_score"":0.7713207547169811,""val_percent_pred_uninfected"":0.6015595989602673,""val_sensitivity_parasitized"":0.7713207547169811,""val_percent_pred_parasitized"":0.39844040103973266,""val_prediction_collapse_detected"":0}",0.9153205752372742,0.3694058954715729,25,base,0.9204328656196594,0.8238304853439331,0.9562118053436279,0.8374661803245544,0.32267314195632935,0.8481234908103943,0.9548155069351196,0.7713207602500916,25,0.8512179851531982,0.8685480952262878,0.00009999999747378752,0.9524697065353394,0.9627192982456141,0.8375242352485657,0.8238304853439331,0.8018201788796485,0.8670200264812976,1620,1073,0.9548134045950853,0.7713207547169811,0,0.9562429659053294,0.8018201788794767,0.7713207547169811,0.6015595989602673,0.7713207547169811,0.39844040103973266,0
8cb547f3-8b32-4149-8992-66bcbf4f4543,densenet121,adam,Q06/Q11,train_execution_records,epoch,base,26,2026-10-02T22:42:25.119768+00:00,c69130a5-0582-417a-881f-7d04b504d00f,127,2026-10-02T22:42:25.127954+00:00,2026-10-02T22:39:16.686101+00:00,188.441853,2026-10-02T22:42:25.170401+00:00,2026-10-02T22:42:25.436387+00:00,0.265986,2026-10-02T22:42:25.475985+00:00,2026-10-02T22:42:43.340472+00:00,17.864487,"{""auc"":0.913345992565155,""loss"":0.37340447306632996,""epoch"":26,""phase"":""base"",""pr_auc"":0.9185051918029785,""recall"":0.8213163614273071,""val_auc"":0.956820011138916,""accuracy"":0.8380072116851807,""val_loss"":0.32481321692466736,""precision"":0.8508837223052979,""val_pr_auc"":0.9553577303886414,""val_recall"":0.7630188465118408,""phase_epoch"":26,""specificity"":0.8548401594161987,""val_accuracy"":0.8666914105415344,""learning_rate"":0.00009999999747378752,""val_precision"":0.9573863744735718,""val_specificity"":0.9671052631578947,""balanced_accuracy"":0.8380782604217529,""recall_parasitized"":0.8213163614273071,""val_f2_parasitized"":0.7953115166771555,""val_balanced_accuracy"":0.8650620655412116,""val_n_pred_uninfected"":1637,""val_n_pred_parasitized"":1056,""val_pr_auc_parasitized"":0.9553242854643211,""val_recall_parasitized"":0.7630188679245283,""val_prediction_collapse"":0,""val_roc_auc_parasitized"":0.9568034867041817,""val_early_stopping_score"":0.7953115166769877,""val_checkpoint_policy_score"":0.7630188679245283,""val_percent_pred_uninfected"":0.6078722614184924,""val_sensitivity_parasitized"":0.7630188679245283,""val_percent_pred_parasitized"":0.3921277385815076,""val_prediction_collapse_detected"":0}",0.913345992565155,0.37340447306632996,26,base,0.9185051918029785,0.8213163614273071,0.956820011138916,0.8380072116851807,0.32481321692466736,0.8508837223052979,0.9553577303886414,0.7630188465118408,26,0.8548401594161987,0.8666914105415344,0.00009999999747378752,0.9573863744735718,0.9671052631578947,0.8380782604217529,0.8213163614273071,0.7953115166771555,0.8650620655412116,1637,1056,0.9553242854643211,0.7630188679245283,0,0.9568034867041817,0.7953115166769877,0.7630188679245283,0.6078722614184924,0.7630188679245283,0.3921277385815076,0
8cb547f3-8b32-4149-8992-66bcbf4f4543,densenet121,adam,Q06/Q11,train_execution_records,epoch,base,27,2026-10-02T22:45:33.698757+00:00,9d5a9a41-910c-4eac-90a6-10530e7e46e0,132,2026-10-02T22:45:33.704667+00:00,2026-10-02T22:42:25.127954+00:00,188.576713,2026-10-02T22:45:33.748473+00:00,2026-10-02T22:45:34.014175+00:00,0.265702,2026-10-02T22:45:34.053402+00:00,2026-10-02T22:45:51.925302+00:00,17.8719,"{""auc"":0.9171635508537292,""loss"":0.36616429686546326,""epoch"":27,""phase"":""base"",""pr_auc"":0.9213733673095703,""recall"":0.8292179107666016,""val_auc"":0.9569298624992371,""accuracy"":0.8436880111694336,""val_loss"":0.32555073499679565,""precision"":0.8550925850868225,""val_pr_auc"":0.955456554889679,""val_recall"":0.7607547044754028,""phase_epoch"":27,""specificity"":0.8582812547683716,""val_accuracy"":0.8655773997306824,""learning_rate"":0.00004999999873689376,""val_precision"":0.9572649598121643,""val_specificity"":0.9671052631578947,""balanced_accuracy"":0.8437495827674866,""recall_parasitized"":0.8292179107666016,""val_f2_parasitized"":0.7933259877223359,""val_balanced_accuracy"":0.8639299900695134,""val_n_pred_uninfected"":1640,""val_n_pred_parasitized"":1053,""val_pr_auc_parasitized"":0.9554505761372122,""val_recall_parasitized"":0.7607547169811321,""val_prediction_collapse"":0,""val_roc_auc_parasitized"":0.9569667880392807,""val_early_stopping_score"":0.7933259877221694,""val_checkpoint_policy_score"":0.7607547169811321,""val_percent_pred_uninfected"":0.6089862606758262,""val_sensitivity_parasitized"":0.7607547169811321,""val_percent_pred_parasitized"":0.39101373932417377,""val_prediction_collapse_detected"":0}",0.9171635508537292,0.36616429686546326,27,base,0.9213733673095703,0.8292179107666016,0.9569298624992371,0.8436880111694336,0.32555073499679565,0.8550925850868225,0.955456554889679,0.7607547044754028,27,0.8582812547683716,0.8655773997306824,0.00004999999873689376,0.9572649598121643,0.9671052631578947,0.8437495827674866,0.8292179107666016,0.7933259877223359,0.8639299900695134,1640,1053,0.9554505761372122,0.7607547169811321,0,0.9569667880392807,0.7933259877221694,0.7607547169811321,0.6089862606758262,0.7607547169811321,0.39101373932417377,0
8cb547f3-8b32-4149-8992-66bcbf4f4543,densenet121,adam,Q06/Q11,train_execution_records,epoch,base,28,2026-10-02T22:48:41.994603+00:00,09791b98-e5be-48ae-8d03-88709dbd5230,137,2026-10-02T22:48:41.997371+00:00,2026-10-02T22:45:33.704667+00:00,188.292704,2026-10-02T22:48:42.040452+00:00,2026-10-02T22:48:42.302490+00:00,0.262038,2026-10-02T22:48:42.343773+00:00,2026-10-02T22:49:00.209695+00:00,17.865922,"{""auc"":0.9141151309013367,""loss"":0.3725391626358032,""epoch"":28,""phase"":""base"",""pr_auc"":0.9177495241165161,""recall"":0.8230223655700684,""val_auc"":0.9568980932235718,""accuracy"":0.8382777571678162,""val_loss"":0.3238401710987091,""precision"":0.8501205444335938,""val_pr_auc"":0.9555119872093201,""val_recall"":0.7645282745361328,""phase_epoch"":28,""specificity"":0.8536629676818848,""val_accuracy"":0.8670627474784851,""learning_rate"":0.00004999999873689376,""val_precision"":0.9565628170967102,""val_specificity"":0.966374269005848,""balanced_accuracy"":0.8383426666259766,""recall_parasitized"":0.8230223655700684,""val_f2_parasitized"":0.7965088850448183,""val_balanced_accuracy"":0.8654512854463202,""val_n_pred_uninfected"":1634,""val_n_pred_parasitized"":1059,""val_pr_auc_parasitized"":0.9554424833861866,""val_recall_parasitized"":0.7645283018867924,""val_prediction_collapse"":0,""val_roc_auc_parasitized"":0.9569452719849938,""val_early_stopping_score"":0.7965088850446498,""val_checkpoint_policy_score"":0.7645283018867924,""val_percent_pred_uninfected"":0.6067582621611586,""val_sensitivity_parasitized"":0.7645283018867924,""val_percent_pred_parasitized"":0.3932417378388414,""val_prediction_collapse_detected"":0}",0.9141151309013367,0.3725391626358032,28,base,0.9177495241165161,0.8230223655700684,0.9568980932235718,0.8382777571678162,0.3238401710987091,0.8501205444335938,0.9555119872093201,0.7645282745361328,28,0.8536629676818848,0.8670627474784851,0.00004999999873689376,0.9565628170967102,0.966374269005848,0.8383426666259766,0.8230223655700684,0.7965088850448183,0.8654512854463202,1634,1059,0.9554424833861866,0.7645283018867924,0,0.9569452719849938,0.7965088850446498,0.7645283018867924,0.6067582621611586,0.7645283018867924,0.3932417378388414,0
8cb547f3-8b32-4149-8992-66bcbf4f4543,densenet121,adam,Q06/Q11,train_execution_records,epoch,base,29,2026-10-02T22:51:50.426441+00:00,40948891-d022-4745-8511-479483cd1caf,142,2026-10-02T22:51:50.434780+00:00,2026-10-02T22:48:41.997371+00:00,188.437409,2026-10-02T22:51:50.480460+00:00,2026-10-02T22:51:50.752412+00:00,0.271952,2026-10-02T22:51:50.794218+00:00,2026-10-02T22:52:08.665068+00:00,17.87085,"{""auc"":0.9169505834579468,""loss"":0.36653372645378113,""epoch"":29,""phase"":""base"",""pr_auc"":0.9209797382354736,""recall"":0.8266139626502991,""val_auc"":0.9572327136993408,""accuracy"":0.8416591286659241,""val_loss"":0.32087379693984985,""precision"":0.853434681892395,""val_pr_auc"":0.9554553627967834,""val_recall"":0.7683019042015076,""phase_epoch"":29,""specificity"":0.8568323850631714,""val_accuracy"":0.8678054213523865,""learning_rate"":0.00004999999873689376,""val_precision"":0.9540768265724182,""val_specificity"":0.9641812865497076,""balanced_accuracy"":0.8417232036590576,""recall_parasitized"":0.8266139626502991,""val_f2_parasitized"":0.7994345845767238,""val_balanced_accuracy"":0.8662415866710802,""val_n_pred_uninfected"":1626,""val_n_pred_parasitized"":1067,""val_pr_auc_parasitized"":0.9556887122967268,""val_recall_parasitized"":0.7683018867924528,""val_prediction_collapse"":0,""val_roc_auc_parasitized"":0.957214498510427,""val_early_stopping_score"":0.7994345845765535,""val_checkpoint_policy_score"":0.7683018867924528,""val_percent_pred_uninfected"":0.603787597474935,""val_sensitivity_parasitized"":0.7683018867924528,""val_percent_pred_parasitized"":0.396212402525065,""val_prediction_collapse_detected"":0}",0.9169505834579468,0.36653372645378113,29,base,0.9209797382354736,0.8266139626502991,0.9572327136993408,0.8416591286659241,0.32087379693984985,0.853434681892395,0.9554553627967834,0.7683019042015076,29,0.8568323850631714,0.8678054213523865,0.00004999999873689376,0.9540768265724182,0.9641812865497076,0.8417232036590576,0.8266139626502991,0.7994345845767238,0.8662415866710802,1626,1067,0.9556887122967268,0.7683018867924528,0,0.957214498510427,0.7994345845765535,0.7683018867924528,0.603787597474935,0.7683018867924528,0.396212402525065,0
8cb547f3-8b32-4149-8992-66bcbf4f4543,densenet121,adam,Q06/Q11,train_execution_records,epoch,base,30,2026-10-02T22:54:58.588718+00:00,c1f156d4-927e-4d8e-a2dd-6dceafcffdc1,147,2026-10-02T22:54:58.593262+00:00,2026-10-02T22:51:50.434780+00:00,188.158482,2026-10-02T22:54:58.635411+00:00,2026-10-02T22:54:58.903851+00:00,0.26844,2026-10-02T22:54:58.942601+00:00,2026-10-02T22:55:16.797933+00:00,17.855332,"{""auc"":0.9158071875572205,""loss"":0.36795753240585327,""epoch"":30,""phase"":""base"",""pr_auc"":0.921303391456604,""recall"":0.8225734233856201,""val_auc"":0.9573750495910645,""accuracy"":0.8396753668785095,""val_loss"":0.3177548944950104,""precision"":0.8529000878334045,""val_pr_auc"":0.9556797742843628,""val_recall"":0.7743396162986755,""phase_epoch"":30,""specificity"":0.8569229245185852,""val_accuracy"":0.8678054213523865,""learning_rate"":0.00004999999873689376,""val_precision"":0.9473684430122375,""val_specificity"":0.9583333333333334,""balanced_accuracy"":0.8397481441497803,""recall_parasitized"":0.8225734233856201,""val_f2_parasitized"":0.80369732100893,""val_balanced_accuracy"":0.8663364779874214,""val_n_pred_uninfected"":1610,""val_n_pred_parasitized"":1083,""val_pr_auc_parasitized"":0.9558455700052785,""val_recall_parasitized"":0.7743396226415095,""val_prediction_collapse"":0,""val_roc_auc_parasitized"":0.9573794549266249,""val_early_stopping_score"":0.803697321008757,""val_checkpoint_policy_score"":0.7743396226415095,""val_percent_pred_uninfected"":0.597846268102488,""val_sensitivity_parasitized"":0.7743396226415095,""val_percent_pred_parasitized"":0.4021537318975121,""val_prediction_collapse_detected"":0}",0.9158071875572205,0.36795753240585327,30,base,0.921303391456604,0.8225734233856201,0.9573750495910645,0.8396753668785095,0.3177548944950104,0.8529000878334045,0.9556797742843628,0.7743396162986755,30,0.8569229245185852,0.8678054213523865,0.00004999999873689376,0.9473684430122375,0.9583333333333334,0.8397481441497803,0.8225734233856201,0.80369732100893,0.8663364779874214,1610,1083,0.9558455700052785,0.7743396226415095,0,0.9573794549266249,0.803697321008757,0.7743396226415095,0.597846268102488,0.7743396226415095,0.4021537318975121,0
8cb547f3-8b32-4149-8992-66bcbf4f4543,densenet121,adam,Q06/Q11,train_execution_records,epoch,base,31,2026-10-02T22:58:06.782696+00:00,03c961c7-2d58-4961-92d0-eb27dc528d59,152,2026-10-02T22:58:06.789741+00:00,2026-10-02T22:54:58.593262+00:00,188.196479,2026-10-02T22:58:06.832280+00:00,2026-10-02T22:58:07.095405+00:00,0.263125,2026-10-02T22:58:07.133351+00:00,2026-10-02T22:58:25.037459+00:00,17.904108,"{""auc"":0.9168509244918823,""loss"":0.3666660189628601,""epoch"":31,""phase"":""base"",""pr_auc"":0.9215942025184631,""recall"":0.8273323178291321,""val_auc"":0.957383394241333,""accuracy"":0.8424255847930908,""val_loss"":0.31896716356277466,""precision"":0.8542554974555969,""val_pr_auc"":0.9556893110275269,""val_recall"":0.7720754742622375,""phase_epoch"":31,""specificity"":0.8576473593711853,""val_accuracy"":0.8689194321632385,""learning_rate"":0.00004999999873689376,""val_precision"":0.9525139927864075,""val_specificity"":0.9627192982456141,""balanced_accuracy"":0.8424898386001587,""recall_parasitized"":0.8273323178291321,""val_f2_parasitized"":0.8024788202070913,""val_balanced_accuracy"":0.8673973849718637,""val_n_pred_uninfected"":1619,""val_n_pred_parasitized"":1074,""val_pr_auc_parasitized"":0.9558492212469871,""val_recall_parasitized"":0.7720754716981132,""val_prediction_collapse"":0,""val_roc_auc_parasitized"":0.9573728346022289,""val_early_stopping_score"":0.802478820206919,""val_checkpoint_policy_score"":0.7720754716981132,""val_percent_pred_uninfected"":0.6011882658744894,""val_sensitivity_parasitized"":0.7720754716981132,""val_percent_pred_parasitized"":0.3988117341255106,""val_prediction_collapse_detected"":0}",0.9168509244918823,0.3666660189628601,31,base,0.9215942025184631,0.8273323178291321,0.957383394241333,0.8424255847930908,0.31896716356277466,0.8542554974555969,0.9556893110275269,0.7720754742622375,31,0.8576473593711853,0.8689194321632385,0.00004999999873689376,0.9525139927864075,0.9627192982456141,0.8424898386001587,0.8273323178291321,0.8024788202070913,0.8673973849718637,1619,1074,0.9558492212469871,0.7720754716981132,0,0.9573728346022289,0.802478820206919,0.7720754716981132,0.6011882658744894,0.7720754716981132,0.3988117341255106,0
8cb547f3-8b32-4149-8992-66bcbf4f4543,densenet121,adam,Q06/Q11,train_execution_records,epoch,base,32,2026-10-02T23:01:14.979804+00:00,4c73e069-66ac-4b65-8efe-62519728e3fd,157,2026-10-02T23:01:14.982866+00:00,2026-10-02T22:58:06.789741+00:00,188.193125,2026-10-02T23:01:15.021810+00:00,2026-10-02T23:01:15.285154+00:00,0.263344,2026-10-02T23:01:15.323551+00:00,2026-10-02T23:01:33.198001+00:00,17.87445,"{""auc"":0.9165555238723755,""loss"":0.36738499999046326,""epoch"":32,""phase"":""base"",""pr_auc"":0.920906662940979,""recall"":0.8240100741386414,""val_auc"":0.9575758576393127,""accuracy"":0.8392245173454285,""val_loss"":0.3166961967945099,""precision"":0.8510618805885315,""val_pr_auc"":0.9559069871902466,""val_recall"":0.7758490443229675,""phase_epoch"":32,""specificity"":0.8545684814453125,""val_accuracy"":0.8689194321632385,""learning_rate"":0.00004999999873689376,""val_precision"":0.9483394622802734,""val_specificity"":0.9590643274853801,""balanced_accuracy"":0.8392893075942993,""recall_parasitized"":0.8240100741386414,""val_f2_parasitized"":0.8051378446115288,""val_balanced_accuracy"":0.8674566920445768,""val_n_pred_uninfected"":1609,""val_n_pred_parasitized"":1084,""val_pr_auc_parasitized"":0.9561147809697382,""val_recall_parasitized"":0.7758490566037736,""val_prediction_collapse"":0,""val_roc_auc_parasitized"":0.9576503365331569,""val_early_stopping_score"":0.805137844611355,""val_checkpoint_policy_score"":0.7758490566037736,""val_percent_pred_uninfected"":0.59747493501671,""val_sensitivity_parasitized"":0.7758490566037736,""val_percent_pred_parasitized"":0.40252506498329,""val_prediction_collapse_detected"":0}",0.9165555238723755,0.36738499999046326,32,base,0.920906662940979,0.8240100741386414,0.9575758576393127,0.8392245173454285,0.3166961967945099,0.8510618805885315,0.9559069871902466,0.7758490443229675,32,0.8545684814453125,0.8689194321632385,0.00004999999873689376,0.9483394622802734,0.9590643274853801,0.8392893075942993,0.8240100741386414,0.8051378446115288,0.8674566920445768,1609,1084,0.9561147809697382,0.7758490566037736,0,0.9576503365331569,0.805137844611355,0.7758490566037736,0.59747493501671,0.7758490566037736,0.40252506498329,0
8cb547f3-8b32-4149-8992-66bcbf4f4543,densenet121,adam,Q06/Q11,train_execution_records,epoch,base,33,2026-10-02T23:04:23.167652+00:00,7f15c02b-a334-4f2a-b594-56b8fc63c93d,162,2026-10-02T23:04:23.170361+00:00,2026-10-02T23:01:14.982866+00:00,188.187495,2026-10-02T23:04:23.215504+00:00,2026-10-02T23:04:23.479493+00:00,0.263989,2026-10-02T23:04:23.515716+00:00,2026-10-02T23:04:41.383285+00:00,17.867569,"{""auc"":0.9167537093162537,""loss"":0.36700183153152466,""epoch"":33,""phase"":""base"",""pr_auc"":0.9207985997200012,""recall"":0.8260752558708191,""val_auc"":0.9579766392707825,""accuracy"":0.8423805236816406,""val_loss"":0.315686970949173,""precision"":0.8550980687141418,""val_pr_auc"":0.9562362432479858,""val_recall"":0.7758490443229675,""phase_epoch"":33,""specificity"":0.858824610710144,""val_accuracy"":0.8692907691001892,""learning_rate"":0.00004999999873689376,""val_precision"":0.9492151141166687,""val_specificity"":0.9597953216374269,""balanced_accuracy"":0.8424499034881592,""recall_parasitized"":0.8260752558708191,""val_f2_parasitized"":0.8052639824533918,""val_balanced_accuracy"":0.8678221891206002,""val_n_pred_uninfected"":1610,""val_n_pred_parasitized"":1083,""val_pr_auc_parasitized"":0.9563480021323545,""val_recall_parasitized"":0.7758490566037736,""val_prediction_collapse"":0,""val_roc_auc_parasitized"":0.9579366655632792,""val_early_stopping_score"":0.8052639824532177,""val_checkpoint_policy_score"":0.7758490566037736,""val_percent_pred_uninfected"":0.597846268102488,""val_sensitivity_parasitized"":0.7758490566037736,""val_percent_pred_parasitized"":0.4021537318975121,""val_prediction_collapse_detected"":0}",0.9167537093162537,0.36700183153152466,33,base,0.9207985997200012,0.8260752558708191,0.9579766392707825,0.8423805236816406,0.315686970949173,0.8550980687141418,0.9562362432479858,0.7758490443229675,33,0.858824610710144,0.8692907691001892,0.00004999999873689376,0.9492151141166687,0.9597953216374269,0.8424499034881592,0.8260752558708191,0.8052639824533918,0.8678221891206002,1610,1083,0.9563480021323545,0.7758490566037736,0,0.9579366655632792,0.8052639824532177,0.7758490566037736,0.597846268102488,0.7758490566037736,0.4021537318975121,0
8cb547f3-8b32-4149-8992-66bcbf4f4543,densenet121,adam,Q06/Q11,train_execution_records,epoch,base,34,2026-10-02T23:07:31.404294+00:00,8d27a9a6-4aa9-40d5-ade3-7996d582f77f,167,2026-10-02T23:07:31.407904+00:00,2026-10-02T23:04:23.170361+00:00,188.237543,2026-10-02T23:07:31.451311+00:00,2026-10-02T23:07:31.718526+00:00,0.267215,2026-10-02T23:07:31.758822+00:00,2026-10-02T23:07:49.621747+00:00,17.862925,"{""auc"":0.917898952960968,""loss"":0.36437684297561646,""epoch"":34,""phase"":""base"",""pr_auc"":0.9234710931777954,""recall"":0.8276914954185486,""val_auc"":0.9577358961105347,""accuracy"":0.8403065800666809,""val_loss"":0.3168167769908905,""precision"":0.8502905368804932,""val_pr_auc"":0.9560935497283936,""val_recall"":0.7728301882743835,""phase_epoch"":34,""specificity"":0.8530290722846985,""val_accuracy"":0.8692907691001892,""learning_rate"":0.00004999999873689376,""val_precision"":0.952558159828186,""val_specificity"":0.9627192982456141,""balanced_accuracy"":0.8403602838516235,""recall_parasitized"":0.8276914954185486,""val_f2_parasitized"":0.8031372549019608,""val_balanced_accuracy"":0.8677747434624297,""val_n_pred_uninfected"":1618,""val_n_pred_parasitized"":1075,""val_pr_auc_parasitized"":0.9561757245367855,""val_recall_parasitized"":0.7728301886792452,""val_prediction_collapse"":0,""val_roc_auc_parasitized"":0.957785501489573,""val_early_stopping_score"":0.803137254901788,""val_checkpoint_policy_score"":0.7728301886792452,""val_percent_pred_uninfected"":0.6008169327887115,""val_sensitivity_parasitized"":0.7728301886792452,""val_percent_pred_parasitized"":0.39918306721128854,""val_prediction_collapse_detected"":0}",0.917898952960968,0.36437684297561646,34,base,0.9234710931777954,0.8276914954185486,0.9577358961105347,0.8403065800666809,0.3168167769908905,0.8502905368804932,0.9560935497283936,0.7728301882743835,34,0.8530290722846985,0.8692907691001892,0.00004999999873689376,0.952558159828186,0.9627192982456141,0.8403602838516235,0.8276914954185486,0.8031372549019608,0.8677747434624297,1618,1075,0.9561757245367855,0.7728301886792452,0,0.957785501489573,0.803137254901788,0.7728301886792452,0.6008169327887115,0.7728301886792452,0.39918306721128854,0
8cb547f3-8b32-4149-8992-66bcbf4f4543,densenet121,adam,Q06/Q11,train_execution_records,epoch,base,35,2026-10-02T23:10:39.642512+00:00,ae993f80-ab74-4426-8cb6-9b48347577c0,172,2026-10-02T23:10:39.645337+00:00,2026-10-02T23:07:31.407904+00:00,188.237433,2026-10-02T23:10:39.689719+00:00,2026-10-02T23:10:39.958136+00:00,0.268417,2026-10-02T23:10:39.994862+00:00,2026-10-02T23:10:57.808359+00:00,17.813497,"{""auc"":0.9157880544662476,""loss"":0.369251012802124,""epoch"":35,""phase"":""base"",""pr_auc"":0.920250654220581,""recall"":0.8294873237609863,""val_auc"":0.9578572511672974,""accuracy"":0.8434174656867981,""val_loss"":0.3131692707538605,""precision"":0.8544210195541382,""val_pr_auc"":0.9563572406768799,""val_recall"":0.7841509580612183,""phase_epoch"":35,""specificity"":0.8574662804603577,""val_accuracy"":0.8715187311172485,""learning_rate"":0.00004999999873689376,""val_precision"":0.9454048871994019,""val_specificity"":0.956140350877193,""balanced_accuracy"":0.8434767723083496,""recall_parasitized"":0.8294873237609863,""val_f2_parasitized"":0.8118456008751367,""val_balanced_accuracy"":0.8701456471367097,""val_n_pred_uninfected"":1594,""val_n_pred_parasitized"":1099,""val_pr_auc_parasitized"":0.956363840039453,""val_recall_parasitized"":0.7841509433962264,""val_prediction_collapse"":0,""val_roc_auc_parasitized"":0.9578991503917025,""val_early_stopping_score"":0.8118456008749583,""val_checkpoint_policy_score"":0.7841509433962264,""val_percent_pred_uninfected"":0.5919049387300408,""val_sensitivity_parasitized"":0.7841509433962264,""val_percent_pred_parasitized"":0.40809506126995915,""val_prediction_collapse_detected"":0}",0.9157880544662476,0.369251012802124,35,base,0.920250654220581,0.8294873237609863,0.9578572511672974,0.8434174656867981,0.3131692707538605,0.8544210195541382,0.9563572406768799,0.7841509580612183,35,0.8574662804603577,0.8715187311172485,0.00004999999873689376,0.9454048871994019,0.956140350877193,0.8434767723083496,0.8294873237609863,0.8118456008751367,0.8701456471367097,1594,1099,0.956363840039453,0.7841509433962264,0,0.9578991503917025,0.8118456008749583,0.7841509433962264,0.5919049387300408,0.7841509433962264,0.40809506126995915,0
8cb547f3-8b32-4149-8992-66bcbf4f4543,densenet121,adam,Q06/Q11,train_execution_records,epoch,base,36,2026-10-02T23:13:47.748799+00:00,2500705b-42af-4b75-bdb5-81de2f4a9d3e,177,2026-10-02T23:13:47.751338+00:00,2026-10-02T23:10:39.645337+00:00,188.106001,2026-10-02T23:13:47.792110+00:00,2026-10-02T23:13:48.053592+00:00,0.261482,2026-10-02T23:13:48.093280+00:00,2026-10-02T23:14:05.937953+00:00,17.844673,"{""auc"":0.9177336692810059,""loss"":0.3648075461387634,""epoch"":36,""phase"":""base"",""pr_auc"":0.9225150346755981,""recall"":0.8269731402397156,""val_auc"":0.9579786062240601,""accuracy"":0.8431920409202576,""val_loss"":0.316469669342041,""precision"":0.855868399143219,""val_pr_auc"":0.9563853740692139,""val_recall"":0.7728301882743835,""phase_epoch"":36,""specificity"":0.8595490455627441,""val_accuracy"":0.8696621060371399,""learning_rate"":0.00004999999873689376,""val_precision"":0.9534450769424438,""val_specificity"":0.9634502923976608,""balanced_accuracy"":0.8432611227035522,""recall_parasitized"":0.8269731402397156,""val_f2_parasitized"":0.8032632569814873,""val_balanced_accuracy"":0.8681402405384531,""val_n_pred_uninfected"":1619,""val_n_pred_parasitized"":1074,""val_pr_auc_parasitized"":0.9564975822400766,""val_recall_parasitized"":0.7728301886792452,""val_prediction_collapse"":0,""val_roc_auc_parasitized"":0.9579769392033541,""val_early_stopping_score"":0.8032632569813145,""val_checkpoint_policy_score"":0.7728301886792452,""val_percent_pred_uninfected"":0.6011882658744894,""val_sensitivity_parasitized"":0.7728301886792452,""val_percent_pred_parasitized"":0.3988117341255106,""val_prediction_collapse_detected"":0}",0.9177336692810059,0.3648075461387634,36,base,0.9225150346755981,0.8269731402397156,0.9579786062240601,0.8431920409202576,0.316469669342041,0.855868399143219,0.9563853740692139,0.7728301882743835,36,0.8595490455627441,0.8696621060371399,0.00004999999873689376,0.9534450769424438,0.9634502923976608,0.8432611227035522,0.8269731402397156,0.8032632569814873,0.8681402405384531,1619,1074,0.9564975822400766,0.7728301886792452,0,0.9579769392033541,0.8032632569813145,0.7728301886792452,0.6011882658744894,0.7728301886792452,0.3988117341255106,0
8cb547f3-8b32-4149-8992-66bcbf4f4543,densenet121,adam,Q06/Q11,train_execution_records,epoch,base,37,2026-10-02T23:16:55.892918+00:00,b1cc4bb6-da7c-4774-a18d-17ea2176bb1b,182,2026-10-02T23:16:55.896385+00:00,2026-10-02T23:13:47.751338+00:00,188.145047,2026-10-02T23:16:55.937733+00:00,2026-10-02T23:16:56.297872+00:00,0.360139,2026-10-02T23:16:56.337002+00:00,2026-10-02T23:17:14.222878+00:00,17.885876,"{""auc"":0.9167313575744629,""loss"":0.36667490005493164,""epoch"":37,""phase"":""base"",""pr_auc"":0.922186017036438,""recall"":0.8293077349662781,""val_auc"":0.9574169516563416,""accuracy"":0.8426961302757263,""val_loss"":0.31697309017181396,""precision"":0.853289008140564,""val_pr_auc"":0.9559592008590698,""val_recall"":0.7713207602500916,""phase_epoch"":37,""specificity"":0.8561984896659851,""val_accuracy"":0.8670627474784851,""learning_rate"":0.00004999999873689376,""val_precision"":0.9489322304725647,""val_specificity"":0.9597953216374269,""balanced_accuracy"":0.8427531123161316,""recall_parasitized"":0.8293077349662781,""val_f2_parasitized"":0.8013172338090011,""val_balanced_accuracy"":0.865558038177204,""val_n_pred_uninfected"":1616,""val_n_pred_parasitized"":1077,""val_pr_auc_parasitized"":0.9560187409478083,""val_recall_parasitized"":0.7713207547169811,""val_prediction_collapse"":0,""val_roc_auc_parasitized"":0.9574600022067747,""val_early_stopping_score"":0.8013172338088296,""val_checkpoint_policy_score"":0.7713207547169811,""val_percent_pred_uninfected"":0.6000742666171556,""val_sensitivity_parasitized"":0.7713207547169811,""val_percent_pred_parasitized"":0.39992573338284443,""val_prediction_collapse_detected"":0}",0.9167313575744629,0.36667490005493164,37,base,0.922186017036438,0.8293077349662781,0.9574169516563416,0.8426961302757263,0.31697309017181396,0.853289008140564,0.9559592008590698,0.7713207602500916,37,0.8561984896659851,0.8670627474784851,0.00004999999873689376,0.9489322304725647,0.9597953216374269,0.8427531123161316,0.8293077349662781,0.8013172338090011,0.865558038177204,1616,1077,0.9560187409478083,0.7713207547169811,0,0.9574600022067747,0.8013172338088296,0.7713207547169811,0.6000742666171556,0.7713207547169811,0.39992573338284443,0
8cb547f3-8b32-4149-8992-66bcbf4f4543,densenet121,adam,Q06/Q11,train_execution_records,epoch,base,38,2026-10-02T23:20:04.004373+00:00,3cca776d-fb77-41b0-b1c2-7396685557da,187,2026-10-02T23:20:04.008620+00:00,2026-10-02T23:16:55.896385+00:00,188.112235,2026-10-02T23:20:04.052151+00:00,2026-10-02T23:20:04.318525+00:00,0.266374,2026-10-02T23:20:04.358536+00:00,2026-10-02T23:20:22.203542+00:00,17.845006,"{""auc"":0.9156994223594666,""loss"":0.36858269572257996,""epoch"":38,""phase"":""base"",""pr_auc"":0.920462429523468,""recall"":0.8285893797874451,""val_auc"":0.957523763179779,""accuracy"":0.8443642854690552,""val_loss"":0.3162291646003723,""precision"":0.8567449450492859,""val_pr_auc"":0.9560484886169434,""val_recall"":0.7743396162986755,""phase_epoch"":38,""specificity"":0.8602734804153442,""val_accuracy"":0.8681767582893372,""learning_rate"":0.00004999999873689376,""val_precision"":0.9482439756393433,""val_specificity"":0.9590643274853801,""balanced_accuracy"":0.8444314002990723,""recall_parasitized"":0.8285893797874451,""val_f2_parasitized"":0.8038232528987778,""val_balanced_accuracy"":0.8667019750634448,""val_n_pred_uninfected"":1611,""val_n_pred_parasitized"":1082,""val_pr_auc_parasitized"":0.9560545227621124,""val_recall_parasitized"":0.7743396226415095,""val_prediction_collapse"":0,""val_roc_auc_parasitized"":0.9575024826216485,""val_early_stopping_score"":0.8038232528986047,""val_checkpoint_policy_score"":0.7743396226415095,""val_percent_pred_uninfected"":0.5982176011882658,""val_sensitivity_parasitized"":0.7743396226415095,""val_percent_pred_parasitized"":0.4017823988117341,""val_prediction_collapse_detected"":0}",0.9156994223594666,0.36858269572257996,38,base,0.920462429523468,0.8285893797874451,0.957523763179779,0.8443642854690552,0.3162291646003723,0.8567449450492859,0.9560484886169434,0.7743396162986755,38,0.8602734804153442,0.8681767582893372,0.00004999999873689376,0.9482439756393433,0.9590643274853801,0.8444314002990723,0.8285893797874451,0.8038232528987778,0.8667019750634448,1611,1082,0.9560545227621124,0.7743396226415095,0,0.9575024826216485,0.8038232528986047,0.7743396226415095,0.5982176011882658,0.7743396226415095,0.4017823988117341,0
8cb547f3-8b32-4149-8992-66bcbf4f4543,densenet121,adam,Q06/Q11,train_execution_records,epoch,base,39,2026-10-02T23:23:12.111834+00:00,444fdc76-d504-4d73-a667-8622ce0c448a,192,2026-10-02T23:23:12.114631+00:00,2026-10-02T23:20:04.008620+00:00,188.106011,2026-10-02T23:23:12.156973+00:00,2026-10-02T23:23:12.435108+00:00,0.278135,2026-10-02T23:23:12.476884+00:00,2026-10-02T23:23:30.357890+00:00,17.881006,"{""auc"":0.9169741868972778,""loss"":0.3665725290775299,""epoch"":39,""phase"":""base"",""pr_auc"":0.9206570386886597,""recall"":0.8248181939125061,""val_auc"":0.9574669003486633,""accuracy"":0.8422452807426453,""val_loss"":0.3132765591144562,""precision"":0.8557853698730469,""val_pr_auc"":0.9562087059020996,""val_recall"":0.7833962440490723,""phase_epoch"":39,""specificity"":0.8598207235336304,""val_accuracy"":0.8707760572433472,""learning_rate"":0.00002499999936844688,""val_precision"":0.9444950222969055,""val_specificity"":0.9554093567251462,""balanced_accuracy"":0.8423194885253906,""recall_parasitized"":0.8248181939125061,""val_f2_parasitized"":0.8110642287857478,""val_balanced_accuracy"":0.8694027915701202,""val_n_pred_uninfected"":1594,""val_n_pred_parasitized"":1099,""val_pr_auc_parasitized"":0.956030803188968,""val_recall_parasitized"":0.7833962264150943,""val_prediction_collapse"":0,""val_roc_auc_parasitized"":0.957450071720181,""val_early_stopping_score"":0.8110642287855699,""val_checkpoint_policy_score"":0.7833962264150943,""val_percent_pred_uninfected"":0.5919049387300408,""val_sensitivity_parasitized"":0.7833962264150943,""val_percent_pred_parasitized"":0.40809506126995915,""val_prediction_collapse_detected"":0}",0.9169741868972778,0.3665725290775299,39,base,0.9206570386886597,0.8248181939125061,0.9574669003486633,0.8422452807426453,0.3132765591144562,0.8557853698730469,0.9562087059020996,0.7833962440490723,39,0.8598207235336304,0.8707760572433472,0.00002499999936844688,0.9444950222969055,0.9554093567251462,0.8423194885253906,0.8248181939125061,0.8110642287857478,0.8694027915701202,1594,1099,0.956030803188968,0.7833962264150943,0,0.957450071720181,0.8110642287855699,0.7833962264150943,0.5919049387300408,0.7833962264150943,0.40809506126995915,0
8cb547f3-8b32-4149-8992-66bcbf4f4543,densenet121,adam,Q06/Q11,train_execution_records,epoch,base,40,2026-10-02T23:26:20.206314+00:00,9d7c6ffd-ed37-45d2-8f23-117d5ff5dff1,197,2026-10-02T23:26:20.216039+00:00,2026-10-02T23:23:12.114631+00:00,188.101408,2026-10-02T23:26:20.259302+00:00,2026-10-02T23:26:20.524569+00:00,0.265267,2026-10-02T23:26:20.564859+00:00,2026-10-02T23:26:38.400748+00:00,17.835889,"{""auc"":0.9163563251495361,""loss"":0.36785438656806946,""epoch"":40,""phase"":""base"",""pr_auc"":0.9212324619293213,""recall"":0.8280506134033203,""val_auc"":0.9575612545013428,""accuracy"":0.8424255847930908,""val_loss"":0.3145347535610199,""precision"":0.8537307977676392,""val_pr_auc"":0.9561638236045837,""val_recall"":0.7781131863594055,""phase_epoch"":40,""specificity"":0.8569229245185852,""val_accuracy"":0.8689194321632385,""learning_rate"":0.00002499999936844688,""val_precision"":0.9458715319633484,""val_specificity"":0.9568713450292398,""balanced_accuracy"":0.8424867391586304,""recall_parasitized"":0.8280506134033203,""val_f2_parasitized"":0.8067292644757433,""val_balanced_accuracy"":0.8674922762882048,""val_n_pred_uninfected"":1603,""val_n_pred_parasitized"":1090,""val_pr_auc_parasitized"":0.9560970678699203,""val_recall_parasitized"":0.7781132075471698,""val_prediction_collapse"":0,""val_roc_auc_parasitized"":0.9575030343153481,""val_early_stopping_score"":0.8067292644755684,""val_checkpoint_policy_score"":0.7781132075471698,""val_percent_pred_uninfected"":0.5952469365020423,""val_sensitivity_parasitized"":0.7781132075471698,""val_percent_pred_parasitized"":0.40475306349795764,""val_prediction_collapse_detected"":0}",0.9163563251495361,0.36785438656806946,40,base,0.9212324619293213,0.8280506134033203,0.9575612545013428,0.8424255847930908,0.3145347535610199,0.8537307977676392,0.9561638236045837,0.7781131863594055,40,0.8569229245185852,0.8689194321632385,0.00002499999936844688,0.9458715319633484,0.9568713450292398,0.8424867391586304,0.8280506134033203,0.8067292644757433,0.8674922762882048,1603,1090,0.9560970678699203,0.7781132075471698,0,0.9575030343153481,0.8067292644755684,0.7781132075471698,0.5952469365020423,0.7781132075471698,0.40475306349795764,0
8cb547f3-8b32-4149-8992-66bcbf4f4543,densenet121,adam,Q06/Q11,train_execution_records,epoch,base,41,2026-10-02T23:29:28.231026+00:00,6b608c7a-245a-4066-a0d2-586e88161459,202,2026-10-02T23:29:28.234205+00:00,2026-10-02T23:26:20.216039+00:00,188.018166,2026-10-02T23:29:28.277491+00:00,2026-10-02T23:29:28.533283+00:00,0.255792,2026-10-02T23:29:28.569713+00:00,2026-10-02T23:29:46.436854+00:00,17.867141,"{""auc"":0.9180622100830078,""loss"":0.36440157890319824,""epoch"":41,""phase"":""base"",""pr_auc"":0.9218583106994629,""recall"":0.8250875473022461,""val_auc"":0.9574975967407227,""accuracy"":0.8434174656867981,""val_loss"":0.3152657747268677,""precision"":0.8576628565788269,""val_pr_auc"":0.9561641812324524,""val_recall"":0.7750943303108215,""phase_epoch"":41,""specificity"":0.8619034886360168,""val_accuracy"":0.8681767582893372,""learning_rate"":0.00002499999936844688,""val_precision"":0.9474169611930847,""val_specificity"":0.9583333333333334,""balanced_accuracy"":0.8434954881668091,""recall_parasitized"":0.8250875473022461,""val_f2_parasitized"":0.8043546365914787,""val_balanced_accuracy"":0.8667138364779874,""val_n_pred_uninfected"":1609,""val_n_pred_parasitized"":1084,""val_pr_auc_parasitized"":0.9561322866241093,""val_recall_parasitized"":0.7750943396226415,""val_prediction_collapse"":0,""val_roc_auc_parasitized"":0.9575157232704403,""val_early_stopping_score"":0.8043546365913051,""val_checkpoint_policy_score"":0.7750943396226415,""val_percent_pred_uninfected"":0.59747493501671,""val_sensitivity_parasitized"":0.7750943396226415,""val_percent_pred_parasitized"":0.40252506498329,""val_prediction_collapse_detected"":0}",0.9180622100830078,0.36440157890319824,41,base,0.9218583106994629,0.8250875473022461,0.9574975967407227,0.8434174656867981,0.3152657747268677,0.8576628565788269,0.9561641812324524,0.7750943303108215,41,0.8619034886360168,0.8681767582893372,0.00002499999936844688,0.9474169611930847,0.9583333333333334,0.8434954881668091,0.8250875473022461,0.8043546365914787,0.8667138364779874,1609,1084,0.9561322866241093,0.7750943396226415,0,0.9575157232704403,0.8043546365913051,0.7750943396226415,0.59747493501671,0.7750943396226415,0.40252506498329,0
8cb547f3-8b32-4149-8992-66bcbf4f4543,densenet121,adam,Q06/Q11,train_execution_records,epoch,base,42,2026-10-02T23:32:36.409265+00:00,96cd83b1-4d56-469a-b2e8-631b697b7230,207,2026-10-02T23:32:36.412719+00:00,2026-10-02T23:29:28.234205+00:00,188.178514,2026-10-02T23:32:36.456174+00:00,2026-10-02T23:32:36.723633+00:00,0.267459,2026-10-02T23:32:36.764308+00:00,2026-10-02T23:32:54.604316+00:00,17.840008,"{""auc"":0.9173614978790283,""loss"":0.365329772233963,""epoch"":42,""phase"":""base"",""pr_auc"":0.9222568273544312,""recall"":0.8265241980552673,""val_auc"":0.95745450258255,""accuracy"":0.8423354625701904,""val_loss"":0.3129625916481018,""precision"":0.8546889424324036,""val_pr_auc"":0.9561883211135864,""val_recall"":0.7841509580612183,""phase_epoch"":42,""specificity"":0.8582812547683716,""val_accuracy"":0.8707760572433472,""learning_rate"":0.00002499999936844688,""val_precision"":0.9436875581741333,""val_specificity"":0.9546783625730995,""balanced_accuracy"":0.8424026966094971,""recall_parasitized"":0.8265241980552673,""val_f2_parasitized"":0.8115919387595688,""val_balanced_accuracy"":0.8694146529846629,""val_n_pred_uninfected"":1592,""val_n_pred_parasitized"":1101,""val_pr_auc_parasitized"":0.9560883699347855,""val_recall_parasitized"":0.7841509433962264,""val_prediction_collapse"":0,""val_roc_auc_parasitized"":0.9574586229725257,""val_early_stopping_score"":0.8115919387593906,""val_checkpoint_policy_score"":0.7841509433962264,""val_percent_pred_uninfected"":0.591162272558485,""val_sensitivity_parasitized"":0.7841509433962264,""val_percent_pred_parasitized"":0.40883772744151503,""val_prediction_collapse_detected"":0}",0.9173614978790283,0.365329772233963,42,base,0.9222568273544312,0.8265241980552673,0.95745450258255,0.8423354625701904,0.3129625916481018,0.8546889424324036,0.9561883211135864,0.7841509580612183,42,0.8582812547683716,0.8707760572433472,0.00002499999936844688,0.9436875581741333,0.9546783625730995,0.8424026966094971,0.8265241980552673,0.8115919387595688,0.8694146529846629,1592,1101,0.9560883699347855,0.7841509433962264,0,0.9574586229725257,0.8115919387593906,0.7841509433962264,0.591162272558485,0.7841509433962264,0.40883772744151503,0
8cb547f3-8b32-4149-8992-66bcbf4f4543,densenet121,adam,Q06/Q11,train_execution_records,epoch,base,43,2026-10-02T23:35:44.497005+00:00,a3b1a801-565e-4a17-bf0b-6b6cdd38bcbb,212,2026-10-02T23:35:44.499540+00:00,2026-10-02T23:32:36.412719+00:00,188.086821,2026-10-02T23:35:44.542649+00:00,2026-10-02T23:35:44.903643+00:00,0.360994,2026-10-02T23:35:44.944260+00:00,2026-10-02T23:36:02.773581+00:00,17.829321,"{""auc"":0.9185790419578552,""loss"":0.3631243407726288,""epoch"":43,""phase"":""base"",""pr_auc"":0.924329400062561,""recall"":0.8312830924987793,""val_auc"":0.9574407339096069,""accuracy"":0.8463480472564697,""val_loss"":0.31730782985687256,""precision"":0.8582553267478943,""val_pr_auc"":0.9560551643371582,""val_recall"":0.7728301882743835,""phase_epoch"":43,""specificity"":0.8615412712097168,""val_accuracy"":0.8678054213523865,""learning_rate"":0.00002499999936844688,""val_precision"":0.949026882648468,""val_specificity"":0.9597953216374269,""balanced_accuracy"":0.846412181854248,""recall_parasitized"":0.8312830924987793,""val_f2_parasitized"":0.8026336416366202,""val_balanced_accuracy"":0.8663127551583361,""val_n_pred_uninfected"":1614,""val_n_pred_parasitized"":1079,""val_pr_auc_parasitized"":0.9560484836603576,""val_recall_parasitized"":0.7728301886792452,""val_prediction_collapse"":0,""val_roc_auc_parasitized"":0.9574081429990069,""val_early_stopping_score"":0.8026336416364479,""val_checkpoint_policy_score"":0.7728301886792452,""val_percent_pred_uninfected"":0.5993316004455997,""val_sensitivity_parasitized"":0.7728301886792452,""val_percent_pred_parasitized"":0.4006683995544003,""val_prediction_collapse_detected"":0}",0.9185790419578552,0.3631243407726288,43,base,0.924329400062561,0.8312830924987793,0.9574407339096069,0.8463480472564697,0.31730782985687256,0.8582553267478943,0.9560551643371582,0.7728301882743835,43,0.8615412712097168,0.8678054213523865,0.00002499999936844688,0.949026882648468,0.9597953216374269,0.846412181854248,0.8312830924987793,0.8026336416366202,0.8663127551583361,1614,1079,0.9560484836603576,0.7728301886792452,0,0.9574081429990069,0.8026336416364479,0.7728301886792452,0.5993316004455997,0.7728301886792452,0.4006683995544003,0
8cb547f3-8b32-4149-8992-66bcbf4f4543,densenet121,adam,Q06/Q11,train_execution_records,epoch,base,44,2026-10-02T23:38:52.673786+00:00,788ffe1f-b27f-4883-bbf9-9c8650c64aa0,217,2026-10-02T23:38:52.679993+00:00,2026-10-02T23:35:44.499540+00:00,188.180453,2026-10-02T23:38:52.723750+00:00,2026-10-02T23:38:52.990965+00:00,0.267215,2026-10-02T23:38:53.031938+00:00,2026-10-02T23:39:10.909617+00:00,17.877679,"{""auc"":0.9194650650024414,""loss"":0.359920471906662,""epoch"":44,""phase"":""base"",""pr_auc"":0.9256088137626648,""recall"":0.8294873237609863,""val_auc"":0.9575162529945374,""accuracy"":0.8455365300178528,""val_loss"":0.3161398768424988,""precision"":0.8581514358520508,""val_pr_auc"":0.9561265707015991,""val_recall"":0.7743396162986755,""phase_epoch"":44,""specificity"":0.8617223501205444,""val_accuracy"":0.8681767582893372,""learning_rate"":0.00002499999936844688,""val_precision"":0.9482439756393433,""val_specificity"":0.9590643274853801,""balanced_accuracy"":0.8456048369407654,""recall_parasitized"":0.8294873237609863,""val_f2_parasitized"":0.8038232528987778,""val_balanced_accuracy"":0.8667019750634448,""val_n_pred_uninfected"":1611,""val_n_pred_parasitized"":1082,""val_pr_auc_parasitized"":0.95614979397257,""val_recall_parasitized"":0.7743396226415095,""val_prediction_collapse"":0,""val_roc_auc_parasitized"":0.9575239986759353,""val_early_stopping_score"":0.8038232528986047,""val_checkpoint_policy_score"":0.7743396226415095,""val_percent_pred_uninfected"":0.5982176011882658,""val_sensitivity_parasitized"":0.7743396226415095,""val_percent_pred_parasitized"":0.4017823988117341,""val_prediction_collapse_detected"":0}",0.9194650650024414,0.359920471906662,44,base,0.9256088137626648,0.8294873237609863,0.9575162529945374,0.8455365300178528,0.3161398768424988,0.8581514358520508,0.9561265707015991,0.7743396162986755,44,0.8617223501205444,0.8681767582893372,0.00002499999936844688,0.9482439756393433,0.9590643274853801,0.8456048369407654,0.8294873237609863,0.8038232528987778,0.8667019750634448,1611,1082,0.95614979397257,0.7743396226415095,0,0.9575239986759353,0.8038232528986047,0.7743396226415095,0.5982176011882658,0.7743396226415095,0.4017823988117341,0
8cb547f3-8b32-4149-8992-66bcbf4f4543,densenet121,adam,Q06/Q11,train_execution_records,epoch,base,45,2026-10-02T23:42:00.96274+00:00,fda74766-13fa-4bf5-ac4f-6bd8cabc56fc,222,2026-10-02T23:42:00.965960+00:00,2026-10-02T23:38:52.679993+00:00,188.285967,2026-10-02T23:42:01.008227+00:00,2026-10-02T23:42:01.275386+00:00,0.267159,2026-10-02T23:42:01.316471+00:00,2026-10-02T23:42:19.163871+00:00,17.8474,"{""auc"":0.9206738471984863,""loss"":0.3587827980518341,""epoch"":45,""phase"":""base"",""pr_auc"":0.9259576797485352,""recall"":0.8293077349662781,""val_auc"":0.9575620889663696,""accuracy"":0.8446348309516907,""val_loss"":0.3162010610103607,""precision"":0.8566923141479492,""val_pr_auc"":0.9561618566513062,""val_recall"":0.7735849022865295,""phase_epoch"":45,""specificity"":0.8600923418998718,""val_accuracy"":0.8678054213523865,""learning_rate"":0.00002499999936844688,""val_precision"":0.9481961131095886,""val_specificity"":0.9590643274853801,""balanced_accuracy"":0.844700038433075,""recall_parasitized"":0.8293077349662781,""val_f2_parasitized"":0.8031656480175521,""val_balanced_accuracy"":0.8663246165728787,""val_n_pred_uninfected"":1612,""val_n_pred_parasitized"":1081,""val_pr_auc_parasitized"":0.9561525588186847,""val_recall_parasitized"":0.7735849056603774,""val_prediction_collapse"":0,""val_roc_auc_parasitized"":0.9575251020633344,""val_early_stopping_score"":0.8031656480173794,""val_checkpoint_policy_score"":0.7735849056603774,""val_percent_pred_uninfected"":0.5985889342740438,""val_sensitivity_parasitized"":0.7735849056603774,""val_percent_pred_parasitized"":0.4014110657259562,""val_prediction_collapse_detected"":0}",0.9206738471984863,0.3587827980518341,45,base,0.9259576797485352,0.8293077349662781,0.9575620889663696,0.8446348309516907,0.3162010610103607,0.8566923141479492,0.9561618566513062,0.7735849022865295,45,0.8600923418998718,0.8678054213523865,0.00002499999936844688,0.9481961131095886,0.9590643274853801,0.844700038433075,0.8293077349662781,0.8031656480175521,0.8663246165728787,1612,1081,0.9561525588186847,0.7735849056603774,0,0.9575251020633344,0.8031656480173794,0.7735849056603774,0.5985889342740438,0.7735849056603774,0.4014110657259562,0
8cb547f3-8b32-4149-8992-66bcbf4f4543,densenet121,adam,Q06/Q11,train_execution_records,epoch,base,46,2026-10-02T23:45:09.059573+00:00,ef4d29de-9211-480b-a187-e57c678f7e71,227,2026-10-02T23:45:09.062908+00:00,2026-10-02T23:42:00.965960+00:00,188.096948,2026-10-02T23:45:09.102950+00:00,2026-10-02T23:45:09.364132+00:00,0.261182,2026-10-02T23:45:09.406245+00:00,2026-10-02T23:45:27.241446+00:00,17.835201,"{""auc"":0.9182390570640564,""loss"":0.3638544976711273,""epoch"":46,""phase"":""base"",""pr_auc"":0.92289137840271,""recall"":0.8292179107666016,""val_auc"":0.9573720097541809,""accuracy"":0.8440486788749695,""val_loss"":0.3157278895378113,""precision"":0.8557264804840088,""val_pr_auc"":0.9560738205909729,""val_recall"":0.7750943303108215,""phase_epoch"":46,""specificity"":0.8590056896209717,""val_accuracy"":0.8685480952262878,""learning_rate"":0.00001249999968422344,""val_precision"":0.9482917785644531,""val_specificity"":0.9590643274853801,""balanced_accuracy"":0.8441118001937866,""recall_parasitized"":0.8292179107666016,""val_f2_parasitized"":0.8044806517311609,""val_balanced_accuracy"":0.8670793335540108,""val_n_pred_uninfected"":1610,""val_n_pred_parasitized"":1083,""val_pr_auc_parasitized"":0.9561417418794314,""val_recall_parasitized"":0.7750943396226415,""val_prediction_collapse"":0,""val_roc_auc_parasitized"":0.9574715877744676,""val_early_stopping_score"":0.8044806517309874,""val_checkpoint_policy_score"":0.7750943396226415,""val_percent_pred_uninfected"":0.597846268102488,""val_sensitivity_parasitized"":0.7750943396226415,""val_percent_pred_parasitized"":0.4021537318975121,""val_prediction_collapse_detected"":0}",0.9182390570640564,0.3638544976711273,46,base,0.92289137840271,0.8292179107666016,0.9573720097541809,0.8440486788749695,0.3157278895378113,0.8557264804840088,0.9560738205909729,0.7750943303108215,46,0.8590056896209717,0.8685480952262878,0.00001249999968422344,0.9482917785644531,0.9590643274853801,0.8441118001937866,0.8292179107666016,0.8044806517311609,0.8670793335540108,1610,1083,0.9561417418794314,0.7750943396226415,0,0.9574715877744676,0.8044806517309874,0.7750943396226415,0.597846268102488,0.7750943396226415,0.4021537318975121,0
8cb547f3-8b32-4149-8992-66bcbf4f4543,densenet121,adam,Q06/Q11,train_execution_records,epoch,base,47,2026-10-02T23:48:17.067377+00:00,794d5e4b-283c-438d-bcfc-b9faba6df75d,232,2026-10-02T23:48:17.073218+00:00,2026-10-02T23:45:09.062908+00:00,188.01031,2026-10-02T23:48:17.109168+00:00,2026-10-02T23:48:17.368013+00:00,0.258845,2026-10-02T23:48:17.407074+00:00,2026-10-02T23:48:35.228763+00:00,17.821689,"{""auc"":0.9159805774688721,""loss"":0.3679008483886719,""epoch"":47,""phase"":""base"",""pr_auc"":0.9216015338897705,""recall"":0.8219448924064636,""val_auc"":0.957539439201355,""accuracy"":0.838187575340271,""val_loss"":0.31653547286987305,""precision"":0.8507434725761414,""val_pr_auc"":0.9561440944671631,""val_recall"":0.7720754742622375,""phase_epoch"":47,""specificity"":0.8545684814453125,""val_accuracy"":0.8674340844154358,""learning_rate"":0.00001249999968422344,""val_precision"":0.9489796161651611,""val_specificity"":0.9597953216374269,""balanced_accuracy"":0.8382567167282104,""recall_parasitized"":0.8219448924064636,""val_f2_parasitized"":0.8019755409219191,""val_balanced_accuracy"":0.8659353966677701,""val_n_pred_uninfected"":1615,""val_n_pred_parasitized"":1078,""val_pr_auc_parasitized"":0.9561312666861155,""val_recall_parasitized"":0.7720754716981132,""val_prediction_collapse"":0,""val_roc_auc_parasitized"":0.9574693809996689,""val_early_stopping_score"":0.8019755409217472,""val_checkpoint_policy_score"":0.7720754716981132,""val_percent_pred_uninfected"":0.5997029335313776,""val_sensitivity_parasitized"":0.7720754716981132,""val_percent_pred_parasitized"":0.40029706646862234,""val_prediction_collapse_detected"":0}",0.9159805774688721,0.3679008483886719,47,base,0.9216015338897705,0.8219448924064636,0.957539439201355,0.838187575340271,0.31653547286987305,0.8507434725761414,0.9561440944671631,0.7720754742622375,47,0.8545684814453125,0.8674340844154358,0.00001249999968422344,0.9489796161651611,0.9597953216374269,0.8382567167282104,0.8219448924064636,0.8019755409219191,0.8659353966677701,1615,1078,0.9561312666861155,0.7720754716981132,0,0.9574693809996689,0.8019755409217472,0.7720754716981132,0.5997029335313776,0.7720754716981132,0.40029706646862234,0
8cb547f3-8b32-4149-8992-66bcbf4f4543,densenet121,adam,Q06/Q11,train_execution_records,epoch,fine_tuning,1,2026-10-02T23:51:30.085055+00:00,853fc2e2-525e-4b2d-87f6-6d63f12b9af8,239,2026-10-02T23:51:30.088341+00:00,2026-10-02T23:48:35.405214+00:00,174.683127,2026-10-02T23:51:30.129982+00:00,2026-10-02T23:51:30.394378+00:00,0.264396,2026-10-02T23:51:30.435349+00:00,2026-10-02T23:51:48.548494+00:00,18.113145,"{""auc"":0.8990110158920288,""loss"":0.43388694524765015,""epoch"":48,""phase"":""fine_tuning"",""pr_auc"":0.9030098915100098,""recall"":0.8491514921188354,""val_auc"":0.9447363018989563,""accuracy"":0.8130297660827637,""val_loss"":0.3606320321559906,""precision"":0.7931063175201416,""val_pr_auc"":0.9466806650161743,""val_recall"":0.7177358269691467,""phase_epoch"":1,""specificity"":0.7766005396842957,""val_accuracy"":0.8414407968521118,""learning_rate"":0.000009999999747378752,""val_precision"":0.9472111463546753,""val_specificity"":0.9612573099415205,""balanced_accuracy"":0.8128759860992432,""recall_parasitized"":0.8491514921188354,""val_f2_parasitized"":0.7542829949238579,""val_balanced_accuracy"":0.8394965794990621,""val_n_pred_uninfected"":1689,""val_n_pred_parasitized"":1004,""val_pr_auc_parasitized"":0.946596694181637,""val_recall_parasitized"":0.7177358490566038,""val_prediction_collapse"":0,""val_roc_auc_parasitized"":0.9448780756923757,""val_early_stopping_score"":0.7542829949237148,""val_checkpoint_policy_score"":0.7177358490566038,""val_percent_pred_uninfected"":0.6271815818789455,""val_sensitivity_parasitized"":0.7177358490566038,""val_percent_pred_parasitized"":0.3728184181210546,""val_prediction_collapse_detected"":0}",0.8990110158920288,0.43388694524765015,48,fine_tuning,0.9030098915100098,0.8491514921188354,0.9447363018989563,0.8130297660827637,0.3606320321559906,0.7931063175201416,0.9466806650161743,0.7177358269691467,1,0.7766005396842957,0.8414407968521118,0.000009999999747378752,0.9472111463546753,0.9612573099415205,0.8128759860992432,0.8491514921188354,0.7542829949238579,0.8394965794990621,1689,1004,0.946596694181637,0.7177358490566038,0,0.9448780756923757,0.7542829949237148,0.7177358490566038,0.6271815818789455,0.7177358490566038,0.3728184181210546,0
8cb547f3-8b32-4149-8992-66bcbf4f4543,densenet121,adam,Q06/Q11,train_execution_records,epoch,fine_tuning,2,2026-10-02T23:54:40.958842+00:00,9454005f-f5bd-4a9a-8398-7ace04a0fcaf,244,2026-10-02T23:54:40.962047+00:00,2026-10-02T23:51:30.088341+00:00,190.873706,2026-10-02T23:54:41.005632+00:00,2026-10-02T23:54:41.271352+00:00,0.26572,2026-10-02T23:54:41.310123+00:00,2026-10-02T23:54:59.108638+00:00,17.798515,"{""auc"":0.898455798625946,""loss"":0.4269633889198303,""epoch"":49,""phase"":""fine_tuning"",""pr_auc"":0.9033237099647522,""recall"":0.8189817667007446,""val_auc"":0.9447928071022034,""accuracy"":0.8218214511871338,""val_loss"":0.3708271384239197,""precision"":0.8249073028564453,""val_pr_auc"":0.9468522071838379,""val_recall"":0.7086792588233948,""phase_epoch"":2,""specificity"":0.8246853351593018,""val_accuracy"":0.838841438293457,""learning_rate"":0.000009999999747378752,""val_precision"":0.9513677954673767,""val_specificity"":0.9649122807017544,""balanced_accuracy"":0.8218335509300232,""recall_parasitized"":0.8189817667007446,""val_f2_parasitized"":0.7467790679179259,""val_balanced_accuracy"":0.8367957629923866,""val_n_pred_uninfected"":1706,""val_n_pred_parasitized"":987,""val_pr_auc_parasitized"":0.9465666645268663,""val_recall_parasitized"":0.7086792452830188,""val_prediction_collapse"":0,""val_roc_auc_parasitized"":0.9446684320865055,""val_early_stopping_score"":0.746779067917787,""val_checkpoint_policy_score"":0.7086792452830188,""val_percent_pred_uninfected"":0.6334942443371704,""val_sensitivity_parasitized"":0.7086792452830188,""val_percent_pred_parasitized"":0.36650575566282956,""val_prediction_collapse_detected"":0}",0.898455798625946,0.4269633889198303,49,fine_tuning,0.9033237099647522,0.8189817667007446,0.9447928071022034,0.8218214511871338,0.3708271384239197,0.8249073028564453,0.9468522071838379,0.7086792588233948,2,0.8246853351593018,0.838841438293457,0.000009999999747378752,0.9513677954673767,0.9649122807017544,0.8218335509300232,0.8189817667007446,0.7467790679179259,0.8367957629923866,1706,987,0.9465666645268663,0.7086792452830188,0,0.9446684320865055,0.746779067917787,0.7086792452830188,0.6334942443371704,0.7086792452830188,0.36650575566282956,0
8cb547f3-8b32-4149-8992-66bcbf4f4543,densenet121,adam,Q06/Q11,train_execution_records,epoch,fine_tuning,3,2026-10-02T23:57:48.996356+00:00,1e4c3b67-25d7-41f4-9eb5-1ea291d9c8b5,249,2026-10-02T23:57:48.999675+00:00,2026-10-02T23:54:40.962047+00:00,188.037628,2026-10-02T23:57:49.043831+00:00,2026-10-02T23:57:49.310339+00:00,0.266508,2026-10-02T23:57:49.353592+00:00,2026-10-02T23:58:07.140366+00:00,17.786774,"{""auc"":0.9003667235374451,""loss"":0.42259517312049866,""epoch"":50,""phase"":""fine_tuning"",""pr_auc"":0.9065946340560913,""recall"":0.8141330480575562,""val_auc"":0.9459235668182373,""accuracy"":0.8225879073143005,""val_loss"":0.3677918612957001,""precision"":0.8293999433517456,""val_pr_auc"":0.9468680620193481,""val_recall"":0.7109434008598328,""phase_epoch"":3,""specificity"":0.8311147093772888,""val_accuracy"":0.8399554491043091,""learning_rate"":0.000009999999747378752,""val_precision"":0.9515151381492615,""val_specificity"":0.9649122807017544,""balanced_accuracy"":0.8226238489151001,""recall_parasitized"":0.8141330480575562,""val_f2_parasitized"":0.7488076311605724,""val_balanced_accuracy"":0.8379278384640847,""val_n_pred_uninfected"":1703,""val_n_pred_parasitized"":990,""val_pr_auc_parasitized"":0.9476077756775113,""val_recall_parasitized"":0.7109433962264151,""val_prediction_collapse"":0,""val_roc_auc_parasitized"":0.9459036742800396,""val_early_stopping_score"":0.7488076311604325,""val_checkpoint_policy_score"":0.7109433962264151,""val_percent_pred_uninfected"":0.6323802450798366,""val_sensitivity_parasitized"":0.7109433962264151,""val_percent_pred_parasitized"":0.3676197549201634,""val_prediction_collapse_detected"":0}",0.9003667235374451,0.42259517312049866,50,fine_tuning,0.9065946340560913,0.8141330480575562,0.9459235668182373,0.8225879073143005,0.3677918612957001,0.8293999433517456,0.9468680620193481,0.7109434008598328,3,0.8311147093772888,0.8399554491043091,0.000009999999747378752,0.9515151381492615,0.9649122807017544,0.8226238489151001,0.8141330480575562,0.7488076311605724,0.8379278384640847,1703,990,0.9476077756775113,0.7109433962264151,0,0.9459036742800396,0.7488076311604325,0.7109433962264151,0.6323802450798366,0.7109433962264151,0.3676197549201634,0
8cb547f3-8b32-4149-8992-66bcbf4f4543,densenet121,adam,Q06/Q11,train_execution_records,epoch,fine_tuning,4,2026-10-03T00:00:56.940406+00:00,b6bc4f49-e093-4deb-9935-771b0da5ec0a,254,2026-10-03T00:00:56.944124+00:00,2026-10-02T23:57:48.999675+00:00,187.944449,2026-10-03T00:00:56.987978+00:00,2026-10-03T00:00:57.256816+00:00,0.268838,2026-10-03T00:00:57.293320+00:00,2026-10-03T00:01:15.086171+00:00,17.792851,"{""auc"":0.9026849865913391,""loss"":0.415616899728775,""epoch"":51,""phase"":""fine_tuning"",""pr_auc"":0.908836841583252,""recall"":0.8164676427841187,""val_auc"":0.9465783834457397,""accuracy"":0.8244364261627197,""val_loss"":0.36740046739578247,""precision"":0.8309421539306641,""val_pr_auc"":0.9475116729736328,""val_recall"":0.7116981148719788,""phase_epoch"":4,""specificity"":0.8324730396270752,""val_accuracy"":0.8403267860412598,""learning_rate"":0.000009999999747378752,""val_precision"":0.9515640735626221,""val_specificity"":0.9649122807017544,""balanced_accuracy"":0.8244703412055969,""recall_parasitized"":0.8164676427841187,""val_f2_parasitized"":0.7494833889683675,""val_balanced_accuracy"":0.8383051969546508,""val_n_pred_uninfected"":1702,""val_n_pred_parasitized"":991,""val_pr_auc_parasitized"":0.9482724309621466,""val_recall_parasitized"":0.7116981132075472,""val_prediction_collapse"":0,""val_roc_auc_parasitized"":0.946662804810769,""val_early_stopping_score"":0.7494833889682271,""val_checkpoint_policy_score"":0.7116981132075472,""val_percent_pred_uninfected"":0.6320089119940586,""val_sensitivity_parasitized"":0.7116981132075472,""val_percent_pred_parasitized"":0.3679910880059413,""val_prediction_collapse_detected"":0}",0.9026849865913391,0.415616899728775,51,fine_tuning,0.908836841583252,0.8164676427841187,0.9465783834457397,0.8244364261627197,0.36740046739578247,0.8309421539306641,0.9475116729736328,0.7116981148719788,4,0.8324730396270752,0.8403267860412598,0.000009999999747378752,0.9515640735626221,0.9649122807017544,0.8244703412055969,0.8164676427841187,0.7494833889683675,0.8383051969546508,1702,991,0.9482724309621466,0.7116981132075472,0,0.946662804810769,0.7494833889682271,0.7116981132075472,0.6320089119940586,0.7116981132075472,0.3679910880059413,0
8cb547f3-8b32-4149-8992-66bcbf4f4543,densenet121,adam,Q06/Q11,train_execution_records,epoch,fine_tuning,5,2026-10-03T00:04:04.755505+00:00,4f4096b9-ec31-411b-a17c-d2f576094f4f,259,2026-10-03T00:04:04.759100+00:00,2026-10-03T00:00:56.944124+00:00,187.814976,2026-10-03T00:04:04.801648+00:00,2026-10-03T00:04:05.065825+00:00,0.264177,2026-10-03T00:04:05.106602+00:00,2026-10-03T00:04:22.940308+00:00,17.833706,"{""auc"":0.9015418291091919,""loss"":0.41932809352874756,""epoch"":52,""phase"":""fine_tuning"",""pr_auc"":0.9060364961624146,""recall"":0.8153901696205139,""val_auc"":0.9476147890090942,""accuracy"":0.8233994841575623,""val_loss"":0.3613957166671753,""precision"":0.8299214243888855,""val_pr_auc"":0.9484364986419678,""val_recall"":0.7169811129570007,""phase_epoch"":5,""specificity"":0.8314769268035889,""val_accuracy"":0.8429260849952698,""learning_rate"":0.000004999999873689376,""val_precision"":0.9519038200378418,""val_specificity"":0.9649122807017544,""balanced_accuracy"":0.823433518409729,""recall_parasitized"":0.8153901696205139,""val_f2_parasitized"":0.7542076849793585,""val_balanced_accuracy"":0.840946706388613,""val_n_pred_uninfected"":1695,""val_n_pred_parasitized"":998,""val_pr_auc_parasitized"":0.9491780745384246,""val_recall_parasitized"":0.7169811320754716,""val_prediction_collapse"":0,""val_roc_auc_parasitized"":0.9477430210746993,""val_early_stopping_score"":0.7542076849792154,""val_checkpoint_policy_score"":0.7169811320754716,""val_percent_pred_uninfected"":0.629409580393613,""val_sensitivity_parasitized"":0.7169811320754716,""val_percent_pred_parasitized"":0.37059041960638694,""val_prediction_collapse_detected"":0}",0.9015418291091919,0.41932809352874756,52,fine_tuning,0.9060364961624146,0.8153901696205139,0.9476147890090942,0.8233994841575623,0.3613957166671753,0.8299214243888855,0.9484364986419678,0.7169811129570007,5,0.8314769268035889,0.8429260849952698,0.000004999999873689376,0.9519038200378418,0.9649122807017544,0.823433518409729,0.8153901696205139,0.7542076849793585,0.840946706388613,1695,998,0.9491780745384246,0.7169811320754716,0,0.9477430210746993,0.7542076849792154,0.7169811320754716,0.629409580393613,0.7169811320754716,0.37059041960638694,0
8cb547f3-8b32-4149-8992-66bcbf4f4543,densenet121,adam,Q06/Q11,train_execution_records,epoch,fine_tuning,6,2026-10-03T00:07:12.750058+00:00,5957cdfe-ed0f-491f-8227-6131159d1c01,264,2026-10-03T00:07:12.753687+00:00,2026-10-03T00:04:04.759100+00:00,187.994587,2026-10-03T00:07:12.794642+00:00,2026-10-03T00:07:13.057169+00:00,0.262527,2026-10-03T00:07:13.096616+00:00,2026-10-03T00:07:30.949670+00:00,17.853054,"{""auc"":0.9041190147399902,""loss"":0.4130942225456238,""epoch"":53,""phase"":""fine_tuning"",""pr_auc"":0.9093534350395203,""recall"":0.8179042935371399,""val_auc"":0.94804447889328,""accuracy"":0.8259693384170532,""val_loss"":0.3609357178211212,""precision"":0.832556426525116,""val_pr_auc"":0.9488323926925659,""val_recall"":0.7154716849327087,""phase_epoch"":6,""specificity"":0.8341030478477478,""val_accuracy"":0.8425547480583191,""learning_rate"":0.000004999999873689376,""val_precision"":0.9527637958526611,""val_specificity"":0.9656432748538012,""balanced_accuracy"":0.8260036706924438,""recall_parasitized"":0.8179042935371399,""val_f2_parasitized"":0.7529785544082606,""val_balanced_accuracy"":0.8405574864835044,""val_n_pred_uninfected"":1698,""val_n_pred_parasitized"":995,""val_pr_auc_parasitized"":0.949587255982354,""val_recall_parasitized"":0.7154716981132075,""val_prediction_collapse"":0,""val_roc_auc_parasitized"":0.9482263047555998,""val_early_stopping_score"":0.7529785544081182,""val_checkpoint_policy_score"":0.7154716981132075,""val_percent_pred_uninfected"":0.6305235796509469,""val_sensitivity_parasitized"":0.7154716981132075,""val_percent_pred_parasitized"":0.3694764203490531,""val_prediction_collapse_detected"":0}",0.9041190147399902,0.4130942225456238,53,fine_tuning,0.9093534350395203,0.8179042935371399,0.94804447889328,0.8259693384170532,0.3609357178211212,0.832556426525116,0.9488323926925659,0.7154716849327087,6,0.8341030478477478,0.8425547480583191,0.000004999999873689376,0.9527637958526611,0.9656432748538012,0.8260036706924438,0.8179042935371399,0.7529785544082606,0.8405574864835044,1698,995,0.949587255982354,0.7154716981132075,0,0.9482263047555998,0.7529785544081182,0.7154716981132075,0.6305235796509469,0.7154716981132075,0.3694764203490531,0
8cb547f3-8b32-4149-8992-66bcbf4f4543,densenet121,adam,Q06/Q11,train_execution_records,epoch,fine_tuning,7,2026-10-03T00:10:20.621074+00:00,40db75b9-f9a9-43c3-ad1d-f6867d20b75e,269,2026-10-03T00:10:20.624786+00:00,2026-10-03T00:07:12.753687+00:00,187.871099,2026-10-03T00:10:20.669872+00:00,2026-10-03T00:10:21.046345+00:00,0.376473,2026-10-03T00:10:21.086133+00:00,2026-10-03T00:10:38.900115+00:00,17.813982,"{""auc"":0.9064232707023621,""loss"":0.40749597549438477,""epoch"":54,""phase"":""fine_tuning"",""pr_auc"":0.9103333950042725,""recall"":0.8180838823318481,""val_auc"":0.9484492540359497,""accuracy"":0.828539252281189,""val_loss"":0.3595689535140991,""precision"":0.8367928266525269,""val_pr_auc"":0.9491545557975769,""val_recall"":0.7154716849327087,""phase_epoch"":7,""specificity"":0.8390836119651794,""val_accuracy"":0.8425547480583191,""learning_rate"":0.000004999999873689376,""val_precision"":0.9527637958526611,""val_specificity"":0.9656432748538012,""balanced_accuracy"":0.8285837173461914,""recall_parasitized"":0.8180838823318481,""val_f2_parasitized"":0.7529785544082606,""val_balanced_accuracy"":0.8405574864835044,""val_n_pred_uninfected"":1698,""val_n_pred_parasitized"":995,""val_pr_auc_parasitized"":0.9498706306215647,""val_recall_parasitized"":0.7154716981132075,""val_prediction_collapse"":0,""val_roc_auc_parasitized"":0.9486124903453603,""val_early_stopping_score"":0.7529785544081182,""val_checkpoint_policy_score"":0.7154716981132075,""val_percent_pred_uninfected"":0.6305235796509469,""val_sensitivity_parasitized"":0.7154716981132075,""val_percent_pred_parasitized"":0.3694764203490531,""val_prediction_collapse_detected"":0}",0.9064232707023621,0.40749597549438477,54,fine_tuning,0.9103333950042725,0.8180838823318481,0.9484492540359497,0.828539252281189,0.3595689535140991,0.8367928266525269,0.9491545557975769,0.7154716849327087,7,0.8390836119651794,0.8425547480583191,0.000004999999873689376,0.9527637958526611,0.9656432748538012,0.8285837173461914,0.8180838823318481,0.7529785544082606,0.8405574864835044,1698,995,0.9498706306215647,0.7154716981132075,0,0.9486124903453603,0.7529785544081182,0.7154716981132075,0.6305235796509469,0.7154716981132075,0.3694764203490531,0
8cb547f3-8b32-4149-8992-66bcbf4f4543,densenet121,adam,Q06/Q11,train_execution_records,epoch,fine_tuning,8,2026-10-03T00:13:28.498061+00:00,c35bdbac-2d7c-448c-ab45-ae7f308d30b3,274,2026-10-03T00:13:28.501049+00:00,2026-10-03T00:10:20.624786+00:00,187.876263,2026-10-03T00:13:28.543261+00:00,2026-10-03T00:13:28.806766+00:00,0.263505,2026-10-03T00:13:28.844078+00:00,2026-10-03T00:13:46.830253+00:00,17.986175,"{""auc"":0.9050224423408508,""loss"":0.4114203155040741,""epoch"":55,""phase"":""fine_tuning"",""pr_auc"":0.9075714349746704,""recall"":0.8219448924064636,""val_auc"":0.9488027691841125,""accuracy"":0.8307033181190491,""val_loss"":0.35656994581222534,""precision"":0.8378180265426636,""val_pr_auc"":0.9495130777359009,""val_recall"":0.7192452549934387,""phase_epoch"":8,""specificity"":0.8395363688468933,""val_accuracy"":0.8444114327430725,""learning_rate"":0.000004999999873689376,""val_precision"":0.953000009059906,""val_specificity"":0.9656432748538012,""balanced_accuracy"":0.8307406306266785,""recall_parasitized"":0.8219448924064636,""val_f2_parasitized"":0.7563492063492063,""val_balanced_accuracy"":0.8424442789363346,""val_n_pred_uninfected"":1693,""val_n_pred_parasitized"":1000,""val_pr_auc_parasitized"":0.9501761470942955,""val_recall_parasitized"":0.7192452830188679,""val_prediction_collapse"":0,""val_roc_auc_parasitized"":0.949008054728015,""val_early_stopping_score"":0.756349206349062,""val_checkpoint_policy_score"":0.7192452830188679,""val_percent_pred_uninfected"":0.6286669142220572,""val_sensitivity_parasitized"":0.7192452830188679,""val_percent_pred_parasitized"":0.37133308577794283,""val_prediction_collapse_detected"":0}",0.9050224423408508,0.4114203155040741,55,fine_tuning,0.9075714349746704,0.8219448924064636,0.9488027691841125,0.8307033181190491,0.35656994581222534,0.8378180265426636,0.9495130777359009,0.7192452549934387,8,0.8395363688468933,0.8444114327430725,0.000004999999873689376,0.953000009059906,0.9656432748538012,0.8307406306266785,0.8219448924064636,0.7563492063492063,0.8424442789363346,1693,1000,0.9501761470942955,0.7192452830188679,0,0.949008054728015,0.756349206349062,0.7192452830188679,0.6286669142220572,0.7192452830188679,0.37133308577794283,0
8cb547f3-8b32-4149-8992-66bcbf4f4543,densenet121,adam,Q06/Q11,train_execution_records,epoch,fine_tuning,9,2026-10-03T00:16:38.471855+00:00,bd0c592e-2cbe-48db-ab94-e15afd11dc8a,279,2026-10-03T00:16:38.475564+00:00,2026-10-03T00:13:28.501049+00:00,189.974515,2026-10-03T00:16:38.512118+00:00,2026-10-03T00:16:38.774299+00:00,0.262181,2026-10-03T00:16:38.812940+00:00,2026-10-03T00:16:56.713908+00:00,17.900968,"{""auc"":0.9087296724319458,""loss"":0.4015957713127136,""epoch"":56,""phase"":""fine_tuning"",""pr_auc"":0.912996768951416,""recall"":0.8259854316711426,""val_auc"":0.9491772055625916,""accuracy"":0.8314247131347656,""val_loss"":0.3550153076648712,""precision"":0.8362727165222168,""val_pr_auc"":0.9497998356819153,""val_recall"":0.7200000286102295,""phase_epoch"":9,""specificity"":0.8369102478027344,""val_accuracy"":0.8444114327430725,""learning_rate"":0.000004999999873689376,""val_precision"":0.9520958065986633,""val_specificity"":0.9649122807017544,""balanced_accuracy"":0.8314478397369385,""recall_parasitized"":0.8259854316711426,""val_f2_parasitized"":0.756902570612504,""val_balanced_accuracy"":0.8424561403508772,""val_n_pred_uninfected"":1691,""val_n_pred_parasitized"":1002,""val_pr_auc_parasitized"":0.9504506658270615,""val_recall_parasitized"":0.72,""val_prediction_collapse"":0,""val_roc_auc_parasitized"":0.9493385192541101,""val_early_stopping_score"":0.7569025706123594,""val_checkpoint_policy_score"":0.72,""val_percent_pred_uninfected"":0.6279242480505013,""val_sensitivity_parasitized"":0.72,""val_percent_pred_parasitized"":0.3720757519494987,""val_prediction_collapse_detected"":0}",0.9087296724319458,0.4015957713127136,56,fine_tuning,0.912996768951416,0.8259854316711426,0.9491772055625916,0.8314247131347656,0.3550153076648712,0.8362727165222168,0.9497998356819153,0.7200000286102295,9,0.8369102478027344,0.8444114327430725,0.000004999999873689376,0.9520958065986633,0.9649122807017544,0.8314478397369385,0.8259854316711426,0.756902570612504,0.8424561403508772,1691,1002,0.9504506658270615,0.72,0,0.9493385192541101,0.7569025706123594,0.72,0.6279242480505013,0.72,0.3720757519494987,0
8cb547f3-8b32-4149-8992-66bcbf4f4543,densenet121,adam,Q06/Q11,train_execution_records,epoch,fine_tuning,10,2026-10-03T00:19:49.374113+00:00,6b2435ba-63c6-447b-a70a-ddc73d8cff00,284,2026-10-03T00:19:49.378550+00:00,2026-10-03T00:16:38.475564+00:00,190.902986,2026-10-03T00:19:49.419851+00:00,2026-10-03T00:19:49.687242+00:00,0.267391,2026-10-03T00:19:49.728683+00:00,2026-10-03T00:20:07.766611+00:00,18.037928,"{""auc"":0.9054205417633057,""loss"":0.41122838854789734,""epoch"":57,""phase"":""fine_tuning"",""pr_auc"":0.9090703725814819,""recall"":0.8200592398643494,""val_auc"":0.9494824409484863,""accuracy"":0.8293507695198059,""val_loss"":0.3551481366157532,""precision"":0.8368151187896729,""val_pr_auc"":0.9501246213912964,""val_recall"":0.7192452549934387,""phase_epoch"":10,""specificity"":0.8387213349342346,""val_accuracy"":0.8444114327430725,""learning_rate"":0.000004999999873689376,""val_precision"":0.953000009059906,""val_specificity"":0.9656432748538012,""balanced_accuracy"":0.829390287399292,""recall_parasitized"":0.8200592398643494,""val_f2_parasitized"":0.7563492063492063,""val_balanced_accuracy"":0.8424442789363346,""val_n_pred_uninfected"":1693,""val_n_pred_parasitized"":1000,""val_pr_auc_parasitized"":0.95080493033682,""val_recall_parasitized"":0.7192452830188679,""val_prediction_collapse"":0,""val_roc_auc_parasitized"":0.949724153150171,""val_early_stopping_score"":0.756349206349062,""val_checkpoint_policy_score"":0.7192452830188679,""val_percent_pred_uninfected"":0.6286669142220572,""val_sensitivity_parasitized"":0.7192452830188679,""val_percent_pred_parasitized"":0.37133308577794283,""val_prediction_collapse_detected"":0}",0.9054205417633057,0.41122838854789734,57,fine_tuning,0.9090703725814819,0.8200592398643494,0.9494824409484863,0.8293507695198059,0.3551481366157532,0.8368151187896729,0.9501246213912964,0.7192452549934387,10,0.8387213349342346,0.8444114327430725,0.000004999999873689376,0.953000009059906,0.9656432748538012,0.829390287399292,0.8200592398643494,0.7563492063492063,0.8424442789363346,1693,1000,0.95080493033682,0.7192452830188679,0,0.949724153150171,0.756349206349062,0.7192452830188679,0.6286669142220572,0.7192452830188679,0.37133308577794283,0
8cb547f3-8b32-4149-8992-66bcbf4f4543,densenet121,adam,Q06/Q11,train_execution_records,epoch,fine_tuning,11,2026-10-03T00:22:59.681304+00:00,37510d4b-64cb-4161-bcfb-5981edf35977,289,2026-10-03T00:22:59.684752+00:00,2026-10-03T00:19:49.378550+00:00,190.306202,2026-10-03T00:22:59.727108+00:00,2026-10-03T00:22:59.988984+00:00,0.261876,2026-10-03T00:23:00.027781+00:00,2026-10-03T00:23:17.758342+00:00,17.730561,"{""auc"":0.9062460064888,""loss"":0.4090545177459717,""epoch"":58,""phase"":""fine_tuning"",""pr_auc"":0.9116742014884949,""recall"":0.8141330480575562,""val_auc"":0.9500035643577576,""accuracy"":0.8282236456871033,""val_loss"":0.35320430994033813,""precision"":0.8389932513237,""val_pr_auc"":0.9504956007003784,""val_recall"":0.7207547426223755,""phase_epoch"":11,""specificity"":0.8424341082572937,""val_accuracy"":0.8451541066169739,""learning_rate"":0.000004999999873689376,""val_precision"":0.9530938267707825,""val_specificity"":0.9656432748538012,""balanced_accuracy"":0.8282835483551025,""recall_parasitized"":0.8141330480575562,""val_f2_parasitized"":0.7576959695334814,""val_balanced_accuracy"":0.8431989959174666,""val_n_pred_uninfected"":1691,""val_n_pred_parasitized"":1002,""val_pr_auc_parasitized"":0.9511071521059405,""val_recall_parasitized"":0.720754716981132,""val_prediction_collapse"":0,""val_roc_auc_parasitized"":0.9500573761447644,""val_early_stopping_score"":0.7576959695333364,""val_checkpoint_policy_score"":0.720754716981132,""val_percent_pred_uninfected"":0.6279242480505013,""val_sensitivity_parasitized"":0.720754716981132,""val_percent_pred_parasitized"":0.3720757519494987,""val_prediction_collapse_detected"":0}",0.9062460064888,0.4090545177459717,58,fine_tuning,0.9116742014884949,0.8141330480575562,0.9500035643577576,0.8282236456871033,0.35320430994033813,0.8389932513237,0.9504956007003784,0.7207547426223755,11,0.8424341082572937,0.8451541066169739,0.000004999999873689376,0.9530938267707825,0.9656432748538012,0.8282835483551025,0.8141330480575562,0.7576959695334814,0.8431989959174666,1691,1002,0.9511071521059405,0.720754716981132,0,0.9500573761447644,0.7576959695333364,0.720754716981132,0.6279242480505013,0.720754716981132,0.3720757519494987,0
8cb547f3-8b32-4149-8992-66bcbf4f4543,densenet121,adam,Q06/Q11,train_execution_records,epoch,fine_tuning,12,2026-10-03T00:26:11.871628+00:00,178b52e1-e87a-41f1-b508-d14185638d47,294,2026-10-03T00:26:11.875915+00:00,2026-10-03T00:22:59.684752+00:00,192.191163,2026-10-03T00:26:11.919075+00:00,2026-10-03T00:26:12.196313+00:00,0.277238,2026-10-03T00:26:12.238400+00:00,2026-10-03T00:26:30.110329+00:00,17.871929,"{""auc"":0.9069353938102722,""loss"":0.4074638783931732,""epoch"":59,""phase"":""fine_tuning"",""pr_auc"":0.9116305112838745,""recall"":0.8205980062484741,""val_auc"":0.9501503109931946,""accuracy"":0.8300721645355225,""val_loss"":0.3507954776287079,""precision"":0.8376718759536743,""val_pr_auc"":0.9506884813308716,""val_recall"":0.7237735986709595,""phase_epoch"":12,""specificity"":0.8396269083023071,""val_accuracy"":0.8462681174278259,""learning_rate"":0.000004999999873689376,""val_precision"":0.9523336887359619,""val_specificity"":0.9649122807017544,""balanced_accuracy"":0.8301124572753906,""recall_parasitized"":0.8205980062484741,""val_f2_parasitized"":0.7602663706992231,""val_balanced_accuracy"":0.8443429328037073,""val_n_pred_uninfected"":1686,""val_n_pred_parasitized"":1007,""val_pr_auc_parasitized"":0.9512948690388872,""val_recall_parasitized"":0.7237735849056603,""val_prediction_collapse"":0,""val_roc_auc_parasitized"":0.9503194306521022,""val_early_stopping_score"":0.7602663706990767,""val_checkpoint_policy_score"":0.7237735849056603,""val_percent_pred_uninfected"":0.6260675826216116,""val_sensitivity_parasitized"":0.7237735849056603,""val_percent_pred_parasitized"":0.3739324173783884,""val_prediction_collapse_detected"":0}",0.9069353938102722,0.4074638783931732,59,fine_tuning,0.9116305112838745,0.8205980062484741,0.9501503109931946,0.8300721645355225,0.3507954776287079,0.8376718759536743,0.9506884813308716,0.7237735986709595,12,0.8396269083023071,0.8462681174278259,0.000004999999873689376,0.9523336887359619,0.9649122807017544,0.8301124572753906,0.8205980062484741,0.7602663706992231,0.8443429328037073,1686,1007,0.9512948690388872,0.7237735849056603,0,0.9503194306521022,0.7602663706990767,0.7237735849056603,0.6260675826216116,0.7237735849056603,0.3739324173783884,0
8cb547f3-8b32-4149-8992-66bcbf4f4543,densenet121,adam,Q06/Q11,train_execution_records,epoch,fine_tuning,13,2026-10-03T00:29:24.154733+00:00,d9f918da-76c9-4c46-96dc-6923bfc5a001,299,2026-10-03T00:29:24.160423+00:00,2026-10-03T00:26:11.875915+00:00,192.284508,2026-10-03T00:29:24.205316+00:00,2026-10-03T00:29:24.470952+00:00,0.265636,2026-10-03T00:29:24.514767+00:00,2026-10-03T00:29:42.395228+00:00,17.880461,"{""auc"":0.9085246920585632,""loss"":0.4040059447288513,""epoch"":60,""phase"":""fine_tuning"",""pr_auc"":0.9130381345748901,""recall"":0.8237406611442566,""val_auc"":0.9503945112228394,""accuracy"":0.832010805606842,""val_loss"":0.3497670888900757,""precision"":0.8388040661811829,""val_pr_auc"":0.9509038329124451,""val_recall"":0.7245283126831055,""phase_epoch"":13,""specificity"":0.8403513431549072,""val_accuracy"":0.8466394543647766,""learning_rate"":0.000004999999873689376,""val_precision"":0.9523809552192688,""val_specificity"":0.9649122807017544,""balanced_accuracy"":0.8320460319519043,""recall_parasitized"":0.8237406611442566,""val_f2_parasitized"":0.7609384908053266,""val_balanced_accuracy"":0.8447202912942734,""val_n_pred_uninfected"":1685,""val_n_pred_parasitized"":1008,""val_pr_auc_parasitized"":0.9516101360067417,""val_recall_parasitized"":0.7245283018867924,""val_prediction_collapse"":0,""val_roc_auc_parasitized"":0.9506471367096987,""val_early_stopping_score"":0.7609384908051797,""val_checkpoint_policy_score"":0.7245283018867924,""val_percent_pred_uninfected"":0.6256962495358337,""val_sensitivity_parasitized"":0.7245283018867924,""val_percent_pred_parasitized"":0.37430375046416636,""val_prediction_collapse_detected"":0}",0.9085246920585632,0.4040059447288513,60,fine_tuning,0.9130381345748901,0.8237406611442566,0.9503945112228394,0.832010805606842,0.3497670888900757,0.8388040661811829,0.9509038329124451,0.7245283126831055,13,0.8403513431549072,0.8466394543647766,0.000004999999873689376,0.9523809552192688,0.9649122807017544,0.8320460319519043,0.8237406611442566,0.7609384908053266,0.8447202912942734,1685,1008,0.9516101360067417,0.7245283018867924,0,0.9506471367096987,0.7609384908051797,0.7245283018867924,0.6256962495358337,0.7245283018867924,0.37430375046416636,0
8cb547f3-8b32-4149-8992-66bcbf4f4543,densenet121,adam,Q06/Q11,train_execution_records,epoch,fine_tuning,14,2026-10-03T00:32:34.810796+00:00,744ea651-cded-4e58-864e-9ae5e0039e2f,304,2026-10-03T00:32:34.814180+00:00,2026-10-03T00:29:24.160423+00:00,190.653757,2026-10-03T00:32:34.862746+00:00,2026-10-03T00:32:35.273563+00:00,0.410817,2026-10-03T00:32:35.314948+00:00,2026-10-03T00:32:53.363924+00:00,18.048976,"{""auc"":0.9106523394584656,""loss"":0.3964475691318512,""epoch"":61,""phase"":""fine_tuning"",""pr_auc"":0.915603756904602,""recall"":0.8284996151924133,""val_auc"":0.9510127305984497,""accuracy"":0.836429238319397,""val_loss"":0.3445742428302765,""precision"":0.8430333733558655,""val_pr_auc"":0.9513678550720215,""val_recall"":0.7290565967559814,""phase_epoch"":14,""specificity"":0.8444263339042664,""val_accuracy"":0.8484960794448853,""learning_rate"":0.000004999999873689376,""val_precision"":0.951724112033844,""val_specificity"":0.9641812865497076,""balanced_accuracy"":0.8364629745483398,""recall_parasitized"":0.8284996151924133,""val_f2_parasitized"":0.7648456057007126,""val_balanced_accuracy"":0.8466189451616463,""val_n_pred_uninfected"":1678,""val_n_pred_parasitized"":1015,""val_pr_auc_parasitized"":0.9519920411004407,""val_recall_parasitized"":0.7290566037735849,""val_prediction_collapse"":0,""val_roc_auc_parasitized"":0.9511254551473024,""val_early_stopping_score"":0.7648456057005635,""val_checkpoint_policy_score"":0.7290566037735849,""val_percent_pred_uninfected"":0.623096917935388,""val_sensitivity_parasitized"":0.7290566037735849,""val_percent_pred_parasitized"":0.376903082064612,""val_prediction_collapse_detected"":0}",0.9106523394584656,0.3964475691318512,61,fine_tuning,0.915603756904602,0.8284996151924133,0.9510127305984497,0.836429238319397,0.3445742428302765,0.8430333733558655,0.9513678550720215,0.7290565967559814,14,0.8444263339042664,0.8484960794448853,0.000004999999873689376,0.951724112033844,0.9641812865497076,0.8364629745483398,0.8284996151924133,0.7648456057007126,0.8466189451616463,1678,1015,0.9519920411004407,0.7290566037735849,0,0.9511254551473024,0.7648456057005635,0.7290566037735849,0.623096917935388,0.7290566037735849,0.376903082064612,0
8cb547f3-8b32-4149-8992-66bcbf4f4543,densenet121,adam,Q06/Q11,train_execution_records,epoch,fine_tuning,15,2026-10-03T00:35:47.790717+00:00,b118aa71-1e79-4e7a-a766-fce209f6b5a4,309,2026-10-03T00:35:47.794329+00:00,2026-10-03T00:32:34.814180+00:00,192.980149,2026-10-03T00:35:47.838964+00:00,2026-10-03T00:35:48.115139+00:00,0.276175,2026-10-03T00:35:48.159598+00:00,2026-10-03T00:36:06.131357+00:00,17.971759,"{""auc"":0.9094197750091553,""loss"":0.4011783003807068,""epoch"":62,""phase"":""fine_tuning"",""pr_auc"":0.9143285751342773,""recall"":0.8250875473022461,""val_auc"":0.9510650634765625,""accuracy"":0.8338593244552612,""val_loss"":0.34519901871681213,""precision"":0.8410214185714722,""val_pr_auc"":0.9515535235404968,""val_recall"":0.7298113107681274,""phase_epoch"":15,""specificity"":0.8427057862281799,""val_accuracy"":0.8488674163818359,""learning_rate"":0.000004999999873689376,""val_precision"":0.9517716765403748,""val_specificity"":0.9641812865497076,""balanced_accuracy"":0.8338966369628906,""recall_parasitized"":0.8250875473022461,""val_f2_parasitized"":0.7655161494616846,""val_balanced_accuracy"":0.8469963036522123,""val_n_pred_uninfected"":1677,""val_n_pred_parasitized"":1016,""val_pr_auc_parasitized"":0.9521188876943517,""val_recall_parasitized"":0.729811320754717,""val_prediction_collapse"":0,""val_roc_auc_parasitized"":0.9512639302659165,""val_early_stopping_score"":0.765516149461535,""val_checkpoint_policy_score"":0.729811320754717,""val_percent_pred_uninfected"":0.62272558484961,""val_sensitivity_parasitized"":0.729811320754717,""val_percent_pred_parasitized"":0.3772744151503899,""val_prediction_collapse_detected"":0}",0.9094197750091553,0.4011783003807068,62,fine_tuning,0.9143285751342773,0.8250875473022461,0.9510650634765625,0.8338593244552612,0.34519901871681213,0.8410214185714722,0.9515535235404968,0.7298113107681274,15,0.8427057862281799,0.8488674163818359,0.000004999999873689376,0.9517716765403748,0.9641812865497076,0.8338966369628906,0.8250875473022461,0.7655161494616846,0.8469963036522123,1677,1016,0.9521188876943517,0.729811320754717,0,0.9512639302659165,0.765516149461535,0.729811320754717,0.62272558484961,0.729811320754717,0.3772744151503899,0
8cb547f3-8b32-4149-8992-66bcbf4f4543,densenet121,adam,Q06/Q11,train_execution_records,epoch,fine_tuning,16,2026-10-03T00:38:59.025888+00:00,7b9b8682-a7c5-4a1e-a5fa-86227827c9e3,314,2026-10-03T00:38:59.029879+00:00,2026-10-03T00:35:47.794329+00:00,191.23555,2026-10-03T00:38:59.069645+00:00,2026-10-03T00:38:59.353714+00:00,0.284069,2026-10-03T00:38:59.391367+00:00,2026-10-03T00:39:18.236329+00:00,18.844962,"{""auc"":0.9114623069763184,""loss"":0.39606785774230957,""epoch"":63,""phase"":""fine_tuning"",""pr_auc"":0.9165937304496765,""recall"":0.8278710842132568,""val_auc"":0.9515089392662048,""accuracy"":0.836384117603302,""val_loss"":0.34554505348205566,""precision"":0.8433955311775208,""val_pr_auc"":0.9519023895263672,""val_recall"":0.7283018827438354,""phase_epoch"":16,""specificity"":0.8449696898460388,""val_accuracy"":0.8484960794448853,""learning_rate"":0.000004999999873689376,""val_precision"":0.9526159763336182,""val_specificity"":0.9649122807017544,""balanced_accuracy"":0.8364204168319702,""recall_parasitized"":0.8278710842132568,""val_f2_parasitized"":0.764295897354665,""val_balanced_accuracy"":0.8466070837471036,""val_n_pred_uninfected"":1680,""val_n_pred_parasitized"":1013,""val_pr_auc_parasitized"":0.9524596308339974,""val_recall_parasitized"":0.7283018867924528,""val_prediction_collapse"":0,""val_roc_auc_parasitized"":0.9516639081981685,""val_early_stopping_score"":0.7642958973545161,""val_checkpoint_policy_score"":0.7283018867924528,""val_percent_pred_uninfected"":0.623839584106944,""val_sensitivity_parasitized"":0.7283018867924528,""val_percent_pred_parasitized"":0.37616041589305604,""val_prediction_collapse_detected"":0}",0.9114623069763184,0.39606785774230957,63,fine_tuning,0.9165937304496765,0.8278710842132568,0.9515089392662048,0.836384117603302,0.34554505348205566,0.8433955311775208,0.9519023895263672,0.7283018827438354,16,0.8449696898460388,0.8484960794448853,0.000004999999873689376,0.9526159763336182,0.9649122807017544,0.8364204168319702,0.8278710842132568,0.764295897354665,0.8466070837471036,1680,1013,0.9524596308339974,0.7283018867924528,0,0.9516639081981685,0.7642958973545161,0.7283018867924528,0.623839584106944,0.7283018867924528,0.37616041589305604,0
8cb547f3-8b32-4149-8992-66bcbf4f4543,densenet121,adam,Q06/Q11,train_execution_records,epoch,fine_tuning,17,2026-10-03T00:42:18.904349+00:00,17fa6661-6475-463d-965e-7a7aa9b4be6e,319,2026-10-03T00:42:18.907913+00:00,2026-10-03T00:38:59.029879+00:00,199.878034,2026-10-03T00:42:18.947529+00:00,2026-10-03T00:42:19.207096+00:00,0.259567,2026-10-03T00:42:19.244750+00:00,2026-10-03T00:42:37.009416+00:00,17.764666,"{""auc"":0.9091026186943054,""loss"":0.40401867032051086,""epoch"":64,""phase"":""fine_tuning"",""pr_auc"":0.9129030704498291,""recall"":0.8274220824241638,""val_auc"":0.9518482089042664,""accuracy"":0.8361586928367615,""val_loss"":0.3441062271595001,""precision"":0.8433238863945007,""val_pr_auc"":0.9521527290344238,""val_recall"":0.7305660247802734,""phase_epoch"":17,""specificity"":0.8449696898460388,""val_accuracy"":0.8496100902557373,""learning_rate"":0.000004999999873689376,""val_precision"":0.9527559280395508,""val_specificity"":0.9649122807017544,""balanced_accuracy"":0.8361958861351013,""recall_parasitized"":0.8274220824241638,""val_f2_parasitized"":0.766307789740342,""val_balanced_accuracy"":0.8477391592188017,""val_n_pred_uninfected"":1677,""val_n_pred_parasitized"":1016,""val_pr_auc_parasitized"":0.9527723235288375,""val_recall_parasitized"":0.730566037735849,""val_prediction_collapse"":0,""val_roc_auc_parasitized"":0.9519872007061679,""val_early_stopping_score"":0.766307789740192,""val_checkpoint_policy_score"":0.730566037735849,""val_percent_pred_uninfected"":0.62272558484961,""val_sensitivity_parasitized"":0.730566037735849,""val_percent_pred_parasitized"":0.3772744151503899,""val_prediction_collapse_detected"":0}",0.9091026186943054,0.40401867032051086,64,fine_tuning,0.9129030704498291,0.8274220824241638,0.9518482089042664,0.8361586928367615,0.3441062271595001,0.8433238863945007,0.9521527290344238,0.7305660247802734,17,0.8449696898460388,0.8496100902557373,0.000004999999873689376,0.9527559280395508,0.9649122807017544,0.8361958861351013,0.8274220824241638,0.766307789740342,0.8477391592188017,1677,1016,0.9527723235288375,0.730566037735849,0,0.9519872007061679,0.766307789740192,0.730566037735849,0.62272558484961,0.730566037735849,0.3772744151503899,0
8cb547f3-8b32-4149-8992-66bcbf4f4543,densenet121,adam,Q06/Q11,train_execution_records,epoch,fine_tuning,18,2026-10-03T00:45:29.82628+00:00,39286e1e-8104-41b3-8c6c-cd07e80b7ba2,324,2026-10-03T00:45:29.829666+00:00,2026-10-03T00:42:18.907913+00:00,190.921753,2026-10-03T00:45:29.868696+00:00,2026-10-03T00:45:30.130755+00:00,0.262059,2026-10-03T00:45:30.167303+00:00,2026-10-03T00:45:48.316834+00:00,18.149531,"{""auc"":0.9109773635864258,""loss"":0.397577702999115,""epoch"":65,""phase"":""fine_tuning"",""pr_auc"":0.914345920085907,""recall"":0.8266139626502991,""val_auc"":0.9522818326950073,""accuracy"":0.8353020548820496,""val_loss"":0.34326234459877014,""precision"":0.842423141002655,""val_pr_auc"":0.9525426030158997,""val_recall"":0.7283018827438354,""phase_epoch"":18,""specificity"":0.8440641164779663,""val_accuracy"":0.8488674163818359,""learning_rate"":0.000004999999873689376,""val_precision"":0.9535573124885559,""val_specificity"":0.9656432748538012,""balanced_accuracy"":0.8353390693664551,""recall_parasitized"":0.8266139626502991,""val_f2_parasitized"":0.7644169835234474,""val_balanced_accuracy"":0.846972580823127,""val_n_pred_uninfected"":1681,""val_n_pred_parasitized"":1012,""val_pr_auc_parasitized"":0.9530488764858738,""val_recall_parasitized"":0.7283018867924528,""val_prediction_collapse"":0,""val_roc_auc_parasitized"":0.9523954540439147,""val_early_stopping_score"":0.7644169835232986,""val_checkpoint_policy_score"":0.7283018867924528,""val_percent_pred_uninfected"":0.6242109171927219,""val_sensitivity_parasitized"":0.7283018867924528,""val_percent_pred_parasitized"":0.37578908280727813,""val_prediction_collapse_detected"":0}",0.9109773635864258,0.397577702999115,65,fine_tuning,0.914345920085907,0.8266139626502991,0.9522818326950073,0.8353020548820496,0.34326234459877014,0.842423141002655,0.9525426030158997,0.7283018827438354,18,0.8440641164779663,0.8488674163818359,0.000004999999873689376,0.9535573124885559,0.9656432748538012,0.8353390693664551,0.8266139626502991,0.7644169835234474,0.846972580823127,1681,1012,0.9530488764858738,0.7283018867924528,0,0.9523954540439147,0.7644169835232986,0.7283018867924528,0.6242109171927219,0.7283018867924528,0.37578908280727813,0
8cb547f3-8b32-4149-8992-66bcbf4f4543,densenet121,adam,Q06/Q11,train_execution_records,epoch,fine_tuning,19,2026-10-03T00:48:43.981037+00:00,9a780ffb-0dbb-4f7c-a43f-9c4b91a070c7,329,2026-10-03T00:48:43.992361+00:00,2026-10-03T00:45:29.829666+00:00,194.162695,2026-10-03T00:48:44.034447+00:00,2026-10-03T00:48:44.302884+00:00,0.268437,2026-10-03T00:48:44.346098+00:00,2026-10-03T00:49:02.365372+00:00,18.019274,"{""auc"":0.9092394709587097,""loss"":0.4018718898296356,""epoch"":66,""phase"":""fine_tuning"",""pr_auc"":0.9147754907608032,""recall"":0.8278710842132568,""val_auc"":0.9522630572319031,""accuracy"":0.8350315690040588,""val_loss"":0.3422757685184479,""precision"":0.8410874009132385,""val_pr_auc"":0.9525741338729858,""val_recall"":0.7290565967559814,""phase_epoch"":19,""specificity"":0.8422530293464661,""val_accuracy"":0.8492387533187866,""learning_rate"":0.000004999999873689376,""val_precision"":0.9536031484603882,""val_specificity"":0.9656432748538012,""balanced_accuracy"":0.8350620269775391,""recall_parasitized"":0.8278710842132568,""val_f2_parasitized"":0.7650879138286076,""val_balanced_accuracy"":0.8473499393136931,""val_n_pred_uninfected"":1680,""val_n_pred_parasitized"":1013,""val_pr_auc_parasitized"":0.9531797432474252,""val_recall_parasitized"":0.7290566037735849,""val_prediction_collapse"":0,""val_roc_auc_parasitized"":0.9525190334326382,""val_early_stopping_score"":0.7650879138284583,""val_checkpoint_policy_score"":0.7290566037735849,""val_percent_pred_uninfected"":0.623839584106944,""val_sensitivity_parasitized"":0.7290566037735849,""val_percent_pred_parasitized"":0.37616041589305604,""val_prediction_collapse_detected"":0}",0.9092394709587097,0.4018718898296356,66,fine_tuning,0.9147754907608032,0.8278710842132568,0.9522630572319031,0.8350315690040588,0.3422757685184479,0.8410874009132385,0.9525741338729858,0.7290565967559814,19,0.8422530293464661,0.8492387533187866,0.000004999999873689376,0.9536031484603882,0.9656432748538012,0.8350620269775391,0.8278710842132568,0.7650879138286076,0.8473499393136931,1680,1013,0.9531797432474252,0.7290566037735849,0,0.9525190334326382,0.7650879138284583,0.7290566037735849,0.623839584106944,0.7290566037735849,0.37616041589305604,0
8cb547f3-8b32-4149-8992-66bcbf4f4543,densenet121,adam,Q06/Q11,train_execution_records,epoch,fine_tuning,20,2026-10-03T00:51:57.53993+00:00,a7aeebe5-e2f7-489b-886c-673da85600c5,334,2026-10-03T00:51:57.543642+00:00,2026-10-03T00:48:43.992361+00:00,193.551281,2026-10-03T00:51:57.581599+00:00,2026-10-03T00:51:57.842621+00:00,0.261022,2026-10-03T00:51:57.881575+00:00,2026-10-03T00:52:17.207130+00:00,19.325555,"{""auc"":0.9104017019271851,""loss"":0.398811012506485,""epoch"":67,""phase"":""fine_tuning"",""pr_auc"":0.915351390838623,""recall"":0.8235611319541931,""val_auc"":0.9526188969612122,""accuracy"":0.83336341381073,""val_loss"":0.33955520391464233,""precision"":0.8412363529205322,""val_pr_auc"":0.9528490304946899,""val_recall"":0.7320754528045654,""phase_epoch"":20,""specificity"":0.8432491421699524,""val_accuracy"":0.8496100902557373,""learning_rate"":0.000004999999873689376,""val_precision"":0.9509803652763367,""val_specificity"":0.9634502923976608,""balanced_accuracy"":0.8334051370620728,""recall_parasitized"":0.8235611319541931,""val_f2_parasitized"":0.7674050632911392,""val_balanced_accuracy"":0.847762882047887,""val_n_pred_uninfected"":1673,""val_n_pred_parasitized"":1020,""val_pr_auc_parasitized"":0.953361803250007,""val_recall_parasitized"":0.7320754716981132,""val_prediction_collapse"":0,""val_roc_auc_parasitized"":0.9527088160653204,""val_early_stopping_score"":0.7674050632909886,""val_checkpoint_policy_score"":0.7320754716981132,""val_percent_pred_uninfected"":0.6212402525064983,""val_sensitivity_parasitized"":0.7320754716981132,""val_percent_pred_parasitized"":0.37875974749350166,""val_prediction_collapse_detected"":0}",0.9104017019271851,0.398811012506485,67,fine_tuning,0.915351390838623,0.8235611319541931,0.9526188969612122,0.83336341381073,0.33955520391464233,0.8412363529205322,0.9528490304946899,0.7320754528045654,20,0.8432491421699524,0.8496100902557373,0.000004999999873689376,0.9509803652763367,0.9634502923976608,0.8334051370620728,0.8235611319541931,0.7674050632911392,0.847762882047887,1673,1020,0.953361803250007,0.7320754716981132,0,0.9527088160653204,0.7674050632909886,0.7320754716981132,0.6212402525064983,0.7320754716981132,0.37875974749350166,0
9a8fc142-4e16-4e80-b0b9-8cede55c3ec9,vgg16,adamw,Q06/Q11,train_execution_records,epoch,base,1,2026-10-03T17:45:00.428766+00:00,36d81e48-3fe2-40a2-8343-b43f9fc77244,2,2026-10-03T17:45:00.431193+00:00,2026-10-03T17:34:02.373377+00:00,658.057816,2026-10-03T17:45:00.466343+00:00,2026-10-03T17:45:00.555677+00:00,0.089334,2026-10-03T17:45:00.588340+00:00,2026-10-03T17:46:04.353906+00:00,63.765566,"{""auc"":0.9099919199943542,""loss"":0.45371776819229126,""epoch"":1,""phase"":""base"",""pr_auc"":0.9155526757240295,""recall"":0.8293974995613098,""val_auc"":0.9788659811019897,""accuracy"":0.8365193605422974,""val_loss"":0.18334315717220306,""precision"":0.8425613641738892,""val_pr_auc"":0.9759945869445801,""val_recall"":0.9116981029510498,""phase_epoch"":1,""specificity"":0.8437018990516663,""val_accuracy"":0.9365020394325256,""learning_rate"":0.00009999999747378752,""val_precision"":0.9572107791900635,""val_specificity"":0.9605263157894737,""balanced_accuracy"":0.836549699306488,""recall_parasitized"":0.8293974995613098,""val_f2_parasitized"":0.920451081987199,""val_balanced_accuracy"":0.9361122144985103,""val_n_pred_uninfected"":1431,""val_n_pred_parasitized"":1262,""val_pr_auc_parasitized"":0.9781629533752692,""val_recall_parasitized"":0.9116981132075471,""val_prediction_collapse"":0,""val_roc_auc_parasitized"":0.9790748096656736,""val_early_stopping_score"":0.9204510819869391,""val_checkpoint_policy_score"":0.9116981132075471,""val_percent_pred_uninfected"":0.5313776457482362,""val_sensitivity_parasitized"":0.9116981132075471,""val_percent_pred_parasitized"":0.46862235425176385,""val_prediction_collapse_detected"":0}",0.9099919199943542,0.45371776819229126,1,base,0.9155526757240295,0.8293974995613098,0.9788659811019897,0.8365193605422974,0.18334315717220306,0.8425613641738892,0.9759945869445801,0.9116981029510498,1,0.8437018990516663,0.9365020394325256,0.00009999999747378752,0.9572107791900635,0.9605263157894737,0.836549699306488,0.8293974995613098,0.920451081987199,0.9361122144985103,1431,1262,0.9781629533752692,0.9116981132075471,0,0.9790748096656736,0.9204510819869391,0.9116981132075471,0.5313776457482362,0.9116981132075471,0.46862235425176385,0
9a8fc142-4e16-4e80-b0b9-8cede55c3ec9,vgg16,adamw,Q06/Q11,train_execution_records,epoch,base,2,2026-10-03T17:56:58.187088+00:00,7a6f5e1b-1bb7-4205-8f12-c4d8f2cb4141,7,2026-10-03T17:56:58.190095+00:00,2026-10-03T17:45:00.431193+00:00,717.758902,2026-10-03T17:56:58.224003+00:00,2026-10-03T17:56:58.316435+00:00,0.092432,2026-10-03T17:56:58.350964+00:00,2026-10-03T17:58:02.733445+00:00,64.382481,"{""auc"":0.9514671564102173,""loss"":0.2865784764289856,""epoch"":2,""phase"":""base"",""pr_auc"":0.9561706781387329,""recall"":0.8753703832626343,""val_auc"":0.9816123247146606,""accuracy"":0.8909828662872314,""val_loss"":0.24568678438663483,""precision"":0.9044438004493713,""val_pr_auc"":0.9814276695251465,""val_recall"":0.8158490657806396,""phase_epoch"":2,""specificity"":0.9067282676696777,""val_accuracy"":0.9012253880500793,""learning_rate"":0.00009999999747378752,""val_precision"":0.9800543785095215,""val_specificity"":0.9839181286549707,""balanced_accuracy"":0.891049325466156,""recall_parasitized"":0.8753703832626343,""val_f2_parasitized"":0.8441355614555677,""val_balanced_accuracy"":0.8998835926293722,""val_n_pred_uninfected"":1590,""val_n_pred_parasitized"":1103,""val_pr_auc_parasitized"":0.9815297189944866,""val_recall_parasitized"":0.8158490566037736,""val_prediction_collapse"":0,""val_roc_auc_parasitized"":0.98175824782081,""val_early_stopping_score"":0.8441355614553673,""val_checkpoint_policy_score"":0.8158490566037736,""val_percent_pred_uninfected"":0.590419606386929,""val_sensitivity_parasitized"":0.8158490566037736,""val_percent_pred_parasitized"":0.4095803936130709,""val_prediction_collapse_detected"":0}",0.9514671564102173,0.2865784764289856,2,base,0.9561706781387329,0.8753703832626343,0.9816123247146606,0.8909828662872314,0.24568678438663483,0.9044438004493713,0.9814276695251465,0.8158490657806396,2,0.9067282676696777,0.9012253880500793,0.00009999999747378752,0.9800543785095215,0.9839181286549707,0.891049325466156,0.8753703832626343,0.8441355614555677,0.8998835926293722,1590,1103,0.9815297189944866,0.8158490566037736,0,0.98175824782081,0.8441355614553673,0.8158490566037736,0.590419606386929,0.8158490566037736,0.4095803936130709,0
9a8fc142-4e16-4e80-b0b9-8cede55c3ec9,vgg16,adamw,Q06/Q11,train_execution_records,epoch,base,3,2026-10-03T18:09:21.80481+00:00,433a59f9-55d8-4576-9778-9bdc0651c95d,12,2026-10-03T18:09:21.808534+00:00,2026-10-03T17:56:58.190095+00:00,743.618439,2026-10-03T18:09:21.842969+00:00,2026-10-03T18:09:21.934030+00:00,0.091061,2026-10-03T18:09:21.966539+00:00,2026-10-03T18:10:30.161222+00:00,68.194683,"{""auc"":0.9591789245605469,""loss"":0.25330042839050293,""epoch"":3,""phase"":""base"",""pr_auc"":0.9641715288162231,""recall"":0.882912814617157,""val_auc"":0.9805797934532166,""accuracy"":0.9022542834281921,""val_loss"":0.22359029948711395,""precision"":0.9192296862602234,""val_pr_auc"":0.9789516925811768,""val_recall"":0.846792459487915,""phase_epoch"":3,""specificity"":0.9217603802680969,""val_accuracy"":0.9149647355079651,""learning_rate"":0.00009999999747378752,""val_precision"":0.9773519039154053,""val_specificity"":0.9809941520467836,""balanced_accuracy"":0.902336597442627,""recall_parasitized"":0.882912814617157,""val_f2_parasitized"":0.8700372208436724,""val_balanced_accuracy"":0.9138933024384861,""val_n_pred_uninfected"":1545,""val_n_pred_parasitized"":1148,""val_pr_auc_parasitized"":0.9804133901633229,""val_recall_parasitized"":0.8467924528301887,""val_prediction_collapse"":0,""val_roc_auc_parasitized"":0.9808269888557872,""val_early_stopping_score"":0.8700372208434528,""val_checkpoint_policy_score"":0.8467924528301887,""val_percent_pred_uninfected"":0.5737096175269216,""val_sensitivity_parasitized"":0.8467924528301887,""val_percent_pred_parasitized"":0.4262903824730784,""val_prediction_collapse_detected"":0}",0.9591789245605469,0.25330042839050293,3,base,0.9641715288162231,0.882912814617157,0.9805797934532166,0.9022542834281921,0.22359029948711395,0.9192296862602234,0.9789516925811768,0.846792459487915,3,0.9217603802680969,0.9149647355079651,0.00009999999747378752,0.9773519039154053,0.9809941520467836,0.902336597442627,0.882912814617157,0.8700372208436724,0.9138933024384861,1545,1148,0.9804133901633229,0.8467924528301887,0,0.9808269888557872,0.8700372208434528,0.8467924528301887,0.5737096175269216,0.8467924528301887,0.4262903824730784,0
9a8fc142-4e16-4e80-b0b9-8cede55c3ec9,vgg16,adamw,Q06/Q11,train_execution_records,epoch,base,4,2026-10-03T18:22:11.800284+00:00,b93c8e09-cd22-486c-9931-3d67f8d5b8dc,17,2026-10-03T18:22:11.803393+00:00,2026-10-03T18:09:21.808534+00:00,769.994859,2026-10-03T18:22:11.840818+00:00,2026-10-03T18:22:11.936629+00:00,0.095811,2026-10-03T18:22:11.970070+00:00,2026-10-03T18:23:20.921585+00:00,68.951515,"{""auc"":0.9636320471763611,""loss"":0.23641109466552734,""epoch"":4,""phase"":""base"",""pr_auc"":0.9686570167541504,""recall"":0.8892879486083984,""val_auc"":0.9815238118171692,""accuracy"":0.909242570400238,""val_loss"":0.18451142311096191,""precision"":0.9269936084747314,""val_pr_auc"":0.9799734950065613,""val_recall"":0.8905660510063171,""phase_epoch"":4,""specificity"":0.9293670058250427,""val_accuracy"":0.9335314035415649,""learning_rate"":0.00009999999747378752,""val_precision"":0.9719933867454529,""val_specificity"":0.9751461988304093,""balanced_accuracy"":0.909327507019043,""recall_parasitized"":0.8892879486083984,""val_f2_parasitized"":0.9057414798894688,""val_balanced_accuracy"":0.9328561182831292,""val_n_pred_uninfected"":1479,""val_n_pred_parasitized"":1214,""val_pr_auc_parasitized"":0.981143838892153,""val_recall_parasitized"":0.8905660377358491,""val_prediction_collapse"":0,""val_roc_auc_parasitized"":0.9817108021626392,""val_early_stopping_score"":0.9057414798892212,""val_checkpoint_policy_score"":0.8905660377358491,""val_percent_pred_uninfected"":0.5492016338655774,""val_sensitivity_parasitized"":0.8905660377358491,""val_percent_pred_parasitized"":0.4507983661344226,""val_prediction_collapse_detected"":0}",0.9636320471763611,0.23641109466552734,4,base,0.9686570167541504,0.8892879486083984,0.9815238118171692,0.909242570400238,0.18451142311096191,0.9269936084747314,0.9799734950065613,0.8905660510063171,4,0.9293670058250427,0.9335314035415649,0.00009999999747378752,0.9719933867454529,0.9751461988304093,0.909327507019043,0.8892879486083984,0.9057414798894688,0.9328561182831292,1479,1214,0.981143838892153,0.8905660377358491,0,0.9817108021626392,0.9057414798892212,0.8905660377358491,0.5492016338655774,0.8905660377358491,0.4507983661344226,0
9a8fc142-4e16-4e80-b0b9-8cede55c3ec9,vgg16,adamw,Q06/Q11,train_execution_records,epoch,base,5,2026-10-03T18:34:31.212837+00:00,7aad1a7f-ac9f-4528-aa7f-2d1b3139eb51,22,2026-10-03T18:34:31.216651+00:00,2026-10-03T18:22:11.803393+00:00,739.413258,2026-10-03T18:34:31.251379+00:00,2026-10-03T18:34:31.348228+00:00,0.096849,2026-10-03T18:34:31.383898+00:00,2026-10-03T18:35:36.483378+00:00,65.09948,"{""auc"":0.9636862277984619,""loss"":0.2364300787448883,""epoch"":5,""phase"":""base"",""pr_auc"":0.9686744213104248,""recall"":0.8881206512451172,""val_auc"":0.9800245761871338,""accuracy"":0.9090622067451477,""val_loss"":0.23353295028209686,""precision"":0.9276871085166931,""val_pr_auc"":0.9799928069114685,""val_recall"":0.8362264037132263,""phase_epoch"":5,""specificity"":0.9301820397377014,""val_accuracy"":0.9108800888061523,""learning_rate"":0.00004999999873689376,""val_precision"":0.9796640276908875,""val_specificity"":0.9831871345029239,""balanced_accuracy"":0.9091513156890869,""recall_parasitized"":0.8881206512451172,""val_f2_parasitized"":0.8614523402270253,""val_balanced_accuracy"":0.9097067747986318,""val_n_pred_uninfected"":1562,""val_n_pred_parasitized"":1131,""val_pr_auc_parasitized"":0.9807897276860241,""val_recall_parasitized"":0.8362264150943396,""val_prediction_collapse"":0,""val_roc_auc_parasitized"":0.9803878406708595,""val_early_stopping_score"":0.8614523402268122,""val_checkpoint_policy_score"":0.8362264150943396,""val_percent_pred_uninfected"":0.5800222799851467,""val_sensitivity_parasitized"":0.8362264150943396,""val_percent_pred_parasitized"":0.41997772001485334,""val_prediction_collapse_detected"":0}",0.9636862277984619,0.2364300787448883,5,base,0.9686744213104248,0.8881206512451172,0.9800245761871338,0.9090622067451477,0.23353295028209686,0.9276871085166931,0.9799928069114685,0.8362264037132263,5,0.9301820397377014,0.9108800888061523,0.00004999999873689376,0.9796640276908875,0.9831871345029239,0.9091513156890869,0.8881206512451172,0.8614523402270253,0.9097067747986318,1562,1131,0.9807897276860241,0.8362264150943396,0,0.9803878406708595,0.8614523402268122,0.8362264150943396,0.5800222799851467,0.8362264150943396,0.41997772001485334,0
9a8fc142-4e16-4e80-b0b9-8cede55c3ec9,vgg16,adamw,Q06/Q11,train_execution_records,epoch,base,6,2026-10-03T18:46:46.021682+00:00,a5babc6f-7606-4106-a83b-75138c4e9fab,27,2026-10-03T18:46:46.025542+00:00,2026-10-03T18:34:31.216651+00:00,734.808891,2026-10-03T18:46:46.061516+00:00,2026-10-03T18:46:46.152572+00:00,0.091056,2026-10-03T18:46:46.184661+00:00,2026-10-03T18:47:52.279058+00:00,66.094397,"{""auc"":0.9668692946434021,""loss"":0.22461172938346863,""epoch"":6,""phase"":""base"",""pr_auc"":0.9710161089897156,""recall"":0.8909940123558044,""val_auc"":0.9808256030082703,""accuracy"":0.9120378494262695,""val_loss"":0.20398244261741638,""precision"":0.9308630228042603,""val_pr_auc"":0.9798518419265747,""val_recall"":0.8618867993354797,""phase_epoch"":6,""specificity"":0.9332609176635742,""val_accuracy"":0.922391414642334,""learning_rate"":0.00004999999873689376,""val_precision"":0.9777397513389587,""val_specificity"":0.9809941520467836,""balanced_accuracy"":0.9121274948120117,""recall_parasitized"":0.8909940123558044,""val_f2_parasitized"":0.8828076685219542,""val_balanced_accuracy"":0.9214404722498069,""val_n_pred_uninfected"":1525,""val_n_pred_parasitized"":1168,""val_pr_auc_parasitized"":0.9811333350901557,""val_recall_parasitized"":0.8618867924528302,""val_prediction_collapse"":0,""val_roc_auc_parasitized"":0.9809246386406266,""val_early_stopping_score"":0.8828076685217249,""val_checkpoint_policy_score"":0.8618867924528302,""val_percent_pred_uninfected"":0.5662829558113628,""val_sensitivity_parasitized"":0.8618867924528302,""val_percent_pred_parasitized"":0.4337170441886372,""val_prediction_collapse_detected"":0}",0.9668692946434021,0.22461172938346863,6,base,0.9710161089897156,0.8909940123558044,0.9808256030082703,0.9120378494262695,0.20398244261741638,0.9308630228042603,0.9798518419265747,0.8618867993354797,6,0.9332609176635742,0.922391414642334,0.00004999999873689376,0.9777397513389587,0.9809941520467836,0.9121274948120117,0.8909940123558044,0.8828076685219542,0.9214404722498069,1525,1168,0.9811333350901557,0.8618867924528302,0,0.9809246386406266,0.8828076685217249,0.8618867924528302,0.5662829558113628,0.8618867924528302,0.4337170441886372,0
9a8fc142-4e16-4e80-b0b9-8cede55c3ec9,vgg16,adamw,Q06/Q11,train_execution_records,epoch,base,7,2026-10-03T18:59:02.869569+00:00,565a469a-e28f-47d4-8774-ce8958a9ec5b,32,2026-10-03T18:59:02.874989+00:00,2026-10-03T18:46:46.025542+00:00,736.849447,2026-10-03T18:59:02.920754+00:00,2026-10-03T18:59:03.017385+00:00,0.096631,2026-10-03T18:59:03.050924+00:00,2026-10-03T19:00:08.152539+00:00,65.101615,"{""auc"":0.9682098031044006,""loss"":0.21956875920295715,""epoch"":7,""phase"":""base"",""pr_auc"":0.9728888273239136,""recall"":0.8962916135787964,""val_auc"":0.9819273352622986,""accuracy"":0.9164562821388245,""val_loss"":0.22238460183143616,""precision"":0.9346442222595215,""val_pr_auc"":0.9814745187759399,""val_recall"":0.843773603439331,""phase_epoch"":7,""specificity"":0.9367925524711609,""val_accuracy"":0.9145933985710144,""learning_rate"":0.00004999999873689376,""val_precision"":0.9798422455787659,""val_specificity"":0.9831871345029239,""balanced_accuracy"":0.9165420532226562,""recall_parasitized"":0.8962916135787964,""val_f2_parasitized"":0.8678776587486415,""val_balanced_accuracy"":0.9134803597042922,""val_n_pred_uninfected"":1552,""val_n_pred_parasitized"":1141,""val_pr_auc_parasitized"":0.9821161904624736,""val_recall_parasitized"":0.8437735849056603,""val_prediction_collapse"":0,""val_roc_auc_parasitized"":0.9822696678803928,""val_early_stopping_score"":0.8678776587484236,""val_checkpoint_policy_score"":0.8437735849056603,""val_percent_pred_uninfected"":0.5763089491273673,""val_sensitivity_parasitized"":0.8437735849056603,""val_percent_pred_parasitized"":0.42369105087263276,""val_prediction_collapse_detected"":0}",0.9682098031044006,0.21956875920295715,7,base,0.9728888273239136,0.8962916135787964,0.9819273352622986,0.9164562821388245,0.22238460183143616,0.9346442222595215,0.9814745187759399,0.843773603439331,7,0.9367925524711609,0.9145933985710144,0.00004999999873689376,0.9798422455787659,0.9831871345029239,0.9165420532226562,0.8962916135787964,0.8678776587486415,0.9134803597042922,1552,1141,0.9821161904624736,0.8437735849056603,0,0.9822696678803928,0.8678776587484236,0.8437735849056603,0.5763089491273673,0.8437735849056603,0.42369105087263276,0
9a8fc142-4e16-4e80-b0b9-8cede55c3ec9,vgg16,adamw,Q06/Q11,train_execution_records,epoch,base,8,2026-10-03T19:11:26.122237+00:00,92c19f75-b873-41f6-b6fe-c4e2b0c3780a,37,2026-10-03T19:11:26.126531+00:00,2026-10-03T18:59:02.874989+00:00,743.251542,2026-10-03T19:11:26.164510+00:00,2026-10-03T19:11:26.257202+00:00,0.092692,2026-10-03T19:11:26.290567+00:00,2026-10-03T19:12:33.855525+00:00,67.564958,"{""auc"":0.9688538312911987,""loss"":0.21673329174518585,""epoch"":8,""phase"":""base"",""pr_auc"":0.9729345440864563,""recall"":0.8982670307159424,""val_auc"":0.9826266169548035,""accuracy"":0.918394923210144,""val_loss"":0.21541756391525269,""precision"":0.9366164207458496,""val_pr_auc"":0.9819025993347168,""val_recall"":0.853584885597229,""phase_epoch"":8,""specificity"":0.938694179058075,""val_accuracy"":0.9190493822097778,""learning_rate"":0.00004999999873689376,""val_precision"":0.9792208075523376,""val_specificity"":0.9824561403508771,""balanced_accuracy"":0.918480634689331,""recall_parasitized"":0.8982670307159424,""val_f2_parasitized"":0.8760650658404338,""val_balanced_accuracy"":0.9180205230056273,""val_n_pred_uninfected"":1538,""val_n_pred_parasitized"":1155,""val_pr_auc_parasitized"":0.9825704875283415,""val_recall_parasitized"":0.8535849056603774,""val_prediction_collapse"":0,""val_roc_auc_parasitized"":0.9828246717422487,""val_early_stopping_score"":0.8760650658402096,""val_checkpoint_policy_score"":0.8535849056603774,""val_percent_pred_uninfected"":0.5711102859264761,""val_sensitivity_parasitized"":0.8535849056603774,""val_percent_pred_parasitized"":0.42888971407352394,""val_prediction_collapse_detected"":0}",0.9688538312911987,0.21673329174518585,8,base,0.9729345440864563,0.8982670307159424,0.9826266169548035,0.918394923210144,0.21541756391525269,0.9366164207458496,0.9819025993347168,0.853584885597229,8,0.938694179058075,0.9190493822097778,0.00004999999873689376,0.9792208075523376,0.9824561403508771,0.918480634689331,0.8982670307159424,0.8760650658404338,0.9180205230056273,1538,1155,0.9825704875283415,0.8535849056603774,0,0.9828246717422487,0.8760650658402096,0.8535849056603774,0.5711102859264761,0.8535849056603774,0.42888971407352394,0
9a8fc142-4e16-4e80-b0b9-8cede55c3ec9,vgg16,adamw,Q06/Q11,train_execution_records,epoch,base,9,2026-10-03T19:23:51.493134+00:00,46796780-4a76-4929-8a80-5362db2edc47,42,2026-10-03T19:23:51.497103+00:00,2026-10-03T19:11:26.126531+00:00,745.370572,2026-10-03T19:23:51.531979+00:00,2026-10-03T19:23:51.619711+00:00,0.087732,2026-10-03T19:23:51.651057+00:00,2026-10-03T19:24:56.454403+00:00,64.803346,"{""auc"":0.9688195586204529,""loss"":0.21819369494915009,""epoch"":9,""phase"":""base"",""pr_auc"":0.9727450609207153,""recall"":0.8980874419212341,""val_auc"":0.9825209975242615,""accuracy"":0.9172227382659912,""val_loss"":0.20260274410247803,""precision"":0.9345043301582336,""val_pr_auc"":0.9814414978027344,""val_recall"":0.8664150834083557,""phase_epoch"":9,""specificity"":0.9365208745002747,""val_accuracy"":0.9246193766593933,""learning_rate"":0.00002499999936844688,""val_precision"":0.9778534770011902,""val_specificity"":0.9809941520467836,""balanced_accuracy"":0.9173041582107544,""recall_parasitized"":0.8980874419212341,""val_f2_parasitized"":0.8866234167438987,""val_balanced_accuracy"":0.9237046231932031,""val_n_pred_uninfected"":1519,""val_n_pred_parasitized"":1174,""val_pr_auc_parasitized"":0.9826451801460924,""val_recall_parasitized"":0.8664150943396226,""val_prediction_collapse"":0,""val_roc_auc_parasitized"":0.9829151495089926,""val_early_stopping_score"":0.8866234167436664,""val_checkpoint_policy_score"":0.8664150943396226,""val_percent_pred_uninfected"":0.5640549572966951,""val_sensitivity_parasitized"":0.8664150943396226,""val_percent_pred_parasitized"":0.43594504270330486,""val_prediction_collapse_detected"":0}",0.9688195586204529,0.21819369494915009,9,base,0.9727450609207153,0.8980874419212341,0.9825209975242615,0.9172227382659912,0.20260274410247803,0.9345043301582336,0.9814414978027344,0.8664150834083557,9,0.9365208745002747,0.9246193766593933,0.00002499999936844688,0.9778534770011902,0.9809941520467836,0.9173041582107544,0.8980874419212341,0.8866234167438987,0.9237046231932031,1519,1174,0.9826451801460924,0.8664150943396226,0,0.9829151495089926,0.8866234167436664,0.8664150943396226,0.5640549572966951,0.8664150943396226,0.43594504270330486,0
9a8fc142-4e16-4e80-b0b9-8cede55c3ec9,vgg16,adamw,Q06/Q11,train_execution_records,epoch,base,10,2026-10-03T19:35:55.742882+00:00,8060deb2-83aa-4f2c-b4d2-0dddb4ef4aae,47,2026-10-03T19:35:55.747403+00:00,2026-10-03T19:23:51.497103+00:00,724.2503,2026-10-03T19:35:55.787859+00:00,2026-10-03T19:35:55.880207+00:00,0.092348,2026-10-03T19:35:55.912620+00:00,2026-10-03T19:37:00.120004+00:00,64.207384,"{""auc"":0.9687756896018982,""loss"":0.2170376479625702,""epoch"":10,""phase"":""base"",""pr_auc"":0.972892701625824,""recall"":0.8959324955940247,""val_auc"":0.9832851886749268,""accuracy"":0.9163661003112793,""val_loss"":0.1883707493543625,""precision"":0.9347948431968689,""val_pr_auc"":0.9824981689453125,""val_recall"":0.8792452812194824,""phase_epoch"":10,""specificity"":0.9369736313819885,""val_accuracy"":0.928704023361206,""learning_rate"":0.00002499999936844688,""val_precision"":0.9732664823532104,""val_specificity"":0.9766081871345029,""balanced_accuracy"":0.9164530634880066,""recall_parasitized"":0.8959324955940247,""val_f2_parasitized"":0.8965676466061259,""val_balanced_accuracy"":0.9279267350766854,""val_n_pred_uninfected"":1496,""val_n_pred_parasitized"":1197,""val_pr_auc_parasitized"":0.9827792589670965,""val_recall_parasitized"":0.879245283018868,""val_prediction_collapse"":0,""val_roc_auc_parasitized"":0.9833399536577292,""val_early_stopping_score"":0.8965676466058856,""val_checkpoint_policy_score"":0.879245283018868,""val_percent_pred_uninfected"":0.5555142963238024,""val_sensitivity_parasitized"":0.879245283018868,""val_percent_pred_parasitized"":0.44448570367619755,""val_prediction_collapse_detected"":0}",0.9687756896018982,0.2170376479625702,10,base,0.972892701625824,0.8959324955940247,0.9832851886749268,0.9163661003112793,0.1883707493543625,0.9347948431968689,0.9824981689453125,0.8792452812194824,10,0.9369736313819885,0.928704023361206,0.00002499999936844688,0.9732664823532104,0.9766081871345029,0.9164530634880066,0.8959324955940247,0.8965676466061259,0.9279267350766854,1496,1197,0.9827792589670965,0.879245283018868,0,0.9833399536577292,0.8965676466058856,0.879245283018868,0.5555142963238024,0.879245283018868,0.44448570367619755,0
9a8fc142-4e16-4e80-b0b9-8cede55c3ec9,vgg16,adamw,Q06/Q11,train_execution_records,epoch,base,11,2026-10-03T19:47:56.959954+00:00,20ba865d-8d11-4d38-b979-3a7b91e7eebc,52,2026-10-03T19:47:56.963197+00:00,2026-10-03T19:35:55.747403+00:00,721.215794,2026-10-03T19:47:57.000069+00:00,2026-10-03T19:47:57.091723+00:00,0.091654,2026-10-03T19:47:57.123778+00:00,2026-10-03T19:49:01.327135+00:00,64.203357,"{""auc"":0.9701480865478516,""loss"":0.21274647116661072,""epoch"":11,""phase"":""base"",""pr_auc"":0.9738929271697998,""recall"":0.8988057971000671,""val_auc"":0.9831495881080627,""accuracy"":0.9178539514541626,""val_loss"":0.19444751739501953,""precision"":0.9350770711898804,""val_pr_auc"":0.9816170334815979,""val_recall"":0.8747169971466064,""phase_epoch"":11,""specificity"":0.9370642304420471,""val_accuracy"":0.9279614090919495,""learning_rate"":0.00002499999936844688,""val_precision"":0.9764111042022705,""val_specificity"":0.97953216374269,""balanced_accuracy"":0.9179350137710571,""recall_parasitized"":0.8988057971000671,""val_f2_parasitized"":0.8933251117619855,""val_balanced_accuracy"":0.9271245724373828,""val_n_pred_uninfected"":1506,""val_n_pred_parasitized"":1187,""val_pr_auc_parasitized"":0.9826864748760454,""val_recall_parasitized"":0.8747169811320755,""val_prediction_collapse"":0,""val_roc_auc_parasitized"":0.9833151274412446,""val_early_stopping_score"":0.8933251117617479,""val_checkpoint_policy_score"":0.8747169811320755,""val_percent_pred_uninfected"":0.5592276271815819,""val_sensitivity_parasitized"":0.8747169811320755,""val_percent_pred_parasitized"":0.44077237281841813,""val_prediction_collapse_detected"":0}",0.9701480865478516,0.21274647116661072,11,base,0.9738929271697998,0.8988057971000671,0.9831495881080627,0.9178539514541626,0.19444751739501953,0.9350770711898804,0.9816170334815979,0.8747169971466064,11,0.9370642304420471,0.9279614090919495,0.00002499999936844688,0.9764111042022705,0.97953216374269,0.9179350137710571,0.8988057971000671,0.8933251117619855,0.9271245724373828,1506,1187,0.9826864748760454,0.8747169811320755,0,0.9833151274412446,0.8933251117617479,0.8747169811320755,0.5592276271815819,0.8747169811320755,0.44077237281841813,0
9a8fc142-4e16-4e80-b0b9-8cede55c3ec9,vgg16,adamw,Q06/Q11,train_execution_records,epoch,base,12,2026-10-03T19:59:58.478269+00:00,a219fd8d-1f26-437e-b569-322994a9ff4f,57,2026-10-03T19:59:58.484327+00:00,2026-10-03T19:47:56.963197+00:00,721.52113,2026-10-03T19:59:58.520850+00:00,2026-10-03T19:59:58.611603+00:00,0.090753,2026-10-03T19:59:58.644418+00:00,2026-10-03T20:01:02.875532+00:00,64.231114,"{""auc"":0.9706938862800598,""loss"":0.21127909421920776,""epoch"":12,""phase"":""base"",""pr_auc"":0.9740659594535828,""recall"":0.8991649746894836,""val_auc"":0.9826422929763794,""accuracy"":0.9191613793373108,""val_loss"":0.19578225910663605,""precision"":0.9372894167900085,""val_pr_auc"":0.9810946583747864,""val_recall"":0.8747169971466064,""phase_epoch"":12,""specificity"":0.9393280744552612,""val_accuracy"":0.9275900721549988,""learning_rate"":0.00002499999936844688,""val_precision"":0.9755892157554626,""val_specificity"":0.9788011695906432,""balanced_accuracy"":0.9192465543746948,""recall_parasitized"":0.8991649746894836,""val_f2_parasitized"":0.8931874229346486,""val_balanced_accuracy"":0.9267590753613594,""val_n_pred_uninfected"":1505,""val_n_pred_parasitized"":1188,""val_pr_auc_parasitized"":0.9820842954238388,""val_recall_parasitized"":0.8747169811320755,""val_prediction_collapse"":0,""val_roc_auc_parasitized"":0.98272591857001,""val_early_stopping_score"":0.893187422934411,""val_checkpoint_policy_score"":0.8747169811320755,""val_percent_pred_uninfected"":0.558856294095804,""val_sensitivity_parasitized"":0.8747169811320755,""val_percent_pred_parasitized"":0.44114370590419605,""val_prediction_collapse_detected"":0}",0.9706938862800598,0.21127909421920776,12,base,0.9740659594535828,0.8991649746894836,0.9826422929763794,0.9191613793373108,0.19578225910663605,0.9372894167900085,0.9810946583747864,0.8747169971466064,12,0.9393280744552612,0.9275900721549988,0.00002499999936844688,0.9755892157554626,0.9788011695906432,0.9192465543746948,0.8991649746894836,0.8931874229346486,0.9267590753613594,1505,1188,0.9820842954238388,0.8747169811320755,0,0.98272591857001,0.893187422934411,0.8747169811320755,0.558856294095804,0.8747169811320755,0.44114370590419605,0
9a8fc142-4e16-4e80-b0b9-8cede55c3ec9,vgg16,adamw,Q06/Q11,train_execution_records,epoch,base,13,2026-10-03T20:12:08.529616+00:00,632bbd71-21ef-41b7-8873-0f253e277089,62,2026-10-03T20:12:08.533682+00:00,2026-10-03T19:59:58.484327+00:00,730.049355,2026-10-03T20:12:08.571021+00:00,2026-10-03T20:12:08.660265+00:00,0.089244,2026-10-03T20:12:08.691764+00:00,2026-10-03T20:13:13.086497+00:00,64.394733,"{""auc"":0.9707708358764648,""loss"":0.21047767996788025,""epoch"":13,""phase"":""base"",""pr_auc"":0.9749228954315186,""recall"":0.9006016254425049,""val_auc"":0.98235684633255,""accuracy"":0.9196573495864868,""val_loss"":0.2047402411699295,""precision"":0.936945378780365,""val_pr_auc"":0.9810829758644104,""val_recall"":0.8679245114326477,""phase_epoch"":13,""specificity"":0.9388753175735474,""val_accuracy"":0.9257333874702454,""learning_rate"":0.00001249999968422344,""val_precision"":0.978723406791687,""val_specificity"":0.9817251461988304,""balanced_accuracy"":0.9197384715080261,""recall_parasitized"":0.9006016254425049,""val_f2_parasitized"":0.888030888030888,""val_balanced_accuracy"":0.9248248372503587,""val_n_pred_uninfected"":1518,""val_n_pred_parasitized"":1175,""val_pr_auc_parasitized"":0.982161874138981,""val_recall_parasitized"":0.8679245283018868,""val_prediction_collapse"":0,""val_roc_auc_parasitized"":0.9827325388944058,""val_early_stopping_score"":0.8880308880306546,""val_checkpoint_policy_score"":0.8679245283018868,""val_percent_pred_uninfected"":0.5636836242109172,""val_sensitivity_parasitized"":0.8679245283018868,""val_percent_pred_parasitized"":0.43631637578908283,""val_prediction_collapse_detected"":0}",0.9707708358764648,0.21047767996788025,13,base,0.9749228954315186,0.9006016254425049,0.98235684633255,0.9196573495864868,0.2047402411699295,0.936945378780365,0.9810829758644104,0.8679245114326477,13,0.9388753175735474,0.9257333874702454,0.00001249999968422344,0.978723406791687,0.9817251461988304,0.9197384715080261,0.9006016254425049,0.888030888030888,0.9248248372503587,1518,1175,0.982161874138981,0.8679245283018868,0,0.9827325388944058,0.8880308880306546,0.8679245283018868,0.5636836242109172,0.8679245283018868,0.43631637578908283,0
9a8fc142-4e16-4e80-b0b9-8cede55c3ec9,vgg16,adamw,Q06/Q11,train_execution_records,epoch,fine_tuning,1,2026-10-03T20:25:42.884713+00:00,a43a90ca-040e-466d-9caf-8b1b5485f9b9,69,2026-10-03T20:25:42.888243+00:00,2026-10-03T20:13:13.183309+00:00,749.704934,2026-10-03T20:25:42.923934+00:00,2026-10-03T20:25:43.044721+00:00,0.120787,2026-10-03T20:25:43.077782+00:00,2026-10-03T20:26:47.366840+00:00,64.289058,"{""auc"":0.9704443216323853,""loss"":0.20995186269283295,""epoch"":14,""phase"":""fine_tuning"",""pr_auc"":0.9736881852149963,""recall"":0.8988057971000671,""val_auc"":0.9863166213035583,""accuracy"":0.9238502979278564,""val_loss"":0.14725804328918457,""precision"":0.9468407034873962,""val_pr_auc"":0.9863532781600952,""val_recall"":0.9245283007621765,""phase_epoch"":1,""specificity"":0.9491080045700073,""val_accuracy"":0.9498700499534607,""learning_rate"":0.000009999999747378752,""val_precision"":0.9722222089767456,""val_specificity"":0.9744152046783626,""balanced_accuracy"":0.9239568710327148,""recall_parasitized"":0.8988057971000671,""val_f2_parasitized"":0.9336890243902439,""val_balanced_accuracy"":0.9494717532825776,""val_n_pred_uninfected"":1433,""val_n_pred_parasitized"":1260,""val_pr_auc_parasitized"":0.9868784762164697,""val_recall_parasitized"":0.9245283018867925,""val_prediction_collapse"":0,""val_roc_auc_parasitized"":0.9863615800507559,""val_early_stopping_score"":0.9336890243899726,""val_checkpoint_policy_score"":0.9245283018867925,""val_percent_pred_uninfected"":0.532120311919792,""val_sensitivity_parasitized"":0.9245283018867925,""val_percent_pred_parasitized"":0.46787968808020797,""val_prediction_collapse_detected"":0}",0.9704443216323853,0.20995186269283295,14,fine_tuning,0.9736881852149963,0.8988057971000671,0.9863166213035583,0.9238502979278564,0.14725804328918457,0.9468407034873962,0.9863532781600952,0.9245283007621765,1,0.9491080045700073,0.9498700499534607,0.000009999999747378752,0.9722222089767456,0.9744152046783626,0.9239568710327148,0.8988057971000671,0.9336890243902439,0.9494717532825776,1433,1260,0.9868784762164697,0.9245283018867925,0,0.9863615800507559,0.9336890243899726,0.9245283018867925,0.532120311919792,0.9245283018867925,0.46787968808020797,0
9a8fc142-4e16-4e80-b0b9-8cede55c3ec9,vgg16,adamw,Q06/Q11,train_execution_records,epoch,fine_tuning,2,2026-10-03T20:39:09.122658+00:00,368d69fb-59be-4083-94b6-3be29fdba482,74,2026-10-03T20:39:09.127032+00:00,2026-10-03T20:25:42.888243+00:00,806.238789,2026-10-03T20:39:09.160572+00:00,2026-10-03T20:39:09.285026+00:00,0.124454,2026-10-03T20:39:09.317579+00:00,2026-10-03T20:40:13.594209+00:00,64.27663,"{""auc"":0.9777503609657288,""loss"":0.17828789353370667,""epoch"":15,""phase"":""fine_tuning"",""pr_auc"":0.9798795580863953,""recall"":0.9096704721450806,""val_auc"":0.9880064725875854,""accuracy"":0.9364743232727051,""val_loss"":0.13944998383522034,""precision"":0.9617429375648499,""val_pr_auc"":0.9885450601577759,""val_recall"":0.9343396425247192,""phase_epoch"":2,""specificity"":0.963506281375885,""val_accuracy"":0.9524693489074707,""learning_rate"":0.000009999999747378752,""val_precision"":0.9679437279701233,""val_specificity"":0.9700292397660819,""balanced_accuracy"":0.9365884065628052,""recall_parasitized"":0.9096704721450806,""val_f2_parasitized"":0.9408724730202158,""val_balanced_accuracy"":0.9521844312037957,""val_n_pred_uninfected"":1414,""val_n_pred_parasitized"":1279,""val_pr_auc_parasitized"":0.9888101854085848,""val_recall_parasitized"":0.9343396226415094,""val_prediction_collapse"":0,""val_roc_auc_parasitized"":0.9879896281584465,""val_early_stopping_score"":0.9408724730199381,""val_checkpoint_policy_score"":0.9343396226415094,""val_percent_pred_uninfected"":0.5250649832900112,""val_sensitivity_parasitized"":0.9343396226415094,""val_percent_pred_parasitized"":0.47493501670998883,""val_prediction_collapse_detected"":0}",0.9777503609657288,0.17828789353370667,15,fine_tuning,0.9798795580863953,0.9096704721450806,0.9880064725875854,0.9364743232727051,0.13944998383522034,0.9617429375648499,0.9885450601577759,0.9343396425247192,2,0.963506281375885,0.9524693489074707,0.000009999999747378752,0.9679437279701233,0.9700292397660819,0.9365884065628052,0.9096704721450806,0.9408724730202158,0.9521844312037957,1414,1279,0.9888101854085848,0.9343396226415094,0,0.9879896281584465,0.9408724730199381,0.9343396226415094,0.5250649832900112,0.9343396226415094,0.47493501670998883,0
9a8fc142-4e16-4e80-b0b9-8cede55c3ec9,vgg16,adamw,Q06/Q11,train_execution_records,epoch,fine_tuning,3,2026-10-03T20:52:35.438274+00:00,d0c9bd06-c8fd-4b4c-b0e1-aeba19584fdf,79,2026-10-03T20:52:35.442333+00:00,2026-10-03T20:39:09.127032+00:00,806.315301,2026-10-03T20:52:35.480463+00:00,2026-10-03T20:52:35.608776+00:00,0.128313,2026-10-03T20:52:35.643004+00:00,2026-10-03T20:53:39.891295+00:00,64.248291,"{""auc"":0.9812688231468201,""loss"":0.16461914777755737,""epoch"":16,""phase"":""fine_tuning"",""pr_auc"":0.9840017557144165,""recall"":0.9158660173416138,""val_auc"":0.9876964688301086,""accuracy"":0.9401713013648987,""val_loss"":0.14546671509742737,""precision"":0.9631727933883667,""val_pr_auc"":0.988146960735321,""val_recall"":0.9079245328903198,""phase_epoch"":3,""specificity"":0.9646835327148438,""val_accuracy"":0.9461566805839539,""learning_rate"":0.000009999999747378752,""val_precision"":0.9812397956848145,""val_specificity"":0.9831871345029239,""balanced_accuracy"":0.9402747750282288,""recall_parasitized"":0.9158660173416138,""val_f2_parasitized"":0.9216978240882623,""val_balanced_accuracy"":0.9455558314024053,""val_n_pred_uninfected"":1467,""val_n_pred_parasitized"":1226,""val_pr_auc_parasitized"":0.9888307006711659,""val_recall_parasitized"":0.9079245283018867,""val_prediction_collapse"":0,""val_roc_auc_parasitized"":0.9879322520136821,""val_early_stopping_score"":0.9216978240880013,""val_checkpoint_policy_score"":0.9079245283018867,""val_percent_pred_uninfected"":0.5447456368362421,""val_sensitivity_parasitized"":0.9079245283018867,""val_percent_pred_parasitized"":0.4552543631637579,""val_prediction_collapse_detected"":0}",0.9812688231468201,0.16461914777755737,16,fine_tuning,0.9840017557144165,0.9158660173416138,0.9876964688301086,0.9401713013648987,0.14546671509742737,0.9631727933883667,0.988146960735321,0.9079245328903198,3,0.9646835327148438,0.9461566805839539,0.000009999999747378752,0.9812397956848145,0.9831871345029239,0.9402747750282288,0.9158660173416138,0.9216978240882623,0.9455558314024053,1467,1226,0.9888307006711659,0.9079245283018867,0,0.9879322520136821,0.9216978240880013,0.9079245283018867,0.5447456368362421,0.9079245283018867,0.4552543631637579,0
9a8fc142-4e16-4e80-b0b9-8cede55c3ec9,vgg16,adamw,Q06/Q11,train_execution_records,epoch,fine_tuning,4,2026-10-03T21:06:00.948804+00:00,44e27c32-6561-4656-86f7-aa5d896e9d95,84,2026-10-03T21:06:00.952232+00:00,2026-10-03T20:52:35.442333+00:00,805.509899,2026-10-03T21:06:00.989176+00:00,2026-10-03T21:06:01.119042+00:00,0.129866,2026-10-03T21:06:01.151900+00:00,2026-10-03T21:07:05.438300+00:00,64.2864,"{""auc"":0.9829199910163879,""loss"":0.15676210820674896,""epoch"":17,""phase"":""fine_tuning"",""pr_auc"":0.984766960144043,""recall"":0.9199963808059692,""val_auc"":0.9860191941261292,""accuracy"":0.9417042136192322,""val_loss"":0.1563422828912735,""precision"":0.9622464179992676,""val_pr_auc"":0.9877524375915527,""val_recall"":0.8966037631034851,""phase_epoch"":4,""specificity"":0.9635968208312988,""val_accuracy"":0.9409580230712891,""learning_rate"":0.000009999999747378752,""val_precision"":0.9818181991577148,""val_specificity"":0.9839181286549707,""balanced_accuracy"":0.941796600818634,""recall_parasitized"":0.9199963808059692,""val_f2_parasitized"":0.9124423963133641,""val_balanced_accuracy"":0.9402609511199382,""val_n_pred_uninfected"":1483,""val_n_pred_parasitized"":1210,""val_pr_auc_parasitized"":0.9877942307839276,""val_recall_parasitized"":0.8966037735849056,""val_prediction_collapse"":0,""val_roc_auc_parasitized"":0.9861386957960939,""val_early_stopping_score"":0.9124423963131107,""val_checkpoint_policy_score"":0.8966037735849056,""val_percent_pred_uninfected"":0.5506869662086892,""val_sensitivity_parasitized"":0.8966037735849056,""val_percent_pred_parasitized"":0.4493130337913108,""val_prediction_collapse_detected"":0}",0.9829199910163879,0.15676210820674896,17,fine_tuning,0.984766960144043,0.9199963808059692,0.9860191941261292,0.9417042136192322,0.1563422828912735,0.9622464179992676,0.9877524375915527,0.8966037631034851,4,0.9635968208312988,0.9409580230712891,0.000009999999747378752,0.9818181991577148,0.9839181286549707,0.941796600818634,0.9199963808059692,0.9124423963133641,0.9402609511199382,1483,1210,0.9877942307839276,0.8966037735849056,0,0.9861386957960939,0.9124423963131107,0.8966037735849056,0.5506869662086892,0.8966037735849056,0.4493130337913108,0
9a8fc142-4e16-4e80-b0b9-8cede55c3ec9,vgg16,adamw,Q06/Q11,train_execution_records,epoch,fine_tuning,5,2026-10-03T21:19:25.742991+00:00,4edf4bb2-b088-4cb2-b291-210828f8ed27,89,2026-10-03T21:19:25.746980+00:00,2026-10-03T21:06:00.952232+00:00,804.794748,2026-10-03T21:19:25.782851+00:00,2026-10-03T21:19:25.906181+00:00,0.12333,2026-10-03T21:19:25.938770+00:00,2026-10-03T21:20:30.186019+00:00,64.247249,"{""auc"":0.9844302535057068,""loss"":0.14775830507278442,""epoch"":18,""phase"":""fine_tuning"",""pr_auc"":0.9863344430923462,""recall"":0.9261919856071472,""val_auc"":0.9878232479095459,""accuracy"":0.9472497701644897,""val_loss"":0.14590919017791748,""precision"":0.9673637747764587,""val_pr_auc"":0.9893856048583984,""val_recall"":0.9033962488174438,""phase_epoch"":5,""specificity"":0.9684868454933167,""val_accuracy"":0.9446713924407959,""learning_rate"":0.000009999999747378752,""val_precision"":0.982758641242981,""val_specificity"":0.9846491228070176,""balanced_accuracy"":0.9473394155502319,""recall_parasitized"":0.9261919856071472,""val_f2_parasitized"":0.9182264498312366,""val_balanced_accuracy"":0.9440226746110559,""val_n_pred_uninfected"":1475,""val_n_pred_parasitized"":1218,""val_pr_auc_parasitized"":0.9894178842992194,""val_recall_parasitized"":0.9033962264150943,""val_prediction_collapse"":0,""val_roc_auc_parasitized"":0.9878511530398323,""val_early_stopping_score"":0.9182264498309786,""val_checkpoint_policy_score"":0.9033962264150943,""val_percent_pred_uninfected"":0.5477163015224656,""val_sensitivity_parasitized"":0.9033962264150943,""val_percent_pred_parasitized"":0.45228369847753436,""val_prediction_collapse_detected"":0}",0.9844302535057068,0.14775830507278442,18,fine_tuning,0.9863344430923462,0.9261919856071472,0.9878232479095459,0.9472497701644897,0.14590919017791748,0.9673637747764587,0.9893856048583984,0.9033962488174438,5,0.9684868454933167,0.9446713924407959,0.000009999999747378752,0.982758641242981,0.9846491228070176,0.9473394155502319,0.9261919856071472,0.9182264498312366,0.9440226746110559,1475,1218,0.9894178842992194,0.9033962264150943,0,0.9878511530398323,0.9182264498309786,0.9033962264150943,0.5477163015224656,0.9033962264150943,0.45228369847753436,0
9a8fc142-4e16-4e80-b0b9-8cede55c3ec9,vgg16,adamw,Q06/Q11,train_execution_records,epoch,fine_tuning,6,2026-10-03T21:32:50.392539+00:00,266d53ce-6d20-4fd9-acc2-f8c80f84ae1a,94,2026-10-03T21:32:50.397483+00:00,2026-10-03T21:19:25.746980+00:00,804.650503,2026-10-03T21:32:50.433580+00:00,2026-10-03T21:32:50.556687+00:00,0.123107,2026-10-03T21:32:50.591411+00:00,2026-10-03T21:33:54.769508+00:00,64.178097,"{""auc"":0.9853429198265076,""loss"":0.14402884244918823,""epoch"":19,""phase"":""fine_tuning"",""pr_auc"":0.9866892695426941,""recall"":0.9275388121604919,""val_auc"":0.9870848655700684,""accuracy"":0.9476555585861206,""val_loss"":0.16672269999980927,""precision"":0.9668663144111633,""val_pr_auc"":0.9888744354248047,""val_recall"":0.8883019089698792,""phase_epoch"":6,""specificity"":0.9679434895515442,""val_accuracy"":0.938358724117279,""learning_rate"":0.000004999999873689376,""val_precision"":0.9849372506141663,""val_specificity"":0.9868421052631579,""balanced_accuracy"":0.9477411508560181,""recall_parasitized"":0.9275388121604919,""val_f2_parasitized"":0.9060816012317167,""val_balanced_accuracy"":0.9375719960278053,""val_n_pred_uninfected"":1498,""val_n_pred_parasitized"":1195,""val_pr_auc_parasitized"":0.9889392371434518,""val_recall_parasitized"":0.8883018867924528,""val_prediction_collapse"":0,""val_roc_auc_parasitized"":0.9872277391592189,""val_early_stopping_score"":0.9060816012314686,""val_checkpoint_policy_score"":0.8883018867924528,""val_percent_pred_uninfected"":0.5562569624953584,""val_sensitivity_parasitized"":0.8883018867924528,""val_percent_pred_parasitized"":0.44374303750464167,""val_prediction_collapse_detected"":0}",0.9853429198265076,0.14402884244918823,19,fine_tuning,0.9866892695426941,0.9275388121604919,0.9870848655700684,0.9476555585861206,0.16672269999980927,0.9668663144111633,0.9888744354248047,0.8883019089698792,6,0.9679434895515442,0.938358724117279,0.000004999999873689376,0.9849372506141663,0.9868421052631579,0.9477411508560181,0.9275388121604919,0.9060816012317167,0.9375719960278053,1498,1195,0.9889392371434518,0.8883018867924528,0,0.9872277391592189,0.9060816012314686,0.8883018867924528,0.5562569624953584,0.8883018867924528,0.44374303750464167,0
9a8fc142-4e16-4e80-b0b9-8cede55c3ec9,vgg16,adamw,Q06/Q11,train_execution_records,epoch,fine_tuning,7,2026-10-03T21:46:14.794298+00:00,27bc95c8-190a-41f3-831b-0a00b5b96208,99,2026-10-03T21:46:14.798199+00:00,2026-10-03T21:32:50.397483+00:00,804.400716,2026-10-03T21:46:14.834819+00:00,2026-10-03T21:46:14.960696+00:00,0.125877,2026-10-03T21:46:14.993641+00:00,2026-10-03T21:47:19.153012+00:00,64.159371,"{""auc"":0.9852665066719055,""loss"":0.1437145620584488,""epoch"":20,""phase"":""fine_tuning"",""pr_auc"":0.9870755672454834,""recall"":0.9251145124435425,""val_auc"":0.9898532629013062,""accuracy"":0.9465283751487732,""val_loss"":0.13343872129917145,""precision"":0.9669638872146606,""val_pr_auc"":0.9909282922744751,""val_recall"":0.9154716730117798,""phase_epoch"":7,""specificity"":0.9681246280670166,""val_accuracy"":0.9506127238273621,""learning_rate"":0.000004999999873689376,""val_precision"":0.9829821586608887,""val_specificity"":0.9846491228070176,""balanced_accuracy"":0.9466195702552795,""recall_parasitized"":0.9251145124435425,""val_f2_parasitized"":0.9282216100397919,""val_balanced_accuracy"":0.9500604104601125,""val_n_pred_uninfected"":1459,""val_n_pred_parasitized"":1234,""val_pr_auc_parasitized"":0.990952285942521,""val_recall_parasitized"":0.9154716981132075,""val_prediction_collapse"":0,""val_roc_auc_parasitized"":0.9899172459450514,""val_early_stopping_score"":0.9282216100395253,""val_checkpoint_policy_score"":0.9154716981132075,""val_percent_pred_uninfected"":0.5417749721500186,""val_sensitivity_parasitized"":0.9154716981132075,""val_percent_pred_parasitized"":0.4582250278499814,""val_prediction_collapse_detected"":0}",0.9852665066719055,0.1437145620584488,20,fine_tuning,0.9870755672454834,0.9251145124435425,0.9898532629013062,0.9465283751487732,0.13343872129917145,0.9669638872146606,0.9909282922744751,0.9154716730117798,7,0.9681246280670166,0.9506127238273621,0.000004999999873689376,0.9829821586608887,0.9846491228070176,0.9466195702552795,0.9251145124435425,0.9282216100397919,0.9500604104601125,1459,1234,0.990952285942521,0.9154716981132075,0,0.9899172459450514,0.9282216100395253,0.9154716981132075,0.5417749721500186,0.9154716981132075,0.4582250278499814,0
9a8fc142-4e16-4e80-b0b9-8cede55c3ec9,vgg16,adamw,Q06/Q11,train_execution_records,epoch,fine_tuning,8,2026-10-03T21:59:38.836483+00:00,55cd791b-8225-4a71-acbf-d0281928c368,104,2026-10-03T21:59:38.839917+00:00,2026-10-03T21:46:14.798199+00:00,804.041718,2026-10-03T21:59:38.877903+00:00,2026-10-03T21:59:39.004143+00:00,0.12624,2026-10-03T21:59:39.038560+00:00,2026-10-03T22:00:43.260887+00:00,64.222327,"{""auc"":0.9863670468330383,""loss"":0.14002178609371185,""epoch"":21,""phase"":""fine_tuning"",""pr_auc"":0.9879552125930786,""recall"":0.9300529956817627,""val_auc"":0.9883250594139099,""accuracy"":0.9483768939971924,""val_loss"":0.1559252291917801,""precision"":0.9658709168434143,""val_pr_auc"":0.9896828532218933,""val_recall"":0.8890566229820251,""phase_epoch"":8,""specificity"":0.966856837272644,""val_accuracy"":0.9391013979911804,""learning_rate"":0.000004999999873689376,""val_precision"":0.985774040222168,""val_specificity"":0.9875730994152047,""balanced_accuracy"":0.9484549164772034,""recall_parasitized"":0.9300529956817627,""val_f2_parasitized"":0.9068514241724404,""val_balanced_accuracy"":0.9383148515943948,""val_n_pred_uninfected"":1498,""val_n_pred_parasitized"":1195,""val_pr_auc_parasitized"":0.9897310594723062,""val_recall_parasitized"":0.8890566037735849,""val_prediction_collapse"":0,""val_roc_auc_parasitized"":0.9884265695685756,""val_early_stopping_score"":0.9068514241721918,""val_checkpoint_policy_score"":0.8890566037735849,""val_percent_pred_uninfected"":0.5562569624953584,""val_sensitivity_parasitized"":0.8890566037735849,""val_percent_pred_parasitized"":0.44374303750464167,""val_prediction_collapse_detected"":0}",0.9863670468330383,0.14002178609371185,21,fine_tuning,0.9879552125930786,0.9300529956817627,0.9883250594139099,0.9483768939971924,0.1559252291917801,0.9658709168434143,0.9896828532218933,0.8890566229820251,8,0.966856837272644,0.9391013979911804,0.000004999999873689376,0.985774040222168,0.9875730994152047,0.9484549164772034,0.9300529956817627,0.9068514241724404,0.9383148515943948,1498,1195,0.9897310594723062,0.8890566037735849,0,0.9884265695685756,0.9068514241721918,0.8890566037735849,0.5562569624953584,0.8890566037735849,0.44374303750464167,0
9a8fc142-4e16-4e80-b0b9-8cede55c3ec9,vgg16,adamw,Q06/Q11,train_execution_records,epoch,fine_tuning,9,2026-10-03T22:13:02.387202+00:00,3c66c26a-a99f-47ef-beb8-87431021168e,109,2026-10-03T22:13:02.391380+00:00,2026-10-03T21:59:38.839917+00:00,803.551463,2026-10-03T22:13:02.429022+00:00,2026-10-03T22:13:02.560168+00:00,0.131146,2026-10-03T22:13:02.593190+00:00,2026-10-03T22:14:06.764078+00:00,64.170888,"{""auc"":0.9867444634437561,""loss"":0.13508564233779907,""epoch"":22,""phase"":""fine_tuning"",""pr_auc"":0.9885104894638062,""recall"":0.9322079420089722,""val_auc"":0.9884980916976929,""accuracy"":0.9506312012672424,""val_loss"":0.15241356194019318,""precision"":0.9682894945144653,""val_pr_auc"":0.9900124073028564,""val_recall"":0.8981131911277771,""phase_epoch"":9,""specificity"":0.9692112803459167,""val_accuracy"":0.9431860446929932,""learning_rate"":0.000004999999873689376,""val_precision"":0.9850993156433105,""val_specificity"":0.9868421052631579,""balanced_accuracy"":0.9507095813751221,""recall_parasitized"":0.9322079420089722,""val_f2_parasitized"":0.9142593730792871,""val_balanced_accuracy"":0.9424776564051638,""val_n_pred_uninfected"":1485,""val_n_pred_parasitized"":1208,""val_pr_auc_parasitized"":0.9900395850811238,""val_recall_parasitized"":0.8981132075471698,""val_prediction_collapse"":0,""val_roc_auc_parasitized"":0.9886058700209645,""val_early_stopping_score"":0.9142593730790323,""val_checkpoint_policy_score"":0.8981132075471698,""val_percent_pred_uninfected"":0.5514296323802451,""val_sensitivity_parasitized"":0.8981132075471698,""val_percent_pred_parasitized"":0.44857036761975494,""val_prediction_collapse_detected"":0}",0.9867444634437561,0.13508564233779907,22,fine_tuning,0.9885104894638062,0.9322079420089722,0.9884980916976929,0.9506312012672424,0.15241356194019318,0.9682894945144653,0.9900124073028564,0.8981131911277771,9,0.9692112803459167,0.9431860446929932,0.000004999999873689376,0.9850993156433105,0.9868421052631579,0.9507095813751221,0.9322079420089722,0.9142593730792871,0.9424776564051638,1485,1208,0.9900395850811238,0.8981132075471698,0,0.9886058700209645,0.9142593730790323,0.8981132075471698,0.5514296323802451,0.8981132075471698,0.44857036761975494,0
9a8fc142-4e16-4e80-b0b9-8cede55c3ec9,vgg16,adamw,Q06/Q11,train_execution_records,epoch,fine_tuning,10,2026-10-03T22:26:29.84533+00:00,85419791-20fc-4261-8042-a0c7bd74080a,114,2026-10-03T22:26:29.849775+00:00,2026-10-03T22:13:02.391380+00:00,807.458395,2026-10-03T22:26:29.890234+00:00,2026-10-03T22:26:30.019861+00:00,0.129627,2026-10-03T22:26:30.054890+00:00,2026-10-03T22:27:34.669117+00:00,64.614227,"{""auc"":0.9865031838417053,""loss"":0.1361699402332306,""epoch"":23,""phase"":""fine_tuning"",""pr_auc"":0.9883372783660889,""recall"":0.9331956505775452,""val_auc"":0.9890852570533752,""accuracy"":0.9509468078613281,""val_loss"":0.14822793006896973,""precision"":0.9679612517356873,""val_pr_auc"":0.9903184771537781,""val_recall"":0.8973584771156311,""phase_epoch"":10,""specificity"":0.9688490629196167,""val_accuracy"":0.9420720338821411,""learning_rate"":0.000004999999873689376,""val_precision"":0.9834573864936829,""val_specificity"":0.9853801169590644,""balanced_accuracy"":0.9510223865509033,""recall_parasitized"":0.9331956505775452,""val_f2_parasitized"":0.9133507451221385,""val_balanced_accuracy"":0.941369303762551,""val_n_pred_uninfected"":1484,""val_n_pred_parasitized"":1209,""val_pr_auc_parasitized"":0.9903799892205579,""val_recall_parasitized"":0.8973584905660378,""val_prediction_collapse"":0,""val_roc_auc_parasitized"":0.989221008496083,""val_early_stopping_score"":0.9133507451218845,""val_checkpoint_policy_score"":0.8973584905660378,""val_percent_pred_uninfected"":0.5510582992944671,""val_sensitivity_parasitized"":0.8973584905660378,""val_percent_pred_parasitized"":0.44894170070553285,""val_prediction_collapse_detected"":0}",0.9865031838417053,0.1361699402332306,23,fine_tuning,0.9883372783660889,0.9331956505775452,0.9890852570533752,0.9509468078613281,0.14822793006896973,0.9679612517356873,0.9903184771537781,0.8973584771156311,10,0.9688490629196167,0.9420720338821411,0.000004999999873689376,0.9834573864936829,0.9853801169590644,0.9510223865509033,0.9331956505775452,0.9133507451221385,0.941369303762551,1484,1209,0.9903799892205579,0.8973584905660378,0,0.989221008496083,0.9133507451218845,0.8973584905660378,0.5510582992944671,0.8973584905660378,0.44894170070553285,0
9a8fc142-4e16-4e80-b0b9-8cede55c3ec9,vgg16,adamw,Q06/Q11,train_execution_records,epoch,fine_tuning,11,2026-10-03T22:40:05.592272+00:00,b0b07830-72c4-4aa7-a2bb-02113f85d497,119,2026-10-03T22:40:05.596995+00:00,2026-10-03T22:26:29.849775+00:00,815.74722,2026-10-03T22:40:05.632888+00:00,2026-10-03T22:40:05.755812+00:00,0.122924,2026-10-03T22:40:05.788259+00:00,2026-10-03T22:41:10.787247+00:00,64.998988,"{""auc"":0.9879577159881592,""loss"":0.12928646802902222,""epoch"":24,""phase"":""fine_tuning"",""pr_auc"":0.9894177913665771,""recall"":0.9359791874885559,""val_auc"":0.9885443449020386,""accuracy"":0.9529756307601929,""val_loss"":0.14512842893600464,""precision"":0.9693137407302856,""val_pr_auc"":0.9898718595504761,""val_recall"":0.9041509628295898,""phase_epoch"":11,""specificity"":0.9701167941093445,""val_accuracy"":0.9450427293777466,""learning_rate"":0.000002499999936844688,""val_precision"":0.9827727675437927,""val_specificity"":0.9846491228070176,""balanced_accuracy"":0.9530479907989502,""recall_parasitized"":0.9359791874885559,""val_f2_parasitized"":0.9188525847522626,""val_balanced_accuracy"":0.944400033101622,""val_n_pred_uninfected"":1474,""val_n_pred_parasitized"":1219,""val_pr_auc_parasitized"":0.9899972252674933,""val_recall_parasitized"":0.9041509433962264,""val_prediction_collapse"":0,""val_roc_auc_parasitized"":0.9887862738607525,""val_early_stopping_score"":0.918852584752004,""val_checkpoint_policy_score"":0.9041509433962264,""val_percent_pred_uninfected"":0.5473449684366877,""val_sensitivity_parasitized"":0.9041509433962264,""val_percent_pred_parasitized"":0.45265503156331227,""val_prediction_collapse_detected"":0}",0.9879577159881592,0.12928646802902222,24,fine_tuning,0.9894177913665771,0.9359791874885559,0.9885443449020386,0.9529756307601929,0.14512842893600464,0.9693137407302856,0.9898718595504761,0.9041509628295898,11,0.9701167941093445,0.9450427293777466,0.000002499999936844688,0.9827727675437927,0.9846491228070176,0.9530479907989502,0.9359791874885559,0.9188525847522626,0.944400033101622,1474,1219,0.9899972252674933,0.9041509433962264,0,0.9887862738607525,0.918852584752004,0.9041509433962264,0.5473449684366877,0.9041509433962264,0.45265503156331227,0
9a8fc142-4e16-4e80-b0b9-8cede55c3ec9,vgg16,adamw,Q06/Q11,train_execution_records,epoch,fine_tuning,12,2026-10-03T22:53:40.225141+00:00,18969976-6e61-4710-bdd2-d09ded598976,124,2026-10-03T22:53:40.230185+00:00,2026-10-03T22:40:05.596995+00:00,814.63319,2026-10-03T22:53:40.268636+00:00,2026-10-03T22:53:40.400397+00:00,0.131761,2026-10-03T22:53:40.433085+00:00,2026-10-03T22:54:45.692479+00:00,65.259394,"{""auc"":0.9876233339309692,""loss"":0.13029639422893524,""epoch"":25,""phase"":""fine_tuning"",""pr_auc"":0.9896974563598633,""recall"":0.9359791874885559,""val_auc"":0.9897018671035767,""accuracy"":0.9532010555267334,""val_loss"":0.14152957499027252,""precision"":0.9697646498680115,""val_pr_auc"":0.9908089637756348,""val_recall"":0.9011320471763611,""phase_epoch"":12,""specificity"":0.9705696105957031,""val_accuracy"":0.9443000555038452,""learning_rate"":0.000002499999936844688,""val_precision"":0.9843363761901855,""val_specificity"":0.9861111111111112,""balanced_accuracy"":0.9532743692398071,""recall_parasitized"":0.9359791874885559,""val_f2_parasitized"":0.9166282818977429,""val_balanced_accuracy"":0.9436215932914047,""val_n_pred_uninfected"":1480,""val_n_pred_parasitized"":1213,""val_pr_auc_parasitized"":0.9909025830115283,""val_recall_parasitized"":0.9011320754716982,""val_prediction_collapse"":0,""val_roc_auc_parasitized"":0.9899205561072493,""val_early_stopping_score"":0.9166282818974861,""val_checkpoint_policy_score"":0.9011320754716982,""val_percent_pred_uninfected"":0.5495729669513554,""val_sensitivity_parasitized"":0.9011320754716982,""val_percent_pred_parasitized"":0.4504270330486446,""val_prediction_collapse_detected"":0}",0.9876233339309692,0.13029639422893524,25,fine_tuning,0.9896974563598633,0.9359791874885559,0.9897018671035767,0.9532010555267334,0.14152957499027252,0.9697646498680115,0.9908089637756348,0.9011320471763611,12,0.9705696105957031,0.9443000555038452,0.000002499999936844688,0.9843363761901855,0.9861111111111112,0.9532743692398071,0.9359791874885559,0.9166282818977429,0.9436215932914047,1480,1213,0.9909025830115283,0.9011320754716982,0,0.9899205561072493,0.9166282818974861,0.9011320754716982,0.5495729669513554,0.9011320754716982,0.4504270330486446,0
9a8fc142-4e16-4e80-b0b9-8cede55c3ec9,vgg16,adamw,Q06/Q11,train_execution_records,epoch,fine_tuning,13,2026-10-03T23:07:23.010603+00:00,3edd6e22-f50b-4a0a-9582-4f4d99da3833,129,2026-10-03T23:07:23.015505+00:00,2026-10-03T22:53:40.230185+00:00,822.78532,2026-10-03T23:07:23.053550+00:00,2026-10-03T23:07:23.181381+00:00,0.127831,2026-10-03T23:07:23.215656+00:00,2026-10-03T23:08:31.081638+00:00,67.865982,"{""auc"":0.987231969833374,""loss"":0.13153192400932312,""epoch"":26,""phase"":""fine_tuning"",""pr_auc"":0.988805890083313,""recall"":0.9351710677146912,""val_auc"":0.9889377355575562,""accuracy"":0.9520739316940308,""val_loss"":0.14675293862819672,""precision"":0.9682967662811279,""val_pr_auc"":0.9901919960975647,""val_recall"":0.9003773331642151,""phase_epoch"":13,""specificity"":0.9691206812858582,""val_accuracy"":0.9435573816299438,""learning_rate"":0.000002499999936844688,""val_precision"":0.9835119247436523,""val_specificity"":0.9853801169590644,""balanced_accuracy"":0.9521458745002747,""recall_parasitized"":0.9351710677146912,""val_f2_parasitized"":0.9158605865192692,""val_balanced_accuracy"":0.9428787377248151,""val_n_pred_uninfected"":1480,""val_n_pred_parasitized"":1213,""val_pr_auc_parasitized"":0.9902155034262188,""val_recall_parasitized"":0.900377358490566,""val_prediction_collapse"":0,""val_roc_auc_parasitized"":0.9890168818272095,""val_early_stopping_score"":0.9158605865190131,""val_checkpoint_policy_score"":0.900377358490566,""val_percent_pred_uninfected"":0.5495729669513554,""val_sensitivity_parasitized"":0.900377358490566,""val_percent_pred_parasitized"":0.4504270330486446,""val_prediction_collapse_detected"":0}",0.987231969833374,0.13153192400932312,26,fine_tuning,0.988805890083313,0.9351710677146912,0.9889377355575562,0.9520739316940308,0.14675293862819672,0.9682967662811279,0.9901919960975647,0.9003773331642151,13,0.9691206812858582,0.9435573816299438,0.000002499999936844688,0.9835119247436523,0.9853801169590644,0.9521458745002747,0.9351710677146912,0.9158605865192692,0.9428787377248151,1480,1213,0.9902155034262188,0.900377358490566,0,0.9890168818272095,0.9158605865190131,0.900377358490566,0.5495729669513554,0.900377358490566,0.4504270330486446,0
9a8fc142-4e16-4e80-b0b9-8cede55c3ec9,vgg16,adamw,Q06/Q11,train_execution_records,epoch,fine_tuning,14,2026-10-03T23:21:19.109245+00:00,38510340-a49f-43b1-a276-dbc9fc56e985,134,2026-10-03T23:21:19.113226+00:00,2026-10-03T23:07:23.015505+00:00,836.097721,2026-10-03T23:21:19.149971+00:00,2026-10-03T23:21:19.275039+00:00,0.125068,2026-10-03T23:21:19.307505+00:00,2026-10-03T23:22:23.327642+00:00,64.020137,"{""auc"":0.9874879717826843,""loss"":0.12968102097511292,""epoch"":27,""phase"":""fine_tuning"",""pr_auc"":0.988842248916626,""recall"":0.9350812435150146,""val_auc"":0.9897164702415466,""accuracy"":0.952614963054657,""val_loss"":0.15265870094299316,""precision"":0.9694656729698181,""val_pr_auc"":0.9908645749092102,""val_recall"":0.8935849070549011,""phase_epoch"":14,""specificity"":0.9702979326248169,""val_accuracy"":0.9413293600082397,""learning_rate"":0.000002499999936844688,""val_precision"":0.985845148563385,""val_specificity"":0.9875730994152047,""balanced_accuracy"":0.9526895880699158,""recall_parasitized"":0.9350812435150146,""val_f2_parasitized"":0.9106291339793878,""val_balanced_accuracy"":0.940579002537791,""val_n_pred_uninfected"":1492,""val_n_pred_parasitized"":1201,""val_pr_auc_parasitized"":0.9909502435152043,""val_recall_parasitized"":0.8935849056603774,""val_prediction_collapse"":0,""val_roc_auc_parasitized"":0.989906763764758,""val_early_stopping_score"":0.910629133979136,""val_checkpoint_policy_score"":0.8935849056603774,""val_percent_pred_uninfected"":0.5540289639806907,""val_sensitivity_parasitized"":0.8935849056603774,""val_percent_pred_parasitized"":0.4459710360193093,""val_prediction_collapse_detected"":0}",0.9874879717826843,0.12968102097511292,27,fine_tuning,0.988842248916626,0.9350812435150146,0.9897164702415466,0.952614963054657,0.15265870094299316,0.9694656729698181,0.9908645749092102,0.8935849070549011,14,0.9702979326248169,0.9413293600082397,0.000002499999936844688,0.985845148563385,0.9875730994152047,0.9526895880699158,0.9350812435150146,0.9106291339793878,0.940579002537791,1492,1201,0.9909502435152043,0.8935849056603774,0,0.989906763764758,0.910629133979136,0.8935849056603774,0.5540289639806907,0.8935849056603774,0.4459710360193093,0
a1c310c5-1cb0-4b1e-afc4-b087ed13ab24,custom_cnn,adam,Q06/Q11,train_execution_records,epoch,base,1,2026-10-02T16:05:49.308247+00:00,344198bb-eaf0-4020-83f1-3a3d80bff18a,2,2026-10-02T16:05:49.311350+00:00,2026-10-02T16:02:50.888450+00:00,178.4229,2026-10-02T16:05:49.353294+00:00,2026-10-02T16:05:49.413996+00:00,0.060702,2026-10-02T16:05:49.450812+00:00,2026-10-02T16:05:54.608299+00:00,5.157487,"{""auc"":0.8537750244140625,""loss"":0.533487856388092,""epoch"":1,""phase"":""base"",""pr_auc"":0.8596481084823608,""recall"":0.7347580194473267,""val_auc"":0.7899536490440369,""accuracy"":0.7759693264961243,""val_loss"":1.573899507522583,""precision"":0.802412211894989,""val_pr_auc"":0.795926570892334,""val_recall"":1,""phase_epoch"":1,""specificity"":0.8175314664840698,""val_accuracy"":0.49201634526252747,""learning_rate"":0.00009999999747378752,""val_precision"":0.49201634526252747,""val_specificity"":0,""balanced_accuracy"":0.7761447429656982,""recall_parasitized"":0.7347580194473267,""val_f2_parasitized"":0.8288502439634681,""val_balanced_accuracy"":0.5,""val_n_pred_uninfected"":0,""val_n_pred_parasitized"":2693,""val_pr_auc_parasitized"":0.8040524094871988,""val_recall_parasitized"":1,""val_prediction_collapse"":1,""val_roc_auc_parasitized"":0.7930616241862518,""val_early_stopping_score"":-2999999.171149756,""val_checkpoint_policy_score"":2.789953649044037,""val_percent_pred_uninfected"":0,""val_sensitivity_parasitized"":1,""val_percent_pred_parasitized"":1,""val_prediction_collapse_detected"":1}",0.8537750244140625,0.533487856388092,1,base,0.8596481084823608,0.7347580194473267,0.7899536490440369,0.7759693264961243,1.573899507522583,0.802412211894989,0.795926570892334,1,1,0.8175314664840698,0.49201634526252747,0.00009999999747378752,0.49201634526252747,0,0.7761447429656982,0.7347580194473267,0.8288502439634681,0.5,0,2693,0.8040524094871988,1,1,0.7930616241862518,-2999999.171149756,2.789953649044037,0,1,1,1
a1c310c5-1cb0-4b1e-afc4-b087ed13ab24,custom_cnn,adam,Q06/Q11,train_execution_records,epoch,base,2,2026-10-02T16:08:56.064837+00:00,5eaa62ec-31cf-4d10-a651-4b73b22d2c93,7,2026-10-02T16:08:56.068096+00:00,2026-10-02T16:05:49.311350+00:00,186.756746,2026-10-02T16:08:56.114995+00:00,2026-10-02T16:08:56.175502+00:00,0.060507,2026-10-02T16:08:56.213504+00:00,2026-10-02T16:09:01.423161+00:00,5.209657,"{""auc"":0.9486335515975952,""loss"":0.33586323261260986,""epoch"":2,""phase"":""base"",""pr_auc"":0.9531106352806091,""recall"":0.8496004343032837,""val_auc"":0.9847820401191711,""accuracy"":0.8971595764160156,""val_loss"":0.2751751244068146,""precision"":0.9398093223571777,""val_pr_auc"":0.9789777994155884,""val_recall"":0.851320743560791,""phase_epoch"":2,""specificity"":0.9451236128807068,""val_accuracy"":0.9197920560836792,""learning_rate"":0.00009999999747378752,""val_precision"":0.9834350347518921,""val_specificity"":0.9861111111111112,""balanced_accuracy"":0.8973619937896729,""recall_parasitized"":0.8496004343032837,""val_f2_parasitized"":0.8748255002326664,""val_balanced_accuracy"":0.9187159329140462,""val_n_pred_uninfected"":1546,""val_n_pred_parasitized"":1147,""val_pr_auc_parasitized"":0.9798544391617336,""val_recall_parasitized"":0.8513207547169811,""val_prediction_collapse"":0,""val_roc_auc_parasitized"":0.9848074588988194,""val_early_stopping_score"":0.8748255002324431,""val_checkpoint_policy_score"":0.8513207547169811,""val_percent_pred_uninfected"":0.5740809506126996,""val_sensitivity_parasitized"":0.8513207547169811,""val_percent_pred_parasitized"":0.4259190493873004,""val_prediction_collapse_detected"":0}",0.9486335515975952,0.33586323261260986,2,base,0.9531106352806091,0.8496004343032837,0.9847820401191711,0.8971595764160156,0.2751751244068146,0.9398093223571777,0.9789777994155884,0.851320743560791,2,0.9451236128807068,0.9197920560836792,0.00009999999747378752,0.9834350347518921,0.9861111111111112,0.8973619937896729,0.8496004343032837,0.8748255002326664,0.9187159329140462,1546,1147,0.9798544391617336,0.8513207547169811,0,0.9848074588988194,0.8748255002324431,0.8513207547169811,0.5740809506126996,0.8513207547169811,0.4259190493873004,0
a1c310c5-1cb0-4b1e-afc4-b087ed13ab24,custom_cnn,adam,Q06/Q11,train_execution_records,epoch,base,3,2026-10-02T16:12:02.943419+00:00,5d91d65b-30f2-4ed2-8aa9-4ab9ae5bf80c,12,2026-10-02T16:12:02.946499+00:00,2026-10-02T16:08:56.068096+00:00,186.878403,2026-10-02T16:12:02.992026+00:00,2026-10-02T16:12:03.051329+00:00,0.059303,2026-10-02T16:12:03.088448+00:00,2026-10-02T16:12:08.355439+00:00,5.266991,"{""auc"":0.9585268497467041,""loss"":0.29408225417137146,""epoch"":3,""phase"":""base"",""pr_auc"":0.9631646275520325,""recall"":0.8708808422088623,""val_auc"":0.982833206653595,""accuracy"":0.9109107255935669,""val_loss"":0.3741993010044098,""precision"":0.9474455118179321,""val_pr_auc"":0.9788147211074829,""val_recall"":0.7086792588233948,""phase_epoch"":3,""specificity"":0.9512813687324524,""val_accuracy"":0.8529521226882935,""learning_rate"":0.00009999999747378752,""val_precision"":0.9894626140594482,""val_specificity"":0.9926900584795322,""balanced_accuracy"":0.911081075668335,""recall_parasitized"":0.8708808422088623,""val_f2_parasitized"":0.7513202112337974,""val_balanced_accuracy"":0.8506846518812755,""val_n_pred_uninfected"":1744,""val_n_pred_parasitized"":949,""val_pr_auc_parasitized"":0.9798199869579067,""val_recall_parasitized"":0.7086792452830188,""val_prediction_collapse"":0,""val_roc_auc_parasitized"":0.9828125344808563,""val_early_stopping_score"":0.7513202112336561,""val_checkpoint_policy_score"":0.7086792452830188,""val_percent_pred_uninfected"":0.6476049015967322,""val_sensitivity_parasitized"":0.7086792452830188,""val_percent_pred_parasitized"":0.3523950984032677,""val_prediction_collapse_detected"":0}",0.9585268497467041,0.29408225417137146,3,base,0.9631646275520325,0.8708808422088623,0.982833206653595,0.9109107255935669,0.3741993010044098,0.9474455118179321,0.9788147211074829,0.7086792588233948,3,0.9512813687324524,0.8529521226882935,0.00009999999747378752,0.9894626140594482,0.9926900584795322,0.911081075668335,0.8708808422088623,0.7513202112337974,0.8506846518812755,1744,949,0.9798199869579067,0.7086792452830188,0,0.9828125344808563,0.7513202112336561,0.7086792452830188,0.6476049015967322,0.7086792452830188,0.3523950984032677,0
a1c310c5-1cb0-4b1e-afc4-b087ed13ab24,custom_cnn,adam,Q06/Q11,train_execution_records,epoch,base,4,2026-10-02T16:15:09.650849+00:00,ad0779cd-5125-45a2-a06f-ec2efca16cf3,17,2026-10-02T16:15:09.653684+00:00,2026-10-02T16:12:02.946499+00:00,186.707185,2026-10-02T16:15:09.700045+00:00,2026-10-02T16:15:09.760683+00:00,0.060638,2026-10-02T16:15:09.800068+00:00,2026-10-02T16:15:15.104638+00:00,5.30457,"{""auc"":0.9630261063575745,""loss"":0.2760792374610901,""epoch"":4,""phase"":""base"",""pr_auc"":0.9678238034248352,""recall"":0.8832719922065735,""val_auc"":0.9846632480621338,""accuracy"":0.9173129200935364,""val_loss"":0.24058209359645844,""precision"":0.9485102891921997,""val_pr_auc"":0.9805654883384705,""val_recall"":0.8988679051399231,""phase_epoch"":4,""specificity"":0.9516435861587524,""val_accuracy"":0.9346453547477722,""learning_rate"":0.00009999999747378752,""val_precision"":0.9659367203712463,""val_specificity"":0.9692982456140351,""balanced_accuracy"":0.9174578189849854,""recall_parasitized"":0.8832719922065735,""val_f2_parasitized"":0.9115260982703199,""val_balanced_accuracy"":0.9340830850711686,""val_n_pred_uninfected"":1460,""val_n_pred_parasitized"":1233,""val_pr_auc_parasitized"":0.9801737997980314,""val_recall_parasitized"":0.8988679245283019,""val_prediction_collapse"":0,""val_roc_auc_parasitized"":0.9846706388613041,""val_early_stopping_score"":0.9115260982700675,""val_checkpoint_policy_score"":0.8988679245283019,""val_percent_pred_uninfected"":0.5421463052357965,""val_sensitivity_parasitized"":0.8988679245283019,""val_percent_pred_parasitized"":0.4578536947642035,""val_prediction_collapse_detected"":0}",0.9630261063575745,0.2760792374610901,4,base,0.9678238034248352,0.8832719922065735,0.9846632480621338,0.9173129200935364,0.24058209359645844,0.9485102891921997,0.9805654883384705,0.8988679051399231,4,0.9516435861587524,0.9346453547477722,0.00009999999747378752,0.9659367203712463,0.9692982456140351,0.9174578189849854,0.8832719922065735,0.9115260982703199,0.9340830850711686,1460,1233,0.9801737997980314,0.8988679245283019,0,0.9846706388613041,0.9115260982700675,0.8988679245283019,0.5421463052357965,0.8988679245283019,0.4578536947642035,0
a1c310c5-1cb0-4b1e-afc4-b087ed13ab24,custom_cnn,adam,Q06/Q11,train_execution_records,epoch,base,5,2026-10-02T16:18:17.157987+00:00,8e67fd8a-8978-4372-8eda-17aebfc14912,22,2026-10-02T16:18:17.160818+00:00,2026-10-02T16:15:09.653684+00:00,187.507134,2026-10-02T16:18:17.206235+00:00,2026-10-02T16:18:17.267941+00:00,0.061706,2026-10-02T16:18:17.307533+00:00,2026-10-02T16:18:22.473180+00:00,5.165647,"{""auc"":0.964720606803894,""loss"":0.26921892166137695,""epoch"":5,""phase"":""base"",""pr_auc"":0.9692772626876831,""recall"":0.8872227668762207,""val_auc"":0.9876591563224792,""accuracy"":0.9198377132415771,""val_loss"":0.22452540695667267,""precision"":0.949822187423706,""val_pr_auc"":0.98335862159729,""val_recall"":0.8709433674812317,""phase_epoch"":5,""specificity"":0.9527302384376526,""val_accuracy"":0.9283326864242554,""learning_rate"":0.00009999999747378752,""val_precision"":0.9812925457954407,""val_specificity"":0.9839181286549707,""balanced_accuracy"":0.9199764728546143,""recall_parasitized"":0.8872227668762207,""val_f2_parasitized"":0.890982087708462,""val_balanced_accuracy"":0.927430762440693,""val_n_pred_uninfected"":1517,""val_n_pred_parasitized"":1176,""val_pr_auc_parasitized"":0.9836088556885603,""val_recall_parasitized"":0.8709433962264151,""val_prediction_collapse"":0,""val_roc_auc_parasitized"":0.987621096767075,""val_early_stopping_score"":0.8909820877082263,""val_checkpoint_policy_score"":0.8709433962264151,""val_percent_pred_uninfected"":0.5633122911251393,""val_sensitivity_parasitized"":0.8709433962264151,""val_percent_pred_parasitized"":0.43668770887486075,""val_prediction_collapse_detected"":0}",0.964720606803894,0.26921892166137695,5,base,0.9692772626876831,0.8872227668762207,0.9876591563224792,0.9198377132415771,0.22452540695667267,0.949822187423706,0.98335862159729,0.8709433674812317,5,0.9527302384376526,0.9283326864242554,0.00009999999747378752,0.9812925457954407,0.9839181286549707,0.9199764728546143,0.8872227668762207,0.890982087708462,0.927430762440693,1517,1176,0.9836088556885603,0.8709433962264151,0,0.987621096767075,0.8909820877082263,0.8709433962264151,0.5633122911251393,0.8709433962264151,0.43668770887486075,0
a1c310c5-1cb0-4b1e-afc4-b087ed13ab24,custom_cnn,adam,Q06/Q11,train_execution_records,epoch,base,6,2026-10-02T16:21:23.437494+00:00,4e1e8626-351d-4a15-884c-15f9602c2fdc,27,2026-10-02T16:21:23.440371+00:00,2026-10-02T16:18:17.160818+00:00,186.279553,2026-10-02T16:21:23.482064+00:00,2026-10-02T16:21:23.540591+00:00,0.058527,2026-10-02T16:21:23.578096+00:00,2026-10-02T16:21:28.743764+00:00,5.165668,"{""auc"":0.9675620794296265,""loss"":0.2571506202220917,""epoch"":6,""phase"":""base"",""pr_auc"":0.9714648127555847,""recall"":0.8981772661209106,""val_auc"":0.9882447719573975,""accuracy"":0.9242560863494873,""val_loss"":0.23369009792804718,""precision"":0.9482415318489075,""val_pr_auc"":0.9838696122169495,""val_recall"":0.8618867993354797,""phase_epoch"":6,""specificity"":0.9505569338798523,""val_accuracy"":0.9257333874702454,""learning_rate"":0.00009999999747378752,""val_precision"":0.985332190990448,""val_specificity"":0.9875730994152047,""balanced_accuracy"":0.9243670701980591,""recall_parasitized"":0.8981772661209106,""val_f2_parasitized"":0.8840377767456262,""val_balanced_accuracy"":0.9247299459340175,""val_n_pred_uninfected"":1534,""val_n_pred_parasitized"":1159,""val_pr_auc_parasitized"":0.9840866305996959,""val_recall_parasitized"":0.8618867924528302,""val_prediction_collapse"":0,""val_roc_auc_parasitized"":0.9881661701423371,""val_early_stopping_score"":0.884037776745396,""val_checkpoint_policy_score"":0.8618867924528302,""val_percent_pred_uninfected"":0.5696249535833643,""val_sensitivity_parasitized"":0.8618867924528302,""val_percent_pred_parasitized"":0.4303750464166357,""val_prediction_collapse_detected"":0}",0.9675620794296265,0.2571506202220917,6,base,0.9714648127555847,0.8981772661209106,0.9882447719573975,0.9242560863494873,0.23369009792804718,0.9482415318489075,0.9838696122169495,0.8618867993354797,6,0.9505569338798523,0.9257333874702454,0.00009999999747378752,0.985332190990448,0.9875730994152047,0.9243670701980591,0.8981772661209106,0.8840377767456262,0.9247299459340175,1534,1159,0.9840866305996959,0.8618867924528302,0,0.9881661701423371,0.884037776745396,0.8618867924528302,0.5696249535833643,0.8618867924528302,0.4303750464166357,0
a1c310c5-1cb0-4b1e-afc4-b087ed13ab24,custom_cnn,adam,Q06/Q11,train_execution_records,epoch,base,7,2026-10-02T16:24:30.000064+00:00,f7924446-b212-4d0a-a0ce-8c1d177b4080,32,2026-10-02T16:24:30.002733+00:00,2026-10-02T16:21:23.440371+00:00,186.562362,2026-10-02T16:24:30.048163+00:00,2026-10-02T16:24:30.106855+00:00,0.058692,2026-10-02T16:24:30.143264+00:00,2026-10-02T16:24:35.238374+00:00,5.09511,"{""auc"":0.9672383666038513,""loss"":0.2592385411262512,""epoch"":7,""phase"":""base"",""pr_auc"":0.9707852602005005,""recall"":0.8962916135787964,""val_auc"":0.9862082600593567,""accuracy"":0.9238052368164062,""val_loss"":0.22737841308116913,""precision"":0.9491299986839294,""val_pr_auc"":0.9828132390975952,""val_recall"":0.8747169971466064,""phase_epoch"":7,""specificity"":0.9515530467033386,""val_accuracy"":0.9301893711090088,""learning_rate"":0.00009999999747378752,""val_precision"":0.9813717007637024,""val_specificity"":0.9839181286549707,""balanced_accuracy"":0.9239223003387451,""recall_parasitized"":0.8962916135787964,""val_f2_parasitized"":0.8941521370158926,""val_balanced_accuracy"":0.9293175548935231,""val_n_pred_uninfected"":1512,""val_n_pred_parasitized"":1181,""val_pr_auc_parasitized"":0.9836488066675321,""val_recall_parasitized"":0.8747169811320755,""val_prediction_collapse"":0,""val_roc_auc_parasitized"":0.9863179962484828,""val_early_stopping_score"":0.8941521370156543,""val_checkpoint_policy_score"":0.8747169811320755,""val_percent_pred_uninfected"":0.5614556256962495,""val_sensitivity_parasitized"":0.8747169811320755,""val_percent_pred_parasitized"":0.4385443743037505,""val_prediction_collapse_detected"":0}",0.9672383666038513,0.2592385411262512,7,base,0.9707852602005005,0.8962916135787964,0.9862082600593567,0.9238052368164062,0.22737841308116913,0.9491299986839294,0.9828132390975952,0.8747169971466064,7,0.9515530467033386,0.9301893711090088,0.00009999999747378752,0.9813717007637024,0.9839181286549707,0.9239223003387451,0.8962916135787964,0.8941521370158926,0.9293175548935231,1512,1181,0.9836488066675321,0.8747169811320755,0,0.9863179962484828,0.8941521370156543,0.8747169811320755,0.5614556256962495,0.8747169811320755,0.4385443743037505,0
a1c310c5-1cb0-4b1e-afc4-b087ed13ab24,custom_cnn,adam,Q06/Q11,train_execution_records,epoch,base,8,2026-10-02T16:27:32.51376+00:00,ed0fa4cf-dea0-488d-a21f-51fa8fe24b29,37,2026-10-02T16:27:32.516857+00:00,2026-10-02T16:24:30.002733+00:00,182.514124,2026-10-02T16:27:32.558177+00:00,2026-10-02T16:27:32.615568+00:00,0.057391,2026-10-02T16:27:32.652941+00:00,2026-10-02T16:27:37.663108+00:00,5.010167,"{""auc"":0.9676017165184021,""loss"":0.2572726309299469,""epoch"":8,""phase"":""base"",""pr_auc"":0.9714608192443848,""recall"":0.8950345516204834,""val_auc"":0.985012412071228,""accuracy"":0.9232191443443298,""val_loss"":0.2351093739271164,""precision"":0.9491525292396545,""val_pr_auc"":0.9821349382400513,""val_recall"":0.8603773713111877,""phase_epoch"":8,""specificity"":0.9516435861587524,""val_accuracy"":0.9227626919746399,""learning_rate"":0.00009999999747378752,""val_precision"":0.980223536491394,""val_specificity"":0.9831871345029239,""balanced_accuracy"":0.9233390688896179,""recall_parasitized"":0.8950345516204834,""val_f2_parasitized"":0.8819433699520347,""val_balanced_accuracy"":0.921782246496745,""val_n_pred_uninfected"":1530,""val_n_pred_parasitized"":1163,""val_pr_auc_parasitized"":0.9833145353959268,""val_recall_parasitized"":0.8603773584905661,""val_prediction_collapse"":0,""val_roc_auc_parasitized"":0.9849668983780205,""val_early_stopping_score"":0.8819433699518061,""val_checkpoint_policy_score"":0.8603773584905661,""val_percent_pred_uninfected"":0.5681396212402525,""val_sensitivity_parasitized"":0.8603773584905661,""val_percent_pred_parasitized"":0.4318603787597475,""val_prediction_collapse_detected"":0}",0.9676017165184021,0.2572726309299469,8,base,0.9714608192443848,0.8950345516204834,0.985012412071228,0.9232191443443298,0.2351093739271164,0.9491525292396545,0.9821349382400513,0.8603773713111877,8,0.9516435861587524,0.9227626919746399,0.00009999999747378752,0.980223536491394,0.9831871345029239,0.9233390688896179,0.8950345516204834,0.8819433699520347,0.921782246496745,1530,1163,0.9833145353959268,0.8603773584905661,0,0.9849668983780205,0.8819433699518061,0.8603773584905661,0.5681396212402525,0.8603773584905661,0.4318603787597475,0
a1c310c5-1cb0-4b1e-afc4-b087ed13ab24,custom_cnn,adam,Q06/Q11,train_execution_records,epoch,base,9,2026-10-02T16:30:33.500799+00:00,45e5ea94-ba91-4e6f-9607-e25f0729f842,42,2026-10-02T16:30:33.503484+00:00,2026-10-02T16:27:32.516857+00:00,180.986627,2026-10-02T16:30:33.544859+00:00,2026-10-02T16:30:33.602305+00:00,0.057446,2026-10-02T16:30:33.638887+00:00,2026-10-02T16:30:38.582133+00:00,4.943246,"{""auc"":0.9684969186782837,""loss"":0.25146880745887756,""epoch"":9,""phase"":""base"",""pr_auc"":0.972998321056366,""recall"":0.8998832702636719,""val_auc"":0.9872664213180542,""accuracy"":0.9260594844818115,""val_loss"":0.22819651663303375,""precision"":0.9502227902412415,""val_pr_auc"":0.983922004699707,""val_recall"":0.8739622831344604,""phase_epoch"":9,""specificity"":0.9524585604667664,""val_accuracy"":0.9301893711090088,""learning_rate"":0.00004999999873689376,""val_precision"":0.9821882843971252,""val_specificity"":0.9846491228070176,""balanced_accuracy"":0.9261709451675415,""recall_parasitized"":0.8998832702636719,""val_f2_parasitized"":0.8936564284611823,""val_balanced_accuracy"":0.9293056934789805,""val_n_pred_uninfected"":1514,""val_n_pred_parasitized"":1179,""val_pr_auc_parasitized"":0.9844899916528393,""val_recall_parasitized"":0.8739622641509434,""val_prediction_collapse"":0,""val_roc_auc_parasitized"":0.9873606973408364,""val_early_stopping_score"":0.8936564284609444,""val_checkpoint_policy_score"":0.8739622641509434,""val_percent_pred_uninfected"":0.5621982918678055,""val_sensitivity_parasitized"":0.8739622641509434,""val_percent_pred_parasitized"":0.4378017081321946,""val_prediction_collapse_detected"":0}",0.9684969186782837,0.25146880745887756,9,base,0.972998321056366,0.8998832702636719,0.9872664213180542,0.9260594844818115,0.22819651663303375,0.9502227902412415,0.983922004699707,0.8739622831344604,9,0.9524585604667664,0.9301893711090088,0.00004999999873689376,0.9821882843971252,0.9846491228070176,0.9261709451675415,0.8998832702636719,0.8936564284611823,0.9293056934789805,1514,1179,0.9844899916528393,0.8739622641509434,0,0.9873606973408364,0.8936564284609444,0.8739622641509434,0.5621982918678055,0.8739622641509434,0.4378017081321946,0
a1c310c5-1cb0-4b1e-afc4-b087ed13ab24,custom_cnn,adam,Q06/Q11,train_execution_records,epoch,base,10,2026-10-02T16:33:33.777095+00:00,b776e57a-e8fa-46dd-90f2-e5001a8f611d,47,2026-10-02T16:33:33.779393+00:00,2026-10-02T16:30:33.503484+00:00,180.275909,2026-10-02T16:33:33.819789+00:00,2026-10-02T16:33:33.876094+00:00,0.056305,2026-10-02T16:33:33.917026+00:00,2026-10-02T16:33:38.875694+00:00,4.958668,"{""auc"":0.971459686756134,""loss"":0.2422819584608078,""epoch"":10,""phase"":""base"",""pr_auc"":0.9747807383537292,""recall"":0.9019484519958496,""val_auc"":0.9893519878387451,""accuracy"":0.9288097620010376,""val_loss"":0.20131710171699524,""precision"":0.9537599682807922,""val_pr_auc"":0.9860884547233582,""val_recall"":0.8890566229820251,""phase_epoch"":10,""specificity"":0.9558996558189392,""val_accuracy"":0.936130702495575,""learning_rate"":0.00004999999873689376,""val_precision"":0.979218602180481,""val_specificity"":0.9817251461988304,""balanced_accuracy"":0.9289240837097168,""recall_parasitized"":0.9019484519958496,""val_f2_parasitized"":0.9057358142395817,""val_balanced_accuracy"":0.9353908749862077,""val_n_pred_uninfected"":1490,""val_n_pred_parasitized"":1203,""val_pr_auc_parasitized"":0.9865507572336327,""val_recall_parasitized"":0.8890566037735849,""val_prediction_collapse"":0,""val_roc_auc_parasitized"":0.989325830299018,""val_early_stopping_score"":0.9057358142393341,""val_checkpoint_policy_score"":0.8890566037735849,""val_percent_pred_uninfected"":0.5532862978091347,""val_sensitivity_parasitized"":0.8890566037735849,""val_percent_pred_parasitized"":0.4467137021908652,""val_prediction_collapse_detected"":0}",0.971459686756134,0.2422819584608078,10,base,0.9747807383537292,0.9019484519958496,0.9893519878387451,0.9288097620010376,0.20131710171699524,0.9537599682807922,0.9860884547233582,0.8890566229820251,10,0.9558996558189392,0.936130702495575,0.00004999999873689376,0.979218602180481,0.9817251461988304,0.9289240837097168,0.9019484519958496,0.9057358142395817,0.9353908749862077,1490,1203,0.9865507572336327,0.8890566037735849,0,0.989325830299018,0.9057358142393341,0.8890566037735849,0.5532862978091347,0.8890566037735849,0.4467137021908652,0
a1c310c5-1cb0-4b1e-afc4-b087ed13ab24,custom_cnn,adam,Q06/Q11,train_execution_records,epoch,base,11,2026-10-02T16:36:33.989101+00:00,a1888553-0ece-449e-93e7-9cd87421da72,52,2026-10-02T16:36:33.994502+00:00,2026-10-02T16:33:33.779393+00:00,180.215109,2026-10-02T16:36:34.037453+00:00,2026-10-02T16:36:34.097491+00:00,0.060038,2026-10-02T16:36:34.134629+00:00,2026-10-02T16:36:39.054204+00:00,4.919575,"{""auc"":0.9722684025764465,""loss"":0.23741000890731812,""epoch"":11,""phase"":""base"",""pr_auc"":0.9756662249565125,""recall"":0.9063482284545898,""val_auc"":0.9883049130439758,""accuracy"":0.9312443733215332,""val_loss"":0.21599936485290527,""precision"":0.9544250965118408,""val_pr_auc"":0.9853394031524658,""val_recall"":0.8822641372680664,""phase_epoch"":11,""specificity"":0.9563524127006531,""val_accuracy"":0.9350166916847229,""learning_rate"":0.00004999999873689376,""val_precision"":0.9840067625045776,""val_specificity"":0.9861111111111112,""balanced_accuracy"":0.9313503503799438,""recall_parasitized"":0.9063482284545898,""val_f2_parasitized"":0.9008939580764488,""val_balanced_accuracy"":0.9341876310272537,""val_n_pred_uninfected"":1505,""val_n_pred_parasitized"":1188,""val_pr_auc_parasitized"":0.9856913488345342,""val_recall_parasitized"":0.8822641509433963,""val_prediction_collapse"":0,""val_roc_auc_parasitized"":0.9882809224318659,""val_early_stopping_score"":0.9008939580762051,""val_checkpoint_policy_score"":0.8822641509433963,""val_percent_pred_uninfected"":0.558856294095804,""val_sensitivity_parasitized"":0.8822641509433963,""val_percent_pred_parasitized"":0.44114370590419605,""val_prediction_collapse_detected"":0}",0.9722684025764465,0.23741000890731812,11,base,0.9756662249565125,0.9063482284545898,0.9883049130439758,0.9312443733215332,0.21599936485290527,0.9544250965118408,0.9853394031524658,0.8822641372680664,11,0.9563524127006531,0.9350166916847229,0.00004999999873689376,0.9840067625045776,0.9861111111111112,0.9313503503799438,0.9063482284545898,0.9008939580764488,0.9341876310272537,1505,1188,0.9856913488345342,0.8822641509433963,0,0.9882809224318659,0.9008939580762051,0.8822641509433963,0.558856294095804,0.8822641509433963,0.44114370590419605,0
a1c310c5-1cb0-4b1e-afc4-b087ed13ab24,custom_cnn,adam,Q06/Q11,train_execution_records,epoch,base,12,2026-10-02T16:39:33.929936+00:00,90c49d8f-f518-4470-87a5-66ee16a16ecb,57,2026-10-02T16:39:33.932418+00:00,2026-10-02T16:36:33.994502+00:00,179.937916,2026-10-02T16:39:33.976095+00:00,2026-10-02T16:39:34.035477+00:00,0.059382,2026-10-02T16:39:34.071769+00:00,2026-10-02T16:39:38.998730+00:00,4.926961,"{""auc"":0.9715465903282166,""loss"":0.23987126350402832,""epoch"":12,""phase"":""base"",""pr_auc"":0.9749735593795776,""recall"":0.9040136337280273,""val_auc"":0.9879493117332458,""accuracy"":0.9296212792396545,""val_loss"":0.21817022562026978,""precision"":0.9534090757369995,""val_pr_auc"":0.9860937595367432,""val_recall"":0.8784905672073364,""phase_epoch"":12,""specificity"":0.9554468989372253,""val_accuracy"":0.9313033819198608,""learning_rate"":0.00004999999873689376,""val_precision"":0.9797979593276978,""val_specificity"":0.9824561403508771,""balanced_accuracy"":0.9297302961349487,""recall_parasitized"":0.9040136337280273,""val_f2_parasitized"":0.8970406905055487,""val_balanced_accuracy"":0.9304733531943066,""val_n_pred_uninfected"":1505,""val_n_pred_parasitized"":1188,""val_pr_auc_parasitized"":0.9861339907315324,""val_recall_parasitized"":0.8784905660377359,""val_prediction_collapse"":0,""val_roc_auc_parasitized"":0.9879410791128764,""val_early_stopping_score"":0.897040690505308,""val_checkpoint_policy_score"":0.8784905660377359,""val_percent_pred_uninfected"":0.558856294095804,""val_sensitivity_parasitized"":0.8784905660377359,""val_percent_pred_parasitized"":0.44114370590419605,""val_prediction_collapse_detected"":0}",0.9715465903282166,0.23987126350402832,12,base,0.9749735593795776,0.9040136337280273,0.9879493117332458,0.9296212792396545,0.21817022562026978,0.9534090757369995,0.9860937595367432,0.8784905672073364,12,0.9554468989372253,0.9313033819198608,0.00004999999873689376,0.9797979593276978,0.9824561403508771,0.9297302961349487,0.9040136337280273,0.8970406905055487,0.9304733531943066,1505,1188,0.9861339907315324,0.8784905660377359,0,0.9879410791128764,0.897040690505308,0.8784905660377359,0.558856294095804,0.8784905660377359,0.44114370590419605,0
a1c310c5-1cb0-4b1e-afc4-b087ed13ab24,custom_cnn,adam,Q06/Q11,train_execution_records,epoch,base,13,2026-10-02T16:42:33.640579+00:00,94f685b3-131a-41b8-97fe-de62549ba0ae,62,2026-10-02T16:42:33.643285+00:00,2026-10-02T16:39:33.932418+00:00,179.710867,2026-10-02T16:42:33.682914+00:00,2026-10-02T16:42:33.738895+00:00,0.055981,2026-10-02T16:42:33.776558+00:00,2026-10-02T16:42:38.700598+00:00,4.92404,"{""auc"":0.972869336605072,""loss"":0.23530331254005432,""epoch"":13,""phase"":""base"",""pr_auc"":0.9758404493331909,""recall"":0.9075154662132263,""val_auc"":0.9885597825050354,""accuracy"":0.9313345551490784,""val_loss"":0.21806322038173676,""precision"":0.9534905552864075,""val_pr_auc"":0.985407292842865,""val_recall"":0.8807547092437744,""phase_epoch"":13,""specificity"":0.9553563594818115,""val_accuracy"":0.9342740178108215,""learning_rate"":0.00004999999873689376,""val_precision"":0.9839797616004944,""val_specificity"":0.9861111111111112,""balanced_accuracy"":0.9314359426498413,""recall_parasitized"":0.9075154662132263,""val_f2_parasitized"":0.8996299722479186,""val_balanced_accuracy"":0.9334329140461216,""val_n_pred_uninfected"":1507,""val_n_pred_parasitized"":1186,""val_pr_auc_parasitized"":0.9860414490183382,""val_recall_parasitized"":0.8807547169811321,""val_prediction_collapse"":0,""val_roc_auc_parasitized"":0.9887106918238993,""val_early_stopping_score"":0.8996299722476759,""val_checkpoint_policy_score"":0.8807547169811321,""val_percent_pred_uninfected"":0.5595989602673598,""val_sensitivity_parasitized"":0.8807547169811321,""val_percent_pred_parasitized"":0.44040103973264016,""val_prediction_collapse_detected"":0}",0.972869336605072,0.23530331254005432,13,base,0.9758404493331909,0.9075154662132263,0.9885597825050354,0.9313345551490784,0.21806322038173676,0.9534905552864075,0.985407292842865,0.8807547092437744,13,0.9553563594818115,0.9342740178108215,0.00004999999873689376,0.9839797616004944,0.9861111111111112,0.9314359426498413,0.9075154662132263,0.8996299722479186,0.9334329140461216,1507,1186,0.9860414490183382,0.8807547169811321,0,0.9887106918238993,0.8996299722476759,0.8807547169811321,0.5595989602673598,0.8807547169811321,0.44040103973264016,0
a1c310c5-1cb0-4b1e-afc4-b087ed13ab24,custom_cnn,adam,Q06/Q11,train_execution_records,epoch,base,14,2026-10-02T16:45:35.510919+00:00,f253ab23-a1e6-4724-a134-c93ab0298d4c,67,2026-10-02T16:45:35.518227+00:00,2026-10-02T16:42:33.643285+00:00,181.874942,2026-10-02T16:45:35.560702+00:00,2026-10-02T16:45:35.619535+00:00,0.058833,2026-10-02T16:45:35.657843+00:00,2026-10-02T16:45:40.863742+00:00,5.205899,"{""auc"":0.9740564823150635,""loss"":0.23117206990718842,""epoch"":14,""phase"":""base"",""pr_auc"":0.9773962497711182,""recall"":0.9086827635765076,""val_auc"":0.9884939193725586,""accuracy"":0.9316050410270691,""val_loss"":0.21066108345985413,""precision"":0.9529190063476562,""val_pr_auc"":0.9857865571975708,""val_recall"":0.8830188512802124,""phase_epoch"":14,""specificity"":0.9547224640846252,""val_accuracy"":0.9331600666046143,""learning_rate"":0.00002499999936844688,""val_precision"":0.9790794849395752,""val_specificity"":0.9817251461988304,""balanced_accuracy"":0.9317026138305664,""recall_parasitized"":0.9086827635765076,""val_f2_parasitized"":0.9006928406466512,""val_balanced_accuracy"":0.9323720070616794,""val_n_pred_uninfected"":1498,""val_n_pred_parasitized"":1195,""val_pr_auc_parasitized"":0.9866249203273048,""val_recall_parasitized"":0.8830188679245283,""val_prediction_collapse"":0,""val_roc_auc_parasitized"":0.988627386075251,""val_early_stopping_score"":0.9006928406464075,""val_checkpoint_policy_score"":0.8830188679245283,""val_percent_pred_uninfected"":0.5562569624953584,""val_sensitivity_parasitized"":0.8830188679245283,""val_percent_pred_parasitized"":0.44374303750464167,""val_prediction_collapse_detected"":0}",0.9740564823150635,0.23117206990718842,14,base,0.9773962497711182,0.9086827635765076,0.9884939193725586,0.9316050410270691,0.21066108345985413,0.9529190063476562,0.9857865571975708,0.8830188512802124,14,0.9547224640846252,0.9331600666046143,0.00002499999936844688,0.9790794849395752,0.9817251461988304,0.9317026138305664,0.9086827635765076,0.9006928406466512,0.9323720070616794,1498,1195,0.9866249203273048,0.8830188679245283,0,0.988627386075251,0.9006928406464075,0.8830188679245283,0.5562569624953584,0.8830188679245283,0.44374303750464167,0
a1c310c5-1cb0-4b1e-afc4-b087ed13ab24,custom_cnn,adam,Q06/Q11,train_execution_records,epoch,base,15,2026-10-02T16:48:41.699614+00:00,332b06a3-d5f6-440e-82ec-58f2eafd41e7,72,2026-10-02T16:48:41.702713+00:00,2026-10-02T16:45:35.518227+00:00,186.184486,2026-10-02T16:48:41.745864+00:00,2026-10-02T16:48:41.802627+00:00,0.056763,2026-10-02T16:48:41.840522+00:00,2026-10-02T16:48:46.985838+00:00,5.145316,"{""auc"":0.9748603105545044,""loss"":0.22890852391719818,""epoch"":15,""phase"":""base"",""pr_auc"":0.9782118201255798,""recall"":0.9080542325973511,""val_auc"":0.9893550872802734,""accuracy"":0.9323714971542358,""val_loss"":0.20301218330860138,""precision"":0.9550476670265198,""val_pr_auc"":0.9873814582824707,""val_recall"":0.8950943350791931,""phase_epoch"":15,""specificity"":0.9568957686424255,""val_accuracy"":0.9405866861343384,""learning_rate"":0.00002499999936844688,""val_precision"":0.9826014637947083,""val_specificity"":0.9846491228070176,""balanced_accuracy"":0.9324749708175659,""recall_parasitized"":0.9080542325973511,""val_f2_parasitized"":0.9113262640233595,""val_balanced_accuracy"":0.9398717312148295,""val_n_pred_uninfected"":1486,""val_n_pred_parasitized"":1207,""val_pr_auc_parasitized"":0.9875419451330555,""val_recall_parasitized"":0.8950943396226415,""val_prediction_collapse"":0,""val_roc_auc_parasitized"":0.9894731325168268,""val_early_stopping_score"":0.9113262640231072,""val_checkpoint_policy_score"":0.8950943396226415,""val_percent_pred_uninfected"":0.551800965466023,""val_sensitivity_parasitized"":0.8950943396226415,""val_percent_pred_parasitized"":0.44819903453397697,""val_prediction_collapse_detected"":0}",0.9748603105545044,0.22890852391719818,15,base,0.9782118201255798,0.9080542325973511,0.9893550872802734,0.9323714971542358,0.20301218330860138,0.9550476670265198,0.9873814582824707,0.8950943350791931,15,0.9568957686424255,0.9405866861343384,0.00002499999936844688,0.9826014637947083,0.9846491228070176,0.9324749708175659,0.9080542325973511,0.9113262640233595,0.9398717312148295,1486,1207,0.9875419451330555,0.8950943396226415,0,0.9894731325168268,0.9113262640231072,0.8950943396226415,0.551800965466023,0.8950943396226415,0.44819903453397697,0
a1c310c5-1cb0-4b1e-afc4-b087ed13ab24,custom_cnn,adam,Q06/Q11,train_execution_records,epoch,base,16,2026-10-02T16:51:49.812669+00:00,ef9f0199-2476-4278-bd92-08e037b7e0c8,77,2026-10-02T16:51:49.815537+00:00,2026-10-02T16:48:41.702713+00:00,188.112824,2026-10-02T16:51:49.854759+00:00,2026-10-02T16:51:49.911260+00:00,0.056501,2026-10-02T16:51:49.948025+00:00,2026-10-02T16:51:55.199242+00:00,5.251217,"{""auc"":0.9756740927696228,""loss"":0.22708702087402344,""epoch"":16,""phase"":""base"",""pr_auc"":0.9790206551551819,""recall"":0.9076950550079346,""val_auc"":0.9884227514266968,""accuracy"":0.9315148591995239,""val_loss"":0.22410447895526886,""precision"":0.9536792635917664,""val_pr_auc"":0.9860653281211853,""val_recall"":0.8739622831344604,""phase_epoch"":16,""specificity"":0.9555374383926392,""val_accuracy"":0.9316747188568115,""learning_rate"":0.00002499999936844688,""val_precision"":0.9855319261550903,""val_specificity"":0.9875730994152047,""balanced_accuracy"":0.9316162467002869,""recall_parasitized"":0.9076950550079346,""val_f2_parasitized"":0.8942084942084942,""val_balanced_accuracy"":0.930767681783074,""val_n_pred_uninfected"":1518,""val_n_pred_parasitized"":1175,""val_pr_auc_parasitized"":0.9868116513336953,""val_recall_parasitized"":0.8739622641509434,""val_prediction_collapse"":0,""val_roc_auc_parasitized"":0.9886091801831625,""val_early_stopping_score"":0.8942084942082559,""val_checkpoint_policy_score"":0.8739622641509434,""val_percent_pred_uninfected"":0.5636836242109172,""val_sensitivity_parasitized"":0.8739622641509434,""val_percent_pred_parasitized"":0.43631637578908283,""val_prediction_collapse_detected"":0}",0.9756740927696228,0.22708702087402344,16,base,0.9790206551551819,0.9076950550079346,0.9884227514266968,0.9315148591995239,0.22410447895526886,0.9536792635917664,0.9860653281211853,0.8739622831344604,16,0.9555374383926392,0.9316747188568115,0.00002499999936844688,0.9855319261550903,0.9875730994152047,0.9316162467002869,0.9076950550079346,0.8942084942084942,0.930767681783074,1518,1175,0.9868116513336953,0.8739622641509434,0,0.9886091801831625,0.8942084942082559,0.8739622641509434,0.5636836242109172,0.8739622641509434,0.43631637578908283,0
c6fc8261-375b-41bf-9c15-a1e6885184ef,densenet121,adadelta,Q06/Q11,train_execution_records,epoch,base,1,2026-10-02T19:13:07.462615+00:00,0b6898bf-7a10-41e0-9bea-b212cf558e00,2,2026-10-02T19:13:07.465535+00:00,2026-10-02T19:10:13.036475+00:00,174.42906,2026-10-02T19:13:07.504013+00:00,2026-10-02T19:13:07.760723+00:00,0.25671,2026-10-02T19:13:07.799032+00:00,2026-10-02T19:13:25.869942+00:00,18.07091,"{""auc"":0.8319557309150696,""loss"":0.5121335387229919,""epoch"":1,""phase"":""base"",""pr_auc"":0.8353803157806396,""recall"":0.7525365948677063,""val_auc"":0.9515020251274109,""accuracy"":0.7549143433570862,""val_loss"":0.3714812994003296,""precision"":0.7577072381973267,""val_pr_auc"":0.9495688080787659,""val_recall"":0.6845282912254333,""phase_epoch"":1,""specificity"":0.7573122978210449,""val_accuracy"":0.8295581340789795,""learning_rate"":1,""val_precision"":0.9567510485649109,""val_specificity"":0.9700292397660819,""balanced_accuracy"":0.7549244165420532,""recall_parasitized"":0.7525365948677063,""val_f2_parasitized"":0.725832266325224,""val_balanced_accuracy"":0.8272787708264372,""val_n_pred_uninfected"":1745,""val_n_pred_parasitized"":948,""val_pr_auc_parasitized"":0.9495535245111112,""val_recall_parasitized"":0.6845283018867925,""val_prediction_collapse"":0,""val_roc_auc_parasitized"":0.9514862628268786,""val_early_stopping_score"":0.7258322663250966,""val_checkpoint_policy_score"":0.6845283018867925,""val_percent_pred_uninfected"":0.6479762346825102,""val_sensitivity_parasitized"":0.6845283018867925,""val_percent_pred_parasitized"":0.3520237653174898,""val_prediction_collapse_detected"":0}",0.8319557309150696,0.5121335387229919,1,base,0.8353803157806396,0.7525365948677063,0.9515020251274109,0.7549143433570862,0.3714812994003296,0.7577072381973267,0.9495688080787659,0.6845282912254333,1,0.7573122978210449,0.8295581340789795,1,0.9567510485649109,0.9700292397660819,0.7549244165420532,0.7525365948677063,0.725832266325224,0.8272787708264372,1745,948,0.9495535245111112,0.6845283018867925,0,0.9514862628268786,0.7258322663250966,0.6845283018867925,0.6479762346825102,0.6845283018867925,0.3520237653174898,0
c6fc8261-375b-41bf-9c15-a1e6885184ef,densenet121,adadelta,Q06/Q11,train_execution_records,epoch,base,2,2026-10-02T19:16:17.192494+00:00,d8779ee9-dc2a-459f-9d22-faf3d1cafc10,7,2026-10-02T19:16:17.195841+00:00,2026-10-02T19:13:07.465535+00:00,189.730306,2026-10-02T19:16:17.238589+00:00,2026-10-02T19:16:17.497897+00:00,0.259308,2026-10-02T19:16:17.534325+00:00,2026-10-02T19:16:35.493292+00:00,17.958967,"{""auc"":0.9039843082427979,""loss"":0.3922978341579437,""epoch"":2,""phase"":""base"",""pr_auc"":0.9096605181694031,""recall"":0.8168268203735352,""val_auc"":0.9531524181365967,""accuracy"":0.8297565579414368,""val_loss"":0.36112937331199646,""precision"":0.8397489190101624,""val_pr_auc"":0.9514961838722229,""val_recall"":0.6958490610122681,""phase_epoch"":2,""specificity"":0.8427963256835938,""val_accuracy"":0.8354994654655457,""learning_rate"":1,""val_precision"":0.9584199786186218,""val_specificity"":0.9707602339181286,""balanced_accuracy"":0.8298115730285645,""recall_parasitized"":0.8168268203735352,""val_f2_parasitized"":0.7361865218779943,""val_balanced_accuracy"":0.8333046452609512,""val_n_pred_uninfected"":1731,""val_n_pred_parasitized"":962,""val_pr_auc_parasitized"":0.9516575740418128,""val_recall_parasitized"":0.6958490566037736,""val_prediction_collapse"":0,""val_roc_auc_parasitized"":0.9532814741255655,""val_early_stopping_score"":0.7361865218778613,""val_checkpoint_policy_score"":0.6958490566037736,""val_percent_pred_uninfected"":0.642777571481619,""val_sensitivity_parasitized"":0.6958490566037736,""val_percent_pred_parasitized"":0.357222428518381,""val_prediction_collapse_detected"":0}",0.9039843082427979,0.3922978341579437,2,base,0.9096605181694031,0.8168268203735352,0.9531524181365967,0.8297565579414368,0.36112937331199646,0.8397489190101624,0.9514961838722229,0.6958490610122681,2,0.8427963256835938,0.8354994654655457,1,0.9584199786186218,0.9707602339181286,0.8298115730285645,0.8168268203735352,0.7361865218779943,0.8333046452609512,1731,962,0.9516575740418128,0.6958490566037736,0,0.9532814741255655,0.7361865218778613,0.6958490566037736,0.642777571481619,0.6958490566037736,0.357222428518381,0
c6fc8261-375b-41bf-9c15-a1e6885184ef,densenet121,adadelta,Q06/Q11,train_execution_records,epoch,base,3,2026-10-02T19:19:30.671376+00:00,7350099b-eb48-4aae-a67d-2241ac4c0a33,12,2026-10-02T19:19:30.673961+00:00,2026-10-02T19:16:17.195841+00:00,193.47812,2026-10-02T19:19:30.714855+00:00,2026-10-02T19:19:30.971398+00:00,0.256543,2026-10-02T19:19:31.009241+00:00,2026-10-02T19:19:49.158158+00:00,18.148917,"{""auc"":0.9066219329833984,""loss"":0.3868843913078308,""epoch"":3,""phase"":""base"",""pr_auc"":0.9112576842308044,""recall"":0.8153003454208374,""val_auc"":0.9532842636108398,""accuracy"":0.8300270438194275,""val_loss"":0.4154679775238037,""precision"":0.8412860035896301,""val_pr_auc"":0.9526546001434326,""val_recall"":0.6037735939025879,""phase_epoch"":3,""specificity"":0.8448790907859802,""val_accuracy"":0.7961381077766418,""learning_rate"":1,""val_precision"":0.9708737730979919,""val_specificity"":0.9824561403508771,""balanced_accuracy"":0.8300896883010864,""recall_parasitized"":0.8153003454208374,""val_f2_parasitized"":0.6531678641410843,""val_balanced_accuracy"":0.7931148626282687,""val_n_pred_uninfected"":1869,""val_n_pred_parasitized"":824,""val_pr_auc_parasitized"":0.9526425168807552,""val_recall_parasitized"":0.6037735849056604,""val_prediction_collapse"":0,""val_roc_auc_parasitized"":0.9533449189010261,""val_early_stopping_score"":0.6531678641409915,""val_checkpoint_policy_score"":0.6037735849056604,""val_percent_pred_uninfected"":0.6940215373189751,""val_sensitivity_parasitized"":0.6037735849056604,""val_percent_pred_parasitized"":0.30597846268102485,""val_prediction_collapse_detected"":0}",0.9066219329833984,0.3868843913078308,3,base,0.9112576842308044,0.8153003454208374,0.9532842636108398,0.8300270438194275,0.4154679775238037,0.8412860035896301,0.9526546001434326,0.6037735939025879,3,0.8448790907859802,0.7961381077766418,1,0.9708737730979919,0.9824561403508771,0.8300896883010864,0.8153003454208374,0.6531678641410843,0.7931148626282687,1869,824,0.9526425168807552,0.6037735849056604,0,0.9533449189010261,0.6531678641409915,0.6037735849056604,0.6940215373189751,0.6037735849056604,0.30597846268102485,0
c6fc8261-375b-41bf-9c15-a1e6885184ef,densenet121,adadelta,Q06/Q11,train_execution_records,epoch,base,4,2026-10-02T19:22:47.364097+00:00,116c0594-08b1-4125-9e0f-624715871469,17,2026-10-02T19:22:47.366584+00:00,2026-10-02T19:19:30.673961+00:00,196.692623,2026-10-02T19:22:47.403137+00:00,2026-10-02T19:22:47.657388+00:00,0.254251,2026-10-02T19:22:47.696270+00:00,2026-10-02T19:23:05.858728+00:00,18.162458,"{""auc"":0.9102991223335266,""loss"":0.3793103098869324,""epoch"":4,""phase"":""base"",""pr_auc"":0.9161770343780518,""recall"":0.8191613554954529,""val_auc"":0.956918478012085,""accuracy"":0.8340396881103516,""val_loss"":0.3024871051311493,""precision"":0.8455051183700562,""val_pr_auc"":0.9557647705078125,""val_recall"":0.8120754957199097,""phase_epoch"":4,""specificity"":0.8490446209907532,""val_accuracy"":0.8793167471885681,""learning_rate"":1,""val_precision"":0.9340277910232544,""val_specificity"":0.9444444444444444,""balanced_accuracy"":0.834102988243103,""recall_parasitized"":0.8191613554954529,""val_f2_parasitized"":0.8338499690018599,""val_balanced_accuracy"":0.8782599580712789,""val_n_pred_uninfected"":1541,""val_n_pred_parasitized"":1152,""val_pr_auc_parasitized"":0.9560443127897239,""val_recall_parasitized"":0.8120754716981132,""val_prediction_collapse"":0,""val_roc_auc_parasitized"":0.9569921659494649,""val_early_stopping_score"":0.8338499690016666,""val_checkpoint_policy_score"":0.8120754716981132,""val_percent_pred_uninfected"":0.5722242851838099,""val_sensitivity_parasitized"":0.8120754716981132,""val_percent_pred_parasitized"":0.42777571481619014,""val_prediction_collapse_detected"":0}",0.9102991223335266,0.3793103098869324,4,base,0.9161770343780518,0.8191613554954529,0.956918478012085,0.8340396881103516,0.3024871051311493,0.8455051183700562,0.9557647705078125,0.8120754957199097,4,0.8490446209907532,0.8793167471885681,1,0.9340277910232544,0.9444444444444444,0.834102988243103,0.8191613554954529,0.8338499690018599,0.8782599580712789,1541,1152,0.9560443127897239,0.8120754716981132,0,0.9569921659494649,0.8338499690016666,0.8120754716981132,0.5722242851838099,0.8120754716981132,0.42777571481619014,0
c6fc8261-375b-41bf-9c15-a1e6885184ef,densenet121,adadelta,Q06/Q11,train_execution_records,epoch,base,5,2026-10-02T19:26:02.814982+00:00,803d3fb2-b424-4ef7-ac0a-010ee83cdcf9,22,2026-10-02T19:26:02.818060+00:00,2026-10-02T19:22:47.366584+00:00,195.451476,2026-10-02T19:26:02.860280+00:00,2026-10-02T19:26:03.122321+00:00,0.262041,2026-10-02T19:26:03.159780+00:00,2026-10-02T19:26:21.438173+00:00,18.278393,"{""auc"":0.9160376191139221,""loss"":0.3677395284175873,""epoch"":5,""phase"":""base"",""pr_auc"":0.9206162691116333,""recall"":0.8276016712188721,""val_auc"":0.9586643576622009,""accuracy"":0.8411180973052979,""val_loss"":0.2919624447822571,""precision"":0.8517696857452393,""val_pr_auc"":0.9577155113220215,""val_recall"":0.8415094614028931,""phase_epoch"":5,""specificity"":0.8547496199607849,""val_accuracy"":0.8886000514030457,""learning_rate"":1,""val_precision"":0.9253112077713013,""val_specificity"":0.9342105263157895,""balanced_accuracy"":0.8411756753921509,""recall_parasitized"":0.8276016712188721,""val_f2_parasitized"":0.857033051498847,""val_balanced_accuracy"":0.8878599801390268,""val_n_pred_uninfected"":1488,""val_n_pred_parasitized"":1205,""val_pr_auc_parasitized"":0.9578478571180254,""val_recall_parasitized"":0.8415094339622642,""val_prediction_collapse"":0,""val_roc_auc_parasitized"":0.9586836588326162,""val_early_stopping_score"":0.8570330514986371,""val_checkpoint_policy_score"":0.8415094339622642,""val_percent_pred_uninfected"":0.5525436316375789,""val_sensitivity_parasitized"":0.8415094339622642,""val_percent_pred_parasitized"":0.4474563683624211,""val_prediction_collapse_detected"":0}",0.9160376191139221,0.3677395284175873,5,base,0.9206162691116333,0.8276016712188721,0.9586643576622009,0.8411180973052979,0.2919624447822571,0.8517696857452393,0.9577155113220215,0.8415094614028931,5,0.8547496199607849,0.8886000514030457,1,0.9253112077713013,0.9342105263157895,0.8411756753921509,0.8276016712188721,0.857033051498847,0.8878599801390268,1488,1205,0.9578478571180254,0.8415094339622642,0,0.9586836588326162,0.8570330514986371,0.8415094339622642,0.5525436316375789,0.8415094339622642,0.4474563683624211,0
c6fc8261-375b-41bf-9c15-a1e6885184ef,densenet121,adadelta,Q06/Q11,train_execution_records,epoch,base,6,2026-10-02T19:29:19.044099+00:00,8ba146ad-1e7f-4b4c-8a4a-9e53df2769d0,27,2026-10-02T19:29:19.047178+00:00,2026-10-02T19:26:02.818060+00:00,196.229118,2026-10-02T19:29:19.088312+00:00,2026-10-02T19:29:19.470987+00:00,0.382675,2026-10-02T19:29:19.511038+00:00,2026-10-02T19:29:38.659683+00:00,19.148645,"{""auc"":0.9133115410804749,""loss"":0.37428513169288635,""epoch"":6,""phase"":""base"",""pr_auc"":0.9174047112464905,""recall"":0.8185328245162964,""val_auc"":0.955448567867279,""accuracy"":0.8365193605422974,""val_loss"":0.39237114787101746,""precision"":0.8502938151359558,""val_pr_auc"":0.9552192687988281,""val_recall"":0.6392452716827393,""phase_epoch"":6,""specificity"":0.8546590805053711,""val_accuracy"":0.8124768137931824,""learning_rate"":1,""val_precision"":0.9691075682640076,""val_specificity"":0.9802631578947368,""balanced_accuracy"":0.8365959525108337,""recall_parasitized"":0.8185328245162964,""val_f2_parasitized"":0.6859410430839002,""val_balanced_accuracy"":0.8097542204568025,""val_n_pred_uninfected"":1819,""val_n_pred_parasitized"":874,""val_pr_auc_parasitized"":0.9551840908116631,""val_recall_parasitized"":0.639245283018868,""val_prediction_collapse"":0,""val_roc_auc_parasitized"":0.9552923976608187,""val_early_stopping_score"":0.6859410430837927,""val_checkpoint_policy_score"":0.639245283018868,""val_percent_pred_uninfected"":0.675454883030078,""val_sensitivity_parasitized"":0.639245283018868,""val_percent_pred_parasitized"":0.324545116969922,""val_prediction_collapse_detected"":0}",0.9133115410804749,0.37428513169288635,6,base,0.9174047112464905,0.8185328245162964,0.955448567867279,0.8365193605422974,0.39237114787101746,0.8502938151359558,0.9552192687988281,0.6392452716827393,6,0.8546590805053711,0.8124768137931824,1,0.9691075682640076,0.9802631578947368,0.8365959525108337,0.8185328245162964,0.6859410430839002,0.8097542204568025,1819,874,0.9551840908116631,0.639245283018868,0,0.9552923976608187,0.6859410430837927,0.639245283018868,0.675454883030078,0.639245283018868,0.324545116969922,0
c6fc8261-375b-41bf-9c15-a1e6885184ef,densenet121,adadelta,Q06/Q11,train_execution_records,epoch,base,7,2026-10-02T19:32:34.259423+00:00,1e467a07-a6a7-47f4-af7f-340e924ab383,32,2026-10-02T19:32:34.261448+00:00,2026-10-02T19:29:19.047178+00:00,195.21427,2026-10-02T19:32:34.296702+00:00,2026-10-02T19:32:34.545885+00:00,0.249183,2026-10-02T19:32:34.580534+00:00,2026-10-02T19:32:52.936989+00:00,18.356455,"{""auc"":0.9146937131881714,""loss"":0.36953604221343994,""epoch"":7,""phase"":""base"",""pr_auc"":0.9211167097091675,""recall"":0.8229325413703918,""val_auc"":0.9590726494789124,""accuracy"":0.8398106694221497,""val_loss"":0.2887347638607025,""precision"":0.8528754711151123,""val_pr_auc"":0.9580382704734802,""val_recall"":0.8694339394569397,""phase_epoch"":7,""specificity"":0.8568323850631714,""val_accuracy"":0.8982547521591187,""learning_rate"":1,""val_precision"":0.9193934798240662,""val_specificity"":0.9261695906432749,""balanced_accuracy"":0.839882493019104,""recall_parasitized"":0.8229325413703918,""val_f2_parasitized"":0.8789867236380284,""val_balanced_accuracy"":0.897801776453713,""val_n_pred_uninfected"":1440,""val_n_pred_parasitized"":1253,""val_pr_auc_parasitized"":0.9580069267112641,""val_recall_parasitized"":0.8694339622641509,""val_prediction_collapse"":0,""val_roc_auc_parasitized"":0.9590246055390049,""val_early_stopping_score"":0.8789867236378021,""val_checkpoint_policy_score"":0.8694339622641509,""val_percent_pred_uninfected"":0.5347196435202377,""val_sensitivity_parasitized"":0.8694339622641509,""val_percent_pred_parasitized"":0.46528035647976235,""val_prediction_collapse_detected"":0}",0.9146937131881714,0.36953604221343994,7,base,0.9211167097091675,0.8229325413703918,0.9590726494789124,0.8398106694221497,0.2887347638607025,0.8528754711151123,0.9580382704734802,0.8694339394569397,7,0.8568323850631714,0.8982547521591187,1,0.9193934798240662,0.9261695906432749,0.839882493019104,0.8229325413703918,0.8789867236380284,0.897801776453713,1440,1253,0.9580069267112641,0.8694339622641509,0,0.9590246055390049,0.8789867236378021,0.8694339622641509,0.5347196435202377,0.8694339622641509,0.46528035647976235,0
c6fc8261-375b-41bf-9c15-a1e6885184ef,densenet121,adadelta,Q06/Q11,train_execution_records,epoch,base,8,2026-10-02T19:35:53.409974+00:00,e31e0432-a92e-4e4c-8678-299ebcd89e5b,37,2026-10-02T19:35:53.413383+00:00,2026-10-02T19:32:34.261448+00:00,199.151935,2026-10-02T19:35:53.448164+00:00,2026-10-02T19:35:53.717786+00:00,0.269622,2026-10-02T19:35:53.751501+00:00,2026-10-02T19:36:12.207015+00:00,18.455514,"{""auc"":0.9146247506141663,""loss"":0.3711407780647278,""epoch"":8,""phase"":""base"",""pr_auc"":0.9187285900115967,""recall"":0.8243691921234131,""val_auc"":0.9578844904899597,""accuracy"":0.8409828543663025,""val_loss"":0.29956555366516113,""precision"":0.853887677192688,""val_pr_auc"":0.957328200340271,""val_recall"":0.8060377240180969,""phase_epoch"":8,""specificity"":0.8577379584312439,""val_accuracy"":0.8789454102516174,""learning_rate"":1,""val_precision"":0.9393140077590942,""val_specificity"":0.9495614035087719,""balanced_accuracy"":0.8410536050796509,""recall_parasitized"":0.8243691921234131,""val_f2_parasitized"":0.8295789964269069,""val_balanced_accuracy"":0.8777995696789143,""val_n_pred_uninfected"":1556,""val_n_pred_parasitized"":1137,""val_pr_auc_parasitized"":0.9573670642757993,""val_recall_parasitized"":0.8060377358490566,""val_prediction_collapse"":0,""val_roc_auc_parasitized"":0.9579140461215933,""val_early_stopping_score"":0.8295789964267167,""val_checkpoint_policy_score"":0.8060377358490566,""val_percent_pred_uninfected"":0.5777942814704791,""val_sensitivity_parasitized"":0.8060377358490566,""val_percent_pred_parasitized"":0.422205718529521,""val_prediction_collapse_detected"":0}",0.9146247506141663,0.3711407780647278,8,base,0.9187285900115967,0.8243691921234131,0.9578844904899597,0.8409828543663025,0.29956555366516113,0.853887677192688,0.957328200340271,0.8060377240180969,8,0.8577379584312439,0.8789454102516174,1,0.9393140077590942,0.9495614035087719,0.8410536050796509,0.8243691921234131,0.8295789964269069,0.8777995696789143,1556,1137,0.9573670642757993,0.8060377358490566,0,0.9579140461215933,0.8295789964267167,0.8060377358490566,0.5777942814704791,0.8060377358490566,0.422205718529521,0
c6fc8261-375b-41bf-9c15-a1e6885184ef,densenet121,adadelta,Q06/Q11,train_execution_records,epoch,base,9,2026-10-02T19:39:11.624353+00:00,355bcb36-0848-4040-8d39-295b3a98643b,42,2026-10-02T19:39:11.626373+00:00,2026-10-02T19:35:53.413383+00:00,198.21299,2026-10-02T19:39:11.663028+00:00,2026-10-02T19:39:11.942265+00:00,0.279237,2026-10-02T19:39:11.979494+00:00,2026-10-02T19:39:31.061169+00:00,19.081675,"{""auc"":0.9146140813827515,""loss"":0.3701041042804718,""epoch"":9,""phase"":""base"",""pr_auc"":0.9207034111022949,""recall"":0.8242794275283813,""val_auc"":0.9589040875434875,""accuracy"":0.8393146991729736,""val_loss"":0.29187312722206116,""precision"":0.8510243892669678,""val_pr_auc"":0.9582082629203796,""val_recall"":0.8996226191520691,""phase_epoch"":9,""specificity"":0.8544779419898987,""val_accuracy"":0.9023393988609314,""learning_rate"":1,""val_precision"":0.901664137840271,""val_specificity"":0.9049707602339181,""balanced_accuracy"":0.8393787145614624,""recall_parasitized"":0.8242794275283813,""val_f2_parasitized"":0.9000302023557838,""val_balanced_accuracy"":0.902296700871676,""val_n_pred_uninfected"":1371,""val_n_pred_parasitized"":1322,""val_pr_auc_parasitized"":0.9579901359679175,""val_recall_parasitized"":0.8996226415094339,""val_prediction_collapse"":0,""val_roc_auc_parasitized"":0.9588877855014896,""val_early_stopping_score"":0.9000302023555409,""val_checkpoint_policy_score"":0.8996226415094339,""val_percent_pred_uninfected"":0.5090976606015596,""val_sensitivity_parasitized"":0.8996226415094339,""val_percent_pred_parasitized"":0.4909023393984404,""val_prediction_collapse_detected"":0}",0.9146140813827515,0.3701041042804718,9,base,0.9207034111022949,0.8242794275283813,0.9589040875434875,0.8393146991729736,0.29187312722206116,0.8510243892669678,0.9582082629203796,0.8996226191520691,9,0.8544779419898987,0.9023393988609314,1,0.901664137840271,0.9049707602339181,0.8393787145614624,0.8242794275283813,0.9000302023557838,0.902296700871676,1371,1322,0.9579901359679175,0.8996226415094339,0,0.9588877855014896,0.9000302023555409,0.8996226415094339,0.5090976606015596,0.8996226415094339,0.4909023393984404,0
c6fc8261-375b-41bf-9c15-a1e6885184ef,densenet121,adadelta,Q06/Q11,train_execution_records,epoch,base,10,2026-10-02T19:42:32.702997+00:00,f975db77-61b7-4d44-a714-77eed318c0f0,47,2026-10-02T19:42:32.705183+00:00,2026-10-02T19:39:11.626373+00:00,201.07881,2026-10-02T19:42:32.742597+00:00,2026-10-02T19:42:32.997757+00:00,0.25516,2026-10-02T19:42:33.030980+00:00,2026-10-02T19:42:52.182690+00:00,19.15171,"{""auc"":0.9139514565467834,""loss"":0.3731408417224884,""epoch"":10,""phase"":""base"",""pr_auc"":0.9186229705810547,""recall"":0.8226631879806519,""val_auc"":0.9610816836357117,""accuracy"":0.8372407555580139,""val_loss"":0.28953084349632263,""precision"":0.8485690355300903,""val_pr_auc"":0.9595733880996704,""val_recall"":0.8226414918899536,""phase_epoch"":10,""specificity"":0.8519424200057983,""val_accuracy"":0.8860007524490356,""learning_rate"":1,""val_precision"":0.9380378723144531,""val_specificity"":0.9473684210526315,""balanced_accuracy"":0.8373028039932251,""recall_parasitized"":0.8226631879806519,""val_f2_parasitized"":0.8433921386567627,""val_balanced_accuracy"":0.885004965243297,""val_n_pred_uninfected"":1531,""val_n_pred_parasitized"":1162,""val_pr_auc_parasitized"":0.9596419629578256,""val_recall_parasitized"":0.8226415094339623,""val_prediction_collapse"":0,""val_roc_auc_parasitized"":0.9611298686968995,""val_early_stopping_score"":0.8433921386565627,""val_checkpoint_policy_score"":0.8226415094339623,""val_percent_pred_uninfected"":0.5685109543260305,""val_sensitivity_parasitized"":0.8226415094339623,""val_percent_pred_parasitized"":0.43148904567396956,""val_prediction_collapse_detected"":0}",0.9139514565467834,0.3731408417224884,10,base,0.9186229705810547,0.8226631879806519,0.9610816836357117,0.8372407555580139,0.28953084349632263,0.8485690355300903,0.9595733880996704,0.8226414918899536,10,0.8519424200057983,0.8860007524490356,1,0.9380378723144531,0.9473684210526315,0.8373028039932251,0.8226631879806519,0.8433921386567627,0.885004965243297,1531,1162,0.9596419629578256,0.8226415094339623,0,0.9611298686968995,0.8433921386565627,0.8226415094339623,0.5685109543260305,0.8226415094339623,0.43148904567396956,0
c6fc8261-375b-41bf-9c15-a1e6885184ef,densenet121,adadelta,Q06/Q11,train_execution_records,epoch,base,11,2026-10-02T19:46:01.162939+00:00,81d3c952-c5c5-4b2e-8431-49d5b74b45b7,52,2026-10-02T19:46:01.166605+00:00,2026-10-02T19:42:32.705183+00:00,208.461422,2026-10-02T19:46:01.205399+00:00,2026-10-02T19:46:01.463212+00:00,0.257813,2026-10-02T19:46:01.500857+00:00,2026-10-02T19:46:20.226217+00:00,18.72536,"{""auc"":0.9177557229995728,""loss"":0.363185316324234,""epoch"":11,""phase"":""base"",""pr_auc"":0.9239064455032349,""recall"":0.8287689685821533,""val_auc"":0.9587409496307373,""accuracy"":0.8420649170875549,""val_loss"":0.286577969789505,""precision"":0.8525771498680115,""val_pr_auc"":0.9580782651901245,""val_recall"":0.845283031463623,""phase_epoch"":11,""specificity"":0.855474054813385,""val_accuracy"":0.889342725276947,""learning_rate"":1,""val_precision"":0.9233306050300598,""val_specificity"":0.9320175438596491,""balanced_accuracy"":0.8421214818954468,""recall_parasitized"":0.8287689685821533,""val_f2_parasitized"":0.8598188238906802,""val_balanced_accuracy"":0.8886502813637869,""val_n_pred_uninfected"":1480,""val_n_pred_parasitized"":1213,""val_pr_auc_parasitized"":0.9580527546977592,""val_recall_parasitized"":0.8452830188679246,""val_prediction_collapse"":0,""val_roc_auc_parasitized"":0.9588083416087387,""val_early_stopping_score"":0.8598188238904683,""val_checkpoint_policy_score"":0.8452830188679246,""val_percent_pred_uninfected"":0.5495729669513554,""val_sensitivity_parasitized"":0.8452830188679246,""val_percent_pred_parasitized"":0.4504270330486446,""val_prediction_collapse_detected"":0}",0.9177557229995728,0.363185316324234,11,base,0.9239064455032349,0.8287689685821533,0.9587409496307373,0.8420649170875549,0.286577969789505,0.8525771498680115,0.9580782651901245,0.845283031463623,11,0.855474054813385,0.889342725276947,1,0.9233306050300598,0.9320175438596491,0.8421214818954468,0.8287689685821533,0.8598188238906802,0.8886502813637869,1480,1213,0.9580527546977592,0.8452830188679246,0,0.9588083416087387,0.8598188238904683,0.8452830188679246,0.5495729669513554,0.8452830188679246,0.4504270330486446,0
c6fc8261-375b-41bf-9c15-a1e6885184ef,densenet121,adadelta,Q06/Q11,train_execution_records,epoch,base,12,2026-10-02T19:49:18.03772+00:00,d30d4a3c-aef6-4d46-ad39-1a5913c94909,57,2026-10-02T19:49:18.040444+00:00,2026-10-02T19:46:01.166605+00:00,196.873839,2026-10-02T19:49:18.079649+00:00,2026-10-02T19:49:18.448417+00:00,0.368768,2026-10-02T19:49:18.486525+00:00,2026-10-02T19:49:36.907971+00:00,18.421446,"{""auc"":0.9145476222038269,""loss"":0.371395081281662,""epoch"":12,""phase"":""base"",""pr_auc"":0.9197896122932434,""recall"":0.8230223655700684,""val_auc"":0.9595128297805786,""accuracy"":0.8382326364517212,""val_loss"":0.28721028566360474,""precision"":0.8500417470932007,""val_pr_auc"":0.9588174223899841,""val_recall"":0.8747169971466064,""phase_epoch"":12,""specificity"":0.853572428226471,""val_accuracy"":0.8993687629699707,""learning_rate"":1,""val_precision"":0.9169303774833679,""val_specificity"":0.9232456140350878,""balanced_accuracy"":0.8382973670959473,""recall_parasitized"":0.8230223655700684,""val_f2_parasitized"":0.8828458257160268,""val_balanced_accuracy"":0.8989812975835816,""val_n_pred_uninfected"":1429,""val_n_pred_parasitized"":1264,""val_pr_auc_parasitized"":0.9588105170945067,""val_recall_parasitized"":0.8747169811320755,""val_prediction_collapse"":0,""val_roc_auc_parasitized"":0.9595972635992497,""val_early_stopping_score"":0.8828458257157974,""val_checkpoint_policy_score"":0.8747169811320755,""val_percent_pred_uninfected"":0.5306349795766803,""val_sensitivity_parasitized"":0.8747169811320755,""val_percent_pred_parasitized"":0.46936502042331973,""val_prediction_collapse_detected"":0}",0.9145476222038269,0.371395081281662,12,base,0.9197896122932434,0.8230223655700684,0.9595128297805786,0.8382326364517212,0.28721028566360474,0.8500417470932007,0.9588174223899841,0.8747169971466064,12,0.853572428226471,0.8993687629699707,1,0.9169303774833679,0.9232456140350878,0.8382973670959473,0.8230223655700684,0.8828458257160268,0.8989812975835816,1429,1264,0.9588105170945067,0.8747169811320755,0,0.9595972635992497,0.8828458257157974,0.8747169811320755,0.5306349795766803,0.8747169811320755,0.46936502042331973,0
c6fc8261-375b-41bf-9c15-a1e6885184ef,densenet121,adadelta,Q06/Q11,train_execution_records,epoch,base,13,2026-10-02T19:52:34.846682+00:00,eebf35d4-dbe5-498f-bccd-95057f9fd653,62,2026-10-02T19:52:34.850469+00:00,2026-10-02T19:49:18.040444+00:00,196.810025,2026-10-02T19:52:34.892995+00:00,2026-10-02T19:52:35.150178+00:00,0.257183,2026-10-02T19:52:35.187460+00:00,2026-10-02T19:52:53.754710+00:00,18.56725,"{""auc"":0.9162323474884033,""loss"":0.3672662079334259,""epoch"":13,""phase"":""base"",""pr_auc"":0.9222683906555176,""recall"":0.8245487809181213,""val_auc"":0.957210898399353,""accuracy"":0.8390442132949829,""val_loss"":0.34737202525138855,""precision"":0.8503565192222595,""val_pr_auc"":0.9565855860710144,""val_recall"":0.7101886868476868,""phase_epoch"":13,""specificity"":0.8536629676818848,""val_accuracy"":0.8447827696800232,""learning_rate"":1,""val_precision"":0.9651281833648682,""val_specificity"":0.9751461988304093,""balanced_accuracy"":0.8391058444976807,""recall_parasitized"":0.8245487809181213,""val_f2_parasitized"":0.749800796812749,""val_balanced_accuracy"":0.8426674390378461,""val_n_pred_uninfected"":1718,""val_n_pred_parasitized"":975,""val_pr_auc_parasitized"":0.9565554171657233,""val_recall_parasitized"":0.7101886792452831,""val_prediction_collapse"":0,""val_roc_auc_parasitized"":0.9571074699326934,""val_early_stopping_score"":0.7498007968126085,""val_checkpoint_policy_score"":0.7101886792452831,""val_percent_pred_uninfected"":0.6379502413665058,""val_sensitivity_parasitized"":0.7101886792452831,""val_percent_pred_parasitized"":0.36204975863349426,""val_prediction_collapse_detected"":0}",0.9162323474884033,0.3672662079334259,13,base,0.9222683906555176,0.8245487809181213,0.957210898399353,0.8390442132949829,0.34737202525138855,0.8503565192222595,0.9565855860710144,0.7101886868476868,13,0.8536629676818848,0.8447827696800232,1,0.9651281833648682,0.9751461988304093,0.8391058444976807,0.8245487809181213,0.749800796812749,0.8426674390378461,1718,975,0.9565554171657233,0.7101886792452831,0,0.9571074699326934,0.7498007968126085,0.7101886792452831,0.6379502413665058,0.7101886792452831,0.36204975863349426,0
c6fc8261-375b-41bf-9c15-a1e6885184ef,densenet121,adadelta,Q06/Q11,train_execution_records,epoch,base,14,2026-10-02T19:55:55.448032+00:00,7237903f-7f02-4b85-966b-6cb5f6c54b5f,67,2026-10-02T19:55:55.451595+00:00,2026-10-02T19:52:34.850469+00:00,200.601126,2026-10-02T19:55:55.492713+00:00,2026-10-02T19:55:55.748787+00:00,0.256074,2026-10-02T19:55:55.786527+00:00,2026-10-02T19:56:14.319787+00:00,18.53326,"{""auc"":0.9162291884422302,""loss"":0.3681913912296295,""epoch"":14,""phase"":""base"",""pr_auc"":0.9205738306045532,""recall"":0.8260752558708191,""val_auc"":0.9606790542602539,""accuracy"":0.8416591286659241,""val_loss"":0.3278029263019562,""precision"":0.8538283109664917,""val_pr_auc"":0.9594540596008301,""val_recall"":0.7305660247802734,""phase_epoch"":14,""specificity"":0.8573757410049438,""val_accuracy"":0.8529521226882935,""learning_rate"":1,""val_precision"":0.9612711071968079,""val_specificity"":0.9714912280701754,""balanced_accuracy"":0.8417254686355591,""recall_parasitized"":0.8260752558708191,""val_f2_parasitized"":0.7674013001426986,""val_balanced_accuracy"":0.8510286329030122,""val_n_pred_uninfected"":1686,""val_n_pred_parasitized"":1007,""val_pr_auc_parasitized"":0.9593779391757711,""val_recall_parasitized"":0.730566037735849,""val_prediction_collapse"":0,""val_roc_auc_parasitized"":0.9606327926735077,""val_early_stopping_score"":0.7674013001425479,""val_checkpoint_policy_score"":0.730566037735849,""val_percent_pred_uninfected"":0.6260675826216116,""val_sensitivity_parasitized"":0.730566037735849,""val_percent_pred_parasitized"":0.3739324173783884,""val_prediction_collapse_detected"":0}",0.9162291884422302,0.3681913912296295,14,base,0.9205738306045532,0.8260752558708191,0.9606790542602539,0.8416591286659241,0.3278029263019562,0.8538283109664917,0.9594540596008301,0.7305660247802734,14,0.8573757410049438,0.8529521226882935,1,0.9612711071968079,0.9714912280701754,0.8417254686355591,0.8260752558708191,0.7674013001426986,0.8510286329030122,1686,1007,0.9593779391757711,0.730566037735849,0,0.9606327926735077,0.7674013001425479,0.730566037735849,0.6260675826216116,0.730566037735849,0.3739324173783884,0
c6fc8261-375b-41bf-9c15-a1e6885184ef,densenet121,adadelta,Q06/Q11,train_execution_records,epoch,base,15,2026-10-02T19:59:12.173978+00:00,ec0ddd3f-85bd-4cdf-8e90-0f465d42b7f9,72,2026-10-02T19:59:12.176542+00:00,2026-10-02T19:55:55.451595+00:00,196.724947,2026-10-02T19:59:12.218197+00:00,2026-10-02T19:59:12.475624+00:00,0.257427,2026-10-02T19:59:12.511392+00:00,2026-10-02T19:59:30.704627+00:00,18.193235,"{""auc"":0.9161291718482971,""loss"":0.3679405748844147,""epoch"":15,""phase"":""base"",""pr_auc"":0.9209269285202026,""recall"":0.8249079585075378,""val_auc"":0.9602472186088562,""accuracy"":0.8391794562339783,""val_loss"":0.28273987770080566,""precision"":0.8503332138061523,""val_pr_auc"":0.95923912525177,""val_recall"":0.8415094614028931,""phase_epoch"":15,""specificity"":0.853572428226471,""val_accuracy"":0.8911994099617004,""learning_rate"":1,""val_precision"":0.9307178854942322,""val_specificity"":0.939327485380117,""balanced_accuracy"":0.8392401933670044,""recall_parasitized"":0.8249079585075378,""val_f2_parasitized"":0.8579562942443829,""val_balanced_accuracy"":0.8904184596711906,""val_n_pred_uninfected"":1495,""val_n_pred_parasitized"":1198,""val_pr_auc_parasitized"":0.9591709464912518,""val_recall_parasitized"":0.8415094339622642,""val_prediction_collapse"":0,""val_roc_auc_parasitized"":0.9601930927948802,""val_early_stopping_score"":0.8579562942441724,""val_checkpoint_policy_score"":0.8415094339622642,""val_percent_pred_uninfected"":0.5551429632380245,""val_sensitivity_parasitized"":0.8415094339622642,""val_percent_pred_parasitized"":0.44485703676197547,""val_prediction_collapse_detected"":0}",0.9161291718482971,0.3679405748844147,15,base,0.9209269285202026,0.8249079585075378,0.9602472186088562,0.8391794562339783,0.28273987770080566,0.8503332138061523,0.95923912525177,0.8415094614028931,15,0.853572428226471,0.8911994099617004,1,0.9307178854942322,0.939327485380117,0.8392401933670044,0.8249079585075378,0.8579562942443829,0.8904184596711906,1495,1198,0.9591709464912518,0.8415094339622642,0,0.9601930927948802,0.8579562942441724,0.8415094339622642,0.5551429632380245,0.8415094339622642,0.44485703676197547,0
c6fc8261-375b-41bf-9c15-a1e6885184ef,densenet121,adadelta,Q06/Q11,train_execution_records,epoch,base,16,2026-10-02T20:02:25.766534+00:00,2095d0cd-8702-4eed-a3f5-72ff50767d95,77,2026-10-02T20:02:25.770496+00:00,2026-10-02T19:59:12.176542+00:00,193.593954,2026-10-02T20:02:25.811411+00:00,2026-10-02T20:02:26.064946+00:00,0.253535,2026-10-02T20:02:26.106372+00:00,2026-10-02T20:02:44.897806+00:00,18.791434,"{""auc"":0.9132302403450012,""loss"":0.37482261657714844,""epoch"":16,""phase"":""base"",""pr_auc"":0.918633222579956,""recall"":0.8227530121803284,""val_auc"":0.9582459330558777,""accuracy"":0.8385933041572571,""val_loss"":0.3537967801094055,""precision"":0.8508682250976562,""val_pr_auc"":0.9577339887619019,""val_recall"":0.6958490610122681,""phase_epoch"":16,""specificity"":0.8545684814453125,""val_accuracy"":0.8384701013565063,""learning_rate"":1,""val_precision"":0.9664570093154907,""val_specificity"":0.9766081871345029,""balanced_accuracy"":0.838660717010498,""recall_parasitized"":0.8227530121803284,""val_f2_parasitized"":0.7371282379277263,""val_balanced_accuracy"":0.8362286218691383,""val_n_pred_uninfected"":1739,""val_n_pred_parasitized"":954,""val_pr_auc_parasitized"":0.9578536094022091,""val_recall_parasitized"":0.6958490566037736,""val_prediction_collapse"":0,""val_roc_auc_parasitized"":0.9582632682334766,""val_early_stopping_score"":0.7371282379275929,""val_checkpoint_policy_score"":0.6958490566037736,""val_percent_pred_uninfected"":0.6457482361678426,""val_sensitivity_parasitized"":0.6958490566037736,""val_percent_pred_parasitized"":0.35425176383215745,""val_prediction_collapse_detected"":0}",0.9132302403450012,0.37482261657714844,16,base,0.918633222579956,0.8227530121803284,0.9582459330558777,0.8385933041572571,0.3537967801094055,0.8508682250976562,0.9577339887619019,0.6958490610122681,16,0.8545684814453125,0.8384701013565063,1,0.9664570093154907,0.9766081871345029,0.838660717010498,0.8227530121803284,0.7371282379277263,0.8362286218691383,1739,954,0.9578536094022091,0.6958490566037736,0,0.9582632682334766,0.7371282379275929,0.6958490566037736,0.6457482361678426,0.6958490566037736,0.35425176383215745,0
c6fc8261-375b-41bf-9c15-a1e6885184ef,densenet121,adadelta,Q06/Q11,train_execution_records,epoch,base,17,2026-10-02T20:05:42.759168+00:00,e2cca777-1a90-4b59-af7b-72fecf5c249a,82,2026-10-02T20:05:42.762876+00:00,2026-10-02T20:02:25.770496+00:00,196.99238,2026-10-02T20:05:42.807977+00:00,2026-10-02T20:05:43.065682+00:00,0.257705,2026-10-02T20:05:43.105938+00:00,2026-10-02T20:06:01.053548+00:00,17.94761,"{""auc"":0.9155856966972351,""loss"":0.36913391947746277,""epoch"":17,""phase"":""base"",""pr_auc"":0.9206479787826538,""recall"":0.8266139626502991,""val_auc"":0.9588994383811951,""accuracy"":0.8415238857269287,""val_loss"":0.290774405002594,""precision"":0.8531973958015442,""val_pr_auc"":0.9585824608802795,""val_recall"":0.8256603479385376,""phase_epoch"":17,""specificity"":0.8565607070922852,""val_accuracy"":0.8860007524490356,""learning_rate"":1,""val_precision"":0.9350427389144897,""val_specificity"":0.9444444444444444,""balanced_accuracy"":0.8415873050689697,""recall_parasitized"":0.8266139626502991,""val_f2_parasitized"":0.8454404945904173,""val_balanced_accuracy"":0.8850524109014675,""val_n_pred_uninfected"":1523,""val_n_pred_parasitized"":1170,""val_pr_auc_parasitized"":0.9585199770900773,""val_recall_parasitized"":0.8256603773584905,""val_prediction_collapse"":0,""val_roc_auc_parasitized"":0.9588944058258855,""val_early_stopping_score"":0.8454404945902159,""val_checkpoint_policy_score"":0.8256603773584905,""val_percent_pred_uninfected"":0.565540289639807,""val_sensitivity_parasitized"":0.8256603773584905,""val_percent_pred_parasitized"":0.4344597103601931,""val_prediction_collapse_detected"":0}",0.9155856966972351,0.36913391947746277,17,base,0.9206479787826538,0.8266139626502991,0.9588994383811951,0.8415238857269287,0.290774405002594,0.8531973958015442,0.9585824608802795,0.8256603479385376,17,0.8565607070922852,0.8860007524490356,1,0.9350427389144897,0.9444444444444444,0.8415873050689697,0.8266139626502991,0.8454404945904173,0.8850524109014675,1523,1170,0.9585199770900773,0.8256603773584905,0,0.9588944058258855,0.8454404945902159,0.8256603773584905,0.565540289639807,0.8256603773584905,0.4344597103601931,0
c6fc8261-375b-41bf-9c15-a1e6885184ef,densenet121,adadelta,Q06/Q11,train_execution_records,epoch,base,18,2026-10-02T20:08:54.365076+00:00,c336cf9f-c722-4074-a2a1-b9b200d2753e,87,2026-10-02T20:08:54.368164+00:00,2026-10-02T20:05:42.762876+00:00,191.605288,2026-10-02T20:08:54.409125+00:00,2026-10-02T20:08:54.764840+00:00,0.355715,2026-10-02T20:08:54.802758+00:00,2026-10-02T20:09:12.630683+00:00,17.827925,"{""auc"":0.9173822999000549,""loss"":0.3649848699569702,""epoch"":18,""phase"":""base"",""pr_auc"":0.9227200746536255,""recall"":0.8290383219718933,""val_auc"":0.9582993984222412,""accuracy"":0.8433273434638977,""val_loss"":0.3174220621585846,""precision"":0.854590892791748,""val_pr_auc"":0.9577891826629639,""val_recall"":0.7539622783660889,""phase_epoch"":18,""specificity"":0.8577379584312439,""val_accuracy"":0.8626067638397217,""learning_rate"":1,""val_precision"":0.9578139781951904,""val_specificity"":0.9678362573099415,""balanced_accuracy"":0.8433881402015686,""recall_parasitized"":0.8290383219718933,""val_f2_parasitized"":0.7874822639129749,""val_balanced_accuracy"":0.8608992607304424,""val_n_pred_uninfected"":1650,""val_n_pred_parasitized"":1043,""val_pr_auc_parasitized"":0.9579434200416462,""val_recall_parasitized"":0.7539622641509434,""val_prediction_collapse"":0,""val_roc_auc_parasitized"":0.9583879510095995,""val_early_stopping_score"":0.7874822639128121,""val_checkpoint_policy_score"":0.7539622641509434,""val_percent_pred_uninfected"":0.6126995915336056,""val_sensitivity_parasitized"":0.7539622641509434,""val_percent_pred_parasitized"":0.38730040846639435,""val_prediction_collapse_detected"":0}",0.9173822999000549,0.3649848699569702,18,base,0.9227200746536255,0.8290383219718933,0.9582993984222412,0.8433273434638977,0.3174220621585846,0.854590892791748,0.9577891826629639,0.7539622783660889,18,0.8577379584312439,0.8626067638397217,1,0.9578139781951904,0.9678362573099415,0.8433881402015686,0.8290383219718933,0.7874822639129749,0.8608992607304424,1650,1043,0.9579434200416462,0.7539622641509434,0,0.9583879510095995,0.7874822639128121,0.7539622641509434,0.6126995915336056,0.7539622641509434,0.38730040846639435,0
c6fc8261-375b-41bf-9c15-a1e6885184ef,densenet121,adadelta,Q06/Q11,train_execution_records,epoch,base,19,2026-10-02T20:12:02.452739+00:00,5f98d887-2e91-4ba6-813e-90004cba6c92,92,2026-10-02T20:12:02.455923+00:00,2026-10-02T20:08:54.368164+00:00,188.087759,2026-10-02T20:12:02.496546+00:00,2026-10-02T20:12:02.748193+00:00,0.251647,2026-10-02T20:12:02.785354+00:00,2026-10-02T20:12:20.571240+00:00,17.785886,"{""auc"":0.9142597317695618,""loss"":0.3715011477470398,""epoch"":19,""phase"":""base"",""pr_auc"":0.9208362102508545,""recall"":0.8251773118972778,""val_auc"":0.9599167108535767,""accuracy"":0.8382326364517212,""val_loss"":0.2805825471878052,""precision"":0.8484904170036316,""val_pr_auc"":0.9590088725090027,""val_recall"":0.852830171585083,""phase_epoch"":19,""specificity"":0.8513990640640259,""val_accuracy"":0.8963980674743652,""learning_rate"":1,""val_precision"":0.9308072328567505,""val_specificity"":0.9385964912280702,""balanced_accuracy"":0.8382881879806519,""recall_parasitized"":0.8251773118972778,""val_f2_parasitized"":0.8673626036229659,""val_balanced_accuracy"":0.8957133399536578,""val_n_pred_uninfected"":1479,""val_n_pred_parasitized"":1214,""val_pr_auc_parasitized"":0.9592073708727802,""val_recall_parasitized"":0.8528301886792453,""val_prediction_collapse"":0,""val_roc_auc_parasitized"":0.9599200044135496,""val_early_stopping_score"":0.8673626036227483,""val_checkpoint_policy_score"":0.8528301886792453,""val_percent_pred_uninfected"":0.5492016338655774,""val_sensitivity_parasitized"":0.8528301886792453,""val_percent_pred_parasitized"":0.4507983661344226,""val_prediction_collapse_detected"":0}",0.9142597317695618,0.3715011477470398,19,base,0.9208362102508545,0.8251773118972778,0.9599167108535767,0.8382326364517212,0.2805825471878052,0.8484904170036316,0.9590088725090027,0.852830171585083,19,0.8513990640640259,0.8963980674743652,1,0.9308072328567505,0.9385964912280702,0.8382881879806519,0.8251773118972778,0.8673626036229659,0.8957133399536578,1479,1214,0.9592073708727802,0.8528301886792453,0,0.9599200044135496,0.8673626036227483,0.8528301886792453,0.5492016338655774,0.8528301886792453,0.4507983661344226,0
c6fc8261-375b-41bf-9c15-a1e6885184ef,densenet121,adadelta,Q06/Q11,train_execution_records,epoch,base,20,2026-10-02T20:15:10.208471+00:00,c79cbd13-3b6e-4599-b49c-4808b4b5b451,97,2026-10-02T20:15:10.210758+00:00,2026-10-02T20:12:02.455923+00:00,187.754835,2026-10-02T20:15:10.252247+00:00,2026-10-02T20:15:10.510415+00:00,0.258168,2026-10-02T20:15:10.548787+00:00,2026-10-02T20:15:28.388860+00:00,17.840073,"{""auc"":0.916283369064331,""loss"":0.36728808283805847,""epoch"":20,""phase"":""base"",""pr_auc"":0.9222520589828491,""recall"":0.8259854316711426,""val_auc"":0.9589658975601196,""accuracy"":0.8410730361938477,""val_loss"":0.2866740822792053,""precision"":0.8528648018836975,""val_pr_auc"":0.958166778087616,""val_recall"":0.8943396210670471,""phase_epoch"":20,""specificity"":0.8562890291213989,""val_accuracy"":0.9008540511131287,""learning_rate"":1,""val_precision"":0.9032012224197388,""val_specificity"":0.9071637426900585,""balanced_accuracy"":0.8411372303962708,""recall_parasitized"":0.8259854316711426,""val_f2_parasitized"":0.8960980036297641,""val_balanced_accuracy"":0.900751682665784,""val_n_pred_uninfected"":1381,""val_n_pred_parasitized"":1312,""val_pr_auc_parasitized"":0.957871268608016,""val_recall_parasitized"":0.8943396226415095,""val_prediction_collapse"":0,""val_roc_auc_parasitized"":0.9589148184927727,""val_early_stopping_score"":0.8960980036295243,""val_checkpoint_policy_score"":0.8943396226415095,""val_percent_pred_uninfected"":0.5128109914593391,""val_sensitivity_parasitized"":0.8943396226415095,""val_percent_pred_parasitized"":0.487189008540661,""val_prediction_collapse_detected"":0}",0.916283369064331,0.36728808283805847,20,base,0.9222520589828491,0.8259854316711426,0.9589658975601196,0.8410730361938477,0.2866740822792053,0.8528648018836975,0.958166778087616,0.8943396210670471,20,0.8562890291213989,0.9008540511131287,1,0.9032012224197388,0.9071637426900585,0.8411372303962708,0.8259854316711426,0.8960980036297641,0.900751682665784,1381,1312,0.957871268608016,0.8943396226415095,0,0.9589148184927727,0.8960980036295243,0.8943396226415095,0.5128109914593391,0.8943396226415095,0.487189008540661,0
c6fc8261-375b-41bf-9c15-a1e6885184ef,densenet121,adadelta,Q06/Q11,train_execution_records,epoch,base,21,2026-10-02T20:18:17.730254+00:00,71fa675b-b61e-439d-9665-59dbe30be722,102,2026-10-02T20:18:17.733272+00:00,2026-10-02T20:15:10.210758+00:00,187.522514,2026-10-02T20:18:17.774176+00:00,2026-10-02T20:18:18.028485+00:00,0.254309,2026-10-02T20:18:18.066714+00:00,2026-10-02T20:18:35.854836+00:00,17.788122,"{""auc"":0.9179168939590454,""loss"":0.3642776906490326,""epoch"":21,""phase"":""base"",""pr_auc"":0.9228990077972412,""recall"":0.8272425532341003,""val_auc"":0.9591749310493469,""accuracy"":0.8415690064430237,""val_loss"":0.29540008306503296,""precision"":0.8528186678886414,""val_pr_auc"":0.9578213691711426,""val_recall"":0.800000011920929,""phase_epoch"":21,""specificity"":0.8560174107551575,""val_accuracy"":0.8774600625038147,""learning_rate"":1,""val_precision"":0.9422222375869751,""val_specificity"":0.952485380116959,""balanced_accuracy"":0.8416299819946289,""recall_parasitized"":0.8272425532341003,""val_f2_parasitized"":0.8249027237354085,""val_balanced_accuracy"":0.8762426900584795,""val_n_pred_uninfected"":1568,""val_n_pred_parasitized"":1125,""val_pr_auc_parasitized"":0.9577968569665851,""val_recall_parasitized"":0.8,""val_prediction_collapse"":0,""val_roc_auc_parasitized"":0.9591625289639191,""val_early_stopping_score"":0.8249027237352213,""val_checkpoint_policy_score"":0.8,""val_percent_pred_uninfected"":0.5822502784998144,""val_sensitivity_parasitized"":0.8,""val_percent_pred_parasitized"":0.4177497215001857,""val_prediction_collapse_detected"":0}",0.9179168939590454,0.3642776906490326,21,base,0.9228990077972412,0.8272425532341003,0.9591749310493469,0.8415690064430237,0.29540008306503296,0.8528186678886414,0.9578213691711426,0.800000011920929,21,0.8560174107551575,0.8774600625038147,1,0.9422222375869751,0.952485380116959,0.8416299819946289,0.8272425532341003,0.8249027237354085,0.8762426900584795,1568,1125,0.9577968569665851,0.8,0,0.9591625289639191,0.8249027237352213,0.8,0.5822502784998144,0.8,0.4177497215001857,0
c6fc8261-375b-41bf-9c15-a1e6885184ef,densenet121,adadelta,Q06/Q11,train_execution_records,epoch,fine_tuning,1,2026-10-02T20:21:30.321417+00:00,09ce1ddc-470d-4119-835c-1612bbf34361,109,2026-10-02T20:21:30.325551+00:00,2026-10-02T20:18:36.019110+00:00,174.306441,2026-10-02T20:21:30.364389+00:00,2026-10-02T20:21:30.622702+00:00,0.258313,2026-10-02T20:21:30.658440+00:00,2026-10-02T20:21:48.441813+00:00,17.783373,"{""auc"":0.9105132222175598,""loss"":0.424540638923645,""epoch"":22,""phase"":""fine_tuning"",""pr_auc"":0.9149854183197021,""recall"":0.8263446092605591,""val_auc"":0.963602602481842,""accuracy"":0.8340847492218018,""val_loss"":0.24807453155517578,""precision"":0.8405333757400513,""val_pr_auc"":0.962979793548584,""val_recall"":0.8777358531951904,""phase_epoch"":1,""specificity"":0.841890811920166,""val_accuracy"":0.9105087518692017,""learning_rate"":1,""val_precision"":0.9363929033279419,""val_specificity"":0.9422514619883041,""balanced_accuracy"":0.8341177105903625,""recall_parasitized"":0.8263446092605591,""val_f2_parasitized"":0.8888719046163253,""val_balanced_accuracy"":0.9099936555224539,""val_n_pred_uninfected"":1451,""val_n_pred_parasitized"":1242,""val_pr_auc_parasitized"":0.9633779614286972,""val_recall_parasitized"":0.8777358490566037,""val_prediction_collapse"":0,""val_roc_auc_parasitized"":0.9636544190665343,""val_early_stopping_score"":0.8888719046160911,""val_checkpoint_policy_score"":0.8777358490566037,""val_percent_pred_uninfected"":0.538804307463795,""val_sensitivity_parasitized"":0.8777358490566037,""val_percent_pred_parasitized"":0.46119569253620496,""val_prediction_collapse_detected"":0}",0.9105132222175598,0.424540638923645,22,fine_tuning,0.9149854183197021,0.8263446092605591,0.963602602481842,0.8340847492218018,0.24807453155517578,0.8405333757400513,0.962979793548584,0.8777358531951904,1,0.841890811920166,0.9105087518692017,1,0.9363929033279419,0.9422514619883041,0.8341177105903625,0.8263446092605591,0.8888719046163253,0.9099936555224539,1451,1242,0.9633779614286972,0.8777358490566037,0,0.9636544190665343,0.8888719046160911,0.8777358490566037,0.538804307463795,0.8777358490566037,0.46119569253620496,0
c6fc8261-375b-41bf-9c15-a1e6885184ef,densenet121,adadelta,Q06/Q11,train_execution_records,epoch,fine_tuning,2,2026-10-02T20:24:42.554473+00:00,43925644-c623-4c9b-8ca9-7bd7783c6f1d,114,2026-10-02T20:24:42.558378+00:00,2026-10-02T20:21:30.325551+00:00,192.232827,2026-10-02T20:24:42.600118+00:00,2026-10-02T20:24:42.860017+00:00,0.259899,2026-10-02T20:24:42.895639+00:00,2026-10-02T20:25:01.096749+00:00,18.20111,"{""auc"":0.9228753447532654,""loss"":0.3728812038898468,""epoch"":23,""phase"":""fine_tuning"",""pr_auc"":0.9275892376899719,""recall"":0.8393642902374268,""val_auc"":0.9629123210906982,""accuracy"":0.8510820269584656,""val_loss"":0.25725507736206055,""precision"":0.8606150150299072,""val_pr_auc"":0.9625199437141418,""val_recall"":0.8966037631034851,""phase_epoch"":2,""specificity"":0.8628996014595032,""val_accuracy"":0.9134793877601624,""learning_rate"":1,""val_precision"":0.9252336621284485,""val_specificity"":0.9298245614035088,""balanced_accuracy"":0.8511319160461426,""recall_parasitized"":0.8393642902374268,""val_f2_parasitized"":0.9021871202916161,""val_balanced_accuracy"":0.9132141674942071,""val_n_pred_uninfected"":1409,""val_n_pred_parasitized"":1284,""val_pr_auc_parasitized"":0.9627254084091743,""val_recall_parasitized"":0.8966037735849056,""val_prediction_collapse"":0,""val_roc_auc_parasitized"":0.9628803928059142,""val_early_stopping_score"":0.9021871202913713,""val_checkpoint_policy_score"":0.8966037735849056,""val_percent_pred_uninfected"":0.5232083178611214,""val_sensitivity_parasitized"":0.8966037735849056,""val_percent_pred_parasitized"":0.47679168213887857,""val_prediction_collapse_detected"":0}",0.9228753447532654,0.3728812038898468,23,fine_tuning,0.9275892376899719,0.8393642902374268,0.9629123210906982,0.8510820269584656,0.25725507736206055,0.8606150150299072,0.9625199437141418,0.8966037631034851,2,0.8628996014595032,0.9134793877601624,1,0.9252336621284485,0.9298245614035088,0.8511319160461426,0.8393642902374268,0.9021871202916161,0.9132141674942071,1409,1284,0.9627254084091743,0.8966037735849056,0,0.9628803928059142,0.9021871202913713,0.8966037735849056,0.5232083178611214,0.8966037735849056,0.47679168213887857,0
c6fc8261-375b-41bf-9c15-a1e6885184ef,densenet121,adadelta,Q06/Q11,train_execution_records,epoch,fine_tuning,3,2026-10-02T20:27:55.175373+00:00,31b31b42-5df0-4939-bd12-15ecb99787b7,119,2026-10-02T20:27:55.178521+00:00,2026-10-02T20:24:42.558378+00:00,192.620143,2026-10-02T20:27:55.231732+00:00,2026-10-02T20:27:55.488436+00:00,0.256704,2026-10-02T20:27:55.525036+00:00,2026-10-02T20:28:13.757590+00:00,18.232554,"{""auc"":0.9310107827186584,""loss"":0.340708464384079,""epoch"":24,""phase"":""fine_tuning"",""pr_auc"":0.9359250068664551,""recall"":0.848792314529419,""val_auc"":0.9684053063392639,""accuracy"":0.8620378971099854,""val_loss"":0.24509398639202118,""precision"":0.8729338049888611,""val_pr_auc"":0.9659851789474487,""val_recall"":0.8769811391830444,""phase_epoch"":3,""specificity"":0.875396192073822,""val_accuracy"":0.912736713886261,""learning_rate"":1,""val_precision"":0.9416531324386597,""val_specificity"":0.9473684210526315,""balanced_accuracy"":0.8620942831039429,""recall_parasitized"":0.848792314529419,""val_f2_parasitized"":0.889194980104071,""val_balanced_accuracy"":0.9121747765640515,""val_n_pred_uninfected"":1459,""val_n_pred_parasitized"":1234,""val_pr_auc_parasitized"":0.9667739218926662,""val_recall_parasitized"":0.8769811320754717,""val_prediction_collapse"":0,""val_roc_auc_parasitized"":0.9684690499834495,""val_early_stopping_score"":0.8891949801038367,""val_checkpoint_policy_score"":0.8769811320754717,""val_percent_pred_uninfected"":0.5417749721500186,""val_sensitivity_parasitized"":0.8769811320754717,""val_percent_pred_parasitized"":0.4582250278499814,""val_prediction_collapse_detected"":0}",0.9310107827186584,0.340708464384079,24,fine_tuning,0.9359250068664551,0.848792314529419,0.9684053063392639,0.8620378971099854,0.24509398639202118,0.8729338049888611,0.9659851789474487,0.8769811391830444,3,0.875396192073822,0.912736713886261,1,0.9416531324386597,0.9473684210526315,0.8620942831039429,0.848792314529419,0.889194980104071,0.9121747765640515,1459,1234,0.9667739218926662,0.8769811320754717,0,0.9684690499834495,0.8891949801038367,0.8769811320754717,0.5417749721500186,0.8769811320754717,0.4582250278499814,0
c6fc8261-375b-41bf-9c15-a1e6885184ef,densenet121,adadelta,Q06/Q11,train_execution_records,epoch,fine_tuning,4,2026-10-02T20:31:10.294455+00:00,fe47f07f-efdd-4df1-a52a-fe7b4aa8eccd,124,2026-10-02T20:31:10.298025+00:00,2026-10-02T20:27:55.178521+00:00,195.119504,2026-10-02T20:31:10.337615+00:00,2026-10-02T20:31:10.604240+00:00,0.266625,2026-10-02T20:31:10.642834+00:00,2026-10-02T20:31:30.209142+00:00,19.566308,"{""auc"":0.9351475238800049,""loss"":0.32533860206604004,""epoch"":25,""phase"":""fine_tuning"",""pr_auc"":0.9401983022689819,""recall"":0.8479841947555542,""val_auc"":0.9711326360702515,""accuracy"":0.8664112091064453,""val_loss"":0.2523066997528076,""precision"":0.8814635276794434,""val_pr_auc"":0.9694980978965759,""val_recall"":0.9290565848350525,""phase_epoch"":4,""specificity"":0.8849950432777405,""val_accuracy"":0.926104724407196,""learning_rate"":1,""val_precision"":0.921407163143158,""val_specificity"":0.9232456140350878,""balanced_accuracy"":0.8664896488189697,""recall_parasitized"":0.8479841947555542,""val_f2_parasitized"":0.9275165762507535,""val_balanced_accuracy"":0.9261511089043364,""val_n_pred_uninfected"":1357,""val_n_pred_parasitized"":1336,""val_pr_auc_parasitized"":0.9693322985627153,""val_recall_parasitized"":0.9290566037735849,""val_prediction_collapse"":0,""val_roc_auc_parasitized"":0.9710962153812204,""val_early_stopping_score"":0.9275165762504874,""val_checkpoint_policy_score"":0.9290566037735849,""val_percent_pred_uninfected"":0.5038989974006683,""val_sensitivity_parasitized"":0.9290566037735849,""val_percent_pred_parasitized"":0.4961010025993316,""val_prediction_collapse_detected"":0}",0.9351475238800049,0.32533860206604004,25,fine_tuning,0.9401983022689819,0.8479841947555542,0.9711326360702515,0.8664112091064453,0.2523066997528076,0.8814635276794434,0.9694980978965759,0.9290565848350525,4,0.8849950432777405,0.926104724407196,1,0.921407163143158,0.9232456140350878,0.8664896488189697,0.8479841947555542,0.9275165762507535,0.9261511089043364,1357,1336,0.9693322985627153,0.9290566037735849,0,0.9710962153812204,0.9275165762504874,0.9290566037735849,0.5038989974006683,0.9290566037735849,0.4961010025993316,0
c6fc8261-375b-41bf-9c15-a1e6885184ef,densenet121,adadelta,Q06/Q11,train_execution_records,epoch,fine_tuning,5,2026-10-02T20:34:29.438554+00:00,b4417af7-5ee8-4f58-af82-cb75e4bb1ec1,129,2026-10-02T20:34:29.441423+00:00,2026-10-02T20:31:10.298025+00:00,199.143398,2026-10-02T20:34:29.487402+00:00,2026-10-02T20:34:29.747781+00:00,0.260379,2026-10-02T20:34:29.785201+00:00,2026-10-02T20:34:47.784277+00:00,17.999076,"{""auc"":0.936951756477356,""loss"":0.3195379078388214,""epoch"":26,""phase"":""fine_tuning"",""pr_auc"":0.9418654441833496,""recall"":0.8493310809135437,""val_auc"":0.971499502658844,""accuracy"":0.869296669960022,""val_loss"":0.25526994466781616,""precision"":0.8856741786003113,""val_pr_auc"":0.9696029424667358,""val_recall"":0.9222641587257385,""phase_epoch"":5,""specificity"":0.8894321918487549,""val_accuracy"":0.9268473982810974,""learning_rate"":1,""val_precision"":0.9285714030265808,""val_specificity"":0.9312865497076024,""balanced_accuracy"":0.8693816661834717,""recall_parasitized"":0.8493310809135437,""val_f2_parasitized"":0.9235187424425635,""val_balanced_accuracy"":0.9267753503254993,""val_n_pred_uninfected"":1377,""val_n_pred_parasitized"":1316,""val_pr_auc_parasitized"":0.9693707676768081,""val_recall_parasitized"":0.9222641509433962,""val_prediction_collapse"":0,""val_roc_auc_parasitized"":0.9713968884475339,""val_early_stopping_score"":0.9235187424423009,""val_checkpoint_policy_score"":0.9222641509433962,""val_percent_pred_uninfected"":0.5113256591162273,""val_sensitivity_parasitized"":0.9222641509433962,""val_percent_pred_parasitized"":0.48867434088377276,""val_prediction_collapse_detected"":0}",0.936951756477356,0.3195379078388214,26,fine_tuning,0.9418654441833496,0.8493310809135437,0.971499502658844,0.869296669960022,0.25526994466781616,0.8856741786003113,0.9696029424667358,0.9222641587257385,5,0.8894321918487549,0.9268473982810974,1,0.9285714030265808,0.9312865497076024,0.8693816661834717,0.8493310809135437,0.9235187424425635,0.9267753503254993,1377,1316,0.9693707676768081,0.9222641509433962,0,0.9713968884475339,0.9235187424423009,0.9222641509433962,0.5113256591162273,0.9222641509433962,0.48867434088377276,0
c6fc8261-375b-41bf-9c15-a1e6885184ef,densenet121,adadelta,Q06/Q11,train_execution_records,epoch,fine_tuning,6,2026-10-02T20:37:41.409006+00:00,94b30d8a-9606-4fbd-bc29-8fc22ae862e3,134,2026-10-02T20:37:41.412178+00:00,2026-10-02T20:34:29.441423+00:00,191.970755,2026-10-02T20:37:41.453489+00:00,2026-10-02T20:37:41.713221+00:00,0.259732,2026-10-02T20:37:41.749120+00:00,2026-10-02T20:37:59.930128+00:00,18.181008,"{""auc"":0.9413822889328003,""loss"":0.3079821765422821,""epoch"":27,""phase"":""fine_tuning"",""pr_auc"":0.9443985223770142,""recall"":0.8557062149047852,""val_auc"":0.9703406691551208,""accuracy"":0.8756988048553467,""val_loss"":0.24137571454048157,""precision"":0.8923221230506897,""val_pr_auc"":0.9687608480453491,""val_recall"":0.8641509413719177,""phase_epoch"":6,""specificity"":0.8958616256713867,""val_accuracy"":0.9134793877601624,""learning_rate"":1,""val_precision"":0.955759584903717,""val_specificity"":0.9612573099415205,""balanced_accuracy"":0.8757839202880859,""recall_parasitized"":0.8557062149047852,""val_f2_parasitized"":0.8810403200984919,""val_balanced_accuracy"":0.9127041266688735,""val_n_pred_uninfected"":1495,""val_n_pred_parasitized"":1198,""val_pr_auc_parasitized"":0.9688577265972671,""val_recall_parasitized"":0.8641509433962264,""val_prediction_collapse"":0,""val_roc_auc_parasitized"":0.9703359814630916,""val_early_stopping_score"":0.8810403200982639,""val_checkpoint_policy_score"":0.8641509433962264,""val_percent_pred_uninfected"":0.5551429632380245,""val_sensitivity_parasitized"":0.8641509433962264,""val_percent_pred_parasitized"":0.44485703676197547,""val_prediction_collapse_detected"":0}",0.9413822889328003,0.3079821765422821,27,fine_tuning,0.9443985223770142,0.8557062149047852,0.9703406691551208,0.8756988048553467,0.24137571454048157,0.8923221230506897,0.9687608480453491,0.8641509413719177,6,0.8958616256713867,0.9134793877601624,1,0.955759584903717,0.9612573099415205,0.8757839202880859,0.8557062149047852,0.8810403200984919,0.9127041266688735,1495,1198,0.9688577265972671,0.8641509433962264,0,0.9703359814630916,0.8810403200982639,0.8641509433962264,0.5551429632380245,0.8641509433962264,0.44485703676197547,0
c6fc8261-375b-41bf-9c15-a1e6885184ef,densenet121,adadelta,Q06/Q11,train_execution_records,epoch,fine_tuning,7,2026-10-02T20:40:53.343844+00:00,a034c205-2343-4804-9ef8-828714a1c283,139,2026-10-02T20:40:53.346794+00:00,2026-10-02T20:37:41.412178+00:00,191.934616,2026-10-02T20:40:53.386901+00:00,2026-10-02T20:40:53.761326+00:00,0.374425,2026-10-02T20:40:53.798933+00:00,2026-10-02T20:41:11.924983+00:00,18.12605,"{""auc"":0.943496584892273,""loss"":0.3025958836078644,""epoch"":28,""phase"":""fine_tuning"",""pr_auc"":0.9476151466369629,""recall"":0.8575020432472229,""val_auc"":0.9704179167747498,""accuracy"":0.8768710494041443,""val_loss"":0.2643622159957886,""precision"":0.8930241465568542,""val_pr_auc"":0.9682046175003052,""val_recall"":0.9328302145004272,""phase_epoch"":7,""specificity"":0.8964049816131592,""val_accuracy"":0.9238767027854919,""learning_rate"":1,""val_precision"":0.9142012000083923,""val_specificity"":0.9152046783625731,""balanced_accuracy"":0.8769534826278687,""recall_parasitized"":0.8575020432472229,""val_f2_parasitized"":0.9290438965724594,""val_balanced_accuracy"":0.9240174335209093,""val_n_pred_uninfected"":1341,""val_n_pred_parasitized"":1352,""val_pr_auc_parasitized"":0.9688359823874382,""val_recall_parasitized"":0.9328301886792453,""val_prediction_collapse"":0,""val_roc_auc_parasitized"":0.9704910073926956,""val_early_stopping_score"":0.9290438965721922,""val_checkpoint_policy_score"":0.9328301886792453,""val_percent_pred_uninfected"":0.49795766802822133,""val_sensitivity_parasitized"":0.9328301886792453,""val_percent_pred_parasitized"":0.5020423319717787,""val_prediction_collapse_detected"":0}",0.943496584892273,0.3025958836078644,28,fine_tuning,0.9476151466369629,0.8575020432472229,0.9704179167747498,0.8768710494041443,0.2643622159957886,0.8930241465568542,0.9682046175003052,0.9328302145004272,7,0.8964049816131592,0.9238767027854919,1,0.9142012000083923,0.9152046783625731,0.8769534826278687,0.8575020432472229,0.9290438965724594,0.9240174335209093,1341,1352,0.9688359823874382,0.9328301886792453,0,0.9704910073926956,0.9290438965721922,0.9328301886792453,0.49795766802822133,0.9328301886792453,0.5020423319717787,0
c6fc8261-375b-41bf-9c15-a1e6885184ef,densenet121,adadelta,Q06/Q11,train_execution_records,epoch,fine_tuning,8,2026-10-02T20:44:07.280999+00:00,5b7d001a-5dc8-47c3-9cec-d3c088a36a98,144,2026-10-02T20:44:07.283937+00:00,2026-10-02T20:40:53.346794+00:00,193.937143,2026-10-02T20:44:07.323399+00:00,2026-10-02T20:44:07.579356+00:00,0.255957,2026-10-02T20:44:07.616118+00:00,2026-10-02T20:44:25.654561+00:00,18.038443,"{""auc"":0.9442314505577087,""loss"":0.3013487458229065,""epoch"":29,""phase"":""fine_tuning"",""pr_auc"":0.9473423957824707,""recall"":0.8579509854316711,""val_auc"":0.9711513519287109,""accuracy"":0.8795310854911804,""val_loss"":0.2534662187099457,""precision"":0.8976045250892639,""val_pr_auc"":0.9691840410232544,""val_recall"":0.8324528336524963,""phase_epoch"":8,""specificity"":0.9012949466705322,""val_accuracy"":0.9019680619239807,""learning_rate"":1,""val_precision"":0.9633187651634216,""val_specificity"":0.9692982456140351,""balanced_accuracy"":0.8796229362487793,""recall_parasitized"":0.8579509854316711,""val_f2_parasitized"":0.8557020946470132,""val_balanced_accuracy"":0.9008755379013571,""val_n_pred_uninfected"":1548,""val_n_pred_parasitized"":1145,""val_pr_auc_parasitized"":0.9695837215250227,""val_recall_parasitized"":0.8324528301886792,""val_prediction_collapse"":0,""val_roc_auc_parasitized"":0.9712368972746331,""val_early_stopping_score"":0.8557020946468044,""val_checkpoint_policy_score"":0.8324528301886792,""val_percent_pred_uninfected"":0.5748236167842555,""val_sensitivity_parasitized"":0.8324528301886792,""val_percent_pred_parasitized"":0.4251763832157445,""val_prediction_collapse_detected"":0}",0.9442314505577087,0.3013487458229065,29,fine_tuning,0.9473423957824707,0.8579509854316711,0.9711513519287109,0.8795310854911804,0.2534662187099457,0.8976045250892639,0.9691840410232544,0.8324528336524963,8,0.9012949466705322,0.9019680619239807,1,0.9633187651634216,0.9692982456140351,0.8796229362487793,0.8579509854316711,0.8557020946470132,0.9008755379013571,1548,1145,0.9695837215250227,0.8324528301886792,0,0.9712368972746331,0.8557020946468044,0.8324528301886792,0.5748236167842555,0.8324528301886792,0.4251763832157445,0
c6fc8261-375b-41bf-9c15-a1e6885184ef,densenet121,adadelta,Q06/Q11,train_execution_records,epoch,fine_tuning,9,2026-10-02T20:47:21.447636+00:00,2607de8d-8368-40c4-a8d3-2e2f0724a356,149,2026-10-02T20:47:21.450698+00:00,2026-10-02T20:44:07.283937+00:00,194.166761,2026-10-02T20:47:21.495292+00:00,2026-10-02T20:47:21.777904+00:00,0.282612,2026-10-02T20:47:21.820108+00:00,2026-10-02T20:47:40.025747+00:00,18.205639,"{""auc"":0.9453186988830566,""loss"":0.29704734683036804,""epoch"":30,""phase"":""fine_tuning"",""pr_auc"":0.9489263296127319,""recall"":0.8609140515327454,""val_auc"":0.9704645872116089,""accuracy"":0.8803877234458923,""val_loss"":0.2462618350982666,""precision"":0.8967452049255371,""val_pr_auc"":0.9687309861183167,""val_recall"":0.852830171585083,""phase_epoch"":9,""specificity"":0.9000271558761597,""val_accuracy"":0.9097660779953003,""learning_rate"":1,""val_precision"":0.9592529535293579,""val_specificity"":0.9649122807017544,""balanced_accuracy"":0.8804706335067749,""recall_parasitized"":0.8609140515327454,""val_f2_parasitized"":0.872182772460636,""val_balanced_accuracy"":0.9088712346904999,""val_n_pred_uninfected"":1515,""val_n_pred_parasitized"":1178,""val_pr_auc_parasitized"":0.9688447524978527,""val_recall_parasitized"":0.8528301886792453,""val_prediction_collapse"":0,""val_roc_auc_parasitized"":0.9704716981132077,""val_early_stopping_score"":0.8721827724604149,""val_checkpoint_policy_score"":0.8528301886792453,""val_percent_pred_uninfected"":0.5625696249535833,""val_sensitivity_parasitized"":0.8528301886792453,""val_percent_pred_parasitized"":0.43743037504641663,""val_prediction_collapse_detected"":0}",0.9453186988830566,0.29704734683036804,30,fine_tuning,0.9489263296127319,0.8609140515327454,0.9704645872116089,0.8803877234458923,0.2462618350982666,0.8967452049255371,0.9687309861183167,0.852830171585083,9,0.9000271558761597,0.9097660779953003,1,0.9592529535293579,0.9649122807017544,0.8804706335067749,0.8609140515327454,0.872182772460636,0.9088712346904999,1515,1178,0.9688447524978527,0.8528301886792453,0,0.9704716981132077,0.8721827724604149,0.8528301886792453,0.5625696249535833,0.8528301886792453,0.43743037504641663,0
c6fc8261-375b-41bf-9c15-a1e6885184ef,densenet121,adadelta,Q06/Q11,train_execution_records,epoch,fine_tuning,10,2026-10-02T20:50:34.631928+00:00,ca9db622-7016-459c-8e6d-b04db132b8e2,154,2026-10-02T20:50:34.634651+00:00,2026-10-02T20:47:21.450698+00:00,193.183953,2026-10-02T20:50:34.673461+00:00,2026-10-02T20:50:34.930523+00:00,0.257062,2026-10-02T20:50:34.970699+00:00,2026-10-02T20:50:53.139595+00:00,18.168896,"{""auc"":0.9450206160545349,""loss"":0.29822903871536255,""epoch"":31,""phase"":""fine_tuning"",""pr_auc"":0.948552131652832,""recall"":0.8630690574645996,""val_auc"":0.9707265496253967,""accuracy"":0.8817403316497803,""val_loss"":0.25914669036865234,""precision"":0.8974789977073669,""val_pr_auc"":0.9690179824829102,""val_recall"":0.8105660080909729,""phase_epoch"":10,""specificity"":0.9005705118179321,""val_accuracy"":0.8911994099617004,""learning_rate"":0.5,""val_precision"":0.9623655676841736,""val_specificity"":0.9692982456140351,""balanced_accuracy"":0.8818197846412659,""recall_parasitized"":0.8630690574645996,""val_f2_parasitized"":0.8369700748129676,""val_balanced_accuracy"":0.8899321416749421,""val_n_pred_uninfected"":1577,""val_n_pred_parasitized"":1116,""val_pr_auc_parasitized"":0.9691740002645387,""val_recall_parasitized"":0.810566037735849,""val_prediction_collapse"":0,""val_roc_auc_parasitized"":0.9707657508551252,""val_early_stopping_score"":0.8369700748127721,""val_checkpoint_policy_score"":0.810566037735849,""val_percent_pred_uninfected"":0.5855922762718159,""val_sensitivity_parasitized"":0.810566037735849,""val_percent_pred_parasitized"":0.4144077237281842,""val_prediction_collapse_detected"":0}",0.9450206160545349,0.29822903871536255,31,fine_tuning,0.948552131652832,0.8630690574645996,0.9707265496253967,0.8817403316497803,0.25914669036865234,0.8974789977073669,0.9690179824829102,0.8105660080909729,10,0.9005705118179321,0.8911994099617004,0.5,0.9623655676841736,0.9692982456140351,0.8818197846412659,0.8630690574645996,0.8369700748129676,0.8899321416749421,1577,1116,0.9691740002645387,0.810566037735849,0,0.9707657508551252,0.8369700748127721,0.810566037735849,0.5855922762718159,0.810566037735849,0.4144077237281842,0
c6fc8261-375b-41bf-9c15-a1e6885184ef,densenet121,adadelta,Q06/Q11,train_execution_records,epoch,fine_tuning,11,2026-10-02T20:53:45.052567+00:00,9ff386b0-8d38-4edd-a427-358ee165759f,159,2026-10-02T20:53:45.055540+00:00,2026-10-02T20:50:34.634651+00:00,190.420889,2026-10-02T20:53:45.097942+00:00,2026-10-02T20:53:45.356557+00:00,0.258615,2026-10-02T20:53:45.395325+00:00,2026-10-02T20:54:03.365770+00:00,17.970445,"{""auc"":0.9477176666259766,""loss"":0.2911812663078308,""epoch"":32,""phase"":""fine_tuning"",""pr_auc"":0.9506213665008545,""recall"":0.8637873530387878,""val_auc"":0.9709136486053467,""accuracy"":0.8860685229301453,""val_loss"":0.24721044301986694,""precision"":0.9049859046936035,""val_pr_auc"":0.969377338886261,""val_recall"":0.845283031463623,""phase_epoch"":11,""specificity"":0.908539354801178,""val_accuracy"":0.9071667194366455,""learning_rate"":0.5,""val_precision"":0.9613733887672424,""val_specificity"":0.9671052631578947,""balanced_accuracy"":0.8861633539199829,""recall_parasitized"":0.8637873530387878,""val_f2_parasitized"":0.8662026295436969,""val_balanced_accuracy"":0.9061941410129096,""val_n_pred_uninfected"":1528,""val_n_pred_parasitized"":1165,""val_pr_auc_parasitized"":0.9695127478852508,""val_recall_parasitized"":0.8452830188679246,""val_prediction_collapse"":0,""val_roc_auc_parasitized"":0.9709058810548383,""val_early_stopping_score"":0.8662026295434803,""val_checkpoint_policy_score"":0.8452830188679246,""val_percent_pred_uninfected"":0.5673969550686966,""val_sensitivity_parasitized"":0.8452830188679246,""val_percent_pred_parasitized"":0.43260304493130336,""val_prediction_collapse_detected"":0}",0.9477176666259766,0.2911812663078308,32,fine_tuning,0.9506213665008545,0.8637873530387878,0.9709136486053467,0.8860685229301453,0.24721044301986694,0.9049859046936035,0.969377338886261,0.845283031463623,11,0.908539354801178,0.9071667194366455,0.5,0.9613733887672424,0.9671052631578947,0.8861633539199829,0.8637873530387878,0.8662026295436969,0.9061941410129096,1528,1165,0.9695127478852508,0.8452830188679246,0,0.9709058810548383,0.8662026295434803,0.8452830188679246,0.5673969550686966,0.8452830188679246,0.43260304493130336,0
c6fc8261-375b-41bf-9c15-a1e6885184ef,densenet121,adadelta,Q06/Q11,train_execution_records,epoch,fine_tuning,12,2026-10-02T20:56:56.291404+00:00,91bdf716-2089-4f91-845d-11e8a43c6074,164,2026-10-02T20:56:56.293739+00:00,2026-10-02T20:53:45.055540+00:00,191.238199,2026-10-02T20:56:56.330562+00:00,2026-10-02T20:56:56.582725+00:00,0.252163,2026-10-02T20:56:56.618865+00:00,2026-10-02T20:57:14.512025+00:00,17.89316,"{""auc"":0.9483137726783752,""loss"":0.28936174511909485,""epoch"":33,""phase"":""fine_tuning"",""pr_auc"":0.9510870575904846,""recall"":0.8633384108543396,""val_auc"":0.9719813466072083,""accuracy"":0.885572612285614,""val_loss"":0.23987598717212677,""precision"":0.9044304490089417,""val_pr_auc"":0.9702098369598389,""val_recall"":0.8709433674812317,""phase_epoch"":12,""specificity"":0.9079959988594055,""val_accuracy"":0.9160787463188171,""learning_rate"":0.5,""val_precision"":0.9545078873634338,""val_specificity"":0.9597953216374269,""balanced_accuracy"":0.8856672048568726,""recall_parasitized"":0.8633384108543396,""val_f2_parasitized"":0.8864648947611,""val_balanced_accuracy"":0.915369358931921,""val_n_pred_uninfected"":1484,""val_n_pred_parasitized"":1209,""val_pr_auc_parasitized"":0.9702794029751335,""val_recall_parasitized"":0.8709433962264151,""val_prediction_collapse"":0,""val_roc_auc_parasitized"":0.9719767185258743,""val_early_stopping_score"":0.8864648947608678,""val_checkpoint_policy_score"":0.8709433962264151,""val_percent_pred_uninfected"":0.5510582992944671,""val_sensitivity_parasitized"":0.8709433962264151,""val_percent_pred_parasitized"":0.44894170070553285,""val_prediction_collapse_detected"":0}",0.9483137726783752,0.28936174511909485,33,fine_tuning,0.9510870575904846,0.8633384108543396,0.9719813466072083,0.885572612285614,0.23987598717212677,0.9044304490089417,0.9702098369598389,0.8709433674812317,12,0.9079959988594055,0.9160787463188171,0.5,0.9545078873634338,0.9597953216374269,0.8856672048568726,0.8633384108543396,0.8864648947611,0.915369358931921,1484,1209,0.9702794029751335,0.8709433962264151,0,0.9719767185258743,0.8864648947608678,0.8709433962264151,0.5510582992944671,0.8709433962264151,0.44894170070553285,0
c6fc8261-375b-41bf-9c15-a1e6885184ef,densenet121,adadelta,Q06/Q11,train_execution_records,epoch,fine_tuning,13,2026-10-02T21:00:07.387691+00:00,71b7fdac-8aac-445d-8c28-ac7c442d6daa,169,2026-10-02T21:00:07.391250+00:00,2026-10-02T20:56:56.293739+00:00,191.097511,2026-10-02T21:00:07.430202+00:00,2026-10-02T21:00:07.693722+00:00,0.26352,2026-10-02T21:00:07.729731+00:00,2026-10-02T21:00:25.666289+00:00,17.936558,"{""auc"":0.9468024373054504,""loss"":0.29320335388183594,""epoch"":34,""phase"":""fine_tuning"",""pr_auc"":0.9495697021484375,""recall"":0.8610038757324219,""val_auc"":0.9721827507019043,""accuracy"":0.88381427526474,""val_loss"":0.24329309165477753,""precision"":0.9030891060829163,""val_pr_auc"":0.9705411195755005,""val_recall"":0.9056603908538818,""phase_epoch"":13,""specificity"":0.9068188071250916,""val_accuracy"":0.9264760613441467,""learning_rate"":0.5,""val_precision"":0.9426551461219788,""val_specificity"":0.9466374269005848,""balanced_accuracy"":0.8839113712310791,""recall_parasitized"":0.8610038757324219,""val_f2_parasitized"":0.9128251939753537,""val_balanced_accuracy"":0.9261489021295377,""val_n_pred_uninfected"":1420,""val_n_pred_parasitized"":1273,""val_pr_auc_parasitized"":0.9705915621323749,""val_recall_parasitized"":0.9056603773584906,""val_prediction_collapse"":0,""val_roc_auc_parasitized"":0.972188568906543,""val_early_stopping_score"":0.9128251939751001,""val_checkpoint_policy_score"":0.9056603773584906,""val_percent_pred_uninfected"":0.5272929818046788,""val_sensitivity_parasitized"":0.9056603773584906,""val_percent_pred_parasitized"":0.4727070181953212,""val_prediction_collapse_detected"":0}",0.9468024373054504,0.29320335388183594,34,fine_tuning,0.9495697021484375,0.8610038757324219,0.9721827507019043,0.88381427526474,0.24329309165477753,0.9030891060829163,0.9705411195755005,0.9056603908538818,13,0.9068188071250916,0.9264760613441467,0.5,0.9426551461219788,0.9466374269005848,0.8839113712310791,0.8610038757324219,0.9128251939753537,0.9261489021295377,1420,1273,0.9705915621323749,0.9056603773584906,0,0.972188568906543,0.9128251939751001,0.9056603773584906,0.5272929818046788,0.9056603773584906,0.4727070181953212,0
c6fc8261-375b-41bf-9c15-a1e6885184ef,densenet121,adadelta,Q06/Q11,train_execution_records,epoch,fine_tuning,14,2026-10-02T21:03:17.583234+00:00,1ec1660c-5956-4e98-ac4e-6e5257905e14,174,2026-10-02T21:03:17.588497+00:00,2026-10-02T21:00:07.391250+00:00,190.197247,2026-10-02T21:03:17.623998+00:00,2026-10-02T21:03:18.001830+00:00,0.377832,2026-10-02T21:03:18.039468+00:00,2026-10-02T21:03:36.148021+00:00,18.108553,"{""auc"":0.9508313536643982,""loss"":0.28222277760505676,""epoch"":35,""phase"":""fine_tuning"",""pr_auc"":0.9538918137550354,""recall"":0.8671994209289551,""val_auc"":0.9714013338088989,""accuracy"":0.8895401358604431,""val_loss"":0.2509106397628784,""precision"":0.9086461663246155,""val_pr_auc"":0.9699117541313171,""val_recall"":0.8316981196403503,""phase_epoch"":14,""specificity"":0.9120709896087646,""val_accuracy"":0.9019680619239807,""learning_rate"":0.5,""val_precision"":0.9641295075416565,""val_specificity"":0.9700292397660819,""balanced_accuracy"":0.8896352052688599,""recall_parasitized"":0.8671994209289551,""val_f2_parasitized"":0.8551916808939934,""val_balanced_accuracy"":0.9008636764868145,""val_n_pred_uninfected"":1550,""val_n_pred_parasitized"":1143,""val_pr_auc_parasitized"":0.9701289207484467,""val_recall_parasitized"":0.8316981132075472,""val_prediction_collapse"":0,""val_roc_auc_parasitized"":0.9713499944830633,""val_early_stopping_score"":0.8551916808937851,""val_checkpoint_policy_score"":0.8316981132075472,""val_percent_pred_uninfected"":0.5755662829558114,""val_sensitivity_parasitized"":0.8316981132075472,""val_percent_pred_parasitized"":0.42443371704418864,""val_prediction_collapse_detected"":0}",0.9508313536643982,0.28222277760505676,35,fine_tuning,0.9538918137550354,0.8671994209289551,0.9714013338088989,0.8895401358604431,0.2509106397628784,0.9086461663246155,0.9699117541313171,0.8316981196403503,14,0.9120709896087646,0.9019680619239807,0.5,0.9641295075416565,0.9700292397660819,0.8896352052688599,0.8671994209289551,0.8551916808939934,0.9008636764868145,1550,1143,0.9701289207484467,0.8316981132075472,0,0.9713499944830633,0.8551916808937851,0.8316981132075472,0.5755662829558114,0.8316981132075472,0.42443371704418864,0
c6fc8261-375b-41bf-9c15-a1e6885184ef,densenet121,adadelta,Q06/Q11,train_execution_records,epoch,fine_tuning,15,2026-10-02T21:06:29.786856+00:00,e1c4e230-6e1e-494e-8252-87a5b855c62f,179,2026-10-02T21:06:29.791883+00:00,2026-10-02T21:03:17.588497+00:00,192.203386,2026-10-02T21:06:29.833072+00:00,2026-10-02T21:06:30.084697+00:00,0.251625,2026-10-02T21:06:30.122730+00:00,2026-10-02T21:06:48.177854+00:00,18.055124,"{""auc"":0.9492433071136475,""loss"":0.28659045696258545,""epoch"":36,""phase"":""fine_tuning"",""pr_auc"":0.9525725841522217,""recall"":0.8632486462593079,""val_auc"":0.9723325371742249,""accuracy"":0.8870153427124023,""val_loss"":0.23596055805683136,""precision"":0.9072378873825073,""val_pr_auc"":0.9708456993103027,""val_recall"":0.8920754790306091,""phase_epoch"":15,""specificity"":0.9109843373298645,""val_accuracy"":0.9242480397224426,""learning_rate"":0.5,""val_precision"":0.9509251713752747,""val_specificity"":0.9554093567251462,""balanced_accuracy"":0.8871164917945862,""recall_parasitized"":0.8632486462593079,""val_f2_parasitized"":0.9032553874369555,""val_balanced_accuracy"":0.9237424142116297,""val_n_pred_uninfected"":1450,""val_n_pred_parasitized"":1243,""val_pr_auc_parasitized"":0.9708717812429708,""val_recall_parasitized"":0.8920754716981132,""val_prediction_collapse"":0,""val_roc_auc_parasitized"":0.9723132516826658,""val_early_stopping_score"":0.9032553874367099,""val_checkpoint_policy_score"":0.8920754716981132,""val_percent_pred_uninfected"":0.5384329743780171,""val_sensitivity_parasitized"":0.8920754716981132,""val_percent_pred_parasitized"":0.46156702562198293,""val_prediction_collapse_detected"":0}",0.9492433071136475,0.28659045696258545,36,fine_tuning,0.9525725841522217,0.8632486462593079,0.9723325371742249,0.8870153427124023,0.23596055805683136,0.9072378873825073,0.9708456993103027,0.8920754790306091,15,0.9109843373298645,0.9242480397224426,0.5,0.9509251713752747,0.9554093567251462,0.8871164917945862,0.8632486462593079,0.9032553874369555,0.9237424142116297,1450,1243,0.9708717812429708,0.8920754716981132,0,0.9723132516826658,0.9032553874367099,0.8920754716981132,0.5384329743780171,0.8920754716981132,0.46156702562198293,0
c6fc8261-375b-41bf-9c15-a1e6885184ef,densenet121,adadelta,Q06/Q11,train_execution_records,epoch,fine_tuning,16,2026-10-02T21:09:42.930226+00:00,26bef040-0934-4c26-90e6-a3fcd8266d17,184,2026-10-02T21:09:42.933618+00:00,2026-10-02T21:06:29.791883+00:00,193.141735,2026-10-02T21:09:42.975678+00:00,2026-10-02T21:09:43.247814+00:00,0.272136,2026-10-02T21:09:43.286113+00:00,2026-10-02T21:10:01.476843+00:00,18.19073,"{""auc"":0.9491991400718689,""loss"":0.2856879234313965,""epoch"":37,""phase"":""fine_tuning"",""pr_auc"":0.9532296061515808,""recall"":0.8650444746017456,""val_auc"":0.9726078510284424,""accuracy"":0.8889539837837219,""val_loss"":0.23611508309841156,""precision"":0.9093826413154602,""val_pr_auc"":0.9707766175270081,""val_recall"":0.8883019089698792,""phase_epoch"":16,""specificity"":0.913067102432251,""val_accuracy"":0.9231340289115906,""learning_rate"":0.5,""val_precision"":0.9522653818130493,""val_specificity"":0.9568713450292398,""balanced_accuracy"":0.8890557885169983,""recall_parasitized"":0.8650444746017456,""val_f2_parasitized"":0.9003977968176254,""val_balanced_accuracy"":0.9225866159108462,""val_n_pred_uninfected"":1457,""val_n_pred_parasitized"":1236,""val_pr_auc_parasitized"":0.9709219106360422,""val_recall_parasitized"":0.8883018867924528,""val_prediction_collapse"":0,""val_roc_auc_parasitized"":0.9725791680459009,""val_early_stopping_score"":0.9003977968173822,""val_checkpoint_policy_score"":0.8883018867924528,""val_percent_pred_uninfected"":0.5410323059784626,""val_sensitivity_parasitized"":0.8883018867924528,""val_percent_pred_parasitized"":0.4589676940215373,""val_prediction_collapse_detected"":0}",0.9491991400718689,0.2856879234313965,37,fine_tuning,0.9532296061515808,0.8650444746017456,0.9726078510284424,0.8889539837837219,0.23611508309841156,0.9093826413154602,0.9707766175270081,0.8883019089698792,16,0.913067102432251,0.9231340289115906,0.5,0.9522653818130493,0.9568713450292398,0.8890557885169983,0.8650444746017456,0.9003977968176254,0.9225866159108462,1457,1236,0.9709219106360422,0.8883018867924528,0,0.9725791680459009,0.9003977968173822,0.8883018867924528,0.5410323059784626,0.8883018867924528,0.4589676940215373,0
c6fc8261-375b-41bf-9c15-a1e6885184ef,densenet121,adadelta,Q06/Q11,train_execution_records,epoch,fine_tuning,17,2026-10-02T21:12:56.237019+00:00,0e3c0a33-1b37-4bc3-83b1-39317c82d32d,189,2026-10-02T21:12:56.240161+00:00,2026-10-02T21:09:42.933618+00:00,193.306543,2026-10-02T21:12:56.284951+00:00,2026-10-02T21:12:56.551845+00:00,0.266894,2026-10-02T21:12:56.593760+00:00,2026-10-02T21:13:14.971134+00:00,18.377374,"{""auc"":0.9495731592178345,""loss"":0.28502294421195984,""epoch"":38,""phase"":""fine_tuning"",""pr_auc"":0.9520801305770874,""recall"":0.8650444746017456,""val_auc"":0.9724472761154175,""accuracy"":0.8876916170120239,""val_loss"":0.24102653563022614,""precision"":0.9069855213165283,""val_pr_auc"":0.9708448052406311,""val_recall"":0.9094339609146118,""phase_epoch"":17,""specificity"":0.9105315804481506,""val_accuracy"":0.924990713596344,""learning_rate"":0.5,""val_precision"":0.9362859129905701,""val_specificity"":0.9400584795321637,""balanced_accuracy"":0.8877880573272705,""recall_parasitized"":0.8650444746017456,""val_f2_parasitized"":0.9146804311522696,""val_balanced_accuracy"":0.9247462208981574,""val_n_pred_uninfected"":1406,""val_n_pred_parasitized"":1287,""val_pr_auc_parasitized"":0.9708620990063687,""val_recall_parasitized"":0.909433962264151,""val_prediction_collapse"":0,""val_roc_auc_parasitized"":0.9724704843870683,""val_early_stopping_score"":0.9146804311520145,""val_checkpoint_policy_score"":0.909433962264151,""val_percent_pred_uninfected"":0.5220943186037876,""val_sensitivity_parasitized"":0.909433962264151,""val_percent_pred_parasitized"":0.4779056813962124,""val_prediction_collapse_detected"":0}",0.9495731592178345,0.28502294421195984,38,fine_tuning,0.9520801305770874,0.8650444746017456,0.9724472761154175,0.8876916170120239,0.24102653563022614,0.9069855213165283,0.9708448052406311,0.9094339609146118,17,0.9105315804481506,0.924990713596344,0.5,0.9362859129905701,0.9400584795321637,0.8877880573272705,0.8650444746017456,0.9146804311522696,0.9247462208981574,1406,1287,0.9708620990063687,0.909433962264151,0,0.9724704843870683,0.9146804311520145,0.909433962264151,0.5220943186037876,0.909433962264151,0.4779056813962124,0
c6fc8261-375b-41bf-9c15-a1e6885184ef,densenet121,adadelta,Q06/Q11,train_execution_records,epoch,fine_tuning,18,2026-10-02T21:16:10.976178+00:00,a441362a-6327-48f2-942f-df028c6550d2,194,2026-10-02T21:16:10.981778+00:00,2026-10-02T21:12:56.240161+00:00,194.741617,2026-10-02T21:16:11.021866+00:00,2026-10-02T21:16:11.280164+00:00,0.258298,2026-10-02T21:16:11.319439+00:00,2026-10-02T21:16:29.480155+00:00,18.160716,"{""auc"":0.9512873888015747,""loss"":0.2797034680843353,""epoch"":39,""phase"":""fine_tuning"",""pr_auc"":0.9543084502220154,""recall"":0.8628894686698914,""val_auc"":0.9733375310897827,""accuracy"":0.8880522847175598,""val_loss"":0.2364751100540161,""precision"":0.9095211029052734,""val_pr_auc"":0.9714065194129944,""val_recall"":0.8935849070549011,""phase_epoch"":18,""specificity"":0.913429319858551,""val_accuracy"":0.9253620505332947,""learning_rate"":0.5,""val_precision"":0.9517685174942017,""val_specificity"":0.956140350877193,""balanced_accuracy"":0.8881593942642212,""recall_parasitized"":0.8628894686698914,""val_f2_parasitized"":0.9046454767726161,""val_balanced_accuracy"":0.9248626282687852,""val_n_pred_uninfected"":1449,""val_n_pred_parasitized"":1244,""val_pr_auc_parasitized"":0.9715583776498036,""val_recall_parasitized"":0.8935849056603774,""val_prediction_collapse"":0,""val_roc_auc_parasitized"":0.9733719518923094,""val_early_stopping_score"":0.9046454767723693,""val_checkpoint_policy_score"":0.8935849056603774,""val_percent_pred_uninfected"":0.5380616412922391,""val_sensitivity_parasitized"":0.8935849056603774,""val_percent_pred_parasitized"":0.46193835870776084,""val_prediction_collapse_detected"":0}",0.9512873888015747,0.2797034680843353,39,fine_tuning,0.9543084502220154,0.8628894686698914,0.9733375310897827,0.8880522847175598,0.2364751100540161,0.9095211029052734,0.9714065194129944,0.8935849070549011,18,0.913429319858551,0.9253620505332947,0.5,0.9517685174942017,0.956140350877193,0.8881593942642212,0.8628894686698914,0.9046454767726161,0.9248626282687852,1449,1244,0.9715583776498036,0.8935849056603774,0,0.9733719518923094,0.9046454767723693,0.8935849056603774,0.5380616412922391,0.8935849056603774,0.46193835870776084,0
c6fc8261-375b-41bf-9c15-a1e6885184ef,densenet121,adadelta,Q06/Q11,train_execution_records,epoch,fine_tuning,19,2026-10-02T21:19:23.941627+00:00,43c86f1a-5f09-4040-801b-8242970fd31b,199,2026-10-02T21:19:23.945179+00:00,2026-10-02T21:16:10.981778+00:00,192.963401,2026-10-02T21:19:23.988933+00:00,2026-10-02T21:19:24.249049+00:00,0.260116,2026-10-02T21:19:24.287497+00:00,2026-10-02T21:19:42.438629+00:00,18.151132,"{""auc"":0.9494494199752808,""loss"":0.2852746546268463,""epoch"":40,""phase"":""fine_tuning"",""pr_auc"":0.952299952507019,""recall"":0.8657627701759338,""val_auc"":0.9720967411994934,""accuracy"":0.889900803565979,""val_loss"":0.23725679516792297,""precision"":0.910567581653595,""val_pr_auc"":0.9705966114997864,""val_recall"":0.8799999952316284,""phase_epoch"":19,""specificity"":0.9142442941665649,""val_accuracy"":0.9209060668945312,""learning_rate"":0.25,""val_precision"":0.9557377099990845,""val_specificity"":0.9605263157894737,""balanced_accuracy"":0.8900035619735718,""recall_parasitized"":0.8657627701759338,""val_f2_parasitized"":0.8941717791411042,""val_balanced_accuracy"":0.9202631578947369,""val_n_pred_uninfected"":1473,""val_n_pred_parasitized"":1220,""val_pr_auc_parasitized"":0.9707429054141828,""val_recall_parasitized"":0.88,""val_prediction_collapse"":0,""val_roc_auc_parasitized"":0.9720997462208981,""val_early_stopping_score"":0.8941717791408659,""val_checkpoint_policy_score"":0.88,""val_percent_pred_uninfected"":0.5469736353509098,""val_sensitivity_parasitized"":0.88,""val_percent_pred_parasitized"":0.45302636464909024,""val_prediction_collapse_detected"":0}",0.9494494199752808,0.2852746546268463,40,fine_tuning,0.952299952507019,0.8657627701759338,0.9720967411994934,0.889900803565979,0.23725679516792297,0.910567581653595,0.9705966114997864,0.8799999952316284,19,0.9142442941665649,0.9209060668945312,0.25,0.9557377099990845,0.9605263157894737,0.8900035619735718,0.8657627701759338,0.8941717791411042,0.9202631578947369,1473,1220,0.9707429054141828,0.88,0,0.9720997462208981,0.8941717791408659,0.88,0.5469736353509098,0.88,0.45302636464909024,0
c96bb5c1-1edb-4ef3-9854-fd715c4025f4,custom_cnn,adamw,Q06/Q11,train_execution_records,epoch,base,1,2026-10-02T16:55:25.859068+00:00,9dc0cfd8-b45d-44ac-b58a-1bf1dbecb988,2,2026-10-02T16:55:25.863963+00:00,2026-10-02T16:52:22.431493+00:00,183.43247,2026-10-02T16:55:25.904221+00:00,2026-10-02T16:55:25.959813+00:00,0.055592,2026-10-02T16:55:25.997353+00:00,2026-10-02T16:55:31.347136+00:00,5.349783,"{""auc"":0.8537811636924744,""loss"":0.5332167148590088,""epoch"":1,""phase"":""base"",""pr_auc"":0.8597494959831238,""recall"":0.7347580194473267,""val_auc"":0.7911555171012878,""accuracy"":0.775473415851593,""val_loss"":1.4177852869033813,""precision"":0.801547646522522,""val_pr_auc"":0.7970364093780518,""val_recall"":1,""phase_epoch"":1,""specificity"":0.8165353536605835,""val_accuracy"":0.49201634526252747,""learning_rate"":0.00009999999747378752,""val_precision"":0.49201634526252747,""val_specificity"":0,""balanced_accuracy"":0.7756466865539551,""recall_parasitized"":0.7347580194473267,""val_f2_parasitized"":0.8288502439634681,""val_balanced_accuracy"":0.5,""val_n_pred_uninfected"":0,""val_n_pred_parasitized"":2693,""val_pr_auc_parasitized"":0.8001501345140858,""val_recall_parasitized"":1,""val_prediction_collapse"":1,""val_roc_auc_parasitized"":0.7923231821692596,""val_early_stopping_score"":-2999999.171149756,""val_checkpoint_policy_score"":2.791155517101288,""val_percent_pred_uninfected"":0,""val_sensitivity_parasitized"":1,""val_percent_pred_parasitized"":1,""val_prediction_collapse_detected"":1}",0.8537811636924744,0.5332167148590088,1,base,0.8597494959831238,0.7347580194473267,0.7911555171012878,0.775473415851593,1.4177852869033813,0.801547646522522,0.7970364093780518,1,1,0.8165353536605835,0.49201634526252747,0.00009999999747378752,0.49201634526252747,0,0.7756466865539551,0.7347580194473267,0.8288502439634681,0.5,0,2693,0.8001501345140858,1,1,0.7923231821692596,-2999999.171149756,2.791155517101288,0,1,1,1
c96bb5c1-1edb-4ef3-9854-fd715c4025f4,custom_cnn,adamw,Q06/Q11,train_execution_records,epoch,base,2,2026-10-02T16:58:39.590339+00:00,35a5bf7f-a9c8-4592-8915-be8b6d10f9b0,7,2026-10-02T16:58:39.596333+00:00,2026-10-02T16:55:25.863963+00:00,193.73237,2026-10-02T16:58:39.639769+00:00,2026-10-02T16:58:39.703954+00:00,0.064185,2026-10-02T16:58:39.748320+00:00,2026-10-02T16:58:45.048551+00:00,5.300231,"{""auc"":0.9491384029388428,""loss"":0.3346533179283142,""epoch"":2,""phase"":""base"",""pr_auc"":0.953639030456543,""recall"":0.8491514921188354,""val_auc"":0.986017107963562,""accuracy"":0.8961676955223083,""val_loss"":0.2833477258682251,""precision"":0.9381944537162781,""val_pr_auc"":0.9800661206245422,""val_recall"":0.9396226406097412,""phase_epoch"":2,""specificity"":0.943584144115448,""val_accuracy"":0.9491273760795593,""learning_rate"":0.00009999999747378752,""val_precision"":0.9562212228775024,""val_specificity"":0.9583333333333334,""balanced_accuracy"":0.8963677883148193,""recall_parasitized"":0.8491514921188354,""val_f2_parasitized"":0.942896092093305,""val_balanced_accuracy"":0.9489779874213837,""val_n_pred_uninfected"":1391,""val_n_pred_parasitized"":1302,""val_pr_auc_parasitized"":0.9806260518276526,""val_recall_parasitized"":0.939622641509434,""val_prediction_collapse"":0,""val_roc_auc_parasitized"":0.9860145647136709,""val_early_stopping_score"":0.9428960920930256,""val_checkpoint_policy_score"":0.939622641509434,""val_percent_pred_uninfected"":0.5165243223171184,""val_sensitivity_parasitized"":0.939622641509434,""val_percent_pred_parasitized"":0.4834756776828815,""val_prediction_collapse_detected"":0}",0.9491384029388428,0.3346533179283142,2,base,0.953639030456543,0.8491514921188354,0.986017107963562,0.8961676955223083,0.2833477258682251,0.9381944537162781,0.9800661206245422,0.9396226406097412,2,0.943584144115448,0.9491273760795593,0.00009999999747378752,0.9562212228775024,0.9583333333333334,0.8963677883148193,0.8491514921188354,0.942896092093305,0.9489779874213837,1391,1302,0.9806260518276526,0.939622641509434,0,0.9860145647136709,0.9428960920930256,0.939622641509434,0.5165243223171184,0.939622641509434,0.4834756776828815,0
c96bb5c1-1edb-4ef3-9854-fd715c4025f4,custom_cnn,adamw,Q06/Q11,train_execution_records,epoch,base,3,2026-10-02T17:01:47.376984+00:00,7a100edd-ead8-4fbf-a284-d73d1685d6ca,12,2026-10-02T17:01:47.379825+00:00,2026-10-02T16:58:39.596333+00:00,187.783492,2026-10-02T17:01:47.420914+00:00,2026-10-02T17:01:47.477357+00:00,0.056443,2026-10-02T17:01:47.515276+00:00,2026-10-02T17:01:52.758872+00:00,5.243596,"{""auc"":0.9585049748420715,""loss"":0.2932819426059723,""epoch"":3,""phase"":""base"",""pr_auc"":0.9634118676185608,""recall"":0.8710604310035706,""val_auc"":0.9815643429756165,""accuracy"":0.9115419387817383,""val_loss"":0.31522274017333984,""precision"":0.9485675096511841,""val_pr_auc"":0.9769891500473022,""val_recall"":0.796226441860199,""phase_epoch"":3,""specificity"":0.9523680210113525,""val_accuracy"":0.8941700458526611,""learning_rate"":0.00009999999747378752,""val_precision"":0.985981285572052,""val_specificity"":0.9890350877192983,""balanced_accuracy"":0.9117141962051392,""recall_parasitized"":0.8710604310035706,""val_f2_parasitized"":0.8281004709576139,""val_balanced_accuracy"":0.892630751406819,""val_n_pred_uninfected"":1623,""val_n_pred_parasitized"":1070,""val_pr_auc_parasitized"":0.9778544841130825,""val_recall_parasitized"":0.7962264150943397,""val_prediction_collapse"":0,""val_roc_auc_parasitized"":0.9819607194085844,""val_early_stopping_score"":0.8281004709574245,""val_checkpoint_policy_score"":0.7962264150943397,""val_percent_pred_uninfected"":0.6026735982176011,""val_sensitivity_parasitized"":0.7962264150943397,""val_percent_pred_parasitized"":0.3973264017823988,""val_prediction_collapse_detected"":0}",0.9585049748420715,0.2932819426059723,3,base,0.9634118676185608,0.8710604310035706,0.9815643429756165,0.9115419387817383,0.31522274017333984,0.9485675096511841,0.9769891500473022,0.796226441860199,3,0.9523680210113525,0.8941700458526611,0.00009999999747378752,0.985981285572052,0.9890350877192983,0.9117141962051392,0.8710604310035706,0.8281004709576139,0.892630751406819,1623,1070,0.9778544841130825,0.7962264150943397,0,0.9819607194085844,0.8281004709574245,0.7962264150943397,0.6026735982176011,0.7962264150943397,0.3973264017823988,0
c96bb5c1-1edb-4ef3-9854-fd715c4025f4,custom_cnn,adamw,Q06/Q11,train_execution_records,epoch,base,4,2026-10-02T17:04:57.982669+00:00,32e4de12-c4d1-4767-99c5-c111a4052681,17,2026-10-02T17:04:57.989565+00:00,2026-10-02T17:01:47.379825+00:00,190.60974,2026-10-02T17:04:58.035581+00:00,2026-10-02T17:04:58.098647+00:00,0.063066,2026-10-02T17:04:58.147293+00:00,2026-10-02T17:05:03.391787+00:00,5.244494,"{""auc"":0.9634391069412231,""loss"":0.2749161124229431,""epoch"":4,""phase"":""base"",""pr_auc"":0.9681475162506104,""recall"":0.882912814617157,""val_auc"":0.9863993525505066,""accuracy"":0.9173129200935364,""val_loss"":0.28810086846351624,""precision"":0.9488565325737,""val_pr_auc"":0.9816085696220398,""val_recall"":0.796226441860199,""phase_epoch"":4,""specificity"":0.9520058035850525,""val_accuracy"":0.8945413827896118,""learning_rate"":0.00009999999747378752,""val_precision"":0.9869036674499512,""val_specificity"":0.9897660818713451,""balanced_accuracy"":0.9174593091011047,""recall_parasitized"":0.882912814617157,""val_f2_parasitized"":0.8282304914429267,""val_balanced_accuracy"":0.8929962484828424,""val_n_pred_uninfected"":1624,""val_n_pred_parasitized"":1069,""val_pr_auc_parasitized"":0.9831740558197725,""val_recall_parasitized"":0.7962264150943397,""val_prediction_collapse"":0,""val_roc_auc_parasitized"":0.9866054286660046,""val_early_stopping_score"":0.8282304914427373,""val_checkpoint_policy_score"":0.7962264150943397,""val_percent_pred_uninfected"":0.6030449313033791,""val_sensitivity_parasitized"":0.7962264150943397,""val_percent_pred_parasitized"":0.3969550686966209,""val_prediction_collapse_detected"":0}",0.9634391069412231,0.2749161124229431,4,base,0.9681475162506104,0.882912814617157,0.9863993525505066,0.9173129200935364,0.28810086846351624,0.9488565325737,0.9816085696220398,0.796226441860199,4,0.9520058035850525,0.8945413827896118,0.00009999999747378752,0.9869036674499512,0.9897660818713451,0.9174593091011047,0.882912814617157,0.8282304914429267,0.8929962484828424,1624,1069,0.9831740558197725,0.7962264150943397,0,0.9866054286660046,0.8282304914427373,0.7962264150943397,0.6030449313033791,0.7962264150943397,0.3969550686966209,0
c96bb5c1-1edb-4ef3-9854-fd715c4025f4,custom_cnn,adamw,Q06/Q11,train_execution_records,epoch,base,5,2026-10-02T17:08:14.228604+00:00,7eae8ad4-486b-4f7d-9d44-3d351c0cabe6,22,2026-10-02T17:08:14.230388+00:00,2026-10-02T17:04:57.989565+00:00,196.240823,2026-10-02T17:08:14.280102+00:00,2026-10-02T17:08:14.348228+00:00,0.068126,2026-10-02T17:08:14.389825+00:00,2026-10-02T17:08:20.031215+00:00,5.64139,"{""auc"":0.9640343189239502,""loss"":0.270475298166275,""epoch"":5,""phase"":""base"",""pr_auc"":0.9687021374702454,""recall"":0.886414647102356,""val_auc"":0.9873135089874268,""accuracy"":0.919747531414032,""val_loss"":0.22584421932697296,""precision"":0.9504187703132629,""val_pr_auc"":0.9828712940216064,""val_recall"":0.8747169971466064,""phase_epoch"":5,""specificity"":0.9533641338348389,""val_accuracy"":0.9305607080459595,""learning_rate"":0.00009999999747378752,""val_precision"":0.9822033643722534,""val_specificity"":0.9846491228070176,""balanced_accuracy"":0.9198893904685974,""recall_parasitized"":0.886414647102356,""val_f2_parasitized"":0.8942901234567902,""val_balanced_accuracy"":0.9296830519695465,""val_n_pred_uninfected"":1513,""val_n_pred_parasitized"":1180,""val_pr_auc_parasitized"":0.9831968463387238,""val_recall_parasitized"":0.8747169811320755,""val_prediction_collapse"":0,""val_roc_auc_parasitized"":0.987443451395785,""val_early_stopping_score"":0.8942901234565518,""val_checkpoint_policy_score"":0.8747169811320755,""val_percent_pred_uninfected"":0.5618269587820275,""val_sensitivity_parasitized"":0.8747169811320755,""val_percent_pred_parasitized"":0.4381730412179725,""val_prediction_collapse_detected"":0}",0.9640343189239502,0.270475298166275,5,base,0.9687021374702454,0.886414647102356,0.9873135089874268,0.919747531414032,0.22584421932697296,0.9504187703132629,0.9828712940216064,0.8747169971466064,5,0.9533641338348389,0.9305607080459595,0.00009999999747378752,0.9822033643722534,0.9846491228070176,0.9198893904685974,0.886414647102356,0.8942901234567902,0.9296830519695465,1513,1180,0.9831968463387238,0.8747169811320755,0,0.987443451395785,0.8942901234565518,0.8747169811320755,0.5618269587820275,0.8747169811320755,0.4381730412179725,0
c96bb5c1-1edb-4ef3-9854-fd715c4025f4,custom_cnn,adamw,Q06/Q11,train_execution_records,epoch,base,6,2026-10-02T17:11:23.495788+00:00,e12cc411-9e81-4c09-a0d7-0a1452c5f04b,27,2026-10-02T17:11:23.499309+00:00,2026-10-02T17:08:14.230388+00:00,189.268921,2026-10-02T17:11:23.541058+00:00,2026-10-02T17:11:23.600723+00:00,0.059665,2026-10-02T17:11:23.638766+00:00,2026-10-02T17:11:28.971309+00:00,5.332543,"{""auc"":0.9672428369522095,""loss"":0.25728392601013184,""epoch"":6,""phase"":""base"",""pr_auc"":0.9714021682739258,""recall"":0.8985363841056824,""val_auc"":0.988101601600647,""accuracy"":0.9255185127258301,""val_loss"":0.22026918828487396,""precision"":0.9504226446151733,""val_pr_auc"":0.9840379953384399,""val_recall"":0.8822641372680664,""phase_epoch"":6,""specificity"":0.9527302384376526,""val_accuracy"":0.9346453547477722,""learning_rate"":0.00009999999747378752,""val_precision"":0.9831791520118713,""val_specificity"":0.9853801169590644,""balanced_accuracy"":0.9256333112716675,""recall_parasitized"":0.8985363841056824,""val_f2_parasitized"":0.9007551240560949,""val_balanced_accuracy"":0.9338221339512303,""val_n_pred_uninfected"":1504,""val_n_pred_parasitized"":1189,""val_pr_auc_parasitized"":0.9837315405751645,""val_recall_parasitized"":0.8822641509433963,""val_prediction_collapse"":0,""val_roc_auc_parasitized"":0.9880287984111222,""val_early_stopping_score"":0.9007551240558513,""val_checkpoint_policy_score"":0.8822641509433963,""val_percent_pred_uninfected"":0.558484961010026,""val_sensitivity_parasitized"":0.8822641509433963,""val_percent_pred_parasitized"":0.441515038989974,""val_prediction_collapse_detected"":0}",0.9672428369522095,0.25728392601013184,6,base,0.9714021682739258,0.8985363841056824,0.988101601600647,0.9255185127258301,0.22026918828487396,0.9504226446151733,0.9840379953384399,0.8822641372680664,6,0.9527302384376526,0.9346453547477722,0.00009999999747378752,0.9831791520118713,0.9853801169590644,0.9256333112716675,0.8985363841056824,0.9007551240560949,0.9338221339512303,1504,1189,0.9837315405751645,0.8822641509433963,0,0.9880287984111222,0.9007551240558513,0.8822641509433963,0.558484961010026,0.8822641509433963,0.441515038989974,0
c96bb5c1-1edb-4ef3-9854-fd715c4025f4,custom_cnn,adamw,Q06/Q11,train_execution_records,epoch,base,7,2026-10-02T17:14:28.706767+00:00,7f5cc566-b4c4-4107-8ba2-fea644865bf1,32,2026-10-02T17:14:28.709760+00:00,2026-10-02T17:11:23.499309+00:00,185.210451,2026-10-02T17:14:28.748448+00:00,2026-10-02T17:14:28.803789+00:00,0.055341,2026-10-02T17:14:28.838818+00:00,2026-10-02T17:14:33.841349+00:00,5.002531,"{""auc"":0.9666825532913208,""loss"":0.2599591612815857,""epoch"":7,""phase"":""base"",""pr_auc"":0.9703018069267273,""recall"":0.8959324955940247,""val_auc"":0.988763689994812,""accuracy"":0.9240306615829468,""val_loss"":0.22633084654808044,""precision"":0.9499238133430481,""val_pr_auc"":0.9846597909927368,""val_recall"":0.8633962273597717,""phase_epoch"":7,""specificity"":0.9523680210113525,""val_accuracy"":0.926104724407196,""learning_rate"":0.00009999999747378752,""val_precision"":0.9845094680786133,""val_specificity"":0.9868421052631579,""balanced_accuracy"":0.9241502285003662,""recall_parasitized"":0.8959324955940247,""val_f2_parasitized"":0.8851748684617765,""val_balanced_accuracy"":0.9251191658391261,""val_n_pred_uninfected"":1531,""val_n_pred_parasitized"":1162,""val_pr_auc_parasitized"":0.9855888863084739,""val_recall_parasitized"":0.8633962264150944,""val_prediction_collapse"":0,""val_roc_auc_parasitized"":0.9887443451395784,""val_early_stopping_score"":0.8851748684615454,""val_checkpoint_policy_score"":0.8633962264150944,""val_percent_pred_uninfected"":0.5685109543260305,""val_sensitivity_parasitized"":0.8633962264150944,""val_percent_pred_parasitized"":0.43148904567396956,""val_prediction_collapse_detected"":0}",0.9666825532913208,0.2599591612815857,7,base,0.9703018069267273,0.8959324955940247,0.988763689994812,0.9240306615829468,0.22633084654808044,0.9499238133430481,0.9846597909927368,0.8633962273597717,7,0.9523680210113525,0.926104724407196,0.00009999999747378752,0.9845094680786133,0.9868421052631579,0.9241502285003662,0.8959324955940247,0.8851748684617765,0.9251191658391261,1531,1162,0.9855888863084739,0.8633962264150944,0,0.9887443451395784,0.8851748684615454,0.8633962264150944,0.5685109543260305,0.8633962264150944,0.43148904567396956,0
c96bb5c1-1edb-4ef3-9854-fd715c4025f4,custom_cnn,adamw,Q06/Q11,train_execution_records,epoch,base,8,2026-10-02T17:17:30.343767+00:00,dd1d55ba-2bd0-4774-975e-dcaac8526cc7,37,2026-10-02T17:17:30.346263+00:00,2026-10-02T17:14:28.709760+00:00,181.636503,2026-10-02T17:17:30.385270+00:00,2026-10-02T17:17:30.440891+00:00,0.055621,2026-10-02T17:17:30.477705+00:00,2026-10-02T17:17:35.794390+00:00,5.316685,"{""auc"":0.9684968590736389,""loss"":0.25490400195121765,""epoch"":8,""phase"":""base"",""pr_auc"":0.9717638492584229,""recall"":0.8976384997367859,""val_auc"":0.9872064590454102,""accuracy"":0.9248421788215637,""val_loss"":0.23844705522060394,""precision"":0.9499239921569824,""val_pr_auc"":0.9839785695075989,""val_recall"":0.852075457572937,""phase_epoch"":8,""specificity"":0.9522774815559387,""val_accuracy"":0.9205347299575806,""learning_rate"":0.00009999999747378752,""val_precision"":0.9843068718910217,""val_specificity"":0.9868421052631579,""balanced_accuracy"":0.9249579906463623,""recall_parasitized"":0.8976384997367859,""val_f2_parasitized"":0.8756010547541492,""val_balanced_accuracy"":0.9194587884806356,""val_n_pred_uninfected"":1546,""val_n_pred_parasitized"":1147,""val_pr_auc_parasitized"":0.985272022556871,""val_recall_parasitized"":0.8520754716981133,""val_prediction_collapse"":0,""val_roc_auc_parasitized"":0.9874280039721945,""val_early_stopping_score"":0.8756010547539254,""val_checkpoint_policy_score"":0.8520754716981133,""val_percent_pred_uninfected"":0.5740809506126996,""val_sensitivity_parasitized"":0.8520754716981133,""val_percent_pred_parasitized"":0.4259190493873004,""val_prediction_collapse_detected"":0}",0.9684968590736389,0.25490400195121765,8,base,0.9717638492584229,0.8976384997367859,0.9872064590454102,0.9248421788215637,0.23844705522060394,0.9499239921569824,0.9839785695075989,0.852075457572937,8,0.9522774815559387,0.9205347299575806,0.00009999999747378752,0.9843068718910217,0.9868421052631579,0.9249579906463623,0.8976384997367859,0.8756010547541492,0.9194587884806356,1546,1147,0.985272022556871,0.8520754716981133,0,0.9874280039721945,0.8756010547539254,0.8520754716981133,0.5740809506126996,0.8520754716981133,0.4259190493873004,0
c96bb5c1-1edb-4ef3-9854-fd715c4025f4,custom_cnn,adamw,Q06/Q11,train_execution_records,epoch,base,9,2026-10-02T17:20:35.533711+00:00,3c74301d-e9b5-49b7-932a-20a2c11c15f9,42,2026-10-02T17:20:35.535920+00:00,2026-10-02T17:17:30.346263+00:00,185.189657,2026-10-02T17:20:35.575397+00:00,2026-10-02T17:20:35.630600+00:00,0.055203,2026-10-02T17:20:35.665321+00:00,2026-10-02T17:20:40.756398+00:00,5.091077,"{""auc"":0.9684962630271912,""loss"":0.2520383596420288,""epoch"":9,""phase"":""base"",""pr_auc"":0.9729740619659424,""recall"":0.8988057971000671,""val_auc"":0.9873052835464478,""accuracy"":0.9256537556648254,""val_loss"":0.2343752682209015,""precision"":0.9504367709159851,""val_pr_auc"":0.9836362600326538,""val_recall"":0.8649056553840637,""phase_epoch"":9,""specificity"":0.9527302384376526,""val_accuracy"":0.926104724407196,""learning_rate"":0.00009999999747378752,""val_precision"":0.9828473329544067,""val_specificity"":0.9853801169590644,""balanced_accuracy"":0.9257680177688599,""recall_parasitized"":0.8988057971000671,""val_f2_parasitized"":0.8861738323538509,""val_balanced_accuracy"":0.9251428886682114,""val_n_pred_uninfected"":1527,""val_n_pred_parasitized"":1166,""val_pr_auc_parasitized"":0.9842717718210369,""val_recall_parasitized"":0.8649056603773585,""val_prediction_collapse"":0,""val_roc_auc_parasitized"":0.9872779432858877,""val_early_stopping_score"":0.8861738323536189,""val_checkpoint_policy_score"":0.8649056603773585,""val_percent_pred_uninfected"":0.5670256219829187,""val_sensitivity_parasitized"":0.8649056603773585,""val_percent_pred_parasitized"":0.43297437801708133,""val_prediction_collapse_detected"":0}",0.9684962630271912,0.2520383596420288,9,base,0.9729740619659424,0.8988057971000671,0.9873052835464478,0.9256537556648254,0.2343752682209015,0.9504367709159851,0.9836362600326538,0.8649056553840637,9,0.9527302384376526,0.926104724407196,0.00009999999747378752,0.9828473329544067,0.9853801169590644,0.9257680177688599,0.8988057971000671,0.8861738323538509,0.9251428886682114,1527,1166,0.9842717718210369,0.8649056603773585,0,0.9872779432858877,0.8861738323536189,0.8649056603773585,0.5670256219829187,0.8649056603773585,0.43297437801708133,0
c96bb5c1-1edb-4ef3-9854-fd715c4025f4,custom_cnn,adamw,Q06/Q11,train_execution_records,epoch,base,10,2026-10-02T17:23:40.168319+00:00,e9b3512f-ddab-407b-a6d7-6120b3e17323,47,2026-10-02T17:23:40.171572+00:00,2026-10-02T17:20:35.535920+00:00,184.635652,2026-10-02T17:23:40.215125+00:00,2026-10-02T17:23:40.282290+00:00,0.067165,2026-10-02T17:23:40.325256+00:00,2026-10-02T17:23:45.457403+00:00,5.132147,"{""auc"":0.9691129326820374,""loss"":0.24902808666229248,""epoch"":10,""phase"":""base"",""pr_auc"":0.973044216632843,""recall"":0.9012301564216614,""val_auc"":0.9884290099143982,""accuracy"":0.9274120926856995,""val_loss"":0.2488737553358078,""precision"":0.951645016670227,""val_pr_auc"":0.9857402443885803,""val_recall"":0.844528317451477,""phase_epoch"":10,""specificity"":0.9538168907165527,""val_accuracy"":0.9175640344619751,""learning_rate"":0.00004999999873689376,""val_precision"":0.9859030842781067,""val_specificity"":0.9883040935672515,""balanced_accuracy"":0.9275234937667847,""recall_parasitized"":0.9012301564216614,""val_f2_parasitized"":0.8694638694638694,""val_balanced_accuracy"":0.916416197727022,""val_n_pred_uninfected"":1558,""val_n_pred_parasitized"":1135,""val_pr_auc_parasitized"":0.9863482900062813,""val_recall_parasitized"":0.8445283018867924,""val_prediction_collapse"":0,""val_roc_auc_parasitized"":0.9887779984552577,""val_early_stopping_score"":0.8694638694636503,""val_checkpoint_policy_score"":0.8445283018867924,""val_percent_pred_uninfected"":0.5785369476420349,""val_sensitivity_parasitized"":0.8445283018867924,""val_percent_pred_parasitized"":0.4214630523579651,""val_prediction_collapse_detected"":0}",0.9691129326820374,0.24902808666229248,10,base,0.973044216632843,0.9012301564216614,0.9884290099143982,0.9274120926856995,0.2488737553358078,0.951645016670227,0.9857402443885803,0.844528317451477,10,0.9538168907165527,0.9175640344619751,0.00004999999873689376,0.9859030842781067,0.9883040935672515,0.9275234937667847,0.9012301564216614,0.8694638694638694,0.916416197727022,1558,1135,0.9863482900062813,0.8445283018867924,0,0.9887779984552577,0.8694638694636503,0.8445283018867924,0.5785369476420349,0.8445283018867924,0.4214630523579651,0
c96bb5c1-1edb-4ef3-9854-fd715c4025f4,custom_cnn,adamw,Q06/Q11,train_execution_records,epoch,base,11,2026-10-02T17:26:45.597524+00:00,cd533097-6551-478a-b35e-f58241ef8d00,52,2026-10-02T17:26:45.600838+00:00,2026-10-02T17:23:40.171572+00:00,185.429266,2026-10-02T17:26:45.639784+00:00,2026-10-02T17:26:45.694391+00:00,0.054607,2026-10-02T17:26:45.730848+00:00,2026-10-02T17:26:51.165712+00:00,5.434864,"{""auc"":0.9719409942626953,""loss"":0.23818746209144592,""epoch"":11,""phase"":""base"",""pr_auc"":0.9754153490066528,""recall"":0.9048217535018921,""val_auc"":0.9891942739486694,""accuracy"":0.9309738278388977,""val_loss"":0.21471011638641357,""precision"":0.9553470015525818,""val_pr_auc"":0.9857891201972961,""val_recall"":0.8807547092437744,""phase_epoch"":11,""specificity"":0.9573485255241394,""val_accuracy"":0.9335314035415649,""learning_rate"":0.00004999999873689376,""val_precision"":0.9823232293128967,""val_specificity"":0.9846491228070176,""balanced_accuracy"":0.9310851097106934,""recall_parasitized"":0.9048217535018921,""val_f2_parasitized"":0.8993526510480888,""val_balanced_accuracy"":0.9327019198940748,""val_n_pred_uninfected"":1505,""val_n_pred_parasitized"":1188,""val_pr_auc_parasitized"":0.9865136675679433,""val_recall_parasitized"":0.8807547169811321,""val_prediction_collapse"":0,""val_roc_auc_parasitized"":0.9891939755047997,""val_early_stopping_score"":0.8993526510478463,""val_checkpoint_policy_score"":0.8807547169811321,""val_percent_pred_uninfected"":0.558856294095804,""val_sensitivity_parasitized"":0.8807547169811321,""val_percent_pred_parasitized"":0.44114370590419605,""val_prediction_collapse_detected"":0}",0.9719409942626953,0.23818746209144592,11,base,0.9754153490066528,0.9048217535018921,0.9891942739486694,0.9309738278388977,0.21471011638641357,0.9553470015525818,0.9857891201972961,0.8807547092437744,11,0.9573485255241394,0.9335314035415649,0.00004999999873689376,0.9823232293128967,0.9846491228070176,0.9310851097106934,0.9048217535018921,0.8993526510480888,0.9327019198940748,1505,1188,0.9865136675679433,0.8807547169811321,0,0.9891939755047997,0.8993526510478463,0.8807547169811321,0.558856294095804,0.8807547169811321,0.44114370590419605,0
c96bb5c1-1edb-4ef3-9854-fd715c4025f4,custom_cnn,adamw,Q06/Q11,train_execution_records,epoch,base,12,2026-10-02T17:29:50.244405+00:00,126cb2ef-687b-4034-b4d9-4a73dd022ec0,57,2026-10-02T17:29:50.247909+00:00,2026-10-02T17:26:45.600838+00:00,184.647071,2026-10-02T17:29:50.289959+00:00,2026-10-02T17:29:50.345691+00:00,0.055732,2026-10-02T17:29:50.380699+00:00,2026-10-02T17:29:55.428495+00:00,5.047796,"{""auc"":0.9719762206077576,""loss"":0.23862864077091217,""epoch"":12,""phase"":""base"",""pr_auc"":0.9753307700157166,""recall"":0.9045524001121521,""val_auc"":0.987366259098053,""accuracy"":0.9301172494888306,""val_loss"":0.23125645518302917,""precision"":0.9538869261741638,""val_pr_auc"":0.9854434132575989,""val_recall"":0.8679245114326477,""phase_epoch"":12,""specificity"":0.9558996558189392,""val_accuracy"":0.9268473982810974,""learning_rate"":0.00004999999873689376,""val_precision"":0.9812286496162415,""val_specificity"":0.9839181286549707,""balanced_accuracy"":0.9302260279655457,""recall_parasitized"":0.9045524001121521,""val_f2_parasitized"":0.888442521631644,""val_balanced_accuracy"":0.9259213284784288,""val_n_pred_uninfected"":1521,""val_n_pred_parasitized"":1172,""val_pr_auc_parasitized"":0.9858396412004359,""val_recall_parasitized"":0.8679245283018868,""val_prediction_collapse"":0,""val_roc_auc_parasitized"":0.9873226304755599,""val_early_stopping_score"":0.8884425216314102,""val_checkpoint_policy_score"":0.8679245283018868,""val_percent_pred_uninfected"":0.564797623468251,""val_sensitivity_parasitized"":0.8679245283018868,""val_percent_pred_parasitized"":0.435202376531749,""val_prediction_collapse_detected"":0}",0.9719762206077576,0.23862864077091217,12,base,0.9753307700157166,0.9045524001121521,0.987366259098053,0.9301172494888306,0.23125645518302917,0.9538869261741638,0.9854434132575989,0.8679245114326477,12,0.9558996558189392,0.9268473982810974,0.00004999999873689376,0.9812286496162415,0.9839181286549707,0.9302260279655457,0.9045524001121521,0.888442521631644,0.9259213284784288,1521,1172,0.9858396412004359,0.8679245283018868,0,0.9873226304755599,0.8884425216314102,0.8679245283018868,0.564797623468251,0.8679245283018868,0.435202376531749,0
c96bb5c1-1edb-4ef3-9854-fd715c4025f4,custom_cnn,adamw,Q06/Q11,train_execution_records,epoch,base,13,2026-10-02T17:32:54.952605+00:00,34d93004-1fa4-4ca4-8bf6-2160eb389dd0,62,2026-10-02T17:32:54.955363+00:00,2026-10-02T17:29:50.247909+00:00,184.707454,2026-10-02T17:32:54.998220+00:00,2026-10-02T17:32:55.055319+00:00,0.057099,2026-10-02T17:32:55.095465+00:00,2026-10-02T17:33:00.144547+00:00,5.049082,"{""auc"":0.9730313420295715,""loss"":0.23450370132923126,""epoch"":13,""phase"":""base"",""pr_auc"":0.9760161638259888,""recall"":0.9086827635765076,""val_auc"":0.9893602728843689,""accuracy"":0.9316050410270691,""val_loss"":0.2058965414762497,""precision"":0.9529190063476562,""val_pr_auc"":0.9859740138053894,""val_recall"":0.8996226191520691,""phase_epoch"":13,""specificity"":0.9547224640846252,""val_accuracy"":0.9424433708190918,""learning_rate"":0.00004999999873689376,""val_precision"":0.9818781018257141,""val_specificity"":0.9839181286549707,""balanced_accuracy"":0.9317026138305664,""recall_parasitized"":0.9086827635765076,""val_f2_parasitized"":0.9149524101934295,""val_balanced_accuracy"":0.9417703850822023,""val_n_pred_uninfected"":1479,""val_n_pred_parasitized"":1214,""val_pr_auc_parasitized"":0.9866647123234742,""val_recall_parasitized"":0.8996226415094339,""val_prediction_collapse"":0,""val_roc_auc_parasitized"":0.9892574202802604,""val_early_stopping_score"":0.9149524101931743,""val_checkpoint_policy_score"":0.8996226415094339,""val_percent_pred_uninfected"":0.5492016338655774,""val_sensitivity_parasitized"":0.8996226415094339,""val_percent_pred_parasitized"":0.4507983661344226,""val_prediction_collapse_detected"":0}",0.9730313420295715,0.23450370132923126,13,base,0.9760161638259888,0.9086827635765076,0.9893602728843689,0.9316050410270691,0.2058965414762497,0.9529190063476562,0.9859740138053894,0.8996226191520691,13,0.9547224640846252,0.9424433708190918,0.00004999999873689376,0.9818781018257141,0.9839181286549707,0.9317026138305664,0.9086827635765076,0.9149524101934295,0.9417703850822023,1479,1214,0.9866647123234742,0.8996226415094339,0,0.9892574202802604,0.9149524101931743,0.8996226415094339,0.5492016338655774,0.8996226415094339,0.4507983661344226,0
c96bb5c1-1edb-4ef3-9854-fd715c4025f4,custom_cnn,adamw,Q06/Q11,train_execution_records,epoch,base,14,2026-10-02T17:35:59.11432+00:00,5d0ac9f9-98c0-4a50-b052-0b80452c5c39,67,2026-10-02T17:35:59.117206+00:00,2026-10-02T17:32:54.955363+00:00,184.161843,2026-10-02T17:35:59.159951+00:00,2026-10-02T17:35:59.219074+00:00,0.059123,2026-10-02T17:35:59.258696+00:00,2026-10-02T17:36:04.372552+00:00,5.113856,"{""auc"":0.9745393395423889,""loss"":0.22973978519439697,""epoch"":14,""phase"":""base"",""pr_auc"":0.9780361652374268,""recall"":0.9092215299606323,""val_auc"":0.9889451861381531,""accuracy"":0.9307935237884521,""val_loss"":0.2171965092420578,""precision"":0.9507980942726135,""val_pr_auc"":0.9859967827796936,""val_recall"":0.8799999952316284,""phase_epoch"":14,""specificity"":0.9525490999221802,""val_accuracy"":0.9324173927307129,""learning_rate"":0.00004999999873689376,""val_precision"":0.9806560277938843,""val_specificity"":0.9831871345029239,""balanced_accuracy"":0.9308853149414062,""recall_parasitized"":0.9092215299606323,""val_f2_parasitized"":0.8984435198027431,""val_balanced_accuracy"":0.9315935672514619,""val_n_pred_uninfected"":1504,""val_n_pred_parasitized"":1189,""val_pr_auc_parasitized"":0.9870547376784625,""val_recall_parasitized"":0.88,""val_prediction_collapse"":0,""val_roc_auc_parasitized"":0.9890588105483835,""val_early_stopping_score"":0.8984435198025011,""val_checkpoint_policy_score"":0.88,""val_percent_pred_uninfected"":0.558484961010026,""val_sensitivity_parasitized"":0.88,""val_percent_pred_parasitized"":0.441515038989974,""val_prediction_collapse_detected"":0}",0.9745393395423889,0.22973978519439697,14,base,0.9780361652374268,0.9092215299606323,0.9889451861381531,0.9307935237884521,0.2171965092420578,0.9507980942726135,0.9859967827796936,0.8799999952316284,14,0.9525490999221802,0.9324173927307129,0.00004999999873689376,0.9806560277938843,0.9831871345029239,0.9308853149414062,0.9092215299606323,0.8984435198027431,0.9315935672514619,1504,1189,0.9870547376784625,0.88,0,0.9890588105483835,0.8984435198025011,0.88,0.558484961010026,0.88,0.441515038989974,0
cc925f74-3535-40e0-9060-23a06cea8024,custom_cnn,sgd,Q06/Q11,train_execution_records,epoch,base,1,2026-10-02T17:39:26.008271+00:00,5b8cbfca-80b9-46a8-9f84-72618fd13c67,2,2026-10-02T17:39:26.011544+00:00,2026-10-02T17:36:30.336891+00:00,175.674653,2026-10-02T17:39:26.055428+00:00,2026-10-02T17:39:26.114127+00:00,0.058699,2026-10-02T17:39:26.155822+00:00,2026-10-02T17:39:31.566945+00:00,5.411123,"{""auc"":0.7471362948417664,""loss"":0.6446338295936584,""epoch"":1,""phase"":""base"",""pr_auc"":0.7422117590904236,""recall"":0.6563706398010254,""val_auc"":0.7426090240478516,""accuracy"":0.6843101978302002,""val_loss"":0.6870751976966858,""precision"":0.6971864700317383,""val_pr_auc"":0.7277277708053589,""val_recall"":0.7932075262069702,""phase_epoch"":1,""specificity"":0.7124875783920288,""val_accuracy"":0.6591162085533142,""learning_rate"":0.0010000000474974513,""val_precision"":0.6200590133666992,""val_specificity"":0.5292397660818714,""balanced_accuracy"":0.6844291090965271,""recall_parasitized"":0.6563706398010254,""val_f2_parasitized"":0.7512508934953538,""val_balanced_accuracy"":0.6612236566258414,""val_n_pred_uninfected"":998,""val_n_pred_parasitized"":1695,""val_pr_auc_parasitized"":0.728163643428648,""val_recall_parasitized"":0.7932075471698113,""val_prediction_collapse"":0,""val_roc_auc_parasitized"":0.7425441354959726,""val_early_stopping_score"":0.7512508934952126,""val_checkpoint_policy_score"":0.7932075471698113,""val_percent_pred_uninfected"":0.37059041960638694,""val_sensitivity_parasitized"":0.7932075471698113,""val_percent_pred_parasitized"":0.629409580393613,""val_prediction_collapse_detected"":0}",0.7471362948417664,0.6446338295936584,1,base,0.7422117590904236,0.6563706398010254,0.7426090240478516,0.6843101978302002,0.6870751976966858,0.6971864700317383,0.7277277708053589,0.7932075262069702,1,0.7124875783920288,0.6591162085533142,0.0010000000474974513,0.6200590133666992,0.5292397660818714,0.6844291090965271,0.6563706398010254,0.7512508934953538,0.6612236566258414,998,1695,0.728163643428648,0.7932075471698113,0,0.7425441354959726,0.7512508934952126,0.7932075471698113,0.37059041960638694,0.7932075471698113,0.629409580393613,0
cc925f74-3535-40e0-9060-23a06cea8024,custom_cnn,sgd,Q06/Q11,train_execution_records,epoch,base,2,2026-10-02T17:42:29.38599+00:00,41dff6b5-1ed4-4995-b38b-5a717e2c6357,7,2026-10-02T17:42:29.388904+00:00,2026-10-02T17:39:26.011544+00:00,183.37736,2026-10-02T17:42:29.430585+00:00,2026-10-02T17:42:29.487366+00:00,0.056781,2026-10-02T17:42:29.530258+00:00,2026-10-02T17:42:34.590562+00:00,5.060304,"{""auc"":0.9111735224723816,""loss"":0.45767298340797424,""epoch"":2,""phase"":""base"",""pr_auc"":0.9153004288673401,""recall"":0.7913262248039246,""val_auc"":0.9489327669143677,""accuracy"":0.8469792604446411,""val_loss"":0.7466084361076355,""precision"":0.8917332887649536,""val_pr_auc"":0.9510306119918823,""val_recall"":0.998490571975708,""phase_epoch"":2,""specificity"":0.9031060338020325,""val_accuracy"":0.4990716576576233,""learning_rate"":0.0010000000474974513,""val_precision"":0.4955056309700012,""val_specificity"":0.015350877192982455,""balanced_accuracy"":0.8472161293029785,""recall_parasitized"":0.7913262248039246,""val_f2_parasitized"":0.8299874529485571,""val_balanced_accuracy"":0.5069207216153592,""val_n_pred_uninfected"":23,""val_n_pred_parasitized"":2670,""val_pr_auc_parasitized"":0.9521754483304108,""val_recall_parasitized"":0.9984905660377359,""val_prediction_collapse"":1,""val_roc_auc_parasitized"":0.9489341277722609,""val_early_stopping_score"":-2999999.170012547,""val_checkpoint_policy_score"":2.9489327669143677,""val_percent_pred_uninfected"":0.008540660972892685,""val_sensitivity_parasitized"":0.9984905660377359,""val_percent_pred_parasitized"":0.9914593390271074,""val_prediction_collapse_detected"":1}",0.9111735224723816,0.45767298340797424,2,base,0.9153004288673401,0.7913262248039246,0.9489327669143677,0.8469792604446411,0.7466084361076355,0.8917332887649536,0.9510306119918823,0.998490571975708,2,0.9031060338020325,0.4990716576576233,0.0010000000474974513,0.4955056309700012,0.015350877192982455,0.8472161293029785,0.7913262248039246,0.8299874529485571,0.5069207216153592,23,2670,0.9521754483304108,0.9984905660377359,1,0.9489341277722609,-2999999.170012547,2.9489327669143677,0.008540660972892685,0.9984905660377359,0.9914593390271074,1
cc925f74-3535-40e0-9060-23a06cea8024,custom_cnn,sgd,Q06/Q11,train_execution_records,epoch,base,3,2026-10-02T17:45:35.79134+00:00,832e5818-0736-4b0c-97eb-f708370cb8a8,12,2026-10-02T17:45:35.795976+00:00,2026-10-02T17:42:29.388904+00:00,186.407072,2026-10-02T17:45:35.843170+00:00,2026-10-02T17:45:35.900851+00:00,0.057681,2026-10-02T17:45:35.938855+00:00,2026-10-02T17:45:41.000528+00:00,5.061673,"{""auc"":0.9426082372665405,""loss"":0.35804659128189087,""epoch"":3,""phase"":""base"",""pr_auc"":0.9479550123214722,""recall"":0.8399928212165833,""val_auc"":0.9668835401535034,""accuracy"":0.8935978412628174,""val_loss"":0.3231101334095001,""precision"":0.941810131072998,""val_pr_auc"":0.9631122946739197,""val_recall"":0.8641509413719177,""phase_epoch"":3,""specificity"":0.9476591348648071,""val_accuracy"":0.9168213605880737,""learning_rate"":0.0010000000474974513,""val_precision"":0.9629940986633301,""val_specificity"":0.9678362573099415,""balanced_accuracy"":0.8938260078430176,""recall_parasitized"":0.8399928212165833,""val_f2_parasitized"":0.8822622900292804,""val_balanced_accuracy"":0.915993600353084,""val_n_pred_uninfected"":1504,""val_n_pred_parasitized"":1189,""val_pr_auc_parasitized"":0.9629665861131865,""val_recall_parasitized"":0.8641509433962264,""val_prediction_collapse"":0,""val_roc_auc_parasitized"":0.9668142447313253,""val_early_stopping_score"":0.8822622900290514,""val_checkpoint_policy_score"":0.8641509433962264,""val_percent_pred_uninfected"":0.558484961010026,""val_sensitivity_parasitized"":0.8641509433962264,""val_percent_pred_parasitized"":0.441515038989974,""val_prediction_collapse_detected"":0}",0.9426082372665405,0.35804659128189087,3,base,0.9479550123214722,0.8399928212165833,0.9668835401535034,0.8935978412628174,0.3231101334095001,0.941810131072998,0.9631122946739197,0.8641509413719177,3,0.9476591348648071,0.9168213605880737,0.0010000000474974513,0.9629940986633301,0.9678362573099415,0.8938260078430176,0.8399928212165833,0.8822622900292804,0.915993600353084,1504,1189,0.9629665861131865,0.8641509433962264,0,0.9668142447313253,0.8822622900290514,0.8641509433962264,0.558484961010026,0.8641509433962264,0.441515038989974,0
cc925f74-3535-40e0-9060-23a06cea8024,custom_cnn,sgd,Q06/Q11,train_execution_records,epoch,base,4,2026-10-02T17:48:40.664719+00:00,c60997c3-d0a4-472d-b60a-b8d84a2f20ce,17,2026-10-02T17:48:40.668183+00:00,2026-10-02T17:45:35.795976+00:00,184.872207,2026-10-02T17:48:40.709871+00:00,2026-10-02T17:48:40.766918+00:00,0.057047,2026-10-02T17:48:40.804153+00:00,2026-10-02T17:48:45.836885+00:00,5.032732,"{""auc"":0.9520156383514404,""loss"":0.3217370808124542,""epoch"":4,""phase"":""base"",""pr_auc"":0.9581167697906494,""recall"":0.8531022667884827,""val_auc"":0.9841843247413635,""accuracy"":0.9032912254333496,""val_loss"":0.32481712102890015,""precision"":0.9491508603096008,""val_pr_auc"":0.9788798689842224,""val_recall"":0.7796226143836975,""phase_epoch"":4,""specificity"":0.9539074301719666,""val_accuracy"":0.8878574371337891,""learning_rate"":0.0010000000474974513,""val_precision"":0.9904122948646545,""val_specificity"":0.9926900584795322,""balanced_accuracy"":0.9035048484802246,""recall_parasitized"":0.8531022667884827,""val_f2_parasitized"":0.8142834620841873,""val_balanced_accuracy"":0.8861563499944831,""val_n_pred_uninfected"":1650,""val_n_pred_parasitized"":1043,""val_pr_auc_parasitized"":0.978497230399904,""val_recall_parasitized"":0.779622641509434,""val_prediction_collapse"":0,""val_roc_auc_parasitized"":0.984222663577182,""val_early_stopping_score"":0.8142834620840074,""val_checkpoint_policy_score"":0.779622641509434,""val_percent_pred_uninfected"":0.6126995915336056,""val_sensitivity_parasitized"":0.779622641509434,""val_percent_pred_parasitized"":0.38730040846639435,""val_prediction_collapse_detected"":0}",0.9520156383514404,0.3217370808124542,4,base,0.9581167697906494,0.8531022667884827,0.9841843247413635,0.9032912254333496,0.32481712102890015,0.9491508603096008,0.9788798689842224,0.7796226143836975,4,0.9539074301719666,0.8878574371337891,0.0010000000474974513,0.9904122948646545,0.9926900584795322,0.9035048484802246,0.8531022667884827,0.8142834620841873,0.8861563499944831,1650,1043,0.978497230399904,0.779622641509434,0,0.984222663577182,0.8142834620840074,0.779622641509434,0.6126995915336056,0.779622641509434,0.38730040846639435,0
cc925f74-3535-40e0-9060-23a06cea8024,custom_cnn,sgd,Q06/Q11,train_execution_records,epoch,base,5,2026-10-02T17:51:44.856581+00:00,320fdcc2-fa09-457b-95a6-5bfc255bcf7c,22,2026-10-02T17:51:44.859894+00:00,2026-10-02T17:48:40.668183+00:00,184.191711,2026-10-02T17:51:44.901408+00:00,2026-10-02T17:51:44.958601+00:00,0.057193,2026-10-02T17:51:44.998710+00:00,2026-10-02T17:51:50.207479+00:00,5.208769,"{""auc"":0.9550945162773132,""loss"":0.3067402243614197,""epoch"":5,""phase"":""base"",""pr_auc"":0.9613099098205566,""recall"":0.8650444746017456,""val_auc"":0.9807707071304321,""accuracy"":0.9106853008270264,""val_loss"":0.2819756269454956,""precision"":0.9527294039726257,""val_pr_auc"":0.9774904251098633,""val_recall"":0.8316981196403503,""phase_epoch"":5,""specificity"":0.9567146897315979,""val_accuracy"":0.9116227030754089,""learning_rate"":0.0010000000474974513,""val_precision"":0.986571192741394,""val_specificity"":0.9890350877192983,""balanced_accuracy"":0.9108796119689941,""recall_parasitized"":0.8650444746017456,""val_f2_parasitized"":0.8586566931587969,""val_balanced_accuracy"":0.9103666004634228,""val_n_pred_uninfected"":1576,""val_n_pred_parasitized"":1117,""val_pr_auc_parasitized"":0.9764668543948565,""val_recall_parasitized"":0.8316981132075472,""val_prediction_collapse"":0,""val_roc_auc_parasitized"":0.9808542976939203,""val_early_stopping_score"":0.858656693158586,""val_checkpoint_policy_score"":0.8316981132075472,""val_percent_pred_uninfected"":0.5852209431860379,""val_sensitivity_parasitized"":0.8316981132075472,""val_percent_pred_parasitized"":0.4147790568139621,""val_prediction_collapse_detected"":0}",0.9550945162773132,0.3067402243614197,5,base,0.9613099098205566,0.8650444746017456,0.9807707071304321,0.9106853008270264,0.2819756269454956,0.9527294039726257,0.9774904251098633,0.8316981196403503,5,0.9567146897315979,0.9116227030754089,0.0010000000474974513,0.986571192741394,0.9890350877192983,0.9108796119689941,0.8650444746017456,0.8586566931587969,0.9103666004634228,1576,1117,0.9764668543948565,0.8316981132075472,0,0.9808542976939203,0.858656693158586,0.8316981132075472,0.5852209431860379,0.8316981132075472,0.4147790568139621,0
cc925f74-3535-40e0-9060-23a06cea8024,custom_cnn,sgd,Q06/Q11,train_execution_records,epoch,base,6,2026-10-02T17:54:51.752992+00:00,ad73d9d6-40cf-4b1f-a8da-d3eaab7daecc,27,2026-10-02T17:54:51.756218+00:00,2026-10-02T17:51:44.859894+00:00,186.896324,2026-10-02T17:54:51.801355+00:00,2026-10-02T17:54:51.858577+00:00,0.057222,2026-10-02T17:54:51.899043+00:00,2026-10-02T17:54:57.039614+00:00,5.140571,"{""auc"":0.959105372428894,""loss"":0.2934491038322449,""epoch"":6,""phase"":""base"",""pr_auc"":0.9640827178955078,""recall"":0.874921441078186,""val_auc"":0.9825618267059326,""accuracy"":0.9147430062294006,""val_loss"":0.2490958720445633,""precision"":0.9513766765594482,""val_pr_auc"":0.9791579246520996,""val_recall"":0.8777358531951904,""phase_epoch"":6,""specificity"":0.9549035429954529,""val_accuracy"":0.9316747188568115,""learning_rate"":0.0010000000474974513,""val_precision"":0.9814345836639404,""val_specificity"":0.9839181286549707,""balanced_accuracy"":0.9149124622344971,""recall_parasitized"":0.874921441078186,""val_f2_parasitized"":0.8966846569005397,""val_balanced_accuracy"":0.9308269888557872,""val_n_pred_uninfected"":1508,""val_n_pred_parasitized"":1185,""val_pr_auc_parasitized"":0.9773572362910697,""val_recall_parasitized"":0.8777358490566037,""val_prediction_collapse"":0,""val_roc_auc_parasitized"":0.9825102063334438,""val_early_stopping_score"":0.8966846569002993,""val_checkpoint_policy_score"":0.8777358490566037,""val_percent_pred_uninfected"":0.5599702933531377,""val_sensitivity_parasitized"":0.8777358490566037,""val_percent_pred_parasitized"":0.44002970664686225,""val_prediction_collapse_detected"":0}",0.959105372428894,0.2934491038322449,6,base,0.9640827178955078,0.874921441078186,0.9825618267059326,0.9147430062294006,0.2490958720445633,0.9513766765594482,0.9791579246520996,0.8777358531951904,6,0.9549035429954529,0.9316747188568115,0.0010000000474974513,0.9814345836639404,0.9839181286549707,0.9149124622344971,0.874921441078186,0.8966846569005397,0.9308269888557872,1508,1185,0.9773572362910697,0.8777358490566037,0,0.9825102063334438,0.8966846569002993,0.8777358490566037,0.5599702933531377,0.8777358490566037,0.44002970664686225,0
cc925f74-3535-40e0-9060-23a06cea8024,custom_cnn,sgd,Q06/Q11,train_execution_records,epoch,base,7,2026-10-02T17:57:56.078834+00:00,e7ffed98-c6e6-4103-96c2-50107b1ca72f,32,2026-10-02T17:57:56.081385+00:00,2026-10-02T17:54:51.756218+00:00,184.325167,2026-10-02T17:57:56.125567+00:00,2026-10-02T17:57:56.181986+00:00,0.056419,2026-10-02T17:57:56.219319+00:00,2026-10-02T17:58:01.300835+00:00,5.081516,"{""auc"":0.9597472548484802,""loss"":0.2926158905029297,""epoch"":7,""phase"":""base"",""pr_auc"":0.964203953742981,""recall"":0.874921441078186,""val_auc"":0.9856535196304321,""accuracy"":0.9149684309959412,""val_loss"":0.2796524465084076,""precision"":0.9518413543701172,""val_pr_auc"":0.981031596660614,""val_recall"":0.8196226358413696,""phase_epoch"":7,""specificity"":0.9553563594818115,""val_accuracy"":0.9056813716888428,""learning_rate"":0.0010000000474974513,""val_precision"":0.9863760471343994,""val_specificity"":0.9890350877192983,""balanced_accuracy"":0.9151389002799988,""recall_parasitized"":0.874921441078186,""val_f2_parasitized"":0.8483049523511951,""val_balanced_accuracy"":0.9043288646143661,""val_n_pred_uninfected"":1592,""val_n_pred_parasitized"":1101,""val_pr_auc_parasitized"":0.9808427859293941,""val_recall_parasitized"":0.819622641509434,""val_prediction_collapse"":0,""val_roc_auc_parasitized"":0.9857332009268454,""val_early_stopping_score"":0.8483049523509916,""val_checkpoint_policy_score"":0.819622641509434,""val_percent_pred_uninfected"":0.591162272558485,""val_sensitivity_parasitized"":0.819622641509434,""val_percent_pred_parasitized"":0.40883772744151503,""val_prediction_collapse_detected"":0}",0.9597472548484802,0.2926158905029297,7,base,0.964203953742981,0.874921441078186,0.9856535196304321,0.9149684309959412,0.2796524465084076,0.9518413543701172,0.981031596660614,0.8196226358413696,7,0.9553563594818115,0.9056813716888428,0.0010000000474974513,0.9863760471343994,0.9890350877192983,0.9151389002799988,0.874921441078186,0.8483049523511951,0.9043288646143661,1592,1101,0.9808427859293941,0.819622641509434,0,0.9857332009268454,0.8483049523509916,0.819622641509434,0.591162272558485,0.819622641509434,0.40883772744151503,0
cc925f74-3535-40e0-9060-23a06cea8024,custom_cnn,sgd,Q06/Q11,train_execution_records,epoch,base,8,2026-10-02T18:00:59.604181+00:00,a8268be8-af72-482e-bb60-5928256162db,37,2026-10-02T18:00:59.607151+00:00,2026-10-02T17:57:56.081385+00:00,183.525766,2026-10-02T18:00:59.652900+00:00,2026-10-02T18:00:59.711632+00:00,0.058732,2026-10-02T18:00:59.751185+00:00,2026-10-02T18:01:04.858998+00:00,5.107813,"{""auc"":0.9606337547302246,""loss"":0.2868576645851135,""epoch"":8,""phase"":""base"",""pr_auc"":0.9651833772659302,""recall"":0.877435564994812,""val_auc"":0.9719284772872925,""accuracy"":0.9147881269454956,""val_loss"":0.3753792345523834,""precision"":0.9490142464637756,""val_pr_auc"":0.971244215965271,""val_recall"":0.9660377502441406,""phase_epoch"":8,""specificity"":0.9524585604667664,""val_accuracy"":0.8440400958061218,""learning_rate"":0.0010000000474974513,""val_precision"":0.773413896560669,""val_specificity"":0.7258771929824561,""balanced_accuracy"":0.9149470329284668,""recall_parasitized"":0.877435564994812,""val_f2_parasitized"":0.9202012940330697,""val_balanced_accuracy"":0.8459574644157564,""val_n_pred_uninfected"":1038,""val_n_pred_parasitized"":1655,""val_pr_auc_parasitized"":0.9692496574445822,""val_recall_parasitized"":0.9660377358490566,""val_prediction_collapse"":0,""val_roc_auc_parasitized"":0.9717174224870351,""val_early_stopping_score"":0.9202012940328099,""val_checkpoint_policy_score"":0.9660377358490566,""val_percent_pred_uninfected"":0.3854437430375046,""val_sensitivity_parasitized"":0.9660377358490566,""val_percent_pred_parasitized"":0.6145562569624954,""val_prediction_collapse_detected"":0}",0.9606337547302246,0.2868576645851135,8,base,0.9651833772659302,0.877435564994812,0.9719284772872925,0.9147881269454956,0.3753792345523834,0.9490142464637756,0.971244215965271,0.9660377502441406,8,0.9524585604667664,0.8440400958061218,0.0010000000474974513,0.773413896560669,0.7258771929824561,0.9149470329284668,0.877435564994812,0.9202012940330697,0.8459574644157564,1038,1655,0.9692496574445822,0.9660377358490566,0,0.9717174224870351,0.9202012940328099,0.9660377358490566,0.3854437430375046,0.9660377358490566,0.6145562569624954,0
cc925f74-3535-40e0-9060-23a06cea8024,custom_cnn,sgd,Q06/Q11,train_execution_records,epoch,base,9,2026-10-02T18:04:04.397889+00:00,8c0ff119-24af-4968-9b50-ed3ff78b6080,42,2026-10-02T18:04:04.402265+00:00,2026-10-02T18:00:59.607151+00:00,184.795114,2026-10-02T18:04:04.445305+00:00,2026-10-02T18:04:04.502911+00:00,0.057606,2026-10-02T18:04:04.540808+00:00,2026-10-02T18:04:09.767685+00:00,5.226877,"{""auc"":0.9611930251121521,""loss"":0.2834762930870056,""epoch"":9,""phase"":""base"",""pr_auc"":0.9668440222740173,""recall"":0.8777947425842285,""val_auc"":0.9821118712425232,""accuracy"":0.9169071316719055,""val_loss"":0.2960180938243866,""precision"":0.9530122876167297,""val_pr_auc"":0.9786298274993896,""val_recall"":0.8060377240180969,""phase_epoch"":9,""specificity"":0.9563524127006531,""val_accuracy"":0.8993687629699707,""learning_rate"":0.0010000000474974513,""val_precision"":0.9870610237121582,""val_specificity"":0.9897660818713451,""balanced_accuracy"":0.9170736074447632,""recall_parasitized"":0.8777947425842285,""val_f2_parasitized"":0.8367282983390787,""val_balanced_accuracy"":0.8979019088602008,""val_n_pred_uninfected"":1611,""val_n_pred_parasitized"":1082,""val_pr_auc_parasitized"":0.9783736749111535,""val_recall_parasitized"":0.8060377358490566,""val_prediction_collapse"":0,""val_roc_auc_parasitized"":0.9822696678803929,""val_early_stopping_score"":0.8367282983388834,""val_checkpoint_policy_score"":0.8060377358490566,""val_percent_pred_uninfected"":0.5982176011882658,""val_sensitivity_parasitized"":0.8060377358490566,""val_percent_pred_parasitized"":0.4017823988117341,""val_prediction_collapse_detected"":0}",0.9611930251121521,0.2834762930870056,9,base,0.9668440222740173,0.8777947425842285,0.9821118712425232,0.9169071316719055,0.2960180938243866,0.9530122876167297,0.9786298274993896,0.8060377240180969,9,0.9563524127006531,0.8993687629699707,0.0010000000474974513,0.9870610237121582,0.9897660818713451,0.9170736074447632,0.8777947425842285,0.8367282983390787,0.8979019088602008,1611,1082,0.9783736749111535,0.8060377358490566,0,0.9822696678803929,0.8367282983388834,0.8060377358490566,0.5982176011882658,0.8060377358490566,0.4017823988117341,0
cc925f74-3535-40e0-9060-23a06cea8024,custom_cnn,sgd,Q06/Q11,train_execution_records,epoch,base,10,2026-10-02T18:07:08.48094+00:00,2bff2e2b-102a-4fad-80fb-6c1a37f30d8e,47,2026-10-02T18:07:08.483865+00:00,2026-10-02T18:04:04.402265+00:00,184.0816,2026-10-02T18:07:08.525672+00:00,2026-10-02T18:07:08.585267+00:00,0.059595,2026-10-02T18:07:08.625632+00:00,2026-10-02T18:07:13.710284+00:00,5.084652,"{""auc"":0.9627102017402649,""loss"":0.2791433036327362,""epoch"":10,""phase"":""base"",""pr_auc"":0.9679732322692871,""recall"":0.8853371739387512,""val_auc"":0.9869480133056641,""accuracy"":0.9197925925254822,""val_loss"":0.2609573006629944,""precision"":0.9515537619590759,""val_pr_auc"":0.9833499193191528,""val_recall"":0.846792459487915,""phase_epoch"":10,""specificity"":0.9545413255691528,""val_accuracy"":0.9186780452728271,""learning_rate"":0.0005000000237487257,""val_precision"":0.9859402179718018,""val_specificity"":0.9883040935672515,""balanced_accuracy"":0.9199392795562744,""recall_parasitized"":0.8853371739387512,""val_f2_parasitized"":0.8713886300093197,""val_balanced_accuracy"":0.9175482731987201,""val_n_pred_uninfected"":1555,""val_n_pred_parasitized"":1138,""val_pr_auc_parasitized"":0.9824156356747922,""val_recall_parasitized"":0.8467924528301887,""val_prediction_collapse"":0,""val_roc_auc_parasitized"":0.9868316230828643,""val_early_stopping_score"":0.8713886300090992,""val_checkpoint_policy_score"":0.8467924528301887,""val_percent_pred_uninfected"":0.5774229483847011,""val_sensitivity_parasitized"":0.8467924528301887,""val_percent_pred_parasitized"":0.4225770516152989,""val_prediction_collapse_detected"":0}",0.9627102017402649,0.2791433036327362,10,base,0.9679732322692871,0.8853371739387512,0.9869480133056641,0.9197925925254822,0.2609573006629944,0.9515537619590759,0.9833499193191528,0.846792459487915,10,0.9545413255691528,0.9186780452728271,0.0005000000237487257,0.9859402179718018,0.9883040935672515,0.9199392795562744,0.8853371739387512,0.8713886300093197,0.9175482731987201,1555,1138,0.9824156356747922,0.8467924528301887,0,0.9868316230828643,0.8713886300090992,0.8467924528301887,0.5774229483847011,0.8467924528301887,0.4225770516152989,0
cc925f74-3535-40e0-9060-23a06cea8024,custom_cnn,sgd,Q06/Q11,train_execution_records,epoch,base,11,2026-10-02T18:10:12.581786+00:00,4368a8b3-e790-48d9-a434-c140935f57c7,52,2026-10-02T18:10:12.584857+00:00,2026-10-02T18:07:08.483865+00:00,184.100992,2026-10-02T18:10:12.629934+00:00,2026-10-02T18:10:12.687546+00:00,0.057612,2026-10-02T18:10:12.727791+00:00,2026-10-02T18:10:17.900990+00:00,5.173199,"{""auc"":0.9667423367500305,""loss"":0.26652199029922485,""epoch"":11,""phase"":""base"",""pr_auc"":0.9709789752960205,""recall"":0.8907245993614197,""val_auc"":0.9880877733230591,""accuracy"":0.9237601161003113,""val_loss"":0.25934937596321106,""precision"":0.9543967843055725,""val_pr_auc"":0.9849514961242676,""val_recall"":0.8415094614028931,""phase_epoch"":11,""specificity"":0.957076907157898,""val_accuracy"":0.9168213605880737,""learning_rate"":0.0005000000237487257,""val_precision"":0.9875996708869934,""val_specificity"":0.9897660818713451,""balanced_accuracy"":0.9239007234573364,""recall_parasitized"":0.8907245993614197,""val_f2_parasitized"":0.8671644112614715,""val_balanced_accuracy"":0.9156377579168047,""val_n_pred_uninfected"":1564,""val_n_pred_parasitized"":1129,""val_pr_auc_parasitized"":0.9844691574242495,""val_recall_parasitized"":0.8415094339622642,""val_prediction_collapse"":0,""val_roc_auc_parasitized"":0.9882119607194085,""val_early_stopping_score"":0.8671644112612541,""val_checkpoint_policy_score"":0.8415094339622642,""val_percent_pred_uninfected"":0.5807649461567026,""val_sensitivity_parasitized"":0.8415094339622642,""val_percent_pred_parasitized"":0.41923505384329746,""val_prediction_collapse_detected"":0}",0.9667423367500305,0.26652199029922485,11,base,0.9709789752960205,0.8907245993614197,0.9880877733230591,0.9237601161003113,0.25934937596321106,0.9543967843055725,0.9849514961242676,0.8415094614028931,11,0.957076907157898,0.9168213605880737,0.0005000000237487257,0.9875996708869934,0.9897660818713451,0.9239007234573364,0.8907245993614197,0.8671644112614715,0.9156377579168047,1564,1129,0.9844691574242495,0.8415094339622642,0,0.9882119607194085,0.8671644112612541,0.8415094339622642,0.5807649461567026,0.8415094339622642,0.41923505384329746,0
cc925f74-3535-40e0-9060-23a06cea8024,custom_cnn,sgd,Q06/Q11,train_execution_records,epoch,base,12,2026-10-02T18:13:16.975099+00:00,a578cc60-74b2-4ec7-b9fd-b28ab1cb79ca,57,2026-10-02T18:13:16.978502+00:00,2026-10-02T18:10:12.584857+00:00,184.393645,2026-10-02T18:13:17.022739+00:00,2026-10-02T18:13:17.082508+00:00,0.059769,2026-10-02T18:13:17.120959+00:00,2026-10-02T18:13:22.250827+00:00,5.129868,"{""auc"":0.9657340049743652,""loss"":0.26866719126701355,""epoch"":12,""phase"":""base"",""pr_auc"":0.9697909355163574,""recall"":0.8885696530342102,""val_auc"":0.9865715503692627,""accuracy"":0.9224526882171631,""val_loss"":0.24984361231327057,""precision"":0.9538313150405884,""val_pr_auc"":0.983593761920929,""val_recall"":0.8596226572990417,""phase_epoch"":12,""specificity"":0.9566240906715393,""val_accuracy"":0.9242480397224426,""learning_rate"":0.0005000000237487257,""val_precision"":0.9844425320625305,""val_specificity"":0.9868421052631579,""balanced_accuracy"":0.9225968718528748,""recall_parasitized"":0.8885696530342102,""val_f2_parasitized"":0.8819885395694596,""val_balanced_accuracy"":0.9232323733862959,""val_n_pred_uninfected"":1536,""val_n_pred_parasitized"":1157,""val_pr_auc_parasitized"":0.9827288212208314,""val_recall_parasitized"":0.859622641509434,""val_prediction_collapse"":0,""val_roc_auc_parasitized"":0.9864824009709809,""val_early_stopping_score"":0.8819885395692308,""val_checkpoint_policy_score"":0.859622641509434,""val_percent_pred_uninfected"":0.5703676197549201,""val_sensitivity_parasitized"":0.859622641509434,""val_percent_pred_parasitized"":0.4296323802450798,""val_prediction_collapse_detected"":0}",0.9657340049743652,0.26866719126701355,12,base,0.9697909355163574,0.8885696530342102,0.9865715503692627,0.9224526882171631,0.24984361231327057,0.9538313150405884,0.983593761920929,0.8596226572990417,12,0.9566240906715393,0.9242480397224426,0.0005000000237487257,0.9844425320625305,0.9868421052631579,0.9225968718528748,0.8885696530342102,0.8819885395694596,0.9232323733862959,1536,1157,0.9827288212208314,0.859622641509434,0,0.9864824009709809,0.8819885395692308,0.859622641509434,0.5703676197549201,0.859622641509434,0.4296323802450798,0
cc925f74-3535-40e0-9060-23a06cea8024,custom_cnn,sgd,Q06/Q11,train_execution_records,epoch,base,13,2026-10-02T18:16:21.111225+00:00,2687fdaa-6021-454c-a76e-a2de8cb972b6,62,2026-10-02T18:16:21.115526+00:00,2026-10-02T18:13:16.978502+00:00,184.137024,2026-10-02T18:16:21.161115+00:00,2026-10-02T18:16:21.218381+00:00,0.057266,2026-10-02T18:16:21.256956+00:00,2026-10-02T18:16:26.371411+00:00,5.114455,"{""auc"":0.9679872989654541,""loss"":0.26226159930229187,""epoch"":13,""phase"":""base"",""pr_auc"":0.971746027469635,""recall"":0.8924306631088257,""val_auc"":0.9884185194969177,""accuracy"":0.9241208434104919,""val_loss"":0.2511354088783264,""precision"":0.9534727334976196,""val_pr_auc"":0.9850072860717773,""val_recall"":0.854339599609375,""phase_epoch"":13,""specificity"":0.9560807943344116,""val_accuracy"":0.9227626919746399,""learning_rate"":0.0005000000237487257,""val_precision"":0.9869223833084106,""val_specificity"":0.9890350877192983,""balanced_accuracy"":0.9242557287216187,""recall_parasitized"":0.8924306631088257,""val_f2_parasitized"":0.8779277183185978,""val_balanced_accuracy"":0.9216873551804039,""val_n_pred_uninfected"":1546,""val_n_pred_parasitized"":1147,""val_pr_auc_parasitized"":0.9844916882583534,""val_recall_parasitized"":0.8543396226415094,""val_prediction_collapse"":0,""val_roc_auc_parasitized"":0.9884591194968554,""val_early_stopping_score"":0.8779277183183724,""val_checkpoint_policy_score"":0.8543396226415094,""val_percent_pred_uninfected"":0.5740809506126996,""val_sensitivity_parasitized"":0.8543396226415094,""val_percent_pred_parasitized"":0.4259190493873004,""val_prediction_collapse_detected"":0}",0.9679872989654541,0.26226159930229187,13,base,0.971746027469635,0.8924306631088257,0.9884185194969177,0.9241208434104919,0.2511354088783264,0.9534727334976196,0.9850072860717773,0.854339599609375,13,0.9560807943344116,0.9227626919746399,0.0005000000237487257,0.9869223833084106,0.9890350877192983,0.9242557287216187,0.8924306631088257,0.8779277183185978,0.9216873551804039,1546,1147,0.9844916882583534,0.8543396226415094,0,0.9884591194968554,0.8779277183183724,0.8543396226415094,0.5740809506126996,0.8543396226415094,0.4259190493873004,0
cc925f74-3535-40e0-9060-23a06cea8024,custom_cnn,sgd,Q06/Q11,train_execution_records,epoch,base,14,2026-10-02T18:19:24.908915+00:00,e03f9ced-4ea7-4a93-a135-c825588e848f,67,2026-10-02T18:19:24.912128+00:00,2026-10-02T18:16:21.115526+00:00,183.796602,2026-10-02T18:19:24.957836+00:00,2026-10-02T18:19:25.017323+00:00,0.059487,2026-10-02T18:19:25.055291+00:00,2026-10-02T18:19:30.094676+00:00,5.039385,"{""auc"":0.9696691036224365,""loss"":0.25638407468795776,""epoch"":14,""phase"":""base"",""pr_auc"":0.9736921787261963,""recall"":0.8953937292098999,""val_auc"":0.9874182939529419,""accuracy"":0.9254283308982849,""val_loss"":0.27534881234169006,""precision"":0.9532549381256104,""val_pr_auc"":0.9845241904258728,""val_recall"":0.8256603479385376,""phase_epoch"":14,""specificity"":0.9557185769081116,""val_accuracy"":0.9097660779953003,""learning_rate"":0.0002500000118743628,""val_precision"":0.9891501069068909,""val_specificity"":0.9912280701754386,""balanced_accuracy"":0.9255561828613281,""recall_parasitized"":0.8953937292098999,""val_f2_parasitized"":0.8538869809553543,""val_balanced_accuracy"":0.9084442237669645,""val_n_pred_uninfected"":1587,""val_n_pred_parasitized"":1106,""val_pr_auc_parasitized"":0.9839922152811224,""val_recall_parasitized"":0.8256603773584905,""val_prediction_collapse"":0,""val_roc_auc_parasitized"":0.9874611055941741,""val_early_stopping_score"":0.8538869809551468,""val_checkpoint_policy_score"":0.8256603773584905,""val_percent_pred_uninfected"":0.5893056071295952,""val_sensitivity_parasitized"":0.8256603773584905,""val_percent_pred_parasitized"":0.41069439287040477,""val_prediction_collapse_detected"":0}",0.9696691036224365,0.25638407468795776,14,base,0.9736921787261963,0.8953937292098999,0.9874182939529419,0.9254283308982849,0.27534881234169006,0.9532549381256104,0.9845241904258728,0.8256603479385376,14,0.9557185769081116,0.9097660779953003,0.0002500000118743628,0.9891501069068909,0.9912280701754386,0.9255561828613281,0.8953937292098999,0.8538869809553543,0.9084442237669645,1587,1106,0.9839922152811224,0.8256603773584905,0,0.9874611055941741,0.8538869809551468,0.8256603773584905,0.5893056071295952,0.8256603773584905,0.41069439287040477,0
cc925f74-3535-40e0-9060-23a06cea8024,custom_cnn,sgd,Q06/Q11,train_execution_records,epoch,base,15,2026-10-02T18:22:28.576154+00:00,4f1026f9-c9fc-44bb-84c9-f6b3940ca87d,72,2026-10-02T18:22:28.580566+00:00,2026-10-02T18:19:24.912128+00:00,183.668438,2026-10-02T18:22:28.622721+00:00,2026-10-02T18:22:28.680257+00:00,0.057536,2026-10-02T18:22:28.718522+00:00,2026-10-02T18:22:33.768210+00:00,5.049688,"{""auc"":0.969933032989502,""loss"":0.2557431161403656,""epoch"":15,""phase"":""base"",""pr_auc"":0.9736031293869019,""recall"":0.8964712023735046,""val_auc"":0.9893048405647278,""accuracy"":0.9269612431526184,""val_loss"":0.22045497596263885,""precision"":0.9553152918815613,""val_pr_auc"":0.9863750338554382,""val_recall"":0.8883019089698792,""phase_epoch"":15,""specificity"":0.9577107429504395,""val_accuracy"":0.9368733763694763,""learning_rate"":0.0002500000118743628,""val_precision"":0.9816513657569885,""val_specificity"":0.9839181286549707,""balanced_accuracy"":0.9270910024642944,""recall_parasitized"":0.8964712023735046,""val_f2_parasitized"":0.9055239267579628,""val_balanced_accuracy"":0.9361100077237118,""val_n_pred_uninfected"":1494,""val_n_pred_parasitized"":1199,""val_pr_auc_parasitized"":0.9853323783411643,""val_recall_parasitized"":0.8883018867924528,""val_prediction_collapse"":0,""val_roc_auc_parasitized"":0.9892568685865607,""val_early_stopping_score"":0.9055239267577152,""val_checkpoint_policy_score"":0.8883018867924528,""val_percent_pred_uninfected"":0.5547716301522466,""val_sensitivity_parasitized"":0.8883018867924528,""val_percent_pred_parasitized"":0.44522836984775344,""val_prediction_collapse_detected"":0}",0.969933032989502,0.2557431161403656,15,base,0.9736031293869019,0.8964712023735046,0.9893048405647278,0.9269612431526184,0.22045497596263885,0.9553152918815613,0.9863750338554382,0.8883019089698792,15,0.9577107429504395,0.9368733763694763,0.0002500000118743628,0.9816513657569885,0.9839181286549707,0.9270910024642944,0.8964712023735046,0.9055239267579628,0.9361100077237118,1494,1199,0.9853323783411643,0.8883018867924528,0,0.9892568685865607,0.9055239267577152,0.8883018867924528,0.5547716301522466,0.8883018867924528,0.44522836984775344,0
cc925f74-3535-40e0-9060-23a06cea8024,custom_cnn,sgd,Q06/Q11,train_execution_records,epoch,base,16,2026-10-02T18:25:31.801256+00:00,3ccf36d5-63be-44a9-a02d-5cda800481e7,77,2026-10-02T18:25:31.805622+00:00,2026-10-02T18:22:28.580566+00:00,183.225056,2026-10-02T18:25:31.851203+00:00,2026-10-02T18:25:31.995788+00:00,0.144585,2026-10-02T18:25:32.034212+00:00,2026-10-02T18:25:37.147748+00:00,5.113536,"{""auc"":0.9705116152763367,""loss"":0.2543482184410095,""epoch"":16,""phase"":""base"",""pr_auc"":0.9741358757019043,""recall"":0.8981772661209106,""val_auc"":0.9879723191261292,""accuracy"":0.9275473356246948,""val_loss"":0.22601474821567535,""precision"":0.9548491835594177,""val_pr_auc"":0.9852386713027954,""val_recall"":0.8860377073287964,""phase_epoch"":16,""specificity"":0.9571674466133118,""val_accuracy"":0.9357593655586243,""learning_rate"":0.0002500000118743628,""val_precision"":0.9816053509712219,""val_specificity"":0.9839181286549707,""balanced_accuracy"":0.9276723861694336,""recall_parasitized"":0.8981772661209106,""val_f2_parasitized"":0.9036330049261084,""val_balanced_accuracy"":0.9349779322520138,""val_n_pred_uninfected"":1497,""val_n_pred_parasitized"":1196,""val_pr_auc_parasitized"":0.9841894754022587,""val_recall_parasitized"":0.8860377358490567,""val_prediction_collapse"":0,""val_roc_auc_parasitized"":0.9880265916363234,""val_early_stopping_score"":0.9036330049258625,""val_checkpoint_policy_score"":0.8860377358490567,""val_percent_pred_uninfected"":0.5558856294095804,""val_sensitivity_parasitized"":0.8860377358490567,""val_percent_pred_parasitized"":0.4441143705904196,""val_prediction_collapse_detected"":0}",0.9705116152763367,0.2543482184410095,16,base,0.9741358757019043,0.8981772661209106,0.9879723191261292,0.9275473356246948,0.22601474821567535,0.9548491835594177,0.9852386713027954,0.8860377073287964,16,0.9571674466133118,0.9357593655586243,0.0002500000118743628,0.9816053509712219,0.9839181286549707,0.9276723861694336,0.8981772661209106,0.9036330049261084,0.9349779322520138,1497,1196,0.9841894754022587,0.8860377358490567,0,0.9880265916363234,0.9036330049258625,0.8860377358490567,0.5558856294095804,0.8860377358490567,0.4441143705904196,0
cc925f74-3535-40e0-9060-23a06cea8024,custom_cnn,sgd,Q06/Q11,train_execution_records,epoch,base,17,2026-10-02T18:28:37.67927+00:00,c14420b0-8fae-43b9-a36c-8e14e541a600,82,2026-10-02T18:28:37.682097+00:00,2026-10-02T18:25:31.805622+00:00,185.876475,2026-10-02T18:28:37.727479+00:00,2026-10-02T18:28:37.788909+00:00,0.06143,2026-10-02T18:28:37.828111+00:00,2026-10-02T18:28:42.982378+00:00,5.154267,"{""auc"":0.9700708389282227,""loss"":0.25514450669288635,""epoch"":17,""phase"":""base"",""pr_auc"":0.9739440083503723,""recall"":0.8981772661209106,""val_auc"":0.9882652163505554,""accuracy"":0.9277276992797852,""val_loss"":0.2234460562467575,""precision"":0.9552139043807983,""val_pr_auc"":0.9853459596633911,""val_recall"":0.8815094232559204,""phase_epoch"":17,""specificity"":0.9575296640396118,""val_accuracy"":0.9335314035415649,""learning_rate"":0.0002500000118743628,""val_precision"":0.9815126061439514,""val_specificity"":0.9839181286549707,""balanced_accuracy"":0.9278534650802612,""recall_parasitized"":0.8981772661209106,""val_f2_parasitized"":0.8998459167950693,""val_balanced_accuracy"":0.9327137813086175,""val_n_pred_uninfected"":1503,""val_n_pred_parasitized"":1190,""val_pr_auc_parasitized"":0.9845735613602347,""val_recall_parasitized"":0.8815094339622641,""val_prediction_collapse"":0,""val_roc_auc_parasitized"":0.988164515061238,""val_early_stopping_score"":0.8998459167948265,""val_checkpoint_policy_score"":0.8815094339622641,""val_percent_pred_uninfected"":0.558113627924248,""val_sensitivity_parasitized"":0.8815094339622641,""val_percent_pred_parasitized"":0.44188637207575193,""val_prediction_collapse_detected"":0}",0.9700708389282227,0.25514450669288635,17,base,0.9739440083503723,0.8981772661209106,0.9882652163505554,0.9277276992797852,0.2234460562467575,0.9552139043807983,0.9853459596633911,0.8815094232559204,17,0.9575296640396118,0.9335314035415649,0.0002500000118743628,0.9815126061439514,0.9839181286549707,0.9278534650802612,0.8981772661209106,0.8998459167950693,0.9327137813086175,1503,1190,0.9845735613602347,0.8815094339622641,0,0.988164515061238,0.8998459167948265,0.8815094339622641,0.558113627924248,0.8815094339622641,0.44188637207575193,0
cc925f74-3535-40e0-9060-23a06cea8024,custom_cnn,sgd,Q06/Q11,train_execution_records,epoch,base,18,2026-10-02T18:31:45.292748+00:00,de1b962c-31e0-4a19-89df-b299f17dccaa,87,2026-10-02T18:31:45.297206+00:00,2026-10-02T18:28:37.682097+00:00,187.615109,2026-10-02T18:31:45.339309+00:00,2026-10-02T18:31:45.393737+00:00,0.054428,2026-10-02T18:31:45.428015+00:00,2026-10-02T18:31:50.098621+00:00,4.670606,"{""auc"":0.9693436026573181,""loss"":0.25698769092559814,""epoch"":18,""phase"":""base"",""pr_auc"":0.9729539752006531,""recall"":0.8963814377784729,""val_auc"":0.9877098798751831,""accuracy"":0.9264202117919922,""val_loss"":0.25871342420578003,""precision"":0.9543064832687378,""val_pr_auc"":0.985335111618042,""val_recall"":0.850566029548645,""phase_epoch"":18,""specificity"":0.9567146897315979,""val_accuracy"":0.9212774038314819,""learning_rate"":0.0002500000118743628,""val_precision"":0.987730085849762,""val_specificity"":0.9897660818713451,""balanced_accuracy"":0.9265480637550354,""recall_parasitized"":0.8963814377784729,""val_f2_parasitized"":0.8748641515292657,""val_balanced_accuracy"":0.920166059803597,""val_n_pred_uninfected"":1552,""val_n_pred_parasitized"":1141,""val_pr_auc_parasitized"":0.984879253750655,""val_recall_parasitized"":0.850566037735849,""val_prediction_collapse"":0,""val_roc_auc_parasitized"":0.9879206664459892,""val_early_stopping_score"":0.8748641515290424,""val_checkpoint_policy_score"":0.850566037735849,""val_percent_pred_uninfected"":0.5763089491273673,""val_sensitivity_parasitized"":0.850566037735849,""val_percent_pred_parasitized"":0.42369105087263276,""val_prediction_collapse_detected"":0}",0.9693436026573181,0.25698769092559814,18,base,0.9729539752006531,0.8963814377784729,0.9877098798751831,0.9264202117919922,0.25871342420578003,0.9543064832687378,0.985335111618042,0.850566029548645,18,0.9567146897315979,0.9212774038314819,0.0002500000118743628,0.987730085849762,0.9897660818713451,0.9265480637550354,0.8963814377784729,0.8748641515292657,0.920166059803597,1552,1141,0.984879253750655,0.850566037735849,0,0.9879206664459892,0.8748641515290424,0.850566037735849,0.5763089491273673,0.850566037735849,0.42369105087263276,0
cc925f74-3535-40e0-9060-23a06cea8024,custom_cnn,sgd,Q06/Q11,train_execution_records,epoch,base,19,2026-10-02T18:34:42.502996+00:00,53121a53-6008-41a7-9cab-50452add4bb5,92,2026-10-02T18:34:42.505447+00:00,2026-10-02T18:31:45.297206+00:00,177.208241,2026-10-02T18:34:42.540770+00:00,2026-10-02T18:34:42.589208+00:00,0.048438,2026-10-02T18:34:42.620531+00:00,2026-10-02T18:34:47.543685+00:00,4.923154,"{""auc"":0.9699525833129883,""loss"":0.25556281208992004,""epoch"":19,""phase"":""base"",""pr_auc"":0.9738439321517944,""recall"":0.8971895575523376,""val_auc"":0.9893639087677002,""accuracy"":0.926330029964447,""val_loss"":0.2036246657371521,""precision"":0.9533441662788391,""val_pr_auc"":0.9864907264709473,""val_recall"":0.9162263870239258,""phase_epoch"":19,""specificity"":0.9557185769081116,""val_accuracy"":0.9468993544578552,""learning_rate"":0.0002500000118743628,""val_precision"":0.9743177890777588,""val_specificity"":0.9766081871345029,""balanced_accuracy"":0.9264540672302246,""recall_parasitized"":0.8971895575523376,""val_f2_parasitized"":0.9272838374579896,""val_balanced_accuracy"":0.9464173011144212,""val_n_pred_uninfected"":1447,""val_n_pred_parasitized"":1246,""val_pr_auc_parasitized"":0.9853447861528442,""val_recall_parasitized"":0.9162264150943397,""val_prediction_collapse"":0,""val_roc_auc_parasitized"":0.9892314906763764,""val_early_stopping_score"":0.9272838374577237,""val_checkpoint_policy_score"":0.9162264150943397,""val_percent_pred_uninfected"":0.5373189751206833,""val_sensitivity_parasitized"":0.9162264150943397,""val_percent_pred_parasitized"":0.4626810248793167,""val_prediction_collapse_detected"":0}",0.9699525833129883,0.25556281208992004,19,base,0.9738439321517944,0.8971895575523376,0.9893639087677002,0.926330029964447,0.2036246657371521,0.9533441662788391,0.9864907264709473,0.9162263870239258,19,0.9557185769081116,0.9468993544578552,0.0002500000118743628,0.9743177890777588,0.9766081871345029,0.9264540672302246,0.8971895575523376,0.9272838374579896,0.9464173011144212,1447,1246,0.9853447861528442,0.9162264150943397,0,0.9892314906763764,0.9272838374577237,0.9162264150943397,0.5373189751206833,0.9162264150943397,0.4626810248793167,0
cc925f74-3535-40e0-9060-23a06cea8024,custom_cnn,sgd,Q06/Q11,train_execution_records,epoch,base,20,2026-10-02T18:37:41.31396+00:00,ea3af72e-8731-4489-8201-a6f0be46d090,97,2026-10-02T18:37:41.316948+00:00,2026-10-02T18:34:42.505447+00:00,178.811501,2026-10-02T18:37:41.354465+00:00,2026-10-02T18:37:41.406141+00:00,0.051676,2026-10-02T18:37:41.440246+00:00,2026-10-02T18:37:46.166820+00:00,4.726574,"{""auc"":0.9702188372612,""loss"":0.25486618280410767,""epoch"":20,""phase"":""base"",""pr_auc"":0.973985493183136,""recall"":0.8980874419212341,""val_auc"":0.9891670346260071,""accuracy"":0.9265103936195374,""val_loss"":0.23640552163124084,""precision"":0.9528436660766602,""val_pr_auc"":0.9863262176513672,""val_recall"":0.8769811391830444,""phase_epoch"":20,""specificity"":0.9551752209663391,""val_accuracy"":0.9331600666046143,""learning_rate"":0.0002500000118743628,""val_precision"":0.9855809807777405,""val_specificity"":0.9875730994152047,""balanced_accuracy"":0.9266313314437866,""recall_parasitized"":0.8980874419212341,""val_f2_parasitized"":0.8967433245871277,""val_balanced_accuracy"":0.9322771157453382,""val_n_pred_uninfected"":1514,""val_n_pred_parasitized"":1179,""val_pr_auc_parasitized"":0.9855745746130132,""val_recall_parasitized"":0.8769811320754717,""val_prediction_collapse"":0,""val_roc_auc_parasitized"":0.9891939755047998,""val_early_stopping_score"":0.8967433245868873,""val_checkpoint_policy_score"":0.8769811320754717,""val_percent_pred_uninfected"":0.5621982918678055,""val_sensitivity_parasitized"":0.8769811320754717,""val_percent_pred_parasitized"":0.4378017081321946,""val_prediction_collapse_detected"":0}",0.9702188372612,0.25486618280410767,20,base,0.973985493183136,0.8980874419212341,0.9891670346260071,0.9265103936195374,0.23640552163124084,0.9528436660766602,0.9863262176513672,0.8769811391830444,20,0.9551752209663391,0.9331600666046143,0.0002500000118743628,0.9855809807777405,0.9875730994152047,0.9266313314437866,0.8980874419212341,0.8967433245871277,0.9322771157453382,1514,1179,0.9855745746130132,0.8769811320754717,0,0.9891939755047998,0.8967433245868873,0.8769811320754717,0.5621982918678055,0.8769811320754717,0.4378017081321946,0
cc925f74-3535-40e0-9060-23a06cea8024,custom_cnn,sgd,Q06/Q11,train_execution_records,epoch,base,21,2026-10-02T18:40:38.625187+00:00,e8eddc15-749f-4ee1-8463-c52a251bd91c,102,2026-10-02T18:40:38.629288+00:00,2026-10-02T18:37:41.316948+00:00,177.31234,2026-10-02T18:40:38.669383+00:00,2026-10-02T18:40:38.731596+00:00,0.062213,2026-10-02T18:40:38.771779+00:00,2026-10-02T18:40:43.552861+00:00,4.781082,"{""auc"":0.9710334539413452,""loss"":0.25241321325302124,""epoch"":21,""phase"":""base"",""pr_auc"":0.9742271900177002,""recall"":0.8997036814689636,""val_auc"":0.9890124797821045,""accuracy"":0.9275022745132446,""val_loss"":0.22227917611598969,""precision"":0.9532870054244995,""val_pr_auc"":0.9863466024398804,""val_recall"":0.8875471949577332,""phase_epoch"":21,""specificity"":0.9555374383926392,""val_accuracy"":0.9368733763694763,""learning_rate"":0.0002500000118743628,""val_precision"":0.9824561476707458,""val_specificity"":0.9846491228070176,""balanced_accuracy"":0.927620530128479,""recall_parasitized"":0.8997036814689636,""val_f2_parasitized"":0.9050330921963984,""val_balanced_accuracy"":0.9360981463091691,""val_n_pred_uninfected"":1496,""val_n_pred_parasitized"":1197,""val_pr_auc_parasitized"":0.9851896827442135,""val_recall_parasitized"":0.8875471698113208,""val_prediction_collapse"":0,""val_roc_auc_parasitized"":0.9887625510316673,""val_early_stopping_score"":0.9050330921961512,""val_checkpoint_policy_score"":0.8875471698113208,""val_percent_pred_uninfected"":0.5555142963238024,""val_sensitivity_parasitized"":0.8875471698113208,""val_percent_pred_parasitized"":0.44448570367619755,""val_prediction_collapse_detected"":0}",0.9710334539413452,0.25241321325302124,21,base,0.9742271900177002,0.8997036814689636,0.9890124797821045,0.9275022745132446,0.22227917611598969,0.9532870054244995,0.9863466024398804,0.8875471949577332,21,0.9555374383926392,0.9368733763694763,0.0002500000118743628,0.9824561476707458,0.9846491228070176,0.927620530128479,0.8997036814689636,0.9050330921963984,0.9360981463091691,1496,1197,0.9851896827442135,0.8875471698113208,0,0.9887625510316673,0.9050330921961512,0.8875471698113208,0.5555142963238024,0.8875471698113208,0.44448570367619755,0
cc925f74-3535-40e0-9060-23a06cea8024,custom_cnn,sgd,Q06/Q11,train_execution_records,epoch,base,22,2026-10-02T18:43:41.270015+00:00,1778364f-7bc6-49fc-a895-76f01bac80f1,107,2026-10-02T18:43:41.273656+00:00,2026-10-02T18:40:38.629288+00:00,182.644368,2026-10-02T18:43:41.309445+00:00,2026-10-02T18:43:41.360629+00:00,0.051184,2026-10-02T18:43:41.395202+00:00,2026-10-02T18:43:46.085375+00:00,4.690173,"{""auc"":0.9702459573745728,""loss"":0.2534444332122803,""epoch"":22,""phase"":""base"",""pr_auc"":0.974237322807312,""recall"":0.8967406153678894,""val_auc"":0.9884616136550903,""accuracy"":0.9265554547309875,""val_loss"":0.2443217784166336,""precision"":0.9542327523231506,""val_pr_auc"":0.9856051206588745,""val_recall"":0.8671697974205017,""phase_epoch"":22,""specificity"":0.9566240906715393,""val_accuracy"":0.9283326864242554,""learning_rate"":0.0002500000118743628,""val_precision"":0.9854202270507812,""val_specificity"":0.9875730994152047,""balanced_accuracy"":0.9266823530197144,""recall_parasitized"":0.8967406153678894,""val_f2_parasitized"":0.8884936591401176,""val_balanced_accuracy"":0.9273714553679797,""val_n_pred_uninfected"":1527,""val_n_pred_parasitized"":1166,""val_pr_auc_parasitized"":0.9854018508719627,""val_recall_parasitized"":0.8671698113207548,""val_prediction_collapse"":0,""val_roc_auc_parasitized"":0.9884938761999338,""val_early_stopping_score"":0.8884936591398838,""val_checkpoint_policy_score"":0.8671698113207548,""val_percent_pred_uninfected"":0.5670256219829187,""val_sensitivity_parasitized"":0.8671698113207548,""val_percent_pred_parasitized"":0.43297437801708133,""val_prediction_collapse_detected"":0}",0.9702459573745728,0.2534444332122803,22,base,0.974237322807312,0.8967406153678894,0.9884616136550903,0.9265554547309875,0.2443217784166336,0.9542327523231506,0.9856051206588745,0.8671697974205017,22,0.9566240906715393,0.9283326864242554,0.0002500000118743628,0.9854202270507812,0.9875730994152047,0.9266823530197144,0.8967406153678894,0.8884936591401176,0.9273714553679797,1527,1166,0.9854018508719627,0.8671698113207548,0,0.9884938761999338,0.8884936591398838,0.8671698113207548,0.5670256219829187,0.8671698113207548,0.43297437801708133,0
cc925f74-3535-40e0-9060-23a06cea8024,custom_cnn,sgd,Q06/Q11,train_execution_records,epoch,base,23,2026-10-02T18:46:33.776348+00:00,852635ea-0179-4a30-b74e-68bffae82860,112,2026-10-02T18:46:33.779553+00:00,2026-10-02T18:43:41.273656+00:00,172.505897,2026-10-02T18:46:33.821193+00:00,2026-10-02T18:46:33.875412+00:00,0.054219,2026-10-02T18:46:33.912842+00:00,2026-10-02T18:46:38.551510+00:00,4.638668,"{""auc"":0.9716249704360962,""loss"":0.24986256659030914,""epoch"":23,""phase"":""base"",""pr_auc"":0.975029468536377,""recall"":0.9006913900375366,""val_auc"":0.9891378879547119,""accuracy"":0.9288548231124878,""val_loss"":0.22118665277957916,""precision"":0.9550604820251465,""val_pr_auc"":0.9864010214805603,""val_recall"":0.8845282793045044,""phase_epoch"":23,""specificity"":0.9572579860687256,""val_accuracy"":0.9350166916847229,""learning_rate"":0.0001250000059371814,""val_precision"":0.981574535369873,""val_specificity"":0.9839181286549707,""balanced_accuracy"":0.9289746880531311,""recall_parasitized"":0.9006913900375366,""val_f2_parasitized"":0.9023714197720973,""val_balanced_accuracy"":0.9342232152708816,""val_n_pred_uninfected"":1499,""val_n_pred_parasitized"":1194,""val_pr_auc_parasitized"":0.9860283474324887,""val_recall_parasitized"":0.8845283018867924,""val_prediction_collapse"":0,""val_roc_auc_parasitized"":0.9891644598918682,""val_early_stopping_score"":0.9023714197718524,""val_checkpoint_policy_score"":0.8845283018867924,""val_percent_pred_uninfected"":0.5566282955811362,""val_sensitivity_parasitized"":0.8845283018867924,""val_percent_pred_parasitized"":0.4433717044188637,""val_prediction_collapse_detected"":0}",0.9716249704360962,0.24986256659030914,23,base,0.975029468536377,0.9006913900375366,0.9891378879547119,0.9288548231124878,0.22118665277957916,0.9550604820251465,0.9864010214805603,0.8845282793045044,23,0.9572579860687256,0.9350166916847229,0.0001250000059371814,0.981574535369873,0.9839181286549707,0.9289746880531311,0.9006913900375366,0.9023714197720973,0.9342232152708816,1499,1194,0.9860283474324887,0.8845283018867924,0,0.9891644598918682,0.9023714197718524,0.8845283018867924,0.5566282955811362,0.8845283018867924,0.4433717044188637,0
cc925f74-3535-40e0-9060-23a06cea8024,custom_cnn,sgd,Q06/Q11,train_execution_records,epoch,base,24,2026-10-02T18:49:24.190826+00:00,bc5ac461-d1cb-4f79-b092-6b1a2e9a4759,117,2026-10-02T18:49:24.194393+00:00,2026-10-02T18:46:33.779553+00:00,170.41484,2026-10-02T18:49:24.236363+00:00,2026-10-02T18:49:24.293415+00:00,0.057052,2026-10-02T18:49:24.327685+00:00,2026-10-02T18:49:28.912710+00:00,4.585025,"{""auc"":0.9717490673065186,""loss"":0.24920286238193512,""epoch"":24,""phase"":""base"",""pr_auc"":0.9750311374664307,""recall"":0.9024872183799744,""val_auc"":0.989351212978363,""accuracy"":0.9293507933616638,""val_loss"":0.2302931696176529,""precision"":0.9543296694755554,""val_pr_auc"":0.9865387678146362,""val_recall"":0.8792452812194824,""phase_epoch"":24,""specificity"":0.9564430117607117,""val_accuracy"":0.9335314035415649,""learning_rate"":0.0001250000059371814,""val_precision"":0.9839527010917664,""val_specificity"":0.9861111111111112,""balanced_accuracy"":0.929465115070343,""recall_parasitized"":0.9024872183799744,""val_f2_parasitized"":0.8983652066625539,""val_balanced_accuracy"":0.9326781970649896,""val_n_pred_uninfected"":1509,""val_n_pred_parasitized"":1184,""val_pr_auc_parasitized"":0.9862315574030072,""val_recall_parasitized"":0.879245283018868,""val_prediction_collapse"":0,""val_roc_auc_parasitized"":0.9893683107138915,""val_early_stopping_score"":0.8983652066623123,""val_checkpoint_policy_score"":0.879245283018868,""val_percent_pred_uninfected"":0.5603416264389157,""val_sensitivity_parasitized"":0.879245283018868,""val_percent_pred_parasitized"":0.4396583735610843,""val_prediction_collapse_detected"":0}",0.9717490673065186,0.24920286238193512,24,base,0.9750311374664307,0.9024872183799744,0.989351212978363,0.9293507933616638,0.2302931696176529,0.9543296694755554,0.9865387678146362,0.8792452812194824,24,0.9564430117607117,0.9335314035415649,0.0001250000059371814,0.9839527010917664,0.9861111111111112,0.929465115070343,0.9024872183799744,0.8983652066625539,0.9326781970649896,1509,1184,0.9862315574030072,0.879245283018868,0,0.9893683107138915,0.8983652066623123,0.879245283018868,0.5603416264389157,0.879245283018868,0.4396583735610843,0
cc925f74-3535-40e0-9060-23a06cea8024,custom_cnn,sgd,Q06/Q11,train_execution_records,epoch,base,25,2026-10-02T18:52:15.445254+00:00,9bf0d21a-7c31-4539-832a-2431fce0a67d,122,2026-10-02T18:52:15.448319+00:00,2026-10-02T18:49:24.194393+00:00,171.253926,2026-10-02T18:52:15.491337+00:00,2026-10-02T18:52:15.546230+00:00,0.054893,2026-10-02T18:52:15.579552+00:00,2026-10-02T18:52:20.149617+00:00,4.570065,"{""auc"":0.9710683226585388,""loss"":0.24899308383464813,""epoch"":25,""phase"":""base"",""pr_auc"":0.9749784469604492,""recall"":0.9016790986061096,""val_auc"":0.9889886975288391,""accuracy"":0.9301172494888306,""val_loss"":0.2228032797574997,""precision"":0.9566543102264404,""val_pr_auc"":0.9862338304519653,""val_recall"":0.8830188512802124,""phase_epoch"":25,""specificity"":0.9587974548339844,""val_accuracy"":0.9346453547477722,""learning_rate"":0.0001250000059371814,""val_precision"":0.982367753982544,""val_specificity"":0.9846491228070176,""balanced_accuracy"":0.9302382469177246,""recall_parasitized"":0.9016790986061096,""val_f2_parasitized"":0.9012478816823294,""val_balanced_accuracy"":0.9338339953657729,""val_n_pred_uninfected"":1502,""val_n_pred_parasitized"":1191,""val_pr_auc_parasitized"":0.9857888692489789,""val_recall_parasitized"":0.8830188679245283,""val_prediction_collapse"":0,""val_roc_auc_parasitized"":0.988966126006841,""val_early_stopping_score"":0.9012478816820854,""val_checkpoint_policy_score"":0.8830188679245283,""val_percent_pred_uninfected"":0.5577422948384702,""val_sensitivity_parasitized"":0.8830188679245283,""val_percent_pred_parasitized"":0.4422577051615299,""val_prediction_collapse_detected"":0}",0.9710683226585388,0.24899308383464813,25,base,0.9749784469604492,0.9016790986061096,0.9889886975288391,0.9301172494888306,0.2228032797574997,0.9566543102264404,0.9862338304519653,0.8830188512802124,25,0.9587974548339844,0.9346453547477722,0.0001250000059371814,0.982367753982544,0.9846491228070176,0.9302382469177246,0.9016790986061096,0.9012478816823294,0.9338339953657729,1502,1191,0.9857888692489789,0.8830188679245283,0,0.988966126006841,0.9012478816820854,0.8830188679245283,0.5577422948384702,0.8830188679245283,0.4422577051615299,0
cc925f74-3535-40e0-9060-23a06cea8024,custom_cnn,sgd,Q06/Q11,train_execution_records,epoch,base,26,2026-10-02T18:55:08.571509+00:00,32036aee-6d32-4539-9dd1-df6e8c71c62e,127,2026-10-02T18:55:08.574861+00:00,2026-10-02T18:52:15.448319+00:00,173.126542,2026-10-02T18:55:08.615585+00:00,2026-10-02T18:55:08.669320+00:00,0.053735,2026-10-02T18:55:08.702896+00:00,2026-10-02T18:55:13.331554+00:00,4.628658,"{""auc"":0.9731462597846985,""loss"":0.24478965997695923,""epoch"":26,""phase"":""base"",""pr_auc"":0.9763901233673096,""recall"":0.9027565717697144,""val_auc"":0.9892075657844543,""accuracy"":0.9294860363006592,""val_loss"":0.2075456827878952,""precision"":0.9543426632881165,""val_pr_auc"":0.9866198301315308,""val_recall"":0.9003773331642151,""phase_epoch"":26,""specificity"":0.9564430117607117,""val_accuracy"":0.9417006969451904,""learning_rate"":0.0001250000059371814,""val_precision"":0.9794745445251465,""val_specificity"":0.9817251461988304,""balanced_accuracy"":0.9295997619628906,""recall_parasitized"":0.9027565717697144,""val_f2_parasitized"":0.915158023933722,""val_balanced_accuracy"":0.9410512523446982,""val_n_pred_uninfected"":1475,""val_n_pred_parasitized"":1218,""val_pr_auc_parasitized"":0.9855872378794588,""val_recall_parasitized"":0.900377358490566,""val_prediction_collapse"":0,""val_roc_auc_parasitized"":0.9891377027474346,""val_early_stopping_score"":0.9151580239334666,""val_checkpoint_policy_score"":0.900377358490566,""val_percent_pred_uninfected"":0.5477163015224656,""val_sensitivity_parasitized"":0.900377358490566,""val_percent_pred_parasitized"":0.45228369847753436,""val_prediction_collapse_detected"":0}",0.9731462597846985,0.24478965997695923,26,base,0.9763901233673096,0.9027565717697144,0.9892075657844543,0.9294860363006592,0.2075456827878952,0.9543426632881165,0.9866198301315308,0.9003773331642151,26,0.9564430117607117,0.9417006969451904,0.0001250000059371814,0.9794745445251465,0.9817251461988304,0.9295997619628906,0.9027565717697144,0.915158023933722,0.9410512523446982,1475,1218,0.9855872378794588,0.900377358490566,0,0.9891377027474346,0.9151580239334666,0.900377358490566,0.5477163015224656,0.900377358490566,0.45228369847753436,0
cc925f74-3535-40e0-9060-23a06cea8024,custom_cnn,sgd,Q06/Q11,train_execution_records,epoch,base,27,2026-10-02T18:58:02.832462+00:00,9c67fe6e-431e-41eb-bb90-6171c4950822,132,2026-10-02T18:58:02.835337+00:00,2026-10-02T18:55:08.574861+00:00,174.260476,2026-10-02T18:58:02.875934+00:00,2026-10-02T18:58:02.933318+00:00,0.057384,2026-10-02T18:58:02.967421+00:00,2026-10-02T18:58:07.608061+00:00,4.64064,"{""auc"":0.9714903831481934,""loss"":0.25038382411003113,""epoch"":27,""phase"":""base"",""pr_auc"":0.9757462739944458,""recall"":0.8981772661209106,""val_auc"":0.9893302321434021,""accuracy"":0.9269612431526184,""val_loss"":0.22860389947891235,""precision"":0.9536657333374023,""val_pr_auc"":0.9866980910301208,""val_recall"":0.8792452812194824,""phase_epoch"":27,""specificity"":0.955990195274353,""val_accuracy"":0.9331600666046143,""learning_rate"":0.0000625000029685907,""val_precision"":0.9831223487854004,""val_specificity"":0.9853801169590644,""balanced_accuracy"":0.9270837306976318,""recall_parasitized"":0.8981772661209106,""val_f2_parasitized"":0.8982266769468004,""val_balanced_accuracy"":0.9323126999889662,""val_n_pred_uninfected"":1508,""val_n_pred_parasitized"":1185,""val_pr_auc_parasitized"":0.9863866594642874,""val_recall_parasitized"":0.879245283018868,""val_prediction_collapse"":0,""val_roc_auc_parasitized"":0.989327485380117,""val_early_stopping_score"":0.8982266769465588,""val_checkpoint_policy_score"":0.879245283018868,""val_percent_pred_uninfected"":0.5599702933531377,""val_sensitivity_parasitized"":0.879245283018868,""val_percent_pred_parasitized"":0.44002970664686225,""val_prediction_collapse_detected"":0}",0.9714903831481934,0.25038382411003113,27,base,0.9757462739944458,0.8981772661209106,0.9893302321434021,0.9269612431526184,0.22860389947891235,0.9536657333374023,0.9866980910301208,0.8792452812194824,27,0.955990195274353,0.9331600666046143,0.0000625000029685907,0.9831223487854004,0.9853801169590644,0.9270837306976318,0.8981772661209106,0.8982266769468004,0.9323126999889662,1508,1185,0.9863866594642874,0.879245283018868,0,0.989327485380117,0.8982266769465588,0.879245283018868,0.5599702933531377,0.879245283018868,0.44002970664686225,0
cc925f74-3535-40e0-9060-23a06cea8024,custom_cnn,sgd,Q06/Q11,train_execution_records,epoch,base,28,2026-10-02T19:00:58.672825+00:00,f2875734-70d5-43f1-b679-57db8a90ee46,137,2026-10-02T19:00:58.675239+00:00,2026-10-02T18:58:02.835337+00:00,175.839902,2026-10-02T19:00:58.714965+00:00,2026-10-02T19:00:58.767927+00:00,0.052962,2026-10-02T19:00:58.804938+00:00,2026-10-02T19:01:03.442958+00:00,4.63802,"{""auc"":0.9735372066497803,""loss"":0.24536998569965363,""epoch"":28,""phase"":""base"",""pr_auc"":0.9769006967544556,""recall"":0.8994343280792236,""val_auc"":0.9892311692237854,""accuracy"":0.9288097620010376,""val_loss"":0.22014546394348145,""precision"":0.9561855792999268,""val_pr_auc"":0.9864636063575745,""val_recall"":0.8852829933166504,""phase_epoch"":28,""specificity"":0.9584352374076843,""val_accuracy"":0.9357593655586243,""learning_rate"":0.0000625000029685907,""val_precision"":0.9824120402336121,""val_specificity"":0.9846491228070176,""balanced_accuracy"":0.9289348125457764,""recall_parasitized"":0.8994343280792236,""val_f2_parasitized"":0.9031413612565445,""val_balanced_accuracy"":0.934966070837471,""val_n_pred_uninfected"":1499,""val_n_pred_parasitized"":1194,""val_pr_auc_parasitized"":0.986001211243282,""val_recall_parasitized"":0.8852830188679245,""val_prediction_collapse"":0,""val_roc_auc_parasitized"":0.9892485931810661,""val_early_stopping_score"":0.9031413612562991,""val_checkpoint_policy_score"":0.8852830188679245,""val_percent_pred_uninfected"":0.5566282955811362,""val_sensitivity_parasitized"":0.8852830188679245,""val_percent_pred_parasitized"":0.4433717044188637,""val_prediction_collapse_detected"":0}",0.9735372066497803,0.24536998569965363,28,base,0.9769006967544556,0.8994343280792236,0.9892311692237854,0.9288097620010376,0.22014546394348145,0.9561855792999268,0.9864636063575745,0.8852829933166504,28,0.9584352374076843,0.9357593655586243,0.0000625000029685907,0.9824120402336121,0.9846491228070176,0.9289348125457764,0.8994343280792236,0.9031413612565445,0.934966070837471,1499,1194,0.986001211243282,0.8852830188679245,0,0.9892485931810661,0.9031413612562991,0.8852830188679245,0.5566282955811362,0.8852830188679245,0.4433717044188637,0
cc925f74-3535-40e0-9060-23a06cea8024,custom_cnn,sgd,Q06/Q11,train_execution_records,epoch,base,29,2026-10-02T19:03:52.828786+00:00,5f72bbf6-83a7-480b-840c-1d740b9319cd,142,2026-10-02T19:03:52.839877+00:00,2026-10-02T19:00:58.675239+00:00,174.164638,2026-10-02T19:03:52.878521+00:00,2026-10-02T19:03:52.931331+00:00,0.05281,2026-10-02T19:03:52.965116+00:00,2026-10-02T19:03:57.568325+00:00,4.603209,"{""auc"":0.9735299944877625,""loss"":0.2420719414949417,""epoch"":29,""phase"":""base"",""pr_auc"":0.9766591191291809,""recall"":0.9029361605644226,""val_auc"":0.9891510009765625,""accuracy"":0.9309287667274475,""val_loss"":0.22928950190544128,""precision"":0.9570762515068054,""val_pr_auc"":0.986458420753479,""val_recall"":0.8769811391830444,""phase_epoch"":29,""specificity"":0.9591596722602844,""val_accuracy"":0.9324173927307129,""learning_rate"":0.0000625000029685907,""val_precision"":0.98391193151474,""val_specificity"":0.9861111111111112,""balanced_accuracy"":0.9310479164123535,""recall_parasitized"":0.9029361605644226,""val_f2_parasitized"":0.8964665946613177,""val_balanced_accuracy"":0.9315461215932914,""val_n_pred_uninfected"":1512,""val_n_pred_parasitized"":1181,""val_pr_auc_parasitized"":0.9861360277848396,""val_recall_parasitized"":0.8769811320754717,""val_prediction_collapse"":0,""val_roc_auc_parasitized"":0.9891768730001103,""val_early_stopping_score"":0.8964665946610776,""val_checkpoint_policy_score"":0.8769811320754717,""val_percent_pred_uninfected"":0.5614556256962495,""val_sensitivity_parasitized"":0.8769811320754717,""val_percent_pred_parasitized"":0.4385443743037505,""val_prediction_collapse_detected"":0}",0.9735299944877625,0.2420719414949417,29,base,0.9766591191291809,0.9029361605644226,0.9891510009765625,0.9309287667274475,0.22928950190544128,0.9570762515068054,0.986458420753479,0.8769811391830444,29,0.9591596722602844,0.9324173927307129,0.0000625000029685907,0.98391193151474,0.9861111111111112,0.9310479164123535,0.9029361605644226,0.8964665946613177,0.9315461215932914,1512,1181,0.9861360277848396,0.8769811320754717,0,0.9891768730001103,0.8964665946610776,0.8769811320754717,0.5614556256962495,0.8769811320754717,0.4385443743037505,0
cc925f74-3535-40e0-9060-23a06cea8024,custom_cnn,sgd,Q06/Q11,train_execution_records,epoch,base,30,2026-10-02T19:06:44.358986+00:00,01afbd26-06c9-4778-964b-53dc038e0c0f,147,2026-10-02T19:06:44.362681+00:00,2026-10-02T19:03:52.839877+00:00,171.522804,2026-10-02T19:06:44.407887+00:00,2026-10-02T19:06:44.469834+00:00,0.061947,2026-10-02T19:06:44.509777+00:00,2026-10-02T19:06:49.432726+00:00,4.922949,"{""auc"":0.9738417863845825,""loss"":0.24409252405166626,""epoch"":30,""phase"":""base"",""pr_auc"":0.9768315553665161,""recall"":0.9024872183799744,""val_auc"":0.9892143607139587,""accuracy"":0.9301623106002808,""val_loss"":0.2173480987548828,""precision"":0.9559634923934937,""val_pr_auc"":0.9866050481796265,""val_recall"":0.8883019089698792,""phase_epoch"":30,""specificity"":0.9580729603767395,""val_accuracy"":0.9368733763694763,""learning_rate"":0.0000625000029685907,""val_precision"":0.9816513657569885,""val_specificity"":0.9839181286549707,""balanced_accuracy"":0.9302800893783569,""recall_parasitized"":0.9024872183799744,""val_f2_parasitized"":0.9055239267579628,""val_balanced_accuracy"":0.9361100077237118,""val_n_pred_uninfected"":1494,""val_n_pred_parasitized"":1199,""val_pr_auc_parasitized"":0.9861769874340938,""val_recall_parasitized"":0.8883018867924528,""val_prediction_collapse"":0,""val_roc_auc_parasitized"":0.9892916252896392,""val_early_stopping_score"":0.9055239267577152,""val_checkpoint_policy_score"":0.8883018867924528,""val_percent_pred_uninfected"":0.5547716301522466,""val_sensitivity_parasitized"":0.8883018867924528,""val_percent_pred_parasitized"":0.44522836984775344,""val_prediction_collapse_detected"":0}",0.9738417863845825,0.24409252405166626,30,base,0.9768315553665161,0.9024872183799744,0.9892143607139587,0.9301623106002808,0.2173480987548828,0.9559634923934937,0.9866050481796265,0.8883019089698792,30,0.9580729603767395,0.9368733763694763,0.0000625000029685907,0.9816513657569885,0.9839181286549707,0.9302800893783569,0.9024872183799744,0.9055239267579628,0.9361100077237118,1494,1199,0.9861769874340938,0.8883018867924528,0,0.9892916252896392,0.9055239267577152,0.8883018867924528,0.5547716301522466,0.8883018867924528,0.44522836984775344,0
cc925f74-3535-40e0-9060-23a06cea8024,custom_cnn,sgd,Q06/Q11,train_execution_records,epoch,base,31,2026-10-02T19:09:39.587223+00:00,d574b086-a4b4-4565-9c26-7b3b2c959070,152,2026-10-02T19:09:39.591181+00:00,2026-10-02T19:06:44.362681+00:00,175.2285,2026-10-02T19:09:39.635679+00:00,2026-10-02T19:09:39.694575+00:00,0.058896,2026-10-02T19:09:39.731270+00:00,2026-10-02T19:09:44.426662+00:00,4.695392,"{""auc"":0.9724081158638,""loss"":0.2483576536178589,""epoch"":31,""phase"":""base"",""pr_auc"":0.9755901098251343,""recall"":0.9009607434272766,""val_auc"":0.9892323017120361,""accuracy"":0.9278178811073303,""val_loss"":0.22896996140480042,""precision"":0.9527155160903931,""val_pr_auc"":0.9864495992660522,""val_recall"":0.8762264251708984,""phase_epoch"":31,""specificity"":0.9549035429954529,""val_accuracy"":0.9316747188568115,""learning_rate"":0.00003125000148429535,""val_precision"":0.9830651879310608,""val_specificity"":0.9853801169590644,""balanced_accuracy"":0.9279321432113647,""recall_parasitized"":0.9009607434272766,""val_f2_parasitized"":0.8956951087795093,""val_balanced_accuracy"":0.930803266026702,""val_n_pred_uninfected"":1512,""val_n_pred_parasitized"":1181,""val_pr_auc_parasitized"":0.9862018968946547,""val_recall_parasitized"":0.8762264150943396,""val_prediction_collapse"":0,""val_roc_auc_parasitized"":0.9892452830188678,""val_early_stopping_score"":0.8956951087792697,""val_checkpoint_policy_score"":0.8762264150943396,""val_percent_pred_uninfected"":0.5614556256962495,""val_sensitivity_parasitized"":0.8762264150943396,""val_percent_pred_parasitized"":0.4385443743037505,""val_prediction_collapse_detected"":0}",0.9724081158638,0.2483576536178589,31,base,0.9755901098251343,0.9009607434272766,0.9892323017120361,0.9278178811073303,0.22896996140480042,0.9527155160903931,0.9864495992660522,0.8762264251708984,31,0.9549035429954529,0.9316747188568115,0.00003125000148429535,0.9830651879310608,0.9853801169590644,0.9279321432113647,0.9009607434272766,0.8956951087795093,0.930803266026702,1512,1181,0.9862018968946547,0.8762264150943396,0,0.9892452830188678,0.8956951087792697,0.8762264150943396,0.5614556256962495,0.8762264150943396,0.4385443743037505,0
